965 27348
434 139976
627 147412
398 421921
239 626763
566 595889
727 1490000
782 970208
535 1070667
834 707687
273 170730
281 285908
582 75548
850 664628
127 724511
488 194488
484 51509
556 253802
863 132880
138 1479566
843 515113
189 573856
743 984249
597 252961
617 591145
244 31384
412 1582162
647 988469
21 188207
704 353480
334 1049176
286 406724
491 72777
376 2685795
787 757157
113 890157
46 1590486
283 635395
950 231147
439 4052818
780 340599
670 2160652
860 2759646
74 990838
430 820111
347 1498428
958 169314
305 3936209
555 1359939
52 197358
244 540135
19 259166
93 1204830
534 2029100
465 1193983
25 678533
473 1372994
644 247717
440 1629012
91 816751
693 3100076
509 1323349
202 2321906
563 2019199
345 310423
373 202376
808 493524
434 524737
208 1304034
373 57770
189 252089
513 163410
2 2838473
575 1767246
194 422411
232 133014
392 807474
389 101316
119 97372
355 780453
116 1408074
608 994250
308 4214043
35 1613454
282 514390
177 700902
6 8558361
460 236935
149 459844
131 1855509
465 224549
853 1288236
169 286548
693 1651574
393 1355841
806 2620816
800 226760
760 568724
334 1149720
25 406514
748 324380
46 1287487
551 92025
124 13863
308 578958
131 1145942
509 156391
914 744217
50 1757706
940 743394
116 2076389
824 492565
741 1164225
780 1813299
513 1732490
929 594865
898 2502597
169 547223
288 2232087
913 53493
829 275059
427 453141
938 57338
734 1349613
168 1342737
239 981511
273 1501246
568 1137310
236 149129
430 1423691
240 319222
829 810395
914 1003075
602 119659
850 1567856
852 967211
264 2626587
178 854129
11 255415
637 28330
109 203258
942 158105
952 4489420
670 2332326
232 40479
931 492874
208 510236
449 1348452
273 58225
759 463284
98 82388
131 218975
190 820844
334 1074105
776 1864659
397 43160
657 639332
410 648938
941 2629461
898 852323
124 2864867
397 337458
410 511752
754 1499018
283 2600799
170 23595
814 237530
356 3460375
852 146829
829 1001481
84 1133408
392 815296
733 274064
789 2196798
905 360716
288 327167
679 255467
399 211004
333 1242429
28 218876
82 504994
314 1398189
806 1303210
509 143354
507 3712227
190 103098
799 370694
610 2508221
809 386123
593 469844
940 1222910
910 68155
104 900518
388 281581
683 865328
406 1137871
930 238618
277 669077
501 3089450
825 18854
267 3113863
897 2602660
881 2439696
69 779111
254 5212384
311 1272473
195 1333676
430 65183
183 14593
578 479067
131 753008
722 1177369
647 239491
7 3286163
163 5007233
185 413714
126 1766337
201 172152
180 351557
483 520976
335 743324
551 535451
50 649817
274 224542
195 331306
189 1047395
48 2049740
897 609343
281 1071708
774 1250315
162 421554
676 378790
881 616303
535 207803
443 286009
572 1989579
333 1641090
7 203119
733 1870508
69 695227
914 1246821
93 2853954
92 1151306
426 334570
468 781135
141 2023282
91 427056
271 565119
455 38194
741 1138882
449 3566778
305 394146
642 108684
308 980211
307 871337
666 192535
306 988036
730 553310
704 283809
613 226670
785 832763
178 193216
263 1668021
128 1692438
426 2170401
278 2600659
10 553035
764 1281293
52 1012928
862 1531976
442 304624
555 1161701
439 214309
300 791215
878 457264
393 273749
805 798740
455 334598
908 9348
604 34446
851 1276048
264 1169794
898 883381
866 838622
666 616481
542 49224
667 1972805
654 2667699
767 1637963
225 2163479
884 168176
373 3531146
446 89869
906 887011
748 186962
529 315094
106 213162
538 1744667
308 1943430
647 2109956
180 41392
684 299699
298 1926959
515 614939
353 589833
243 28951
209 154662
607 1396938
0 215114
225 162692
311 454207
866 482360
531 367775
312 1069073
180 1851817
484 184708
608 1081856
406 216301
91 11261
300 433055
566 2342808
337 1427862
796 2370944
394 788301
855 1059715
333 678048
244 300093
562 2799815
288 3618288
264 1156991
648 1871939
509 2700349
69 593253
509 2235005
779 1360088
243 901073
587 9812
61 780628
666 1024602
6 1081978
171 183933
381 166744
359 1907539
253 827070
759 864060
562 429352
689 788106
764 358197
636 676886
202 400523
860 1984569
881 226839
963 2253974
84 1029146
554 327957
531 1255075
10 684106
802 265182
487 460968
308 203557
754 1980570
359 2674559
348 124340
624 1130
731 2721054
335 1807521
597 337098
799 1723561
900 153774
189 677909
441 1062570
592 308950
550 362070
788 495458
804 361208
39 400294
688 301105
858 2592845
830 638111
337 363942
958 7968
943 1290747
535 225568
930 2712898
353 215808
699 2594905
288 162936
818 578574
627 1707420
298 124967
189 962800
834 1307400
25 1192362
332 310549
666 1607773
239 126878
704 257903
126 73331
907 1243611
213 2632428
128 929631
334 1604061
419 2002395
528 815868
664 177538
631 329100
104 628241
61 785025
492 490035
543 295165
624 58796
82 69163
267 1560891
439 3292262
806 2414266
243 1624467
125 575840
450 2502232
593 520296
47 2787051
258 1599737
762 1922927
137 472195
1 544981
878 858160
862 1913589
308 1829744
501 1853561
206 299615
183 420283
958 14993
329 459641
367 1075571
84 167058
693 286579
369 1071177
178 201312
130 1190547
168 712074
359 301889
483 1704294
911 5374
418 2404636
624 286668
632 150241
97 2645691
542 902532
39 79330
847 845498
389 2109354
578 2106805
334 536542
799 1140041
480 41257
27 1165074
515 1174003
911 433653
82 534265
627 173334
278 2943308
42 918823
296 652721
82 2725778
623 409355
900 1141189
308 2062595
216 1933284
649 664315
515 23928
416 3795566
71 1620821
396 671871
485 227592
74 597021
788 652155
485 2255780
708 1152957
406 2901502
733 1524718
746 416158
658 42171
54 2902767
897 795791
556 63762
455 182925
664 315600
229 406783
343 1794755
106 3671
73 2851675
908 98685
427 152357
562 2759987
335 514261
371 678363
408 579627
190 767205
686 893082
627 547582
568 463357
643 1856806
913 1088923
613 2468675
283 275056
952 1482595
588 880572
710 404559
562 111247
465 163024
305 211314
741 19007
25 5304566
759 1599053
556 4302179
40 1164103
273 843843
814 219190
89 1586238
198 141635
102 1080551
748 140677
405 1495905
881 290433
71 609354
515 139759
599 2485125
896 1172139
22 41154
179 2441456
389 1467679
227 165731
866 206305
700 161402
117 195487
127 2852398
82 70083
491 938228
110 1024740
520 3637923
942 307893
364 1113168
632 2991936
404 5175252
425 2284745
71 129883
676 96412
426 1419569
855 58256
337 730321
741 1965623
169 1425478
344 59633
281 990527
117 5327
355 210107
693 835997
273 40340
54 472782
234 116151
190 737477
587 1034784
267 1093414
125 407209
664 1185996
488 56123
186 2002039
61 297723
40 71500
649 361838
407 1809078
233 529409
724 9322
850 2123263
163 747710
917 240390
61 1950405
110 32439
825 442212
556 1108950
188 338004
373 1733313
739 1454248
225 878108
381 1856769
408 11569
391 578689
830 757332
823 1193410
264 623215
276 261430
124 97295
684 315215
629 1241393
465 714054
244 2542074
260 368393
829 924831
253 1287264
647 3755494
96 42318
508 1126832
334 443948
67 610703
513 21415
441 391194
775 659698
223 304724
273 2019754
913 723464
782 1073866
578 103266
788 918277
363 2419102
195 1193367
494 761556
185 436691
943 214764
296 1102157
169 586573
861 3240286
866 262447
434 74157
607 1417083
7 5677424
797 235160
54 1250546
876 325239
282 18579
582 505372
104 558402
72 563191
563 165327
508 33191
647 484207
633 870746
314 4424156
465 282469
47 368936
240 27411
126 2106426
131 2742523
430 18334
507 6493414
624 39727
109 1130350
741 2829249
930 149613
556 93474
440 1905894
216 179285
778 320635
60 857784
190 1240329
138 1746694
610 463979
661 298475
170 2798561
222 984445
116 700646
675 154245
214 2079931
723 122044
943 599257
189 2467309
195 2210251
760 1407374
72 1651721
511 913214
647 1565169
340 239431
422 951762
555 504496
911 1055066
439 2835456
950 333133
900 935222
393 2720241
352 732697
190 2183313
809 231115
878 2152894
295 198879
206 978438
308 319842
722 1516198
389 278428
385 234804
75 700259
179 3198630
820 991949
734 1058905
668 1572106
75 2366177
180 2259510
377 354221
314 5135465
28 115179
511 1153633
349 672463
643 637633
796 474329
890 1644060
72 3165111
866 1081432
465 341279
550 10162
862 3099366
798 596423
48 2541163
914 1440844
611 438940
501 2058238
282 225116
955 947220
490 564521
812 2859877
439 520858
688 293135
60 355063
609 1843421
904 743162
269 723786
244 7099994
746 955697
33 829713
411 2164380
626 307204
660 113918
737 1486423
27 17035
611 149182
906 396508
562 241651
743 368198
300 373683
562 918081
935 684880
593 1807953
689 1187585
491 453739
882 2118925
515 506327
809 384084
236 606579
542 393195
699 63543
788 872300
861 1449403
82 334618
487 1159160
747 1146369
602 1376255
948 1365727
500 334605
116 1411422
522 263759
568 2250575
8 372119
914 279528
308 253142
281 93644
333 478422
588 63000
603 4496327
647 2309833
534 373069
426 114390
183 1002286
934 2250795
737 605738
704 358500
473 467140
128 5896875
444 860572
871 139617
171 8552692
692 1710844
99 22270
332 1644376
881 332730
847 399854
449 294646
195 107230
879 136677
100 464311
940 708627
231 4498225
314 427448
308 1632049
897 833156
397 40359
818 94239
421 1397693
443 184743
287 87196
189 117268
82 472666
588 308988
758 227973
575 672474
163 297756
496 257394
224 1673674
770 102572
282 1413645
190 456857
930 527464
256 1054367
590 2364398
109 769789
390 931325
505 658100
291 1216018
135 272268
784 7555
25 2195429
8 718467
57 1202380
355 1700236
741 801814
190 856212
322 1604558
938 658589
545 2558328
788 68121
305 1571394
389 708252
20 4011789
624 2731030
748 15122
426 1510486
948 3337752
952 319781
1 574471
767 504568
758 20871
67 318163
315 437037
45 1563603
621 491947
716 1194108
582 1835550
620 982988
746 1864126
529 849187
647 558241
368 75165
888 271608
940 293687
281 754387
748 2324165
23 689232
556 265854
458 530888
674 41187
214 41609
96 430645
334 5262548
663 4267343
241 153312
881 328231
914 1049544
806 146952
492 2100
207 617930
288 2948449
273 646898
22 712672
54 1132884
308 2892735
938 144131
468 296585
579 228280
282 66959
9 117662
358 2170875
272 774588
334 1806125
159 80854
295 4127495
190 111963
406 559271
909 203730
652 1682475
575 395735
231 2452950
420 1494612
362 232099
426 1448160
578 4746991
426 1333848
603 659986
69 1585941
619 362028
215 83998
50 1745554
958 621872
169 1476508
82 152032
127 139262
21 843527
441 1461609
619 772427
499 491438
806 1899548
233 1055747
575 1135368
418 1198662
316 1609949
546 518378
904 484516
308 3035876
518 419943
878 67478
607 1829684
671 668933
917 771598
236 95342
678 1427269
639 585378
131 960579
808 896345
126 270885
902 938761
546 215921
717 137059
258 172139
841 751733
566 1102639
509 33975
871 1524074
703 441656
394 2570432
730 3925385
924 1018948
190 46292
345 2667666
457 1414956
600 163723
155 57877
556 496384
763 1415654
780 36849
99 670117
891 790676
326 1516500
769 419550
733 362732
47 1450215
97 1064811
828 2318040
131 582601
264 2012575
232 311682
291 151716
212 70839
276 2154663
31 94163
668 1162621
149 106841
783 1432811
922 864613
831 1069889
337 990382
780 381391
784 471444
662 755
533 383
944 370
750 194
563 661
218 384
40 714
51 153
928 829
724 748
359 223
849 599
887 628
758 244
825 954
366 949
103 834
722 714
101 454
783 223
567 801
386 702
415 659
324 219
920 377
372 82
889 80
370 594
41 739
241 942
894 497
635 192
886 788
356 383
928 115
949 886
308 690
553 390
97 725
657 694
99 929
86 186
503 500
181 104
217 626
236 497
817 101
743 474
778 564
624 694
126 640
425 380
529 167
806 214
498 694
691 256
612 573
906 629
252 224
632 613
729 522
211 891
578 811
736 415
324 467
821 673
545 915
441 709
289 156
452 903
427 355
951 110
849 491
337 31
728 109
45 873
607 827
493 56
628 9
459 334
3 755
809 450
474 222
399 193
445 472
611 913
554 882
840 372
332 95
895 710
7 459
75 2
797 242
783 566
101 465
315 432
102 168
518 784
193 531
438 556
860 274
522 367
217 71
772 775
544 218
376 77
404 143
543 327
690 695
106 249
370 484
709 309
339 624
547 372
153 243
922 141
138 336
30 744
195 255
628 678
632 930
545 601
213 221
332 351
116 909
916 927
788 483
414 883
439 467
138 358
474 74
565 146
479 813
676 116
899 365
819 526
386 750
502 425
718 230
709 201
732 128
619 198
84 521
704 350
300 798
829 385
474 293
79 370
844 47
436 58
117 702
594 177
930 129
292 417
695 103
181 180
458 421
279 873
178 872
481 400
160 423
863 131
518 432
768 330
858 75
890 351
196 537
867 285
554 220
460 25
241 405
726 923
387 352
164 816
692 67
557 254
552 251
140 335
117 54
704 200
212 513
550 772
129 110
116 139
809 368
856 68
207 852
388 154
30 509
460 660
887 50
944 920
658 864
813 680
715 426
324 186
470 233
369 924
186 906
694 52
215 552
236 935
413 445
666 921
757 624
473 904
684 422
542 670
82 207
575 338
704 157
128 724
695 709
392 411
710 485
268 658
369 161
80 15
173 608
658 959
694 726
587 621
224 642
83 914
424 103
1 395
783 341
401 508
209 37
126 557
681 422
52 571
170 687
669 289
222 515
591 584
161 504
351 77
197 687
928 645
325 562
87 834
440 621
579 668
106 741
677 8
167 895
925 469
841 35
5 560
669 690
599 747
92 526
792 501
343 323
844 546
327 179
216 133
841 68
103 548
242 531
89 461
484 341
111 45
332 57
856 871
762 704
859 791
215 899
721 131
548 228
359 182
158 685
235 468
601 946
69 477
677 481
264 524
144 727
938 496
345 269
600 322
152 323
836 854
135 521
657 572
816 360
45 378
652 648
148 26
718 737
722 256
226 349
185 780
110 595
480 738
633 917
683 934
659 51
484 394
911 402
582 435
396 497
501 17
641 136
433 960
118 821
195 815
513 272
687 906
375 12
238 1
90 196
707 355
327 896
122 350
143 213
715 460
416 138
69 644
643 717
962 50
385 875
649 415
269 845
875 786
29 445
609 956
558 305
466 49
945 142
588 296
275 59
62 925
528 724
64 44
355 303
614 610
510 706
437 848
730 622
8 236
422 779
40 483
67 711
300 848
162 766
620 706
321 552
457 12
561 97
638 466
899 11
50 659
784 264
610 221
482 497
52 746
48 47
944 116
135 961
443 755
546 282
535 734
250 84
789 282
701 840
18 27
169 929
90 229
263 780
647 107
355 489
777 763
667 289
317 234
223 212
495 262
53 111
394 137
717 574
192 268
400 499
843 788
399 83
363 542
394 688
53 615
199 189
604 350
568 84
519 761
111 16
936 240
242 45
918 174
529 388
114 676
676 342
612 8
504 355
585 465
480 31
375 552
631 789
476 312
180 317
788 438
764 556
237 493
405 2
774 750
917 6
174 355
883 296
792 915
759 809
777 341
147 285
147 875
589 767
524 663
539 467
738 242
843 253
659 418
414 600
917 288
649 865
706 464
33 44
116 496
937 43
840 955
913 471
313 96
754 274
215 853
703 325
624 93
16 950
74 669
949 25
330 198
953 750
152 882
496 241
594 925
865 566
334 157
76 857
197 490
407 698
956 623
293 196
565 965
846 145
44 250
931 547
380 573
345 134
798 237
832 13
604 592
574 33
281 20
832 640
87 894
641 379
175 532
236 245
297 570
563 130
445 221
811 323
429 622
206 86
657 752
656 389
362 453
308 942
817 413
506 799
699 21
627 782
193 949
877 257
617 638
39 215
718 409
192 63
213 97
936 472
694 568
821 116
536 292
889 896
733 54
28 480
579 835
678 701
404 926
366 275
818 101
740 182
809 91
653 938
254 174
426 675
647 802
305 906
812 959
203 122
276 451
865 878
208 285
570 180
493 104
812 754
3 589
465 471
754 32
48 894
190 557
832 235
213 953
253 542
133 420
950 94
496 252
730 181
869 15
501 821
600 112
211 382
129 87
22 835
551 48
190 672
429 297
87 525
69 774
784 269
713 535
469 949
334 480
60 661
506 344
851 828
415 158
958 184
603 242
576 873
911 539
65 313
953 863
191 26
951 948
775 430
836 813
228 507
239 180
409 12
274 455
270 163
698 951
326 759
694 65
848 947
42 526
29 258
26 188
380 628
853 443
759 866
204 12
438 490
489 463
206 164
195 742
501 184
274 317
379 652
714 115
585 190
131 268
573 34
286 169
311 739
198 179
935 749
497 905
722 131
868 248
527 844
640 31
765 45
394 161
779 38
768 639
794 798
246 494
849 453
118 560
395 630
392 831
210 795
450 653
481 959
186 338
474 236
250 352
361 497
815 328
433 899
822 704
944 899
906 409
247 550
358 562
328 189
118 926
722 670
248 601
702 50
13 865
536 705
763 755
208 835
547 331
959 591
293 381
403 831
444 97
842 548
627 588
308 596
115 677
64 484
406 94
105 11
556 343
399 900
455 519
960 121
151 394
389 858
102 648
811 146
207 335
879 926
673 140
70 573
238 909
453 540
751 120
707 302
840 569
605 7
901 99
120 743
578 364
458 444
533 314
926 868
290 555
563 503
183 887
170 236
170 789
275 769
395 397
82 886
868 143
142 141
707 662
456 591
286 597
345 836
675 389
799 435
31 492
145 590
66 702
346 449
14 212
886 951
311 961
558 648
910 717
516 937
448 84
769 579
929 250
262 857
535 73
542 801
8 87
15 735
927 114
5 353
566 434
815 10
303 489
752 313
582 850
149 351
318 244
409 283
488 186
460 611
789 10
944 876
40 901
222 220
667 658
176 556
301 787
780 522
23 161
325 34
186 636
385 827
267 470
476 962
533 403
525 777
492 459
433 319
731 326
939 736
251 456
943 870
135 720
173 127
14 26
409 553
479 737
733 346
111 900
553 886
237 134
699 23
376 793
319 304
879 532
707 451
293 229
667 320
651 179
891 493
567 902
143 345
126 760
159 490
937 552
779 603
872 827
237 883
538 914
860 927
313 800
675 543
761 594
618 434
134 256
595 322
595 829
155 738
112 119
743 211
112 101
435 162
3 941
901 408
864 357
522 52
14 262
13 744
610 465
49 376
780 221
705 560
837 894
756 525
945 335
78 369
58 210
514 847
495 710
58 802
508 478
334 477
889 86
446 468
304 591
448 394
594 369
706 826
445 312
664 312
663 192
456 688
567 783
287 467
779 185
325 863
418 144
149 945
148 671
211 296
582 561
844 289
917 768
223 658
361 266
112 390
686 726
664 74
529 146
199 595
864 415
903 686
748 243
645 762
550 936
853 752
160 429
416 238
438 115
415 866
504 535
311 612
888 462
296 23
273 486
854 199
230 686
757 721
891 812
72 347
959 622
206 28
884 516
311 584
271 572
785 19
639 172
887 32
160 346
521 105
433 504
274 735
735 191
224 779
93 604
745 182
886 902
750 571
894 662
929 713
15 562
827 848
387 678
10 888
476 590
859 823
466 34
76 309
255 930
965 411
16 11
313 556
385 920
221 561
308 832
487 214
402 845
475 78
12 911
808 606
196 665
307 145
621 751
85 40
298 257
254 48
731 830
1 840
514 436
939 351
384 545
559 595
578 799
205 622
304 400
206 145
426 741
59 965
535 776
40 393
35 317
657 479
700 50
690 351
385 370
505 647
901 190
164 843
277 556
464 951
783 889
201 871
543 843
547 964
369 387
465 346
580 857
106 649
628 550
249 685
217 385
636 659
772 611
60 627
281 372
936 81
25 96
739 226
899 254
908 270
293 751
419 89
632 187
464 13
256 734
7 80
556 525
353 358
465 437
48 754
180 509
204 293
810 910
413 274
355 944
80 615
153 196
719 710
412 189
733 626
435 194
402 250
154 84
831 323
439 792
49 153
855 502
754 357
656 704
374 746
625 225
338 66
606 790
627 516
447 669
950 849
487 86
620 261
171 891
485 848
734 743
804 380
298 916
260 455
885 766
857 767
125 856
577 941
741 196
371 784
86 567
28 924
918 50
435 692
580 53
801 497
557 887
345 301
538 801
292 261
526 228
161 553
790 258
651 166
179 714
474 416
251 786
842 713
335 674
874 502
20 748
799 751
541 847
532 699
645 346
190 249
772 443
805 144
151 905
135 678
548 475
755 528
937 790
389 369
144 762
581 494
119 198
338 508
405 409
258 530
826 336
102 403
736 46
892 949
139 931
919 641
884 575
894 391
374 154
788 326
106 88
333 747
263 91
79 926
780 465
130 310
822 387
847 880
369 962
823 111
211 419
456 795
867 739
290 175
723 684
747 624
374 670
165 735
1 962
71 31
916 579
502 555
531 946
381 579
511 747
876 47
698 515
489 841
240 500
668 413
445 724
852 960
87 443
530 654
215 248
94 124
46 775
101 710
488 134
897 807
233 145
945 29
764 771
545 668
511 352
429 699
366 239
766 589
241 573
345 161
792 678
487 495
817 267
627 691
656 909
326 15
829 802
679 239
179 574
246 180
533 687
851 276
944 84
817 292
537 595
282 840
916 691
447 66
855 638
400 578
281 137
881 486
744 666
710 748
501 297
66 740
271 159
84 573
478 943
730 268
832 536
289 102
209 878
57 160
900 924
443 681
854 32
9 235
953 475
128 333
784 73
386 407
766 61
348 597
550 618
697 465
824 957
293 952
140 16
506 848
778 422
490 894
965 6
534 638
626 841
118 207
577 855
875 199
860 790
35 583
68 26
388 569
521 78
413 830
145 610
497 881
318 41
592 462
905 181
414 837
58 310
849 890
65 751
279 62
72 486
447 887
112 373
683 737
144 496
87 638
518 179
843 227
797 113
592 729
109 288
108 316
230 163
457 120
637 768
506 125
266 531
382 531
357 728
85 374
486 153
268 659
907 622
491 546
728 859
936 408
9 748
905 613
840 405
563 556
607 964
480 863
741 385
300 11
322 59
698 457
643 459
130 190
118 684
723 910
837 101
937 723
489 474
610 231
865 767
405 890
896 915
960 664
889 246
234 645
477 195
464 251
608 215
961 625
646 220
860 890
206 796
773 836
474 768
185 603
902 515
324 279
81 451
514 45
579 685
631 334
173 918
545 194
610 89
257 578
78 532
818 389
308 234
269 917
30 605
119 252
704 546
664 711
670 697
504 90
557 274
535 711
120 491
453 799
932 179
493 858
729 803
66 244
763 957
224 267
852 645
943 16
940 764
39 871
334 402
871 176
570 249
679 842
106 545
383 41
528 230
799 558
179 314
734 135
498 360
347 335
941 749
491 732
707 678
814 819
726 113
107 669
314 53
856 362
291 400
786 712
26 742
489 318
951 792
152 692
826 759
940 630
204 69
580 874
91 371
60 502
500 167
32 739
168 715
924 680
823 225
725 144
725 770
306 624
216 289
350 302
196 780
869 336
950 199
901 523
481 756
18 513
624 696
407 752
676 560
756 368
919 83
84 294
695 178
310 720
196 661
483 362
328 887
202 67
376 504
639 612
667 941
74 887
190 898
363 838
591 890
726 543
133 780
2 710
950 234
162 620
22 202
780 601
930 963
586 409
948 418
669 160
529 576
241 237
346 460
596 273
99 325
882 194
827 163
64 20
714 897
488 308
482 780
556 63
400 646
141 504
18 470
452 553
370 9
354 154
36 838
726 115
95 671
348 654
342 557
471 926
644 381
278 74
401 492
861 827
430 365
930 576
350 268
717 702
736 228
690 929
667 519
622 598
387 703
158 707
688 595
852 643
290 941
346 201
473 921
570 249
414 812
110 46
852 444
395 270
765 429
850 57
540 29
723 443
474 462
840 686
402 626
344 268
278 739
750 659
401 642
214 760
352 733
444 906
722 595
186 49
60 408
584 607
536 799
9 120
924 340
751 101
225 60
841 275
942 516
768 745
774 314
179 387
70 658
608 367
54 586
372 687
955 606
458 384
433 551
524 575
293 236
711 936
52 838
223 157
636 553
16 718
287 612
268 912
454 205
370 914
214 541
161 79
748 669
210 609
380 397
763 119
323 687
8 69
306 213
339 417
183 751
717 621
842 61
477 126
451 657
454 784
718 581
668 612
795 679
750 597
640 944
801 675
428 514
343 690
294 937
677 330
441 154
349 305
697 163
705 861
641 427
59 903
619 77
117 721
731 57
468 160
201 768
518 328
759 478
865 950
953 420
214 166
253 721
444 684
594 683
924 6
799 231
961 174
104 780
401 780
236 121
300 18
475 823
79 183
864 554
649 109
530 318
615 415
558 477
55 303
207 280
430 27
432 937
354 334
947 211
20 67
454 693
609 906
342 58
32 418
348 224
150 600
328 472
22 863
290 247
232 888
348 416
457 883
155 132
476 368
625 912
773 104
100 634
722 469
104 294
655 765
860 964
718 63
815 420
383 495
948 318
361 928
811 585
965 252
849 465
453 881
159 152
685 667
706 343
162 839
296 232
766 208
788 720
200 346
900 196
544 241
943 734
485 61
847 257
711 96
202 22
381 276
532 771
237 877
329 84
858 762
433 370
116 2
270 223
417 372
687 389
22 919
161 948
276 290
481 543
315 114
277 892
204 684
161 138
333 449
292 166
98 378
749 407
905 671
82 253
913 274
263 128
399 178
295 316
238 402
192 181
152 714
883 743
837 287
707 728
40 955
720 822
812 889
404 646
446 874
341 573
653 898
777 21
413 56
413 204
504 222
701 614
400 769
94 671
452 661
702 746
134 631
212 756
833 911
627 456
307 941
555 714
557 887
907 161
504 55
694 949
574 910
170 76
271 423
772 701
445 297
750 301
243 461
70 763
741 5
733 875
796 718
480 69
700 794
77 625
939 24
731 737
650 104
222 900
893 476
529 956
596 712
656 928
870 875
941 642
741 242
575 296
47 725
318 125
415 168
427 470
905 359
565 785
479 536
950 380
604 17
489 726
185 824
162 254
248 296
955 395
323 151
683 816
235 397
501 313
562 621
512 516
648 379
17 310
963 31
149 545
294 706
651 529
755 820
644 307
939 372
539 706
589 890
837 779
672 5
785 652
925 389
330 53
827 188
375 612
160 617
353 631
854 500
54 938
919 580
297 77
280 163
378 763
610 739
664 354
694 67
517 271
402 527
739 820
297 418
247 320
812 800
798 603
471 36
83 951
597 486
516 792
227 929
931 789
942 112
73 876
670 812
185 230
606 75
323 213
870 612
195 146
596 600
525 240
386 426
576 146
580 886
867 420
71 73
417 563
182 555
718 895
382 10
354 624
184 89
372 154
265 546
34 609
239 579
139 301
434 636
154 120
573 738
334 99
930 683
55 847
82 481
170 664
594 867
638 626
164 960
392 477
821 99
496 458
559 486
167 267
911 253
150 98
768 71
714 85
862 642
559 372
254 693
255 359
573 364
236 319
947 35
915 72
573 111
557 236
518 368
807 777
157 800
327 439
849 39
740 119
243 250
502 832
52 288
821 881
232 891
550 76
831 461
852 122
570 632
709 935
20 664
617 10
764 229
501 441
172 554
79 11
783 114
898 218
460 328
638 294
795 426
55 813
928 42
434 754
776 77
600 12
493 606
872 888
195 962
472 235
873 444
155 350
207 9
546 244
611 842
569 791
343 111
678 105
178 757
336 90
331 277
941 840
494 59
405 231
541 706
575 157
208 934
762 484
638 640
182 957
884 702
784 228
843 620
7 198
843 633
74 848
315 385
100 653
905 120
285 72
842 468
842 113
745 207
769 680
569 488
9 960
407 813
823 293
17 801
118 417
849 261
39 598
294 91
202 180
648 693
117 343
830 313
881 110
700 954
770 242
858 209
569 524
255 130
413 644
860 534
64 342
409 339
80 924
458 844
33 93
74 147
354 776
556 510
117 169
352 203
450 775
257 918
61 426
945 822
927 190
402 462
253 239
604 676
630 770
878 653
62 271
687 541
93 404
889 812
240 9
233 10
798 217
543 493
535 424
531 711
188 866
726 477
510 408
776 126
360 140
952 737
632 421
245 125
288 805
736 154
265 607
713 353
465 338
709 912
678 494
546 374
56 528
927 899
915 472
113 451
61 324
569 41
878 732
350 643
549 536
753 617
102 597
875 289
25 330
450 294
255 86
377 39
896 870
731 151
958 538
264 102
91 75
211 234
199 638
409 181
878 273
544 123
571 228
89 156
259 659
246 523
310 932
225 484
673 130
704 326
787 582
26 635
180 125
650 565
65 200
384 183
352 12
125 139
320 884
68 734
192 153
245 204
491 703
174 746
449 24
806 821
780 922
465 666
24 448
425 414
517 279
272 241
147 205
806 715
678 752
906 751
895 623
899 560
695 605
651 116
705 903
650 267
26 827
962 663
267 960
914 236
45 856
513 301
891 179
885 650
924 584
207 803
838 51
139 249
559 592
703 542
916 758
32 232
17 955
651 721
808 237
499 641
342 143
131 332
636 885
234 846
406 426
727 427
438 826
478 333
683 829
33 469
305 98
499 59
419 599
592 271
273 543
478 223
326 954
560 897
153 183
284 285
298 517
913 820
550 467
593 776
142 387
510 320
938 829
681 913
593 925
40 920
200 551
683 677
766 123
589 676
347 5
717 906
272 328
238 434
537 344
706 431
124 698
230 243
412 357
225 878
575 905
917 579
493 871
462 494
764 192
384 866
909 197
850 400
851 96
235 771
723 807
604 167
702 767
10 252
614 267
385 893
681 468
48 341
679 64
151 374
703 32
371 191
475 666
86 928
679 802
55 786
193 422
128 814
712 851
386 234
169 671
279 142
59 937
676 958
520 939
496 527
504 614
350 85
747 860
639 26
105 363
879 878
2 156
870 548
236 536
791 614
336 63
156 489
120 511
489 219
620 190
223 244
335 662
499 745
134 384
460 269
43 667
604 73
898 568
584 167
119 2
790 695
777 874
597 500
586 307
400 931
176 318
18 416
528 78
707 206
163 938
793 925
636 925
836 862
849 215
829 470
794 706
838 191
155 610
394 166
560 302
342 940
281 959
359 445
216 137
470 823
953 780
581 491
21 659
403 569
877 421
284 631
106 383
812 649
181 31
893 284
163 577
256 269
12 135
565 811
35 367
767 278
962 475
878 764
440 516
916 761
290 751
416 806
394 244
12 370
256 348
753 547
649 965
571 317
854 421
359 700
207 637
406 544
933 615
823 96
804 386
546 736
549 334
343 487
909 334
321 270
906 190
848 27
421 555
323 207
94 330
927 327
651 628
531 771
42 756
865 896
21 907
89 739
300 454
352 459
594 310
234 49
119 812
620 591
177 458
51 93
6 140
31 101
182 522
13 854
126 795
374 918
116 87
472 840
312 782
61 950
362 85
72 620
223 468
611 551
593 552
850 440
121 820
282 339
244 723
468 297
817 13
528 275
185 141
835 803
45 724
891 434
551 358
248 425
603 453
117 218
410 213
855 717
552 446
672 104
954 153
897 340
641 253
916 869
919 618
425 678
411 958
568 711
71 758
307 38
930 897
410 447
384 577
425 849
823 292
479 251
367 67
154 646
449 929
439 836
549 562
415 462
130 755
488 734
351 476
108 521
137 558
654 676
99 546
670 414
695 615
282 496
881 576
438 89
817 691
580 957
440 838
638 486
481 908
906 378
311 664
228 217
580 326
581 638
48 170
800 429
693 123
504 835
159 926
141 96
663 449
915 138
671 486
791 420
813 502
646 548
476 854
680 709
391 496
462 100
925 659
406 193
367 617
569 647
429 866
346 457
613 355
932 539
666 169
257 27
810 332
261 764
169 613
685 302
930 163
620 331
745 757
469 952
554 292
230 604
120 835
125 898
581 44
794 958
524 548
835 201
374 853
268 845
943 426
328 390
365 827
606 306
18 65
383 374
731 676
813 347
854 518
474 426
68 415
807 684
503 232
861 936
961 218
823 139
27 370
902 903
480 383
279 617
586 728
200 171
821 238
332 343
690 404
661 628
262 874
368 674
4 390
202 393
743 172
502 690
155 703
266 934
570 710
495 62
861 187
536 821
556 491
343 441
751 463
947 742
869 904
467 564
387 43
677 470
206 177
420 334
441 477
130 433
124 910
25 309
114 792
587 438
116 781
503 699
594 855
932 158
1 699
575 167
215 227
780 791
93 517
489 613
422 376
824 194
751 941
175 234
188 234
530 176
153 370
863 552
867 911
202 836
20 653
786 482
729 420
612 573
642 844
487 868
724 936
230 576
19 119
211 648
46 932
39 661
160 478
862 959
123 646
256 587
754 670
505 509
627 965
695 172
748 569
405 565
943 725
578 521
62 474
11 572
338 44
707 200
344 892
360 124
778 833
933 682
893 448
48 128
893 522
354 438
121 939
850 723
815 760
22 530
544 813
526 711
472 648
447 580
29 782
869 907
729 832
915 388
912 868
449 574
101 945
820 793
743 3
51 475
918 165
223 449
429 92
852 564
420 56
411 392
461 182
809 383
897 222
326 257
309 245
509 42
910 94
524 800
948 743
197 817
78 538
102 708
74 427
434 307
41 8
587 546
396 535
797 182
805 61
931 874
763 334
956 352
198 285
578 222
151 16
244 611
431 489
588 304
14 434
261 388
886 52
174 176
416 16
696 658
721 129
434 49
464 885
876 570
84 894
804 615
68 705
941 672
98 478
354 298
237 796
434 247
619 710
696 68
593 875
21 279
361 141
312 766
85 279
156 409
803 858
528 153
54 702
261 563
154 341
205 247
951 842
694 308
951 565
256 896
105 265
224 199
627 85
814 95
593 125
648 898
619 593
100 719
749 564
184 301
36 467
799 875
4 462
767 255
316 480
266 344
908 731
930 654
94 38
118 704
80 171
698 607
524 414
829 247
863 443
878 530
935 449
477 91
850 926
313 324
490 945
851 323
644 111
63 553
380 795
36 792
580 945
35 16
94 763
926 579
133 430
697 4
887 828
644 776
242 20
800 396
324 173
59 835
15 553
475 387
239 620
189 418
407 12
400 834
327 323
589 799
169 879
878 589
867 225
173 273
473 596
926 955
392 102
25 233
109 602
825 438
278 639
381 905
396 435
576 193
408 295
834 868
653 44
534 398
629 735
51 478
114 760
619 741
612 716
491 913
434 556
222 835
112 19
487 73
235 558
632 891
131 466
645 532
214 744
607 263
68 72
418 759
237 646
501 240
24 407
554 822
112 623
940 319
563 490
586 902
665 714
228 156
508 916
121 130
133 351
776 204
955 391
594 418
595 663
109 957
932 250
820 441
303 71
956 686
628 782
403 768
896 602
906 627
639 303
112 766
600 587
325 37
186 377
268 912
963 819
206 339
819 258
603 150
521 445
682 557
124 622
65 812
657 405
52 195
668 50
911 574
99 524
872 701
93 489
592 205
133 942
723 829
680 137
885 542
219 819
669 361
461 85
382 529
532 860
427 274
8 619
640 486
706 90
434 746
823 276
44 373
959 339
2 758
460 95
735 238
656 432
376 682
497 104
516 141
680 14
911 408
672 160
855 75
244 779
775 841
47 106
826 325
144 306
859 326
778 752
912 545
870 156
153 818
270 92
57 700
854 59
300 920
808 228
681 660
438 907
421 533
807 218
67 598
655 400
93 847
894 380
83 683
37 614
212 335
707 213
61 752
488 532
560 962
292 330
743 809
175 767
575 245
820 853
176 813
131 441
289 185
627 418
438 285
320 703
393 469
114 512
39 753
705 118
385 679
21 101
258 677
491 494
780 207
191 330
580 921
932 959
609 750
505 232
485 212
372 35
476 549
841 616
175 582
232 863
860 198
935 883
314 526
155 240
475 33
912 919
301 665
21 904
528 284
404 607
669 812
263 362
413 346
803 351
245 950
618 11
191 545
38 197
3 945
691 7
15 579
581 408
476 528
657 817
477 905
816 45
418 783
767 420
581 116
790 345
641 943
256 137
682 944
316 405
432 695
425 729
115 681
500 963
344 692
841 513
191 778
45 195
256 550
658 830
124 598
41 310
229 649
391 963
753 912
393 56
146 241
287 53
553 96
409 601
552 355
222 689
759 703
501 846
471 719
719 962
25 281
229 36
893 421
399 245
448 599
141 406
883 740
904 701
371 20
525 18
631 244
69 12
622 28
815 429
101 931
908 314
203 768
879 504
366 913
1 291
942 381
658 260
32 863
819 627
148 922
812 924
34 308
712 682
914 388
35 342
454 683
738 310
610 820
750 544
442 803
181 236
480 339
923 496
504 53
672 56
117 262
285 593
221 59
913 228
24 229
746 960
609 407
687 648
574 86
694 891
457 345
610 83
526 475
612 497
837 395
120 847
335 14
475 306
442 212
171 516
809 783
137 105
137 946
545 165
111 912
512 335
815 358
2 490
850 115
297 298
816 491
399 850
906 891
448 310
624 369
752 589
148 751
481 30
388 762
613 708
195 517
611 487
712 910
89 594
777 924
336 774
857 647
937 788
249 327
695 337
482 781
508 51
45 579
376 15
307 871
30 906
377 495
162 73
960 613
552 285
701 158
224 804
734 359
416 672
114 68
271 559
449 861
42 488
499 59
579 924
361 579
270 273
363 199
954 752
887 753
38 526
1 725
824 148
98 186
758 933
320 317
703 687
415 678
290 257
507 826
852 41
25 7
555 174
163 501
161 553
297 649
368 744
239 507
464 365
927 591
411 37
752 370
40 306
416 721
460 55
23 774
688 705
4 141
522 15
157 442
626 393
562 457
735 149
366 460
810 733
104 624
21 99
496 607
234 117
382 312
134 570
741 325
931 901
315 735
436 97
430 712
255 189
911 308
652 561
237 315
510 249
532 500
828 484
399 917
555 274
122 496
951 757
455 490
459 112
930 213
345 152
124 640
525 901
561 868
910 284
592 362
661 642
191 737
447 614
331 526
610 411
159 277
64 941
563 690
61 273
850 39
4 476
110 595
874 651
242 473
485 761
670 582
853 950
572 910
830 824
747 242
648 73
221 767
126 266
696 238
110 192
796 294
329 290
506 519
117 874
834 165
797 149
622 817
13 846
662 513
484 490
254 656
453 595
704 538
430 214
174 790
472 536
2 743
712 55
402 436
898 693
330 589
897 442
518 302
685 76
69 472
74 332
293 573
272 669
723 552
494 584
58 618
286 856
41 921
357 701
242 897
450 817
55 387
270 617
180 270
494 301
557 247
919 383
396 361
783 883
234 85
184 732
416 584
37 361
345 868
474 689
953 423
801 308
608 66
511 66
795 302
28 510
141 908
705 82
277 816
110 485
488 411
662 225
751 614
404 720
568 450
826 963
750 238
519 932
149 891
216 425
147 934
613 256
98 485
249 744
205 957
245 2
681 218
468 698
748 449
489 901
941 897
817 870
930 622
46 537
485 684
91 787
828 167
866 628
560 573
219 447
804 937
889 608
219 813
613 621
205 600
613 234
837 540
445 652
793 654
502 36
734 27
29 417
226 703
825 333
234 868
425 563
385 582
783 8
627 630
667 42
723 942
317 856
461 893
465 375
241 714
655 911
588 754
931 443
752 932
243 384
911 743
134 625
563 644
471 433
468 273
279 433
745 375
407 824
395 394
454 909
281 52
640 391
338 719
34 654
426 308
250 900
626 762
437 182
316 334
382 905
593 606
643 828
440 482
844 877
405 352
484 346
569 687
572 808
573 195
176 779
787 49
895 571
671 769
556 211
355 832
75 399
955 195
596 472
96 827
429 231
178 150
142 580
941 351
862 121
769 415
429 902
459 311
317 129
127 294
344 99
772 877
728 773
384 119
590 483
786 828
316 155
175 629
549 278
608 164
231 423
359 177
291 312
280 266
832 829
915 403
405 353
897 434
298 742
552 676
264 239
612 122
158 397
615 560
671 870
209 792
649 540
433 202
329 441
413 200
352 921
426 792
183 389
797 249
136 123
360 208
658 242
854 109
291 1
144 359
917 503
844 533
415 703
242 670
429 542
408 20
621 305
58 945
107 946
128 83
500 168
79 145
131 324
590 929
849 83
602 223
206 351
510 244
44 884
512 363
123 781
662 802
165 545
341 446
343 47
397 724
547 926
177 689
234 249
144 511
399 571
430 590
544 130
203 276
962 802
185 332
839 878
402 488
111 674
412 548
186 181
782 220
906 484
853 673
892 629
815 593
10 400
228 398
234 758
153 476
393 283
828 136
53 331
712 658
367 773
649 547
340 98
149 386
708 587
357 315
110 323
656 686
852 665
422 818
107 229
688 686
72 632
899 785
12 1
438 929
566 551
617 205
484 86
515 253
562 420
233 507
357 95
474 160
557 865
463 609
857 325
496 951
494 247
144 622
813 783
650 761
174 46
146 413
597 321
579 461
774 204
923 117
272 675
728 556
371 357
717 79
751 593
900 182
230 343
96 454
878 834
921 138
165 426
544 514
774 816
958 520
889 404
60 271
200 708
695 522
641 868
674 565
257 524
448 860
700 829
318 125
73 890
742 898
849 547
310 647
297 437
413 99
380 624
261 630
264 958
311 132
265 796
306 402
693 316
925 569
40 553
855 136
130 274
367 811
654 20
53 404
388 44
722 312
889 797
590 304
114 212
110 98
834 842
516 577
52 380
19 637
841 834
950 495
85 753
27 574
443 755
355 291
739 580
546 370
683 132
714 372
824 129
176 334
204 113
960 275
223 690
920 35
419 138
904 151
582 90
781 695
668 441
609 231
177 808
430 915
906 646
779 259
495 916
671 653
196 809
923 503
27 180
898 19
918 883
487 225
37 600
798 582
342 522
116 546
807 647
489 949
747 286
630 755
248 110
813 838
916 653
459 8
888 476
801 911
629 107
29 314
107 360
99 510
853 417
881 78
276 81
511 468
884 159
44 114
912 915
740 651
945 17
290 114
476 454
960 835
910 418
733 601
688 31
58 145
770 565
577 537
457 57
558 584
898 699
874 631
144 892
898 364
908 344
253 467
652 512
741 153
667 233
864 122
407 423
446 115
44 432
117 274
909 690
539 418
443 714
309 647
39 852
658 276
570 603
610 572
295 775
199 594
509 42
40 44
846 528
197 401
943 23
457 624
581 943
577 115
488 640
774 554
152 100
188 627
381 236
954 545
794 554
692 260
435 714
802 250
413 489
914 665
535 62
859 862
427 855
614 505
276 210
792 900
846 104
340 176
584 681
951 1
866 567
496 528
501 878
576 954
337 405
733 496
835 684
779 402
21 389
814 724
868 910
251 153
308 456
428 659
526 683
800 345
649 929
207 853
208 452
581 814
920 403
874 825
721 834
51 769
731 68
24 200
530 552
933 797
536 308
575 78
375 33
14 568
721 567
782 431
183 443
16 843
618 369
181 236
764 605
514 372
390 755
352 844
19 550
359 140
822 75
585 9
402 458
294 435
594 91
86 724
600 956
820 923
17 468
752 616
442 822
805 807
369 466
912 182
849 702
503 354
620 834
145 237
726 748
894 835
44 476
847 472
75 233
636 271
300 175
534 293
456 785
662 320
683 291
220 291
816 369
685 253
615 551
895 35
509 41
628 132
299 884
856 540
837 469
564 274
276 7
36 340
344 602
884 40
28 809
410 688
269 839
582 578
931 432
519 451
572 207
93 300
336 447
677 508
177 214
445 648
732 661
452 847
464 356
960 887
1 695
736 857
902 469
859 1
61 27
916 927
816 138
351 397
614 523
278 914
44 624
157 137
14 748
438 736
57 58
43 573
726 467
335 199
891 85
147 661
338 687
487 8
297 367
408 907
597 209
851 879
426 830
358 737
481 241
705 292
277 513
620 246
495 138
469 732
103 958
741 703
595 313
593 31
1 657
245 629
265 618
220 583
626 313
111 378
480 654
479 812
806 66
723 408
410 853
128 274
877 269
534 816
368 626
851 823
601 832
626 35
279 45
435 113
53 631
263 719
816 666
546 395
641 538
959 906
451 466
794 389
710 902
451 532
561 147
543 711
653 333
298 603
526 752
510 916
412 314
336 541
829 743
491 527
298 55
491 835
139 184
782 514
219 824
686 332
655 691
784 461
82 325
675 17
925 192
124 363
387 331
890 585
155 521
490 62
360 756
728 546
405 77
222 70
595 123
840 125
517 809
456 301
201 429
166 399
754 673
429 1
413 90
297 543
741 307
791 309
965 469
903 124
730 156
950 374
271 695
46 528
232 409
691 618
146 148
85 120
64 159
785 595
273 323
375 796
564 684
712 541
239 721
944 229
286 355
909 101
582 734
835 368
609 598
531 895
821 251
527 164
784 635
640 125
583 753
101 610
686 709
62 824
630 349
385 110
354 271
12 697
244 953
964 797
154 367
462 79
385 450
801 471
747 298
397 72
784 602
661 688
256 948
44 686
888 626
497 602
20 845
471 352
195 634
628 538
424 191
674 126
163 586
882 97
594 177
296 852
477 291
158 589
174 73
424 865
874 10
953 138
856 748
503 552
409 853
655 291
235 606
483 332
453 884
744 616
771 398
273 758
572 192
790 173
466 861
596 547
767 179
387 710
45 92
945 247
667 655
389 229
396 547
556 595
843 706
339 593
876 607
814 533
776 94
39 532
676 900
932 506
837 766
620 570
426 601
453 375
446 482
80 240
475 796
762 111
618 918
735 874
381 200
461 213
203 425
424 148
594 581
195 598
349 318
663 790
528 591
227 722
900 658
167 75
232 597
825 270
750 462
227 220
921 17
723 92
236 306
378 678
807 908
928 894
461 425
58 346
566 946
83 691
101 854
882 532
773 187
637 19
170 601
772 160
535 93
241 182
63 77
408 1
664 564
959 401
739 186
616 413
736 406
318 423
351 790
237 482
887 78
724 500
116 262
802 502
248 366
625 727
461 747
605 361
274 387
324 801
468 784
173 211
226 392
311 103
951 540
679 683
587 537
854 320
858 199
910 700
86 96
642 547
717 944
167 59
737 683
661 762
703 199
946 294
258 593
115 712
158 522
425 901
887 115
636 378
312 879
387 684
1 887
4 60
521 185
444 531
611 334
699 404
464 133
597 193
899 122
792 319
600 820
734 566
46 236
705 663
608 531
440 429
395 762
695 683
46 541
449 124
119 307
163 187
316 329
170 644
502 102
565 669
775 581
53 540
395 62
839 961
826 371
554 308
521 510
476 412
796 675
479 809
491 548
752 178
575 870
721 742
558 195
448 505
252 566
223 274
870 797
790 641
40 173
477 46
536 132
766 135
763 573
517 473
127 146
39 687
710 965
120 662
920 291
7 563
1 103
450 744
774 192
674 44
247 288
36 640
678 913
313 896
283 539
244 58
817 695
876 8
602 286
563 450
929 837
543 393
466 564
790 704
395 349
556 479
223 53
343 236
548 313
664 881
337 12
239 31
148 879
197 98
521 675
322 798
851 421
912 62
717 917
809 450
293 743
96 714
1 135
772 604
292 940
328 422
455 376
829 285
602 114
571 837
933 45
909 131
90 143
838 118
345 388
604 918
691 775
331 739
125 458
84 935
925 367
293 245
685 346
502 591
441 89
435 406
835 820
462 569
73 516
618 890
759 560
172 88
630 857
321 255
148 393
934 56
641 621
785 781
373 393
25 465
161 191
431 486
697 42
639 291
157 737
859 790
201 481
324 925
165 9
851 321
770 205
169 343
369 138
916 695
391 830
820 714
104 325
274 151
610 195
553 433
3 891
426 266
529 464
22 535
604 642
781 116
485 277
451 541
692 458
683 917
593 649
116 374
837 186
8 158
510 863
671 388
475 490
302 697
430 720
651 44
246 627
426 322
550 498
23 938
527 89
383 240
222 722
780 625
639 456
821 34
694 655
204 297
251 132
787 583
878 785
750 581
581 837
691 46
803 904
319 78
792 246
779 97
247 284
893 446
869 223
123 614
643 618
12 135
685 7
942 368
373 597
24 821
95 85
500 806
473 934
14 838
948 63
965 307
369 150
787 601
135 684
142 164
815 500
955 398
377 325
412 129
629 230
120 842
246 100
927 325
950 421
239 809
534 731
744 255
829 355
724 575
772 748
243 61
100 705
295 460
366 780
898 744
18 133
923 736
478 394
590 758
6 616
99 240
59 283
221 216
952 301
11 794
157 290
333 615
709 473
855 752
54 325
183 38
752 732
449 166
642 332
60 112
559 883
439 459
434 644
960 947
661 436
396 310
474 181
28 357
510 222
658 243
698 148
397 40
167 81
443 517
236 816
500 563
801 276
677 352
507 924
354 324
867 205
367 737
89 101
526 29
491 455
292 934
457 224
788 659
204 121
950 277
255 291
444 919
439 560
851 326
212 74
96 863
677 579
655 937
740 540
624 57
752 892
514 420
398 816
405 526
857 329
407 937
303 742
83 964
353 962
198 882
513 939
797 646
619 437
510 382
103 541
156 768
878 556
415 337
200 807
98 931
355 951
125 909
277 397
362 872
397 48
30 760
678 892
746 585
935 449
790 190
579 621
77 917
931 448
83 55
539 454
662 861
32 487
120 921
946 940
652 538
277 276
146 940
93 909
867 469
550 829
359 255
502 811
957 493
206 178
665 645
257 666
219 475
760 926
41 219
426 961
887 716
638 215
177 932
440 349
926 32
10 910
253 175
341 815
651 493
840 956
328 617
954 774
181 448
179 551
629 625
379 679
551 463
730 849
894 714
154 606
486 777
636 431
777 678
580 202
723 469
720 379
696 848
651 469
171 52
767 834
88 398
631 79
143 392
272 450
52 515
689 258
268 156
336 152
456 539
729 284
536 429
44 311
323 838
409 332
101 817
651 85
449 20
954 217
72 836
330 424
635 94
477 317
316 719
397 77
468 34
468 835
142 439
406 311
952 514
762 547
5 566
98 401
468 963
75 958
841 65
493 237
116 363
272 797
20 636
549 546
116 70
722 534
451 8
184 758
827 594
48 501
502 283
942 707
58 271
134 158
399 571
127 135
520 327
584 6
207 487
249 754
299 78
606 723
216 728
671 355
376 473
519 651
160 912
672 75
222 399
936 652
344 210
779 716
85 685
327 769
710 344
850 264
494 648
201 16
683 257
431 665
100 238
877 14
97 858
692 723
262 311
217 83
663 852
424 795
356 112
4 299
757 889
812 206
725 673
668 499
584 79
379 554
448 404
451 14
97 669
933 661
462 536
571 271
596 795
909 506
429 559
672 844
743 641
23 9
410 945
601 525
938 553
19 850
377 405
883 80
667 828
809 2
396 926
783 507
436 119
938 831
811 283
312 678
720 733
727 381
598 418
325 84
424 805
808 733
647 397
412 287
346 642
336 700
784 397
793 856
377 734
828 249
455 392
719 708
822 378
115 364
433 596
617 27
317 130
324 313
329 327
90 585
349 936
325 24
909 564
436 759
326 945
224 913
123 455
862 896
449 61
423 594
116 10
838 961
715 685
809 851
327 917
122 804
814 453
236 701
275 630
630 3
81 649
452 866
287 624
163 254
353 413
734 601
186 701
68 840
85 370
846 703
745 189
304 176
501 560
962 496
67 593
311 963
808 567
639 122
259 586
454 409
109 674
71 248
533 951
341 932
444 497
469 534
137 904
718 920
767 300
404 129
663 747
686 368
958 588
578 917
44 481
654 877
940 316
403 485
582 949
908 901
865 689
573 874
110 305
382 816
507 449
427 467
311 147
402 210
383 133
56 142
256 557
624 685
640 750
154 659
886 920
736 860
367 648
960 163
329 740
655 937
15 142
814 799
945 147
222 585
298 378
246 551
824 55
178 689
58 794
842 883
910 678
567 292
838 471
630 766
72 500
183 121
931 704
863 284
825 16
214 131
456 727
153 896
346 715
935 910
108 556
263 719
61 323
130 543
176 467
219 563
720 202
918 931
46 883
152 830
107 897
844 385
863 2
849 531
483 599
945 660
764 795
221 418
672 926
672 581
386 895
383 736
945 229
906 181
675 952
268 344
290 827
574 707
717 474
827 629
835 812
559 295
24 712
89 616
509 30
489 9
92 699
18 413
368 888
854 793
134 17
797 272
248 195
660 39
205 45
851 632
797 949
671 396
166 919
532 155
104 892
166 192
852 317
346 596
468 278
651 598
416 645
641 800
148 347
132 92
514 125
499 412
506 361
873 871
71 196
207 626
566 241
136 660
510 120
846 635
404 566
549 212
561 219
576 21
735 514
126 23
497 592
143 400
483 842
638 193
669 647
861 61
306 56
765 527
771 838
502 494
511 189
434 199
375 456
946 711
731 284
233 373
481 810
345 835
207 418
379 928
27 911
180 900
106 17
285 52
798 251
607 321
377 215
266 881
596 214
570 359
847 353
80 65
640 264
117 948
370 525
659 385
631 916
602 812
673 534
677 789
683 905
605 282
381 446
605 916
916 852
481 175
84 418
424 134
347 299
411 881
182 617
179 816
778 97
830 789
60 260
324 164
62 426
82 600
845 661
907 499
813 175
252 518
858 550
383 826
138 882
839 18
885 183
728 397
832 387
484 514
880 737
81 629
821 571
923 438
470 356
789 290
531 170
54 836
601 352
12 128
701 477
583 789
275 663
910 293
900 693
485 321
336 767
478 220
646 13
368 393
388 811
236 415
189 354
428 308
467 720
545 404
124 898
369 78
926 218
245 92
225 214
775 116
793 770
917 806
608 594
108 890
39 638
165 583
381 443
350 795
425 333
641 527
390 736
442 300
566 353
148 4
44 83
693 221
650 327
197 793
315 542
415 834
524 37
224 53
12 669
622 691
818 489
174 488
21 410
690 599
257 783
760 372
30 319
242 694
26 446
673 2
328 422
49 706
863 197
486 529
600 557
410 546
582 691
405 921
261 708
923 131
741 742
143 434
804 583
166 898
230 814
931 523
733 455
727 198
163 116
796 757
59 813
458 213
928 955
386 192
415 42
173 479
6 957
522 534
103 642
224 611
276 14
808 1
789 714
610 746
438 889
76 790
847 467
377 888
165 940
287 157
330 285
602 168
608 400
169 654
636 548
75 336
435 387
71 172
408 929
43 922
873 576
698 43
303 602
422 297
774 177
206 438
117 725
746 263
239 80
821 191
923 85
170 600
753 278
130 455
591 802
492 382
299 100
628 269
393 866
536 750
609 815
946 49
380 164
704 102
803 190
567 78
1 85
304 760
198 164
650 670
10 796
280 869
461 904
30 907
744 509
794 325
51 363
247 243
607 904
876 294
22 442
649 397
236 932
610 29
949 680
500 504
742 596
101 668
922 53
706 353
773 453
428 951
70 509
178 393
652 371
851 950
569 513
963 675
731 776
706 870
909 643
794 898
421 525
237 637
592 438
222 37
341 816
602 749
276 962
465 606
77 401
476 693
877 636
504 753
533 183
481 437
70 710
68 282
333 897
955 878
652 215
175 871
108 545
60 704
123 273
292 34
453 776
379 790
512 647
701 539
897 873
30 358
766 46
75 475
54 380
860 607
151 482
270 237
511 893
750 243
664 791
594 732
178 77
107 87
806 215
139 185
595 216
687 236
714 29
178 343
669 627
359 800
522 28
909 307
628 763
505 890
625 668
718 633
556 400
347 289
807 235
725 367
640 177
55 561
779 306
874 779
937 501
498 577
174 495
548 393
929 829
250 180
612 769
110 97
102 591
508 885
242 943
377 21
748 359
944 177
104 959
724 959
517 570
37 745
287 652
569 259
593 865
677 400
519 87
3 664
480 36
413 122
195 81
158 828
267 544
663 225
783 926
892 593
541 59
549 897
576 693
757 827
535 520
687 701
117 324
682 222
505 4
902 915
179 162
866 234
441 411
886 860
900 497
724 780
816 755
143 471
426 746
730 293
703 249
860 957
125 168
322 61
131 782
395 585
682 172
536 431
790 453
862 176
624 144
336 119
825 251
109 810
52 264
285 67
312 326
356 64
53 335
678 615
104 597
51 579
524 32
798 161
542 464
469 333
709 710
71 868
606 895
259 596
738 918
462 334
883 957
167 679
889 916
160 887
884 117
874 384
29 157
525 794
542 814
580 34
812 827
600 805
717 168
82 323
670 759
424 925
293 893
660 100
436 773
932 823
63 515
45 781
11 187
152 417
929 181
123 417
677 34
512 509
860 54
921 951
611 15
177 183
735 339
885 893
333 570
856 858
13 320
899 550
707 592
884 751
272 408
716 248
663 773
665 410
229 69
884 273
409 579
61 946
553 213
911 112
18 237
708 273
929 796
189 636
200 741
259 469
582 231
482 299
382 859
147 225
839 753
59 309
369 565
693 145
716 965
243 477
642 229
392 40
708 901
642 28
459 728
439 247
865 237
859 305
623 187
161 448
541 358
171 23
686 423
680 105
200 938
114 593
879 636
570 815
516 58
152 136
210 10
543 540
120 110
646 958
118 111
240 632
466 943
885 682
42 493
924 179
924 544
107 538
669 920
822 828
858 332
174 418
697 379
50 98
49 440
593 56
500 58
355 798
34 694
476 962
326 956
571 198
398 177
238 567
223 554
470 317
709 898
133 392
272 234
576 561
584 542
793 644
442 669
405 801
841 666
867 33
575 700
253 909
581 282
463 121
216 40
518 225
826 127
181 238
101 107
140 910
65 795
518 601
267 830
825 20
327 7
935 152
260 696
305 871
935 483
935 745
906 642
590 881
199 899
776 25
466 549
184 952
2 90
903 186
623 907
105 678
417 485
470 104
611 464
113 530
42 366
565 353
495 176
154 743
69 32
847 656
558 625
554 442
754 255
857 292
175 154
251 144
893 875
598 531
77 146
142 888
385 628
418 424
929 432
60 138
473 460
391 617
928 728
331 194
346 791
543 534
503 314
303 524
304 174
684 639
138 373
700 861
863 541
841 179
546 526
596 600
553 187
455 65
637 244
99 834
945 357
347 718
379 810
437 204
170 846
718 598
615 36
728 791
546 333
513 823
133 554
775 890
536 631
684 571
298 70
257 890
257 307
774 587
820 73
331 462
689 393
460 469
581 465
206 724
433 395
200 857
547 112
172 555
699 391
778 162
232 427
259 899
175 857
570 439
895 58
3 431
50 673
699 236
889 403
450 621
700 865
160 907
827 278
62 464
914 885
15 858
612 632
934 2
642 112
180 657
494 551
620 413
434 121
282 772
46 330
356 7
741 394
347 441
820 930
203 126
923 498
528 653
448 86
196 217
59 506
294 82
681 552
410 855
188 388
827 377
803 36
398 94
768 417
724 642
681 640
145 590
524 688
794 717
197 618
391 475
52 84
350 429
655 84
884 625
826 625
725 870
381 741
601 691
166 349
677 138
783 594
459 845
92 770
274 563
141 389
63 425
135 196
933 439
542 649
121 685
765 530
832 765
711 693
465 107
399 587
33 715
572 412
265 331
197 845
801 463
286 234
149 10
33 962
414 333
298 903
554 935
267 38
742 883
932 263
127 366
565 329
958 457
852 173
322 961
551 595
173 772
416 355
295 769
215 771
363 164
852 732
210 469
71 8
572 521
849 644
557 202
502 85
675 609
70 198
345 162
257 552
588 909
137 774
963 894
705 224
493 344
148 28
73 480
261 107
238 716
253 228
345 894
13 251
638 949
227 250
882 189
788 732
339 400
28 854
826 335
47 117
621 75
47 843
427 402
502 165
812 606
675 66
632 592
552 130
511 430
514 260
745 383
774 947
320 501
235 480
818 617
657 685
576 572
487 211
231 125
399 429
849 149
328 543
131 612
714 192
23 270
628 788
959 223
341 961
292 304
5 804
890 703
193 463
461 371
661 372
802 755
273 883
394 722
369 860
443 750
285 938
720 74
279 62
70 531
844 186
463 195
578 901
598 602
720 745
1 659
797 406
903 352
317 744
907 841
883 112
220 815
243 177
349 609
65 67
747 458
940 204
486 364
406 12
636 735
391 261
581 164
261 718
944 113
786 508
130 375
288 173
583 766
938 685
470 208
505 450
686 247
7 324
353 770
579 331
79 339
149 567
726 742
58 898
930 467
113 202
861 512
786 736
665 935
473 785
485 470
306 854
411 440
847 616
909 721
805 865
151 963
601 172
603 857
252 557
599 350
741 94
672 960
546 268
132 490
189 936
127 520
418 749
911 5
763 268
279 759
333 44
236 573
457 146
502 779
282 644
65 109
941 215
338 427
571 253
309 54
651 263
536 253
839 48
425 845
101 465
292 207
861 156
751 276
817 609
953 682
616 624
148 844
323 759
937 624
454 950
779 683
877 475
909 535
660 118
499 611
341 369
422 568
714 416
347 143
489 239
380 140
567 444
540 346
284 371
195 113
834 453
163 803
637 690
227 766
699 455
522 503
111 346
18 364
232 366
244 274
296 332
18 286
803 482
422 457
564 91
474 923
310 759
664 885
707 784
237 456
717 683
918 21
17 538
854 166
180 461
774 850
366 331
483 501
456 638
310 640
187 806
227 348
676 236
101 781
583 694
906 609
181 319
305 527
789 391
906 678
647 913
430 943
646 757
684 271
964 680
784 774
792 649
541 277
510 25
937 2
518 753
40 602
421 440
949 531
159 557
62 323
121 674
880 662
835 277
152 454
202 107
116 419
198 641
728 348
435 805
207 893
166 671
512 622
899 872
880 69
789 820
49 709
198 219
200 551
641 15
439 195
727 309
494 775
152 403
65 446
22 810
616 541
940 702
940 624
25 585
575 118
672 463
726 164
22 44
347 181
544 551
342 944
543 288
287 100
397 876
943 389
847 456
503 755
346 813
705 779
417 18
120 733
213 509
493 762
132 365
888 513
439 404
92 490
954 529
422 149
57 722
358 69
452 661
335 683
79 612
676 460
838 506
585 439
802 687
733 205
874 812
24 295
161 342
70 496
205 273
761 127
558 582
585 620
849 165
834 646
528 943
59 260
935 886
838 42
629 381
501 520
696 747
221 215
396 697
509 438
790 383
359 768
77 322
89 660
843 740
402 520
862 425
251 328
470 142
69 29
579 576
9 491
559 302
730 873
639 54
465 385
43 63
54 804
228 720
92 882
752 815
93 866
834 635
118 200
21 93
695 729
344 576
785 954
454 73
606 583
856 902
219 199
344 727
838 120
727 846
714 162
782 612
261 182
858 187
956 860
850 827
364 331
458 926
11 649
629 181
476 513
85 800
934 284
209 841
809 886
487 460
681 331
569 961
341 367
537 710
519 887
548 86
755 341
264 321
575 795
326 719
472 299
272 687
876 913
641 944
135 567
288 158
94 858
243 612
62 600
285 34
903 823
23 675
300 491
834 519
102 426
418 257
192 522
634 483
731 704
324 6
801 916
328 606
837 209
407 142
272 943
551 762
436 569
168 949
57 141
152 537
467 836
44 38
11 71
36 894
409 182
571 56
547 713
683 142
401 300
774 917
203 333
85 647
717 694
216 644
834 792
404 578
312 674
721 842
107 816
301 755
710 334
194 177
31 886
312 34
868 131
907 876
857 383
842 673
742 2
832 560
784 914
160 172
334 835
72 914
838 262
947 120
127 941
70 452
718 277
296 849
399 774
512 377
330 469
871 637
733 395
878 430
414 72
521 937
449 169
65 152
304 811
659 339
646 890
671 811
830 190
285 230
347 464
503 88
320 510
886 440
890 602
311 25
536 367
132 533
41 918
720 705
849 250
501 953
98 18
117 551
233 844
852 466
303 724
438 277
956 583
174 182
294 952
957 695
456 657
271 717
305 379
672 148
659 90
868 777
807 427
807 668
231 476
399 98
376 699
780 933
523 796
737 135
368 686
449 934
19 567
706 951
29 601
217 105
759 257
580 460
29 481
670 520
930 922
692 334
99 943
219 39
866 949
83 533
550 407
757 60
6 578
116 682
45 205
789 794
255 369
461 510
64 444
359 590
467 292
539 290
754 750
657 432
150 277
586 763
944 207
770 224
546 141
409 15
317 286
372 298
108 834
299 65
592 634
607 929
486 234
201 160
543 226
444 172
300 7
543 214
4 330
500 702
795 462
736 121
354 143
872 49
872 48
950 22
658 567
347 423
713 905
383 109
437 740
156 732
71 385
372 122
416 849
265 771
495 37
951 318
595 562
803 516
223 382
103 185
767 894
70 938
630 535
53 851
312 417
307 960
61 838
317 149
886 111
463 734
197 18
469 704
167 190
888 178
118 833
299 286
22 211
307 270
869 683
554 576
945 867
44 843
857 401
106 868
806 122
943 502
295 423
755 844
256 936
339 524
64 54
152 662
582 509
222 599
939 540
921 683
1 892
84 7
956 864
204 189
460 409
776 677
221 78
485 64
214 806
350 386
166 153
673 43
338 29
344 79
364 873
549 573
229 756
826 700
775 351
13 176
428 388
246 490
697 54
893 454
257 856
264 735
518 236
558 138
342 421
857 174
39 38
212 330
66 362
228 551
207 591
755 710
234 658
172 633
52 958
664 16
448 925
260 223
18 95
608 678
658 471
907 723
239 5
843 223
165 778
690 931
658 136
964 163
335 111
2 594
466 52
286 374
71 279
200 244
397 149
864 149
465 581
809 408
408 807
699 105
427 457
235 116
42 526
807 496
432 264
778 60
663 119
892 249
366 833
902 852
664 737
662 235
802 610
895 266
495 852
832 470
485 505
693 318
767 540
474 362
134 655
31 123
361 549
117 384
335 845
129 348
826 803
779 757
704 542
502 855
776 325
897 687
727 699
405 320
159 282
153 692
207 202
407 287
442 104
334 861
484 207
590 857
475 218
806 627
378 395
209 861
792 818
744 550
914 330
626 689
441 311
655 780
282 126
87 714
540 942
267 199
230 35
114 122
620 667
81 828
247 575
89 313
392 540
104 873
776 274
423 460
509 286
944 616
829 791
669 937
826 943
42 19
427 31
897 543
828 346
714 379
692 829
310 820
962 56
923 934
449 597
61 586
510 863
174 574
648 698
197 587
704 563
357 360
763 346
386 722
367 89
247 781
507 844
759 650
753 254
700 495
784 157
321 889
717 945
739 352
49 657
18 949
342 277
123 50
536 888
943 419
812 712
953 152
399 241
57 737
624 591
774 60
578 465
102 218
82 780
708 98
96 687
929 482
552 599
81 621
182 105
763 929
295 7
561 346
299 13
616 936
686 86
666 194
742 635
849 236
342 5
467 181
940 685
357 745
272 184
811 188
766 364
686 907
877 281
639 220
704 464
452 302
371 326
948 237
226 209
16 788
816 902
323 725
486 698
161 816
426 383
806 294
304 913
596 17
381 592
349 296
574 674
491 686
682 261
396 802
630 699
413 426
302 450
127 311
662 71
450 939
446 246
204 101
649 854
532 848
792 212
326 720
829 343
884 41
119 455
664 354
900 517
295 342
85 918
310 697
945 581
626 468
748 763
308 318
586 803
17 419
952 68
109 602
203 785
513 939
353 400
453 896
655 282
39 558
123 75
82 546
617 581
936 397
209 609
407 259
251 688
852 863
704 128
100 425
823 532
907 815
272 571
959 963
539 809
26 540
965 219
708 270
325 156
628 601
575 339
148 438
292 765
407 348
661 770
379 13
919 236
290 405
217 99
289 397
396 239
876 301
285 753
219 945
725 120
660 338
369 366
934 750
11 180
960 30
868 942
549 925
584 452
630 696
765 187
152 497
931 550
530 226
490 20
409 467
505 220
230 280
289 367
592 381
775 507
709 753
348 464
160 613
15 42
504 139
597 531
411 56
919 527
288 723
609 522
433 365
380 860
532 75
763 141
178 180
34 362
15 34
82 651
33 406
334 96
144 562
817 615
652 603
38 541
647 537
84 926
136 325
67 502
153 506
178 229
6 753
178 651
207 921
333 522
3 309
795 211
602 382
270 489
162 503
818 19
531 158
907 513
472 951
539 519
629 774
503 868
830 912
102 568
560 654
951 252
103 160
786 864
71 508
267 203
18 341
567 580
749 362
775 266
44 727
351 497
405 270
939 274
681 413
847 792
175 841
881 581
630 500
606 440
556 838
293 386
377 236
37 342
742 114
158 163
953 238
587 924
866 403
21 349
791 307
664 725
71 151
887 567
257 24
232 370
727 639
881 799
733 819
814 934
287 530
725 578
760 663
587 5
320 42
839 503
629 185
755 33
74 886
546 906
136 330
666 202
182 44
738 792
246 784
575 160
33 102
828 466
743 376
809 294
422 661
877 718
115 76
556 57
515 517
86 530
448 526
446 443
173 602
238 136
132 593
859 844
818 811
124 211
281 896
572 748
719 442
758 511
379 918
764 529
97 793
550 233
533 921
428 941
894 726
56 842
557 659
535 94
415 425
69 628
898 902
754 589
328 241
166 283
184 946
795 589
274 520
48 835
666 920
289 260
703 313
64 464
928 326
715 567
56 532
744 589
551 60
161 2
786 897
648 573
79 140
218 152
540 566
178 582
466 761
452 113
190 546
481 89
219 319
186 508
872 233
414 305
64 54
423 438
702 628
221 289
202 38
506 329
775 230
581 408
814 564
665 461
159 955
249 369
734 183
18 372
164 20
424 111
564 585
222 21
741 666
409 788
94 770
828 574
920 167
641 688
583 298
776 426
807 856
125 615
921 907
801 102
141 256
372 695
219 39
176 798
525 72
142 116
638 290
368 269
737 959
460 91
388 787
550 483
198 377
514 434
165 779
120 436
267 774
48 603
854 242
53 424
744 367
415 434
873 249
521 756
454 415
896 159
303 338
746 912
55 276
549 340
630 259
413 763
931 586
711 787
217 863
611 836
464 16
167 589
50 313
446 210
884 566
36 692
904 201
292 603
359 80
61 289
90 259
505 562
514 186
667 655
608 289
432 200
81 934
40 115
101 770
54 347
614 714
357 5
110 445
373 517
325 756
385 739
777 965
35 713
578 938
129 406
228 958
93 599
2 227
174 212
43 348
381 650
181 167
766 676
71 49
573 671
106 32
720 536
194 365
889 116
612 279
420 284
807 447
3 915
395 516
355 117
455 745
4 699
838 219
595 1
719 153
316 871
605 949
519 238
86 596
616 778
840 313
445 232
298 413
463 629
265 867
596 449
589 667
517 888
541 788
448 373
553 599
181 795
590 773
515 846
762 827
253 459
209 215
204 538
382 207
433 245
327 158
928 360
550 269
768 3
125 820
328 292
955 250
299 422
106 787
686 687
748 102
421 564
931 17
177 348
728 612
717 448
104 705
857 831
699 501
778 736
764 581
615 60
404 958
225 404
796 160
902 293
118 246
440 292
948 341
750 1
847 690
573 342
443 524
618 295
16 127
534 666
635 232
751 194
595 515
15 157
466 26
861 164
861 837
790 298
714 454
423 748
321 615
673 735
122 101
124 822
879 903
822 311
904 316
918 104
341 695
903 117
89 669
697 345
49 73
802 529
681 844
341 764
597 674
210 346
404 518
909 713
730 637
948 479
658 870
434 679
374 845
111 105
866 28
556 110
457 768
84 659
774 86
677 771
477 241
90 476
133 157
583 908
729 590
769 523
108 226
125 505
310 661
174 246
492 885
844 941
111 495
943 418
50 458
35 77
770 671
50 721
121 176
471 213
831 871
70 896
737 760
54 729
446 337
327 537
536 117
852 825
358 11
510 609
143 356
577 780
590 699
182 876
28 339
733 409
823 557
59 116
238 672
623 415
29 755
67 54
174 379
463 401
18 526
104 482
398 941
434 571
492 257
318 247
910 531
371 757
158 526
271 700
683 670
691 508
486 309
846 248
775 291
164 914
660 304
909 876
237 377
552 607
302 915
938 156
433 601
503 67
788 483
654 594
32 630
306 479
784 417
470 438
733 468
714 196
612 60
936 618
763 895
188 82
633 689
752 423
208 47
708 510
75 720
514 315
533 916
68 345
54 881
143 836
260 46
772 371
778 267
719 599
644 162
875 964
463 158
539 213
797 169
493 211
799 736
937 895
691 592
306 244
378 88
531 284
722 64
629 241
205 325
652 336
623 773
399 446
444 66
814 668
877 735
271 940
528 847
947 641
121 185
250 414
896 752
614 808
178 945
181 475
575 895
103 183
522 726
639 479
229 314
848 788
480 736
60 682
755 618
309 619
798 737
431 258
728 909
932 836
563 28
240 54
527 831
871 2
167 84
935 477
9 768
506 525
961 676
242 34
368 812
940 364
56 413
277 289
106 845
647 635
679 200
404 259
557 565
554 591
63 936
259 621
262 502
831 900
374 298
626 380
856 155
491 356
950 7
10 316
200 519
289 209
293 432
377 900
831 457
185 223
188 730
27 426
416 580
857 781
243 59
660 5
377 240
55 830
693 248
588 316
731 150
862 503
491 618
802 41
321 585
697 779
666 858
42 380
73 68
463 843
132 480
559 502
16 635
217 524
965 473
643 541
780 156
666 643
924 115
792 381
225 646
838 919
849 136
779 943
928 524
338 673
606 466
376 6
153 382
757 651
308 226
837 76
498 664
392 590
55 413
726 130
715 737
412 503
23 399
19 322
156 316
259 74
805 93
239 821
644 555
511 841
380 504
109 709
272 278
102 98
173 695
205 631
419 605
533 201
743 111
73 836
45 13
842 830
697 421
94 348
922 384
63 390
908 804
453 259
410 316
915 57
790 81
301 490
470 285
713 683
16 896
48 653
924 827
36 72
472 606
288 773
521 901
830 268
888 837
635 420
870 357
463 286
90 303
888 261
516 888
606 540
801 19
418 236
426 506
66 303
305 249
517 149
84 182
112 873
334 1
830 60
923 286
266 909
632 518
240 840
775 797
456 156
312 558
165 642
632 27
144 933
84 589
275 406
56 288
892 633
797 679
405 507
491 363
487 718
753 506
75 497
468 629
583 445
208 882
225 493
698 714
594 831
544 614
433 552
409 729
265 439
78 851
484 711
763 147
228 323
508 526
801 875
534 223
138 837
754 165
932 130
240 423
858 482
422 495
252 486
425 632
106 593
204 413
636 1
95 386
359 850
217 26
910 526
785 463
582 23
3 331
329 36
554 370
361 27
868 226
68 341
475 349
47 955
876 381
422 914
848 415
740 935
195 415
634 572
926 748
617 939
530 599
170 609
757 623
127 242
8 482
442 438
442 449
581 645
434 813
313 400
943 850
143 671
807 789
846 373
573 965
420 809
746 520
532 77
645 633
115 862
79 945
956 486
184 11
409 93
641 917
371 54
610 614
707 908
340 699
106 741
890 562
433 171
770 419
52 627
653 696
769 675
859 147
251 870
117 853
277 621
841 701
228 443
23 270
960 638
28 943
59 513
348 209
832 790
600 872
852 209
187 941
874 751
692 857
772 271
84 392
473 819
498 169
881 364
429 854
906 957
660 27
48 730
785 775
503 111
656 343
484 642
94 584
639 961
810 764
410 392
416 790
876 499
594 957
919 788
582 841
936 214
112 693
563 692
335 436
348 417
55 323
570 73
569 784
792 687
456 430
618 327
306 588
153 352
413 751
761 582
963 699
49 344
863 403
909 578
459 83
168 62
767 665
789 741
670 688
413 599
204 4
830 666
910 553
778 470
258 218
304 382
794 478
633 138
587 349
767 266
125 952
154 593
334 282
682 732
581 913
177 771
329 199
690 160
839 936
301 545
240 721
26 239
783 282
643 915
338 250
560 314
499 34
30 335
657 848
932 268
122 235
47 653
910 232
833 130
236 207
705 145
49 366
924 74
962 872
708 368
71 697
478 301
510 419
912 63
198 404
740 435
693 797
351 891
329 428
840 627
129 345
836 696
714 289
891 442
417 261
58 925
879 807
339 550
606 270
943 394
397 401
861 229
963 510
944 550
676 567
868 12
634 104
87 812
807 118
635 316
548 579
458 850
215 21
435 349
789 239
226 279
773 857
761 555
806 870
555 419
350 448
513 164
279 234
156 86
706 656
919 925
257 718
826 325
723 264
108 103
401 353
728 735
563 520
60 7
902 576
587 101
238 572
336 631
225 435
573 476
120 410
592 177
783 506
796 714
347 240
925 614
360 116
815 935
297 111
554 79
133 345
353 949
673 267
625 710
183 482
542 911
580 198
877 220
640 248
955 604
961 498
713 670
855 474
428 377
377 94
721 712
516 361
571 390
391 103
328 365
698 782
853 804
853 154
625 284
229 184
469 555
449 674
872 131
169 897
10 661
560 263
837 14
954 126
58 81
153 215
958 355
591 269
306 135
121 657
598 476
354 72
857 476
521 29
921 273
510 480
392 705
174 87
293 540
722 168
578 708
768 79
626 583
260 525
173 479
231 99
118 440
25 599
490 934
50 209
960 131
583 41
389 293
875 210
767 801
800 779
573 851
568 99
187 181
493 442
854 421
67 653
614 194
14 73
459 776
937 738
605 285
356 46
598 597
624 145
377 571
678 61
768 48
563 601
266 883
333 803
283 556
932 550
578 681
737 639
208 294
2 77
282 357
239 872
255 852
669 689
131 35
562 808
264 130
98 95
700 195
785 34
887 67
191 93
204 794
498 750
338 169
854 288
51 264
560 585
79 401
514 102
737 222
60 526
312 566
398 119
735 116
880 777
297 812
151 895
166 144
816 272
521 556
195 469
775 906
766 431
825 483
391 258
797 269
663 558
785 942
721 624
750 747
435 701
489 695
260 370
923 861
572 548
470 441
794 734
171 3
551 826
222 571
475 696
883 574
270 340
531 37
255 845
565 140
95 785
107 615
626 43
844 712
873 430
461 269
721 362
92 843
218 55
577 586
413 314
664 497
456 792
466 963
359 551
219 36
65 852
240 768
309 571
714 389
656 775
935 408
137 876
718 107
328 522
157 705
698 229
449 708
331 460
531 658
311 669
671 929
189 249
353 195
617 725
298 98
114 175
612 807
122 588
467 535
478 847
221 121
601 702
858 460
770 536
770 757
314 657
599 710
67 255
713 140
362 874
9 314
242 459
57 190
117 64
183 504
120 842
444 590
924 586
441 554
858 42
616 530
756 6
773 177
14 172
578 531
639 202
461 19
627 922
659 529
210 671
52 194
406 871
877 900
802 71
494 99
836 705
306 291
448 924
362 911
74 664
681 749
489 41
131 474
126 5
400 608
66 380
538 52
544 212
713 88
661 184
551 71
434 12
773 354
169 66
8 644
904 554
140 444
170 289
763 38
315 58
114 280
167 904
501 316
33 734
915 492
930 171
293 596
359 535
741 570
675 105
809 485
901 796
871 918
853 132
821 371
68 795
123 138
391 915
665 952
582 153
481 296
227 354
651 508
253 402
401 455
859 872
917 686
702 574
84 715
738 182
414 709
593 509
58 866
487 548
452 266
73 93
360 306
607 277
12 962
824 737
467 684
377 93
561 649
279 7
264 824
339 574
561 73
228 146
397 707
513 593
236 373
45 714
580 218
294 352
681 552
792 502
771 637
811 726
889 601
755 241
845 367
178 341
340 331
327 457
382 399
272 936
282 746
728 452
891 250
473 292
234 258
198 552
521 392
672 164
913 703
259 468
435 451
707 709
912 451
743 154
480 293
503 52
277 806
246 580
627 464
629 107
886 617
285 579
633 433
344 326
773 871
124 708
153 332
835 184
359 531
789 844
498 179
57 52
1 458
18 849
576 458
794 15
637 445
65 26
396 585
466 119
736 945
735 508
862 127
837 634
227 623
739 788
865 25
327 271
46 308
531 781
66 610
631 72
824 395
233 608
231 193
607 224
872 266
554 352
854 17
287 551
746 406
915 518
520 627
799 333
960 388
619 125
548 254
832 804
789 274
201 871
710 22
463 390
326 341
630 292
871 560
194 539
863 83
32 729
120 38
541 551
258 203
949 323
241 324
325 209
869 332
861 492
235 964
30 341
432 352
596 602
686 747
724 148
735 627
3 372
491 960
747 74
72 221
536 863
17 505
865 88
625 850
158 300
787 657
54 51
236 63
726 791
815 36
939 836
581 828
634 615
426 538
497 38
217 640
79 681
268 656
834 584
211 834
822 383
618 589
208 796
883 283
879 325
725 464
333 822
23 428
602 244
274 254
584 369
241 862
391 69
902 98
462 739
46 189
152 893
229 909
417 758
947 600
908 398
352 749
884 584
384 633
865 604
370 636
823 648
451 140
838 253
372 879
49 81
160 420
136 752
683 614
124 872
63 204
647 744
175 393
856 835
406 409
52 755
863 954
324 41
378 306
502 470
494 152
698 48
338 576
61 637
486 552
140 769
442 213
281 331
285 621
725 635
865 500
876 616
797 904
394 940
705 849
74 439
924 115
661 927
849 945
561 340
539 261
856 25
481 8
670 753
897 369
558 143
658 928
62 554
370 343
577 483
616 154
610 56
267 46
153 842
658 211
842 309
2 297
846 229
32 583
39 886
328 257
551 15
477 371
98 829
83 546
101 785
382 434
657 436
292 478
756 411
21 36
732 749
345 753
66 744
317 962
465 290
529 788
774 21
907 294
760 524
368 55
273 85
726 305
200 965
716 51
669 907
898 785
257 537
467 29
269 904
651 273
783 468
32 553
780 313
535 29
266 432
13 77
291 943
364 686
307 734
224 687
483 196
586 677
609 4
901 10
747 861
673 930
942 181
544 10
212 25
462 728
183 673
867 90
513 215
440 914
92 194
144 940
131 757
448 446
578 854
850 686
381 880
66 208
378 153
282 207
952 363
460 571
69 834
426 867
933 666
152 117
643 149
465 631
375 155
627 333
745 697
18 82
687 196
569 528
173 678
953 241
18 479
300 702
70 6
490 914
289 134
486 420
307 328
705 424
171 520
516 145
848 66
151 779
840 106
852 19
124 378
68 187
758 4
677 264
338 67
799 858
119 815
110 780
93 78
310 219
205 495
300 31
61 865
445 550
11 394
359 777
709 407
793 10
10 115
470 264
738 807
373 555
668 21
398 225
850 888
528 475
227 47
765 896
758 132
222 799
380 566
256 178
646 810
311 405
928 532
917 69
91 534
550 462
345 541
721 926
99 581
238 844
441 507
38 946
921 196
469 420
530 272
824 276
857 553
460 695
438 507
318 587
717 472
298 952
401 474
86 827
909 521
248 255
140 540
159 108
802 335
561 750
628 248
865 334
13 682
606 278
123 964
481 333
708 863
478 629
44 549
583 365
665 370
633 469
917 708
814 32
669 742
382 886
372 133
794 39
874 676
700 253
106 54
100 877
728 438
7 648
596 89
619 116
20 454
74 110
747 963
798 450
776 605
924 524
175 12
370 553
517 73
792 701
414 412
682 821
622 401
92 348
854 936
374 897
953 76
965 29
66 303
919 416
198 485
287 235
524 877
839 316
940 926
822 658
628 720
466 893
657 812
841 265
10 697
512 41
472 217
549 664
311 828
872 933
730 951
104 896
930 406
550 221
655 477
426 288
373 391
51 454
485 933
311 563
530 823
474 386
731 627
882 131
733 86
15 123
596 587
120 782
75 760
604 618
331 565
264 25
317 648
863 98
147 594
465 430
913 6
959 342
640 281
538 257
592 779
949 85
605 615
415 350
556 962
47 278
466 863
384 946
21 293
411 659
632 31
347 482
433 559
710 623
186 622
615 686
52 371
272 572
550 285
627 56
222 706
627 69
894 449
657 910
782 22
209 177
365 760
626 802
452 71
148 624
429 760
165 643
512 176
830 498
414 140
579 281
559 199
91 706
677 540
849 85
900 25
673 454
270 273
904 359
733 468
168 40
738 430
125 395
130 426
400 468
706 955
749 30
79 138
617 784
934 896
918 390
220 6
808 93
722 574
583 722
943 164
372 107
37 722
581 953
513 666
18 637
918 72
599 867
257 956
285 1
940 91
45 496
428 48
318 700
11 450
91 483
383 902
18 646
284 394
350 229
414 429
310 546
749 850
40 390
164 461
194 301
612 4
201 118
130 371
124 249
770 157
666 425
13 368
325 2
60 140
465 766
744 455
906 517
892 117
157 160
671 892
626 547
139 149
728 857
357 312
789 320
689 243
839 625
402 473
89 699
92 128
249 878
308 273
437 537
461 37
369 763
925 595
104 722
697 218
129 150
889 346
7 789
947 531
444 651
20 74
140 33
887 794
706 138
885 882
204 367
481 538
842 664
901 713
726 192
306 178
498 826
162 4
53 710
295 58
7 260
756 882
400 469
71 213
68 960
106 642
670 496
353 125
402 133
477 780
226 398
205 329
880 633
313 809
26 879
222 289
832 760
62 291
392 894
896 928
400 208
158 914
783 269
709 656
312 620
709 513
818 629
692 522
373 640
657 216
105 918
466 125
268 422
579 460
55 16
557 637
887 489
373 872
76 155
122 495
270 920
94 149
689 192
4 902
87 770
224 301
78 530
169 175
234 268
595 444
745 654
926 919
132 444
941 112
123 72
21 665
774 922
450 926
812 577
588 308
246 847
165 93
837 473
646 269
609 912
650 880
843 935
562 11
807 102
778 46
746 373
425 553
486 43
871 335
568 119
559 247
669 165
220 356
383 52
520 371
382 582
131 834
535 486
554 251
379 908
823 164
552 314
775 784
507 793
520 285
211 570
3 197
617 750
914 826
201 379
631 606
794 198
228 536
808 323
408 683
940 732
794 728
53 113
316 523
570 634
3 218
174 477
289 606
159 500
406 742
233 472
656 416
753 751
396 820
63 596
667 46
415 65
11 383
574 37
636 173
851 714
686 964
247 307
538 916
785 321
219 911
944 136
263 903
423 175
466 833
920 106
484 379
303 498
629 323
443 433
566 227
898 534
825 959
884 657
171 9
624 63
611 407
218 285
744 253
352 540
623 611
213 470
117 908
106 193
488 944
846 697
95 393
759 101
618 11
420 515
122 130
608 458
60 280
428 266
652 965
228 428
908 765
156 441
583 703
385 411
569 682
130 566
391 514
658 763
6 590
404 898
312 855
548 135
265 163
309 407
54 42
378 598
34 191
942 131
457 157
314 142
369 181
103 907
77 463
582 645
637 132
736 514
426 121
948 964
824 817
908 607
145 694
666 940
57 829
827 357
245 616
39 235
899 165
887 282
150 419
459 353
713 366
848 286
502 86
46 506
563 819
237 482
872 256
110 207
537 264
653 942
334 677
209 819
177 490
52 272
771 868
520 640
949 597
332 814
503 546
927 577
910 367
700 387
608 754
223 963
285 562
413 565
421 587
755 52
159 400
202 598
260 128
462 16
508 339
947 560
22 349
665 505
720 796
750 231
488 144
364 377
465 678
488 22
525 468
695 502
87 547
738 157
509 174
514 220
472 776
446 185
448 457
611 14
238 548
101 206
315 822
736 758
390 877
950 643
923 567
842 751
419 708
745 145
927 906
838 842
844 815
745 813
587 559
817 776
527 528
136 324
525 884
907 285
190 492
726 309
665 256
191 929
260 127
640 483
203 579
538 801
310 390
414 514
622 492
44 203
192 356
719 49
183 18
949 791
854 170
94 255
722 585
238 765
362 876
954 896
624 103
649 567
518 24
509 33
697 449
347 354
179 396
336 786
578 60
779 544
212 852
155 461
634 515
952 718
43 753
513 583
896 293
870 6
850 288
6 198
440 431
150 704
124 767
423 77
892 710
708 350
551 611
958 790
339 701
155 450
877 646
314 308
177 239
385 121
486 551
675 905
126 736
775 639
33 947
151 714
171 768
543 487
731 525
197 360
424 130
644 51
299 647
383 234
854 268
625 882
643 284
37 870
179 80
494 144
329 847
221 266
958 519
279 537
501 196
721 286
85 271
318 181
750 131
298 426
443 530
428 187
168 309
384 870
936 487
95 233
601 177
836 860
12 703
948 888
329 450
772 456
701 954
849 774
860 83
252 598
268 904
826 391
601 199
877 607
955 659
256 839
266 675
244 560
868 796
887 350
97 594
302 427
364 204
769 638
570 803
340 148
610 87
539 692
128 258
101 740
712 929
945 311
231 148
353 239
299 9
371 177
408 604
339 633
682 233
78 583
587 892
842 302
426 751
496 68
772 95
901 784
568 219
649 264
124 246
20 690
121 415
587 627
221 771
385 644
839 940
290 135
565 657
472 663
387 775
185 502
124 470
926 945
465 74
197 850
35 544
245 681
757 404
548 881
276 568
465 931
286 21
282 105
263 773
911 822
308 226
574 915
768 714
468 522
200 595
851 170
453 861
779 511
925 260
431 894
868 811
135 234
481 275
904 791
271 768
230 750
428 385
388 340
957 15
642 146
333 160
328 190
716 41
412 767
86 442
606 98
137 890
480 821
612 556
398 920
287 628
550 491
839 547
252 406
145 67
153 631
208 623
160 215
765 339
770 379
318 901
575 962
26 801
273 519
889 281
527 397
654 311
708 418
295 299
228 175
456 249
622 106
50 149
358 876
760 412
310 677
856 864
853 419
165 555
774 128
910 649
821 54
451 130
696 277
21 699
589 431
197 63
248 910
419 104
252 433
38 741
356 549
961 731
425 926
93 864
773 626
791 143
71 865
272 776
619 690
233 462
287 892
910 441
527 414
726 663
499 594
130 168
640 643
67 756
814 150
460 340
751 467
285 106
688 447
430 136
699 192
588 37
656 489
275 406
361 965
95 817
358 596
737 40
118 288
717 227
247 796
419 655
475 38
193 654
45 503
497 103
94 125
42 137
901 260
484 559
672 815
926 695
376 314
393 892
876 955
193 391
215 85
727 697
762 843
480 731
231 394
630 327
212 574
71 15
432 47
944 175
720 27
819 192
911 476
454 868
272 460
906 131
320 901
243 879
681 325
573 620
924 753
723 163
733 19
313 354
49 141
540 109
402 430
214 140
471 451
376 804
211 412
198 543
196 340
397 69
711 805
83 267
924 285
162 214
561 296
803 795
317 29
62 834
318 214
660 82
530 703
650 218
858 387
417 812
381 583
607 352
254 836
782 234
330 367
654 249
85 579
312 959
367 963
604 876
174 115
830 782
235 789
745 785
579 327
863 648
67 143
749 620
482 918
394 304
465 902
58 378
699 551
869 543
244 458
961 514
438 483
512 156
5 406
294 268
646 408
883 457
822 93
626 815
713 887
660 440
783 319
751 71
706 953
84 524
948 677
718 336
651 439
17 916
575 67
787 183
491 50
888 942
849 876
946 106
446 413
444 300
903 267
661 102
422 911
614 60
122 814
752 48
688 71
727 793
266 436
815 756
27 713
7 108
342 533
464 750
592 290
810 605
482 595
214 522
807 550
258 328
759 890
708 542
205 421
669 815
377 632
842 581
402 293
495 895
667 388
373 444
817 368
202 280
311 826
155 741
608 543
656 384
180 182
607 698
135 267
239 164
647 309
952 369
750 326
587 734
204 629
924 301
347 861
881 310
149 469
706 691
205 277
86 898
162 919
191 134
936 516
266 784
613 167
629 683
314 570
898 847
404 152
820 301
781 333
121 871
482 682
715 429
632 423
959 791
649 957
787 890
250 392
32 286
943 809
209 329
345 466
93 296
741 48
448 807
876 584
187 865
486 775
64 373
862 886
79 500
851 909
79 925
338 953
410 281
210 365
673 103
445 444
17 865
162 350
805 889
619 951
145 303
269 595
390 710
920 663
477 509
749 919
571 804
687 146
757 409
497 291
611 24
509 6
133 717
15 955
199 373
191 933
574 238
562 95
737 435
306 187
375 764
541 162
7 13
117 209
252 461
413 637
353 161
960 871
77 282
797 239
610 366
279 132
895 907
919 715
174 459
960 957
562 110
889 784
519 713
604 118
586 651
895 413
293 784
399 927
288 262
795 456
422 913
543 79
361 916
158 46
448 65
814 597
675 2
441 928
492 277
792 783
549 653
388 956
70 8
130 737
716 797
471 205
913 715
515 344
415 655
638 488
477 959
187 809
187 482
841 111
914 682
161 290
496 259
402 199
239 233
336 3
910 660
720 916
12 314
1 679
718 169
7 791
218 233
524 684
371 209
394 648
857 367
68 111
292 451
469 699
412 820
583 551
714 268
590 75
315 383
261 863
102 655
897 513
483 329
896 564
359 370
8 160
423 329
375 804
654 49
62 917
265 473
155 482
732 905
285 313
247 392
134 211
251 695
8 477
238 283
304 764
853 63
309 545
728 163
811 875
840 322
900 652
142 410
897 959
928 220
143 45
476 605
754 677
849 301
388 477
647 15
410 313
889 283
703 937
801 330
395 500
380 36
54 392
71 282
579 86
599 244
226 424
769 221
319 195
880 324
496 424
814 726
665 66
944 132
862 385
369 137
256 931
951 712
202 457
573 154
833 288
54 411
593 566
457 157
438 565
217 805
405 184
400 333
328 56
737 158
792 753
237 158
155 295
212 170
207 710
753 62
585 371
587 341
830 720
537 199
718 472
649 919
900 552
316 554
862 897
406 280
357 379
543 107
333 91
431 8
744 6
50 25
510 278
142 502
770 911
777 825
785 681
384 213
134 693
164 544
895 938
646 937
318 92
118 191
693 384
574 453
7 533
849 461
690 853
553 774
804 414
610 96
253 436
288 514
482 155
203 495
26 173
407 685
888 828
132 824
606 945
793 755
533 291
791 907
943 52
569 548
139 640
624 438
424 786
740 824
225 448
455 523
627 161
723 945
227 11
799 834
148 34
24 615
476 169
894 921
472 849
770 645
628 896
501 190
387 602
325 954
931 385
630 430
807 602
622 690
710 462
666 651
839 887
24 243
63 370
196 888
132 427
764 736
185 795
321 546
650 148
686 554
446 374
666 181
412 305
336 803
55 440
561 682
679 169
593 98
576 485
911 687
46 738
137 962
28 877
549 721
859 911
223 20
250 714
519 797
439 803
261 585
709 734
964 199
124 432
964 371
239 39
515 609
240 819
346 668
12 879
104 168
794 611
800 951
568 102
599 285
907 281
171 143
364 797
497 153
504 759
493 839
241 895
596 185
135 640
849 618
145 548
43 742
1 913
63 576
191 82
780 218
683 247
55 530
238 383
478 534
674 739
453 663
280 398
24 829
336 889
604 431
570 470
367 253
659 917
557 161
19 141
25 551
678 870
142 3
161 557
584 823
837 665
498 863
255 418
197 512
153 938
583 922
52 837
778 905
728 594
902 509
351 889
231 94
314 184
530 172
211 883
635 395
751 678
127 5
72 106
423 268
126 246
637 14
649 828
399 406
376 559
364 314
186 448
532 911
667 361
14 888
747 751
503 182
755 676
344 701
655 836
577 779
223 635
782 712
930 124
559 740
153 569
664 34
267 570
854 801
730 240
504 827
539 659
397 321
735 527
742 725
612 94
889 483
548 729
248 505
2 120
311 518
472 48
792 269
808 507
294 240
741 100
393 454
899 127
54 335
411 54
567 463
384 558
238 295
751 375
853 606
743 707
70 561
491 897
908 474
82 954
225 504
288 413
559 57
444 492
549 238
11 915
657 620
229 136
6 55
365 962
941 93
9 566
918 97
88 11
201 225
752 127
441 855
794 565
741 412
477 49
126 746
896 606
824 322
920 357
545 866
334 311
627 345
555 557
838 306
773 371
261 64
570 776
28 41
289 824
477 37
686 487
58 227
433 46
152 225
202 472
436 335
383 252
831 17
53 658
141 772
523 42
800 777
77 193
165 586
202 934
715 716
74 681
259 381
927 586
595 187
880 755
636 201
698 788
111 436
607 259
59 3
760 554
484 404
37 949
921 148
570 118
113 319
187 67
47 837
424 625
394 617
6 526
614 286
366 902
694 228
264 484
105 601
625 465
14 847
205 227
337 942
891 577
326 785
194 761
730 562
882 910
31 86
647 353
328 437
445 590
561 537
888 218
411 772
602 204
766 486
163 433
783 832
907 532
20 296
820 127
183 930
528 193
266 90
625 963
111 709
36 393
878 849
674 73
679 907
465 33
694 534
440 352
841 911
21 663
842 410
354 943
439 131
927 301
187 365
193 548
678 163
383 415
598 228
23 153
197 448
950 450
873 408
285 873
352 132
461 788
724 721
602 896
110 180
80 236
44 316
890 671
634 200
735 952
518 364
443 828
422 467
591 390
237 272
403 782
571 115
430 333
822 455
775 46
238 456
258 852
609 114
695 465
60 585
483 849
551 784
741 316
505 49
658 508
469 825
53 162
298 514
13 642
340 351
320 291
328 339
275 607
302 205
592 14
792 410
875 423
634 288
353 248
372 262
351 944
389 810
173 309
493 177
601 211
598 513
873 301
328 947
40 247
159 5
212 767
449 963
524 870
812 416
920 135
663 934
208 649
953 739
939 43
318 498
930 419
946 441
4 722
888 104
893 693
387 641
532 654
515 282
566 272
176 912
354 680
718 874
660 340
734 141
744 790
645 771
318 553
641 272
185 281
382 124
660 636
59 295
292 449
31 21
49 393
146 733
79 721
244 176
129 497
63 248
367 603
230 189
927 361
825 811
514 339
406 604
167 131
486 717
695 460
459 590
298 714
725 23
343 243
614 363
900 211
884 740
742 265
320 883
612 964
280 727
273 963
189 129
88 232
168 241
683 250
312 877
193 442
255 121
330 292
93 646
311 277
459 611
347 536
569 266
258 636
326 351
922 359
352 905
6 912
310 595
811 782
347 763
856 598
405 880
787 775
147 486
685 790
203 884
459 791
760 131
838 38
387 133
489 763
487 170
613 13
745 24
46 851
310 716
773 671
339 936
691 383
411 921
664 185
217 702
194 217
650 270
951 915
458 302
186 892
136 106
720 558
660 184
626 342
303 62
335 218
75 29
52 465
849 188
656 645
244 309
951 885
903 274
568 608
952 403
558 354
834 721
324 738
389 682
862 903
127 133
846 251
587 693
398 138
341 539
716 803
508 163
542 552
436 769
292 322
802 788
949 75
822 828
267 159
242 663
947 751
213 866
306 588
612 829
398 89
336 850
59 145
1 343
947 820
273 522
60 590
550 730
239 670
881 44
105 94
371 416
152 288
865 228
710 624
212 740
710 228
470 331
85 458
841 162
768 204
240 189
269 236
845 483
868 271
959 564
900 293
523 453
230 408
644 465
798 206
469 323
696 468
579 641
115 942
801 543
619 771
486 590
819 621
588 495
660 443
432 908
253 409
378 497
854 198
551 450
478 485
788 170
180 576
261 133
542 314
861 887
186 466
822 608
819 798
859 893
948 748
949 41
426 726
42 735
358 373
477 890
619 385
296 236
30 498
311 483
272 254
816 744
485 57
906 462
379 790
737 624
550 705
365 624
622 81
353 885
734 908
947 315
775 628
544 19
314 947
667 49
138 663
356 579
688 489
416 700
891 378
101 279
322 638
496 340
75 177
644 949
420 267
25 166
294 332
170 682
570 164
471 605
570 466
370 964
83 770
188 442
926 669
524 809
931 11
182 941
167 632
834 570
493 104
714 654
766 503
560 4
11 534
175 47
26 237
328 74
83 183
167 824
63 112
676 366
956 124
271 473
669 772
431 569
815 527
437 720
359 1
119 815
401 705
212 314
922 499
726 677
579 107
522 696
530 859
67 867
775 282
447 552
362 742
23 165
411 211
843 964
280 56
650 393
82 195
4 965
933 107
39 868
142 194
798 909
696 934
505 413
493 262
121 765
249 417
751 757
248 494
100 562
811 600
783 30
175 705
132 648
411 577
336 251
43 617
295 374
205 71
10 852
659 731
260 158
769 887
436 760
52 795
204 310
228 646
952 645
862 314
645 708
920 363
253 886
912 460
675 600
695 507
26 481
775 145
7 155
469 421
281 312
537 431
859 114
337 948
504 835
336 611
283 207
610 220
477 595
82 191
321 694
391 276
271 275
113 643
523 663
338 443
153 661
819 751
624 16
553 223
793 964
319 4
13 759
228 598
147 871
875 784
185 900
111 656
370 586
149 191
697 750
167 234
803 764
427 894
798 274
571 314
496 419
567 782
100 804
129 404
135 584
736 445
389 618
212 793
394 392
156 496
808 3
757 922
740 109
404 91
899 604
565 223
386 303
387 889
951 613
584 678
43 207
312 38
477 303
911 619
463 211
409 357
104 180
565 758
249 100
729 217
693 735
480 444
650 748
802 775
94 859
230 803
769 271
81 198
933 367
922 17
579 704
539 960
831 183
883 60
363 962
893 868
49 754
350 322
251 593
331 547
212 127
63 221
757 904
251 99
855 900
206 265
675 590
600 810
94 119
526 283
957 848
706 590
527 559
284 717
388 413
746 189
271 451
923 741
960 715
361 885
135 497
678 640
462 395
712 872
49 666
361 822
513 681
192 13
134 85
926 699
871 918
29 404
493 145
791 249
118 386
470 135
446 326
133 787
290 885
53 600
100 675
326 831
261 81
418 349
717 317
700 156
663 402
932 149
812 246
66 183
885 817
600 633
919 575
225 232
610 183
901 380
49 839
489 958
407 423
838 542
416 552
68 104
765 910
620 537
4 555
947 316
517 366
90 903
25 583
611 692
586 178
271 403
950 608
241 112
199 811
680 905
203 422
525 440
935 570
764 936
712 505
661 848
137 499
654 527
113 289
677 230
492 626
634 374
398 736
220 843
432 640
787 101
117 238
5 687
831 72
147 728
959 767
961 702
223 293
358 238
114 887
291 708
411 443
262 802
678 713
665 784
743 459
264 168
681 385
859 697
137 182
370 784
370 267
761 360
177 280
493 513
644 394
485 426
206 155
499 285
683 327
618 281
243 602
669 656
631 163
599 556
358 923
591 846
126 698
36 610
793 193
962 712
171 527
91 902
708 906
590 278
842 234
266 331
873 393
370 410
370 584
176 729
130 648
276 560
770 943
5 122
282 332
69 479
482 804
695 802
920 472
918 905
579 293
652 122
183 249
622 351
903 413
877 198
173 264
294 111
226 120
759 842
670 82
779 866
774 789
537 350
110 952
445 800
124 688
725 450
870 851
66 199
538 249
512 153
641 171
31 720
730 932
833 255
809 741
393 951
28 712
335 334
755 738
54 786
443 696
13 856
431 82
507 798
956 791
660 326
584 343
875 456
188 433
838 565
799 248
395 884
302 786
895 406
754 9
586 710
553 128
697 736
838 914
2 82
490 466
330 365
861 321
728 286
538 20
107 65
717 865
411 573
663 945
948 790
425 687
296 299
368 265
558 482
362 564
289 365
162 584
946 515
404 458
87 179
108 316
45 311
787 451
212 832
343 476
734 420
382 287
31 825
129 116
837 900
202 547
840 320
61 98
673 175
396 515
933 664
332 551
679 718
559 20
909 946
760 898
608 692
762 193
411 673
143 694
175 662
136 899
687 901
497 708
406 307
484 392
445 887
406 798
361 33
905 960
210 710
55 400
963 254
788 930
738 363
746 172
191 724
550 647
462 12
88 443
232 428
359 336
44 85
183 720
413 892
130 715
415 729
292 16
187 710
372 899
818 223
71 409
37 164
704 398
897 464
630 498
351 924
597 910
665 457
554 820
249 120
892 418
177 875
260 142
439 747
474 160
409 187
103 474
739 857
547 380
926 93
244 124
255 923
349 262
934 676
345 308
225 219
335 144
401 94
224 178
531 863
364 382
360 565
106 379
476 294
333 665
570 540
348 222
165 645
457 405
875 3
702 583
559 889
111 955
493 25
374 868
895 139
82 586
492 415
352 265
88 664
770 564
913 109
707 271
49 252
924 423
680 898
367 197
57 672
730 247
184 444
829 553
246 572
750 305
714 597
425 498
48 755
290 204
583 98
376 27
388 70
529 926
847 386
789 280
38 765
960 261
568 72
496 231
18 810
655 718
751 956
329 625
726 520
875 520
159 480
578 184
193 271
282 720
708 732
38 7
67 555
133 32
950 122
254 432
32 257
707 866
476 948
630 418
40 309
144 588
468 239
878 619
869 902
423 794
414 641
39 9
79 400
884 535
84 926
683 754
227 249
4 56
557 246
235 206
929 410
415 471
106 353
79 291
405 855
53 934
487 34
388 498
111 860
861 237
724 313
569 53
359 374
387 326
19 667
446 189
515 704
619 896
422 261
777 701
935 649
71 550
268 133
160 452
416 395
520 184
870 173
421 56
754 147
805 445
571 480
465 369
278 696
18 525
883 950
853 225
794 891
476 289
318 529
723 317
345 759
946 49
120 51
493 958
732 203
664 220
608 842
871 126
572 961
611 179
85 13
582 526
480 744
717 624
360 42
217 667
795 911
834 536
26 113
597 73
83 432
532 942
916 665
951 531
530 883
747 17
839 243
556 181
845 560
654 208
93 371
467 255
6 762
804 949
860 841
109 811
802 386
234 413
222 583
40 411
951 726
854 421
100 116
440 75
665 252
330 592
125 797
126 517
648 189
789 844
211 957
723 529
531 466
465 175
116 428
511 89
45 53
522 607
60 341
168 24
485 694
822 313
854 35
42 103
256 420
928 678
433 200
798 99
404 266
26 626
164 588
387 61
31 120
76 870
262 413
185 658
444 37
932 715
917 757
898 424
414 295
531 841
202 470
582 460
69 389
599 586
908 106
271 787
580 475
917 922
576 350
744 231
143 51
733 257
913 790
949 428
540 599
855 841
370 603
102 624
616 641
34 877
868 371
337 206
283 760
487 742
848 753
3 777
609 368
528 205
686 178
530 834
92 550
27 510
734 258
104 420
160 954
730 723
827 475
898 282
730 847
814 743
374 491
92 914
353 240
333 312
593 789
775 907
42 926
409 189
829 335
917 214
392 796
281 329
138 479
940 196
495 411
285 695
278 50
314 527
444 766
936 383
262 323
319 530
9 458
615 50
190 884
418 219
448 250
827 521
78 925
584 844
484 465
404 841
337 666
478 490
22 783
472 268
251 407
160 424
433 440
909 603
723 702
841 829
691 635
435 700
579 235
426 14
503 577
153 506
34 816
128 236
939 869
131 414
530 749
804 475
918 414
153 424
798 561
176 243
754 950
742 936
391 23
694 887
806 57
243 639
118 361
874 820
190 711
435 109
836 872
316 138
404 558
622 97
462 665
620 324
816 593
392 206
721 848
582 961
890 726
662 329
562 498
421 513
489 621
143 516
313 358
733 859
506 776
185 448
576 418
926 309
286 700
556 935
118 771
77 350
793 953
819 669
665 119
709 565
442 615
70 898
662 848
267 344
673 23
93 313
881 608
289 141
898 603
474 632
679 866
631 926
131 272
289 396
38 287
886 391
463 195
883 839
630 918
129 526
767 694
204 959
729 931
75 568
18 294
886 623
794 838
385 895
501 210
33 750
927 221
385 35
219 394
120 192
485 48
308 282
842 443
919 625
267 257
576 762
562 565
44 461
259 811
888 801
530 682
96 686
8 97
821 502
81 159
902 181
921 939
770 197
475 347
770 41
831 510
658 611
813 485
483 905
635 791
775 250
959 963
813 177
228 575
650 700
655 897
405 231
232 45
255 885
224 379
766 848
425 768
858 317
238 940
740 583
465 955
726 221
145 414
142 257
463 619
854 190
305 54
141 20
256 788
234 471
72 48
934 304
461 566
753 517
228 492
449 959
557 450
875 461
906 482
860 266
469 192
600 260
729 735
589 756
350 961
837 230
774 621
597 890
835 12
388 568
111 653
855 164
79 182
911 283
675 92
920 394
255 796
396 184
309 885
533 551
301 897
302 791
625 412
86 153
248 189
114 149
338 377
525 14
491 956
317 674
744 534
19 259
435 428
406 152
596 679
950 612
608 651
592 820
270 469
300 370
93 465
867 738
889 824
139 28
38 828
34 576
137 337
799 54
126 865
774 74
872 376
191 513
580 851
361 916
555 900
241 217
601 520
780 421
923 3
423 561
91 566
740 832
87 741
887 889
658 321
303 686
391 599
755 289
854 565
134 365
617 792
905 671
340 947
616 580
336 57
715 32
317 234
690 824
656 177
282 589
584 868
418 764
29 152
939 585
795 726
317 60
744 481
212 97
326 799
127 756
525 878
648 870
933 316
542 2
631 790
278 559
203 801
624 145
559 291
626 686
915 530
744 672
545 281
722 543
815 51
508 267
666 330
828 546
894 10
162 700
592 681
597 405
925 301
396 819
777 868
624 559
420 872
834 698
627 332
937 62
181 669
576 556
899 744
830 370
437 506
867 228
654 472
914 866
557 470
51 769
173 411
828 56
607 50
732 525
581 113
668 158
541 811
76 686
909 754
175 720
138 750
946 927
286 546
626 869
346 774
645 420
163 213
128 949
662 563
376 526
503 690
142 491
239 169
949 311
46 763
605 48
241 202
589 82
42 447
159 132
228 257
94 381
277 262
222 767
357 732
246 467
659 868
484 441
808 947
254 937
398 711
399 232
317 963
434 620
323 703
913 117
327 896
702 953
67 211
305 454
66 243
198 313
429 147
77 760
690 107
542 112
956 148
588 9
825 334
131 807
297 721
568 628
695 945
735 253
904 557
427 846
252 679
239 846
201 439
113 808
79 93
786 679
891 791
114 186
649 373
264 270
842 145
719 598
236 357
804 498
696 208
752 608
588 868
852 355
241 20
760 779
80 246
333 566
61 850
400 117
622 844
294 339
635 102
579 873
891 339
887 314
114 936
110 569
464 807
255 570
22 253
135 956
733 720
903 266
958 411
152 611
83 741
316 71
627 239
281 364
559 598
839 582
504 842
206 416
668 757
94 767
803 363
475 505
585 885
9 247
138 957
516 955
192 621
651 320
622 757
581 80
106 278
565 574
525 340
470 950
297 827
941 736
88 921
769 438
901 164
876 861
741 21
413 602
618 729
654 210
269 547
233 848
565 170
870 466
546 237
265 22
513 797
538 682
212 64
925 104
58 842
535 814
260 422
753 939
498 925
664 324
866 798
133 345
552 675
425 705
591 92
632 630
45 499
264 897
355 352
660 325
781 918
958 805
93 222
508 813
915 793
710 374
620 791
302 797
687 165
446 156
474 217
246 513
815 611
64 406
216 800
844 431
601 281
554 556
511 951
270 731
775 744
445 716
797 209
293 217
141 89
854 420
292 512
309 390
656 739
770 915
594 505
230 600
698 557
219 236
675 342
547 13
943 525
811 964
227 19
163 290
843 26
803 285
203 421
693 462
807 628
451 318
510 809
98 448
270 715
347 611
449 72
565 639
272 44
46 12
96 782
785 54
625 314
961 536
912 257
344 558
656 889
790 27
143 716
687 893
709 779
526 275
58 409
939 627
944 415
578 752
536 497
74 251
208 851
316 194
203 718
884 108
517 522
691 37
944 749
550 131
366 87
720 796
596 51
418 378
778 279
234 867
542 917
409 878
735 287
920 682
223 680
792 935
445 746
199 559
118 170
269 817
16 432
584 865
876 324
185 386
884 719
200 251
828 773
88 497
687 360
774 574
124 858
387 731
524 259
568 164
529 61
447 331
11 180
943 107
18 809
541 259
383 146
902 935
811 586
718 792
750 544
605 917
225 443
415 812
927 595
893 213
94 837
43 865
902 106
203 45
348 727
839 617
261 249
880 288
691 116
173 141
581 252
201 484
695 395
175 40
75 468
350 655
314 9
643 944
70 6
887 457
784 687
158 593
584 379
432 425
961 885
465 486
943 715
56 659
764 430
233 812
384 356
419 304
731 281
406 383
917 712
112 128
794 660
430 206
516 876
550 277
427 772
69 464
41 710
13 263
193 482
591 289
100 770
671 910
234 919
611 840
363 119
51 215
492 943
799 840
853 644
900 351
173 115
43 354
487 903
12 226
466 233
592 825
150 211
497 261
234 310
581 229
673 452
919 541
280 845
646 275
339 764
33 274
622 488
775 800
399 501
429 427
13 319
48 133
542 23
224 446
124 815
486 773
164 865
557 397
643 914
38 350
880 226
613 100
27 209
507 904
717 694
17 733
153 629
952 247
583 138
79 524
930 817
668 561
550 888
520 359
190 474
682 900
379 797
517 796
461 793
721 291
667 448
494 701
723 213
676 496
831 581
529 640
486 114
103 473
234 91
754 105
887 586
609 616
14 668
365 710
34 899
249 140
369 268
747 437
765 672
887 693
557 702
669 437
155 553
752 652
959 172
957 465
522 245
961 729
212 443
552 35
724 327
799 265
40 680
69 602
428 186
34 352
286 51
692 170
840 277
255 479
776 600
541 757
724 30
268 49
752 154
725 476
940 806
10 826
673 855
32 132
212 453
720 248
216 515
346 15
322 204
326 180
483 943
582 739
752 443
961 817
276 131
477 712
739 23
164 113
684 291
178 355
393 49
662 680
388 512
935 72
288 941
24 404
911 665
110 859
194 915
142 174
258 20
216 483
765 843
848 771
219 133
666 304
650 256
195 26
300 469
712 193
709 59
345 303
162 260
694 959
731 352
705 800
723 296
321 424
481 56
726 240
364 669
559 672
600 876
639 839
837 169
919 42
15 249
305 109
682 125
686 567
815 827
167 860
422 468
194 301
758 704
635 920
734 799
630 316
783 719
489 569
284 662
731 827
214 705
846 610
915 678
805 98
127 307
146 25
227 769
659 469
499 146
166 133
299 932
477 469
230 781
277 564
159 753
336 464
835 637
853 658
773 67
607 748
454 350
725 444
800 371
723 774
627 913
554 115
648 626
812 809
296 580
333 364
383 646
364 905
443 108
391 560
24 852
754 645
876 531
885 782
439 746
412 190
699 457
358 382
426 253
947 848
157 325
7 122
827 943
378 830
380 164
343 660
20 811
703 245
950 431
229 247
799 936
296 813
14 475
97 386
101 220
265 631
652 583
965 134
219 217
98 772
754 123
272 331
272 408
731 359
609 534
942 122
809 906
671 806
177 754
420 813
58 773
839 246
310 806
134 617
518 620
858 447
605 42
370 879
223 203
830 183
469 929
172 419
289 10
798 258
250 230
237 418
270 735
776 728
574 38
66 376
860 584
944 224
656 724
232 357
953 830
343 780
351 710
955 163
279 645
716 213
442 712
45 378
857 633
955 696
960 36
679 827
654 687
124 576
622 832
48 856
888 172
365 756
894 819
121 823
51 385
891 389
651 761
697 724
493 946
399 362
184 827
338 262
936 106
942 917
432 670
461 949
692 725
635 575
92 680
379 661
889 909
617 938
334 210
222 313
510 518
190 769
562 540
632 133
918 825
90 940
875 763
581 61
322 889
137 652
935 9
44 434
518 796
871 412
706 804
914 211
349 438
464 169
96 156
299 387
719 900
272 613
91 952
466 724
588 616
15 669
694 482
50 615
940 295
731 395
406 636
635 691
453 312
597 503
101 584
738 240
773 318
323 351
382 628
322 461
231 543
563 507
127 859
761 407
158 46
753 243
128 314
622 874
806 439
208 76
381 742
575 133
165 256
642 626
169 432
183 880
609 786
316 551
836 919
931 822
225 42
376 270
954 676
703 44
718 584
9 388
353 100
334 707
474 44
149 745
339 644
670 281
650 657
573 930
726 538
740 543
289 136
941 475
571 322
25 689
620 285
533 310
606 153
159 609
602 435
246 425
829 700
512 102
301 715
770 595
722 685
32 772
587 439
930 483
316 221
607 844
783 238
537 702
626 537
114 525
817 220
857 831
757 366
185 244
182 946
538 444
41 522
213 287
822 446
110 958
631 946
896 944
736 409
943 114
151 740
632 963
605 689
82 613
305 626
445 82
375 429
536 637
247 949
668 929
793 101
919 913
265 930
486 577
455 426
286 626
162 725
312 80
291 114
258 592
143 262
244 527
373 188
562 524
555 232
503 283
77 823
142 284
437 506
604 415
808 892
961 310
101 353
481 958
487 828
381 648
805 270
118 313
348 675
353 329
56 928
323 743
225 242
73 475
470 319
450 324
534 451
461 522
177 717
682 772
283 739
443 195
253 61
518 580
707 665
250 921
828 272
678 530
774 962
963 312
927 824
353 506
303 698
831 225
182 890
223 625
356 926
631 255
65 430
364 419
770 121
619 442
857 468
378 761
514 134
307 801
69 45
849 201
614 575
893 844
535 258
868 366
380 48
84 269
445 614
903 512
647 247
805 278
943 342
193 459
535 840
876 188
66 458
330 870
956 539
518 824
553 676
402 397
526 203
844 845
557 376
882 265
756 244
679 712
964 764
769 774
733 41
927 462
512 459
297 240
934 289
773 50
633 264
944 866
928 44
660 185
379 5
286 294
923 104
680 179
134 31
561 658
178 240
884 691
524 415
469 94
380 340
719 166
948 932
663 694
548 488
837 845
130 486
660 956
882 898
208 31
188 414
830 10
919 881
730 82
300 704
926 280
313 775
835 712
202 454
418 127
731 312
308 629
348 474
871 550
14 614
703 262
86 227
395 215
913 387
567 134
284 365
809 312
962 717
349 142
85 237
691 318
186 221
510 965
213 623
888 830
680 167
530 93
366 798
498 54
534 173
359 425
468 812
951 345
723 949
412 514
691 31
350 568
690 896
913 283
534 290
901 904
40 419
825 395
421 646
379 530
749 440
230 276
654 602
738 530
114 821
420 352
63 589
454 145
412 365
384 600
457 190
787 371
372 100
180 201
875 763
809 390
583 911
369 193
284 119
549 214
207 219
241 691
267 940
468 373
90 227
235 248
583 118
733 228
852 117
923 894
480 747
96 761
939 684
907 502
357 249
839 205
847 643
205 873
142 768
766 465
542 683
342 22
531 635
672 480
138 821
693 285
629 99
386 76
774 220
619 129
160 327
314 610
68 807
519 504
907 731
888 207
544 431
410 651
133 914
123 879
748 776
126 747
225 913
279 531
716 918
694 500
477 267
184 820
803 845
264 155
117 305
32 824
875 243
552 320
536 157
34 422
892 521
535 471
467 702
22 618
712 357
689 672
374 928
133 493
94 857
332 909
49 455
739 115
23 255
125 764
936 663
494 634
120 57
725 700
289 40
330 755
880 444
693 928
225 49
796 441
143 902
649 202
803 83
715 244
851 878
353 8
715 14
242 151
823 871
642 542
68 520
653 78
233 919
918 21
728 262
230 655
808 282
714 734
82 643
682 911
945 925
37 113
655 865
520 861
125 120
942 787
405 347
584 823
227 218
736 702
260 521
503 881
770 709
578 640
625 313
441 847
601 489
608 109
430 936
512 435
198 70
426 635
81 133
592 558
834 69
867 76
901 436
909 818
241 876
717 23
102 574
284 933
921 154
489 849
956 345
375 596
533 227
140 817
202 943
859 912
652 440
883 466
485 817
91 569
759 202
356 275
311 733
716 86
51 365
763 929
654 45
573 220
835 404
197 154
458 438
222 481
567 19
430 847
274 390
91 623
877 770
343 165
481 780
51 740
879 649
492 214
614 137
411 113
237 205
200 479
919 146
514 497
811 332
72 629
126 946
849 166
817 907
185 936
458 685
412 459
648 673
938 203
150 809
10 226
423 561
257 846
334 201
132 521
589 407
899 817
420 896
418 66
927 359
23 88
233 232
546 583
602 540
860 556
312 964
343 70
104 572
635 269
728 860
745 162
477 42
253 751
172 269
806 729
267 456
310 766
962 559
97 127
325 898
757 752
602 125
496 204
361 29
51 229
483 723
615 310
356 300
537 119
713 517
363 552
643 858
174 367
346 862
164 616
592 903
576 532
190 710
80 115
388 826
29 742
92 515
99 123
669 254
285 402
206 745
172 288
759 144
766 580
728 804
22 108
135 134
517 439
371 965
942 494
31 35
921 290
91 66
34 724
709 775
886 876
497 749
730 947
65 787
476 22
403 678
33 476
138 206
334 3
448 394
775 679
762 349
288 282
261 605
457 534
218 215
396 771
121 251
755 199
286 332
241 658
314 371
785 158
770 816
950 209
668 760
272 892
23 824
196 238
659 712
414 617
793 282
521 141
954 848
441 762
47 187
745 695
627 321
920 323
304 825
268 514
696 104
76 671
933 42
342 78
592 908
325 679
416 311
852 52
267 6
191 618
619 59
289 354
242 528
13 58
847 258
255 237
962 755
316 4
447 161
765 5
322 142
499 650
913 873
483 830
220 662
424 948
42 473
116 446
535 13
214 134
78 121
683 912
713 330
353 802
577 316
954 25
152 775
777 656
606 715
72 539
772 123
265 702
12 959
948 545
382 388
871 800
748 237
829 684
716 10
141 644
366 463
228 556
930 292
774 39
619 407
777 330
414 24
33 186
797 776
823 34
635 723
748 819
108 85
645 121
586 698
738 548
605 645
447 844
405 146
580 51
348 315
891 843
426 213
315 581
666 165
340 529
250 260
723 197
136 514
555 660
815 149
612 857
949 81
667 851
630 44
921 907
655 332
311 243
837 359
52 632
261 672
702 367
740 741
964 908
253 856
109 921
139 415
474 208
561 881
792 47
137 327
557 367
345 455
551 565
641 84
419 576
806 951
714 620
492 482
482 357
547 212
443 340
378 626
837 264
436 513
871 897
564 209
344 793
265 700
651 631
22 174
506 604
176 233
927 306
871 509
436 765
948 402
740 595
227 171
372 803
120 201
261 451
127 86
945 58
12 3
822 408
822 348
862 70
826 74
697 823
111 311
155 716
634 200
724 606
472 562
260 804
671 455
261 490
357 940
649 841
554 506
48 164
130 205
477 680
876 433
232 934
575 421
245 124
306 958
577 10
965 403
105 212
573 228
364 216
220 417
711 646
51 582
811 783
30 61
907 680
741 826
720 897
903 753
760 888
273 181
50 304
70 334
471 479
570 419
474 252
513 377
242 564
478 608
639 168
926 485
679 959
713 760
278 723
686 308
907 676
688 792
263 119
342 481
229 182
383 107
442 459
770 698
116 135
202 192
202 419
831 565
229 859
830 738
855 674
621 24
668 844
859 943
222 533
871 772
317 689
23 257
441 344
99 37
59 720
754 831
466 510
588 159
767 47
427 868
376 203
566 282
937 860
222 913
820 631
489 234
260 61
515 684
783 158
1 798
226 668
649 524
808 173
773 145
823 627
252 770
848 446
564 944
116 388
656 322
818 618
34 878
527 299
574 214
698 926
191 227
527 598
848 121
739 904
86 876
117 735
779 301
704 235
70 658
242 255
565 85
933 84
216 592
177 684
103 933
859 401
37 80
310 851
414 122
756 539
661 303
26 59
11 338
628 323
942 463
407 647
591 127
265 492
631 357
575 168
556 720
958 717
823 327
264 324
287 919
773 202
805 334
950 710
322 607
869 141
420 488
215 931
319 811
129 370
765 534
520 145
523 200
173 28
800 527
138 686
804 528
279 446
303 688
503 422
176 679
661 683
469 400
508 666
160 762
877 391
107 351
206 885
381 604
714 841
150 687
523 565
243 743
21 915
558 768
439 373
4 802
431 640
32 799
797 800
165 11
859 6
654 903
545 578
931 91
538 77
114 432
218 796
604 213
172 831
290 577
597 507
226 523
33 62
925 821
764 251
521 182
902 442
125 392
85 958
365 945
795 872
297 128
913 781
291 686
659 754
63 287
40 467
920 352
791 668
72 655
712 376
682 658
753 429
53 466
916 798
256 220
743 572
113 907
123 34
652 398
180 714
639 182
324 424
25 262
290 613
350 131
894 572
131 96
176 202
891 13
305 799
867 520
432 244
14 359
911 582
892 116
192 810
203 172
726 583
441 714
955 373
568 245
221 619
532 806
830 850
940 504
233 330
63 697
706 872
545 481
857 335
936 359
649 952
721 638
8 682
417 809
475 780
609 6
301 242
564 89
51 184
542 878
435 115
342 7
927 746
404 894
47 195
317 690
175 649
315 772
23 951
589 410
42 950
372 51
519 282
341 139
6 727
412 107
861 663
427 657
610 595
518 147
105 577
248 376
882 60
207 470
827 816
50 269
771 434
937 690
620 590
324 479
322 350
788 261
934 461
470 78
587 857
55 252
544 270
497 653
495 389
815 8
444 185
45 797
244 965
796 821
182 752
265 812
533 561
523 871
160 820
804 502
742 524
888 339
509 366
631 734
576 267
427 176
461 87
119 246
531 309
407 582
650 110
860 842
407 715
208 57
70 453
337 347
872 489
806 823
299 426
910 110
791 764
23 174
61 274
328 708
823 119
664 110
309 622
888 512
604 72
807 744
747 393
130 623
429 473
294 514
493 255
407 102
375 159
682 16
901 494
448 633
248 698
828 678
706 528
155 208
194 701
161 734
456 776
943 206
925 869
3 387
679 870
781 340
410 301
595 805
730 626
459 777
638 414
429 221
155 765
75 383
716 870
42 456
640 780
449 380
258 190
756 704
711 761
95 787
316 645
779 955
735 541
680 578
625 894
269 714
197 925
887 791
184 950
900 292
500 602
696 876
876 277
392 450
61 156
550 893
502 878
95 340
602 612
418 495
198 249
52 951
926 589
271 678
722 428
439 379
562 119
19 828
601 58
896 639
918 433
77 553
70 108
523 307
750 597
314 257
542 726
441 560
360 38
563 443
387 224
601 669
797 472
269 459
277 963
550 569
693 943
66 408
58 760
930 290
146 839
339 903
496 591
643 430
729 254
693 465
210 579
119 288
613 460
137 186
93 537
494 727
40 926
860 518
831 143
800 457
660 258
33 83
435 723
518 446
497 278
660 757
547 763
330 416
17 636
500 635
531 918
468 478
921 881
716 485
537 903
73 377
258 175
165 318
169 440
311 303
702 70
219 368
335 790
360 273
115 939
401 106
698 77
913 856
863 25
380 589
726 407
896 25
121 96
40 385
465 493
446 465
220 4
859 770
61 430
631 194
732 50
890 549
339 270
107 112
733 634
764 379
954 343
683 212
21 460
460 441
816 554
109 569
223 772
377 545
309 466
25 303
263 570
197 517
515 899
171 404
827 28
107 777
522 5
688 14
911 25
717 649
354 375
821 763
822 210
241 830
275 362
881 177
373 242
503 664
268 897
482 214
135 896
64 303
713 803
52 109
622 536
317 647
485 749
90 12
39 238
89 811
790 497
398 841
258 301
150 313
521 514
921 241
284 48
888 725
541 185
448 54
371 555
566 344
173 744
697 746
309 464
329 17
670 652
516 703
407 563
241 899
17 701
23 843
331 438
850 539
137 748
51 150
360 329
688 598
273 364
165 354
532 12
919 853
41 507
652 167
582 429
262 796
351 302
716 778
107 865
924 79
295 474
760 595
661 144
92 171
587 700
651 728
513 706
520 409
892 165
776 163
107 540
346 231
416 105
817 260
208 49
447 524
510 672
665 539
859 418
620 176
298 57
115 5
662 683
433 164
165 736
129 711
433 818
316 723
749 913
380 922
924 555
89 767
913 877
453 253
167 872
779 208
730 676
921 137
745 810
671 527
242 704
870 522
276 641
11 544
815 502
297 355
271 624
127 530
796 316
360 514
662 397
71 332
652 705
696 653
569 163
133 412
30 917
776 643
59 452
346 602
289 693
35 728
102 215
54 144
85 83
494 722
563 403
863 656
534 523
125 897
841 597
811 959
953 26
911 20
250 460
121 641
530 570
416 124
78 215
189 889
12 189
193 21
107 890
742 440
791 831
470 563
642 876
18 729
906 51
743 1
240 779
817 596
936 106
336 469
799 870
540 32
654 745
329 686
147 656
104 446
396 657
909 922
476 297
364 688
377 219
164 248
696 254
481 829
744 897
491 335
188 670
26 42
580 209
892 136
807 444
330 426
794 5
751 951
945 396
748 3
864 625
538 11
867 744
523 504
821 883
319 510
249 330
637 894
464 817
402 111
618 151
219 191
715 196
292 920
50 905
841 677
750 917
13 835
777 380
381 633
640 15
195 484
263 268
870 284
915 449
366 390
228 382
325 170
289 628
493 670
679 948
240 104
790 549
403 809
317 651
852 815
840 475
946 356
440 27
616 650
798 708
516 366
551 214
89 149
650 67
781 514
451 27
581 78
97 78
902 959
116 331
468 736
335 532
151 849
555 645
311 752
896 183
347 277
839 603
587 5
716 528
253 576
268 133
623 682
388 340
318 284
744 506
71 142
771 763
130 791
744 273
680 180
737 944
243 354
152 886
887 659
781 568
474 681
812 530
925 45
142 796
493 236
381 693
285 445
217 696
239 886
759 519
17 140
730 654
160 89
739 324
36 389
720 327
356 472
281 462
963 345
200 693
199 537
688 930
769 207
143 177
834 397
638 130
417 73
825 76
328 950
539 127
94 432
327 227
874 301
283 419
620 696
406 196
50 755
787 518
332 721
924 299
279 712
422 347
842 474
184 620
616 763
833 772
839 876
841 242
487 584
921 603
754 859
260 756
750 259
329 296
536 328
904 92
804 771
951 398
427 768
873 213
148 483
463 520
731 473
377 375
473 798
36 3
594 913
63 521
42 272
805 756
533 624
130 121
730 471
68 488
655 343
726 816
851 246
818 424
388 419
711 576
39 459
72 742
790 1
446 372
780 131
389 326
553 251
609 723
625 241
186 202
794 904
631 328
462 745
432 434
205 502
845 779
819 881
638 470
260 907
106 31
161 666
896 613
951 319
710 276
545 741
642 93
254 931
620 763
582 807
637 902
569 516
775 864
556 13
525 348
704 670
468 925
436 554
730 158
309 302
396 907
36 434
257 416
787 910
55 101
388 336
255 133
501 949
952 781
511 960
266 230
519 932
574 490
28 125
792 934
893 769
863 54
431 107
826 597
573 543
631 849
344 787
863 508
161 188
933 666
954 277
697 159
611 808
146 304
71 139
127 832
222 367
832 885
127 919
194 191
171 579
807 402
791 427
768 292
45 273
63 86
268 855
518 687
187 886
318 468
32 864
385 247
417 670
110 498
875 765
364 679
724 836
154 450
922 709
493 599
226 130
309 105
371 485
905 199
854 753
456 917
748 492
200 405
223 86
92 880
751 295
465 104
347 448
714 472
178 347
710 460
12 829
471 353
133 392
489 122
784 514
803 324
183 746
768 294
411 841
312 145
57 67
61 716
851 183
695 878
28 748
698 542
325 319
213 887
283 186
295 834
399 421
464 571
74 323
934 109
322 494
322 796
413 606
709 619
703 856
212 752
564 109
305 187
458 191
824 520
875 326
197 268
345 64
257 329
767 116
381 491
737 531
77 866
355 942
672 493
359 424
15 617
301 820
824 156
824 215
112 430
87 171
15 282
463 758
607 705
182 272
899 916
248 563
74 650
585 10
320 588
582 792
850 121
844 741
696 915
124 351
637 459
238 670
173 226
210 597
642 527
464 45
85 620
403 505
115 178
825 824
838 433
711 518
393 790
300 237
457 945
662 702
226 370
762 524
667 705
282 738
744 90
906 142
913 780
806 581
83 255
798 904
40 762
397 762
765 866
790 283
653 182
840 879
10 84
740 370
328 865
390 936
299 560
640 868
111 874
201 708
417 176
730 414
571 962
69 114
344 763
792 764
617 834
373 874
490 508
249 298
104 1
830 216
542 156
658 86
155 932
557 395
21 659
308 424
401 810
601 308
145 79
157 81
150 158
44 754
64 70
580 573
620 842
145 236
248 538
373 353
555 807
202 819
293 46
40 197
884 792
9 811
291 514
126 572
233 100
35 148
232 607
512 86
313 790
698 340
784 824
525 115
675 940
424 506
703 276
546 643
30 254
488 765
856 96
485 282
870 868
951 956
216 965
523 478
924 791
952 179
492 479
848 15
413 301
458 342
4 864
816 96
903 420
215 857
91 503
547 168
875 19
425 527
642 422
765 336
49 124
256 97
464 773
387 347
442 467
391 819
327 294
123 866
26 410
740 102
739 583
455 167
279 27
111 775
740 879
471 71
662 653
322 518
70 632
542 726
250 146
359 503
161 256
723 140
157 598
194 2
389 703
652 688
491 793
410 573
295 837
686 945
602 770
504 959
435 828
716 463
907 62
868 586
960 325
229 792
958 704
128 29
60 652
398 642
57 945
751 640
738 838
746 689
422 658
263 336
318 346
121 547
433 846
291 157
162 959
570 339
940 713
174 537
671 308
788 213
739 957
401 54
860 109
810 842
342 378
108 875
593 570
476 698
741 5
520 11
931 94
399 225
456 486
785 366
18 387
238 403
287 400
424 519
636 370
601 579
187 614
744 345
443 897
351 516
726 805
139 596
301 313
852 153
798 230
511 448
627 546
471 398
713 18
892 53
569 159
262 789
292 569
678 468
797 606
249 171
560 564
109 29
344 798
620 861
681 788
296 731
816 757
456 782
379 362
21 126
737 324
250 392
768 898
536 295
47 223
651 769
256 937
937 291
311 791
275 874
853 182
752 127
453 900
221 841
218 546
899 527
576 695
489 490
760 689
503 525
816 938
743 512
188 113
104 395
806 734
147 677
238 690
297 93
371 276
57 221
948 480
499 394
623 279
500 926
426 232
527 903
20 113
573 924
329 455
737 614
305 835
765 157
817 486
746 682
509 234
494 388
841 719
318 470
305 424
265 251
138 327
281 930
226 768
671 923
655 814
281 141
169 885
825 16
49 86
149 606
608 103
265 897
280 87
479 290
452 889
896 722
851 743
8 265
400 748
494 826
168 763
98 600
152 614
804 252
436 133
75 742
365 376
61 317
270 186
222 445
552 550
72 786
430 803
888 312
782 438
945 750
699 165
738 734
532 822
723 264
165 896
57 422
431 200
449 460
697 247
624 273
360 461
594 145
735 24
162 503
6 40
165 343
401 225
93 868
287 557
256 49
496 259
293 706
397 418
654 223
836 229
720 200
707 922
622 705
10 362
963 59
135 201
727 547
863 543
141 565
6 34
249 919
531 964
163 943
946 178
872 366
315 953
867 189
497 77
241 821
561 928
350 5
346 540
561 751
134 428
449 769
63 617
22 621
375 272
693 378
545 152
406 684
709 415
453 465
479 581
763 90
607 251
6 717
572 361
921 800
391 421
903 489
17 189
545 30
672 9
540 311
918 386
542 221
864 831
724 575
447 450
407 346
704 593
608 230
24 732
941 262
66 44
421 728
695 514
820 845
753 269
646 947
817 940
221 636
647 337
199 528
9 766
415 315
154 834
543 612
124 101
795 453
211 270
199 426
823 644
246 449
217 2
136 725
286 474
569 85
123 729
595 844
671 760
298 860
434 917
811 578
226 295
360 86
824 620
808 168
366 189
278 581
565 418
316 234
822 441
99 133
358 893
495 948
33 452
315 650
66 192
343 292
789 609
87 477
914 136
618 24
51 693
497 674
459 545
640 644
85 645
53 587
902 615
609 95
395 368
754 546
630 658
182 891
951 203
611 143
349 335
343 724
39 109
847 62
19 417
745 408
752 322
104 315
163 3
241 316
69 806
755 277
639 32
671 829
634 795
43 882
228 431
475 274
473 597
205 519
568 418
812 249
551 136
294 277
573 637
163 435
503 957
328 618
301 742
213 208
63 195
314 79
455 189
526 488
488 763
950 722
601 815
123 343
379 868
582 860
321 487
899 876
784 812
603 363
486 73
844 774
14 940
732 893
560 822
163 399
500 149
722 200
861 296
470 189
754 509
283 465
207 81
6 799
208 5
474 797
493 293
882 9
350 295
157 832
698 930
76 935
384 147
495 658
916 620
681 789
155 401
492 77
573 332
524 168
475 447
577 590
886 956
180 843
601 803
770 662
619 902
651 206
312 776
553 66
279 561
319 385
786 772
597 211
918 76
39 770
142 807
893 640
134 8
305 799
356 673
145 930
912 484
904 422
474 960
120 642
635 95
249 700
950 913
467 595
539 868
501 925
391 822
251 963
117 20
851 699
88 761
673 167
577 179
772 832
452 568
374 923
442 839
533 721
15 637
679 399
452 70
185 90
810 693
364 603
614 245
135 572
119 132
493 187
948 753
961 125
666 756
498 883
156 711
10 518
735 529
622 62
460 517
436 87
383 420
232 195
792 852
45 14
133 66
279 160
906 265
409 188
118 817
469 500
733 364
944 529
556 947
660 202
657 318
377 22
576 520
493 67
39 673
120 682
348 264
748 638
952 353
811 220
891 761
420 452
903 41
454 41
428 639
650 707
957 842
681 553
762 138
374 815
239 40
600 917
771 878
908 428
436 280
532 739
248 842
340 572
440 47
699 179
819 757
873 124
643 936
81 629
766 778
780 542
453 734
70 640
938 120
500 218
486 375
456 126
248 908
371 306
940 73
8 778
389 965
932 123
486 466
768 603
412 123
411 143
192 594
869 513
163 605
340 818
218 796
492 695
307 154
918 733
569 490
264 110
270 960
588 505
82 439
276 260
32 380
797 682
567 162
350 538
141 467
218 364
825 809
853 855
180 228
33 870
679 204
782 350
809 932
890 646
145 624
196 915
541 46
546 17
863 610
840 207
38 731
379 312
94 751
41 757
278 182
87 832
677 331
361 715
559 137
536 266
849 53
427 162
379 115
544 645
743 216
756 874
503 732
176 56
344 7
514 166
929 80
1 31
958 789
378 203
86 317
757 432
909 767
83 919
715 52
775 408
84 212
824 693
513 374
197 105
273 169
216 465
805 538
463 863
848 307
10 898
199 289
303 476
158 798
439 521
62 428
668 843
29 725
785 470
695 678
255 929
23 491
424 445
453 78
799 146
358 90
726 482
944 319
373 456
824 786
849 804
688 667
533 490
524 229
591 240
220 912
869 109
553 540
221 538
153 774
476 811
293 37
680 910
133 339
63 910
324 900
270 324
290 890
398 672
123 831
359 872
632 643
568 383
950 717
18 273
721 206
480 852
481 201
836 595
365 886
599 265
249 29
791 891
579 304
459 679
45 189
516 494
349 567
784 194
429 790
663 431
613 540
720 409
938 159
589 347
159 128
806 104
664 143
853 870
462 928
708 859
813 252
953 762
898 507
43 902
530 29
247 177
247 452
886 178
34 777
310 810
619 289
388 592
483 778
321 541
784 99
775 946
958 601
415 919
571 755
839 881
244 639
165 691
13 11
199 51
527 794
297 84
297 402
483 160
22 163
741 262
535 418
373 574
747 79
205 513
567 900
215 61
728 611
418 702
847 615
899 193
723 666
447 356
218 752
65 772
954 581
487 258
499 139
717 174
346 882
164 440
238 694
833 213
278 23
733 909
542 66
404 336
839 564
946 134
158 462
331 851
749 676
513 142
857 434
443 684
434 742
805 632
910 529
756 365
928 515
827 295
826 563
76 378
103 5
587 653
801 272
359 255
842 492
491 416
342 44
599 794
328 535
450 264
527 365
923 476
326 514
283 507
935 490
497 944
363 948
879 900
827 885
660 286
729 23
670 559
286 510
377 365
287 5
744 324
491 364
811 490
88 651
51 435
488 817
125 171
900 870
849 695
619 436
251 581
400 302
641 400
639 834
704 390
492 689
743 310
784 5
52 374
26 858
382 235
542 629
488 701
874 300
672 639
465 112
913 865
335 140
935 88
229 712
895 426
162 205
944 696
296 448
309 447
335 376
631 856
144 214
481 682
662 745
21 440
29 412
368 39
532 890
13 182
104 720
668 665
341 266
495 511
892 424
786 372
681 959
88 261
600 479
681 912
613 269
173 830
291 138
916 763
615 712
264 534
858 611
447 874
140 487
39 565
249 697
82 770
587 362
486 433
319 463
752 395
564 272
555 719
365 89
953 604
148 895
335 189
669 946
576 572
293 156
569 15
220 872
757 794
662 17
312 360
474 252
555 316
684 683
455 491
961 478
473 236
590 570
715 467
407 794
389 953
525 511
194 237
666 387
453 386
264 225
116 795
111 650
378 768
813 595
252 584
601 876
714 231
657 945
808 681
383 795
194 610
728 581
194 83
176 185
585 702
117 721
674 2
617 346
135 42
664 332
151 709
600 680
479 125
172 321
374 199
53 711
834 822
871 791
378 752
737 56
624 615
659 198
531 594
661 51
512 582
579 473
768 47
577 321
293 109
93 561
580 670
115 374
533 331
307 801
763 139
238 12
655 720
603 347
432 888
554 799
111 543
965 188
289 566
52 836
464 369
288 880
654 492
359 185
961 510
934 516
952 189
187 210
695 725
169 443
465 201
856 601
734 607
828 938
281 864
37 558
223 961
718 209
813 708
626 760
57 765
611 719
198 114
498 880
763 369
702 519
959 13
818 124
639 963
898 383
806 360
229 540
864 803
765 117
674 447
965 586
434 197
856 455
602 646
452 187
325 908
343 320
57 255
593 960
876 578
701 205
236 930
694 910
389 547
618 554
104 182
809 626
886 507
480 638
409 46
70 593
625 191
272 232
478 647
465 208
445 355
405 936
2 462
28 867
689 912
747 553
278 746
233 409
760 764
353 642
369 163
731 493
294 59
105 474
849 680
715 625
344 227
182 287
764 385
693 627
482 106
632 180
573 944
8 904
451 918
199 465
205 152
547 146
492 893
402 960
697 962
618 305
638 11
419 92
257 780
899 88
52 472
226 714
399 906
270 467
387 278
476 542
596 664
512 198
515 380
784 953
604 147
334 388
368 179
707 747
572 73
522 329
399 784
452 643
266 657
149 111
187 920
765 681
506 892
668 363
407 830
482 402
644 349
552 857
32 111
337 104
800 599
698 195
239 448
498 406
340 346
646 182
809 490
598 722
485 825
429 417
439 965
789 522
671 851
780 713
10 329
238 99
588 90
762 337
764 58
452 868
64 192
539 36
819 89
554 665
331 232
939 16
261 732
571 509
424 603
10 458
481 565
809 187
57 484
903 394
387 206
171 953
344 225
434 110
832 784
961 684
68 509
587 789
136 203
318 875
404 407
57 565
842 388
881 740
488 459
888 927
122 900
4 330
120 84
961 710
209 926
313 168
317 756
806 906
918 673
934 351
591 705
11 878
543 775
358 472
118 851
90 699
656 287
235 116
722 494
730 803
727 589
461 199
16 546
10 255
114 840
74 510
636 633
930 709
691 949
786 645
180 799
130 87
170 589
906 756
940 616
582 752
461 444
868 265
314 861
322 127
631 766
533 44
789 64
606 314
774 755
506 836
475 440
256 440
814 43
764 713
60 743
318 262
652 176
644 145
832 224
544 609
639 284
802 467
84 633
192 24
386 197
693 872
51 404
79 548
246 941
665 753
464 49
417 912
720 825
460 563
943 604
302 144
164 66
673 745
66 930
321 297
114 444
718 936
535 939
51 432
497 206
235 422
512 770
723 885
461 100
308 659
111 36
278 749
272 509
368 430
79 671
286 680
408 401
358 38
332 565
760 485
595 542
310 456
58 328
669 632
561 281
733 451
166 99
539 597
256 236
285 356
518 504
339 856
894 129
897 218
412 903
239 858
831 611
499 784
682 167
358 503
118 853
86 430
89 836
131 112
773 638
133 78
414 804
26 170
101 461
360 965
593 768
646 869
659 226
261 834
752 824
90 89
826 264
360 657
620 570
180 829
572 543
812 756
241 727
403 494
332 182
339 757
824 382
618 940
618 798
423 589
342 268
529 383
108 759
684 834
697 231
25 4
477 655
278 82
175 95
364 943
144 323
426 74
288 241
895 565
348 559
26 48
844 285
418 294
359 116
689 300
97 12
707 103
218 776
489 213
613 718
717 375
680 888
133 111
155 773
940 128
67 500
273 218
807 598
444 313
114 71
272 382
152 639
243 431
232 214
385 179
148 789
824 790
292 646
939 903
153 544
697 836
782 203
797 641
695 86
301 845
534 664
142 882
58 760
377 614
756 456
103 114
90 288
358 372
317 544
82 956
245 621
822 917
564 864
855 193
213 596
453 420
219 720
634 710
304 343
152 866
701 412
685 321
391 483
670 332
734 848
825 536
909 346
89 302
797 273
76 509
923 593
109 564
874 920
62 712
886 728
936 862
489 252
803 545
260 953
331 381
110 512
288 786
637 773
574 467
53 803
423 517
70 709
117 676
274 879
815 598
625 599
862 753
907 297
226 653
783 857
469 849
148 116
46 345
539 376
216 543
810 403
872 190
741 131
122 752
123 79
420 721
521 487
923 193
643 669
215 905
745 959
419 645
262 145
134 715
866 906
6 946
227 449
66 29
218 908
592 629
516 629
776 721
648 375
655 574
262 741
79 207
171 805
588 400
645 947
894 311
326 290
319 762
623 811
257 104
183 702
221 892
132 623
766 655
559 633
577 328
560 47
226 268
738 436
293 705
568 950
260 48
225 858
635 948
430 226
529 527
945 703
541 639
376 331
479 339
811 532
245 668
693 18
55 557
527 579
635 492
720 236
263 314
306 57
684 897
134 360
341 701
37 168
477 206
532 303
182 392
632 495
876 115
797 820
887 33
363 483
894 2
100 506
732 238
140 377
517 98
82 530
795 390
942 289
682 629
912 710
30 184
107 168
239 916
596 55
553 13
215 931
67 293
530 665
228 139
524 321
477 295
921 101
573 485
900 770
932 761
116 858
481 590
34 69
57 665
511 740
788 346
902 533
860 215
856 156
549 557
6 525
179 252
683 586
840 934
157 437
255 358
141 135
537 822
625 459
109 784
551 438
279 39
875 36
557 927
894 72
15 573
837 58
619 111
837 102
825 317
285 344
965 848
407 945
411 241
70 99
673 231
511 945
756 632
422 922
112 961
332 217
152 866
495 795
709 438
369 727
597 805
602 89
345 591
618 574
249 297
310 438
542 928
42 688
748 790
751 562
925 140
160 913
765 669
900 300
340 294
399 897
104 257
805 713
591 67
622 74
269 54
779 602
260 706
612 875
336 370
676 405
33 222
788 675
839 556
642 519
780 295
628 879
116 195
528 608
477 904
596 881
646 54
489 159
343 882
553 779
247 859
510 337
138 99
704 613
377 54
294 28
443 902
690 852
163 173
120 38
515 917
65 125
261 600
544 811
220 236
123 812
719 729
229 801
373 216
521 799
769 319
735 686
79 17
641 605
399 488
333 88
289 421
414 295
30 783
669 34
634 53
482 187
897 871
883 65
154 282
761 658
609 452
386 34
445 822
472 186
795 446
699 312
19 662
826 202
641 655
115 868
256 360
207 155
735 593
523 328
485 765
295 650
783 216
105 941
585 298
733 535
868 719
807 228
842 205
136 303
362 779
608 844
955 708
245 807
326 323
260 816
912 221
121 910
127 462
635 885
290 102
872 882
677 67
667 913
372 458
852 305
298 956
621 227
749 330
50 142
395 422
771 68
211 69
89 80
787 911
754 226
768 181
112 501
87 701
443 543
363 556
596 11
203 855
164 272
73 453
227 211
672 736
552 349
891 473
654 452
484 474
353 881
267 739
762 358
363 965
781 868
673 85
62 738
961 102
377 111
296 743
686 793
750 949
770 1
380 596
780 693
99 537
498 345
165 686
669 59
960 149
817 944
554 595
264 959
964 178
684 23
751 623
208 516
514 469
125 810
928 48
107 409
649 549
884 9
952 79
438 449
775 442
258 142
83 226
888 865
674 154
388 418
822 894
896 135
847 683
621 12
905 420
302 403
935 255
22 634
624 323
790 677
271 540
459 467
451 605
834 776
102 634
738 227
491 923
832 367
39 350
810 880
65 782
311 735
378 898
740 951
92 306
287 912
474 838
228 876
437 617
321 636
686 654
873 810
637 516
448 470
673 410
67 194
29 361
304 690
787 50
792 507
955 790
371 753
63 20
586 476
519 523
387 307
167 643
566 111
388 474
469 852
576 911
527 220
391 508
577 271
548 207
625 141
79 321
571 825
49 694
49 657
686 299
676 885
368 589
457 381
302 232
922 588
506 234
230 677
65 681
857 698
940 950
77 735
554 659
204 236
740 542
952 711
421 469
510 890
786 350
171 58
265 651
171 346
504 92
721 279
832 799
352 720
236 662
625 703
27 661
462 318
32 178
219 552
571 330
795 964
546 30
769 713
130 734
345 344
201 38
317 908
849 909
474 164
243 445
753 287
65 824
463 879
852 179
227 41
427 476
755 488
325 9
107 372
953 264
593 920
361 740
693 418
22 628
710 473
251 324
267 5
840 329
241 828
186 239
704 367
255 378
175 174
743 402
910 885
394 14
341 7
501 684
681 861
913 629
733 927
833 131
850 745
6 725
884 881
283 273
891 962
582 696
580 456
228 791
818 100
542 79
569 315
357 110
296 240
183 349
80 846
564 24
727 431
748 100
873 927
419 737
910 164
859 495
80 466
594 532
358 619
652 452
791 293
293 246
839 552
450 769
98 846
870 440
508 42
520 763
653 117
619 946
616 580
570 770
571 289
31 427
100 607
522 952
904 10
498 679
789 822
603 845
329 902
467 168
454 303
840 411
551 12
45 748
136 114
150 678
652 478
294 588
184 725
592 342
792 785
138 628
377 629
774 585
621 390
963 912
749 144
586 711
45 843
335 407
605 829
539 943
410 200
691 770
912 721
67 559
582 241
289 578
166 884
448 755
68 704
483 664
938 459
62 961
933 201
9 297
752 783
811 893
734 203
293 472
813 836
368 466
341 254
533 154
160 146
502 747
46 600
311 365
434 751
29 669
212 440
264 45
5 113
629 570
768 585
808 327
125 378
118 455
738 269
477 284
187 963
282 484
93 294
939 608
119 352
915 494
441 955
171 396
246 704
465 719
779 527
327 267
496 637
907 229
282 221
506 493
27 795
359 612
693 528
464 553
336 404
554 541
939 849
633 903
155 685
794 22
778 132
870 476
165 620
53 669
151 443
681 28
636 441
504 856
85 418
393 788
356 873
934 11
195 60
74 634
843 258
956 473
488 725
505 859
901 868
318 658
685 438
497 174
458 599
582 826
31 785
862 380
694 650
231 162
743 476
631 354
358 580
669 416
853 828
766 331
898 624
944 468
400 109
491 32
16 155
737 70
524 839
386 713
523 880
412 225
659 653
211 894
530 332
811 822
414 180
782 435
673 731
476 206
495 232
853 859
640 25
897 798
587 523
354 184
397 82
920 707
823 72
48 609
689 859
208 778
11 76
487 725
951 49
313 626
678 296
498 564
432 624
960 372
655 561
437 385
399 732
117 194
314 409
867 802
685 505
790 777
11 369
723 961
549 670
867 315
122 207
621 172
433 299
445 690
529 70
617 152
466 331
632 856
201 167
702 823
161 663
357 945
503 525
427 71
279 536
786 161
545 486
361 689
432 762
691 132
249 341
77 140
466 763
951 357
615 910
791 546
270 413
486 405
462 284
173 255
68 938
955 649
839 539
563 326
220 143
628 834
808 754
623 582
395 917
309 442
418 420
650 709
593 943
598 68
181 468
732 513
70 527
720 853
810 578
234 840
616 673
380 902
22 475
830 918
883 681
343 834
345 834
118 369
769 941
39 241
294 919
416 70
410 536
326 111
830 138
41 346
713 345
777 214
390 69
205 129
203 33
196 919
400 874
862 588
346 230
803 643
716 153
748 700
451 891
433 239
539 846
643 748
94 481
332 172
625 374
688 641
686 708
431 542
801 954
230 770
173 152
313 884
857 290
33 22
538 843
787 190
595 474
678 742
863 488
719 458
923 344
350 458
883 109
270 183
858 444
755 540
768 170
784 467
928 617
310 753
563 153
18 722
334 454
884 898
621 337
814 602
627 547
120 651
403 501
458 290
632 511
589 481
320 667
964 922
47 569
549 359
28 842
286 201
449 907
654 246
577 478
651 408
417 174
875 536
813 554
814 335
517 910
885 924
682 728
114 444
245 491
301 912
647 895
716 323
768 673
696 12
692 56
55 937
100 218
305 360
32 931
140 298
625 729
563 499
737 534
420 91
922 660
749 495
557 716
699 352
231 861
289 592
222 730
551 332
867 433
30 350
531 901
344 198
625 469
604 176
134 367
616 257
557 516
362 755
225 83
434 962
742 887
334 405
446 462
439 829
517 48
366 138
650 721
511 293
252 364
960 807
109 686
721 773
239 25
618 527
602 66
812 799
243 24
231 294
714 204
165 779
276 829
688 448
196 285
9 746
193 661
241 363
133 711
221 168
163 501
790 17
712 64
505 167
757 818
809 335
926 457
207 616
253 533
281 793
138 751
781 22
734 431
868 578
654 101
554 163
809 848
320 632
910 793
843 126
527 15
603 417
260 576
889 230
95 333
547 119
496 552
84 27
551 374
672 567
467 416
221 796
690 909
381 22
591 555
756 204
808 333
287 514
314 735
540 13
259 770
711 933
622 119
324 723
477 226
19 558
481 237
145 513
728 195
905 650
71 880
8 51
293 588
884 397
225 545
715 48
239 564
755 729
758 87
562 880
609 90
2 203
548 425
296 944
509 72
743 129
341 593
198 145
663 635
503 712
652 866
516 112
350 512
916 624
845 329
308 175
811 137
46 838
88 768
332 365
59 274
611 112
440 16
108 460
861 397
395 943
313 744
209 5
958 306
298 152
746 271
694 520
843 963
66 306
510 255
361 713
684 774
154 428
843 321
437 363
277 594
598 637
423 902
654 430
350 342
758 218
914 267
774 236
655 69
166 449
166 457
666 398
330 344
262 222
937 878
285 881
880 549
859 95
630 374
633 377
265 887
455 11
65 208
793 707
805 362
558 26
74 80
451 581
7 421
27 380
374 347
125 863
380 846
156 36
952 710
545 451
343 227
386 495
635 172
110 735
779 575
171 634
684 635
426 661
323 305
107 5
33 836
575 476
268 325
434 600
517 363
892 384
691 169
202 442
874 291
418 887
129 480
202 34
677 761
168 261
240 80
514 683
821 962
889 793
798 577
102 88
858 811
713 452
321 98
746 190
229 280
40 27
709 462
668 429
900 244
32 891
365 131
579 701
517 350
496 600
742 563
915 944
608 604
250 773
527 877
606 71
791 904
366 749
489 6
440 385
100 553
368 262
947 640
717 539
417 693
541 276
476 338
767 408
882 422
837 407
732 209
158 662
136 343
644 628
740 885
921 446
878 696
747 286
241 174
725 123
775 484
38 361
383 422
520 150
459 759
171 880
694 232
537 430
228 936
622 855
681 819
247 288
2 766
654 895
253 274
476 920
605 852
786 246
851 361
851 892
916 498
653 207
416 836
816 577
147 36
10 453
592 275
541 385
117 491
680 359
764 383
458 905
949 338
43 41
648 469
593 613
674 667
663 784
175 652
81 289
902 530
954 289
667 377
369 329
116 731
200 733
698 367
633 262
62 868
158 915
215 386
944 766
591 597
122 553
864 311
59 389
371 716
422 853
382 889
952 39
156 850
629 726
932 419
686 945
349 403
379 160
694 951
945 863
508 231
852 49
643 59
572 717
949 729
119 192
710 724
357 337
272 328
878 485
161 806
720 689
790 875
121 769
767 235
76 314
273 807
726 588
39 872
21 415
637 734
96 446
466 362
490 648
280 55
405 67
177 846
635 959
516 509
432 178
52 661
404 288
557 680
965 18
875 564
39 547
403 812
581 625
565 577
446 297
181 839
280 293
365 509
516 194
592 491
586 811
386 758
203 240
212 646
259 446
616 10
794 563
172 225
823 604
737 197
388 175
319 638
330 754
406 439
420 694
792 709
792 315
303 638
717 358
489 192
197 607
957 963
62 848
412 99
173 924
175 26
462 495
312 875
578 809
853 553
512 890
697 321
360 822
464 753
948 640
42 507
345 174
645 708
274 431
634 143
753 330
544 695
965 301
639 352
936 311
320 683
500 440
910 233
304 814
825 51
806 8
956 466
861 458
809 367
48 754
428 252
566 466
578 420
513 580
670 193
719 88
495 758
534 147
404 253
933 423
281 802
153 644
582 37
831 879
280 686
299 819
719 186
675 67
848 179
225 51
313 376
873 29
236 853
471 461
919 253
451 137
209 208
273 285
461 782
111 621
233 929
601 858
259 30
708 253
203 287
831 61
106 501
131 632
431 926
314 199
637 106
200 393
626 757
596 790
113 874
304 883
24 626
219 604
596 1
811 725
456 482
89 146
664 798
185 42
139 630
233 835
308 778
417 848
191 919
232 520
789 621
908 246
891 893
410 235
241 429
632 542
60 539
247 795
33 427
259 460
865 608
531 889
566 648
948 654
416 193
740 754
28 943
95 469
430 432
701 519
358 924
959 783
494 800
255 114
676 460
872 595
689 54
347 808
182 605
332 958
830 604
896 764
68 11
358 286
711 309
724 585
67 752
953 368
781 446
369 712
356 240
712 814
678 203
707 508
118 239
94 70
38 333
897 358
601 357
60 380
688 669
209 328
582 643
371 860
198 602
923 183
731 412
646 925
231 536
317 829
757 353
363 869
547 426
795 866
650 432
868 112
322 823
390 107
949 931
136 241
893 651
197 644
437 184
665 246
506 181
677 491
155 709
779 55
364 826
636 102
643 759
523 656
20 512
176 121
656 237
409 609
820 847
929 481
484 629
813 542
329 435
744 96
386 901
138 763
266 612
132 56
308 826
607 452
106 506
902 305
863 838
49 211
871 686
320 442
605 267
331 894
210 106
648 869
432 365
758 912
719 569
936 243
535 230
180 78
533 763
439 2
194 119
388 131
767 305
545 557
148 128
171 739
388 6
432 283
307 917
846 149
436 682
44 236
252 235
737 598
208 806
621 480
164 122
548 59
742 723
251 417
736 673
674 914
901 801
698 117
859 84
829 875
896 65
324 513
229 746
880 284
810 888
203 281
619 549
420 873
193 414
727 488
397 557
623 127
782 256
617 98
568 291
102 679
887 660
934 573
501 209
844 290
364 600
588 734
923 6
67 796
442 226
859 214
11 670
660 200
891 411
435 284
747 213
267 960
614 597
623 854
46 378
681 122
560 917
685 298
821 643
390 587
323 86
33 264
787 863
766 480
289 70
743 767
158 56
480 853
319 606
358 298
793 869
234 819
354 253
433 536
127 408
661 259
256 743
769 452
490 158
740 135
103 493
912 495
697 225
30 475
320 539
95 198
273 517
217 692
655 76
470 488
150 876
853 626
351 698
646 299
15 374
831 170
692 679
342 537
329 537
712 340
430 377
872 593
319 722
542 120
681 63
174 780
166 277
294 350
551 95
847 256
32 836
456 527
766 367
120 653
434 381
960 612
818 293
709 782
396 529
606 619
336 718
126 825
409 329
482 3
157 594
596 120
959 753
117 962
423 104
771 127
277 811
660 523
397 312
494 577
131 355
446 334
674 109
861 449
698 363
933 860
477 894
419 534
688 556
504 187
284 182
594 270
457 326
39 908
234 146
77 821
930 839
484 718
743 887
468 353
389 726
39 313
188 142
124 240
174 73
781 748
965 837
122 836
604 440
704 620
416 121
218 575
537 83
198 596
363 854
370 223
111 652
936 880
176 688
396 57
684 530
868 38
531 891
299 866
59 228
285 559
54 778
136 587
214 96
192 85
587 21
352 638
725 268
334 282
768 460
921 467
737 864
19 7
816 574
777 484
866 710
57 426
907 106
677 156
766 322
816 390
774 447
669 223
212 85
646 175
341 919
13 290
706 20
73 539
224 809
531 188
667 855
604 857
517 230
236 416
810 695
429 595
590 914
499 958
23 234
734 867
533 547
494 950
691 629
594 233
711 689
75 444
550 566
141 233
236 462
389 546
555 622
861 321
32 836
308 811
579 908
429 426
365 262
64 287
202 661
849 53
553 149
176 441
939 156
77 355
685 124
780 116
757 554
458 144
905 532
576 781
264 412
757 504
207 260
690 383
679 329
699 862
190 251
586 941
780 775
749 365
102 396
308 907
591 99
51 443
169 254
862 49
693 573
642 445
280 580
138 542
759 3
201 345
892 871
155 370
130 860
663 424
760 605
748 120
747 556
291 639
137 72
942 113
276 938
51 697
528 773
26 556
356 516
458 662
878 165
727 844
500 569
759 527
555 283
347 198
279 344
403 340
33 566
63 204
626 489
37 341
101 203
738 697
624 210
408 723
632 86
210 40
818 558
652 473
625 411
156 751
51 167
105 887
231 218
396 237
368 895
217 510
226 726
320 485
515 373
697 368
819 505
659 246
571 115
660 243
896 485
192 626
170 459
230 879
315 635
444 432
763 872
546 680
602 658
560 812
841 813
186 681
303 537
384 464
74 486
289 690
474 177
426 321
613 17
733 613
459 260
879 18
867 805
380 391
216 329
115 131
417 812
618 410
466 358
298 27
552 532
464 890
440 901
730 575
672 67
22 539
497 839
286 295
126 577
602 527
214 378
903 702
668 174
485 334
671 272
451 816
901 737
536 854
850 518
524 963
348 259
167 719
727 492
107 960
889 656
841 47
191 860
641 960
701 794
431 269
157 92
944 792
430 527
569 239
474 671
750 354
882 226
169 563
465 393
804 790
394 729
58 263
602 641
901 487
376 328
548 864
32 776
847 443
443 509
700 732
37 810
572 427
414 268
950 756
451 55
251 253
648 735
706 673
750 805
848 413
114 624
9 108
395 794
789 697
499 219
472 76
333 202
477 846
13 51
330 932
306 628
731 178
398 54
960 604
270 262
841 119
582 672
703 341
367 491
307 118
394 332
921 499
652 87
680 177
87 291
198 55
484 72
206 583
482 934
672 139
452 36
391 845
67 305
914 90
246 518
405 18
392 251
697 627
447 541
511 587
432 939
850 183
784 15
103 698
430 421
528 213
389 447
918 145
706 803
837 571
838 651
731 247
213 247
520 394
122 754
704 910
34 181
547 1
650 549
913 694
929 31
572 113
518 387
655 129
641 549
625 389
914 239
831 607
156 461
34 674
460 741
912 651
654 930
22 714
672 576
231 259
596 131
631 754
132 451
582 436
191 108
485 338
129 604
694 88
649 374
435 515
676 272
351 229
737 546
323 149
46 143
911 409
681 123
555 74
753 718
381 303
503 49
760 504
63 600
553 678
279 196
885 370
288 959
89 78
272 228
786 882
177 227
469 797
131 925
68 505
399 89
483 917
922 936
56 956
663 548
881 120
603 273
41 102
906 846
67 93
416 234
837 569
383 310
338 604
198 408
390 753
586 357
793 527
863 747
735 156
98 172
642 919
9 29
410 491
638 693
331 482
669 611
358 525
751 703
818 156
162 187
489 722
231 872
717 873
525 514
317 412
176 938
652 525
583 334
65 834
820 38
941 923
566 657
294 297
355 70
597 261
691 616
35 623
772 561
49 377
520 184
793 868
195 533
407 629
704 396
17 295
12 872
200 321
361 725
240 761
902 287
379 506
205 343
359 249
572 57
28 906
173 527
509 627
239 841
424 800
706 35
624 196
880 99
780 46
176 296
227 21
636 387
849 214
738 883
773 111
140 486
682 94
271 604
611 795
28 152
270 727
556 870
221 104
602 699
185 485
769 375
451 811
87 72
926 449
269 928
508 265
670 327
945 857
39 458
469 724
652 753
781 667
103 445
322 670
88 237
424 418
720 791
181 94
110 135
567 584
338 908
442 527
675 621
376 203
528 246
816 229
620 914
723 17
513 832
406 805
594 524
26 529
812 487
140 486
935 476
945 819
20 803
874 439
334 370
321 344
764 530
934 142
28 500
410 233
731 579
707 45
101 718
175 106
614 232
900 479
28 77
413 359
830 484
750 667
750 431
448 699
404 450
195 524
608 19
498 73
868 504
867 562
589 161
27 925
234 521
203 266
93 959
645 695
754 557
820 425
215 194
859 111
598 810
190 839
868 758
451 35
335 27
636 245
4 538
656 882
297 314
788 889
654 509
468 277
896 787
807 619
877 499
881 509
962 370
210 161
736 667
82 943
781 171
223 171
450 839
416 763
302 99
91 285
832 800
587 209
733 85
919 504
775 254
928 340
398 381
153 208
831 296
628 100
415 266
134 539
827 289
636 322
459 148
800 252
870 5
251 876
823 766
815 311
677 841
68 18
443 579
891 749
920 420
794 901
305 717
941 14
38 250
496 442
478 482
822 252
433 329
610 755
600 118
469 366
475 552
395 394
672 392
607 130
19 731
306 393
387 14
309 677
298 930
410 447
762 206
834 751
588 950
365 735
44 67
939 901
884 329
922 317
374 82
886 57
311 770
26 241
318 841
903 647
6 939
86 491
365 1
832 947
498 954
875 398
448 564
634 568
482 395
262 965
461 54
191 225
814 636
745 505
921 90
717 383
246 245
58 821
789 588
248 891
318 400
731 510
36 286
668 316
492 792
667 473
13 279
444 590
680 140
167 353
727 350
338 668
196 228
957 471
335 895
222 717
266 223
256 484
793 941
930 549
828 300
84 401
959 857
294 2
630 141
722 470
234 489
18 649
676 502
259 240
318 126
243 177
94 572
580 828
648 601
632 562
79 327
950 864
160 270
91 620
763 532
247 834
960 896
512 675
300 301
382 218
896 553
354 826
589 787
659 552
365 462
910 435
381 260
182 670
403 77
672 640
518 499
864 752
244 71
3 645
689 949
700 761
603 197
259 570
264 683
502 405
492 582
368 193
36 823
454 237
223 534
435 794
742 726
436 182
427 694
571 638
944 756
446 93
806 776
87 420
225 821
752 863
386 803
885 956
526 791
792 342
22 637
815 752
178 930
596 332
543 744
114 176
933 755
831 178
720 764
768 271
378 341
144 623
485 77
373 518
762 377
931 421
759 542
124 802
61 964
263 608
409 797
218 465
11 859
678 551
110 475
732 154
1 590
685 343
522 14
447 97
349 184
94 228
358 926
816 557
652 522
850 282
678 142
481 952
195 378
413 6
741 563
136 7
162 199
764 902
179 678
237 663
936 41
352 774
141 81
697 497
927 500
378 652
356 714
44 378
497 229
511 171
147 884
468 40
856 453
129 8
612 453
146 735
492 947
52 274
674 488
430 737
478 951
240 54
524 4
176 896
852 838
244 662
570 945
70 114
944 867
667 764
790 126
805 22
658 950
911 11
871 216
151 604
767 357
724 295
668 205
645 619
218 549
137 946
941 659
581 747
166 118
939 665
774 416
57 447
83 623
867 701
188 638
833 449
773 267
198 649
305 334
108 223
1 750
68 522
586 703
852 957
20 444
547 236
401 858
836 427
389 131
929 14
531 550
368 18
383 35
682 875
321 416
702 908
340 302
24 235
172 447
625 275
356 828
62 590
105 174
192 865
943 294
354 120
100 370
383 71
662 215
579 891
888 693
806 871
283 16
35 374
531 356
118 951
7 613
737 801
91 407
377 365
829 496
283 619
479 36
301 806
111 462
566 798
901 864
646 599
430 4
162 303
185 640
892 171
167 409
933 283
35 844
431 733
918 722
506 478
623 722
564 361
677 508
408 890
445 286
466 418
746 825
715 518
416 5
381 829
132 584
438 144
582 720
372 557
28 303
516 923
145 838
236 694
965 703
250 740
573 514
34 306
527 223
362 786
205 252
770 926
625 774
483 669
295 956
355 762
816 429
241 946
468 547
165 847
408 188
844 291
455 184
734 790
540 880
37 695
575 274
441 769
19 250
642 709
701 892
784 90
703 872
685 521
273 389
412 416
741 769
580 839
435 939
576 944
313 633
162 859
135 912
93 492
491 593
167 180
963 444
319 542
772 148
823 364
813 946
203 942
68 527
503 659
643 235
429 460
637 444
647 813
368 304
355 445
457 938
90 460
691 383
175 500
926 118
173 302
418 312
61 676
270 779
525 799
283 876
175 282
861 678
425 466
440 52
921 711
343 866
860 583
444 9
399 163
526 735
96 760
123 311
427 889
600 622
262 709
422 337
824 924
307 731
621 752
177 258
537 696
82 863
579 646
621 629
407 852
209 390
886 816
736 251
847 762
857 233
820 329
64 82
210 180
439 181
330 427
35 596
34 718
874 286
924 122
390 150
213 192
10 446
706 260
56 16
304 310
343 617
488 203
671 290
770 263
374 854
595 169
346 667
715 158
945 933
912 602
5 516
549 477
448 322
303 401
867 785
677 50
472 416
23 135
15 609
937 960
37 134
56 233
306 366
259 233
392 896
165 857
894 8
33 764
38 536
510 838
731 838
523 156
691 455
559 616
245 100
121 674
124 683
436 516
393 227
943 165
622 91
212 823
846 629
113 910
388 96
237 504
365 493
158 150
274 541
739 754
197 791
65 159
577 719
917 490
561 631
256 271
565 252
603 606
41 895
595 149
437 692
47 412
581 695
720 373
881 212
459 890
245 157
150 1
631 199
47 100
253 721
943 750
713 652
139 31
292 242
302 431
346 239
901 807
799 448
373 691
599 259
463 724
676 752
327 595
742 629
361 381
502 262
952 607
60 614
917 942
707 386
695 859
570 400
22 890
601 497
281 272
566 632
861 54
157 553
443 405
256 205
907 724
201 63
296 361
148 481
497 898
67 595
791 54
104 538
141 185
805 451
301 48
351 383
636 959
16 143
709 124
317 76
775 179
474 322
739 766
828 833
631 35
679 659
534 750
724 773
544 740
712 355
409 311
708 70
188 184
776 814
946 920
140 477
956 57
669 506
568 649
155 598
719 793
308 549
122 831
801 531
228 353
755 267
632 256
247 239
512 388
797 58
855 495
812 617
221 226
336 940
108 483
881 176
602 195
701 65
495 56
865 901
183 421
338 420
773 784
838 785
752 660
464 446
153 359
94 1
121 491
12 74
659 336
487 50
738 513
206 107
263 103
728 687
882 88
227 1
904 685
400 641
309 893
676 90
159 229
207 947
223 550
782 465
633 236
48 826
905 113
874 885
468 626
631 456
596 337
75 104
885 817
720 722
107 26
453 170
102 525
57 758
663 343
441 529
10 419
376 557
758 761
433 41
877 99
109 472
415 446
903 714
706 94
278 147
163 593
8 294
340 565
846 918
318 321
43 229
307 172
896 765
816 294
485 511
894 153
399 727
811 801
336 797
914 613
215 240
677 771
807 405
45 200
181 750
60 522
526 203
629 723
796 371
486 560
869 348
566 525
27 546
855 753
293 66
947 349
483 375
2 766
757 613
887 375
221 376
802 9
912 856
683 630
789 265
186 209
781 769
122 284
268 171
55 701
526 352
23 348
128 569
274 735
475 422
933 197
594 872
41 954
116 444
878 296
269 392
704 283
167 112
504 555
368 236
57 296
381 35
703 610
611 819
582 47
567 455
109 769
293 738
127 323
593 522
773 857
565 704
618 292
514 435
216 649
25 935
139 671
631 128
7 805
177 803
237 702
785 786
725 518
314 335
589 475
258 194
201 80
518 42
527 711
693 960
510 179
657 429
559 698
52 629
190 210
579 906
229 352
612 482
776 468
98 177
521 804
461 790
555 722
616 572
452 457
200 434
960 270
286 847
184 106
75 572
680 514
622 684
393 108
317 565
517 440
607 120
842 732
852 24
112 71
222 202
861 825
527 283
285 847
965 270
713 920
520 252
886 447
216 700
534 359
207 39
298 610
885 538
694 695
571 822
106 434
892 230
744 833
565 653
250 184
307 743
670 509
651 521
218 118
192 553
226 49
914 374
38 940
762 309
341 662
364 650
602 361
482 801
73 674
623 945
789 416
854 305
573 537
569 196
238 34
140 283
127 486
394 818
832 645
836 434
157 4
498 762
306 766
441 491
915 282
716 875
31 247
439 791
666 784
197 946
32 756
67 404
941 46
776 651
453 543
26 287
348 778
140 278
74 770
835 218
35 73
180 632
862 69
324 863
96 156
127 459
195 184
532 560
561 328
169 648
403 660
938 426
350 339
655 546
687 220
807 348
265 653
640 733
525 117
258 85
64 48
840 157
725 251
413 104
5 174
168 394
924 824
95 426
787 877
52 48
380 863
465 317
573 616
38 307
340 291
206 837
317 314
409 107
249 303
578 306
84 654
114 251
337 88
332 840
924 301
93 715
387 783
504 57
965 44
726 181
58 21
385 125
469 310
610 453
600 558
816 917
712 214
713 755
369 603
139 276
426 693
188 647
726 894
938 215
272 24
945 85
154 288
165 140
548 31
252 120
554 759
584 655
367 437
851 41
396 413
425 644
398 82
838 410
623 194
360 670
941 655
899 651
62 818
774 307
227 249
848 327
625 831
484 814
192 510
142 112
606 370
476 498
626 775
627 46
377 37
100 843
444 116
420 362
880 474
29 812
645 480
909 253
944 574
608 751
610 310
218 536
154 460
439 750
705 878
40 785
805 3
339 174
395 698
231 402
35 419
93 815
893 119
912 884
310 88
278 412
186 221
166 511
580 848
627 818
833 634
708 802
86 366
730 41
657 735
26 781
880 50
217 350
729 610
574 349
501 795
905 488
679 258
957 196
818 21
524 118
329 841
586 692
49 916
700 620
725 632
449 925
832 560
550 535
626 221
625 106
62 60
732 436
55 117
505 810
209 661
809 635
492 786
196 222
686 605
390 67
710 442
657 529
671 269
353 856
250 621
560 333
108 355
217 773
333 426
28 199
618 31
190 141
777 331
15 330
641 315
453 409
503 271
374 965
19 640
445 256
870 6
425 177
763 357
166 900
644 328
901 32
561 520
667 539
115 482
441 944
704 948
825 526
750 589
727 448
722 153
137 478
90 711
904 260
487 859
99 934
397 726
512 59
258 488
644 887
352 518
383 81
961 360
46 275
380 670
7 203
384 710
402 47
663 267
953 650
291 836
748 683
570 27
618 294
474 574
352 353
231 599
834 507
130 419
44 519
360 11
41 357
526 392
860 149
853 859
494 6
291 652
176 242
382 851
202 492
99 552
3 787
904 845
624 271
866 445
242 373
886 732
439 714
934 2
523 341
429 176
913 750
655 363
838 597
812 39
377 905
483 668
294 925
196 653
104 542
182 61
747 412
917 329
958 564
342 244
658 674
920 811
147 15
241 231
85 449
161 916
258 313
833 83
326 792
228 323
499 752
83 235
656 254
636 860
209 300
386 424
123 896
841 566
251 509
112 865
346 890
595 378
902 684
475 207
293 101
948 50
27 222
107 815
605 221
444 821
954 407
876 85
753 771
557 651
251 603
609 65
574 787
198 34
820 275
22 584
647 387
18 530
127 395
238 589
701 565
142 690
671 305
208 499
56 645
464 298
487 507
663 667
764 705
401 731
580 651
138 97
181 406
915 72
943 236
480 500
312 285
468 281
52 680
428 644
477 886
713 142
271 471
349 449
269 117
503 517
458 613
227 539
323 479
346 110
304 338
263 440
886 425
374 250
879 646
312 58
447 861
239 154
366 343
713 223
776 460
508 354
604 405
361 477
431 646
803 938
695 331
25 729
304 184
62 255
572 343
4 491
451 791
671 920
675 797
522 190
139 402
965 283
943 707
898 236
402 545
806 915
822 764
274 709
721 36
405 632
857 703
639 324
945 175
270 731
570 752
340 160
851 641
272 455
459 573
615 624
597 789
884 183
870 728
482 359
803 441
148 689
313 895
729 322
768 174
84 13
457 839
717 855
489 235
908 456
342 892
653 669
574 555
485 526
388 123
766 652
425 233
723 532
870 239
163 164
612 883
570 873
408 763
731 158
484 155
382 954
681 98
101 867
592 252
806 597
563 33
744 827
226 707
645 685
881 419
251 700
435 649
91 298
568 465
481 198
635 880
482 155
169 122
161 528
602 109
383 302
957 429
825 758
418 876
296 97
395 860
332 199
711 178
393 105
397 219
537 804
870 95
457 821
365 60
320 796
417 145
61 11
26 168
155 706
371 725
141 255
156 568
1 717
724 24
693 335
67 16
242 527
624 301
208 294
219 92
646 381
764 253
732 543
450 36
75 419
628 319
12 644
391 752
559 889
447 204
363 301
607 127
169 940
918 868
263 751
648 551
60 466
746 719
276 38
445 166
461 639
484 594
97 287
643 583
629 884
582 765
369 510
575 412
41 793
464 654
877 454
139 760
851 297
96 867
682 787
563 380
942 529
880 555
25 375
860 526
568 422
253 714
39 790
797 439
418 42
514 295
249 929
201 878
71 785
777 103
48 751
250 382
936 116
93 915
927 464
258 98
253 793
599 667
618 720
858 592
240 571
375 428
723 605
691 390
938 356
542 256
688 13
99 364
227 127
550 792
887 604
115 316
699 401
356 951
614 783
418 787
318 187
449 440
254 515
237 686
564 554
233 385
457 418
426 710
801 638
602 494
720 644
9 721
539 468
250 782
130 301
852 313
215 622
122 433
35 354
220 323
448 241
473 20
857 453
277 575
938 799
419 218
736 643
88 899
689 678
760 193
398 329
391 294
91 407
784 73
247 19
425 305
348 484
345 419
878 39
485 382
283 681
599 818
730 121
806 362
735 107
196 821
59 754
354 806
647 354
240 63
531 476
197 512
747 185
71 346
915 796
548 409
373 779
767 938
904 793
290 433
859 500
224 39
218 324
953 575
15 457
727 25
635 14
322 411
315 739
559 399
768 407
733 622
367 747
707 568
380 521
260 756
362 377
277 196
796 884
264 597
564 742
886 899
183 1
802 333
724 69
590 164
645 105
862 849
588 468
750 301
85 809
185 381
540 637
361 581
719 158
163 255
833 264
611 156
783 642
410 641
591 172
606 717
767 34
673 888
524 233
222 131
298 71
103 803
854 253
56 279
475 596
58 270
673 889
61 189
394 687
427 198
523 681
293 739
910 619
592 264
114 321
882 395
882 301
485 642
59 835
468 296
738 420
859 356
786 890
896 9
525 931
642 579
704 545
493 945
473 549
317 118
662 938
396 743
484 554
177 784
168 152
621 111
380 480
885 424
904 57
786 775
296 62
670 295
787 494
596 607
786 446
70 318
783 257
693 76
230 720
455 769
240 811
112 939
911 703
570 888
347 165
617 108
103 964
249 55
210 288
39 914
732 81
654 522
295 27
750 191
566 523
406 547
421 681
499 269
372 97
326 343
656 197
937 374
961 830
224 878
918 909
327 820
4 14
438 303
276 782
42 690
154 264
460 613
234 678
190 682
889 796
690 844
40 450
735 426
651 439
771 486
471 416
743 751
657 178
121 440
855 798
226 356
449 856
385 247
920 758
413 845
242 100
99 547
297 624
41 428
276 875
508 531
598 572
18 145
561 310
88 784
358 576
756 539
754 598
135 450
827 435
551 18
898 273
855 275
293 76
325 343
645 636
463 326
427 359
45 115
169 631
567 273
252 777
117 818
454 796
418 206
372 484
810 918
848 65
184 715
248 499
124 623
226 549
493 500
41 100
310 776
938 451
681 531
450 561
359 880
859 136
517 809
900 454
64 118
699 538
588 664
113 382
430 268
283 17
40 360
118 778
576 673
108 819
257 707
387 891
284 120
837 737
395 861
850 548
580 176
53 908
483 523
523 109
533 581
384 650
797 814
254 663
852 172
951 317
609 518
390 238
208 728
946 463
866 562
441 877
807 904
562 239
424 181
673 654
844 896
763 113
161 91
615 21
475 388
342 34
243 153
307 310
94 847
501 281
86 603
388 770
582 126
595 729
831 763
187 577
380 890
841 299
179 408
670 812
725 756
134 656
645 729
419 416
293 912
729 953
367 218
363 337
816 900
93 33
580 605
377 706
488 447
55 120
400 94
529 806
893 63
84 478
147 566
829 217
118 849
790 65
700 614
486 69
148 460
452 282
163 290
920 303
900 45
924 952
691 32
228 614
207 521
135 492
186 419
578 740
912 398
234 720
237 781
49 957
589 942
579 613
111 114
390 192
311 285
685 156
328 381
675 370
33 421
544 498
898 723
298 424
445 868
437 677
953 789
72 31
832 810
642 530
273 326
130 375
764 25
139 777
757 350
147 706
927 834
121 772
693 135
677 74
796 744
177 56
578 417
590 515
661 946
60 13
547 909
626 380
413 450
166 351
714 369
409 267
397 890
170 914
589 439
192 304
110 717
912 953
3 959
833 11
279 908
815 954
531 136
868 298
525 878
394 427
946 574
91 179
419 895
531 758
329 123
15 748
682 768
320 700
300 793
865 782
477 817
490 919
334 821
61 530
388 497
692 525
387 586
167 590
183 382
21 802
154 957
809 480
233 358
610 367
368 108
139 522
80 104
880 685
655 400
932 714
417 140
219 130
329 267
62 371
97 301
106 925
200 913
831 732
230 906
555 105
566 55
477 519
452 471
352 392
926 221
198 906
104 703
268 249
117 472
397 98
861 514
86 373
835 745
670 320
475 961
264 683
669 51
483 528
353 380
70 735
319 381
326 251
760 457
518 233
665 216
518 42
252 38
669 287
875 962
59 450
353 591
250 451
301 416
753 542
479 73
862 67
709 568
24 76
925 559
194 582
155 846
798 324
569 252
774 600
909 700
207 909
627 832
346 742
935 126
326 800
425 326
262 799
950 689
376 811
652 550
674 671
850 514
81 114
770 923
814 818
681 606
132 198
306 130
255 700
789 531
306 567
704 458
607 630
536 809
762 857
451 819
788 583
525 835
700 748
349 217
924 415
533 633
511 874
843 628
420 116
302 284
645 167
462 224
172 563
629 935
739 559
187 183
689 144
292 51
678 596
599 935
182 772
428 327
405 315
576 914
609 947
361 337
946 133
891 778
96 787
532 133
854 550
56 725
6 306
149 35
666 870
215 850
422 351
534 961
404 132
951 153
35 105
825 205
578 796
700 154
148 617
872 454
315 488
19 776
765 131
252 738
895 886
40 742
471 55
138 74
352 130
76 305
54 705
965 1
92 524
940 506
773 825
696 47
717 314
619 785
214 600
253 950
122 318
543 175
312 757
473 449
832 466
124 906
171 620
858 21
766 768
898 395
579 665
336 934
158 719
939 699
483 723
225 741
491 712
115 822
259 735
616 930
939 834
145 50
461 43
89 717
764 220
847 80
559 286
172 668
902 448
469 313
514 650
144 589
854 184
79 817
345 911
622 10
367 904
301 648
529 239
307 105
943 747
591 635
243 638
446 505
732 421
151 456
944 528
124 277
945 265
81 232
690 529
140 292
62 880
670 816
706 108
519 163
236 188
601 868
104 336
207 175
433 280
837 778
237 399
71 511
376 667
497 138
917 598
231 159
339 598
439 686
823 959
851 83
771 406
580 376
741 688
690 282
760 312
572 608
661 373
214 876
877 175
423 3
61 359
390 709
267 658
614 259
622 614
154 231
263 905
947 106
376 197
108 68
33 94
144 641
665 55
788 708
428 685
816 30
674 510
536 591
589 123
633 57
396 255
636 891
317 820
860 845
470 397
344 170
200 756
70 892
160 171
775 334
586 422
261 624
157 798
389 904
657 111
762 476
11 278
173 147
194 879
883 564
592 47
871 378
382 297
953 899
546 670
128 5
25 287
800 738
253 79
365 689
528 448
513 297
716 416
809 378
595 764
660 349
209 427
190 60
926 567
731 933
404 107
28 702
639 343
758 483
158 293
488 497
614 562
120 763
327 757
437 560
331 307
895 572
319 631
170 911
147 514
922 264
827 387
448 512
363 578
685 124
896 913
252 241
176 403
441 34
716 482
949 302
944 778
396 311
851 25
353 330
396 572
587 285
732 906
184 13
52 518
825 872
300 746
102 180
370 712
451 43
720 351
396 759
673 763
536 671
501 300
823 403
565 917
641 725
756 734
502 747
410 601
644 134
484 589
589 192
429 716
460 362
25 941
397 224
32 899
419 103
602 654
381 520
631 507
898 709
66 417
128 374
150 296
612 647
111 49
581 235
280 854
612 274
19 133
182 776
660 202
261 773
86 481
776 656
577 792
182 437
807 99
559 936
241 364
332 756
819 29
519 255
873 624
891 680
622 388
714 340
940 775
761 51
529 485
479 321
31 283
277 884
962 355
97 461
919 58
911 234
175 833
150 134
736 109
397 927
585 615
315 199
485 657
322 687
413 711
225 847
203 906
572 525
117 657
807 778
196 75
448 883
228 22
753 34
776 240
438 268
626 796
193 885
4 479
508 427
67 751
847 180
754 726
37 120
342 810
681 641
957 432
496 253
785 453
456 785
76 77
604 200
456 483
316 534
236 898
905 840
93 587
627 615
765 362
883 586
106 731
943 23
524 911
689 896
18 110
823 749
273 27
650 836
233 765
418 191
866 760
535 94
655 769
104 537
896 355
324 54
325 515
489 359
258 711
431 260
119 115
887 708
363 763
303 932
276 880
91 912
390 161
79 50
196 91
232 699
723 865
831 955
291 893
373 334
495 114
618 47
687 734
259 107
19 512
462 278
286 389
887 431
230 511
544 430
640 467
529 919
75 718
838 742
845 674
330 960
167 835
152 567
408 240
456 931
955 632
854 842
660 86
170 276
126 15
106 74
55 293
729 389
602 349
814 54
460 457
413 468
571 813
551 377
190 622
656 388
669 777
854 355
126 227
711 528
343 344
867 15
259 256
602 99
686 324
42 844
112 313
847 46
747 313
888 166
254 230
414 893
777 201
803 501
723 30
596 323
891 435
551 705
398 665
150 679
479 661
174 186
508 482
493 800
77 410
471 715
868 85
10 380
685 206
148 252
685 813
283 392
851 240
444 227
119 744
402 559
347 326
746 437
768 883
477 717
272 943
516 590
374 355
791 608
774 748
550 749
81 440
904 308
842 827
733 284
717 157
13 208
129 130
757 627
219 680
913 747
522 413
904 103
656 882
378 632
838 874
786 10
591 330
210 660
18 21
588 208
433 388
822 714
295 425
680 187
148 625
718 537
763 135
177 129
520 493
144 328
865 789
497 442
535 934
741 300
649 533
742 235
445 733
802 521
884 919
522 159
499 623
960 908
317 948
740 905
721 828
83 601
172 75
801 93
719 441
505 197
586 97
735 614
605 819
283 751
878 946
148 812
269 654
849 107
580 357
121 269
854 610
153 536
348 506
207 394
452 388
366 929
84 815
514 180
582 404
759 941
57 2
856 238
744 292
713 295
553 639
5 914
42 716
91 695
845 435
568 569
512 210
201 241
679 861
476 49
743 899
585 907
678 396
28 92
480 671
798 287
413 730
228 108
142 503
367 177
75 382
365 561
13 11
130 464
457 231
555 936
320 662
883 640
860 69
313 256
130 642
677 449
959 166
280 329
963 185
499 367
138 607
779 843
911 838
516 733
609 946
30 434
162 526
908 787
275 523
567 265
504 33
344 593
250 734
583 123
380 958
236 562
648 805
281 501
469 186
22 851
672 103
364 655
365 937
609 92
81 152
528 296
62 485
676 79
378 552
618 470
16 727
455 23
477 401
198 615
163 479
663 287
673 930
391 10
351 29
322 111
293 532
776 234
762 491
756 823
655 243
106 191
652 793
456 643
625 450
462 754
509 120
428 434
675 15
484 218
662 42
114 341
435 383
909 195
366 452
619 115
733 154
639 872
517 240
240 356
565 690
423 748
659 1
426 97
4 293
22 946
802 834
410 893
371 116
619 312
661 207
34 638
814 804
188 596
467 565
896 941
414 857
61 899
395 963
923 393
905 342
475 554
365 17
207 922
156 304
134 427
434 242
183 727
572 81
378 952
520 200
953 767
464 403
603 264
705 784
8 796
524 110
785 922
235 444
58 789
575 196
242 662
859 836
393 209
409 740
958 694
414 326
620 313
801 399
393 257
871 506
419 620
929 741
790 775
338 926
168 615
3 311
954 813
809 805
601 616
331 301
855 56
544 213
636 569
292 134
586 818
799 800
375 30
353 960
610 963
295 263
52 156
308 689
67 456
647 79
860 330
466 420
524 771
701 486
580 538
177 580
598 97
719 274
309 215
783 474
694 486
736 477
522 865
838 857
267 203
826 302
287 242
393 210
246 194
766 207
97 775
903 318
65 599
758 906
226 329
874 720
780 339
765 473
592 438
483 910
135 208
734 58
512 371
845 546
939 123
594 622
565 255
814 424
711 600
327 684
470 789
821 737
923 195
642 789
497 21
928 848
882 870
765 679
135 530
757 432
165 592
353 258
894 183
526 738
948 402
531 805
689 774
185 594
160 382
408 66
674 121
170 160
836 583
287 267
415 79
254 181
504 532
347 667
399 313
372 347
553 837
196 8
860 368
837 630
853 706
699 274
634 603
652 810
905 557
726 806
249 961
817 137
496 597
843 340
910 887
448 89
674 89
19 353
386 475
880 575
397 363
416 400
614 217
925 196
386 83
436 668
551 763
195 943
686 295
856 20
98 380
226 351
815 30
576 895
122 347
46 1
375 420
547 87
138 905
599 593
916 504
505 539
931 670
120 629
474 735
541 908
714 298
613 152
98 101
815 241
784 245
505 588
862 234
265 295
64 894
28 237
805 472
438 161
76 620
700 437
22 93
351 271
603 710
613 326
42 311
383 735
603 486
13 141
325 244
329 36
886 724
963 514
893 573
469 526
815 325
361 547
939 734
194 185
787 896
773 426
714 858
488 719
923 745
395 959
28 277
609 164
251 758
737 251
1 793
606 450
348 938
657 505
68 100
695 554
54 356
360 329
54 231
24 281
111 885
35 291
176 914
349 326
586 285
735 470
128 87
801 174
366 230
888 598
792 361
459 363
121 54
777 842
735 31
666 860
472 737
796 951
39 632
914 204
195 711
938 161
418 708
323 757
609 693
21 725
670 441
452 964
578 963
332 279
660 274
96 476
100 633
243 267
851 638
405 577
585 412
48 424
36 758
954 282
630 738
545 300
483 53
928 129
710 116
288 854
599 408
835 521
22 729
908 748
299 476
248 515
778 706
95 88
284 406
886 79
927 562
586 965
325 293
533 458
247 60
22 480
156 404
938 360
31 256
130 588
559 311
541 213
311 339
871 372
283 369
135 803
251 732
713 45
691 942
235 755
31 223
496 301
214 561
158 127
276 957
857 225
772 540
410 333
647 673
693 923
215 845
38 288
400 161
949 865
398 787
411 17
64 463
314 720
940 473
604 409
335 554
398 37
55 130
874 311
601 703
153 916
770 155
894 588
839 592
734 730
65 454
297 907
376 164
626 449
543 204
567 190
68 457
115 631
514 550
432 452
596 104
638 481
129 196
286 763
46 795
623 675
668 170
953 630
73 264
825 291
607 736
456 730
734 762
362 906
705 312
110 141
121 655
587 5
541 719
321 882
851 700
637 436
777 149
712 946
271 131
423 345
755 587
114 289
655 368
804 254
954 515
53 252
403 683
105 822
776 840
346 825
848 317
491 963
952 959
114 775
947 525
287 616
304 756
891 74
136 929
40 309
947 690
463 541
570 916
735 562
355 61
608 488
668 507
755 6
655 92
111 86
219 39
596 167
844 698
27 615
893 546
496 114
261 910
775 944
202 738
364 763
723 303
406 778
8 763
76 322
143 261
747 189
722 534
160 94
942 747
420 145
491 877
860 184
216 74
724 799
380 872
644 211
520 542
807 480
321 107
243 489
222 801
339 144
208 811
786 960
264 378
412 805
9 670
202 611
935 124
175 204
205 376
301 569
363 831
805 405
722 584
634 673
777 817
632 594
668 307
239 942
133 759
214 251
900 850
404 239
751 680
651 686
161 86
329 111
150 705
868 188
937 808
809 197
622 289
613 110
407 259
494 943
528 200
510 933
853 779
4 561
279 319
308 765
643 777
331 237
273 246
540 841
682 509
395 622
570 318
606 926
116 846
898 83
556 290
397 460
305 572
131 27
960 333
250 787
306 790
241 157
150 728
677 495
915 797
843 93
646 356
921 399
806 797
576 784
252 874
39 883
680 23
953 427
155 99
30 838
365 353
491 452
139 753
175 801
62 346
950 403
834 782
721 633
319 58
485 727
965 482
583 410
401 6
628 529
829 211
805 727
86 634
778 642
189 647
321 571
742 234
558 27
946 835
724 89
557 879
480 747
650 733
886 719
136 313
946 557
880 242
258 580
103 588
173 97
117 795
73 389
227 602
454 757
366 827
8 298
415 931
233 31
322 896
382 586
24 328
445 316
501 467
246 902
802 552
117 891
600 432
579 620
761 376
665 765
164 717
306 797
754 830
734 559
789 488
783 793
292 613
162 855
80 372
400 639
573 220
680 437
308 127
921 130
546 329
382 669
839 127
222 372
91 555
86 370
889 629
774 5
324 913
361 491
225 816
421 611
919 562
953 96
745 804
548 347
498 317
685 168
919 706
825 404
82 117
142 802
711 596
234 791
283 299
920 78
736 207
37 7
639 461
332 39
396 796
915 461
556 452
146 416
958 171
128 131
42 100
427 29
127 381
128 575
941 353
546 249
386 286
142 651
317 949
294 32
481 573
712 826
928 58
552 344
147 372
849 302
794 792
862 834
585 604
853 601
745 616
277 515
247 494
45 738
705 397
300 613
713 273
534 407
90 540
624 840
483 95
287 332
650 830
183 239
259 89
283 724
263 806
438 564
370 490
176 218
954 636
902 248
677 239
337 352
815 656
287 132
349 799
459 805
330 777
484 98
381 476
259 712
885 393
954 680
937 703
709 226
512 2
826 535
656 787
731 584
793 433
445 948
198 325
311 640
663 924
880 856
837 514
406 754
415 5
750 764
525 203
889 963
652 287
758 140
341 149
566 399
662 957
67 37
823 122
748 399
861 82
292 57
525 158
164 779
418 320
38 414
485 34
282 602
181 845
523 589
501 35
559 745
245 84
506 300
928 211
204 640
491 513
136 20
324 624
38 330
855 846
585 633
813 240
290 356
512 312
766 694
957 461
350 4
251 837
697 732
106 439
909 749
174 920
873 521
47 314
505 142
383 449
596 940
867 895
766 301
555 804
853 451
622 781
497 5
445 518
658 573
41 792
831 692
394 775
758 465
419 461
961 207
599 566
869 738
298 204
680 177
838 725
48 160
622 921
725 111
560 182
394 724
774 124
398 799
687 839
365 11
621 208
338 808
843 139
574 81
738 514
955 189
524 828
934 183
713 11
519 498
692 830
294 573
23 868
868 121
417 64
531 805
863 630
661 648
69 378
357 911
208 719
594 922
636 873
755 25
240 221
523 281
253 392
862 4
21 420
227 325
636 576
632 608
121 635
756 295
813 8
473 790
187 377
454 758
617 337
321 737
549 49
175 953
739 657
457 392
77 102
16 124
525 734
8 893
893 829
829 874
290 823
938 143
204 799
35 941
744 652
898 99
339 113
947 803
552 513
389 851
313 159
959 307
633 345
708 438
155 797
583 194
945 272
883 765
338 177
683 273
249 135
826 552
493 907
114 214
90 589
532 411
126 793
797 462
444 907
774 886
712 916
750 652
281 32
610 78
17 736
164 223
213 510
178 864
348 805
739 613
644 200
91 152
386 902
377 213
576 590
647 894
580 265
965 854
634 563
900 195
607 319
719 779
150 635
525 762
307 171
825 682
169 880
473 453
332 358
818 545
308 15
670 558
567 128
227 200
46 187
851 916
35 788
263 787
911 177
151 521
224 3
836 303
781 330
219 128
197 588
916 961
112 207
460 137
648 62
621 653
66 895
920 240
639 684
833 575
856 654
153 710
217 541
365 817
561 666
568 703
630 868
893 620
298 622
594 816
71 722
939 104
905 612
585 627
705 120
38 106
931 6
312 499
526 523
346 69
592 329
385 297
583 649
886 712
591 670
470 261
544 902
627 744
846 287
43 554
473 763
264 524
432 811
855 363
839 447
568 936
536 29
733 275
335 568
382 77
499 298
680 410
285 722
7 495
349 430
136 843
377 277
451 506
148 1
644 154
494 549
954 587
792 667
94 372
192 30
348 396
824 490
634 370
418 215
636 457
294 355
656 637
572 370
890 861
308 365
467 897
697 681
515 691
547 589
180 725
279 791
344 256
856 683
219 693
557 56
938 100
15 185
147 154
859 855
139 871
927 185
572 230
337 146
486 259
240 210
74 107
34 10
410 168
470 283
913 37
149 448
788 445
327 17
219 611
499 511
473 948
940 130
638 316
679 469
66 265
386 216
570 862
796 1
270 903
183 67
226 942
367 491
49 626
842 249
199 854
939 164
146 273
799 434
395 95
206 703
941 807
751 694
30 956
350 661
726 386
9 522
765 326
406 688
249 372
806 254
471 917
611 576
859 353
352 749
198 912
934 79
376 492
368 340
72 783
565 556
902 387
547 767
278 908
50 198
927 233
559 143
812 957
768 903
131 264
183 840
73 195
280 467
345 685
59 155
265 945
777 890
833 126
388 245
503 813
933 90
562 546
468 85
291 672
364 788
722 937
245 712
36 656
112 780
514 302
333 312
960 910
661 664
87 895
528 222
411 698
517 763
677 193
637 389
179 669
303 629
223 138
239 345
724 433
66 222
79 54
388 716
794 138
336 949
371 508
444 288
307 579
320 733
276 708
645 175
165 638
644 530
685 567
364 396
312 683
859 931
409 752
906 871
884 713
500 460
24 436
103 507
341 951
638 856
268 957
374 38
172 467
584 101
844 358
281 956
700 491
208 99
255 396
250 410
28 682
406 99
234 587
469 662
854 502
173 379
374 72
449 554
890 919
293 801
398 902
245 714
812 8
116 572
502 857
143 786
897 516
747 447
396 593
150 47
613 469
500 703
830 377
663 812
787 648
903 564
732 950
201 939
254 334
590 676
57 820
870 157
58 60
227 619
174 49
709 346
133 66
459 955
803 926
296 460
390 461
452 555
750 801
210 755
5 730
534 227
189 199
173 109
494 763
901 761
609 539
835 330
760 916
68 392
373 90
809 648
772 98
607 600
423 44
469 554
940 220
6 129
482 646
20 158
354 38
236 702
781 428
197 844
171 690
217 811
199 462
841 911
860 855
912 768
743 425
513 103
878 80
10 298
286 725
320 492
437 516
718 695
425 725
599 173
289 770
695 800
636 922
808 584
759 255
5 851
194 387
355 147
514 564
188 149
908 66
424 615
101 52
668 148
322 566
348 44
652 374
782 473
651 1
113 632
687 666
885 273
319 145
788 651
872 681
905 828
796 249
610 771
813 266
188 73
153 47
724 868
927 169
166 515
157 633
58 95
525 641
362 139
910 24
900 467
604 276
902 933
321 823
553 560
890 423
802 413
157 616
814 264
707 830
807 847
434 18
792 477
836 805
138 269
775 114
406 396
363 676
303 766
31 545
545 874
209 615
451 821
540 604
453 594
516 568
170 459
149 210
625 200
145 830
382 556
7 423
543 3
279 55
359 758
922 527
886 183
471 812
697 732
886 307
459 572
313 64
425 583
838 26
38 182
242 373
132 903
185 552
363 326
202 127
543 253
558 602
874 482
127 675
701 834
894 136
558 646
94 781
796 883
588 618
28 38
820 204
539 205
732 599
654 437
598 744
786 448
280 139
692 59
878 685
781 259
46 464
465 962
86 960
636 604
524 842
213 768
732 15
146 543
376 689
426 445
416 837
557 885
554 568
835 534
1 267
852 208
491 875
949 80
633 304
415 774
603 340
953 879
892 950
671 521
368 859
760 62
924 807
168 343
560 892
316 654
474 832
187 922
611 630
921 798
86 31
108 900
600 276
425 945
441 891
38 595
955 791
829 782
51 49
950 768
62 638
312 454
308 419
476 735
801 927
352 940
306 957
49 959
752 27
566 543
46 629
674 217
305 326
955 731
412 409
629 143
788 501
565 125
241 876
902 508
948 188
571 20
199 71
643 493
929 959
952 325
470 713
124 235
20 521
959 46
337 469
769 809
300 837
708 847
437 652
795 28
38 704
525 318
551 804
507 727
413 660
36 69
634 151
796 773
361 411
626 344
709 295
354 166
590 313
140 895
28 383
141 610
211 56
241 787
646 335
681 436
29 472
11 609
315 680
783 64
474 523
825 877
549 1
4 220
174 620
74 589
161 745
840 933
894 47
227 9
207 163
727 422
803 170
14 808
604 121
832 175
487 288
926 399
224 1
532 861
411 608
627 557
231 906
371 550
809 438
139 269
494 588
541 437
432 520
396 154
645 762
757 70
517 215
827 242
280 627
491 373
407 483
579 680
383 768
20 286
314 629
536 845
159 104
768 167
268 53
923 850
528 379
615 117
734 304
524 729
898 598
6 408
361 684
183 253
815 251
303 942
887 290
797 336
743 24
918 704
21 272
39 735
881 324
452 508
95 597
502 771
132 763
386 883
368 391
375 90
104 532
287 962
349 23
920 25
268 376
864 198
47 682
470 490
60 309
658 744
697 539
163 347
869 524
11 895
261 584
411 657
494 937
955 68
227 951
259 419
631 814
425 734
746 807
341 122
271 549
253 807
867 505
739 800
144 394
843 103
73 431
492 844
378 751
505 730
408 710
356 930
500 718
523 479
718 792
147 166
656 366
709 208
564 950
175 662
309 616
808 66
517 258
614 429
690 547
855 945
499 636
678 45
759 816
523 239
267 117
358 421
694 56
75 137
534 797
840 85
481 94
956 107
408 488
4 113
478 561
230 139
954 771
410 603
163 68
747 429
676 579
800 609
353 299
442 389
825 19
393 584
233 371
881 22
672 660
442 226
595 359
821 364
157 620
733 84
251 740
496 754
471 7
896 281
558 577
383 305
903 686
718 339
837 313
99 773
586 283
291 745
746 174
314 294
574 669
54 462
582 545
525 210
452 957
849 259
601 336
280 4
864 832
713 616
852 47
946 155
609 659
481 644
160 111
266 793
621 475
464 325
794 820
795 606
954 101
467 584
750 70
425 554
94 538
416 275
630 289
528 846
329 98
208 753
242 338
777 569
677 703
707 164
311 572
61 382
127 604
808 503
891 222
309 269
337 155
136 380
946 463
710 930
416 885
650 58
217 331
714 217
697 549
24 717
207 204
728 75
169 665
322 701
848 167
143 295
488 406
305 913
224 585
495 689
433 156
886 359
266 824
838 785
591 588
779 826
256 378
475 404
267 750
833 638
444 484
784 214
173 946
196 177
770 575
82 301
866 56
306 810
848 965
366 387
635 832
822 942
480 600
319 867
927 533
492 914
419 620
396 868
639 304
725 762
507 825
321 842
639 127
230 695
394 254
865 395
954 493
696 528
481 398
785 496
151 692
56 348
490 667
449 963
921 824
507 673
319 355
876 589
950 535
142 636
282 963
537 869
303 163
812 115
573 468
948 809
684 922
879 917
726 559
534 112
619 583
343 919
46 330
754 823
747 748
143 830
746 344
431 834
512 677
856 903
906 844
88 238
242 237
822 243
488 804
797 805
740 397
262 315
594 518
66 930
49 255
812 123
309 602
961 728
44 676
762 587
262 956
89 595
256 411
784 927
83 632
186 671
84 332
561 752
562 462
13 950
256 720
803 108
807 682
452 859
146 209
732 847
561 219
374 783
207 397
661 559
29 124
40 267
887 305
883 731
435 500
678 306
952 763
502 44
251 730
288 829
949 295
888 81
131 842
729 504
544 514
700 938
238 738
355 7
676 919
59 374
78 136
245 143
832 421
780 274
750 137
796 115
663 678
572 509
676 490
537 266
192 591
320 403
883 128
687 856
727 726
328 421
21 30
701 6
799 267
862 475
381 210
539 24
659 718
589 267
138 411
126 84
238 226
107 217
490 90
692 228
504 763
704 101
674 821
192 557
660 300
298 248
584 194
53 833
875 652
797 883
193 655
38 636
801 281
636 6
651 457
25 356
156 497
943 92
774 185
686 740
947 574
334 353
537 470
447 904
66 640
8 27
804 84
371 229
588 539
216 245
142 516
507 724
107 698
323 724
770 876
562 84
719 633
572 287
783 554
152 576
632 421
936 159
680 466
842 69
814 843
887 30
204 756
255 594
653 313
168 830
304 93
649 803
377 431
239 730
385 402
33 774
307 165
310 672
526 327
857 304
650 889
383 530
145 428
20 320
623 306
91 843
884 41
590 71
898 505
133 1
581 389
237 89
705 470
610 858
32 91
340 315
833 29
858 706
933 107
606 550
182 835
237 837
398 24
8 396
138 201
622 610
664 915
505 929
5 401
432 404
804 167
480 335
368 959
455 494
369 111
465 722
222 276
343 405
561 735
407 939
732 789
812 460
584 80
698 81
52 408
835 502
483 551
583 45
278 861
744 301
100 562
465 714
308 841
233 418
434 739
826 293
346 203
785 802
512 396
602 334
33 798
93 161
926 633
758 962
622 525
299 839
667 833
594 701
248 260
948 225
28 223
455 605
928 548
421 43
525 552
668 172
855 530
32 797
682 750
166 345
904 20
227 72
728 10
404 681
513 194
12 958
355 487
361 855
643 326
556 250
965 424
477 365
96 826
130 944
57 680
169 381
168 15
540 309
452 918
671 780
927 574
398 624
573 421
840 22
600 910
315 132
753 292
341 54
338 181
909 835
438 14
723 902
389 519
478 525
22 239
709 907
907 790
691 577
509 464
326 56
78 74
603 473
837 784
642 128
510 532
100 99
171 477
129 770
812 888
871 212
8 464
104 492
90 721
399 826
594 799
337 589
914 706
759 37
345 219
195 471
525 493
759 801
642 953
276 15
655 351
351 29
276 633
884 46
91 282
657 93
581 36
544 784
827 635
237 484
859 840
521 571
109 932
723 783
292 904
392 727
893 844
195 241
323 908
943 13
38 374
945 436
467 501
944 923
928 202
365 463
244 344
517 340
684 862
538 577
583 597
199 703
589 515
336 161
143 394
187 948
839 318
628 923
332 228
435 918
99 268
101 512
940 115
589 132
316 379
291 709
140 889
734 142
854 462
750 796
916 837
83 674
186 172
84 239
36 697
516 430
455 37
10 778
371 575
925 780
430 664
427 762
151 719
751 198
485 508
822 708
563 780
383 771
426 352
709 741
390 481
475 944
803 817
104 74
482 948
843 81
24 822
9 517
354 695
852 14
666 875
613 407
162 670
499 448
472 305
199 342
945 508
373 747
73 336
605 239
907 531
944 727
443 449
601 488
379 5
910 339
846 197
647 149
197 239
945 512
32 467
573 83
277 724
354 653
677 874
689 584
896 715
481 715
185 604
693 670
685 823
476 664
471 477
140 610
479 212
407 90
270 244
444 379
862 829
845 169
462 665
235 148
961 544
54 325
732 935
310 35
958 435
89 474
372 251
675 488
313 590
290 294
500 87
39 639
862 417
210 384
645 152
23 931
670 178
315 399
495 846
45 772
939 496
783 121
509 283
208 849
610 790
39 882
125 473
448 887
326 14
800 315
704 796
212 313
163 622
739 213
39 284
666 298
624 531
672 63
78 682
383 726
172 161
145 72
183 310
463 613
644 389
751 192
286 176
938 162
723 282
92 496
901 364
189 751
323 942
965 667
484 120
330 609
871 710
14 141
137 115
362 395
192 201
612 415
745 111
133 420
724 729
607 426
770 848
788 480
409 529
125 528
820 363
416 180
322 201
703 63
122 658
842 558
71 558
570 945
771 269
564 336
580 93
639 513
768 741
458 819
454 419
472 52
844 749
239 764
121 594
174 493
417 143
805 65
643 880
222 789
364 348
403 883
814 435
665 931
947 566
676 79
658 501
888 571
212 73
209 661
25 36
712 444
198 951
765 46
216 823
634 141
844 79
927 472
742 444
661 196
543 127
411 747
651 153
121 161
184 106
85 113
265 328
83 217
188 333
623 501
318 236
150 800
652 84
235 579
463 108
16 139
654 476
519 767
946 402
782 306
522 899
906 391
541 274
674 259
741 803
753 664
608 484
694 447
125 843
776 701
599 380
49 473
619 116
571 879
786 269
21 700
857 3
912 360
703 833
772 565
689 820
890 689
537 466
636 831
596 266
635 153
349 235
138 741
899 847
369 525
849 674
131 910
397 569
753 533
528 509
183 194
361 321
521 482
741 824
796 823
875 748
631 853
407 485
449 277
633 813
842 660
432 225
238 544
941 367
489 150
87 195
468 931
741 399
267 551
886 639
219 411
244 526
819 286
160 227
220 772
816 67
335 945
93 280
796 557
333 456
811 79
305 418
408 848
672 730
646 422
114 343
888 681
639 492
157 489
798 691
916 367
10 659
519 339
409 536
247 21
239 227
679 445
810 216
534 297
325 383
106 350
567 541
686 701
704 870
166 729
542 779
375 284
248 39
433 890
612 506
540 291
97 674
703 655
76 5
7 845
163 535
649 382
307 959
303 811
880 132
94 442
35 516
420 236
908 243
682 245
922 478
894 561
351 903
341 464
565 595
719 178
233 957
152 217
746 613
533 340
741 458
311 881
141 897
34 449
957 294
99 194
278 154
908 453
240 409
532 582
528 418
375 924
700 29
459 955
30 856
231 644
342 184
344 759
171 359
779 221
931 630
72 777
609 458
7 482
358 462
629 553
785 626
91 11
862 184
734 304
837 254
544 503
132 469
382 370
616 193
190 358
916 62
561 456
317 80
341 464
17 383
1 34
114 355
319 678
515 289
851 846
638 223
32 452
243 77
142 960
57 460
822 45
233 186
810 107
392 499
799 863
700 471
365 625
840 502
640 371
721 777
546 67
154 325
307 843
876 88
797 601
611 775
510 576
71 712
477 299
519 892
22 829
717 454
171 101
608 704
568 262
713 834
119 480
887 836
445 845
258 250
937 622
907 206
626 62
334 124
241 556
642 343
131 659
336 818
291 808
119 293
904 675
233 153
788 152
369 714
613 398
791 269
833 168
441 736
292 391
249 359
175 417
402 891
359 115
809 640
514 228
676 694
925 355
349 543
466 616
564 953
789 353
715 729
5 228
678 660
342 515
55 605
419 260
888 568
819 362
549 655
141 209
16 635
353 550
60 430
838 531
111 734
33 789
106 538
700 901
10 664
27 144
328 695
789 834
675 58
911 188
555 612
190 231
732 790
830 898
480 765
915 742
55 579
952 423
663 805
512 125
206 433
632 82
99 639
353 128
411 399
63 64
936 689
501 354
862 718
586 415
348 587
304 195
580 395
197 797
135 544
605 458
247 502
337 468
113 395
343 834
654 769
141 148
618 277
841 80
383 566
684 593
351 551
559 918
336 45
307 449
673 276
391 716
543 763
12 899
963 960
241 873
447 181
706 533
805 788
120 321
200 81
876 795
856 760
249 10
198 58
632 767
795 498
591 320
391 48
337 589
172 713
737 372
75 323
341 376
1 406
876 518
921 466
629 507
677 455
510 570
204 602
926 238
547 885
748 593
794 401
929 890
648 675
935 62
759 171
451 476
952 87
4 915
567 484
760 704
201 772
559 955
284 335
287 71
233 448
159 704
367 906
437 88
550 15
92 284
322 38
351 691
840 875
879 851
790 780
677 209
234 87
527 750
561 410
102 549
769 897
785 461
805 174
325 771
170 208
917 935
263 39
15 370
30 545
284 119
596 901
536 359
794 457
868 192
486 23
348 166
173 757
546 643
740 751
603 285
914 465
30 681
651 312
521 371
505 476
361 267
436 79
192 159
188 108
641 654
65 420
473 951
135 140
826 713
206 234
595 885
925 495
524 560
879 386
455 690
736 99
515 806
83 185
211 470
457 254
948 664
159 885
197 651
494 544
56 200
924 269
621 814
548 649
529 885
346 446
824 312
380 256
640 786
936 604
670 627
890 198
273 480
599 588
806 71
454 473
321 16
654 608
501 930
737 207
446 440
320 175
150 833
274 923
737 367
908 91
339 906
350 764
383 215
759 366
946 131
670 762
812 868
189 696
662 793
937 395
21 890
56 950
880 21
160 43
222 123
23 418
685 58
118 350
924 892
24 433
399 539
760 666
853 134
546 773
108 339
589 126
709 397
267 318
914 309
349 442
188 102
650 64
396 304
405 587
635 18
791 585
144 920
750 497
709 445
588 219
32 347
964 312
235 291
10 951
453 51
683 253
846 913
905 377
459 505
832 640
5 493
612 414
394 455
847 964
88 924
802 765
135 564
808 351
625 287
806 506
577 477
774 381
2 699
773 331
14 945
659 443
764 203
878 346
767 13
717 475
360 445
444 241
170 805
26 294
300 577
723 530
436 147
694 496
455 714
565 276
74 579
93 859
342 157
679 951
505 347
678 378
699 820
182 629
301 95
153 885
478 860
869 278
828 367
663 7
513 601
612 753
92 879
175 772
487 37
117 753
94 750
279 642
277 132
699 120
198 390
7 728
152 454
319 120
715 752
284 788
31 591
36 446
435 437
494 55
320 647
237 117
65 633
112 955
11 78
571 83
120 371
629 281
726 798
126 804
459 329
221 463
376 905
264 304
458 183
282 202
497 272
118 413
491 686
732 482
548 952
67 959
26 779
553 855
351 8
37 516
527 626
136 746
904 738
804 389
507 778
740 145
945 916
951 618
324 150
911 198
181 709
401 921
580 382
357 847
757 167
305 560
27 951
507 680
622 378
163 385
316 451
647 904
823 297
228 745
893 297
325 944
795 943
763 894
477 811
943 255
483 707
655 383
848 809
403 872
278 217
643 496
387 521
765 406
495 551
81 246
280 253
908 614
657 674
263 500
164 944
153 127
699 925
317 737
934 260
33 476
308 285
769 545
845 715
127 88
209 360
877 569
325 457
896 500
30 284
460 8
63 489
735 632
60 835
326 774
923 335
792 372
921 659
929 139
368 24
771 69
264 181
536 178
447 144
525 199
173 926
374 727
895 778
711 335
930 691
670 303
562 407
254 16
919 622
458 63
24 602
338 367
399 81
52 900
389 35
373 29
53 76
817 356
336 706
90 197
885 949
642 585
655 817
150 769
784 63
275 230
935 806
391 260
802 25
464 451
410 74
336 932
797 459
264 547
533 245
915 942
104 539
698 246
798 525
125 43
834 51
65 590
899 305
965 496
727 617
594 35
880 215
117 285
382 784
345 222
514 491
60 497
624 277
547 291
711 403
131 903
760 139
690 194
380 344
291 840
648 718
55 68
593 958
373 691
399 263
158 505
352 574
263 334
468 252
609 933
524 581
70 643
485 244
915 643
863 363
407 471
9 460
634 722
652 250
168 138
129 594
928 688
396 615
84 530
167 410
116 756
421 106
9 898
394 553
18 193
447 618
849 202
482 800
241 900
873 592
132 834
14 732
955 561
463 842
329 798
256 414
616 870
285 734
463 238
964 629
373 283
527 858
547 57
623 364
470 315
241 457
845 228
373 646
389 877
901 397
369 662
756 857
716 334
410 864
314 826
816 331
754 662
882 728
863 140
910 744
324 701
294 187
940 372
612 925
804 683
364 301
617 535
74 174
564 908
174 606
682 469
558 818
97 572
142 553
815 56
385 847
565 959
389 844
873 366
908 732
919 600
398 104
187 682
365 792
29 440
443 253
595 602
306 691
454 213
299 549
556 764
544 436
542 28
364 894
771 308
505 57
951 92
830 519
825 736
232 386
442 283
809 676
378 82
43 346
816 896
640 347
787 217
82 723
375 164
877 45
751 64
27 588
345 790
233 840
673 246
404 677
49 964
657 799
470 389
227 310
905 417
674 133
269 788
130 199
307 350
435 114
872 196
469 342
190 944
389 401
704 809
68 554
142 689
719 934
172 562
634 82
645 110
230 592
425 170
816 823
503 786
378 175
908 803
630 191
67 694
137 169
192 847
486 479
478 74
439 19
239 945
772 805
80 869
32 822
618 627
159 25
299 542
596 12
813 497
179 452
329 642
248 868
86 554
148 884
931 357
302 504
579 553
519 219
596 116
684 251
147 313
522 116
775 679
92 754
163 883
913 104
56 952
40 848
493 273
49 541
403 284
624 843
907 479
546 758
11 670
367 514
397 674
51 653
383 431
478 67
617 435
106 13
488 524
181 352
205 880
527 526
299 627
629 347
883 330
918 120
748 255
177 228
245 39
901 260
250 295
182 24
786 109
178 778
852 490
395 920
293 574
882 419
928 250
733 964
527 410
5 486
715 18
410 265
466 542
618 951
177 238
849 844
219 421
225 226
209 862
187 78
239 342
136 233
862 265
196 40
791 348
711 643
776 5
931 887
387 309
727 215
922 857
488 111
10 804
4 770
849 579
780 269
468 535
900 618
680 504
179 777
338 12
71 867
468 743
227 903
501 959
785 820
844 158
595 830
520 255
866 941
497 57
699 872
552 578
348 456
508 634
883 898
168 257
273 786
928 431
396 122
965 545
885 854
509 701
910 167
594 217
674 118
61 400
569 786
955 882
62 477
652 280
46 399
891 620
429 403
547 530
688 855
183 699
584 329
546 379
571 143
323 298
535 771
269 252
250 33
51 913
324 423
82 688
686 751
310 433
794 533
759 892
952 531
656 649
122 917
765 59
105 68
461 871
430 753
141 239
231 854
268 722
2 502
871 468
690 482
251 676
826 744
565 584
339 23
162 752
274 721
175 566
250 36
943 613
827 22
782 271
388 450
716 162
676 560
590 178
778 322
439 43
634 56
108 693
483 477
404 835
475 178
112 867
642 769
510 787
635 279
450 889
858 387
958 199
149 905
920 887
918 135
197 579
742 125
292 600
558 99
923 889
340 570
78 102
126 73
623 878
263 838
313 821
17 3
874 158
539 480
904 191
649 683
145 537
420 660
329 638
784 313
451 307
656 310
912 941
162 688
342 166
816 721
41 964
930 728
653 570
218 392
566 593
889 921
934 793
751 778
892 39
866 383
604 855
930 876
604 825
113 301
161 606
139 346
471 699
166 509
140 683
463 548
150 469
465 45
927 604
127 492
660 133
137 150
583 879
378 393
360 793
86 750
738 500
868 382
387 145
443 891
963 825
635 244
522 282
356 179
858 386
671 527
658 940
211 88
905 510
821 393
617 200
413 487
588 624
940 293
28 257
864 73
559 377
427 844
749 433
441 875
284 776
628 840
832 300
461 247
136 508
217 705
848 705
443 883
839 355
666 477
570 285
543 285
129 196
22 586
526 227
943 839
254 687
609 228
167 344
30 528
346 179
351 63
650 161
756 727
572 103
342 679
330 658
401 546
459 99
920 127
516 379
48 2
503 421
477 226
461 911
508 282
99 754
708 313
162 103
247 767
445 203
569 161
596 15
48 155
262 115
189 843
692 719
249 363
846 904
198 705
763 88
878 248
45 18
548 914
48 171
351 607
648 370
198 1
523 710
853 193
91 449
806 691
616 180
117 670
653 700
483 296
223 757
458 572
435 237
421 83
52 343
487 142
754 883
128 346
910 673
129 593
681 761
457 547
671 896
867 126
694 408
234 586
874 494
631 147
112 235
902 25
402 339
879 174
205 174
527 404
911 422
257 326
354 609
152 676
254 692
714 470
169 45
834 69
723 288
523 378
471 448
395 108
82 185
890 668
238 206
517 306
533 843
103 873
483 336
411 943
590 534
703 493
62 222
866 231
660 655
665 446
414 683
765 462
270 261
831 573
561 492
932 352
671 856
797 375
918 103
822 437
782 270
171 656
763 448
627 783
434 625
628 179
158 643
767 86
135 61
91 232
532 185
704 223
874 861
341 316
954 542
739 314
455 302
387 936
823 117
290 889
368 304
128 674
306 593
488 376
868 670
445 787
57 288
358 761
347 423
130 115
431 452
489 616
125 280
486 801
316 711
483 829
597 727
91 203
341 48
470 949
883 442
710 667
676 906
156 228
561 206
538 94
764 204
390 263
169 778
344 336
898 607
330 105
588 709
333 130
190 34
588 481
312 858
775 442
309 243
474 458
380 559
867 391
114 312
231 528
65 626
905 218
386 784
780 841
426 46
169 620
394 210
336 444
947 283
146 167
532 743
242 148
469 764
580 356
202 348
11 684
422 603
771 422
46 71
327 964
394 673
870 799
172 157
705 182
575 698
677 6
555 144
679 736
332 61
71 345
142 158
302 11
632 814
887 302
400 879
489 516
145 350
486 890
581 456
665 132
91 959
594 237
9 38
22 732
298 839
667 821
360 137
771 350
458 234
829 423
913 619
462 84
369 504
432 792
690 47
572 361
536 474
233 428
850 361
55 33
508 815
746 183
328 132
356 681
477 233
556 350
798 735
518 310
187 369
548 722
789 59
871 949
194 80
685 303
62 387
326 246
160 403
39 710
280 111
626 680
265 652
910 99
465 185
80 315
413 842
61 445
452 316
43 410
951 416
95 666
565 584
654 752
590 775
391 957
729 424
772 111
283 266
1 695
608 140
771 75
662 101
386 741
406 380
748 257
638 601
826 592
528 767
736 614
765 41
106 509
229 861
168 791
627 716
961 367
75 673
750 629
627 729
231 527
523 900
298 110
367 509
712 875
925 170
7 303
919 492
110 555
247 338
144 25
901 216
830 789
295 595
797 955
360 65
722 239
20 198
739 750
251 169
698 21
521 516
588 503
359 215
780 482
393 244
899 705
725 372
85 223
939 226
799 57
570 852
5 355
649 948
303 663
375 836
730 889
686 726
407 378
950 921
119 199
92 198
624 461
590 36
440 809
173 625
141 449
890 1
441 204
403 955
598 238
924 562
873 913
773 848
587 735
159 793
107 748
344 964
357 911
592 46
784 540
176 522
369 791
374 512
764 564
49 755
303 513
530 20
1 659
905 314
592 933
465 514
868 49
580 191
959 302
135 488
519 428
179 164
367 543
111 705
478 334
722 780
506 504
804 807
66 553
920 238
626 878
35 1
460 551
757 548
4 510
445 476
892 688
260 113
248 477
35 744
390 315
485 747
507 918
424 490
260 859
638 526
676 150
288 216
358 314
487 429
251 441
479 428
126 430
65 317
779 897
892 767
154 694
965 791
115 360
691 668
911 601
325 832
507 489
377 574
704 311
23 68
189 706
419 380
146 846
773 784
123 419
946 31
568 426
458 417
78 266
411 614
607 617
908 873
597 127
745 40
907 158
638 797
466 403
637 947
547 752
947 874
912 203
79 940
263 624
702 564
845 292
632 651
227 784
366 650
19 700
726 813
900 621
324 598
733 187
310 217
466 773
687 797
750 350
890 516
178 723
359 453
343 246
806 849
821 192
729 383
660 926
668 281
465 215
951 469
89 214
580 757
292 82
133 868
665 721
303 74
754 51
653 383
761 558
679 520
902 697
80 953
21 239
827 227
30 307
56 21
731 583
417 176
903 605
282 202
204 617
505 705
232 694
933 222
844 851
462 711
295 425
369 887
87 421
88 239
265 407
769 592
600 665
210 430
793 631
303 328
70 175
679 537
367 489
189 5
672 800
185 347
564 894
222 893
578 290
81 879
92 803
375 346
633 564
172 946
9 369
657 66
621 548
140 859
428 613
197 896
158 686
920 651
26 251
675 207
34 770
215 200
456 580
582 807
153 513
122 214
252 618
933 664
393 256
955 928
541 875
361 115
732 300
11 84
60 621
279 483
765 885
536 838
11 302
58 474
96 782
920 783
889 836
639 75
149 618
144 956
798 46
42 253
480 406
760 168
737 523
225 91
457 467
354 273
227 848
327 961
24 690
462 886
647 781
724 68
49 550
272 955
85 83
382 583
37 566
191 133
530 820
925 768
182 651
697 304
91 157
698 584
217 855
710 751
726 187
589 704
481 880
416 183
622 6
564 767
336 923
851 874
309 751
394 895
748 110
800 167
730 537
885 453
648 258
636 847
895 13
539 898
230 69
164 157
49 773
962 510
62 894
588 215
263 897
32 168
608 388
938 236
230 843
410 282
877 20
131 732
445 807
75 134
159 784
395 895
672 877
155 566
335 870
655 118
480 99
496 326
664 96
211 759
10 299
404 932
696 784
815 457
653 768
328 36
206 226
801 270
524 91
408 293
463 352
98 139
793 520
872 97
436 358
543 72
807 404
419 872
703 559
261 890
273 29
604 60
600 560
663 456
716 844
503 191
833 669
26 8
609 903
940 846
894 699
606 504
357 867
310 582
764 596
767 591
753 514
560 417
694 239
464 682
177 197
385 133
732 541
356 701
380 872
475 692
508 494
885 437
882 610
670 741
302 522
352 410
829 163
327 228
934 771
87 559
439 148
692 696
447 238
707 468
627 631
385 364
168 710
932 709
125 358
220 430
148 426
616 2
879 45
738 190
877 444
538 730
431 140
628 62
963 671
44 731
481 435
639 717
866 930
488 242
219 655
552 59
923 205
780 4
708 887
585 589
128 30
937 733
791 274
3 235
574 873
191 781
152 166
508 537
91 934
750 479
548 430
39 806
750 439
456 528
227 856
516 418
70 818
562 729
780 844
306 191
540 659
693 765
5 790
801 195
155 658
481 554
817 757
456 918
902 469
460 801
118 886
549 830
428 908
956 933
41 181
913 180
462 452
315 140
752 191
622 591
849 598
464 705
892 816
235 745
600 786
554 71
262 893
756 390
935 219
219 459
223 320
231 490
538 27
798 362
370 415
251 131
402 239
915 921
768 799
848 585
371 523
101 531
307 589
665 363
600 67
876 72
181 56
217 461
545 317
567 666
556 851
522 218
59 943
221 160
429 472
893 678
252 915
291 826
491 215
114 91
350 392
380 49
166 917
94 184
841 376
316 628
202 8
178 831
547 448
682 25
711 142
853 786
629 25
962 238
750 30
70 864
161 388
582 866
129 569
279 260
37 935
705 526
712 212
219 633
473 890
89 474
58 889
127 292
719 200
112 49
938 296
915 304
674 846
783 602
250 563
132 225
519 254
524 568
880 185
665 135
762 812
851 733
795 45
741 871
807 755
961 521
170 49
145 266
556 477
271 453
538 888
164 722
533 403
532 837
501 153
911 771
384 643
124 250
750 958
907 221
562 464
944 779
384 551
57 299
244 550
778 761
695 538
705 244
246 378
911 602
458 401
637 828
886 792
693 206
661 604
797 507
136 502
585 352
416 150
773 802
65 222
827 639
878 524
197 9
942 114
76 917
551 295
179 892
195 187
580 186
860 652
650 904
489 193
725 634
586 965
111 630
104 1
64 81
596 195
927 889
936 615
947 185
780 301
387 603
329 683
818 498
280 513
243 352
46 155
390 110
717 212
65 374
846 588
743 491
847 290
608 650
943 169
128 737
588 114
679 186
274 67
914 588
455 497
38 788
74 539
547 629
714 571
828 899
525 321
524 679
37 573
101 459
166 20
16 25
674 536
172 230
677 9
267 690
917 464
735 194
872 28
772 206
741 112
7 113
248 403
426 964
938 446
806 629
943 562
273 517
102 316
23 651
610 959
128 350
584 839
779 75
616 752
951 860
823 477
128 153
262 907
896 425
504 87
878 232
341 204
146 717
194 90
666 386
388 805
282 330
941 115
355 283
499 264
205 118
601 112
74 665
564 233
755 684
104 854
112 187
411 588
217 680
161 353
902 931
694 93
352 293
722 83
690 923
310 666
795 789
959 714
957 948
143 98
403 340
216 64
633 887
439 856
276 337
309 737
613 746
397 724
317 635
517 571
676 852
576 784
132 477
633 271
934 809
819 901
700 218
629 112
206 413
487 108
510 752
378 937
521 714
324 304
676 25
830 860
237 348
624 566
191 795
430 393
182 245
271 895
319 199
66 714
368 439
809 699
133 805
523 648
877 338
529 362
578 60
488 407
191 816
605 540
364 696
33 925
945 257
826 265
276 799
301 23
485 111
503 156
872 902
799 553
300 534
694 712
943 895
604 165
206 705
186 379
375 914
602 71
52 335
511 424
503 471
781 360
893 955
828 943
620 648
844 171
561 144
393 392
527 349
453 331
818 356
681 198
355 725
860 664
649 960
304 100
302 632
878 880
440 839
622 960
741 807
178 929
590 359
29 622
312 626
151 101
75 321
337 99
40 573
188 676
732 498
23 286
311 232
812 709
313 759
953 46
737 638
743 452
265 363
9 223
102 520
434 732
647 168
306 476
636 705
549 693
282 813
19 943
768 169
192 947
146 434
275 543
946 706
614 742
13 340
651 597
600 503
767 873
226 54
417 406
230 126
590 201
764 713
874 29
381 319
708 944
364 354
208 389
36 608
62 550
465 894
731 17
58 395
728 59
655 213
172 857
572 668
282 654
420 226
38 306
26 806
129 447
208 62
603 902
817 217
11 170
703 819
230 857
462 666
658 763
643 264
96 704
490 879
399 167
2 361
916 546
347 658
387 233
307 700
153 250
802 83
646 137
359 654
771 485
227 149
67 262
57 105
957 670
688 948
207 261
372 673
412 627
127 163
886 127
119 323
73 438
149 686
901 952
164 559
822 940
759 419
521 98
402 298
237 376
837 95
670 557
130 36
264 838
164 369
95 360
909 938
147 175
141 286
454 232
420 810
586 235
81 347
464 268
863 655
938 161
237 244
603 181
904 34
464 904
494 415
780 695
878 691
613 42
126 502
62 791
290 239
741 388
768 9
126 456
494 680
227 734
1 519
770 178
239 903
771 514
847 226
866 109
852 351
205 137
426 111
524 436
245 296
576 515
260 726
884 138
99 47
524 335
578 748
177 709
631 648
182 847
447 270
153 639
500 24
102 121
471 135
434 567
507 575
513 814
100 901
133 637
106 134
444 870
345 474
892 497
804 419
44 688
167 807
296 522
157 240
819 643
779 452
457 11
152 261
263 650
800 243
330 5
632 211
404 916
42 874
944 59
826 337
110 526
617 953
11 844
946 678
903 103
950 553
32 923
75 28
606 300
665 81
209 134
425 653
79 149
574 634
270 726
759 15
942 401
427 440
204 517
753 844
606 911
715 209
709 41
944 294
717 93
380 116
365 631
263 914
462 363
957 619
934 244
832 21
764 13
502 105
300 7
787 838
102 641
959 288
720 921
845 217
456 540
701 578
367 687
105 127
825 142
802 893
208 135
605 464
523 807
663 179
639 49
108 420
701 324
380 392
304 570
607 962
346 389
206 479
404 123
390 415
956 368
900 343
113 830
951 537
20 277
813 898
502 949
516 822
705 715
373 41
695 62
723 342
797 893
934 248
666 628
150 393
179 477
382 383
561 958
619 598
130 227
160 290
693 661
651 505
46 736
374 569
309 500
10 492
244 24
905 124
61 666
960 516
493 949
398 874
739 318
307 581
955 197
241 876
461 51
821 828
63 82
461 796
919 58
70 814
661 394
562 386
49 157
860 303
110 472
542 131
485 240
629 929
683 814
873 45
503 904
416 170
61 615
302 742
122 745
263 441
520 205
78 207
47 811
498 592
61 438
403 171
329 46
921 120
558 629
892 125
548 35
254 465
634 153
16 645
181 766
599 184
776 918
132 392
538 357
389 874
49 873
195 716
172 57
777 160
732 451
822 746
681 520
408 210
14 245
523 26
164 368
411 311
108 769
680 770
944 372
446 632
578 124
568 784
928 72
75 37
144 708
879 196
944 801
920 339
332 81
94 903
673 295
317 794
690 526
119 760
404 259
442 238
109 593
705 499
596 91
298 673
917 157
448 225
430 815
6 129
105 95
908 723
308 457
864 837
274 433
697 46
605 707
601 53
272 603
951 643
687 448
20 848
928 380
715 611
924 204
38 338
144 553
420 573
85 611
238 930
99 168
830 22
98 809
567 875
16 755
572 211
858 376
184 629
92 640
919 397
382 88
40 53
698 934
260 857
280 462
708 886
97 951
759 338
125 361
917 696
483 567
66 792
575 110
5 597
14 285
939 19
240 774
6 259
221 247
322 305
398 772
855 391
615 857
858 259
225 165
625 225
162 391
212 783
421 870
846 912
172 731
191 776
336 422
706 908
308 631
417 241
609 636
655 365
25 391
527 852
465 5
912 475
863 541
957 481
614 828
915 191
675 277
270 73
820 752
719 44
739 648
303 391
292 25
459 626
553 75
859 342
22 556
416 479
432 157
233 80
386 232
291 402
698 62
660 199
106 835
483 756
750 663
867 858
918 349
516 635
188 528
361 492
541 517
599 663
409 109
729 83
17 950
140 951
453 129
6 733
61 364
427 348
513 848
61 322
405 723
469 4
125 134
686 270
296 499
157 681
575 154
587 80
888 434
911 597
215 41
48 86
206 292
672 763
539 277
78 476
903 364
363 434
132 312
628 439
434 825
326 453
136 958
922 325
209 798
840 214
277 15
573 491
661 491
697 315
556 195
501 188
754 962
365 344
791 415
100 753
860 737
301 225
459 649
62 568
309 536
924 372
299 288
410 719
649 181
961 468
270 744
543 96
272 343
908 98
517 75
16 406
268 351
457 331
740 4
519 27
399 361
905 22
885 940
211 409
287 85
425 335
821 201
155 544
726 234
213 288
484 873
236 372
886 730
502 663
329 686
424 598
739 629
271 671
890 917
921 554
945 436
676 206
89 768
325 763
304 152
211 541
109 577
422 104
244 363
24 129
528 428
693 687
156 339
394 497
385 69
259 922
272 247
292 891
265 815
468 88
871 192
292 432
566 186
562 208
542 241
186 268
279 605
609 220
3 864
259 808
863 679
743 510
470 963
833 342
495 124
207 94
696 428
961 458
666 116
141 462
536 413
387 308
587 63
935 781
442 964
669 130
898 20
28 409
887 484
371 921
638 834
155 50
166 199
706 658
810 155
279 516
318 579
626 195
944 856
248 708
2 13
65 266
377 866
413 842
614 177
409 601
430 357
514 726
722 425
303 410
671 883
852 53
575 147
828 827
395 936
435 858
577 648
112 503
187 857
120 656
223 935
530 310
624 832
769 103
947 412
257 146
304 349
912 65
531 30
625 886
836 623
353 842
757 869
402 385
681 248
74 91
376 26
355 934
941 416
767 64
623 795
347 777
851 202
555 501
326 99
100 172
88 631
408 50
76 673
463 457
137 489
789 131
868 10
480 570
138 221
570 517
203 390
341 1
308 61
56 369
601 492
66 685
561 284
509 192
540 899
449 470
796 724
683 54
151 519
162 581
216 259
270 571
48 423
106 391
579 256
859 752
596 943
253 295
561 189
777 406
652 598
55 733
733 244
537 530
61 897
453 515
458 278
590 410
485 935
316 389
346 704
682 814
94 463
33 854
734 863
416 230
116 956
864 357
606 524
853 442
960 118
923 386
552 336
956 118
500 373
291 352
322 442
615 231
256 159
553 171
555 538
269 217
279 930
638 886
838 377
236 486
896 728
558 774
430 545
951 644
452 817
256 695
369 349
901 313
507 453
888 482
388 354
451 883
894 736
58 920
45 574
580 76
208 658
613 118
731 901
931 78
484 152
582 612
469 711
614 486
85 724
461 476
595 4
925 453
421 764
397 346
98 584
90 595
600 585
949 103
593 469
618 178
708 754
494 664
193 929
496 459
351 340
325 175
947 759
833 536
477 419
379 71
564 601
256 245
698 245
570 882
793 644
181 521
493 302
602 455
606 764
290 396
944 130
112 731
94 861
285 725
570 175
782 729
886 780
790 445
102 137
855 368
692 741
950 780
608 692
929 357
779 212
853 545
778 625
234 897
195 579
689 399
177 418
688 113
32 247
766 657
806 114
842 771
133 957
371 213
906 44
314 291
697 660
873 112
742 938
438 931
908 438
86 269
695 674
648 392
50 729
24 102
873 527
209 484
430 100
309 28
581 590
329 934
524 277
197 934
865 150
954 631
796 523
205 102
183 542
381 314
170 863
629 503
134 711
528 193
124 63
128 781
677 658
598 861
145 163
799 687
727 504
503 764
27 159
89 467
331 188
595 823
380 275
736 548
693 541
564 205
297 768
387 787
272 19
401 136
777 871
558 107
857 645
395 110
816 423
102 792
845 457
952 848
351 840
195 832
153 910
63 788
600 566
135 766
648 913
369 790
727 907
735 432
630 906
924 195
134 913
691 629
895 474
749 39
597 847
906 510
277 797
843 344
251 880
530 17
179 327
226 595
291 80
14 654
886 63
835 704
578 372
630 49
602 659
221 601
536 647
801 746
905 920
816 110
714 86
58 775
675 16
834 582
358 841
753 12
754 555
412 478
610 241
805 537
434 640
717 326
775 732
543 232
668 105
143 671
919 965
250 83
268 936
420 692
847 614
399 534
941 553
844 565
686 751
129 854
436 837
249 448
737 639
187 932
431 564
241 48
817 213
52 69
52 781
561 46
670 881
282 850
238 516
837 174
760 691
491 375
180 926
72 283
632 146
929 585
147 638
32 736
322 88
845 901
14 367
585 288
396 378
575 888
395 91
40 783
90 12
882 34
144 244
920 365
916 19
48 117
356 445
92 47
533 818
240 365
151 94
478 202
337 33
772 778
703 140
857 165
313 496
489 553
448 700
716 456
588 103
374 618
765 204
442 303
540 469
400 341
689 734
680 948
271 275
637 698
936 840
150 936
187 209
535 206
612 241
579 181
371 214
807 174
20 693
218 55
428 509
813 333
152 611
120 357
514 115
570 826
495 801
889 278
193 215
597 453
213 568
2 501
267 660
480 685
580 107
156 658
732 40
37 571
267 650
938 885
209 890
936 565
192 697
712 732
677 948
65 703
487 308
278 739
457 739
950 96
607 324
646 667
354 902
878 815
200 791
206 596
298 341
528 46
34 84
111 550
720 741
108 439
792 480
115 583
655 885
962 672
334 384
92 69
226 62
358 327
740 502
823 903
108 206
812 530
63 54
960 309
716 84
194 354
753 586
108 804
248 869
177 62
158 107
657 442
411 964
469 594
571 137
918 81
586 738
449 333
135 65
890 179
945 379
840 784
163 748
935 648
576 236
335 559
339 581
646 649
494 743
637 649
752 813
22 929
396 664
811 94
67 859
229 733
24 339
631 828
859 856
952 48
574 625
419 720
185 43
949 349
352 676
360 903
358 654
24 361
862 692
672 747
253 454
846 264
74 937
387 374
831 205
792 191
460 844
794 729
541 362
670 69
318 946
136 448
491 393
864 169
411 544
750 856
54 305
751 190
477 162
387 614
440 349
354 931
903 290
461 521
39 751
543 658
647 811
16 850
401 376
443 497
420 664
203 487
41 702
666 897
841 63
266 760
60 156
95 441
345 232
363 666
356 921
605 640
844 638
180 422
792 879
570 205
392 906
531 821
109 789
142 376
942 641
439 918
953 348
573 410
32 508
939 82
460 292
411 313
45 169
481 276
92 98
891 554
778 168
275 432
702 822
17 868
643 278
96 258
665 878
789 937
386 131
599 476
483 819
13 116
260 421
662 330
205 880
385 142
919 229
188 142
37 76
928 590
407 863
845 357
587 838
745 621
149 139
451 827
497 365
657 873
793 353
543 397
739 928
75 13
691 396
215 260
767 393
695 87
307 667
183 654
355 200
398 458
213 90
436 317
111 681
792 408
557 930
25 767
254 277
521 950
292 114
241 138
400 546
320 331
905 600
840 855
3 919
943 196
474 774
21 842
872 320
768 508
119 710
874 550
73 714
374 638
908 743
473 645
926 394
928 447
125 299
269 922
634 130
305 747
233 122
233 545
124 402
929 552
906 512
25 174
641 40
411 895
911 725
171 437
929 439
440 148
339 264
937 191
854 411
538 222
386 270
3 112
30 894
864 269
625 965
75 871
266 202
515 453
798 587
642 282
642 651
87 204
860 391
221 186
384 270
754 401
15 11
242 368
695 198
806 305
259 300
880 590
425 555
416 534
938 506
393 247
612 538
500 793
584 227
445 886
100 464
491 17
926 527
852 83
834 127
914 341
372 793
172 286
280 136
256 181
221 434
183 69
740 734
923 957
803 254
355 597
686 474
150 772
798 268
717 95
737 213
231 727
518 90
458 176
263 544
368 1
101 387
219 916
496 418
528 789
310 330
290 77
212 872
587 470
804 19
903 759
704 636
130 38
922 782
846 587
823 446
606 434
333 771
104 895
516 488
729 791
454 797
801 441
89 398
567 329
112 209
702 521
651 806
758 681
80 27
668 342
697 829
648 8
344 908
729 385
702 720
246 827
197 118
341 253
340 870
502 292
756 850
336 110
862 2
297 738
623 599
523 84
465 365
146 168
164 345
389 876
767 326
230 596
756 414
161 428
895 250
258 546
858 652
425 160
562 651
803 809
537 942
754 668
557 411
583 479
589 455
462 501
134 305
207 937
127 344
934 356
715 64
315 595
872 503
921 119
901 585
563 368
931 935
684 150
198 65
574 146
165 487
495 655
619 908
654 47
736 384
141 691
931 878
4 488
235 473
813 255
646 71
518 287
806 463
847 618
723 453
672 300
629 921
762 536
806 56
279 758
757 547
432 892
436 41
397 701
782 879
837 40
130 254
606 108
593 259
523 216
61 651
320 317
571 512
303 69
56 739
814 659
549 395
896 272
770 829
234 871
170 238
190 62
882 772
462 760
197 35
161 52
334 193
287 791
453 481
20 314
682 563
854 875
344 222
440 789
571 209
515 219
564 741
195 515
210 620
680 227
727 801
781 905
325 583
90 242
853 288
454 94
496 294
750 292
410 829
388 25
640 753
271 411
159 22
223 369
246 527
464 861
813 51
306 532
580 56
872 374
136 16
737 696
226 837
900 822
671 771
884 443
372 250
165 930
922 713
156 685
622 502
248 817
197 721
485 612
215 571
784 824
332 86
785 858
942 467
699 468
175 428
98 139
638 761
821 707
453 791
597 471
570 381
372 119
126 538
261 365
402 254
597 894
10 574
364 455
886 422
669 761
747 514
69 560
823 743
510 174
717 615
387 239
802 296
47 474
961 964
321 323
472 726
272 796
382 79
466 448
436 923
716 513
784 612
622 833
723 248
629 141
376 234
438 760
660 595
76 617
730 185
102 190
667 336
20 394
778 486
325 260
462 710
483 382
633 661
277 731
630 671
416 719
333 544
393 231
658 941
614 713
386 473
74 59
280 849
731 242
517 76
795 2
560 28
28 781
934 711
142 656
679 813
846 677
208 546
721 136
587 824
406 210
766 108
166 902
836 540
695 683
480 66
956 139
452 811
407 340
247 849
121 671
773 456
196 629
466 860
237 81
937 868
793 932
717 694
516 260
405 837
305 452
199 939
61 466
555 621
496 608
872 433
189 860
61 147
955 743
459 483
964 24
337 328
799 25
845 154
102 448
141 659
652 819
239 682
921 477
389 725
254 359
230 32
403 801
688 441
426 646
704 810
529 452
819 340
585 581
591 847
864 302
312 210
254 573
28 894
467 521
132 344
849 737
821 510
569 419
815 65
99 413
638 946
281 857
791 222
433 190
630 656
337 247
739 234
439 270
250 448
862 473
504 417
846 450
231 574
50 584
220 331
899 26
399 481
558 298
718 852
617 157
206 379
138 635
773 122
722 421
139 952
589 892
637 145
145 912
534 619
619 955
26 406
80 448
506 64
279 281
205 629
169 911
369 884
917 306
645 737
270 102
787 368
462 560
841 334
508 183
350 207
31 156
414 370
722 176
41 843
80 178
613 352
358 689
928 428
252 660
245 177
156 369
127 76
927 182
604 250
338 802
829 698
839 798
62 149
666 501
635 688
134 295
300 189
829 48
417 798
44 343
931 335
412 34
124 900
526 911
475 778
173 402
432 490
25 675
125 572
118 878
678 365
85 717
590 734
793 564
217 231
892 486
917 41
295 739
429 224
741 930
354 619
961 111
388 787
676 325
283 397
423 141
477 438
779 958
790 52
239 237
715 746
344 774
317 436
528 529
706 839
220 754
102 582
474 897
487 364
948 668
586 687
117 109
250 176
535 893
299 10
458 652
191 778
710 703
712 856
762 902
52 246
525 553
934 254
944 215
657 342
904 617
935 677
413 621
508 587
466 773
412 369
369 948
807 271
615 454
392 582
500 606
948 615
384 652
42 693
110 912
943 744
494 471
467 574
446 893
548 699
222 463
159 495
835 421
407 406
157 511
17 408
243 943
323 687
335 125
291 913
961 312
345 677
520 60
141 83
420 515
382 42
407 411
960 198
195 555
183 521
927 776
282 516
818 777
175 918
200 655
859 759
958 562
668 615
379 544
488 894
874 18
947 654
94 352
306 537
23 386
287 557
551 731
507 37
29 203
131 854
640 473
226 324
340 149
514 462
597 20
146 784
617 655
50 351
69 522
220 887
137 330
169 965
102 458
316 671
615 623
118 44
241 436
169 347
564 653
809 510
312 637
264 173
315 591
212 300
324 779
7 173
175 27
828 640
246 391
655 939
106 613
463 453
138 141
923 261
933 203
20 81
276 852
514 457
927 925
640 478
167 831
356 733
758 3
379 157
268 515
81 190
566 484
475 698
520 530
904 208
931 235
114 621
890 54
651 508
574 290
606 12
440 749
263 634
604 823
562 535
196 898
458 96
669 588
433 632
277 869
45 593
942 308
17 19
318 141
534 771
453 96
647 92
651 870
448 935
921 582
441 644
695 824
430 448
283 374
711 166
429 301
871 458
573 712
892 435
495 488
13 488
182 331
679 336
42 749
620 587
853 771
27 655
318 580
497 430
569 735
233 676
367 150
333 811
343 180
492 815
83 196
197 488
61 70
395 636
497 713
303 180
478 208
767 728
187 776
477 946
320 343
355 916
68 59
26 85
230 404
717 891
527 964
853 332
247 875
693 96
936 834
205 709
642 276
644 93
606 493
157 240
839 556
225 858
58 386
16 451
82 22
847 767
696 165
569 451
736 383
420 635
365 959
950 671
942 228
86 272
189 115
905 660
620 577
414 798
530 701
517 140
418 248
628 499
12 45
79 232
144 792
33 656
554 609
29 493
426 355
152 120
620 221
559 831
398 691
670 791
866 186
725 325
787 346
840 237
61 618
270 247
669 838
540 391
884 919
289 842
430 81
296 104
927 105
550 516
375 689
92 906
806 894
934 767
943 676
945 748
309 746
857 709
873 130
468 512
405 205
959 394
564 589
652 280
168 161
531 504
796 420
835 212
928 492
824 115
801 418
606 180
179 99
374 689
156 16
113 787
198 438
433 736
592 92
693 492
166 654
291 302
301 801
286 231
219 221
752 100
391 630
794 317
493 589
905 773
780 918
119 434
123 254
698 309
127 511
262 292
500 685
292 403
101 206
324 669
843 72
826 125
767 638
373 366
935 39
375 178
76 795
269 424
786 712
272 910
123 263
751 773
326 77
154 872
682 940
218 683
793 527
56 354
389 105
885 74
932 751
12 365
922 350
393 721
322 950
851 318
78 448
628 315
501 65
297 700
804 482
165 43
169 906
488 351
762 520
533 61
865 619
475 653
947 524
374 456
608 603
901 299
770 927
681 653
948 809
235 368
88 50
741 164
109 200
923 937
733 645
943 182
701 82
965 75
545 403
50 741
171 229
726 674
643 835
177 414
404 643
118 248
765 632
941 167
948 358
1 421
963 200
493 498
820 227
324 358
690 377
670 434
562 216
886 950
104 847
626 451
805 681
524 183
343 628
87 102
101 374
798 539
762 494
302 124
605 241
51 482
899 236
935 568
93 617
353 679
808 340
624 196
198 648
553 536
670 874
27 837
569 460
662 137
519 708
327 236
383 488
372 490
485 246
912 234
792 624
155 197
527 397
865 480
67 832
681 51
20 524
928 844
444 615
322 963
555 892
271 247
623 789
16 595
228 717
279 752
470 628
118 143
383 618
223 199
748 614
225 474
94 493
885 236
217 646
391 855
477 779
676 542
59 325
108 837
229 245
607 919
211 807
496 729
620 895
123 223
62 713
901 33
369 198
418 47
12 297
479 179
726 899
798 595
591 891
724 860
196 502
309 396
375 832
666 658
398 156
391 860
724 637
268 690
410 867
891 371
445 556
596 734
944 827
251 467
775 96
504 496
146 886
817 58
119 248
388 458
819 603
161 555
695 336
90 88
179 727
256 17
540 916
137 326
221 360
521 502
617 358
359 46
82 271
831 528
393 742
166 640
486 438
769 868
887 918
894 826
724 148
394 832
577 565
224 287
570 189
12 171
279 824
946 571
55 860
390 844
160 151
135 954
496 178
948 479
370 836
495 904
622 184
608 679
297 593
147 568
439 418
528 436
34 408
470 33
114 504
478 742
384 371
857 296
232 831
600 739
125 60
68 532
702 61
803 235
959 108
388 391
114 41
693 578
362 512
87 800
280 824
893 180
188 422
283 641
453 40
443 183
317 282
825 722
153 62
667 407
884 202
886 134
25 169
429 251
570 111
688 596
301 446
541 358
100 461
310 465
945 238
896 754
532 485
7 332
375 884
12 785
312 369
821 135
624 847
868 758
867 562
878 105
28 285
929 873
107 374
412 177
397 490
412 501
693 152
132 530
805 339
521 496
151 924
760 461
786 682
303 922
559 424
233 484
138 62
198 299
498 56
449 480
559 612
151 751
498 115
69 623
661 124
171 199
596 299
756 41
437 349
509 449
414 772
789 817
952 666
290 876
799 739
203 624
264 285
171 448
542 2
16 481
387 378
727 673
460 383
592 630
927 581
142 494
214 321
503 757
52 109
346 373
310 691
515 514
64 604
734 311
684 508
707 75
215 142
378 648
777 324
448 302
122 78
198 686
612 469
276 248
817 607
116 54
437 151
965 828
593 345
14 964
634 639
590 342
649 738
941 266
814 127
623 118
422 263
497 87
821 859
294 155
3 131
592 418
96 936
115 653
84 950
341 356
697 16
513 64
961 730
63 389
793 302
421 501
751 642
75 215
573 115
660 230
344 364
430 739
477 59
355 177
505 65
643 901
722 587
362 640
776 18
680 556
736 112
100 718
745 119
470 758
823 125
267 551
75 925
317 675
115 574
859 532
240 902
278 663
733 208
820 714
465 679
235 645
778 595
485 146
258 216
652 660
924 835
684 532
952 754
877 527
804 78
496 462
145 371
834 773
478 282
911 37
897 790
81 405
596 216
89 894
934 289
551 364
800 781
139 526
792 187
52 687
558 495
602 753
406 9
37 691
578 139
200 645
226 430
141 635
342 367
472 242
224 229
507 94
216 793
745 124
500 140
381 819
585 139
294 112
123 862
841 269
487 222
55 432
370 736
625 401
88 86
204 483
91 418
416 41
918 517
735 790
672 76
171 215
221 125
773 777
787 579
651 297
529 33
215 304
933 482
843 449
345 95
769 99
222 457
83 717
425 628
589 33
485 2
925 759
347 673
621 790
76 429
172 706
702 229
428 926
849 196
74 458
916 945
923 791
49 369
574 639
542 676
581 158
547 861
750 569
458 124
407 508
251 148
264 394
787 455
544 513
149 132
672 280
357 608
841 749
740 507
521 834
583 525
607 844
951 6
739 505
659 599
165 845
511 488
830 120
57 762
291 679
801 205
939 769
461 159
721 479
781 849
430 362
391 456
621 800
147 690
277 807
798 917
472 564
797 900
171 188
319 744
328 602
319 189
804 379
820 270
679 121
108 652
564 179
500 364
866 652
442 921
4 962
28 39
35 902
840 138
843 504
960 397
959 498
412 580
940 313
735 704
875 384
523 184
378 736
828 594
897 422
276 336
833 919
291 713
36 733
436 816
428 350
554 249
925 807
240 451
812 869
859 879
495 900
120 963
775 89
3 821
44 446
723 505
471 608
683 477
500 68
308 865
451 41
9 465
742 108
545 108
665 131
2 205
555 186
12 20
281 562
158 200
103 361
105 697
151 752
23 581
288 42
275 215
138 625
349 930
14 290
168 80
144 615
410 929
868 680
655 518
158 559
73 238
539 416
63 298
193 84
32 804
466 292
344 461
351 676
453 121
403 766
591 389
201 290
714 914
467 16
348 704
699 603
131 849
254 340
472 641
875 476
453 419
829 833
323 728
537 128
960 564
119 157
432 204
739 319
490 821
6 216
747 251
544 626
163 68
892 611
277 144
385 630
721 248
239 724
912 681
879 81
203 42
104 73
206 159
468 276
602 866
952 843
231 294
306 633
838 771
296 58
141 584
695 508
189 879
593 944
281 15
158 184
479 29
868 444
325 235
503 90
530 865
512 841
444 616
120 708
435 345
151 108
899 358
818 577
458 923
941 698
838 71
170 42
808 902
621 369
813 829
462 233
198 533
94 458
164 483
672 825
680 603
165 150
91 165
873 644
347 883
441 735
330 862
147 533
690 774
764 87
318 534
501 181
537 715
26 765
845 367
583 104
93 253
620 11
675 834
233 33
692 101
841 791
473 861
13 379
490 94
634 769
334 5
159 531
421 295
665 431
109 763
725 916
863 660
744 263
886 84
834 676
945 694
369 411
824 777
726 800
911 556
314 505
717 135
77 787
884 771
809 519
707 192
107 219
344 272
31 418
485 746
395 825
168 624
91 629
124 355
497 612
110 747
877 674
511 505
625 864
737 348
622 383
527 875
310 154
502 894
187 123
734 141
7 936
420 622
180 199
149 714
634 750
484 507
49 933
652 635
142 793
799 525
920 780
231 280
532 657
935 39
802 800
340 582
734 312
334 539
121 123
218 954
165 393
746 307
582 76
249 52
900 216
387 619
691 559
396 507
91 679
98 356
386 682
13 551
779 239
319 558
405 491
452 672
824 813
342 910
870 277
769 52
860 226
402 775
396 572
646 469
862 56
375 929
546 373
741 352
549 316
813 267
806 245
166 772
857 667
848 461
820 144
572 199
500 412
334 103
390 360
374 713
342 377
828 531
61 345
79 234
251 880
892 847
682 618
844 527
883 10
104 525
956 267
662 941
613 117
281 801
771 170
843 22
945 325
424 407
298 81
869 533
892 327
720 220
542 275
352 392
679 117
310 651
366 293
299 637
652 392
700 660
158 343
118 315
784 244
560 111
281 900
832 309
279 817
318 453
798 362
881 79
434 95
862 235
3 888
331 962
863 208
946 475
280 789
647 911
716 292
590 18
463 467
398 220
98 124
521 962
578 272
629 383
591 8
400 530
175 246
715 557
119 80
764 374
4 576
228 182
313 389
53 639
945 882
223 118
490 349
856 544
473 514
446 38
401 195
115 573
646 171
176 512
688 668
179 569
221 300
740 11
906 304
336 555
338 117
467 438
275 948
511 123
788 556
497 527
146 732
18 377
926 465
447 257
290 841
105 875
873 572
117 468
573 359
865 458
292 114
19 252
444 376
769 181
906 223
868 736
272 957
626 223
875 76
908 301
758 408
227 902
912 695
843 184
375 868
480 367
802 756
836 66
543 791
395 185
574 352
621 746
161 413
542 480
704 651
101 98
882 207
896 748
20 485
103 412
643 482
259 304
224 74
415 218
267 845
372 370
157 171
462 764
192 416
195 877
201 360
903 958
79 821
549 697
578 92
725 374
304 788
522 634
672 72
306 795
534 394
380 758
571 931
199 300
781 950
238 625
414 791
523 321
112 184
553 596
552 375
579 882
228 256
184 163
788 251
27 219
153 738
234 765
511 887
290 757
423 295
347 710
747 102
949 884
516 430
152 517
598 6
55 950
256 262
102 522
240 420
117 605
4 746
422 641
754 944
159 21
332 164
54 548
197 301
536 790
731 857
784 429
330 101
844 945
402 631
205 443
713 241
563 327
356 505
479 653
756 137
55 444
545 628
472 651
228 658
116 98
239 314
867 492
845 618
504 71
341 641
134 103
241 1
178 796
74 798
136 708
14 122
689 640
344 597
330 230
362 181
613 861
378 268
268 892
860 193
678 774
961 554
245 494
224 556
870 178
857 286
503 787
196 168
561 661
185 609
746 173
898 488
537 760
545 125
664 16
515 949
126 924
233 382
753 732
216 378
710 940
910 770
207 419
157 56
793 705
737 558
963 378
764 107
22 647
468 823
429 231
629 583
582 354
567 777
577 47
710 783
945 836
791 682
201 952
171 678
148 261
302 867
557 528
910 887
439 626
143 873
803 566
954 793
549 461
648 307
23 40
797 866
602 716
301 420
16 665
62 831
643 360
6 359
167 68
297 590
423 647
246 418
86 890
422 644
163 390
28 489
469 790
372 107
204 304
375 528
379 508
149 963
524 42
59 731
290 794
101 142
539 225
309 878
494 785
873 389
97 376
824 920
425 345
627 546
565 344
492 893
13 635
786 220
620 407
82 464
861 778
195 47
87 242
314 102
537 69
800 821
282 321
440 33
320 105
852 766
755 239
551 519
366 351
253 630
751 515
510 70
220 697
15 309
687 427
763 679
189 309
223 933
424 657
460 704
340 477
576 546
411 796
689 49
177 475
137 225
111 638
20 421
177 278
564 134
356 401
950 797
158 488
964 374
894 226
96 411
543 965
869 375
57 927
765 79
322 807
569 367
937 472
681 300
877 207
781 798
705 579
189 208
415 336
842 249
27 390
255 719
197 275
390 643
688 485
685 523
178 124
704 406
492 833
569 260
462 148
279 94
650 624
11 474
520 433
173 231
173 475
515 375
868 40
343 947
586 470
199 600
831 483
673 642
34 169
465 208
669 641
584 311
585 852
831 820
884 45
646 177
181 398
753 434
652 605
227 672
591 746
772 516
542 228
637 483
828 330
66 77
190 599
634 164
273 112
915 835
284 821
637 713
42 173
661 421
273 563
201 632
59 816
246 734
297 704
473 686
775 707
801 348
806 745
518 525
590 26
460 868
223 934
231 766
292 956
812 727
830 74
709 524
701 42
699 117
45 603
413 917
960 505
551 118
504 515
604 107
110 288
242 284
300 519
610 481
780 942
536 755
158 659
569 835
854 486
931 368
613 588
129 734
416 509
164 422
814 823
553 251
729 116
939 567
655 217
34 666
173 521
230 690
569 494
721 738
630 692
828 675
502 375
913 190
960 36
886 912
449 270
14 607
490 764
332 764
195 639
527 378
764 676
848 274
392 606
307 194
589 801
852 533
963 582
642 454
673 4
524 864
574 68
836 435
551 345
309 33
552 396
869 751
312 890
129 230
732 205
243 805
212 927
251 655
650 801
961 233
357 692
166 4
708 543
828 447
79 632
791 302
113 344
777 54
34 787
441 278
472 237
548 835
800 511
928 101
199 378
328 146
511 740
116 783
268 724
244 437
554 395
4 913
215 572
352 220
194 936
754 633
99 719
140 877
446 507
28 295
464 549
596 272
515 808
624 531
163 854
72 357
142 55
632 227
150 755
948 544
72 524
588 271
268 436
175 698
161 29
47 126
123 686
131 833
700 430
400 172
346 21
368 745
31 732
364 651
687 179
455 526
743 318
930 649
236 834
884 518
867 956
38 771
56 104
207 965
546 801
528 877
730 674
891 58
370 695
382 491
769 482
227 717
26 409
232 940
219 496
519 924
358 477
808 545
957 366
573 913
212 370
524 655
100 692
880 293
172 222
25 480
231 704
507 269
600 14
300 658
638 313
610 501
890 902
930 189
767 953
383 797
393 752
342 402
770 555
180 878
339 706
737 713
515 143
666 532
881 150
505 304
22 90
815 822
747 776
670 165
603 945
696 184
315 868
251 193
733 380
344 691
572 328
859 681
840 8
171 903
329 106
819 50
730 566
814 292
611 827
471 63
298 790
758 683
341 353
336 748
592 913
189 531
492 583
14 430
504 576
523 852
262 282
603 812
208 173
547 51
651 547
173 417
5 136
500 372
553 604
904 189
113 600
153 467
875 478
962 205
599 727
149 441
404 829
782 251
272 292
430 324
603 31
679 282
548 770
42 912
121 519
690 704
722 706
17 857
934 413
818 244
115 249
905 144
649 789
810 407
460 380
476 228
11 853
82 501
111 338
690 111
250 533
290 18
951 941
581 694
246 796
363 889
889 364
451 805
121 125
719 276
240 898
876 689
132 469
594 163
421 392
31 853
111 299
66 501
586 783
165 563
324 234
658 682
329 483
689 753
493 101
581 518
443 62
218 7
289 157
221 189
473 862
527 667
196 629
819 833
927 482
728 370
665 386
428 478
607 59
633 259
564 201
79 157
444 365
302 367
440 428
264 755
216 138
199 305
287 768
529 245
388 749
566 290
226 542
315 102
813 443
639 123
405 665
356 142
893 858
182 171
502 498
150 232
260 79
567 367
348 874
352 233
