1000 30000
181 110
181 100
181 44
181 101
181 16
181 129
181 22
181 84
181 57
181 9
181 203
181 93
181 183
181 59
181 22
181 96
181 11
181 113
89 45
181 7
181 32
181 5
181 100
181 219
181 144
181 18
181 24
181 124
181 54
181 116
181 64
666 188
181 103
181 43
181 22
181 110
181 5
181 13
181 23
181 53
181 17
181 116
181 5
181 274
181 109
181 3
181 117
181 109
181 5
181 1
181 303
181 20
181 126
181 58
181 7
181 33
181 62
181 101
181 26
181 30
181 55
181 35
181 258
181 167
181 100
181 15
181 59
181 141
181 52
503 192
181 288
181 19
181 188
181 239
490 139
480 108
181 65
181 76
181 27
181 26
181 151
181 41
181 271
181 23
181 33
181 134
181 257
181 193
181 19
181 445
181 37
543 129
181 35
181 112
181 13
181 19
181 20
181 62
181 9
181 6
181 98
181 16
181 13
181 25
181 308
181 8
181 95
181 87
181 50
580 4
181 157
181 507
181 33
181 2
181 29
1 23
181 62
181 247
181 180
181 78
181 1
181 97
181 174
181 96
181 124
181 28
181 82
181 160
181 75
181 113
181 314
181 44
181 68
181 450
181 1
181 166
181 65
181 26
181 27
181 172
181 9
181 49
181 207
181 26
181 57
181 17
181 42
181 80
181 54
181 52
181 92
181 51
181 75
181 51
181 96
181 155
661 51
181 47
181 156
181 119
181 64
181 45
181 12
181 144
181 9
181 149
181 148
181 16
181 32
181 46
181 92
181 106
802 102
181 109
181 42
181 133
181 45
181 142
181 306
181 54
0 80
181 96
181 184
181 50
181 26
181 143
181 122
181 36
181 1
181 5
181 56
181 66
181 33
181 276
181 106
181 22
181 203
181 29
181 21
181 70
181 39
181 66
8 192
181 92
181 815
181 61
181 59
181 232
181 43
181 99
181 126
181 25
181 20
181 125
181 49
181 177
181 24
181 35
181 169
181 132
181 17
181 13
181 48
32 6
181 50
181 6
181 25
181 121
181 160
181 96
181 45
181 64
181 774
181 41
181 73
181 24
181 89
181 118
181 109
181 14
146 54
181 320
181 65
288 103
181 94
181 19
181 190
181 114
181 6
181 50
911 9
181 26
181 18
181 447
181 50
181 113
142 134
181 26
181 31
181 100
181 117
181 106
181 33
181 107
181 51
181 57
181 13
181 84
181 137
181 12
181 112
181 191
181 209
181 4
181 65
181 25
181 25
750 17
181 61
181 13
181 53
181 228
181 3
181 6
181 175
181 39
181 43
181 171
181 127
181 79
181 31
181 64
181 71
181 62
181 59
181 47
181 2
181 51
181 97
181 162
181 19
181 121
181 134
181 31
181 46
181 32
181 186
181 43
181 46
181 184
181 56
181 188
181 311
181 44
423 206
181 41
181 142
181 77
181 175
181 20
181 15
181 139
181 39
181 2
181 133
181 132
181 85
181 17
181 54
181 78
181 116
181 81
181 285
181 42
181 128
181 197
181 604
181 70
181 4
181 233
181 203
181 105
181 10
181 88
456 100
181 153
181 2
181 16
181 9
181 71
181 209
181 17
181 25
181 2
181 128
181 187
181 1
181 23
181 11
181 41
181 1
964 195
181 145
181 38
440 61
181 180
912 96
181 66
181 154
181 470
181 54
181 18
181 139
181 72
911 4
181 80
838 131
181 138
181 55
181 135
181 58
181 18
181 11
181 32
181 2
181 29
181 42
181 92
181 355
181 113
181 11
181 118
181 200
181 83
181 146
181 164
181 70
181 86
181 84
181 21
982 7
181 15
181 41
181 63
181 177
181 482
181 24
181 352
181 182
181 221
181 76
181 23
181 31
181 54
181 55
181 12
181 44
181 8
181 132
181 12
181 52
181 261
181 36
181 14
181 120
181 190
181 60
181 29
181 34
181 70
780 33
181 24
181 128
998 207
181 69
181 27
181 288
181 105
181 62
181 64
181 101
181 193
181 196
181 7
181 350
181 135
181 18
181 236
181 269
181 203
181 133
181 266
181 173
181 111
181 25
181 41
181 70
181 14
181 112
181 126
181 102
181 84
181 31
181 84
181 47
181 5
181 89
181 111
181 262
181 25
181 4
181 153
181 9
181 118
181 10
181 49
181 6
181 107
181 51
181 105
181 270
181 8
296 43
181 74
181 2
181 43
181 7
181 67
181 363
181 145
181 151
181 258
181 15
181 420
181 306
181 11
181 25
181 16
181 54
181 95
181 137
181 98
181 159
181 94
181 81
181 86
52 78
181 42
181 117
181 235
181 31
181 57
181 48
181 151
181 95
181 26
181 120
181 260
181 32
181 51
181 29
181 47
181 85
181 198
181 126
181 168
791 8
181 58
181 11
672 81
888 57
181 168
181 74
181 204
181 38
181 179
181 45
181 18
181 61
181 144
181 13
181 92
181 19
181 166
181 44
181 284
181 113
181 55
181 70
181 255
924 124
181 220
181 83
181 4
181 9
181 49
181 106
181 43
181 22
181 127
181 34
181 27
181 132
181 70
181 63
181 40
181 257
181 128
181 16
181 546
181 72
181 173
181 44
181 215
181 106
181 53
181 40
181 60
181 17
181 25
181 209
181 5
181 122
181 25
181 103
181 211
181 83
181 94
181 85
181 72
181 212
181 71
181 91
181 34
181 23
181 8
181 36
181 21
181 3
181 243
181 94
181 46
181 46
582 74
181 46
181 29
181 22
181 88
181 158
181 57
181 18
181 83
181 28
181 164
181 201
181 146
181 20
181 98
181 19
181 94
181 53
181 10
181 95
181 300
181 9
181 41
181 4
181 149
181 38
181 16
181 77
181 336
181 32
181 1
181 16
181 7
181 14
181 9
181 17
181 142
181 17
181 17
181 41
181 38
181 26
181 50
181 1
181 178
181 78
181 134
181 1
181 196
181 111
181 35
181 22
181 286
181 137
181 163
181 52
181 53
181 9
181 13
232 393
181 9
181 31
181 59
181 6
181 107
181 261
138 121
181 69
181 168
181 82
181 121
181 282
181 172
181 91
181 56
181 15
181 95
181 6
181 52
181 274
181 108
181 2
181 90
181 9
181 140
181 49
181 42
181 171
181 49
181 305
181 302
181 330
181 167
181 111
342 127
181 9
181 119
181 36
181 15
181 24
181 11
181 211
181 377
181 25
181 46
181 92
181 129
181 30
181 49
181 187
181 305
181 92
181 97
181 74
181 20
181 191
181 4
181 142
181 198
181 33
181 65
181 18
181 64
181 386
181 130
758 380
181 200
181 6
181 60
181 71
181 119
181 311
181 21
181 42
181 89
181 106
181 43
181 29
181 15
181 46
181 73
181 524
181 103
181 160
181 74
181 20
181 85
181 43
181 12
181 56
181 48
181 36
181 139
181 198
181 41
181 2
181 25
181 24
181 31
181 13
181 62
181 44
181 267
181 71
181 55
181 365
181 50
181 37
181 39
181 40
181 214
181 284
181 43
181 103
181 29
181 104
181 33
181 6
181 7
181 17
181 41
181 74
181 309
181 229
181 202
181 182
181 144
181 36
181 179
181 75
181 190
181 287
181 177
181 89
181 17
181 19
181 48
181 64
181 42
181 11
181 142
181 45
181 33
181 64
181 106
181 97
181 125
181 613
181 216
181 180
181 14
973 86
181 151
181 292
181 85
181 49
181 165
181 72
181 178
181 165
181 29
181 196
181 667
181 88
181 50
181 397
181 7
181 86
181 108
181 75
880 160
181 206
181 5
181 602
181 43
488 90
181 19
485 4
181 198
181 30
574 21
181 290
181 25
181 59
181 236
181 124
181 199
181 20
181 2
181 73
181 39
181 41
181 33
181 170
181 5
181 54
181 39
181 496
181 51
642 43
181 317
181 87
181 28
181 162
181 85
181 88
181 45
181 43
181 9
181 60
181 153
181 159
181 55
181 4
181 200
416 35
181 64
181 18
181 2
181 31
181 55
181 98
181 41
181 301
181 123
181 116
181 302
181 39
181 15
181 193
181 23
181 10
181 191
181 37
181 12
181 14
181 15
181 15
181 100
181 29
181 127
181 30
181 71
181 124
181 38
181 276
181 61
181 115
181 11
181 135
181 193
181 248
181 17
36 54
181 159
181 25
181 148
181 13
181 296
181 159
181 296
181 41
181 152
181 114
181 31
181 665
181 162
181 771
181 66
181 17
181 26
181 13
181 100
181 8
181 53
181 42
181 197
181 4
181 100
181 69
181 214
181 276
181 117
181 15
181 14
181 74
181 189
181 148
181 113
370 79
181 113
181 76
181 50
181 91
181 38
181 159
181 81
181 64
181 32
181 51
181 243
181 14
181 40
181 105
181 8
181 177
181 183
181 61
181 79
181 182
181 156
181 113
181 178
873 164
181 205
181 29
181 75
632 159
181 83
181 109
181 267
181 21
181 330
181 153
181 71
768 125
181 119
181 70
181 17
181 105
181 4
181 164
181 16
181 48
181 172
181 201
181 56
441 75
524 919
968 451
4 996
458 60
104 771
141 618
655 974
348 804
327 68
43 563
26 460
849 235
882 989
9 485
836 117
80 413
549 470
110 84
351 2
222 400
609 836
817 309
572 632
455 266
992 784
422 976
830 310
971 163
536 636
886 299
72 381
43 877
477 884
862 139
438 658
26 130
989 704
759 846
352 73
267 748
545 137
687 969
907 138
924 252
336 972
549 491
242 659
208 586
976 134
681 237
308 100
103 75
154 239
150 711
450 668
96 572
737 474
147 925
154 801
305 391
9 439
381 751
350 907
241 863
892 135
748 47
425 520
906 592
323 980
634 552
993 755
616 750
759 545
32 351
37 612
551 653
60 805
997 708
696 899
704 838
461 994
490 454
160 391
654 537
864 517
35 739
417 781
612 206
138 16
916 464
461 566
559 348
379 795
13 894
11 609
925 222
311 151
362 378
447 897
224 625
219 64
213 28
950 155
629 743
467 216
426 297
97 304
684 161
827 625
884 157
454 526
823 338
521 766
162 539
382 867
323 152
621 828
346 85
237 651
863 72
530 866
986 546
966 2
158 832
781 977
537 107
732 998
858 495
164 79
396 837
669 967
866 667
671 127
942 720
477 382
26 558
615 147
472 850
492 929
673 261
650 797
152 204
780 972
674 566
699 462
235 511
124 213
706 415
998 487
781 814
382 359
629 705
379 996
444 123
931 868
375 741
609 10
497 722
265 137
386 285
440 881
979 330
484 219
9 412
877 75
582 919
196 950
628 474
215 496
884 891
870 969
708 629
370 818
295 360
478 959
594 797
731 717
226 599
850 606
871 327
511 228
328 795
411 355
462 111
504 11
386 714
573 229
159 974
590 376
517 4
677 57
526 334
408 66
453 192
444 273
662 908
410 652
675 938
199 891
536 320
772 785
565 642
638 596
845 101
979 324
152 749
727 493
72 604
33 571
622 500
700 499
514 221
697 869
218 317
306 292
268 542
73 998
333 442
259 882
627 387
69 348
332 920
732 320
816 539
344 273
708 979
940 537
552 318
255 442
836 581
856 678
282 79
469 908
692 693
925 115
951 226
697 657
150 158
390 882
194 417
937 665
941 22
951 860
604 682
594 923
699 14
780 203
783 732
351 113
252 168
321 189
401 980
881 960
664 598
673 814
70 802
915 33
850 605
443 393
763 371
925 333
560 146
38 198
968 835
537 601
879 4
504 800
862 320
494 635
449 199
781 733
697 353
717 129
780 875
401 197
238 493
268 64
79 987
882 72
28 795
813 459
893 155
318 14
474 995
325 45
503 795
619 646
6 375
862 325
169 304
306 152
586 159
769 35
502 239
359 30
472 856
672 832
359 459
185 216
953 192
616 436
426 54
744 846
138 467
775 354
855 865
898 151
368 403
730 873
277 177
840 827
477 836
960 216
90 415
923 83
726 63
517 240
908 784
499 800
974 684
638 675
479 623
118 714
463 5
383 789
664 306
948 585
456 176
317 916
819 622
367 292
600 492
432 449
285 89
858 513
448 228
140 434
670 648
181 897
96 861
231 606
663 787
774 799
1 609
429 729
241 680
409 358
225 510
992 566
273 343
34 799
896 395
4 419
200 461
843 138
212 267
809 684
526 416
388 764
464 324
829 173
577 457
755 217
190 220
429 610
200 324
822 252
24 755
127 195
365 636
614 196
616 972
435 881
781 793
846 200
108 409
808 888
616 491
160 755
815 542
63 185
396 718
156 757
416 980
72 508
53 19
484 10
346 685
926 201
335 539
532 420
158 913
1 868
443 814
250 443
514 817
363 120
458 577
21 732
625 805
395 583
643 805
753 386
334 901
843 729
873 933
742 772
248 951
949 488
594 587
48 727
876 929
642 246
862 961
789 224
635 367
481 606
623 272
15 91
600 926
207 241
541 569
391 425
584 355
669 472
68 951
183 256
823 476
660 157
855 441
200 799
607 960
9 312
843 139
618 964
401 473
380 956
670 676
243 283
580 821
175 897
784 780
883 192
812 156
583 692
430 922
626 648
757 886
799 997
401 652
249 28
844 259
422 307
958 616
130 298
517 490
566 784
720 408
430 978
969 927
888 650
164 892
310 476
831 452
483 548
776 495
554 945
460 82
183 172
496 290
48 283
990 389
810 293
434 833
485 121
772 221
891 595
345 139
344 131
663 995
40 928
122 546
72 639
712 720
11 454
626 385
940 455
390 200
554 130
108 789
367 318
110 78
726 973
696 459
906 414
275 827
153 445
295 58
288 859
438 913
986 123
579 300
512 957
27 64
270 105
485 566
559 249
360 53
353 186
485 746
281 234
522 770
771 391
824 659
456 654
227 711
797 148
725 217
459 427
253 723
477 931
422 146
746 677
84 992
383 822
273 797
983 50
915 228
109 468
917 956
821 435
204 163
135 228
955 968
346 863
53 795
830 706
757 100
412 499
877 567
218 394
868 619
161 944
979 367
216 621
966 525
97 445
681 836
285 494
656 688
295 288
962 984
34 663
307 13
928 842
548 265
497 251
24 414
753 958
581 848
681 898
317 545
958 677
542 618
676 465
94 312
697 613
335 527
616 804
437 862
538 902
502 119
36 834
271 53
670 819
53 346
622 16
304 960
524 293
585 10
568 46
732 333
673 331
407 551
553 678
824 211
761 391
248 527
711 864
504 197
87 493
835 837
82 72
435 550
928 4
462 435
187 855
548 562
604 543
939 200
138 252
966 169
998 406
707 153
958 377
842 379
65 772
285 937
519 758
55 657
145 726
508 135
758 198
790 131
262 240
872 378
243 34
433 61
632 315
973 950
368 350
505 500
320 719
738 94
9 829
227 972
212 904
520 218
534 892
724 467
805 39
69 864
460 452
215 876
732 779
925 620
971 592
511 798
987 795
279 789
906 57
657 499
423 512
227 913
53 32
950 364
584 596
509 300
152 542
133 867
241 858
836 142
95 861
726 554
524 546
780 634
598 146
674 973
786 779
486 214
585 139
10 414
561 21
493 877
39 152
171 284
539 891
487 982
542 37
195 382
85 161
938 230
776 574
762 797
298 292
19 151
3 205
957 34
276 380
229 784
100 599
705 939
598 855
528 176
243 483
713 480
284 652
671 546
787 366
174 262
123 759
473 783
790 404
586 67
18 872
494 990
48 726
234 388
290 320
797 628
961 296
16 119
116 47
32 123
393 238
405 833
23 913
131 36
108 119
985 411
796 502
390 568
114 983
604 655
833 693
229 861
834 322
755 698
32 272
639 102
777 153
47 89
354 336
60 589
353 760
323 858
207 319
773 373
952 814
924 949
992 514
507 273
746 952
396 503
284 587
270 288
49 590
692 135
849 757
602 588
451 633
42 373
950 887
151 864
966 512
854 660
827 634
652 668
701 853
863 665
333 34
164 664
902 274
229 633
948 280
429 370
581 875
748 366
173 754
362 553
537 763
924 197
745 282
371 807
727 904
737 192
483 498
941 245
405 881
591 594
695 893
827 634
798 936
348 780
921 284
450 470
108 375
331 177
40 1
706 812
23 307
226 591
402 644
762 233
620 941
631 614
693 323
88 898
917 356
281 784
948 139
946 761
740 960
938 497
779 581
3 426
978 222
490 318
378 873
339 23
244 288
572 404
741 496
557 141
352 649
621 778
650 532
162 849
321 524
323 404
747 803
898 751
260 730
122 530
543 759
121 571
856 171
538 830
474 33
298 986
577 411
804 948
874 546
148 549
637 660
280 396
190 392
51 112
507 164
265 260
296 144
955 399
783 643
242 100
889 465
719 523
72 201
217 418
694 710
732 287
779 883
397 446
18 743
904 370
920 288
429 855
741 195
117 974
543 968
775 23
489 889
616 265
690 564
967 143
772 351
751 323
380 133
281 634
274 427
957 103
499 668
846 745
368 78
789 184
932 639
22 323
158 24
673 606
686 913
907 619
106 114
784 827
82 306
879 834
22 846
314 792
317 444
183 589
54 469
769 139
143 981
976 414
865 901
606 842
284 252
154 821
696 602
24 476
289 625
583 344
477 981
444 247
884 621
591 375
650 134
625 4
366 926
406 331
495 721
484 485
343 704
120 916
547 503
676 87
592 702
426 736
317 182
213 540
69 474
454 191
467 438
255 901
236 389
72 117
198 20
234 786
353 478
269 840
47 225
1 896
169 377
161 382
74 331
69 497
966 704
677 635
946 951
810 455
991 977
265 56
297 509
582 300
405 355
911 982
903 131
34 118
300 108
925 678
342 271
531 806
748 809
170 785
964 606
530 519
465 713
200 541
808 956
481 723
514 210
950 897
718 695
334 492
384 284
114 793
70 391
868 290
160 250
854 250
27 781
579 654
815 988
408 275
699 562
238 521
258 483
276 653
381 369
917 360
516 360
366 109
840 397
377 818
91 874
943 51
976 155
508 537
289 324
243 681
701 389
640 17
45 944
496 202
579 541
31 348
50 140
40 520
882 834
154 772
577 349
482 570
213 4
454 700
512 777
45 592
388 769
576 443
712 806
22 135
243 289
483 627
887 594
406 811
691 225
634 759
995 932
455 797
210 21
305 274
188 975
338 225
415 504
616 244
539 274
932 304
335 139
631 88
560 819
934 40
708 475
712 324
674 106
560 891
566 177
954 961
514 380
71 458
873 631
188 94
188 159
269 652
78 153
870 726
916 797
550 7
199 821
82 80
633 52
143 986
984 314
523 647
207 969
146 915
209 346
674 512
90 757
567 146
801 187
697 155
564 195
369 794
578 718
456 82
398 542
72 629
543 300
231 935
567 592
695 278
938 476
190 614
522 129
576 169
792 795
833 106
735 132
177 718
916 841
985 858
260 296
275 480
172 930
613 32
936 885
397 418
102 324
510 235
431 24
721 269
735 828
325 769
59 112
569 244
851 106
618 41
992 294
579 294
287 976
125 927
743 256
298 914
600 362
329 962
315 69
467 910
612 547
137 303
791 983
316 667
800 693
699 664
57 590
530 35
865 558
457 3
767 140
499 108
410 911
899 819
575 439
46 959
614 671
431 332
329 74
245 274
413 255
167 427
897 902
704 567
229 394
47 831
6 732
9 747
792 983
156 479
878 913
776 227
573 815
180 320
483 110
120 718
144 894
449 245
520 288
900 279
974 254
310 176
173 565
579 899
235 363
406 103
790 149
437 481
315 448
551 877
62 85
312 378
526 860
744 380
963 645
783 478
892 348
629 938
463 168
959 814
562 948
499 880
713 538
172 842
360 488
885 551
420 970
82 237
839 412
482 840
55 37
202 188
472 201
806 380
759 467
866 351
19 123
662 41
733 221
886 805
103 493
859 870
688 753
938 143
597 191
866 192
105 182
620 99
871 364
260 347
184 341
534 333
104 865
542 285
232 559
596 253
295 794
334 619
555 82
15 809
217 885
267 867
889 255
578 157
536 456
731 743
684 943
932 912
151 187
153 387
525 36
555 929
32 280
521 772
122 298
44 948
856 36
826 624
294 384
467 208
645 411
795 510
621 700
29 510
105 706
830 98
838 398
605 216
512 122
367 86
627 248
662 846
45 729
498 243
758 820
948 30
268 865
415 616
269 110
24 114
741 159
630 754
174 475
370 259
918 266
970 618
764 976
203 916
198 345
40 815
970 612
398 33
144 446
563 966
907 144
566 723
108 453
460 75
423 154
706 650
229 492
853 397
715 993
451 725
74 923
402 792
867 350
524 984
696 14
794 901
603 550
88 697
365 256
41 889
795 693
175 456
480 294
555 428
390 147
264 526
108 765
490 783
298 585
626 293
358 333
981 778
886 321
845 253
955 998
151 862
343 589
79 755
401 70
578 857
925 491
681 465
61 18
986 79
831 730
974 607
863 595
439 358
294 521
56 618
86 452
523 79
265 442
452 163
759 23
979 736
157 402
239 382
213 26
587 637
18 462
333 426
704 458
828 232
819 142
610 915
570 12
60 718
174 181
402 229
824 524
236 732
637 151
378 709
132 312
753 132
596 548
760 869
860 844
855 414
130 581
976 29
835 714
146 365
931 721
163 975
260 431
294 399
499 588
513 812
145 615
944 450
579 423
69 9
130 468
630 913
557 197
205 875
34 462
322 669
564 201
735 736
154 922
264 794
574 80
295 910
333 20
802 747
67 585
213 682
678 865
529 613
356 841
190 528
243 902
495 140
647 630
803 222
594 429
714 308
755 958
939 727
935 737
712 497
661 631
423 231
991 989
716 29
546 727
367 156
762 355
597 604
15 423
437 627
617 92
607 90
510 312
570 891
694 191
770 617
547 609
585 583
404 530
484 905
138 37
160 765
11 762
839 420
344 493
716 362
863 564
442 112
54 661
732 810
664 866
286 205
345 900
304 44
831 892
539 925
708 67
218 505
597 63
970 291
994 131
11 202
539 268
201 439
401 872
1000 296
390 242
390 524
255 252
321 667
36 24
209 439
517 848
333 164
264 774
395 653
253 108
853 801
716 492
680 366
742 962
971 367
749 341
482 842
756 425
57 604
240 258
433 483
415 258
466 718
905 235
612 104
934 493
798 603
490 664
57 555
777 688
256 434
924 962
168 907
492 354
852 195
57 921
520 204
257 653
74 725
576 733
53 865
74 625
213 761
954 771
468 436
930 847
162 38
215 858
735 414
893 40
1000 738
957 716
20 371
520 624
556 820
157 98
378 541
969 477
567 948
234 640
364 301
121 445
125 340
516 12
499 822
597 997
226 568
58 108
380 741
536 734
546 659
535 914
104 390
43 176
706 702
426 751
865 44
623 497
749 599
881 748
642 263
573 685
812 677
462 725
504 740
188 772
485 948
304 257
704 835
358 680
937 155
532 580
527 640
600 704
604 448
634 151
474 635
516 194
875 922
376 207
50 982
404 203
19 2
581 486
444 62
448 82
653 301
114 674
880 697
146 938
826 538
612 467
150 238
389 585
539 27
711 456
693 175
858 773
562 737
300 37
868 504
157 391
542 1
401 344
567 1000
656 877
60 162
775 257
961 726
239 507
769 196
805 216
582 334
171 854
565 915
230 559
737 850
728 84
301 331
573 2
109 267
195 706
888 713
321 667
546 691
456 888
204 185
830 831
605 784
122 89
490 524
867 496
3 632
665 917
986 52
343 973
148 248
30 847
897 914
682 909
684 768
674 783
719 693
435 674
437 782
413 242
711 600
473 462
701 851
29 884
994 437
492 823
122 389
374 938
44 567
976 378
157 807
43 727
950 714
145 740
922 153
757 17
439 519
411 799
812 401
305 904
433 596
791 629
359 456
435 900
803 437
874 302
140 461
410 493
872 116
105 899
39 134
799 958
1000 267
424 410
975 396
919 190
247 797
232 193
966 506
261 575
867 340
116 274
782 196
618 751
637 654
363 477
146 679
876 601
966 530
418 436
409 385
832 800
694 135
267 862
212 638
708 359
708 302
304 172
171 69
980 272
572 994
864 489
723 976
768 841
646 550
659 110
264 952
962 570
880 409
126 291
381 752
107 313
774 587
559 444
716 205
28 904
634 55
418 390
544 214
273 211
134 89
636 613
737 943
171 412
309 995
802 458
256 542
406 89
29 687
566 442
454 233
684 838
728 50
288 448
475 135
111 551
661 139
341 420
157 84
74 228
14 52
60 239
915 692
941 362
692 191
573 351
523 674
500 102
505 143
25 805
361 650
178 104
916 515
975 68
507 297
212 54
153 904
331 582
119 726
211 336
161 975
21 458
848 512
453 32
978 50
254 540
760 728
93 593
707 322
57 937
770 240
487 526
991 286
476 941
156 930
551 208
903 880
119 7
21 602
471 457
818 749
571 587
777 37
507 437
821 164
4 888
105 47
428 915
61 289
785 179
335 994
6 238
128 73
146 690
777 612
32 197
217 455
897 46
167 60
683 375
25 947
624 942
139 637
570 788
809 461
75 780
58 470
523 725
296 256
949 493
493 481
628 231
841 945
509 973
575 822
641 595
461 8
177 696
600 450
114 873
311 764
605 486
281 27
906 99
892 238
407 476
301 438
857 66
757 306
367 654
44 603
731 49
835 238
151 220
943 346
430 931
258 248
199 201
607 861
530 863
245 754
326 145
264 461
412 760
93 407
603 323
780 385
566 922
643 572
94 754
182 62
341 798
42 325
812 551
904 244
105 665
14 407
349 856
31 799
187 408
992 358
635 697
711 419
587 393
481 880
491 782
129 299
271 630
282 110
906 622
863 85
976 299
188 635
950 576
595 559
677 874
799 402
561 49
869 924
70 387
62 968
776 44
674 492
478 732
3 642
534 786
949 800
928 770
124 393
380 326
754 198
526 709
827 346
146 415
8 79
494 804
268 964
818 464
992 436
739 391
42 587
374 689
998 112
68 481
864 950
125 348
704 387
520 302
745 66
631 723
53 322
757 792
933 732
759 42
502 765
853 930
45 861
438 625
5 591
839 924
38 53
384 373
791 578
987 120
651 683
597 1000
330 944
169 531
401 500
728 81
984 419
820 911
835 128
721 718
443 172
796 759
631 708
531 547
929 971
352 676
382 960
984 630
254 496
57 159
195 838
312 248
911 197
132 370
867 743
133 912
106 48
411 657
499 742
590 407
979 886
825 707
585 935
385 128
42 330
550 703
596 244
477 12
981 91
874 136
744 436
929 885
930 811
951 49
19 888
2 751
77 131
551 61
144 504
231 870
483 203
938 497
80 401
375 526
73 440
534 784
462 85
520 43
459 800
379 880
465 686
483 109
450 907
95 809
335 231
697 630
362 560
425 218
452 99
438 120
38 66
228 618
572 306
104 957
671 189
157 714
606 293
344 380
108 233
62 12
189 839
162 225
674 777
543 204
612 499
474 990
508 803
427 315
121 155
632 566
958 152
541 321
874 168
104 214
67 171
529 735
813 606
97 873
493 9
940 407
307 435
189 176
388 322
349 664
773 718
54 663
946 225
825 701
955 650
45 421
665 882
780 152
940 725
732 411
237 59
848 416
313 226
89 772
931 384
204 815
385 67
239 901
366 732
966 297
926 31
804 193
168 123
868 985
446 120
784 47
152 286
662 430
597 143
773 672
791 499
610 739
845 834
709 946
410 139
132 58
113 525
629 663
519 696
12 431
956 564
513 295
576 57
419 634
518 193
405 965
940 89
955 470
853 755
226 737
564 691
601 33
751 897
440 746
525 491
323 215
195 175
671 236
452 962
301 717
649 17
518 187
877 885
13 702
359 868
680 170
550 527
985 37
625 604
286 904
661 901
738 880
503 673
37 403
504 885
174 908
690 447
346 114
806 698
649 954
859 729
285 893
600 361
346 586
561 667
383 475
548 273
179 845
231 807
349 150
391 255
260 835
876 952
919 684
856 89
51 560
810 304
106 238
246 288
164 198
754 23
894 827
986 439
88 263
990 914
267 367
898 972
494 826
780 694
246 519
42 685
586 876
616 359
520 407
387 836
246 949
886 278
206 900
646 966
836 55
10 242
417 831
971 775
725 617
403 82
175 793
271 23
860 669
890 994
897 118
968 245
574 66
332 541
368 25
227 579
976 515
56 12
211 926
417 412
79 390
344 812
614 791
479 988
387 381
802 151
935 296
959 77
30 449
408 275
815 91
940 122
705 933
15 839
709 497
960 797
614 729
199 156
416 945
708 965
167 941
755 62
217 504
733 804
781 420
338 555
469 653
710 636
993 88
495 181
528 294
38 81
528 876
916 289
502 803
823 544
96 879
495 271
797 768
221 638
641 824
808 809
351 169
297 57
581 865
178 719
347 557
690 920
156 453
649 27
501 730
827 984
162 203
645 740
542 684
347 81
633 715
366 88
8 254
715 932
953 942
17 556
677 847
268 470
425 516
676 239
635 281
234 326
364 173
870 678
5 861
585 637
19 895
638 725
509 502
424 359
130 522
105 634
467 568
704 270
264 947
161 453
358 73
348 644
513 555
259 615
786 917
8 29
191 578
208 334
978 745
124 730
972 1000
271 962
654 235
460 775
634 519
600 671
99 335
925 483
665 41
959 134
666 635
674 888
728 401
882 44
860 969
137 394
337 238
447 930
949 823
954 387
889 730
529 849
226 747
882 878
180 158
415 18
243 44
328 275
602 751
714 233
273 134
242 173
683 793
384 740
262 358
767 75
127 382
787 597
984 953
674 340
114 653
577 252
875 616
104 536
45 245
52 427
835 690
94 624
473 500
226 154
973 605
459 681
374 253
9 424
595 133
736 726
372 62
258 906
192 733
590 368
581 849
81 389
342 3
800 358
807 46
393 949
698 100
89 404
766 328
186 3
861 447
855 306
659 226
905 555
749 451
589 280
6 40
980 676
7 965
281 278
269 218
639 596
570 457
117 740
609 53
796 409
799 831
182 421
728 472
621 594
216 334
765 358
903 405
669 410
611 282
607 631
587 165
256 91
519 690
529 466
334 324
765 437
842 491
528 461
839 716
288 16
362 897
226 472
111 867
138 367
727 925
673 438
40 899
175 703
424 398
328 209
522 254
457 497
23 711
459 127
658 776
172 158
988 880
853 503
756 300
291 734
226 595
149 564
44 319
835 686
324 7
907 691
231 362
774 803
345 161
9 758
958 1000
928 326
108 625
991 940
750 144
494 448
255 51
390 667
877 596
431 126
666 558
716 448
252 677
954 818
391 407
679 790
298 377
131 530
558 651
156 787
814 967
138 82
635 933
614 802
475 570
554 485
370 146
528 720
818 776
672 536
761 62
981 51
365 539
693 98
78 549
710 865
708 857
753 261
380 374
730 322
776 417
270 902
526 493
644 885
486 674
652 113
860 58
614 529
429 512
843 976
625 530
485 355
431 956
815 748
32 321
285 594
73 152
800 568
982 260
176 301
342 454
40 320
755 326
32 825
359 560
186 489
210 2
130 849
481 288
747 278
188 656
624 419
580 303
427 421
452 222
832 858
81 380
467 595
193 753
61 854
466 331
707 21
823 705
944 448
34 426
441 105
487 303
683 442
563 314
238 199
782 771
85 116
245 21
979 850
798 850
805 84
374 154
399 41
230 250
200 833
745 175
200 645
912 385
214 660
264 546
663 57
307 556
786 744
657 387
563 391
53 683
225 220
251 590
630 465
26 716
391 274
412 80
21 474
667 263
882 885
490 448
160 927
922 220
966 512
8 312
296 788
941 370
405 84
699 350
524 594
8 422
678 41
434 330
522 376
215 649
485 677
463 293
848 906
702 536
112 115
831 980
325 226
102 723
548 513
46 764
881 478
130 234
379 914
986 339
529 578
865 727
95 710
688 416
451 257
41 378
11 918
51 205
770 828
783 715
185 879
285 194
772 334
362 655
613 638
622 894
940 808
11 19
847 92
958 631
42 615
485 168
455 483
911 104
678 252
464 804
443 126
186 791
167 12
861 858
406 225
392 632
580 316
797 334
252 587
375 492
297 273
760 723
348 782
46 584
82 983
112 947
641 928
418 829
801 184
409 636
260 846
712 842
583 284
899 408
901 770
496 968
466 343
380 833
719 86
600 993
56 756
551 369
889 926
846 471
660 178
58 905
469 555
118 666
111 70
452 593
401 700
712 936
66 561
351 156
538 488
153 945
387 745
454 91
997 559
707 570
971 575
613 393
326 220
623 587
731 382
462 874
975 317
134 955
66 862
973 705
207 296
180 749
71 924
464 856
176 486
616 523
95 504
218 855
505 769
250 677
517 93
974 970
946 64
852 918
372 663
908 1
306 740
509 256
713 589
166 563
286 274
818 407
206 323
787 858
413 886
953 976
496 247
272 582
815 453
42 482
164 700
470 8
69 617
743 591
210 669
439 18
669 225
678 380
811 498
24 571
820 760
506 781
317 403
569 511
152 370
578 39
46 813
318 399
378 273
100 69
458 721
982 804
513 246
586 890
425 753
296 696
99 876
517 572
810 951
773 435
914 16
196 833
553 848
537 651
843 296
639 360
152 584
879 234
189 517
41 53
890 398
365 695
644 997
60 973
884 488
750 953
270 905
944 527
912 101
48 558
118 93
159 401
6 917
863 725
223 944
188 581
247 248
724 953
363 980
797 450
855 732
15 196
855 469
753 201
131 421
181 561
49 798
571 131
730 177
472 869
438 649
76 912
680 370
233 156
983 930
237 660
710 40
938 569
942 197
414 1000
531 592
356 81
334 196
996 852
684 136
822 647
460 103
930 992
174 54
857 190
756 298
977 315
183 693
667 622
666 353
588 119
196 268
6 221
376 502
820 352
791 498
406 425
542 100
533 552
201 289
588 600
857 206
660 670
227 485
458 922
938 714
998 289
235 669
821 59
667 811
302 479
716 390
531 858
380 996
207 591
233 285
256 896
650 656
459 177
316 212
450 4
966 527
839 571
728 458
786 215
600 432
263 241
338 580
681 440
996 795
372 526
29 521
107 684
158 174
245 86
708 475
459 342
408 938
637 817
436 427
318 333
924 295
349 92
190 332
756 501
322 459
968 57
19 942
797 685
479 536
459 620
395 938
547 647
243 518
380 119
497 169
469 619
96 256
418 554
849 330
537 462
815 287
812 52
372 747
761 302
317 336
719 505
262 672
451 258
258 241
831 832
950 480
644 957
489 175
46 870
716 1000
845 7
115 944
882 981
231 895
429 150
957 96
942 205
986 363
918 664
851 820
481 220
211 959
367 135
561 677
23 487
133 304
154 20
463 382
714 248
35 789
254 449
314 579
653 563
225 614
214 578
214 605
485 684
6 73
720 439
107 378
953 944
957 266
56 234
733 540
573 460
549 777
117 445
698 295
423 162
718 14
988 191
581 986
570 867
810 331
310 189
663 593
901 208
573 79
717 774
139 812
488 240
15 828
599 985
991 81
525 933
139 107
316 230
692 979
539 737
667 695
891 58
190 29
984 930
771 136
761 663
292 972
252 100
656 887
701 553
608 693
117 567
608 43
959 421
537 149
479 989
672 909
11 724
602 833
623 710
97 358
219 238
253 784
545 605
760 94
321 569
452 83
164 346
568 511
789 465
270 569
323 978
177 318
214 252
658 856
922 651
965 911
885 693
580 496
216 184
715 977
753 19
579 85
883 245
287 699
139 432
253 300
304 21
238 517
103 702
683 701
894 888
556 250
984 885
332 212
376 813
914 735
903 462
391 875
602 166
79 800
384 997
899 174
636 854
912 282
145 276
367 338
823 774
610 375
268 301
853 83
466 236
237 392
394 16
216 773
371 87
669 404
341 266
281 361
110 796
916 215
674 636
342 89
521 119
740 481
189 653
104 274
395 827
403 760
61 7
148 664
398 415
463 45
293 657
956 745
139 608
29 180
79 731
91 577
612 221
654 690
499 318
587 739
834 379
756 441
41 485
988 267
637 64
808 303
368 13
229 481
824 666
351 305
707 212
886 646
929 164
527 301
174 862
293 846
303 516
257 484
331 573
497 14
488 208
583 621
124 679
364 533
702 403
607 883
488 472
581 13
347 699
590 277
403 745
729 495
599 761
472 655
935 814
587 861
12 858
673 346
329 211
715 493
833 229
887 549
328 199
760 603
940 335
692 609
500 331
195 437
823 943
198 496
320 212
608 660
383 265
666 543
714 82
398 1000
883 858
113 121
69 568
463 499
590 270
260 71
175 966
563 993
467 669
29 959
563 769
636 343
525 11
532 550
389 795
497 627
392 874
90 795
473 331
18 292
76 185
915 490
226 995
951 231
143 826
292 454
699 901
884 660
554 508
762 164
689 165
86 618
885 857
869 312
460 54
822 731
314 95
962 913
384 677
228 585
246 504
412 523
993 1000
617 280
898 979
519 832
612 270
911 905
768 982
436 50
590 276
941 502
923 615
440 922
951 168
938 85
122 171
644 95
495 340
277 24
360 149
432 251
517 227
181 768
108 213
157 322
783 92
481 709
948 855
128 761
700 14
790 785
688 519
338 806
705 47
639 725
893 722
986 242
760 802
774 302
700 286
327 936
373 297
975 885
976 614
215 427
244 29
551 758
409 430
340 620
140 230
874 68
667 978
856 704
358 72
722 259
879 707
416 712
733 292
821 162
672 926
70 385
926 437
821 569
992 999
675 217
356 628
818 349
986 222
925 404
989 153
48 621
779 108
966 788
802 288
27 481
662 514
686 314
310 848
316 995
524 876
578 26
181 213
105 619
880 961
961 453
767 138
780 360
737 682
898 500
519 444
241 808
909 267
637 314
2 946
896 474
353 222
193 453
311 250
423 833
557 948
753 366
195 304
998 933
805 270
797 240
839 133
348 330
825 923
67 715
810 834
15 115
723 436
675 95
380 899
345 480
790 296
148 500
281 42
656 819
642 439
34 459
272 644
438 66
872 372
177 353
330 162
503 314
373 718
545 754
154 542
621 725
468 881
959 642
336 553
709 28
548 523
618 414
519 637
569 817
155 409
353 564
947 802
460 619
578 889
457 51
640 185
333 164
514 162
742 2
966 103
635 914
978 510
116 55
61 591
864 854
554 879
776 653
216 435
699 229
108 596
571 278
147 457
118 889
140 696
116 69
311 629
821 406
456 148
625 265
20 827
355 318
203 722
567 758
343 333
855 4
439 377
675 7
102 72
103 359
108 145
768 996
957 282
409 617
327 687
337 23
356 775
557 944
981 952
390 158
518 621
632 321
276 63
860 708
573 675
944 603
615 930
393 440
959 228
402 615
214 373
274 396
980 21
38 310
758 706
529 909
244 448
431 531
785 114
459 103
479 694
696 574
12 245
341 177
931 919
354 699
109 866
644 145
930 753
304 230
102 875
782 975
758 864
978 308
870 778
349 510
876 567
578 922
449 270
871 603
680 579
995 808
587 584
571 1000
350 489
45 735
597 730
393 637
257 616
15 65
87 969
96 302
754 173
775 219
754 569
772 420
210 853
492 322
994 227
610 253
689 159
901 187
325 682
647 129
753 92
286 943
792 951
45 302
669 879
201 985
337 419
334 78
132 793
962 11
761 889
497 895
976 442
399 310
359 527
432 143
539 151
735 244
17 941
119 531
344 662
52 619
546 753
553 305
102 677
684 43
89 814
856 389
522 946
778 564
665 534
610 400
226 751
58 260
70 610
634 168
673 290
723 719
264 826
611 581
122 439
989 460
767 418
801 548
994 465
644 998
874 878
625 357
621 758
725 89
595 76
729 574
126 173
44 706
646 383
60 206
693 990
129 449
128 121
646 12
701 116
146 316
458 350
67 453
612 870
504 6
376 182
812 814
385 351
651 791
36 335
345 239
338 146
318 559
215 962
664 894
630 63
582 970
194 247
897 194
442 547
917 985
383 386
735 212
53 506
854 133
304 920
376 566
34 576
487 715
1 360
670 708
805 166
649 976
286 69
214 152
550 361
536 885
345 308
968 927
885 19
43 375
64 338
624 702
658 750
77 313
552 668
793 219
397 881
578 117
569 862
768 771
944 354
440 81
85 932
612 278
237 559
581 623
372 279
893 675
824 166
444 215
201 939
396 464
336 571
823 635
612 507
280 741
767 57
481 278
392 985
956 24
327 719
261 40
983 713
890 555
641 825
771 636
827 61
567 513
511 471
36 757
540 539
78 706
367 237
424 729
750 863
808 958
821 8
233 971
654 895
528 244
829 904
450 269
577 954
22 298
750 378
18 550
941 499
172 424
80 473
604 74
924 921
895 392
160 244
733 772
775 63
48 831
774 120
2 735
495 922
236 726
633 532
526 337
867 729
855 31
307 936
165 794
798 479
104 792
971 803
742 879
185 825
470 639
176 312
665 530
151 288
505 385
148 260
736 739
223 656
779 680
484 81
849 396
910 995
30 14
308 197
909 613
424 832
47 813
229 760
961 809
474 505
345 693
380 396
705 362
245 539
931 112
94 133
595 544
729 623
3 336
442 876
71 160
240 908
265 234
896 564
818 448
730 602
773 132
496 176
345 674
288 918
835 668
516 890
848 543
531 684
56 122
881 151
408 593
964 992
513 192
860 14
406 391
996 19
708 539
342 161
581 58
285 14
895 727
663 598
519 977
640 222
579 439
168 239
106 528
147 431
929 748
952 713
776 987
99 720
708 517
388 334
198 788
965 765
662 183
913 30
451 699
160 87
174 436
838 857
917 411
909 780
597 698
146 856
736 154
395 350
13 504
753 727
979 83
524 41
344 858
512 871
637 431
396 12
417 404
32 691
833 395
371 517
632 544
749 350
334 562
134 180
570 964
183 881
996 387
779 733
479 154
896 574
840 896
325 304
111 897
42 587
668 940
40 781
754 251
890 285
325 829
260 300
887 551
971 719
27 586
316 364
372 762
2 566
154 568
55 263
558 828
924 81
612 902
616 68
56 214
192 352
102 591
996 728
109 778
565 800
789 123
253 329
420 134
15 328
913 159
201 496
356 271
486 805
157 600
523 101
225 167
429 97
273 72
781 492
514 471
824 153
788 676
417 412
470 881
904 19
243 200
926 476
327 216
231 349
70 230
213 584
379 898
595 23
641 316
208 444
573 688
449 824
11 29
889 812
59 741
814 209
940 331
955 545
780 604
15 374
733 357
7 650
190 560
955 844
91 503
486 214
731 415
28 487
164 634
776 96
395 762
15 955
630 903
119 548
482 609
65 348
528 320
199 115
90 165
843 296
321 626
800 935
633 275
43 44
182 987
832 572
544 182
451 62
170 431
67 620
992 971
422 418
69 363
62 154
745 159
495 847
209 498
810 22
704 567
246 159
25 750
617 754
200 586
109 214
104 672
678 79
431 720
881 386
425 401
528 958
337 474
186 519
921 767
821 829
522 172
762 627
27 22
126 825
598 467
298 481
188 898
131 437
771 125
935 149
153 792
926 478
893 731
545 425
68 725
331 574
412 47
887 19
584 929
446 391
130 862
684 753
718 694
432 172
551 741
106 732
140 862
195 548
862 746
31 455
836 542
997 614
663 182
122 667
932 934
57 325
149 21
734 123
207 813
574 341
731 130
12 20
100 517
920 27
593 994
227 944
723 217
687 726
676 546
692 993
209 97
739 851
124 623
350 934
450 262
977 818
657 276
78 992
217 186
84 760
31 70
427 472
507 435
860 533
375 358
903 533
967 807
520 744
39 564
913 997
836 520
878 290
168 157
114 662
864 560
133 959
173 619
953 512
459 847
54 925
969 125
916 551
516 210
4 586
76 661
877 387
864 385
386 571
154 837
22 717
458 528
780 461
44 7
100 295
660 606
886 125
996 111
822 254
693 157
741 517
880 800
961 578
485 91
837 469
804 204
637 626
15 415
826 771
439 532
289 874
193 513
516 20
996 424
287 609
722 436
985 740
196 788
461 272
301 607
735 834
771 764
768 756
647 959
304 315
581 698
91 517
486 721
391 255
692 893
514 698
1000 574
115 371
467 109
205 871
158 334
150 715
880 243
551 356
186 630
251 293
361 353
695 503
581 442
75 438
812 562
204 55
817 286
235 838
908 356
823 612
152 809
1000 376
238 797
55 472
283 906
593 661
680 190
895 174
783 977
96 610
518 440
942 513
165 830
238 193
609 606
155 704
698 129
435 53
300 880
1000 279
643 625
471 866
113 841
169 193
163 761
129 435
194 517
280 452
686 218
465 105
530 72
461 990
15 721
677 35
597 776
371 362
362 587
228 287
553 465
259 839
74 363
445 243
20 215
26 649
111 831
455 935
303 302
33 951
93 587
194 518
457 429
90 557
248 234
750 973
390 102
316 476
793 597
747 111
514 60
357 343
87 722
855 325
118 677
980 776
770 224
549 132
293 878
496 773
234 834
424 15
227 818
225 40
170 518
200 411
376 227
87 138
297 512
499 708
360 440
205 156
831 851
296 760
964 36
765 817
101 288
695 722
843 36
592 627
479 729
732 721
146 244
138 538
479 75
614 489
195 830
98 76
851 644
77 188
876 284
255 968
341 148
704 424
559 432
595 936
210 192
840 364
277 958
210 656
641 158
729 302
780 895
714 996
184 476
396 455
173 554
679 550
181 597
30 100
216 844
949 601
338 643
662 532
137 875
743 217
410 424
942 689
486 253
443 718
254 216
153 361
292 656
55 834
1000 943
804 638
496 600
262 181
980 287
103 550
514 285
569 773
101 25
261 911
48 439
135 393
928 914
827 689
991 676
425 840
868 544
288 209
847 349
557 986
563 638
58 523
436 239
803 912
588 159
51 456
297 259
773 1
312 645
135 420
362 648
499 859
235 294
329 613
860 773
794 145
301 926
822 446
230 571
297 225
449 840
608 988
301 4
392 609
8 533
532 294
810 739
14 485
119 934
190 907
933 401
705 183
891 458
483 312
935 501
734 10
217 530
116 547
301 313
716 271
604 818
473 833
333 905
787 622
461 681
250 482
112 353
645 675
757 446
187 70
193 274
980 477
464 379
548 539
11 996
447 813
856 106
419 618
699 532
886 114
734 490
836 771
262 427
540 240
647 133
101 162
146 515
374 239
340 699
503 272
571 351
788 344
154 202
79 931
643 559
117 950
12 649
55 713
435 895
278 303
394 282
955 465
875 855
409 850
845 163
79 896
88 349
248 127
220 799
914 54
566 885
293 604
976 214
828 464
924 516
904 632
814 310
820 323
565 125
685 714
416 560
149 602
11 814
879 915
484 133
956 501
795 543
169 584
223 13
231 145
126 720
661 717
633 645
568 704
526 591
470 776
435 801
49 34
731 250
355 657
708 94
611 287
864 667
299 172
428 13
839 67
343 224
615 963
234 570
962 221
267 512
267 275
746 529
972 875
885 18
119 36
997 632
439 380
90 705
172 874
117 864
129 538
352 521
793 886
212 406
747 210
669 860
288 540
706 984
771 734
649 319
135 69
561 820
68 99
200 547
49 192
754 4
102 344
203 144
718 838
417 862
102 168
515 772
492 861
122 474
527 469
743 514
704 553
398 881
489 890
422 110
992 748
802 365
216 836
309 5
733 447
263 997
348 503
441 780
538 81
69 475
746 998
47 820
849 58
433 499
990 955
359 828
381 129
637 542
58 157
165 699
504 888
475 35
865 976
758 838
150 453
3 792
323 128
557 869
354 139
826 61
683 15
435 825
434 331
851 432
75 569
786 518
22 246
74 409
17 796
662 715
246 441
955 969
244 551
587 26
844 377
659 588
516 918
714 57
502 955
731 1000
599 403
369 905
454 50
4 15
736 413
869 889
270 982
625 993
768 886
91 392
840 39
148 424
406 453
770 496
930 343
408 522
558 537
776 416
214 795
88 433
158 137
76 285
179 99
906 949
757 907
677 718
464 409
385 623
324 403
613 194
174 595
706 443
620 34
897 487
812 755
210 964
427 210
581 683
382 609
300 227
891 856
374 890
900 530
115 8
746 851
261 928
938 279
656 186
339 554
590 763
479 988
187 900
600 642
63 782
19 12
790 139
88 858
947 667
299 629
925 243
280 166
943 285
726 239
615 485
350 896
153 9
491 976
560 691
597 24
273 167
809 543
423 910
471 309
236 940
92 609
235 317
124 203
202 414
410 241
110 100
802 937
658 594
117 584
470 174
811 182
163 702
186 471
261 310
574 335
251 254
219 451
488 544
864 2
533 237
106 950
720 571
872 788
347 202
670 36
156 280
576 453
784 928
272 379
488 601
376 289
186 631
802 596
54 730
14 412
322 965
548 514
727 783
636 609
123 698
140 732
612 29
621 950
800 805
982 849
863 422
691 955
352 908
490 352
739 596
450 517
371 79
97 233
516 895
829 894
166 298
569 388
525 864
757 90
726 961
682 886
652 778
935 726
665 599
615 801
840 784
881 434
647 462
998 609
759 841
671 343
452 248
95 688
160 417
23 101
991 484
388 211
257 248
570 959
454 807
161 272
784 951
842 506
52 225
751 695
897 65
888 699
263 173
675 500
844 13
326 221
10 665
770 214
474 952
17 865
432 360
388 520
573 975
405 94
791 40
452 130
383 234
211 861
445 150
534 522
167 867
790 26
965 970
816 215
778 620
968 209
81 612
565 308
514 81
236 996
797 216
606 759
969 64
235 562
909 658
691 439
937 265
611 850
934 911
636 965
431 791
243 931
664 797
681 10
62 964
249 594
990 863
986 607
362 790
43 196
160 935
943 31
500 679
531 380
347 145
905 517
116 19
592 829
630 793
42 650
921 917
757 977
576 560
957 433
478 380
125 589
805 883
589 846
334 908
259 43
488 750
17 755
746 258
168 544
887 693
93 844
926 736
903 446
784 944
930 897
120 971
393 621
544 481
833 939
112 415
669 793
26 473
946 180
559 602
649 478
141 852
817 194
185 401
623 846
87 676
516 344
789 597
905 861
357 557
69 726
35 29
17 432
988 371
326 920
116 160
737 141
848 207
842 125
797 8
856 871
681 478
988 837
770 267
580 612
44 942
666 778
582 207
571 474
628 706
728 625
846 164
185 744
880 873
240 624
118 100
571 798
846 465
209 168
935 998
152 697
342 370
818 634
465 604
64 645
684 145
461 319
555 690
360 338
64 146
966 708
741 654
972 407
623 889
968 104
562 868
985 958
166 286
535 420
815 632
749 327
279 750
386 816
418 136
905 998
643 837
173 295
8 5
881 22
263 733
45 154
57 268
1000 588
753 188
6 485
873 862
146 934
605 852
694 388
334 91
929 685
976 95
7 155
28 120
289 482
962 726
677 529
957 239
887 870
231 540
410 726
256 857
688 743
146 887
435 821
103 636
441 887
786 567
374 304
591 448
94 617
668 440
235 566
685 324
580 373
720 333
357 317
2 636
778 342
360 707
191 561
743 705
123 890
208 12
727 628
786 610
655 587
684 817
392 369
565 175
633 489
283 984
690 173
979 845
310 230
291 427
703 721
710 815
738 592
562 918
776 18
966 817
921 873
622 355
956 419
682 752
147 154
191 379
730 665
320 428
814 16
324 249
562 500
145 276
243 798
478 463
45 714
779 92
462 226
226 260
306 389
389 223
82 712
628 409
414 189
823 291
832 612
19 62
674 414
930 307
926 940
660 626
161 213
150 81
520 542
328 611
49 11
731 259
113 250
997 539
945 188
339 686
32 818
544 20
177 284
340 161
168 296
812 786
198 615
931 711
450 303
517 191
601 447
265 469
941 940
447 579
225 578
298 786
625 592
681 820
308 499
83 426
831 961
163 9
635 612
642 521
932 136
395 425
361 725
365 598
617 602
105 64
148 454
326 292
74 787
273 347
298 921
78 226
152 941
595 147
409 256
61 763
548 714
766 604
249 341
644 392
697 445
884 72
543 718
540 865
517 641
539 948
698 293
78 360
668 670
906 975
835 106
462 254
525 8
593 537
832 228
807 470
658 768
377 869
384 362
490 463
778 328
824 748
214 856
234 115
832 933
448 524
892 800
350 889
909 777
708 826
590 404
661 757
409 644
834 310
476 961
133 692
545 91
557 533
85 645
630 1000
134 386
355 729
307 568
574 878
906 853
518 487
5 394
505 726
462 675
930 846
162 199
554 13
185 827
981 99
17 735
870 674
41 545
996 28
419 870
365 364
963 180
811 875
301 663
789 382
727 522
377 798
800 456
122 200
772 78
370 584
153 122
664 990
736 850
283 346
171 77
828 160
914 875
395 685
635 307
982 475
986 347
131 387
265 796
713 499
207 818
706 880
376 685
722 308
552 775
367 42
310 346
800 13
809 460
609 226
556 407
299 932
730 865
293 457
40 400
1 236
781 560
299 451
813 884
766 448
930 733
532 296
415 249
956 296
616 673
823 845
483 478
857 691
250 344
752 142
631 483
622 497
554 676
159 286
268 335
973 4
113 42
826 492
652 701
914 343
307 770
390 555
475 942
537 298
159 921
584 636
780 835
356 807
375 649
278 748
757 372
809 334
828 694
637 750
599 818
75 564
888 303
112 181
607 471
667 230
152 339
899 565
572 17
442 333
145 390
215 140
245 378
236 855
254 288
437 10
856 552
482 557
664 733
597 319
290 85
996 191
421 166
917 611
956 607
538 514
201 123
53 707
750 460
812 42
497 464
816 662
58 165
213 906
474 829
35 351
982 887
21 802
997 333
786 185
437 436
606 704
503 511
206 435
98 571
75 88
596 862
740 96
1 491
626 941
177 513
5 469
731 444
376 166
310 711
349 110
718 475
365 79
788 123
360 649
262 51
717 90
583 21
972 486
311 170
412 972
461 346
256 974
649 412
905 261
334 51
54 854
73 311
443 569
859 536
52 440
116 158
129 57
513 765
232 579
890 101
652 732
714 721
210 212
579 513
865 464
58 425
89 313
387 985
644 571
483 713
410 260
401 335
518 280
788 749
568 223
794 965
825 406
903 561
290 267
352 869
795 65
439 480
400 595
845 234
587 224
275 205
227 752
841 329
831 415
346 925
308 124
759 611
980 486
339 288
101 233
831 305
989 142
810 201
996 772
858 106
32 622
653 62
97 966
781 6
661 614
472 372
185 594
792 591
333 524
132 76
671 230
163 576
262 219
484 304
898 892
166 408
65 228
191 493
207 912
776 100
130 83
968 307
178 956
927 517
52 197
393 311
344 567
609 798
323 110
55 517
843 192
654 94
872 568
378 515
599 365
138 611
299 740
99 573
785 696
985 330
40 699
793 219
919 774
719 626
378 965
682 694
651 329
886 808
962 519
316 441
473 815
145 99
368 40
743 215
146 848
322 905
484 575
990 290
171 445
987 849
619 240
772 282
364 602
770 137
238 984
507 440
164 190
367 528
993 268
538 834
81 634
52 471
330 609
504 441
598 672
142 248
266 941
744 665
461 920
615 861
484 726
762 44
391 47
45 584
771 440
710 950
339 295
724 42
4 373
420 178
391 459
185 954
355 71
624 531
682 398
498 387
106 580
782 5
900 97
718 945
438 700
908 813
61 690
230 387
840 897
948 213
162 148
943 869
172 943
906 40
46 168
46 790
25 577
817 812
140 360
46 772
368 908
733 697
352 152
676 244
560 126
249 994
752 609
900 131
727 901
570 309
329 258
899 840
454 991
455 307
640 955
633 954
23 876
622 383
44 112
120 133
524 940
165 234
196 393
841 397
437 905
239 593
722 275
456 996
754 511
515 406
936 176
654 367
842 628
758 999
59 566
491 469
354 512
8 60
610 249
126 726
317 916
16 323
698 157
604 156
821 138
24 847
637 617
291 58
619 375
657 357
287 541
101 32
72 894
349 440
469 440
46 466
154 421
666 50
679 208
906 45
556 449
810 193
447 795
423 70
259 981
273 348
717 243
669 879
897 640
558 100
267 570
346 478
15 988
757 558
113 516
292 835
484 872
454 252
652 468
667 528
936 933
645 947
789 846
182 584
973 132
129 645
627 587
843 791
366 677
755 772
191 53
377 64
770 926
972 637
852 751
285 661
297 471
671 139
618 601
327 239
984 576
889 119
785 444
60 225
390 278
612 606
194 390
707 274
235 177
37 276
414 985
209 236
630 671
715 977
282 603
481 327
520 7
833 863
572 171
561 552
37 77
48 819
476 362
420 939
22 754
88 588
960 247
199 125
822 811
161 588
36 892
534 700
648 916
874 462
96 109
604 761
513 558
429 661
679 853
37 31
155 874
433 453
267 367
891 290
121 678
747 134
377 813
857 210
550 897
979 193
2 289
942 460
779 187
604 447
555 701
801 858
595 86
15 125
573 397
644 455
633 954
464 460
706 796
540 877
116 89
365 18
561 668
66 262
956 770
293 270
604 800
726 136
655 700
588 309
204 728
969 270
742 384
999 116
825 467
778 352
596 507
195 639
495 336
21 39
858 191
33 6
909 68
569 26
271 186
663 92
278 936
860 710
159 687
289 757
790 110
525 257
796 866
895 744
795 521
39 819
378 733
159 750
562 839
833 107
836 676
622 819
349 550
292 529
581 281
844 956
599 176
685 442
74 659
523 144
123 235
669 836
699 366
767 975
684 176
717 176
704 690
243 211
541 407
594 790
318 179
868 69
328 434
935 456
267 475
739 126
4 594
64 825
717 932
96 226
988 501
664 680
797 588
495 531
908 246
26 175
583 245
541 391
618 713
465 430
490 782
457 358
339 197
567 301
399 84
694 67
379 995
639 691
838 733
527 989
574 592
752 580
163 978
251 372
837 185
787 912
765 123
197 883
948 981
764 23
878 588
981 71
261 901
656 58
622 123
328 873
362 531
437 480
887 662
508 768
27 509
916 300
98 6
779 396
68 911
164 324
416 236
878 601
724 616
415 378
937 464
242 586
459 192
549 739
445 848
867 706
578 68
968 955
476 111
203 299
852 442
419 438
859 685
468 878
698 363
63 391
323 227
403 574
898 370
186 715
221 805
800 18
45 724
926 803
267 108
625 123
259 344
744 231
917 232
635 933
181 985
8 214
604 162
605 331
210 490
950 200
81 946
739 289
354 780
189 817
879 672
820 821
942 278
285 732
639 359
902 680
789 775
262 559
961 601
18 579
493 832
734 760
219 80
211 531
668 148
508 709
273 525
414 662
376 529
832 407
519 457
521 766
424 886
373 553
877 345
389 174
214 645
323 510
993 272
667 554
953 689
578 869
27 717
868 963
625 831
472 54
239 511
725 280
215 366
468 933
36 412
790 844
381 420
923 398
173 484
707 385
883 28
596 734
973 945
252 526
919 594
787 383
994 793
45 746
447 610
999 19
542 751
725 5
363 566
513 766
524 170
138 636
434 36
431 786
233 573
504 190
358 855
478 711
179 311
440 324
201 141
490 758
263 524
723 269
11 238
166 914
721 524
541 846
704 454
445 323
459 803
880 60
986 567
756 745
290 524
168 476
26 35
783 330
688 434
974 269
185 329
311 81
201 236
782 179
390 283
591 540
115 866
707 326
56 489
934 213
705 217
100 21
283 599
156 899
609 463
325 16
735 500
749 907
44 362
346 219
430 492
287 356
796 304
463 306
374 783
265 458
986 115
657 335
524 844
697 662
801 508
738 834
602 110
599 488
539 294
496 142
196 507
677 47
114 62
152 75
731 172
943 554
740 955
129 112
17 748
603 435
582 51
721 695
487 591
236 506
947 456
576 948
394 730
612 512
142 120
359 310
246 131
239 834
401 547
317 902
357 318
494 949
993 235
644 617
459 623
437 228
236 232
423 522
554 852
260 444
367 821
973 289
978 124
734 356
616 453
417 744
361 695
225 239
545 714
17 23
408 154
692 731
465 629
868 577
520 609
920 972
489 930
988 11
223 121
537 955
706 463
747 317
370 976
774 718
858 516
89 596
9 619
918 907
548 12
680 225
751 973
322 305
915 790
86 154
125 183
908 853
669 644
38 855
822 518
833 221
661 562
116 147
91 879
356 32
785 441
206 88
505 509
118 183
628 873
168 387
473 14
238 525
563 920
26 245
454 189
990 214
806 336
311 114
688 126
820 91
330 494
821 67
782 498
971 431
556 479
382 691
698 720
766 518
514 544
202 390
33 775
264 976
56 193
257 46
697 387
974 887
142 729
14 702
618 8
396 116
370 430
202 89
2 801
169 528
256 727
922 968
723 389
628 547
264 155
557 803
98 591
926 477
422 101
684 264
540 504
105 410
859 142
391 761
377 528
157 892
628 222
72 852
74 804
161 620
918 261
845 170
255 475
115 539
29 192
51 276
718 744
905 816
788 734
800 546
313 511
697 135
45 909
154 455
478 441
673 10
491 22
253 321
277 844
275 498
354 681
731 165
878 178
188 602
650 908
746 263
183 629
493 596
323 498
563 995
570 882
902 993
790 139
547 263
203 443
528 254
889 806
209 862
882 336
894 19
326 546
84 808
916 47
817 291
11 830
897 867
691 214
64 936
597 531
322 201
524 924
990 273
358 952
307 370
43 258
293 855
77 215
131 543
53 301
160 673
952 88
818 680
156 331
723 884
21 386
717 559
216 964
960 156
315 815
839 873
264 329
695 856
342 719
440 270
568 392
516 972
662 811
149 403
250 216
836 763
924 639
135 769
676 971
124 201
351 601
562 360
26 888
465 417
441 455
273 260
912 997
730 966
982 835
255 735
602 899
30 87
131 205
186 122
966 362
538 910
543 767
359 489
8 947
644 611
344 23
124 846
266 409
4 9
896 391
930 560
596 752
106 780
768 878
56 135
977 852
182 419
922 376
156 69
869 4
905 534
294 623
462 739
52 73
756 640
122 745
139 397
818 18
970 378
479 177
161 416
315 12
441 903
934 554
580 452
398 892
614 844
25 341
148 779
960 16
147 775
972 245
523 399
294 913
818 632
187 953
897 273
492 927
255 723
340 612
483 737
125 850
115 100
235 446
789 389
1 999
570 488
992 486
285 404
344 502
672 119
567 689
20 212
682 507
895 668
432 826
925 322
357 729
154 465
907 536
848 653
58 703
214 984
975 771
963 648
549 746
379 508
256 603
976 109
155 440
689 886
901 45
455 575
342 270
527 60
974 999
711 588
150 777
252 981
617 804
765 462
725 502
550 725
709 212
937 78
565 670
34 679
124 533
20 694
926 568
693 62
730 858
388 946
570 734
318 21
807 626
187 995
846 142
94 844
40 410
874 995
600 788
449 88
963 727
135 290
469 269
138 99
699 246
933 52
378 23
316 950
135 119
167 198
575 74
573 772
640 130
553 277
207 280
242 814
70 912
504 378
761 400
828 736
907 430
260 276
405 833
481 932
986 728
147 882
371 221
748 456
570 717
90 666
429 882
35 559
511 435
155 692
917 151
533 842
321 56
570 198
693 440
49 253
773 371
185 379
303 109
702 116
144 517
507 211
387 220
43 841
387 951
355 441
499 875
339 508
595 106
575 3
56 383
379 481
77 857
847 340
730 572
419 737
827 696
33 174
491 545
537 70
647 721
93 671
973 941
782 499
497 68
493 779
528 223
827 291
366 823
444 43
202 955
678 851
505 424
909 330
413 922
658 459
479 408
602 540
50 879
688 1
297 75
812 325
732 186
867 626
402 403
600 216
516 419
795 85
500 103
606 271
430 571
637 482
368 297
943 100
916 432
673 122
355 67
132 701
900 99
740 993
777 468
15 426
170 185
964 927
564 134
350 699
55 644
427 344
505 553
13 322
440 557
494 85
775 218
607 778
171 683
473 170
679 486
952 802
329 516
874 490
1000 333
204 345
73 19
95 87
382 925
12 58
52 834
220 565
657 626
505 981
620 385
137 601
221 801
997 125
763 410
177 84
917 723
732 780
36 585
76 69
31 828
354 888
790 852
930 980
873 659
465 255
303 828
451 962
538 982
422 291
289 566
240 321
88 51
899 390
208 115
40 946
101 942
630 106
871 583
470 623
742 466
3 774
605 330
629 342
806 616
934 706
21 367
6 537
541 822
441 363
623 671
924 817
754 672
880 948
345 967
792 940
488 330
253 460
517 28
558 776
366 445
811 876
86 210
569 257
849 524
416 971
102 644
824 754
854 494
809 111
986 681
578 583
485 407
736 199
745 339
110 103
596 149
227 883
626 561
787 13
233 157
215 655
998 347
716 899
611 686
851 552
191 18
871 905
687 647
503 190
842 70
395 6
591 388
314 144
222 885
24 504
441 975
926 355
11 794
28 606
911 208
110 558
382 652
565 53
873 86
397 961
493 214
111 684
193 666
598 330
900 266
704 415
123 910
66 404
327 555
662 382
170 187
600 57
707 139
90 800
462 11
697 422
481 62
598 66
301 284
963 185
705 629
898 533
548 917
476 613
45 864
968 841
336 753
685 601
692 158
610 752
644 403
407 155
70 320
599 106
782 887
914 104
922 12
998 779
366 886
270 257
128 854
24 317
487 724
29 977
431 633
225 475
931 887
199 331
652 27
731 915
532 158
802 458
679 767
865 287
232 952
424 800
369 469
835 301
197 1
890 388
967 890
259 446
104 969
217 923
3 196
177 335
410 753
18 840
975 881
155 212
467 647
275 991
51 440
162 48
439 479
913 384
253 532
357 382
467 574
799 909
925 362
465 853
774 67
712 785
991 218
169 520
485 194
250 303
255 503
253 962
362 48
154 279
513 356
190 817
677 375
458 332
22 558
603 289
461 840
596 957
999 735
596 200
215 940
850 41
453 583
1000 495
569 784
614 402
118 580
709 38
572 311
981 279
214 724
768 688
617 193
367 222
483 856
557 644
213 669
762 899
395 631
42 461
922 136
485 327
399 679
21 986
916 749
280 55
882 993
626 921
877 842
578 233
709 872
94 890
741 541
110 419
955 263
878 887
430 598
953 729
282 758
729 469
856 838
549 551
895 101
767 30
664 34
289 750
584 292
238 742
301 404
96 567
621 540
728 644
627 583
946 76
560 897
324 924
624 986
508 88
179 27
476 957
52 289
944 887
809 133
773 404
200 79
3 453
459 903
651 526
166 545
768 642
295 500
183 849
868 10
389 504
487 375
689 995
85 488
755 328
89 962
802 475
658 914
588 213
346 843
660 411
823 672
165 525
557 999
621 652
786 817
67 168
914 501
423 119
186 641
209 323
767 731
45 81
424 365
558 272
372 659
758 59
54 167
917 461
749 418
332 345
867 191
896 91
852 25
106 125
728 62
315 638
684 318
365 983
10 702
311 732
820 291
290 412
291 552
895 224
5 77
324 25
293 735
666 339
980 851
929 546
509 952
462 487
305 822
258 398
986 484
476 486
648 584
262 942
764 858
315 363
142 666
830 775
83 742
328 648
875 988
297 96
470 17
378 527
517 939
676 931
836 483
825 105
718 905
629 564
317 414
98 48
360 658
194 660
905 200
587 305
749 939
533 611
834 755
970 846
88 656
2 626
619 733
595 566
241 796
46 36
163 883
257 846
621 326
441 495
72 747
334 737
779 669
965 3
490 158
204 738
624 642
945 220
947 562
388 104
198 520
976 407
890 857
909 748
562 789
365 881
507 208
11 51
119 425
478 213
892 466
951 217
389 941
211 324
320 530
971 970
572 13
727 16
394 546
331 232
118 861
609 990
702 977
204 114
761 412
522 543
409 60
70 167
631 632
692 259
629 51
121 601
477 807
409 976
446 140
335 444
438 285
282 107
207 435
852 27
811 487
39 871
181 455
714 302
619 497
57 818
84 742
694 65
159 260
102 404
167 797
474 51
483 397
911 819
904 671
981 175
179 684
36 914
544 509
902 506
838 722
635 697
496 567
384 518
635 68
903 574
905 698
997 856
555 542
266 408
741 957
608 731
475 956
367 890
248 397
210 899
408 473
50 145
765 343
838 203
289 668
576 531
635 225
906 882
436 186
798 42
948 685
323 33
688 913
137 569
305 921
921 530
981 71
46 749
634 275
46 568
517 431
529 527
327 867
512 983
858 783
473 841
647 617
431 404
903 860
824 863
117 21
542 433
66 154
685 978
561 682
223 843
443 789
986 661
200 247
905 221
734 347
447 310
973 792
172 438
680 617
175 272
179 7
946 776
866 319
814 508
883 289
497 47
333 782
612 728
633 426
486 719
155 529
214 83
119 931
753 788
80 818
868 987
586 129
585 693
930 385
658 660
16 630
265 946
44 70
179 608
698 465
66 167
178 323
555 161
128 319
447 15
547 307
829 734
27 170
843 245
753 297
601 941
880 798
10 39
206 16
684 560
706 464
274 504
39 19
607 805
92 441
971 703
767 582
172 386
633 134
135 900
171 82
525 353
204 605
289 125
108 145
972 671
198 187
46 148
770 338
656 245
147 590
969 257
732 86
607 948
583 948
847 1000
511 671
376 677
74 393
598 396
880 391
934 479
409 198
125 970
746 690
591 275
181 745
946 534
634 248
880 914
964 903
532 916
348 398
244 136
43 833
264 118
86 34
696 36
591 550
618 758
428 287
783 139
331 173
77 847
85 592
780 828
180 76
328 716
968 176
740 734
703 979
761 366
389 473
457 625
592 294
323 737
931 742
633 370
454 879
980 228
977 860
912 161
60 8
706 137
598 380
122 561
692 893
759 247
335 563
881 68
11 841
920 853
49 829
6 739
410 59
875 15
650 274
791 631
381 453
403 930
99 581
534 974
336 102
12 894
550 418
48 286
810 396
586 247
102 269
283 661
582 346
182 482
485 873
872 941
768 313
278 830
717 93
956 19
129 286
601 1
962 479
974 908
9 71
91 737
906 992
793 268
86 448
450 144
316 354
329 248
622 425
314 475
77 361
328 289
14 907
89 544
259 368
678 470
512 93
906 666
88 769
145 792
426 323
636 910
385 321
851 348
178 236
692 23
478 875
74 338
881 969
247 720
981 304
71 136
722 141
962 992
618 740
574 738
667 519
764 180
59 676
732 431
319 432
206 835
51 313
654 502
131 31
480 446
368 634
931 275
494 694
952 732
346 572
767 14
91 93
948 356
383 184
66 199
159 702
616 29
926 98
826 371
613 263
828 738
523 801
386 812
915 986
611 288
338 28
59 3
454 379
643 52
118 529
117 885
644 579
611 477
741 635
731 36
195 581
305 755
74 674
473 113
392 492
797 641
234 23
987 101
925 796
226 289
221 847
632 72
141 714
710 494
766 539
575 460
990 961
685 938
499 128
400 896
689 647
614 448
389 888
928 192
382 165
476 957
815 52
754 478
354 22
425 911
599 631
612 772
79 377
322 853
755 893
720 3
512 889
740 418
505 69
883 455
792 763
657 628
837 824
824 174
773 524
884 985
564 343
979 499
404 583
203 667
673 684
39 76
717 705
641 318
822 263
803 886
663 151
810 156
428 356
472 457
762 492
885 475
815 540
185 151
26 320
984 772
877 686
743 944
821 861
737 302
414 235
833 84
302 630
167 58
650 536
578 716
44 508
777 532
544 339
431 159
236 40
122 827
414 689
314 363
889 686
366 883
575 851
960 613
460 637
628 998
449 945
721 925
5 356
425 561
8 305
815 361
482 891
951 854
42 306
304 970
857 966
819 592
623 975
886 54
334 719
297 93
471 845
670 592
784 563
231 314
396 490
317 401
565 377
637 663
921 639
572 204
142 818
886 376
355 869
88 50
837 496
979 949
436 206
89 343
43 612
133 223
416 323
558 94
800 782
782 162
372 639
658 407
852 202
917 7
655 731
897 282
867 856
548 862
936 476
857 119
160 676
914 890
530 101
372 81
885 179
419 912
421 499
911 928
506 204
666 408
216 281
995 160
978 124
429 580
185 818
462 97
279 653
588 951
893 403
310 925
603 590
107 723
303 959
874 116
419 385
95 825
502 898
627 427
955 571
394 223
379 127
658 404
626 256
494 389
916 729
97 479
265 438
961 905
843 148
114 317
918 31
931 407
534 109
197 422
343 613
759 675
196 974
408 680
13 751
536 589
636 405
966 557
95 223
759 983
866 108
134 124
482 66
321 916
21 571
48 96
398 60
786 470
984 831
600 925
551 96
480 266
889 957
130 161
494 309
930 920
236 324
396 292
764 156
125 296
90 972
437 169
826 934
722 813
423 166
646 114
291 258
726 804
299 369
514 538
314 746
347 326
844 552
110 883
154 967
7 458
807 398
435 648
783 457
464 860
341 925
556 210
978 523
230 850
424 798
778 857
295 706
689 970
950 363
819 528
529 328
544 698
342 681
346 366
275 845
208 256
499 977
546 846
683 381
506 720
589 151
353 305
943 181
128 599
199 146
186 493
114 888
290 368
619 803
118 178
200 471
143 521
464 898
504 657
496 90
519 961
718 491
913 434
338 563
143 766
598 345
13 906
422 109
363 883
892 393
883 257
765 670
225 755
443 984
257 406
361 502
337 926
516 789
58 128
611 736
49 768
481 44
621 316
387 511
385 267
412 722
643 159
446 515
615 666
376 436
698 718
677 711
634 249
382 137
830 811
408 639
566 949
339 52
1000 255
689 736
547 971
933 328
67 754
723 474
918 100
581 703
79 143
556 990
555 321
157 204
36 822
917 665
372 90
997 446
805 149
170 829
977 218
367 910
807 940
993 216
543 107
833 673
205 143
774 931
692 329
676 46
670 321
320 664
151 260
470 105
136 526
169 480
44 950
801 316
905 530
342 828
313 406
373 86
791 410
176 464
679 762
362 42
544 786
72 141
594 592
994 344
348 312
283 208
738 749
384 92
288 434
415 818
584 842
614 807
552 699
47 935
643 382
785 597
580 995
438 936
514 635
426 342
234 293
404 388
23 22
502 924
862 794
538 106
372 393
929 764
990 873
112 903
117 290
273 636
950 797
190 829
515 989
914 377
98 813
316 77
520 888
319 728
249 731
925 376
870 14
363 139
992 12
53 174
425 563
2 854
610 409
819 288
182 329
301 19
560 957
310 660
495 538
950 24
34 920
861 531
698 295
501 576
833 564
415 734
299 353
293 183
571 933
329 19
670 513
303 30
397 130
770 17
457 641
347 578
181 792
133 936
378 846
718 663
720 331
607 400
135 946
462 901
885 882
32 517
602 727
165 841
960 219
20 688
893 723
148 461
841 414
128 218
401 485
656 604
377 101
530 107
481 76
863 435
557 82
615 124
257 622
900 79
397 762
604 746
623 324
965 300
379 724
111 880
558 301
931 65
739 62
32 925
50 306
384 348
300 895
586 533
936 567
618 64
286 232
72 988
297 16
3 77
190 838
465 270
802 51
705 57
25 35
24 654
92 223
89 431
288 319
950 574
202 405
549 178
709 686
502 853
157 312
301 803
389 962
74 800
109 586
200 806
77 35
991 323
577 728
822 402
724 903
730 855
608 48
289 487
698 435
28 665
843 550
150 580
497 684
272 994
64 66
54 440
23 959
620 376
269 243
542 193
809 632
604 449
767 935
345 346
360 706
457 577
732 999
225 356
767 158
262 494
651 197
104 22
703 727
5 739
189 213
217 2
663 172
494 294
594 769
61 286
929 467
202 535
687 345
421 860
240 510
990 441
719 551
633 379
718 701
647 573
800 46
592 414
506 188
736 667
557 905
689 41
255 680
350 689
157 274
128 607
388 172
754 263
178 437
214 225
546 689
4 537
482 346
648 279
868 982
224 816
454 122
27 224
614 801
323 763
488 515
307 290
972 157
988 173
653 346
779 856
286 564
98 96
208 108
132 82
201 468
568 464
647 539
543 300
710 237
217 615
945 276
252 54
86 816
784 813
81 231
912 259
217 31
74 505
224 468
819 89
292 190
131 734
802 269
945 790
373 237
694 671
854 850
356 350
505 960
196 917
846 957
860 228
120 948
991 802
381 158
657 337
507 336
811 452
783 474
190 989
292 713
826 229
414 797
998 95
744 334
193 979
426 700
736 441
512 551
969 627
382 549
237 520
597 908
683 235
487 886
644 387
39 663
831 43
469 939
533 310
383 511
220 970
653 125
23 373
846 732
933 524
182 698
154 81
159 886
901 194
129 598
584 174
350 180
540 128
905 957
118 324
106 908
123 821
956 712
913 877
162 511
849 40
817 938
6 33
270 891
247 777
384 777
815 956
103 830
193 33
558 816
300 218
224 553
787 344
455 615
78 407
135 168
423 476
559 969
136 881
727 693
16 501
893 235
802 268
897 159
499 324
585 301
344 33
743 768
793 66
303 618
584 347
700 708
177 454
419 948
951 197
366 523
379 429
853 30
616 720
165 511
27 720
76 798
203 15
694 523
840 173
219 603
788 898
721 372
769 125
633 920
494 157
80 860
473 134
205 181
820 730
295 779
548 758
392 470
531 501
102 50
868 882
293 160
993 418
634 195
115 749
869 32
854 844
20 988
764 59
508 509
453 843
179 309
300 535
433 977
992 58
495 276
500 995
626 703
744 407
75 323
360 724
592 80
15 467
319 274
609 937
325 218
358 118
575 19
985 53
686 536
944 667
335 400
710 330
903 572
455 926
742 77
823 885
438 455
286 986
766 796
210 684
853 322
11 811
1000 712
215 363
960 861
651 389
126 579
820 530
957 619
981 276
216 776
320 963
201 757
847 770
819 143
837 630
269 74
178 215
830 21
770 340
632 516
76 478
454 983
420 957
818 790
863 930
913 361
452 773
542 782
222 489
678 235
953 447
16 930
570 480
161 61
481 243
439 619
322 412
518 410
450 10
868 303
106 680
825 457
628 69
521 782
813 361
460 458
684 273
431 128
944 46
465 545
452 705
534 871
259 218
556 502
281 174
934 475
49 849
334 809
311 6
234 677
986 18
127 334
232 168
735 766
392 875
160 570
684 131
512 19
962 821
321 647
552 392
492 602
146 722
28 440
484 708
303 305
294 157
117 266
605 250
725 14
59 45
746 205
439 427
186 595
637 856
339 223
287 511
107 842
13 522
392 746
900 709
788 291
625 965
767 962
406 887
138 822
975 404
580 353
545 975
176 767
489 157
867 959
997 79
54 206
853 73
355 437
561 337
71 396
327 635
565 153
104 318
744 523
517 960
209 377
902 218
932 273
147 811
849 622
528 566
187 794
741 50
126 599
107 130
321 610
386 726
588 720
120 830
31 658
216 757
258 511
156 916
650 916
751 848
207 567
920 487
317 957
207 192
128 184
925 406
690 862
483 590
848 687
376 976
599 68
746 13
709 636
434 775
350 253
902 308
667 467
963 6
99 215
288 999
338 490
681 343
870 13
213 618
338 808
246 520
958 449
995 36
738 95
312 178
135 120
429 108
190 678
29 254
127 730
317 685
785 251
109 386
511 440
396 493
475 826
831 436
206 230
692 594
961 162
722 789
568 338
985 288
689 850
326 571
434 700
600 203
405 867
533 914
267 281
753 69
103 829
900 731
926 593
337 888
549 128
322 159
302 560
577 3
768 962
452 358
494 29
998 884
651 240
649 216
208 61
187 597
819 536
777 457
728 487
266 919
912 684
78 414
162 616
669 464
667 170
941 918
109 439
523 168
392 101
544 548
985 407
930 949
310 280
34 733
3 15
681 542
226 653
447 71
293 418
93 562
183 699
615 947
2 265
93 6
130 824
850 831
256 580
295 109
550 744
648 128
412 69
974 767
900 266
245 625
271 622
554 740
722 253
870 978
480 48
171 300
265 865
112 563
448 23
114 399
726 515
215 537
93 13
146 191
359 451
274 520
612 186
12 809
611 245
40 158
978 753
584 678
259 100
260 119
747 95
154 649
133 207
184 27
504 246
45 913
323 599
614 469
891 29
745 385
182 840
314 985
445 191
869 797
931 387
970 595
686 487
206 691
593 28
817 976
391 339
518 556
616 827
958 550
329 856
922 154
372 460
536 26
21 374
968 302
624 331
657 457
267 83
703 653
37 947
467 965
378 560
47 976
223 663
478 613
548 558
189 224
524 368
101 558
973 970
837 984
113 814
588 291
348 25
339 153
668 166
147 878
36 711
831 867
169 670
313 803
73 492
619 852
410 739
834 543
938 715
572 188
538 730
217 295
97 64
173 903
45 442
238 3
975 876
656 19
908 141
427 83
247 276
174 715
753 595
793 146
802 922
855 747
29 965
852 830
905 242
545 913
947 716
13 158
207 613
656 42
392 797
125 425
735 424
919 549
892 214
452 292
928 718
867 563
667 791
228 584
351 981
526 594
765 863
245 139
502 909
227 184
658 269
2 965
489 126
391 532
738 364
171 169
917 251
958 770
441 920
961 290
451 214
704 798
756 27
342 481
781 547
946 614
984 989
820 452
294 94
521 535
828 231
263 335
185 425
590 352
913 342
38 828
338 260
444 945
75 437
819 17
83 679
903 981
31 405
112 943
283 130
312 140
762 677
436 276
742 445
899 146
401 44
779 324
383 313
687 60
387 62
923 910
684 835
435 662
28 760
489 645
123 364
922 751
402 368
256 672
125 26
838 223
613 724
397 225
721 79
163 850
926 256
505 931
815 134
481 402
709 664
86 777
992 90
872 886
548 714
767 521
823 481
404 699
56 140
793 904
380 731
954 468
299 151
602 760
700 385
102 461
437 83
908 191
129 707
912 991
687 211
451 994
267 533
361 113
978 242
783 990
840 251
523 31
954 444
72 172
431 861
655 732
507 411
397 486
124 792
428 392
201 383
472 738
746 27
157 327
565 184
833 472
221 257
642 305
150 67
323 134
420 351
403 352
918 96
203 198
742 501
852 594
113 352
814 233
707 788
909 630
491 969
971 248
332 636
246 552
279 46
22 836
408 81
48 647
710 87
918 800
880 759
3 921
233 220
214 541
687 263
614 380
862 544
912 718
142 534
143 918
750 460
866 292
798 635
776 100
825 743
552 499
551 531
523 623
83 70
553 961
463 352
92 336
256 300
983 458
840 495
415 251
955 29
143 260
576 874
472 946
290 762
243 784
586 836
838 888
321 440
993 516
283 518
866 634
488 37
243 594
577 196
395 50
503 974
690 1000
458 670
43 618
589 402
407 75
40 171
746 162
130 2
504 466
164 774
857 237
470 489
708 181
938 248
242 944
166 75
207 324
558 240
984 745
393 626
807 459
809 978
151 704
806 841
282 168
33 622
325 172
759 2
571 415
559 119
800 176
248 716
664 245
967 81
189 914
529 143
867 936
204 670
931 96
153 114
394 677
666 206
926 298
832 913
837 851
326 46
479 304
414 285
244 959
904 486
657 713
791 69
481 431
659 432
523 613
958 257
796 604
870 824
873 801
405 162
726 348
10 129
301 966
441 426
348 670
245 596
400 459
297 844
285 903
498 751
853 574
434 900
681 298
245 66
55 234
949 713
556 760
171 66
274 851
471 991
771 158
730 865
556 896
22 521
158 899
284 372
376 112
805 519
681 822
472 865
223 541
534 196
51 479
971 780
881 577
313 191
39 433
363 409
141 686
66 582
450 105
417 331
53 125
812 720
235 203
183 784
517 346
958 207
393 820
769 234
62 982
241 634
188 884
521 506
565 351
112 15
347 327
517 384
316 601
749 265
394 416
962 124
446 661
226 938
284 497
512 129
11 271
45 375
906 261
682 873
876 153
43 861
745 688
83 872
612 377
488 158
151 240
363 393
720 402
12 67
507 858
225 425
442 180
67 605
135 230
496 601
718 896
31 630
450 381
398 133
938 793
178 791
925 107
826 153
958 934
45 982
545 369
332 660
813 361
166 29
811 314
842 285
197 288
253 598
181 273
886 662
517 299
447 896
722 672
419 364
902 562
654 456
183 289
925 557
655 95
55 996
839 640
959 343
153 576
236 739
3 394
381 813
222 594
737 88
216 228
848 18
655 25
428 1000
801 163
214 793
114 509
652 481
495 608
946 444
994 68
596 96
329 334
141 989
844 786
257 220
419 104
804 257
595 462
643 759
957 203
134 429
349 858
749 85
560 768
381 643
299 184
69 387
535 989
440 892
248 764
729 78
226 402
22 153
44 715
878 408
321 719
565 880
345 350
576 793
361 405
303 6
328 319
471 606
470 797
570 828
279 110
469 421
976 280
44 306
748 664
349 868
310 850
281 932
803 375
541 984
334 962
904 976
87 707
476 42
370 357
666 779
310 942
662 484
548 499
823 282
429 155
901 668
269 936
486 880
90 607
13 534
133 725
147 568
727 670
591 722
620 647
229 526
432 650
233 199
991 843
335 133
766 786
183 464
53 241
400 32
894 438
122 90
525 431
888 546
513 928
498 555
488 734
344 7
485 291
105 440
495 164
980 149
393 380
732 197
157 600
449 71
58 834
603 561
946 267
586 221
458 223
132 622
3 633
445 16
838 841
129 173
46 355
902 391
71 677
297 421
331 9
362 869
602 992
297 923
225 287
630 798
472 660
578 844
998 773
441 755
309 354
831 993
770 596
568 950
537 194
644 604
217 315
479 578
704 808
857 431
79 27
822 686
269 98
610 200
394 34
611 819
383 671
384 823
457 381
422 690
361 152
288 612
85 106
283 530
276 230
213 508
156 402
833 168
240 715
281 778
946 621
322 669
845 959
211 984
471 105
52 203
39 90
717 395
53 979
213 392
580 118
688 423
444 188
156 281
411 786
192 256
532 390
930 779
403 117
298 355
165 623
474 468
365 933
776 43
19 115
874 356
285 461
193 211
998 297
926 299
79 338
185 607
694 894
664 198
796 858
106 159
575 730
950 549
444 430
576 1000
45 964
795 603
856 369
975 515
80 613
176 854
295 168
887 413
581 535
580 351
161 548
393 60
554 869
550 645
478 140
785 320
1 559
461 996
709 725
763 836
787 879
427 775
775 502
319 996
919 36
515 739
513 931
362 452
63 710
593 418
721 292
535 596
747 891
434 687
935 893
453 333
48 233
152 255
445 963
407 460
794 54
16 164
372 867
377 452
758 450
622 575
687 839
24 850
156 670
927 692
505 50
942 944
933 249
98 646
913 117
468 503
588 651
756 285
782 323
330 587
181 187
921 508
161 136
40 748
55 464
482 901
256 941
100 374
184 835
210 126
340 300
155 83
41 862
277 923
889 308
977 21
289 351
262 457
628 918
170 78
277 469
500 783
473 349
651 302
850 901
747 397
527 562
683 996
554 230
407 350
984 571
18 732
913 372
159 187
624 679
777 577
816 368
517 405
81 432
72 285
560 235
34 842
757 944
92 409
344 249
379 258
98 687
983 431
484 963
463 215
552 314
61 363
977 696
604 265
90 438
316 875
47 141
927 660
990 565
80 414
417 350
90 415
770 947
663 565
171 246
563 319
790 846
59 9
897 552
954 787
412 191
874 560
452 289
493 461
729 674
806 620
816 601
537 809
299 858
328 940
584 106
915 870
458 880
262 475
252 182
31 449
291 888
679 377
336 100
829 132
476 937
367 488
233 333
427 90
431 813
564 728
430 142
673 208
290 398
920 812
502 767
870 620
198 598
819 796
82 506
508 580
791 567
150 803
525 249
818 493
209 231
799 293
261 184
537 787
527 498
647 509
705 396
80 908
815 147
966 347
542 1
5 746
107 623
296 261
317 606
347 499
762 146
923 709
607 252
661 504
833 134
82 295
499 260
59 598
895 103
969 78
156 404
501 650
58 876
719 588
882 150
22 594
558 998
284 601
514 276
276 995
665 215
926 956
722 892
628 498
872 504
222 915
334 625
360 434
740 796
149 461
429 648
450 7
914 145
461 582
914 796
898 374
551 126
798 172
359 800
2 276
238 650
645 433
542 129
573 339
360 306
751 343
684 241
741 91
266 52
359 652
194 855
210 886
264 31
758 403
883 677
354 93
590 985
966 446
401 574
926 537
40 54
339 6
307 783
72 744
758 118
793 414
802 664
281 683
284 949
512 658
196 361
918 481
191 679
201 459
84 11
878 845
938 889
303 658
897 951
695 105
362 566
306 31
241 184
470 475
7 74
495 784
592 421
721 551
429 750
17 704
657 162
273 566
11 83
5 749
270 43
81 859
122 735
824 894
845 972
674 955
166 469
308 729
865 20
87 233
970 714
797 729
151 753
807 774
132 518
936 48
278 691
58 627
353 203
897 944
337 372
127 197
58 881
807 536
676 848
134 646
95 475
741 520
397 24
939 185
206 856
526 843
821 781
90 918
796 869
347 218
230 993
716 88
923 497
653 228
424 981
360 905
896 605
297 812
244 315
96 458
249 757
191 937
626 341
174 17
139 928
168 222
234 490
737 588
944 977
80 144
500 64
723 776
340 10
830 147
65 394
447 484
720 158
641 310
112 537
281 264
988 839
73 350
232 978
169 647
527 665
205 877
262 114
122 489
216 888
36 105
950 49
493 919
68 529
973 559
844 699
674 507
151 652
139 786
659 468
755 675
220 690
33 502
142 608
852 412
927 861
588 886
631 73
359 37
554 558
18 572
193 360
345 605
474 224
777 293
225 270
936 856
998 374
79 313
928 65
661 511
408 396
102 743
312 941
839 825
774 829
30 62
476 821
428 131
660 213
397 1
812 506
557 868
597 802
639 658
702 172
872 276
616 33
718 95
355 635
800 837
638 933
791 38
879 3
698 745
178 256
682 868
987 792
269 791
911 574
111 959
983 49
194 149
703 685
309 140
976 384
631 808
11 574
118 769
222 974
427 738
594 883
607 586
636 422
757 609
77 746
428 797
805 813
403 781
492 574
598 811
99 790
458 635
524 795
437 310
626 319
668 368
780 721
647 240
142 619
947 667
581 123
779 121
116 338
802 661
455 537
417 601
695 454
759 326
936 584
981 153
921 25
593 724
839 403
466 944
106 307
944 123
627 738
500 226
200 737
500 914
300 622
916 800
943 963
424 588
932 58
104 306
787 233
726 108
285 27
493 498
458 139
588 737
13 218
996 219
149 965
755 538
680 946
259 347
112 940
612 131
784 494
809 626
906 521
323 996
831 915
478 643
961 519
688 673
36 578
755 712
880 836
937 810
393 231
386 689
372 465
355 211
464 349
719 506
57 969
982 807
682 393
558 947
946 511
442 961
276 544
607 731
949 736
71 316
12 478
930 201
403 353
209 369
691 792
180 278
616 92
630 147
673 775
280 116
218 35
778 150
498 664
501 405
173 820
786 445
31 645
49 542
582 340
983 674
636 982
386 782
576 523
129 385
480 341
42 642
115 34
308 994
41 310
85 359
348 163
428 6
483 873
277 403
752 882
550 223
898 800
196 70
585 279
355 977
226 830
822 888
229 401
791 938
454 413
226 270
503 441
519 357
254 666
499 29
518 566
919 74
479 101
749 605
34 12
473 156
624 745
307 705
59 792
375 796
813 106
376 698
666 303
727 789
283 407
84 625
932 500
480 68
137 537
775 134
495 476
113 934
314 269
666 800
931 606
714 404
162 42
774 466
986 860
342 421
258 994
420 651
366 31
726 573
953 282
842 168
705 254
249 281
476 789
527 881
652 355
128 453
91 537
952 553
169 122
215 95
352 345
629 354
740 865
878 849
912 299
530 111
658 962
988 936
59 553
591 658
606 256
100 346
777 284
886 946
715 960
502 882
818 777
977 605
141 68
859 627
435 313
126 920
62 52
902 31
209 21
370 456
727 46
373 806
874 968
92 453
820 163
148 369
447 384
958 730
142 437
728 686
418 80
860 708
437 259
4 189
604 267
223 896
996 561
780 233
376 314
274 332
947 637
831 848
38 502
458 699
268 961
577 92
790 759
703 456
481 700
122 221
725 485
37 347
632 75
465 533
411 252
996 339
457 946
258 49
846 347
631 350
116 345
745 251
752 453
496 405
620 959
194 978
924 282
669 544
25 605
826 525
418 40
69 350
70 203
447 577
485 323
138 717
967 780
759 626
613 365
938 785
416 643
80 698
499 792
734 16
553 665
417 763
699 3
984 878
596 682
833 174
801 526
975 640
304 944
237 215
619 741
933 240
370 491
305 788
350 598
8 186
427 819
484 375
178 763
222 504
148 823
43 631
88 194
986 476
146 568
832 68
47 653
658 368
36 576
155 939
223 417
476 645
257 294
108 613
43 112
392 199
324 733
810 193
138 287
590 219
408 465
442 847
143 437
767 219
491 413
688 756
771 521
7 377
212 55
334 89
993 516
786 636
319 227
2 799
30 457
337 854
528 867
913 298
743 681
867 831
310 155
554 792
495 94
822 802
632 840
801 948
493 123
372 636
594 214
667 333
933 799
886 859
471 852
507 460
568 92
215 991
530 461
501 938
923 872
289 677
663 508
467 206
155 453
291 562
140 223
472 855
324 549
319 106
741 370
198 486
112 813
287 430
790 843
593 224
351 356
328 25
799 64
229 803
700 938
848 635
71 560
174 890
604 684
811 985
38 393
12 104
781 775
538 995
648 823
458 740
430 21
905 584
991 855
219 555
3 330
204 568
758 569
905 154
107 445
930 515
301 542
422 374
367 926
243 249
337 689
924 613
485 409
971 323
4 876
271 136
540 958
705 691
762 380
563 380
799 300
844 565
208 297
945 119
901 978
568 614
962 776
841 220
405 824
987 346
626 534
543 105
654 635
125 388
676 437
398 764
762 581
790 631
386 433
486 952
113 83
448 916
351 862
737 425
6 757
756 829
537 581
171 382
283 325
224 683
76 54
798 486
897 767
976 870
424 224
890 70
303 186
185 296
262 15
630 751
601 72
574 769
161 269
441 75
221 135
117 596
156 905
845 719
821 949
229 423
49 599
659 971
224 169
82 940
604 564
387 87
146 452
321 234
535 163
35 973
468 457
18 103
964 927
196 465
449 49
472 66
762 252
143 702
91 961
893 973
337 512
180 79
896 919
456 394
317 445
390 315
111 899
17 799
224 813
903 547
890 739
592 970
406 24
733 726
669 305
443 250
815 402
864 927
487 277
646 236
692 720
441 238
991 223
81 713
134 335
70 360
59 334
160 700
747 177
676 826
234 877
748 659
938 381
545 905
886 449
701 808
563 404
336 908
166 735
55 804
991 62
302 328
835 140
790 496
614 768
681 331
974 542
492 172
593 257
317 104
502 846
950 350
597 107
387 89
205 358
549 993
20 905
99 951
996 574
145 681
491 30
955 885
754 185
499 158
227 339
946 215
29 278
794 850
28 329
504 427
224 319
671 160
930 565
391 250
307 85
770 180
886 364
247 421
576 539
991 732
162 997
765 373
526 416
408 798
469 319
672 406
17 285
564 151
968 296
954 637
669 997
845 470
414 146
413 672
730 590
985 699
669 781
373 270
656 988
620 705
735 954
46 515
386 662
185 508
538 287
839 567
989 268
687 540
294 372
490 49
226 145
555 974
634 400
991 679
909 947
935 934
955 890
436 506
661 646
548 561
746 93
540 927
895 158
663 640
892 185
834 311
444 978
965 620
384 315
907 829
53 384
767 393
767 351
859 109
343 145
993 35
835 526
688 621
15 292
414 542
763 25
51 947
70 238
866 998
476 733
96 607
58 119
793 263
155 71
107 434
658 72
184 332
814 132
761 877
33 374
50 859
416 675
71 324
62 381
211 466
281 432
300 773
679 391
350 224
87 606
272 373
376 293
541 31
221 752
196 923
965 306
790 777
925 867
588 108
482 27
443 729
834 717
709 791
689 247
442 972
541 169
26 6
928 707
102 88
58 109
770 48
727 541
170 351
674 423
422 668
325 128
491 396
883 766
59 245
665 663
235 382
126 787
749 757
382 603
661 931
621 563
453 38
21 344
750 185
553 174
739 553
844 705
873 742
199 460
665 609
955 69
511 817
704 955
417 947
948 220
341 306
714 409
318 324
305 836
381 145
889 555
927 89
144 305
543 518
183 220
919 668
43 693
368 991
21 11
932 60
271 403
193 385
145 970
869 408
928 706
386 520
478 548
514 659
176 288
913 936
825 740
734 979
344 29
714 528
88 16
131 758
651 540
653 490
902 557
107 556
885 414
930 908
462 34
597 169
458 28
238 672
340 234
954 430
311 118
343 697
70 674
449 110
269 764
569 611
381 732
975 86
587 63
973 892
43 667
176 111
129 797
221 629
424 525
891 331
984 242
62 611
601 296
443 555
800 929
944 845
753 617
767 987
734 287
452 966
449 364
605 356
165 858
889 315
226 61
227 743
69 379
79 843
215 16
364 715
896 39
870 595
917 939
158 966
421 274
608 303
979 388
253 851
821 537
173 353
833 808
505 39
206 912
137 25
711 194
45 551
546 860
304 503
352 163
450 854
69 931
709 905
297 177
89 330
645 227
348 935
664 863
245 962
259 518
811 416
633 825
667 35
43 992
698 266
24 739
227 826
181 846
755 273
962 730
483 565
679 650
175 766
73 190
170 424
77 889
191 989
330 396
646 602
338 182
334 242
422 201
652 74
826 412
938 400
191 239
704 397
811 485
959 278
791 84
429 668
509 475
758 173
492 685
988 588
254 163
312 65
140 993
395 677
899 707
588 135
835 348
580 256
583 27
82 606
28 810
31 257
152 353
555 328
37 784
21 373
881 861
79 603
162 577
699 734
876 953
557 584
879 989
646 320
111 367
625 359
294 764
149 113
8 939
125 306
265 536
302 567
216 872
157 926
269 514
135 82
875 837
990 463
355 301
79 195
135 77
556 313
648 735
239 540
702 47
861 619
495 26
56 729
185 576
349 68
586 998
480 895
769 930
60 32
550 960
227 490
488 85
692 399
894 257
71 465
145 332
670 146
649 25
850 186
709 740
24 774
747 744
901 699
701 625
336 678
813 884
511 72
869 658
523 111
961 718
644 420
562 227
779 186
647 942
991 119
731 244
262 915
572 611
21 940
362 298
235 823
945 181
105 767
838 34
197 150
804 390
1000 661
443 231
268 775
13 331
93 307
149 804
577 645
639 769
901 817
484 859
533 996
970 676
213 971
753 282
774 668
742 419
876 462
689 262
447 401
924 526
873 960
595 672
818 864
951 968
25 444
931 664
745 121
244 524
430 291
257 228
898 635
289 826
938 453
513 346
721 213
47 635
622 690
654 368
125 36
512 194
302 789
766 354
629 596
247 436
437 300
869 468
667 915
817 459
19 827
409 426
767 503
372 428
493 984
319 804
379 666
692 809
724 774
218 156
846 195
427 352
656 697
807 888
107 895
409 726
904 119
258 210
32 785
206 816
667 879
220 232
679 208
770 505
820 61
126 486
506 601
238 489
790 437
986 324
642 956
978 354
308 159
593 932
610 608
505 498
458 165
837 453
168 490
398 202
966 555
345 604
444 462
938 53
709 389
141 638
469 4
177 416
481 493
352 506
680 274
122 694
403 471
217 479
597 714
711 378
374 468
48 658
685 626
753 583
279 289
498 82
179 442
335 925
753 96
615 288
700 455
523 199
877 457
981 621
928 318
333 328
757 777
596 162
327 261
339 729
804 337
314 850
861 801
336 15
166 544
949 359
543 750
833 395
22 250
960 825
377 116
184 584
698 802
746 493
501 296
302 932
505 957
855 556
29 67
181 252
232 560
154 305
883 499
426 209
265 599
674 617
351 308
943 376
488 183
253 244
882 262
951 495
653 370
457 975
995 687
185 1000
376 792
571 880
599 319
333 794
68 680
59 809
694 397
277 908
690 694
504 64
173 982
911 530
966 349
193 788
475 518
78 103
241 779
354 11
674 597
34 452
779 653
804 106
119 315
100 876
207 219
728 575
514 79
689 806
236 862
89 724
540 300
297 878
38 369
584 663
232 892
846 568
105 886
409 901
736 271
815 340
256 582
923 836
993 64
2 243
665 584
245 812
329 332
253 384
853 209
461 571
591 835
507 646
991 695
688 463
995 355
756 690
111 484
440 505
97 195
580 688
300 617
606 444
536 601
64 54
4 340
983 182
544 415
258 764
987 163
48 538
239 344
428 620
251 139
959 23
701 574
84 694
816 453
701 533
861 518
750 340
497 427
518 40
990 371
332 551
999 876
1 422
974 310
530 217
288 694
17 233
958 497
348 696
213 12
826 141
136 102
462 263
688 446
658 244
80 769
944 443
372 786
133 662
632 775
507 236
918 453
822 88
726 394
728 279
457 454
394 517
607 114
992 196
719 826
346 832
481 663
34 210
781 113
343 215
527 528
639 204
948 510
209 371
835 456
950 496
32 479
169 648
286 302
301 776
118 599
838 675
594 897
961 138
379 219
501 412
964 761
185 929
516 577
345 457
294 633
740 97
584 716
417 617
699 940
175 130
197 442
803 844
231 640
990 636
228 417
940 657
205 776
695 662
784 291
471 94
350 460
397 568
713 423
305 169
116 16
714 789
443 501
892 848
444 316
447 883
631 739
18 875
184 930
290 889
703 99
664 755
505 480
137 867
239 284
771 688
80 893
279 124
294 754
572 441
478 54
81 637
663 753
163 367
411 545
618 14
272 57
533 122
814 110
192 213
998 984
237 81
932 567
159 168
77 639
725 199
272 210
467 320
981 260
821 656
213 87
7 132
931 37
933 885
921 380
276 745
49 136
240 709
465 871
206 74
17 324
753 257
783 822
754 321
759 833
83 286
521 776
459 116
815 953
959 819
215 166
370 1000
142 408
297 360
404 395
750 354
943 501
346 121
49 651
996 83
868 384
21 764
656 429
913 354
476 970
399 228
863 137
625 307
14 158
41 330
741 152
728 191
951 585
878 304
96 586
964 911
110 508
50 127
440 814
269 675
224 892
181 534
912 417
910 15
861 667
687 358
140 27
923 309
847 330
188 548
140 461
233 311
985 154
546 912
814 131
814 475
471 726
940 58
468 152
272 17
436 503
151 268
81 256
275 776
664 155
12 381
440 226
406 102
972 430
890 422
974 815
246 488
231 298
726 639
352 203
196 528
495 154
882 235
658 290
542 346
558 499
342 966
952 939
408 93
490 722
172 402
946 159
868 448
308 930
788 404
651 241
322 178
753 286
608 200
31 948
991 233
700 151
165 144
588 558
468 280
681 943
100 926
60 859
342 478
599 174
602 913
896 515
900 314
588 181
340 620
925 324
977 151
589 632
192 270
222 685
607 557
963 668
766 267
575 543
828 494
916 758
2 642
221 292
322 741
99 794
485 222
404 19
757 381
220 801
185 191
820 207
426 269
729 773
407 448
233 944
635 98
632 123
325 435
617 199
467 218
488 291
653 704
798 6
45 894
310 320
814 367
461 215
1 984
422 570
276 644
296 215
452 797
725 195
221 127
339 877
378 362
192 827
723 642
318 955
59 446
76 19
738 295
130 571
854 353
748 267
719 762
147 525
75 76
773 151
956 878
634 585
378 361
847 577
217 967
944 625
517 351
480 64
527 699
996 296
421 828
836 776
869 901
962 751
475 408
714 782
789 419
428 69
499 296
469 976
207 785
574 503
411 195
691 366
63 437
470 939
587 460
17 451
471 24
814 664
511 632
339 629
713 968
109 738
221 154
666 32
363 37
846 484
318 637
520 811
483 644
383 302
210 900
171 662
327 210
309 929
175 435
180 948
50 631
984 123
137 386
242 388
619 322
830 170
735 364
292 355
415 375
494 190
56 338
922 485
39 899
352 798
270 608
899 657
965 81
636 164
88 354
638 24
204 125
711 893
22 345
188 706
941 412
711 705
572 791
363 995
709 828
11 772
121 343
616 135
305 325
489 478
142 270
669 176
458 70
136 975
460 323
722 735
997 607
914 280
823 248
171 492
391 521
100 771
26 926
578 993
41 715
808 284
553 86
398 255
630 497
807 605
931 997
605 738
244 248
21 885
514 503
771 53
203 590
821 432
310 104
296 769
805 822
837 125
523 13
514 302
576 776
394 365
340 450
265 803
350 199
655 871
358 998
928 964
687 46
742 427
414 935
846 724
793 331
298 64
497 909
828 788
701 747
313 310
365 70
301 483
697 49
592 216
791 956
16 438
506 678
562 43
221 916
512 435
323 773
751 284
318 587
73 70
806 275
454 677
852 431
653 547
438 962
171 855
16 718
476 140
772 103
890 493
735 461
442 462
458 256
661 72
55 56
625 495
233 451
906 929
345 812
769 122
895 789
388 680
359 582
302 107
345 309
901 837
657 872
252 176
692 719
447 286
631 423
143 825
965 481
302 315
656 775
282 591
860 508
12 762
769 147
69 834
306 959
730 543
98 818
392 512
6 298
182 690
351 563
28 888
942 939
149 292
372 828
136 940
142 174
501 528
39 797
455 421
141 557
87 497
504 775
22 666
390 783
242 187
149 918
475 223
168 201
236 677
570 290
274 790
205 647
340 619
43 594
315 69
988 930
695 78
848 448
524 806
685 394
935 673
45 260
552 614
126 410
788 751
958 767
419 56
629 389
874 190
431 890
904 939
597 565
458 287
560 33
741 954
432 431
636 34
374 707
367 38
157 818
670 724
225 960
148 657
24 280
478 303
106 621
329 972
919 296
952 319
718 110
747 995
558 656
945 972
796 53
326 339
406 606
130 673
578 842
56 534
812 532
942 905
923 711
74 527
866 165
633 223
535 643
330 835
87 358
483 995
114 970
404 833
984 959
382 840
270 341
185 409
844 244
413 319
964 492
12 249
71 379
416 713
967 715
945 892
453 953
932 767
573 6
854 505
23 187
969 835
462 601
465 306
819 389
938 205
809 893
707 373
996 461
541 902
93 541
659 807
347 454
383 520
188 618
505 671
918 542
768 374
551 248
261 346
545 490
92 768
611 121
432 715
918 194
633 647
310 683
600 563
869 852
903 742
318 217
110 200
604 25
736 685
28 68
676 337
232 545
752 200
88 636
204 880
375 307
557 887
470 711
904 905
484 436
624 761
811 403
229 386
518 143
927 648
212 994
718 490
646 869
439 920
920 457
697 99
438 499
457 445
865 2
144 559
308 149
437 822
352 782
301 669
587 966
619 307
94 393
529 641
637 453
455 456
480 610
358 974
196 404
95 187
319 765
396 688
283 61
304 748
732 410
823 698
407 33
111 56
720 71
119 114
973 679
953 679
633 998
175 210
576 737
436 210
727 263
704 935
425 804
635 57
809 320
190 494
776 81
48 866
792 596
127 886
106 449
625 723
875 978
386 314
993 218
768 683
719 988
214 615
817 37
185 478
15 459
91 93
720 305
122 246
719 542
984 522
851 168
262 560
307 211
86 45
924 968
416 477
414 451
478 165
15 689
845 321
531 798
706 437
436 448
276 453
999 326
764 80
76 366
147 242
615 582
500 467
647 304
724 294
696 200
246 986
55 927
342 749
196 353
755 706
755 122
184 639
529 695
316 960
52 669
971 618
377 332
569 289
838 812
870 132
206 801
185 978
987 429
145 410
735 880
862 471
991 46
172 173
720 124
372 304
264 238
72 638
650 541
631 132
666 43
408 924
675 918
63 475
36 313
888 619
438 371
849 413
133 789
235 868
140 903
413 875
7 962
684 83
920 121
491 840
973 553
774 788
630 993
51 12
175 949
226 455
681 580
776 868
929 275
722 523
674 646
988 646
887 248
374 857
929 904
379 968
55 901
867 328
36 109
672 695
216 381
121 912
491 470
431 748
206 572
599 768
720 477
166 600
82 552
155 220
959 768
898 214
880 243
700 367
54 895
435 281
263 982
34 853
813 138
414 781
186 687
248 432
15 504
91 8
63 325
549 789
477 265
440 817
616 166
820 995
912 64
123 944
464 639
586 493
351 562
357 553
528 457
591 356
711 31
116 845
816 963
897 634
600 864
944 494
502 190
417 109
722 554
134 718
277 330
648 689
377 897
747 572
876 672
995 526
203 704
335 174
364 283
479 763
969 607
136 848
272 7
383 982
678 269
762 38
523 132
846 894
443 250
570 210
566 737
528 598
72 15
50 304
602 731
8 628
197 507
366 162
120 13
935 208
350 339
442 490
449 561
728 232
992 563
327 987
402 988
946 314
328 349
75 963
269 923
474 468
227 475
399 963
281 947
199 402
752 741
240 950
258 514
791 203
330 499
302 773
361 538
21 509
876 110
974 733
638 716
24 331
928 479
770 798
230 152
586 273
575 282
411 838
832 84
137 96
645 719
725 568
183 921
56 538
889 142
294 464
160 964
186 45
655 205
293 511
857 702
555 142
632 915
9 762
332 292
263 362
148 884
674 520
459 571
332 97
344 263
940 707
373 881
968 711
838 114
764 242
496 95
971 740
41 146
684 219
896 791
607 821
829 201
210 611
249 32
313 388
97 826
693 689
794 130
226 858
333 90
703 926
880 753
519 888
454 427
299 896
626 132
928 808
424 213
765 613
668 243
518 634
330 262
717 703
81 760
533 311
845 492
987 102
136 175
411 774
560 555
429 588
875 13
727 389
840 14
834 62
722 681
516 622
564 373
224 444
36 620
531 764
902 221
755 495
255 432
989 527
259 408
695 971
636 647
935 470
68 228
358 155
512 802
436 298
618 261
467 946
20 883
565 792
212 895
297 425
474 693
409 258
708 310
145 771
439 178
39 815
454 771
438 162
968 511
596 254
988 579
773 321
8 731
161 204
335 875
920 588
793 608
500 986
115 768
707 312
274 11
399 51
383 411
398 390
768 963
692 445
879 457
908 878
748 313
810 278
879 728
518 444
936 858
268 415
943 417
126 693
920 684
819 548
145 88
738 111
484 541
346 619
345 500
393 959
75 388
979 384
907 419
627 799
414 621
470 930
576 586
890 428
439 989
132 896
629 825
476 426
364 348
658 206
610 118
307 212
781 87
814 696
318 802
487 100
283 646
820 193
814 359
944 695
434 762
114 14
225 710
629 307
990 945
96 497
958 443
438 467
410 976
467 664
102 886
139 813
294 781
922 89
372 649
633 252
525 494
18 584
370 926
903 579
218 28
828 998
512 559
846 791
432 699
962 384
697 624
694 98
630 870
309 187
619 359
155 520
653 341
13 176
965 760
281 469
980 622
790 358
264 536
24 987
124 488
660 181
913 362
936 258
183 280
45 902
785 199
538 506
758 423
287 975
499 116
961 358
785 32
746 194
695 400
798 715
169 574
437 990
613 296
56 41
877 698
578 839
595 815
111 836
365 153
24 833
341 590
83 251
850 879
184 312
264 594
766 258
119 491
38 737
575 518
320 984
290 408
10 419
93 799
701 533
286 500
835 475
578 220
612 564
56 109
177 810
939 780
328 950
782 337
733 512
681 346
940 704
280 169
87 670
405 815
33 94
32 345
295 80
467 347
821 394
329 58
729 662
91 228
949 218
650 299
343 24
914 938
92 581
192 111
911 218
714 220
720 775
688 356
864 148
527 350
511 905
588 709
443 397
924 781
151 792
216 563
983 360
62 435
565 241
694 359
902 136
375 591
77 787
197 111
313 865
579 464
111 457
598 142
188 819
714 282
408 215
903 655
38 339
228 472
279 915
34 754
269 150
656 357
555 626
34 805
361 110
419 943
557 378
417 29
950 378
540 361
767 474
359 644
607 837
463 991
399 756
716 381
652 761
25 608
222 826
988 447
254 749
649 230
448 182
430 158
385 426
129 526
394 811
154 335
331 94
932 752
760 487
432 77
915 434
699 719
751 735
952 889
568 215
276 657
792 282
189 826
345 436
160 983
990 934
867 605
200 99
189 794
66 656
606 884
928 278
25 937
971 534
427 107
297 50
691 953
30 590
46 35
336 722
126 384
270 302
819 193
942 677
153 573
434 62
181 791
533 456
555 618
874 912
756 384
633 284
747 76
660 509
521 533
69 979
443 676
368 126
788 55
378 59
163 747
942 92
404 474
521 368
570 684
787 904
325 16
11 140
537 283
456 701
229 647
514 923
958 160
392 835
802 494
252 276
214 147
65 896
431 483
915 883
926 536
998 304
697 761
753 738
440 869
982 160
394 674
954 605
440 399
316 909
250 169
394 253
20 328
939 842
207 846
863 229
495 538
121 936
415 119
415 44
654 251
139 198
626 699
678 930
891 585
237 779
587 666
243 129
257 29
977 201
722 143
903 500
290 260
307 72
772 784
611 883
801 439
908 67
964 617
661 222
368 779
380 599
660 521
601 325
508 472
773 230
87 336
699 378
583 60
176 338
119 393
191 377
75 268
610 68
517 923
524 232
50 42
651 268
984 305
660 199
750 317
447 687
756 551
673 599
325 905
8 188
186 402
934 343
151 547
167 367
476 495
738 918
317 579
393 283
860 330
636 175
398 246
10 958
955 551
641 863
567 85
976 756
337 276
880 942
109 976
22 133
983 395
759 264
178 703
73 739
171 262
279 439
903 68
731 274
795 529
937 129
150 119
410 942
477 850
85 409
876 993
540 297
30 433
714 663
580 783
780 689
93 124
881 104
730 447
397 853
611 855
231 698
458 470
319 789
32 520
558 523
791 658
748 758
940 570
875 73
477 528
4 293
697 703
994 763
281 546
3 902
867 281
200 146
655 642
963 159
223 700
655 95
40 77
775 835
72 229
21 313
290 643
181 251
900 465
661 662
933 218
914 385
434 374
916 451
462 734
716 320
527 336
482 716
209 732
324 116
637 789
532 398
345 149
105 763
666 65
388 260
703 551
628 471
54 45
230 464
645 642
402 545
359 345
810 947
446 605
883 598
300 729
47 981
333 705
383 367
253 63
43 585
256 364
263 403
134 461
244 242
911 566
841 294
88 364
302 106
643 925
959 17
467 103
418 589
317 992
248 146
206 988
409 284
623 986
346 883
219 116
205 421
382 932
783 793
808 174
877 209
984 195
391 470
477 295
432 905
138 492
345 783
841 145
764 684
45 892
285 710
1 380
669 354
987 101
319 959
80 597
497 825
513 909
48 664
205 826
789 786
449 890
683 994
242 364
430 914
187 496
612 488
379 485
458 697
855 676
506 143
503 267
80 11
120 493
336 282
549 388
287 884
163 372
144 953
196 980
722 232
790 477
930 997
440 72
706 484
246 790
363 815
185 751
501 590
185 281
964 932
577 811
548 44
700 487
386 320
293 626
956 427
145 246
849 612
854 728
20 151
811 577
489 572
219 686
953 501
911 729
163 620
553 882
104 26
893 838
229 472
539 61
422 851
973 633
462 556
239 169
925 865
930 144
387 175
417 865
612 172
385 821
129 611
650 649
800 459
946 779
313 796
437 365
589 738
542 886
897 521
55 270
709 172
524 919
612 62
523 704
811 871
311 2
300 335
982 186
125 768
906 257
165 320
390 120
187 388
498 252
452 694
737 442
647 7
113 214
898 775
843 199
633 862
505 337
605 803
305 89
431 819
824 246
996 28
603 148
234 858
123 67
895 589
415 123
94 112
410 278
760 466
270 647
874 394
501 492
985 157
442 285
994 268
747 544
173 717
822 935
240 875
386 520
836 984
792 393
625 93
673 340
936 663
445 127
559 446
538 258
457 723
860 882
140 5
455 172
497 522
307 747
4 193
767 212
998 229
305 224
898 82
911 824
845 540
914 165
824 643
472 222
787 149
441 912
635 873
169 248
182 188
867 262
386 546
657 580
485 722
467 242
74 866
48 909
993 769
547 467
14 525
229 457
928 168
242 88
715 327
913 709
114 875
26 220
567 625
891 864
826 120
946 839
294 988
465 237
966 304
48 551
153 387
861 5
631 608
430 863
777 110
54 313
530 652
954 451
252 43
45 842
806 969
44 236
721 521
753 585
610 94
273 574
431 435
277 495
350 209
827 150
145 765
393 101
850 747
127 314
921 990
440 73
959 946
660 93
980 975
35 455
962 267
887 247
796 288
7 686
866 837
363 120
283 199
795 769
130 714
910 773
244 888
937 319
806 549
919 552
579 801
87 383
612 30
595 660
622 889
736 85
665 816
249 446
413 485
73 510
708 225
685 474
266 413
254 798
330 310
86 349
403 569
497 12
947 607
424 490
400 998
154 240
703 507
595 523
517 962
577 757
148 479
72 750
335 554
459 300
117 242
702 422
571 246
942 680
722 817
972 247
569 665
491 682
355 155
609 363
742 472
78 379
26 686
941 319
450 818
591 626
60 973
891 759
842 618
582 493
910 436
113 44
616 159
830 46
219 847
820 730
570 902
540 931
395 457
500 712
567 111
549 462
768 963
997 691
884 821
737 854
602 622
826 308
365 198
950 115
895 105
162 256
508 701
262 161
308 496
514 553
19 349
468 862
610 98
595 645
52 420
413 914
212 904
649 323
445 634
395 381
338 642
749 874
744 811
617 189
911 195
415 723
173 206
210 713
566 752
184 113
136 156
909 785
844 157
965 253
746 390
70 335
693 406
403 887
440 37
973 653
235 243
241 814
692 960
202 799
588 372
852 894
536 723
666 343
428 256
250 133
983 472
498 69
4 946
56 90
964 886
541 731
570 300
771 125
672 907
464 675
98 374
150 164
138 983
95 783
597 346
216 473
712 103
297 324
532 72
327 51
288 414
397 40
102 891
997 833
997 929
982 408
685 316
327 250
417 132
397 763
569 740
374 217
104 806
219 162
449 477
324 748
20 23
824 109
239 447
700 524
678 503
848 495
162 535
818 737
574 498
239 568
791 156
476 584
457 235
214 536
187 770
849 50
760 122
762 695
906 85
971 13
630 556
34 94
116 412
40 902
318 918
318 829
431 125
208 77
875 241
970 257
266 376
876 563
332 918
496 312
783 471
421 62
10 201
858 194
830 417
481 258
307 341
910 155
629 192
401 264
281 997
146 725
832 190
35 284
322 883
956 564
687 728
569 286
698 840
419 663
298 814
230 897
765 675
642 926
354 318
542 784
285 547
356 739
508 960
610 157
675 15
639 253
963 627
583 371
666 572
503 218
158 44
764 944
441 738
185 640
165 419
987 73
934 876
845 685
74 405
412 236
243 970
474 10
636 866
745 766
437 273
835 822
14 516
239 376
715 763
62 48
574 933
263 50
418 973
914 338
820 517
325 405
497 841
176 483
91 144
412 532
56 575
68 329
960 161
935 931
786 715
653 881
158 131
79 892
333 684
236 909
294 461
487 716
752 27
408 852
616 213
860 720
995 75
79 296
214 306
833 599
76 753
625 46
800 462
607 281
431 8
813 242
715 155
230 791
417 160
676 614
803 849
411 505
204 6
860 967
641 939
305 809
448 721
256 815
451 177
197 579
987 751
483 59
227 3
801 919
370 274
861 382
345 8
850 17
663 82
758 503
261 692
314 566
527 163
20 645
259 622
179 361
354 876
284 927
640 538
392 207
389 643
585 72
686 481
800 313
218 550
526 492
491 493
630 495
981 322
62 41
676 680
415 623
846 193
214 301
364 578
72 701
386 20
814 450
895 867
808 154
397 737
211 980
789 998
920 606
876 408
440 637
258 237
95 652
89 329
404 729
780 964
121 195
604 182
585 443
482 434
385 553
798 299
643 149
501 999
929 967
437 145
710 538
608 573
840 640
456 887
776 416
86 730
39 693
393 443
474 455
974 35
719 468
344 641
447 245
505 930
536 805
543 539
328 333
889 800
572 895
967 813
197 769
116 917
496 17
801 11
891 484
830 109
114 556
343 850
714 30
768 529
547 270
332 28
991 918
634 784
894 874
485 165
254 781
126 435
691 552
505 906
904 608
987 245
441 194
199 222
859 657
504 374
826 789
995 458
498 593
504 235
309 305
807 125
481 996
454 759
996 493
339 861
801 886
918 860
958 295
690 842
183 367
611 679
657 63
633 169
204 52
559 658
601 857
299 132
721 201
426 596
340 739
698 717
145 338
718 735
309 221
491 315
874 400
809 352
28 791
35 648
665 978
209 637
387 986
351 797
673 252
745 226
548 262
147 115
301 383
252 403
388 990
367 60
548 863
186 542
508 186
213 562
459 816
924 404
429 310
706 831
875 422
114 433
576 688
569 852
317 440
885 918
632 132
812 405
74 397
43 19
643 543
445 629
811 132
740 396
579 158
578 401
588 254
772 411
80 491
294 59
223 299
24 39
568 619
362 803
584 601
92 699
839 350
434 349
128 693
711 166
145 599
451 889
237 991
28 479
632 248
656 436
111 463
302 564
130 820
788 624
615 830
611 183
166 798
340 970
873 369
686 413
60 513
396 33
955 813
241 194
122 906
799 327
569 335
522 610
548 660
727 387
11 482
334 617
608 827
730 867
601 382
401 15
153 298
854 569
586 801
989 489
959 555
30 45
990 253
959 63
818 329
737 991
648 615
442 471
11 266
457 852
254 345
434 908
698 459
422 740
455 916
928 696
795 536
166 70
785 799
630 764
762 46
50 855
799 449
43 638
40 6
159 547
688 47
943 431
158 408
101 459
314 479
385 354
210 417
487 579
454 1000
235 497
893 714
173 539
337 279
559 667
281 235
223 236
153 744
887 951
370 474
599 777
703 745
56 3
207 753
274 960
210 456
744 254
881 774
952 811
987 601
794 205
214 892
622 416
683 705
874 581
580 478
466 426
236 472
656 629
896 330
901 333
69 184
110 621
231 28
262 441
172 5
334 782
190 11
650 731
364 676
466 876
935 123
738 767
952 496
315 996
184 463
497 26
683 823
2 603
704 633
718 584
15 523
31 178
90 544
295 245
145 94
47 414
590 510
137 313
13 443
50 597
82 951
838 126
649 504
187 647
136 172
491 436
947 812
825 409
832 914
685 788
887 853
446 406
474 647
176 41
936 591
528 28
376 938
509 179
456 405
109 967
393 334
493 611
778 305
540 313
426 321
813 376
416 654
255 829
570 901
660 791
130 343
318 486
786 337
331 774
931 697
543 468
976 360
52 528
104 575
427 444
453 848
460 349
393 111
503 707
981 373
934 467
204 821
153 99
654 450
159 972
275 666
23 782
392 565
464 980
798 875
395 171
887 92
130 323
986 759
149 747
845 252
15 845
649 806
33 739
218 397
202 755
531 920
657 48
628 153
59 540
195 473
331 681
13 445
673 272
357 187
739 568
920 727
711 277
250 782
570 991
244 240
412 620
913 710
626 683
973 740
297 988
375 311
521 641
64 220
102 622
548 743
781 544
195 598
813 934
790 11
42 261
511 930
612 991
15 714
99 486
455 28
918 162
857 650
463 487
192 381
171 324
613 873
992 677
927 761
30 886
175 796
611 423
858 442
565 470
175 822
491 834
682 942
979 936
372 253
835 637
925 220
94 291
322 95
5 758
948 201
925 572
848 87
980 439
465 580
219 703
13 424
12 166
11 657
321 689
345 809
221 654
901 482
540 230
829 84
580 829
350 741
515 110
217 862
865 956
111 745
35 988
206 3
9 149
729 462
712 73
947 986
183 261
587 95
756 437
613 735
358 961
169 514
413 557
119 869
893 727
11 7
381 936
897 654
118 519
617 446
117 629
205 450
921 951
541 480
289 340
493 372
428 93
368 234
510 954
658 16
615 984
633 660
99 30
444 708
569 232
634 298
224 380
798 712
772 859
173 662
500 312
721 667
461 431
932 864
455 979
545 904
52 740
656 796
913 663
824 91
755 120
561 57
377 115
361 538
826 6
513 806
689 388
43 890
143 741
525 724
805 863
338 729
939 94
171 50
25 932
644 809
896 25
357 379
883 893
488 923
683 77
773 942
518 62
919 129
359 275
765 730
58 107
67 197
802 854
787 866
948 1000
368 967
222 303
61 920
776 972
859 90
403 854
936 536
554 329
816 825
30 57
940 538
104 119
148 185
434 402
137 800
757 956
638 611
358 224
836 355
573 397
776 230
950 244
103 588
402 991
512 823
733 193
840 716
187 477
711 854
543 305
281 416
986 518
464 826
183 474
884 608
979 559
681 731
580 172
460 133
654 208
999 612
801 253
437 684
684 186
226 961
167 17
195 626
871 91
806 65
166 228
403 551
166 985
990 646
775 551
61 536
857 548
492 576
720 58
544 31
882 920
827 812
936 563
990 507
617 53
982 902
901 619
956 871
884 33
42 189
545 175
851 647
85 541
435 754
824 200
330 881
342 160
925 557
709 25
997 19
161 40
262 939
118 8
750 84
374 978
410 990
346 253
730 42
508 779
850 791
222 496
993 274
572 925
150 718
123 488
465 122
276 684
271 263
29 893
247 353
130 20
739 1000
931 430
49 6
966 477
324 573
174 87
177 44
187 539
781 917
888 834
293 155
142 67
39 735
407 108
910 111
253 605
303 168
413 727
945 584
226 335
191 655
923 110
678 964
308 287
394 949
627 841
140 679
704 509
45 129
707 266
48 281
852 350
490 769
635 414
147 232
310 365
819 712
754 61
576 231
602 840
461 501
298 481
813 57
696 366
529 916
300 838
806 879
53 206
977 930
170 234
644 311
762 27
427 289
925 129
79 833
303 496
1 839
898 504
677 992
716 635
830 942
330 25
270 360
804 747
441 365
39 106
938 348
289 10
185 741
183 976
613 88
996 373
280 255
24 479
543 257
229 808
292 165
206 805
931 763
304 397
760 265
172 486
411 240
334 438
2 648
998 339
84 574
128 630
309 2
687 6
721 410
433 696
756 556
820 626
160 681
628 917
428 878
889 574
96 505
146 614
89 961
656 92
470 754
233 551
424 131
684 722
621 250
753 504
115 708
874 694
258 706
743 578
92 496
270 842
827 202
74 254
850 875
393 716
416 264
736 216
559 950
863 777
137 356
910 29
62 740
530 383
540 872
122 481
518 779
487 743
701 816
958 152
951 681
839 931
644 998
669 766
215 943
440 998
874 319
478 143
578 776
105 21
70 521
586 409
760 820
647 904
271 892
936 817
614 655
959 657
739 143
452 764
682 211
145 908
256 527
538 191
932 750
237 207
74 829
468 72
922 748
152 702
169 754
126 735
814 639
513 955
952 180
573 454
587 777
571 391
490 531
243 442
443 186
147 962
858 66
515 588
700 199
444 212
553 577
688 403
486 220
440 925
132 925
98 165
966 766
754 179
235 958
418 339
927 218
424 784
585 199
3 787
452 775
900 281
534 423
915 428
252 611
449 484
539 823
626 781
205 532
65 501
847 991
896 175
130 649
20 834
336 791
729 550
236 125
611 873
84 589
798 731
62 186
784 997
56 491
660 775
233 915
129 604
871 372
492 114
103 581
473 693
989 753
487 643
843 278
382 930
954 6
534 262
536 703
359 189
551 729
863 446
15 998
566 556
486 720
595 364
993 641
909 874
883 847
85 424
935 363
444 988
501 123
488 345
929 247
291 61
74 628
340 351
756 794
543 578
597 137
680 514
686 81
394 281
625 206
598 408
423 706
683 347
197 216
892 878
82 179
280 636
736 587
342 696
996 725
370 705
79 979
193 229
135 600
269 918
415 982
950 472
625 270
901 222
451 770
257 436
720 838
673 570
965 646
794 343
158 59
286 424
867 493
942 793
299 759
683 687
984 52
327 259
520 100
183 391
646 959
755 145
263 358
415 779
630 132
263 97
661 958
765 805
599 835
849 83
527 498
22 846
545 538
533 734
588 12
39 918
215 613
481 652
430 564
660 928
963 821
622 592
499 618
313 564
166 562
561 850
839 583
44 449
914 186
349 371
89 331
155 270
914 200
68 137
668 917
105 172
49 75
888 779
587 154
308 536
766 774
860 892
739 880
296 431
788 233
92 820
760 853
510 189
693 288
647 415
183 597
636 138
867 579
734 590
695 587
716 694
358 54
904 517
621 481
100 49
752 593
261 660
881 998
807 225
412 400
309 604
217 853
511 676
182 783
914 862
105 938
28 80
714 783
127 703
971 702
768 355
189 599
809 391
411 271
99 777
339 925
783 908
157 903
507 656
986 881
344 247
735 153
615 346
886 342
101 326
650 915
498 897
290 886
904 951
324 498
18 858
456 30
703 368
812 247
308 116
372 29
462 427
620 929
920 427
524 552
772 888
723 732
540 885
57 877
469 921
996 278
959 399
304 771
499 96
27 956
607 410
65 812
666 109
325 694
590 650
83 815
551 416
984 955
516 507
16 947
29 657
170 362
226 736
499 607
99 896
558 501
445 75
98 516
627 649
606 298
45 439
658 730
13 455
6 703
899 634
576 925
921 587
12 621
323 582
352 953
742 992
777 364
472 746
76 882
243 825
412 87
417 721
451 999
772 725
76 693
575 676
813 907
314 987
694 37
963 158
564 579
32 611
85 102
467 314
976 759
423 552
763 73
797 744
919 564
3 769
408 743
574 543
478 624
411 665
472 730
703 752
725 370
576 450
872 851
140 763
878 206
885 884
913 291
980 509
964 83
981 751
148 411
689 812
555 681
810 333
569 131
995 549
326 881
313 492
802 698
861 373
80 392
85 723
9 236
554 648
431 244
285 723
605 181
24 908
518 52
201 215
492 608
940 786
270 389
933 362
964 613
380 50
252 250
165 478
705 472
400 22
784 144
835 177
58 708
776 218
950 101
978 156
572 574
782 191
741 787
986 781
756 369
461 859
365 601
340 463
672 216
94 471
144 410
719 533
437 100
545 438
551 190
62 796
58 979
490 400
129 759
118 519
11 217
452 847
202 120
43 733
227 910
222 548
964 566
262 229
621 153
599 695
337 523
466 763
736 176
445 721
206 194
388 569
349 816
261 747
71 665
768 615
8 30
232 13
532 590
991 692
714 888
872 168
837 354
49 391
768 245
793 843
319 403
298 196
426 914
798 650
395 232
387 580
885 457
666 680
50 950
686 237
493 717
608 543
574 121
350 529
606 688
502 809
676 892
33 587
404 300
431 279
180 415
302 953
749 242
323 223
23 197
779 915
976 693
168 88
219 555
570 169
753 162
533 114
78 293
339 310
575 596
638 784
606 9
617 609
741 43
799 956
226 984
237 617
478 739
628 84
520 750
174 754
688 869
284 823
384 581
254 94
210 703
330 290
315 860
971 505
119 818
54 192
849 715
902 287
120 530
560 196
374 52
210 178
72 742
613 917
326 73
591 778
340 73
107 845
250 705
673 736
933 558
878 730
696 762
451 399
826 304
556 489
838 279
587 40
273 279
587 767
71 190
826 57
1000 251
11 244
49 909
493 26
767 508
746 937
775 35
990 175
969 979
908 308
689 975
530 350
808 60
454 910
595 778
280 771
851 602
167 188
169 448
491 337
559 766
165 221
982 170
635 178
468 328
332 142
868 90
487 844
779 95
514 664
289 649
477 765
35 876
292 567
739 340
291 360
415 40
869 51
978 761
408 879
920 762
102 506
659 914
572 326
729 339
933 481
658 604
143 119
453 139
703 825
271 679
201 175
68 899
902 990
455 200
517 243
46 993
704 300
603 447
524 505
396 714
602 601
988 451
353 800
525 161
418 151
674 398
685 569
514 650
80 790
369 910
344 731
777 711
635 168
614 177
4 677
41 121
611 423
973 538
453 994
28 626
651 995
824 438
905 875
484 403
222 294
398 912
145 272
85 387
316 39
900 99
618 430
475 815
193 326
935 771
217 826
493 655
135 773
613 208
899 794
748 102
128 321
762 588
349 299
192 405
595 880
214 397
10 678
226 705
164 922
800 192
19 144
681 603
604 464
226 633
94 14
681 82
378 895
309 569
82 267
144 862
341 547
417 625
881 369
852 554
341 460
285 264
410 684
92 983
587 921
70 756
43 327
562 350
177 685
25 600
177 646
963 530
521 189
36 820
274 694
581 211
413 563
299 137
779 689
593 621
631 389
995 603
857 592
463 386
713 993
552 651
389 743
863 676
222 551
579 793
394 897
127 776
949 249
19 882
895 65
225 882
727 494
594 420
228 376
540 904
603 569
165 169
982 505
897 188
361 894
681 262
761 961
744 917
975 288
306 183
506 858
764 557
766 27
564 721
350 633
571 725
263 47
83 902
640 61
223 82
630 277
901 627
837 94
440 342
970 47
309 170
750 821
531 642
298 78
410 786
992 430
414 152
637 580
406 971
217 705
1 24
748 605
995 444
759 398
772 452
933 726
422 684
28 616
803 980
532 441
165 583
177 137
255 196
768 744
692 225
799 638
424 731
854 364
515 90
895 109
51 284
154 876
913 543
67 758
251 72
939 369
969 103
136 242
718 508
243 462
19 148
591 678
538 381
840 86
308 955
631 511
707 564
393 957
494 250
354 534
604 754
520 944
157 171
91 573
234 907
858 460
664 411
11 418
753 537
656 957
851 197
315 86
886 693
244 297
836 105
243 752
614 78
207 465
31 394
559 936
712 376
866 565
60 400
251 773
336 68
541 595
149 957
266 590
656 644
577 275
673 294
90 243
18 808
659 457
197 998
752 403
83 843
282 172
838 37
349 838
237 88
777 62
376 836
500 462
265 766
250 893
727 25
492 403
637 931
469 859
302 48
449 945
332 844
867 536
627 947
655 356
784 152
681 685
79 238
342 205
510 885
813 441
942 880
706 331
849 377
433 804
618 857
793 101
623 599
799 292
81 291
744 812
815 508
368 645
438 511
987 263
231 742
125 81
660 228
951 353
976 158
966 939
690 404
983 389
125 287
501 386
989 932
485 367
161 176
510 999
344 103
117 870
906 50
605 45
773 724
187 815
249 532
359 874
454 55
763 876
869 131
763 260
463 414
790 862
505 783
178 18
349 128
593 345
353 910
899 165
340 908
576 521
858 587
217 611
992 511
693 903
575 937
816 378
218 848
775 963
997 877
677 377
719 576
309 226
604 593
975 390
322 679
429 831
256 1000
818 166
116 955
691 137
22 76
566 107
735 98
930 151
304 424
550 347
947 271
286 832
416 88
960 809
434 462
160 354
946 177
409 805
537 855
192 206
603 49
777 673
14 78
640 988
442 495
638 611
641 497
791 584
277 670
205 570
533 146
326 127
375 171
691 187
289 825
1000 123
472 133
377 698
762 847
793 245
37 948
786 678
473 898
771 213
916 266
762 745
287 295
660 882
610 835
170 573
869 690
169 264
113 663
564 800
254 313
700 950
569 729
418 222
101 980
860 756
58 862
933 995
518 559
206 232
116 771
840 155
760 403
676 922
768 868
661 246
104 248
259 739
638 927
294 465
670 956
199 789
920 997
890 260
736 120
614 766
173 460
531 116
583 491
167 948
380 943
182 824
581 23
263 251
829 563
701 39
51 792
431 797
1 490
653 836
299 566
586 505
144 356
244 531
25 495
417 957
572 882
789 176
806 778
196 813
130 182
5 782
975 19
242 688
273 595
975 140
107 967
265 611
272 898
946 208
865 955
657 904
912 556
842 649
322 718
525 559
970 695
80 975
289 904
827 576
966 996
907 507
927 798
715 17
982 480
896 565
318 338
916 635
701 365
649 233
227 461
537 296
408 491
945 678
244 85
652 579
54 879
729 381
579 764
102 568
261 292
260 575
300 189
43 810
229 184
917 939
262 462
386 22
246 711
192 593
823 929
651 595
469 852
960 586
293 637
839 57
677 339
448 244
315 541
87 975
686 376
567 352
96 950
704 403
582 7
481 240
543 852
69 142
446 306
203 652
434 440
976 365
199 15
238 909
525 918
908 925
483 830
346 857
388 419
945 977
108 834
5 235
139 408
293 486
114 785
237 972
934 752
636 109
610 975
946 661
553 529
388 563
884 249
696 151
81 73
266 502
145 985
463 272
918 296
715 460
5 137
671 878
594 602
411 44
678 354
179 873
740 680
504 172
407 241
664 860
870 804
182 757
684 817
428 711
991 886
754 244
525 727
187 696
961 754
819 322
863 529
772 440
855 423
647 860
639 290
348 733
852 537
879 743
980 654
92 583
315 205
182 23
517 320
290 295
18 948
434 792
42 201
212 905
435 948
500 698
404 509
811 978
228 496
855 901
158 646
292 136
515 647
73 47
336 508
518 996
600 830
402 512
747 751
854 21
847 958
357 329
136 170
778 367
713 446
475 235
314 149
994 120
109 211
750 582
333 261
800 240
191 100
869 638
760 887
295 613
552 972
45 995
875 173
911 526
801 772
699 41
194 170
76 511
227 288
311 207
927 496
813 848
419 190
742 883
570 449
846 607
164 220
168 875
816 581
76 86
385 358
321 867
137 220
598 215
656 636
681 674
803 894
844 228
755 575
588 493
792 834
509 476
571 105
195 255
828 425
210 474
304 410
703 60
695 348
976 541
970 625
934 995
83 235
964 997
155 641
390 863
435 823
247 548
928 281
419 356
292 475
250 505
34 47
602 17
330 225
507 25
627 239
501 288
195 641
599 857
967 929
34 422
423 435
970 509
303 318
383 923
45 705
585 342
55 868
112 469
583 615
543 857
122 639
430 987
507 607
970 297
948 38
431 534
218 952
141 845
37 132
480 642
178 604
471 339
252 88
108 192
100 597
130 107
167 819
702 290
272 637
585 732
36 789
705 388
841 934
144 230
246 831
235 785
288 608
186 464
253 909
769 350
362 666
71 570
564 167
83 27
965 802
640 554
25 568
906 39
836 860
118 194
735 871
252 201
181 768
519 24
781 219
635 341
639 479
270 974
974 593
475 619
787 499
920 679
674 495
922 763
363 949
329 10
881 451
843 830
843 973
628 422
626 723
848 172
564 35
986 153
177 599
698 857
303 766
79 6
902 274
131 33
520 119
993 186
263 582
85 22
486 952
167 596
588 135
54 932
52 445
970 438
360 786
573 71
738 337
170 879
368 47
847 243
849 740
483 683
789 940
81 386
216 17
769 250
327 353
338 158
456 887
570 643
821 530
475 234
7 10
83 715
941 181
689 321
90 48
865 149
374 690
203 958
536 693
885 98
767 70
749 818
711 887
287 131
660 511
987 989
827 582
874 679
7 560
923 866
28 184
566 854
1000 469
35 268
264 24
545 489
467 83
930 146
409 358
216 277
385 226
952 737
1 77
679 21
536 537
558 315
994 756
758 244
449 32
12 125
831 449
113 204
522 437
277 339
334 525
80 648
212 811
67 307
901 504
370 779
143 624
275 565
85 669
560 213
560 294
907 742
419 658
632 286
331 934
993 832
661 62
146 996
596 818
974 969
223 491
214 37
55 62
714 622
390 120
58 381
602 640
331 514
869 379
981 928
934 236
532 373
718 533
687 696
571 192
96 162
928 488
326 703
779 716
192 2
445 178
463 546
448 402
822 536
56 402
712 328
158 236
146 999
509 439
396 163
681 783
716 473
743 458
570 203
676 164
897 891
759 829
941 417
575 930
775 703
964 450
187 219
172 716
735 743
816 493
992 973
189 938
446 90
157 215
736 748
823 581
481 820
838 93
427 188
172 298
488 838
249 2
302 417
581 525
548 421
325 156
548 585
170 707
851 923
722 862
784 719
711 56
379 554
172 870
111 624
80 778
651 458
679 229
544 332
99 382
395 551
44 495
303 935
88 719
915 20
873 576
619 443
695 748
196 865
154 739
511 416
623 59
844 628
6 301
254 354
889 243
658 233
737 811
91 240
55 46
94 365
274 675
789 143
256 88
23 82
354 680
594 125
640 988
460 120
585 986
718 477
659 529
295 734
609 715
976 174
746 755
590 832
615 213
166 812
890 653
300 985
151 281
823 335
841 694
220 323
570 698
519 756
78 677
941 17
588 252
577 142
347 294
447 756
867 308
800 308
23 640
548 363
722 615
76 339
45 997
476 212
813 168
198 528
148 16
231 468
973 697
950 101
882 892
619 534
886 650
707 541
625 888
128 40
633 527
624 447
228 573
487 586
333 375
959 888
285 300
513 267
689 437
326 814
816 194
171 707
218 951
592 842
218 347
304 447
947 672
306 358
236 118
916 6
860 804
78 138
723 429
198 360
302 339
433 653
24 787
245 119
405 561
491 663
142 124
112 401
391 531
820 62
575 668
75 368
364 478
574 239
300 604
187 628
683 911
607 519
471 681
450 31
217 447
733 180
986 726
110 373
822 785
659 207
247 951
954 85
247 39
602 124
164 427
831 208
76 903
577 584
543 471
22 935
578 982
222 925
138 779
434 935
227 448
527 322
168 225
701 912
964 939
627 426
704 944
824 202
420 340
199 39
264 783
564 331
96 293
39 365
980 921
257 193
215 363
13 594
993 293
830 342
170 361
284 404
307 466
41 958
159 665
268 213
143 545
500 876
300 594
250 213
905 129
212 714
188 406
192 957
770 739
563 316
19 350
872 958
774 12
484 610
765 699
466 288
662 466
138 378
892 691
987 436
168 971
450 552
385 731
97 999
996 970
166 89
397 545
796 123
142 197
172 683
793 654
870 725
95 559
656 916
231 272
704 298
738 154
657 438
361 452
126 356
28 160
82 61
970 248
385 914
960 391
13 727
650 619
932 387
931 562
913 892
293 6
507 593
477 293
50 611
607 845
631 718
202 973
695 450
861 546
503 189
717 355
695 310
492 865
758 777
771 367
648 733
56 321
728 926
233 134
77 163
115 448
894 212
813 657
381 323
164 478
738 530
191 281
744 989
735 9
717 752
569 360
797 166
797 535
558 803
273 140
801 206
470 126
510 57
799 596
474 960
29 674
674 507
115 792
2 709
245 236
273 261
679 948
543 501
509 462
196 589
527 240
25 746
777 689
290 663
538 338
187 67
18 818
129 70
85 801
400 636
629 827
661 471
173 657
273 74
817 33
914 670
997 923
202 67
565 469
192 321
516 356
148 73
288 670
269 697
752 463
568 611
908 333
667 56
626 937
279 762
994 86
903 90
350 296
964 717
379 252
532 610
394 751
965 836
216 360
132 13
499 999
217 629
990 300
813 754
428 754
406 300
735 110
394 430
389 577
161 758
66 122
615 410
60 278
423 280
711 185
941 616
75 251
194 663
93 28
254 386
75 765
601 945
433 673
77 320
157 310
620 403
167 855
270 644
208 201
651 298
307 49
17 15
126 568
1000 992
551 25
34 324
622 329
623 923
132 374
459 517
793 896
579 894
64 185
648 667
656 764
816 690
127 10
926 715
51 400
607 524
554 71
101 879
237 254
389 793
998 897
269 817
844 814
584 472
325 295
98 792
596 937
592 852
938 370
932 980
523 255
243 292
386 316
795 318
186 945
558 500
63 800
814 233
655 406
468 781
354 839
619 137
547 420
308 593
918 139
278 717
308 388
230 725
427 290
396 429
313 810
385 855
498 842
969 764
63 717
486 756
356 228
145 421
566 508
258 792
848 470
322 378
271 378
32 194
947 535
910 470
544 741
969 470
42 653
707 442
900 755
503 961
718 932
778 425
406 219
170 164
783 222
104 174
489 422
6 15
981 429
712 62
856 338
209 783
178 249
260 654
953 948
437 341
933 150
146 958
859 362
263 167
423 531
209 879
477 909
294 400
889 660
422 390
765 199
959 929
302 627
152 237
807 545
507 804
740 386
777 847
645 843
39 960
114 64
585 21
568 587
451 712
818 387
47 532
820 34
447 605
615 836
221 979
477 375
109 618
334 52
352 924
600 956
750 280
262 19
703 143
698 59
184 978
957 114
886 437
652 869
165 927
292 677
2 183
283 24
452 200
667 680
363 372
418 769
271 472
565 860
416 800
872 325
864 985
861 676
298 937
479 665
330 925
573 47
309 241
241 692
876 442
10 554
889 614
897 181
788 370
163 855
692 648
872 521
883 401
131 380
328 709
792 952
718 484
809 310
862 408
709 653
903 161
544 470
130 751
339 166
914 411
650 912
534 243
295 541
759 381
849 771
358 275
245 633
768 112
910 442
273 659
458 418
154 941
393 724
417 475
139 955
612 636
103 454
217 318
430 140
300 226
718 157
807 935
951 168
836 998
51 281
178 591
839 541
707 995
604 740
670 7
727 52
177 613
234 952
685 16
156 125
385 617
117 618
409 807
855 885
346 753
48 248
699 139
816 179
650 177
40 625
96 661
587 824
836 436
807 702
341 274
940 124
244 995
909 607
685 792
261 699
946 593
167 976
352 259
931 991
665 565
947 459
757 932
358 12
733 210
109 697
818 561
592 280
465 566
595 639
526 171
497 942
31 415
759 211
931 994
11 701
991 385
262 457
626 576
238 244
760 904
463 835
605 20
875 702
127 142
267 304
146 752
600 694
600 61
644 462
456 486
861 920
61 114
265 140
800 546
948 537
433 767
301 81
443 292
967 119
58 932
772 376
228 159
355 284
390 33
104 448
905 749
586 671
396 742
901 242
633 933
549 628
962 361
479 934
944 483
470 730
834 3
732 159
761 763
407 312
633 11
106 520
88 358
162 676
530 890
957 873
301 284
145 65
961 721
561 261
19 974
268 258
369 752
180 290
526 147
940 444
849 160
460 636
841 951
81 861
1000 989
102 19
421 579
359 419
680 428
24 201
596 800
726 535
55 619
407 823
982 923
839 103
330 299
627 26
798 592
197 844
571 512
240 491
634 726
409 599
109 739
311 502
584 810
733 32
550 493
227 379
28 208
731 4
659 157
522 952
718 177
849 583
142 66
633 612
181 316
545 634
378 903
761 149
469 785
591 470
860 158
367 469
32 659
460 82
663 169
238 220
938 566
736 968
358 852
911 396
865 563
520 83
27 725
306 774
777 575
263 507
478 552
759 226
658 210
945 223
743 715
955 734
414 902
709 861
357 810
63 68
822 845
913 637
197 379
528 864
891 202
311 345
873 633
14 607
104 942
420 837
130 620
926 303
450 642
718 802
476 936
101 202
773 21
32 50
560 792
386 427
196 988
182 484
371 474
213 187
292 875
525 196
81 633
551 213
400 915
503 186
729 412
391 974
252 574
980 343
751 75
402 853
325 567
495 360
916 852
868 678
824 53
870 212
293 82
936 514
571 563
434 30
930 588
954 657
983 870
939 659
985 88
153 220
516 822
712 635
258 565
853 872
535 217
94 506
861 856
584 815
23 985
563 969
692 177
521 139
89 17
197 928
598 124
225 510
908 996
119 312
661 272
767 128
888 283
670 561
842 567
974 119
484 847
154 62
912 887
742 872
130 787
714 289
221 584
378 628
186 987
377 892
348 979
911 502
433 374
713 352
735 70
343 805
671 431
380 116
208 848
4 463
156 147
236 298
311 857
962 680
577 75
97 185
714 4
791 648
680 713
523 376
129 826
402 500
796 98
399 77
438 923
951 835
840 356
963 121
913 42
193 773
759 408
980 399
162 917
30 818
950 327
319 524
116 574
293 240
970 422
667 407
657 474
722 101
448 79
370 530
686 510
316 525
544 22
8 675
257 848
718 357
505 830
767 757
612 558
73 764
215 403
992 476
453 358
737 477
673 881
71 740
536 859
232 506
778 118
968 322
347 69
885 594
88 631
962 539
267 476
811 675
664 448
433 177
703 900
162 127
179 776
972 799
466 871
896 50
878 410
415 278
273 912
6 708
933 630
115 420
128 703
658 325
85 885
36 80
255 135
854 615
916 140
766 728
11 163
582 538
703 959
999 748
930 883
919 813
796 313
763 154
809 392
670 67
640 607
243 630
952 399
281 368
47 27
349 229
694 727
400 528
835 172
863 435
497 103
820 290
88 431
537 848
446 737
895 384
570 582
783 883
351 327
548 368
72 185
54 954
462 472
163 208
173 590
643 135
225 355
732 328
398 910
407 239
69 350
706 817
707 772
332 341
76 366
404 927
882 715
179 966
811 252
197 478
878 207
511 555
73 435
190 671
352 553
614 748
731 227
717 67
341 245
841 58
740 34
281 272
56 740
785 368
411 923
552 739
284 294
938 999
103 995
609 249
548 427
95 634
228 549
51 169
526 971
294 738
415 409
984 245
554 400
942 987
86 470
36 636
37 303
23 530
341 635
783 245
114 260
905 469
196 87
179 706
387 971
247 319
778 62
270 626
401 600
171 487
192 230
117 990
462 83
499 915
1000 808
208 584
106 643
985 756
9 938
404 215
881 874
701 54
867 349
604 358
880 153
723 342
572 108
210 129
255 263
849 229
602 258
982 411
846 387
2 964
413 997
784 347
198 411
837 12
849 344
316 797
992 494
913 9
582 975
795 229
65 217
103 319
130 320
203 46
374 74
82 150
18 642
854 555
332 732
904 315
33 215
68 241
903 344
634 701
310 789
467 4
704 319
750 601
892 669
885 273
631 688
711 958
995 957
701 513
123 737
719 817
769 342
124 646
913 59
384 856
731 427
658 588
942 799
723 710
905 271
237 245
681 117
141 130
246 874
248 601
871 312
615 176
185 257
934 890
932 282
868 734
559 189
794 734
704 702
988 848
914 974
657 839
837 828
483 517
795 272
451 766
533 205
731 242
629 163
694 898
947 899
136 449
192 745
924 790
747 599
335 340
550 868
557 215
945 923
823 902
806 915
806 325
160 340
163 491
262 755
280 419
888 735
148 781
335 706
940 696
502 504
535 34
933 676
682 554
83 970
245 317
125 876
724 585
583 245
88 830
797 5
975 491
74 65
548 932
657 386
235 477
457 237
668 175
21 223
989 857
459 938
934 732
179 753
702 632
658 773
988 957
433 472
115 232
329 918
368 584
189 258
242 452
24 200
212 587
167 450
907 577
348 22
223 790
185 711
870 628
203 631
176 177
373 987
119 907
162 936
512 264
610 640
990 353
511 713
6 357
156 506
281 568
335 377
962 215
441 34
260 663
674 586
679 429
468 671
447 577
291 376
470 138
599 464
165 587
305 511
671 640
84 241
938 590
612 490
96 145
929 619
43 411
747 686
488 189
542 334
687 880
587 964
428 677
676 335
708 836
385 64
710 199
962 513
156 262
188 669
484 383
56 189
523 226
971 368
149 67
771 177
673 889
384 208
94 492
605 837
186 954
867 471
843 842
326 829
831 723
678 783
318 536
897 637
30 208
863 849
699 555
951 679
343 946
377 929
840 866
576 703
994 751
638 520
828 648
164 491
579 529
522 285
448 166
167 715
231 185
584 427
883 90
386 115
250 502
379 140
331 959
835 449
577 946
984 385
101 486
273 749
97 845
741 213
610 474
582 709
896 534
845 67
296 615
784 726
913 640
758 495
9 474
425 869
78 263
775 588
902 378
226 870
30 756
783 811
419 848
781 441
64 311
913 950
527 932
571 233
393 500
24 958
645 939
763 488
280 725
333 519
249 155
732 309
48 938
156 174
20 275
393 581
610 775
410 601
586 892
677 349
427 176
973 41
536 755
245 371
279 765
755 306
250 808
361 482
633 309
476 736
601 488
810 750
857 696
199 494
427 274
131 174
472 497
974 695
277 212
500 768
720 978
500 680
889 697
922 486
489 351
740 18
61 460
957 670
488 529
785 206
961 514
220 737
184 284
653 501
523 293
739 104
172 664
283 547
132 820
489 906
138 856
780 914
967 829
785 275
9 606
311 376
876 125
73 397
215 87
781 713
252 866
420 82
196 187
481 675
358 123
354 745
784 922
340 474
170 487
668 591
102 258
714 188
518 534
392 449
567 625
669 501
370 863
429 698
598 520
306 631
991 359
50 248
872 929
151 427
43 499
452 771
248 652
980 527
584 374
109 153
189 264
389 241
246 674
925 691
702 29
449 197
289 377
797 441
198 765
359 872
877 515
173 409
53 471
210 435
8 940
356 752
927 910
864 190
123 556
825 769
398 318
331 801
216 176
23 207
333 695
117 764
654 492
853 77
637 132
906 963
127 407
331 184
351 652
321 936
419 950
712 671
397 650
17 179
469 125
928 342
600 850
312 860
915 767
923 196
358 82
378 574
525 728
876 627
672 453
762 972
587 240
548 363
416 632
371 991
192 858
125 92
362 638
885 898
143 4
31 19
380 646
550 55
436 78
698 664
746 606
811 246
826 256
197 585
845 698
229 869
671 925
336 206
319 426
864 104
36 545
883 621
230 421
223 435
870 310
413 323
252 371
847 391
845 23
49 787
593 502
957 538
25 249
312 575
143 294
835 816
766 384
586 684
400 992
859 680
498 975
772 1
944 139
357 930
873 177
725 379
292 91
544 475
90 431
769 319
375 70
358 104
370 50
543 681
345 503
143 523
568 259
20 932
956 138
784 39
668 564
299 323
268 106
181 525
58 848
874 174
576 753
408 589
262 843
65 134
289 420
792 72
185 663
994 555
370 230
882 64
678 744
865 97
241 637
839 189
598 527
886 504
103 15
119 91
454 458
312 763
648 496
500 477
896 57
800 784
318 639
247 368
235 770
336 742
433 560
63 639
324 843
653 274
390 69
325 731
368 33
789 569
414 361
297 731
558 57
192 455
138 198
119 193
634 512
684 266
434 970
724 761
356 84
747 417
811 796
716 274
299 527
612 455
964 728
623 394
630 567
341 114
321 318
87 290
959 446
502 99
437 483
757 501
810 54
891 867
645 495
107 485
361 394
685 543
250 519
309 942
934 36
809 702
105 100
661 851
815 525
151 765
288 92
249 22
471 647
501 608
741 811
491 939
476 910
317 142
558 149
575 974
529 425
165 565
944 494
813 468
540 28
394 470
5 638
662 78
706 940
117 489
625 634
881 226
138 99
497 947
365 822
101 780
341 644
29 304
206 652
390 916
687 526
157 684
326 301
90 397
839 906
194 321
455 193
353 102
675 842
696 342
173 39
290 552
845 179
512 833
529 863
342 938
424 594
175 904
370 124
713 376
935 13
714 767
760 323
43 234
227 240
674 465
44 469
34 77
727 43
520 747
734 49
570 629
339 840
749 892
157 760
539 809
581 603
607 119
969 34
385 72
100 261
923 895
39 181
143 759
792 988
227 783
521 983
412 207
407 375
868 640
231 182
137 343
433 668
561 683
588 518
515 4
892 859
220 15
143 322
251 669
826 72
328 347
891 513
838 968
780 769
217 544
782 816
18 541
282 1000
724 445
215 774
803 781
852 273
321 162
68 404
734 984
863 345
236 921
240 542
790 604
952 246
874 537
459 956
951 197
978 797
124 119
862 54
542 370
468 170
392 337
892 844
557 459
593 45
964 733
434 934
87 803
770 852
176 669
6 167
263 250
407 769
331 909
367 464
866 92
13 275
661 900
887 340
192 668
126 247
879 458
54 283
162 15
357 40
836 678
188 891
14 100
802 511
722 709
642 138
452 216
509 714
282 710
305 179
8 385
64 993
685 609
149 104
993 840
620 18
603 100
771 984
941 891
324 259
310 412
633 304
560 609
738 263
720 420
78 85
594 564
655 407
551 46
482 78
853 861
329 196
437 69
842 230
941 91
290 527
164 176
950 722
974 442
349 857
141 246
160 653
782 506
920 997
243 925
831 329
839 446
806 421
403 764
36 158
488 203
38 14
22 26
218 55
958 14
40 914
652 744
83 193
552 266
463 767
522 295
262 924
858 444
985 258
106 115
138 917
187 657
711 580
658 531
326 395
864 9
49 621
744 633
704 636
877 724
337 416
557 181
730 766
521 427
896 971
771 305
207 921
914 253
223 744
943 982
567 430
247 149
341 977
430 569
467 310
819 766
820 490
395 762
488 727
513 631
620 127
235 542
399 130
380 185
791 49
260 665
113 488
130 855
474 398
737 946
755 822
444 724
226 348
775 166
638 488
159 284
570 803
939 879
777 905
242 941
673 125
779 697
428 843
955 874
577 374
260 237
434 586
586 633
940 606
96 542
273 969
378 948
891 964
351 323
962 111
723 251
504 562
412 365
910 503
535 245
42 219
753 447
882 544
526 43
67 167
564 857
383 893
30 16
890 683
721 910
258 856
792 549
335 652
557 964
627 343
445 409
148 761
660 293
691 151
591 131
488 923
558 197
68 477
725 412
754 225
443 289
458 327
607 19
126 935
447 573
334 762
537 969
904 639
549 824
887 119
624 309
508 664
179 443
661 196
342 280
197 466
561 460
120 262
832 530
708 934
599 767
269 222
849 397
597 199
184 229
575 28
980 914
421 4
623 591
641 122
626 394
570 408
957 609
27 434
665 360
283 30
479 152
666 555
891 510
393 660
815 235
530 929
923 446
158 683
653 377
475 449
519 591
215 878
769 516
949 84
434 576
280 793
236 657
915 579
508 707
249 349
459 710
327 392
520 9
123 498
608 987
264 748
535 775
970 102
79 988
206 124
5 485
437 555
464 905
935 67
694 205
19 286
375 844
890 620
769 787
130 203
74 444
808 878
819 122
390 226
292 991
770 188
300 514
345 48
356 730
667 502
862 398
357 912
711 923
403 50
464 2
215 456
647 146
737 76
750 5
531 635
377 826
418 79
668 485
192 459
629 260
641 603
551 923
369 881
629 564
268 50
964 994
565 747
418 980
635 985
576 759
36 578
320 710
111 626
426 454
470 108
54 956
517 81
254 467
565 977
588 863
88 809
881 633
460 488
70 804
459 596
495 558
665 182
868 457
401 769
489 331
900 199
209 686
252 908
326 986
712 884
564 75
754 986
300 512
439 516
711 561
646 297
435 581
757 639
889 633
582 257
303 14
418 979
205 521
274 85
536 846
320 786
213 928
189 57
837 896
392 152
549 688
940 811
349 662
397 496
593 921
853 342
220 742
216 104
141 161
813 758
592 993
152 142
419 692
375 638
512 694
765 437
209 911
512 517
982 438
122 609
90 893
647 323
470 745
104 592
269 186
618 884
196 773
48 369
220 908
366 523
535 185
305 581
367 368
543 609
978 811
563 481
43 313
950 552
845 632
200 759
426 877
73 820
377 59
417 795
39 758
113 200
580 97
652 365
324 823
552 582
981 650
62 853
904 68
382 791
256 387
370 362
504 450
400 989
3 932
589 268
375 348
667 84
18 679
619 638
322 141
787 239
773 166
503 232
267 299
888 821
743 234
192 218
741 340
633 323
414 333
734 827
982 838
741 159
259 512
626 224
174 726
439 798
200 448
770 477
89 176
517 394
603 29
922 430
198 508
473 405
160 783
476 901
687 224
594 983
540 34
907 328
103 699
435 735
603 593
161 502
311 121
911 59
701 661
237 25
95 471
174 756
405 789
409 950
946 41
914 406
233 141
376 160
373 433
864 584
162 106
601 564
742 73
570 675
433 535
451 705
317 287
192 717
785 219
100 713
271 238
546 62
930 30
577 962
102 249
38 413
873 669
266 212
221 176
890 934
381 83
621 501
303 492
704 369
112 194
693 430
826 204
883 233
704 73
162 940
500 62
906 878
425 662
97 622
749 969
960 451
771 8
377 417
834 796
687 836
669 445
875 234
815 845
620 135
639 302
204 724
225 755
501 588
790 417
360 720
635 461
770 247
372 314
41 913
313 324
418 829
973 619
110 545
603 135
374 660
907 813
775 317
271 927
212 806
697 360
113 672
238 222
150 591
369 710
120 190
290 71
483 682
624 596
372 237
242 54
49 972
954 240
89 258
180 560
140 49
330 224
404 202
407 498
47 454
156 783
338 541
359 24
385 174
930 870
487 152
695 642
262 346
628 651
718 775
881 212
557 38
154 437
125 349
99 947
484 800
462 139
792 679
504 474
961 446
862 181
191 552
329 797
673 48
890 929
988 909
143 570
422 543
81 355
428 166
967 905
387 857
85 137
902 662
675 439
538 761
671 563
872 919
723 294
727 501
903 717
954 344
712 292
310 247
843 834
67 212
443 292
876 858
452 846
445 25
940 918
956 721
926 11
618 557
39 30
447 529
583 314
904 450
560 670
125 935
456 636
372 569
689 485
796 533
47 593
527 298
817 183
359 391
756 582
223 435
912 406
630 579
509 911
419 223
415 587
46 383
251 263
448 968
992 788
60 620
396 454
115 88
587 398
648 647
127 206
876 43
601 240
760 80
82 932
7 451
873 402
170 722
548 828
962 735
196 577
854 10
125 734
20 133
772 579
45 165
618 398
353 318
780 712
420 623
43 358
452 524
779 275
563 94
88 102
695 396
460 449
354 601
638 109
277 65
97 113
623 186
594 238
630 940
61 510
802 672
65 440
718 795
209 327
161 814
285 735
82 37
384 149
912 692
683 405
336 362
559 393
501 64
564 673
486 915
569 417
82 67
602 345
947 194
166 347
19 924
177 463
416 568
94 342
888 204
585 184
109 225
969 150
820 496
881 831
998 173
920 654
259 722
189 102
805 367
201 420
1000 614
669 261
968 254
884 649
753 741
773 614
46 235
421 477
761 185
559 348
172 918
781 814
503 987
11 951
86 665
997 850
148 577
96 240
481 140
124 695
634 121
571 800
622 318
690 92
754 882
488 835
198 388
715 807
513 48
491 917
864 206
136 829
618 771
665 31
504 698
137 446
842 786
461 141
118 806
813 934
138 495
878 872
961 153
279 337
619 766
608 720
499 632
992 913
356 794
983 940
761 397
649 294
15 802
579 725
540 151
243 831
823 430
55 559
927 779
355 588
168 861
424 842
779 490
508 677
561 261
657 728
934 998
340 741
926 880
989 693
391 968
867 105
841 619
212 48
158 316
37 865
736 25
728 397
967 469
884 363
486 244
2 372
994 871
366 160
242 182
971 355
639 461
962 707
721 478
49 735
636 895
583 315
484 560
754 122
121 728
615 786
447 256
404 635
218 205
96 140
8 295
366 974
338 896
214 343
305 138
983 716
754 668
356 369
408 316
141 584
663 877
977 869
283 803
334 145
7 68
79 362
645 401
275 368
368 299
765 190
227 247
901 24
568 220
712 224
212 675
547 903
740 700
866 861
566 103
584 571
590 181
930 297
260 176
671 473
960 381
357 78
300 815
970 576
379 832
908 743
788 863
743 647
383 302
449 921
569 799
125 874
506 826
13 573
804 855
589 762
818 194
897 132
788 220
398 647
54 370
444 76
997 230
957 836
30 833
705 545
25 126
658 891
393 472
185 58
430 372
194 911
930 302
216 918
370 967
472 4
303 118
6 890
50 140
570 123
571 688
103 585
792 401
222 685
822 376
897 815
812 534
504 475
80 286
973 172
601 724
908 422
976 3
986 829
308 349
800 966
428 190
595 709
799 686
260 789
265 756
242 180
182 517
746 164
54 415
380 875
603 415
752 453
604 17
470 11
944 215
634 322
819 390
42 670
739 427
901 973
298 733
393 474
7 380
862 886
294 997
496 901
556 11
857 783
89 981
526 508
342 733
917 855
517 179
900 488
441 439
406 6
866 133
152 332
348 241
459 490
476 706
247 61
503 305
104 786
231 751
410 221
208 341
417 761
762 664
51 155
328 727
437 739
888 318
24 444
330 154
150 901
457 546
199 397
789 265
869 657
492 269
395 217
36 1
347 968
240 569
792 811
9 458
574 123
915 102
517 678
571 190
80 699
78 168
366 601
989 907
107 868
904 826
800 576
224 94
526 494
401 946
29 758
765 682
798 122
643 477
237 679
909 805
627 729
637 768
474 976
837 805
75 361
318 789
828 436
191 289
209 190
629 580
210 421
197 524
107 977
903 278
966 5
424 899
814 791
391 767
665 669
333 130
972 452
486 58
385 519
783 623
50 933
13 638
251 3
325 732
974 831
727 825
717 336
454 507
23 809
599 638
280 374
692 36
111 355
85 252
699 375
635 392
51 233
469 988
259 57
235 647
596 709
331 788
181 935
650 262
58 111
530 277
680 485
181 131
987 803
111 318
950 748
305 355
269 556
519 212
247 481
456 286
396 996
288 62
366 398
334 232
606 156
470 918
570 948
908 891
56 632
658 836
457 198
517 719
284 645
750 184
748 185
307 434
40 892
804 310
448 748
564 399
132 365
421 149
51 849
826 907
103 126
787 612
752 827
423 632
983 758
648 694
269 926
578 916
786 12
617 513
821 717
288 143
121 100
146 41
560 122
500 759
271 328
239 260
82 740
571 916
802 933
896 904
759 17
156 237
212 120
280 352
862 418
488 23
99 882
905 433
285 279
735 789
676 329
566 885
79 511
628 566
214 312
652 385
657 771
720 195
878 221
797 753
687 824
675 555
47 643
180 876
196 411
863 545
330 401
169 443
52 804
248 330
970 380
511 576
460 699
192 70
485 733
539 23
301 58
726 127
806 407
808 501
810 609
877 910
319 924
715 234
84 85
328 706
201 25
175 789
237 558
411 66
388 321
993 303
209 850
708 678
32 68
752 680
575 961
343 184
146 518
372 599
640 611
754 705
164 561
517 248
823 251
842 1000
226 828
604 790
915 246
863 513
248 523
564 280
542 532
463 56
26 416
373 7
907 81
903 427
76 642
140 12
34 631
832 9
748 762
14 738
431 747
492 490
275 135
582 895
441 603
571 670
205 7
987 657
992 245
913 603
945 691
797 293
121 703
29 521
38 542
889 360
418 460
945 237
918 783
687 991
602 600
894 723
864 246
968 989
329 310
225 935
38 744
701 760
937 954
97 159
409 504
553 636
854 554
816 304
34 861
378 843
777 488
134 704
751 924
446 192
504 961
135 937
719 574
422 882
341 703
693 743
920 970
543 231
4 942
840 914
803 853
261 357
530 253
815 36
855 825
976 604
701 750
234 442
389 399
874 503
620 673
549 599
655 347
523 712
479 812
708 749
145 967
204 923
195 268
100 421
883 536
547 472
821 993
464 438
761 156
241 707
355 649
8 131
919 968
589 522
49 126
413 923
581 591
998 265
881 122
404 487
883 372
909 779
684 400
206 774
492 953
425 724
677 365
917 625
74 518
230 710
52 146
510 451
238 895
73 235
780 641
410 243
555 713
451 241
780 707
288 679
511 983
563 249
287 686
263 77
282 817
451 810
991 206
301 32
856 313
963 518
915 794
581 507
448 833
588 465
322 133
222 453
998 303
995 907
884 480
367 337
824 736
208 129
616 906
741 152
655 32
683 34
906 10
719 72
496 487
106 803
89 481
340 453
148 408
878 176
913 124
949 326
519 976
335 262
215 909
33 390
433 122
284 141
910 936
773 206
855 208
507 994
476 340
857 517
230 795
263 879
309 224
765 775
723 437
757 709
184 926
93 990
939 741
459 393
457 24
165 627
934 235
918 990
685 225
458 669
131 945
329 263
451 950
987 821
408 228
118 657
438 515
874 315
423 258
299 271
909 416
659 808
970 242
387 899
143 170
964 818
806 821
694 734
760 642
511 337
911 281
507 713
789 678
777 371
236 833
111 630
920 809
278 107
92 111
693 970
489 916
489 267
34 861
157 872
757 369
981 204
714 472
385 394
865 443
110 707
482 118
645 897
586 221
961 413
868 746
218 594
186 917
416 515
688 296
386 148
10 794
377 923
993 816
74 779
4 11
54 769
809 15
50 842
680 724
578 885
855 158
889 98
499 915
299 578
586 845
598 285
335 617
692 791
703 623
450 479
258 929
771 400
966 181
343 201
805 617
135 141
530 770
411 446
134 875
184 193
743 318
333 830
21 62
738 548
203 489
939 92
203 244
550 428
367 317
147 96
312 132
248 560
58 37
825 401
616 872
991 283
574 913
821 484
364 196
948 44
64 908
620 877
748 184
577 316
607 357
177 439
505 439
729 419
892 339
136 875
978 433
399 39
424 431
704 925
949 154
79 642
822 333
39 302
920 515
792 982
304 441
181 100
141 177
706 496
663 862
547 434
442 341
690 664
19 376
319 500
538 664
668 578
141 511
152 394
332 396
33 899
662 138
748 684
633 278
823 853
670 463
921 243
150 580
283 631
580 206
385 286
947 661
420 365
328 192
471 403
837 79
24 237
901 613
744 12
850 715
730 765
660 642
411 326
69 850
42 596
451 400
794 504
772 226
359 890
991 208
837 722
996 609
216 421
742 698
137 884
223 694
873 976
698 591
55 526
614 848
893 115
392 402
526 371
354 765
738 783
730 653
862 618
416 312
915 699
399 458
307 206
411 330
852 650
759 734
306 483
108 122
43 188
854 472
885 966
372 573
269 450
966 693
848 688
247 253
21 121
46 584
117 578
808 245
590 389
785 269
418 641
837 30
695 731
302 863
642 909
843 379
486 635
212 769
681 701
142 558
78 258
804 576
531 610
717 214
951 995
103 603
998 735
976 469
107 629
910 923
954 27
439 465
203 885
167 754
231 827
835 844
181 488
569 25
643 755
471 747
933 447
396 555
524 609
932 892
526 296
385 38
970 811
571 518
100 708
30 458
378 155
345 695
699 213
818 221
766 281
457 743
113 637
848 764
367 595
647 528
892 696
113 532
67 931
444 994
233 667
327 611
799 348
219 294
985 314
846 865
1000 350
467 344
156 687
652 21
627 869
539 184
924 161
929 499
793 602
364 338
902 717
279 959
161 875
713 759
39 771
178 515
100 229
873 410
456 917
852 309
841 734
972 520
103 686
830 361
66 564
991 536
364 472
900 214
550 251
69 312
508 269
890 416
54 392
167 532
631 530
115 612
154 767
533 85
502 870
931 323
151 360
57 925
321 883
480 60
118 56
644 836
242 957
71 368
526 972
613 473
266 148
443 223
844 1
48 580
565 925
167 704
398 496
926 723
499 900
946 151
615 923
566 222
196 1
750 203
853 995
517 885
731 825
23 998
294 96
758 57
579 135
295 127
860 727
581 862
972 216
305 426
686 128
118 246
701 402
480 700
332 736
815 713
443 308
350 277
470 642
905 897
19 388
877 966
21 621
220 131
231 679
36 607
721 535
929 800
37 68
387 411
373 883
556 184
570 384
125 840
961 158
418 451
236 376
949 919
399 368
538 336
473 64
106 660
764 535
839 254
876 536
684 32
395 761
920 232
591 938
55 772
39 869
755 277
987 183
193 426
216 725
553 181
588 913
87 927
62 726
163 754
66 185
152 324
477 690
363 941
189 335
849 680
907 206
271 233
556 915
64 527
582 906
664 882
753 63
149 140
715 998
282 301
175 276
911 716
379 753
30 222
443 722
598 370
911 286
447 39
355 701
450 523
308 214
724 838
876 602
112 354
706 415
391 142
703 405
262 541
411 395
871 71
449 578
368 781
794 57
819 254
676 158
348 987
759 756
47 610
238 256
998 747
441 867
212 629
790 459
476 490
185 212
717 166
375 522
678 809
790 310
698 817
210 246
427 829
216 222
394 345
713 168
105 852
574 281
902 145
858 122
587 131
638 750
967 927
330 519
91 199
176 868
593 466
12 185
77 684
468 195
29 816
816 896
104 261
487 5
650 836
79 778
962 329
893 677
606 130
228 47
421 952
259 693
703 266
30 680
458 71
423 231
848 478
504 912
230 486
304 898
332 901
139 137
380 58
441 903
435 309
107 76
317 929
273 979
703 293
218 275
544 46
625 529
907 475
417 883
687 405
571 246
606 423
610 945
223 479
689 10
755 143
71 708
883 144
982 899
167 579
607 522
438 951
500 535
100 253
332 79
400 69
858 110
627 909
651 206
398 108
246 374
240 884
207 364
550 589
147 198
508 172
688 652
779 95
926 711
134 54
517 124
691 147
980 7
277 874
208 453
809 701
855 661
750 666
227 323
935 60
578 997
414 424
105 426
668 890
460 242
913 504
596 272
896 523
347 124
407 840
645 927
444 442
440 655
674 181
334 3
845 959
969 68
227 335
706 499
425 936
270 385
275 893
504 943
823 299
682 586
119 811
409 739
969 114
630 823
641 509
396 842
445 978
932 530
44 450
351 965
15 608
377 84
220 195
659 786
850 427
203 775
302 880
296 732
732 898
657 375
615 785
656 213
504 806
795 664
9 180
517 706
203 355
978 792
304 38
500 250
224 332
370 621
140 367
749 441
549 428
155 500
20 235
702 376
275 22
81 847
967 11
454 278
123 796
995 943
270 118
139 4
284 42
434 985
62 791
484 774
871 471
934 480
813 696
167 402
325 271
127 120
732 42
455 8
781 22
541 577
907 323
80 329
311 575
728 726
454 989
309 476
762 799
998 480
956 546
204 250
456 849
688 180
523 404
233 187
182 201
706 467
340 981
191 728
585 82
652 494
446 105
637 228
712 673
64 456
532 956
844 677
900 437
61 196
805 882
838 258
273 780
383 670
331 924
895 304
553 870
601 428
525 597
597 105
498 71
129 562
17 882
238 811
997 465
450 59
466 475
245 877
880 376
626 90
578 428
761 248
268 634
58 275
10 655
991 529
974 116
201 107
576 312
983 888
730 744
154 426
549 678
185 292
482 606
447 193
319 663
316 629
780 358
876 607
700 6
176 542
698 200
65 964
435 359
758 831
47 884
283 402
546 959
282 159
43 972
292 811
399 797
878 298
467 776
398 42
706 394
438 472
561 685
836 926
309 920
642 395
778 409
763 257
21 853
618 456
138 43
738 406
190 260
919 350
272 518
165 622
765 217
978 483
550 795
255 584
686 887
117 728
589 697
438 453
499 120
366 58
450 211
362 911
419 152
961 917
500 88
556 5
154 758
694 304
14 787
917 396
29 405
261 902
326 422
19 453
462 549
198 474
731 944
192 959
360 610
511 756
132 70
625 767
883 758
486 480
241 522
270 151
344 60
361 250
70 250
192 882
527 624
382 259
511 978
522 196
111 207
761 679
503 269
208 41
188 145
422 331
96 224
420 989
205 44
37 855
894 115
92 142
243 736
615 217
806 728
439 711
381 236
783 301
710 320
569 899
440 364
413 914
474 237
306 238
890 787
86 904
765 315
49 122
24 533
262 932
682 414
575 693
414 774
94 746
957 178
823 678
172 788
171 951
184 420
224 476
33 810
712 61
959 496
312 799
857 162
842 877
105 463
424 484
624 938
501 590
665 291
872 139
455 112
335 921
120 372
850 603
19 42
251 2
838 852
379 337
9 438
623 332
963 392
341 779
295 302
240 2
937 113
501 506
224 372
731 634
504 797
1 440
877 29
391 197
147 523
520 24
886 651
608 731
546 871
887 537
866 60
350 516
919 62
628 836
92 136
13 664
72 289
442 857
222 879
561 396
275 384
663 86
335 256
282 241
52 641
993 192
619 495
114 476
454 290
989 512
605 250
870 490
928 632
753 720
93 878
341 560
630 920
337 446
493 396
684 290
269 961
274 3
300 430
91 780
496 226
346 710
985 811
262 172
941 899
392 348
274 348
593 386
736 679
570 628
923 868
755 496
720 561
380 979
168 116
474 170
636 300
297 554
935 529
506 955
724 226
295 680
526 449
521 275
95 61
960 210
562 165
887 914
92 25
928 756
163 574
321 208
510 439
810 966
865 323
949 340
589 280
125 781
893 498
937 443
545 900
212 691
923 121
160 908
736 941
45 784
585 64
334 839
299 570
843 225
804 816
381 560
742 536
216 971
268 749
734 441
854 687
615 887
762 246
410 860
56 577
310 126
908 663
509 48
704 280
554 240
22 909
145 146
313 88
972 788
546 997
714 171
100 549
389 884
166 315
396 566
34 547
954 594
89 24
508 399
627 131
751 536
143 540
695 709
943 394
741 223
294 642
198 421
782 15
391 34
801 77
91 846
27 941
463 457
597 477
322 387
583 626
748 854
178 583
803 906
173 243
729 691
225 378
817 125
564 995
12 883
403 891
67 298
322 604
193 72
91 298
761 22
628 51
970 104
786 335
63 726
927 643
450 63
888 956
664 395
371 522
567 719
408 399
215 173
179 555
479 944
927 128
515 370
642 528
134 492
28 219
38 425
55 644
416 349
1000 450
817 524
510 352
283 57
830 572
566 273
968 736
876 999
648 222
413 546
861 762
425 263
648 947
256 263
813 373
88 576
233 875
883 46
158 702
415 987
708 735
720 679
948 451
507 369
80 279
331 6
770 309
539 75
392 155
805 488
956 311
860 780
807 653
413 892
730 27
191 434
964 620
203 381
5 578
725 14
841 648
146 697
567 573
680 186
64 249
853 147
627 996
986 524
10 683
330 850
95 898
180 416
829 399
183 436
662 172
992 164
706 890
98 18
859 789
230 784
449 899
271 867
324 25
678 889
727 906
939 853
724 823
934 553
642 849
72 869
593 822
63 146
61 20
861 10
695 967
555 917
488 918
930 936
973 341
195 884
215 611
398 266
421 16
31 455
654 678
290 62
546 325
874 631
987 397
366 819
147 362
76 277
602 905
816 449
484 804
174 411
960 83
822 283
477 506
264 422
899 400
945 341
753 19
165 293
717 835
191 517
728 704
574 836
31 663
50 545
529 64
290 39
284 715
766 293
472 162
269 339
867 107
289 21
311 259
290 628
343 52
555 462
12 940
428 252
181 964
822 390
803 910
950 353
684 298
664 971
314 851
22 549
333 304
393 654
948 939
874 15
799 712
32 190
940 208
760 429
688 865
158 366
581 883
520 416
157 40
534 525
566 324
883 645
198 353
247 816
665 583
389 933
805 961
575 11
149 254
913 703
960 978
423 792
87 766
966 354
686 711
428 345
373 586
633 884
248 892
205 159
396 180
159 109
979 336
236 852
149 635
56 708
576 871
615 434
687 917
835 334
628 367
768 386
866 502
836 848
930 806
461 231
93 421
50 910
575 693
639 484
534 665
625 238
188 956
51 171
346 443
131 17
812 728
125 428
732 135
797 337
153 461
528 664
116 271
515 501
677 941
545 645
979 112
266 96
910 528
667 156
426 629
485 639
61 681
274 253
321 504
756 623
164 819
872 328
662 354
980 665
561 653
546 213
815 539
240 897
461 41
98 549
331 789
897 87
439 689
695 143
989 477
399 369
489 48
20 884
612 145
173 857
34 255
397 533
936 461
238 44
734 944
575 62
323 575
272 437
380 760
42 156
498 261
925 305
233 41
717 358
633 691
922 419
45 330
83 832
528 541
449 913
280 487
887 118
407 290
415 593
853 808
278 428
969 59
768 762
892 993
155 627
620 646
554 249
643 19
401 803
608 617
841 163
564 66
238 753
295 657
244 331
820 726
434 827
389 221
916 698
896 178
475 97
831 659
643 991
576 895
695 719
360 559
595 112
735 706
252 594
781 506
271 381
207 65
427 921
201 436
487 672
828 152
439 800
891 235
282 471
780 830
390 140
819 359
686 202
158 553
918 752
650 312
840 615
394 222
290 294
69 841
360 185
37 494
461 923
542 384
767 640
530 762
83 473
316 849
868 767
283 459
469 333
596 500
280 187
419 845
530 790
774 749
528 884
845 570
116 557
143 229
762 230
18 702
583 151
228 410
11 467
666 838
670 797
498 504
401 924
251 484
909 116
563 154
429 743
980 545
271 57
207 308
447 32
512 985
353 387
572 648
688 200
775 794
142 664
121 47
867 223
317 453
485 460
741 643
411 188
649 915
789 850
32 790
655 867
243 606
41 57
811 999
967 978
777 290
460 102
931 499
344 421
71 679
671 197
503 625
570 644
253 355
690 835
361 423
748 299
741 627
129 292
395 62
794 867
653 278
857 994
427 497
295 332
177 619
393 993
17 484
243 931
700 892
423 504
878 458
231 861
249 889
738 125
677 347
74 98
685 174
511 122
466 538
237 261
194 586
628 351
516 15
296 400
401 592
769 841
88 221
926 359
694 9
336 319
720 811
349 980
120 356
430 567
456 771
458 781
236 218
634 844
435 46
126 530
612 986
611 79
626 257
827 102
675 368
77 75
742 388
415 852
494 524
791 96
630 677
712 167
58 239
430 439
576 804
54 634
129 683
886 485
952 537
692 258
626 541
156 410
916 472
938 452
940 427
352 683
379 332
152 999
202 414
487 929
807 479
702 982
101 337
985 755
941 885
889 200
665 736
814 369
756 539
967 264
648 787
564 405
951 800
900 210
21 631
108 830
637 97
498 775
9 252
502 707
720 631
611 745
487 361
637 815
354 838
718 31
827 284
841 793
501 118
446 346
305 398
890 326
436 927
436 973
557 78
415 459
528 490
380 714
305 790
922 349
861 933
920 271
509 6
769 82
697 201
81 982
97 240
659 379
207 775
394 278
748 453
820 869
992 413
316 432
606 18
962 813
641 74
436 13
170 243
603 593
828 425
222 527
978 86
610 548
742 51
305 402
586 180
159 676
249 849
527 485
862 965
297 442
279 327
575 935
927 285
670 344
849 377
955 620
312 563
504 410
745 511
43 635
417 84
436 776
134 794
558 857
206 996
62 961
134 961
502 377
949 148
141 695
339 275
418 712
244 41
834 837
905 66
89 104
377 759
75 553
587 330
783 540
897 103
668 523
603 274
459 822
539 336
719 694
442 739
83 171
924 806
788 441
23 174
363 429
864 275
331 310
678 817
824 201
550 257
789 774
115 319
184 588
57 744
31 672
293 875
550 360
271 473
275 896
495 333
165 649
419 860
842 807
625 731
868 329
964 57
173 942
767 555
102 477
115 208
768 458
750 886
605 366
127 5
856 97
938 4
248 126
747 521
742 696
308 888
569 430
743 677
979 292
983 620
192 993
415 687
935 195
27 460
203 665
220 281
235 930
993 575
284 523
238 855
843 907
574 761
111 256
176 835
987 515
215 484
287 887
902 453
259 749
676 788
822 12
727 216
317 854
139 695
817 471
931 706
360 540
78 91
431 258
281 175
342 105
575 144
173 19
802 157
742 354
442 616
360 290
728 880
14 643
901 181
689 571
580 426
817 412
562 884
176 243
97 722
930 751
459 5
49 283
707 18
1000 823
723 888
137 763
695 132
707 866
799 875
615 991
468 587
84 646
812 76
484 296
110 879
844 569
136 427
46 106
736 119
382 352
729 935
571 3
358 883
38 926
368 539
673 547
195 453
338 533
604 860
76 838
389 500
41 193
758 167
633 506
261 898
224 332
964 104
361 389
39 848
921 754
417 909
388 822
434 697
387 940
661 326
173 806
694 760
488 533
813 755
905 863
110 781
542 344
130 453
638 240
779 314
796 345
662 745
259 860
539 66
569 257
514 365
294 935
236 527
332 613
282 161
236 868
744 344
112 380
640 406
502 234
254 611
219 151
678 412
101 840
358 690
980 138
571 369
620 715
789 721
486 467
544 225
959 945
711 807
985 980
306 953
246 486
142 532
69 916
758 722
940 885
616 414
690 832
70 328
461 693
323 881
394 347
748 523
111 486
288 758
388 125
98 149
662 633
757 294
538 129
136 456
678 626
554 346
567 775
111 209
684 670
925 224
510 998
96 144
216 492
840 699
62 466
170 732
35 205
465 141
304 174
27 358
840 326
505 273
776 891
737 764
746 529
858 642
636 480
669 816
946 257
901 854
363 827
762 661
624 829
543 72
50 231
560 727
162 140
843 993
617 142
383 579
916 245
770 737
297 276
529 303
848 375
678 893
140 35
392 838
3 557
200 634
43 52
338 397
891 840
689 978
389 687
933 318
720 70
706 489
497 875
414 617
9 871
468 287
746 321
165 72
511 219
728 21
536 226
704 466
475 62
459 732
697 892
193 801
533 895
535 718
657 80
350 485
478 442
799 427
15 457
7 198
17 978
122 300
49 337
863 403
652 650
626 859
186 232
369 640
997 263
374 523
396 114
629 970
260 425
965 57
908 957
779 176
494 576
796 876
473 879
282 554
509 56
159 522
17 226
115 395
786 399
491 486
89 575
818 664
769 320
368 474
888 789
276 215
470 442
758 890
824 635
210 692
706 85
840 394
498 304
962 356
371 100
536 275
38 980
416 25
115 760
295 69
510 2
280 70
898 291
157 629
529 806
839 933
26 742
590 971
993 413
652 558
28 907
578 112
533 301
889 211
318 891
568 784
876 829
548 893
159 646
146 371
377 706
853 587
283 162
502 16
71 456
690 186
692 711
556 531
741 125
405 466
388 34
441 278
863 646
628 32
639 194
619 331
838 423
462 730
919 179
624 916
658 811
280 747
570 276
774 891
455 527
912 964
396 437
126 366
389 264
5 440
360 215
291 661
863 618
923 191
586 403
530 137
963 491
476 902
124 328
310 385
699 844
637 273
645 966
590 202
639 87
791 962
315 155
402 118
568 326
438 38
619 596
580 435
884 952
595 294
284 678
68 259
893 754
200 417
139 309
239 284
67 274
839 533
442 802
312 824
561 125
588 396
683 512
516 220
668 972
298 718
5 840
354 841
389 272
676 341
448 773
610 754
195 807
730 701
262 637
345 844
988 983
509 324
549 21
433 838
274 184
630 520
54 280
832 392
56 196
321 468
825 124
957 904
895 633
708 135
216 141
255 208
390 667
162 875
252 352
636 961
469 801
530 643
863 620
179 520
375 165
331 465
385 30
974 381
203 94
611 682
629 914
474 206
633 755
681 679
535 304
267 259
936 68
408 619
378 589
974 603
681 632
180 627
117 184
174 967
501 784
521 545
350 596
535 243
936 416
828 939
103 465
870 920
145 507
359 154
76 407
10 741
900 290
776 28
313 383
928 186
391 135
889 795
418 688
992 963
255 395
186 668
831 339
54 883
701 595
68 996
653 289
822 167
422 320
428 296
569 913
836 310
693 310
569 449
588 327
120 554
886 223
602 278
21 253
951 134
873 502
22 908
69 14
345 471
226 278
102 813
948 259
250 420
979 56
82 421
411 141
305 132
926 106
491 910
733 351
158 723
652 130
636 739
115 696
977 230
474 45
578 168
883 487
136 936
332 314
578 628
681 954
71 186
646 174
139 499
707 95
626 630
682 3
246 256
579 439
518 985
382 462
766 776
171 69
88 140
250 702
915 662
796 100
483 519
951 156
279 458
629 899
719 566
836 790
890 401
934 446
291 13
661 974
769 31
405 300
15 579
561 115
856 827
395 846
174 852
745 103
794 317
473 604
61 371
398 734
795 388
524 755
550 874
423 31
715 238
490 555
62 215
191 457
464 711
307 811
949 140
169 450
975 68
926 879
544 383
949 904
841 324
913 334
555 720
337 858
63 596
859 804
602 31
864 391
893 47
480 648
97 130
134 628
842 84
484 8
307 472
818 470
90 375
393 411
467 464
910 35
93 301
64 9
957 31
664 742
384 17
678 200
44 459
933 487
484 551
618 835
740 703
840 824
242 174
51 666
152 763
579 110
496 176
492 619
260 826
978 180
178 283
529 397
244 68
622 18
105 554
382 343
720 486
117 791
140 799
78 465
925 470
610 611
973 848
824 454
653 443
830 881
742 228
62 576
24 980
98 413
160 977
929 761
493 692
310 905
715 196
495 912
569 754
894 370
379 865
519 957
919 940
462 986
134 401
982 990
89 53
498 41
577 805
125 175
649 938
84 664
255 317
849 672
265 560
713 525
761 688
449 77
694 957
301 879
205 756
667 766
359 425
168 299
855 264
356 884
197 267
297 310
628 32
380 59
229 205
767 453
375 602
557 662
753 583
531 302
273 248
298 466
394 702
386 941
501 646
501 61
106 806
69 823
930 229
820 23
819 642
856 180
394 9
401 442
638 938
587 654
937 227
772 149
478 410
321 935
943 190
878 303
801 226
97 598
176 119
36 198
461 456
717 935
716 305
454 968
899 706
831 490
451 355
879 487
685 112
462 586
972 149
217 368
271 142
379 201
689 486
684 184
148 104
502 131
62 50
810 537
601 17
545 77
993 32
636 690
717 783
432 293
916 704
957 444
334 662
674 649
713 657
798 225
593 948
884 198
527 896
388 379
382 3
269 529
878 434
418 897
941 370
214 683
505 123
606 331
29 436
466 652
120 566
613 55
466 808
709 326
439 881
69 459
754 29
76 283
362 593
71 742
796 104
540 104
51 59
116 671
848 427
364 183
766 605
81 624
394 92
277 847
776 33
659 51
89 515
116 674
96 899
757 972
711 374
645 850
310 665
668 383
303 565
60 819
711 351
208 888
273 561
308 302
882 561
224 762
533 846
527 121
988 806
752 940
576 838
530 737
236 463
88 200
739 522
70 761
13 334
659 975
285 954
525 864
285 781
480 764
313 524
676 289
351 460
480 204
352 347
589 896
667 225
109 972
717 328
586 308
380 284
112 39
541 299
731 653
775 859
906 447
968 322
25 711
474 288
747 169
742 190
377 832
43 936
178 682
625 539
679 113
125 704
179 602
938 529
213 971
97 242
634 95
747 992
846 937
263 148
140 958
163 245
782 505
604 641
56 52
936 315
176 495
199 315
746 383
921 643
856 898
416 600
340 930
351 317
999 443
849 962
103 218
388 9
287 273
263 977
631 38
288 710
867 907
702 66
259 258
695 549
178 35
675 934
93 108
25 473
88 380
152 63
557 425
339 110
314 471
884 129
754 656
587 880
303 328
511 437
156 984
630 252
351 845
490 996
638 777
4 539
916 999
520 730
596 403
642 595
415 865
601 588
484 805
565 251
782 982
340 400
841 31
893 728
342 817
233 41
777 956
120 367
770 239
397 595
127 922
911 610
820 111
590 464
439 603
648 724
308 219
213 447
500 648
880 124
620 816
783 661
657 181
480 78
78 938
75 770
632 118
590 164
618 277
185 558
677 196
22 115
903 481
966 380
745 606
452 938
71 428
47 989
644 423
31 355
104 180
473 994
938 194
95 182
120 894
855 649
488 17
530 843
852 875
693 520
80 72
238 536
5 823
36 146
420 591
84 418
706 724
55 363
537 509
830 744
811 947
290 217
718 347
296 300
768 229
203 38
544 415
590 998
862 946
719 759
328 186
63 578
452 171
905 713
842 183
13 432
976 214
722 118
719 957
128 349
840 874
649 823
596 495
392 293
208 451
679 751
94 648
734 862
202 681
858 490
686 253
467 305
108 8
557 40
669 509
370 436
261 175
945 394
147 500
768 919
996 784
609 8
881 372
126 456
469 65
951 457
733 805
683 996
653 287
39 555
579 584
84 177
204 95
374 25
89 84
69 881
36 624
49 782
779 902
949 575
366 806
432 814
412 520
556 419
416 33
484 866
982 695
648 156
300 520
330 120
676 468
398 20
267 523
404 115
897 364
138 112
847 896
79 278
549 702
11 413
875 993
317 979
426 393
5 505
913 7
443 202
531 615
70 545
585 605
99 602
878 866
479 337
958 597
935 793
430 422
471 449
50 849
353 745
829 341
747 921
834 335
889 428
197 835
424 2
260 346
912 378
265 112
413 222
362 768
380 440
656 1000
561 727
362 504
868 517
473 616
823 347
95 902
663 145
16 214
409 52
941 64
441 279
717 686
631 767
503 723
177 480
354 654
423 821
856 51
919 361
798 826
592 207
165 329
223 682
332 964
104 183
154 3
699 584
418 808
318 869
533 695
180 528
352 420
682 416
640 428
240 660
929 902
565 806
504 604
915 879
779 79
797 847
688 474
593 338
465 908
479 627
653 631
694 961
684 838
695 420
840 778
712 152
224 985
647 982
781 961
855 588
862 481
552 407
700 397
98 577
959 996
932 54
224 510
636 704
830 751
160 71
160 425
836 695
378 12
613 882
963 503
213 774
150 673
868 591
286 779
20 523
342 173
67 690
264 578
560 69
780 940
160 708
628 657
384 592
78 669
477 307
43 786
498 538
466 672
177 844
980 450
703 269
122 694
849 710
311 709
170 995
767 70
419 299
860 15
689 705
605 78
915 977
443 142
782 458
192 295
816 394
668 793
924 279
803 683
268 160
818 750
491 20
480 999
569 266
385 376
614 66
325 246
709 159
618 935
472 535
710 928
868 458
817 750
736 305
496 747
412 321
768 570
677 511
166 742
65 279
915 476
13 978
708 112
857 187
865 492
73 115
259 922
149 461
340 818
674 273
965 59
713 670
977 675
498 631
530 494
495 822
867 986
708 8
438 394
563 897
923 334
171 655
829 318
315 409
879 41
868 604
633 929
505 910
927 683
261 118
172 5
309 219
15 794
508 785
164 146
329 560
355 266
933 121
163 842
700 313
240 995
2 828
397 119
151 390
978 247
600 180
882 756
960 318
273 276
69 554
186 779
416 922
839 686
859 745
558 596
157 638
875 219
532 787
305 453
835 491
881 587
293 585
548 694
466 148
740 87
154 906
786 550
564 163
168 328
913 942
911 374
861 811
890 8
635 685
245 238
891 842
711 277
423 958
671 793
831 941
839 393
660 752
227 80
360 580
643 629
399 396
810 821
126 312
8 97
2 683
139 58
50 334
480 598
863 122
504 700
821 124
545 995
205 144
773 270
467 653
645 483
756 557
513 543
452 186
304 270
858 768
98 320
247 172
832 910
602 243
280 451
791 91
111 934
605 874
82 251
877 100
751 773
946 585
593 753
865 210
62 395
16 450
994 66
857 989
390 876
541 148
425 410
921 984
673 469
135 649
520 86
878 867
288 672
902 483
441 182
859 192
996 492
205 371
764 994
347 684
531 557
627 408
482 315
29 296
778 89
256 927
126 845
545 777
968 66
243 682
197 592
325 278
826 502
49 720
251 242
915 236
821 625
618 699
656 505
491 404
775 562
922 800
92 736
983 719
550 332
431 265
162 684
189 262
409 655
617 201
292 360
483 187
240 990
76 265
697 367
643 142
966 584
572 716
330 646
870 292
340 302
509 301
213 771
621 170
773 958
664 583
573 580
346 688
563 404
739 540
968 259
89 231
321 740
374 437
838 311
57 144
68 543
327 149
33 804
68 32
893 334
254 715
685 550
8 886
109 469
161 532
288 372
877 853
876 522
800 365
72 787
927 778
543 200
154 628
987 751
294 149
399 176
769 881
480 128
382 416
170 920
415 890
862 786
87 638
300 319
713 995
390 74
570 21
34 227
577 333
691 51
975 51
351 383
549 252
320 451
331 921
21 629
992 302
235 669
609 656
315 630
982 859
616 969
562 981
88 511
177 368
571 193
852 222
556 640
140 553
886 697
750 37
704 854
233 557
528 309
954 444
940 361
350 910
657 572
519 994
529 241
377 158
419 138
28 852
712 743
907 367
672 870
445 59
318 750
362 478
563 809
352 188
230 465
513 516
915 835
491 623
290 925
880 479
95 785
730 175
500 608
514 207
737 636
982 169
515 569
958 12
925 565
936 647
479 29
511 790
417 130
7 324
187 157
960 39
806 79
973 446
644 925
135 563
825 691
130 775
148 839
459 911
38 812
671 738
412 744
41 602
444 436
126 338
910 555
215 430
368 402
141 189
832 145
287 602
796 487
561 556
54 26
632 599
498 878
177 217
522 977
746 677
176 355
356 933
662 291
18 896
861 504
572 89
690 287
845 102
346 809
756 887
684 203
317 836
152 625
130 691
274 983
614 863
681 650
53 758
9 401
45 622
508 281
533 995
741 214
599 768
694 204
427 301
186 553
460 749
150 738
396 227
728 136
852 328
605 712
986 630
18 770
160 795
472 55
314 908
983 439
240 925
980 861
280 1
444 662
713 188
719 26
238 92
952 844
424 23
431 28
339 37
255 84
454 139
131 722
860 27
197 777
403 837
111 245
986 954
88 472
72 106
782 382
558 466
335 74
993 865
467 64
788 701
244 317
390 926
120 277
186 474
976 57
147 682
769 775
522 687
779 442
369 265
429 805
380 204
504 145
461 1
955 735
154 978
136 45
229 886
258 488
687 494
169 497
263 328
248 725
922 603
285 645
126 398
714 248
633 727
643 212
634 532
350 688
257 661
859 736
342 953
656 605
825 94
947 781
863 374
136 349
205 937
270 936
19 87
519 50
91 627
256 389
605 119
636 820
963 349
788 540
731 821
396 513
297 716
295 141
377 934
30 372
515 174
909 113
272 641
438 734
56 785
704 795
772 230
511 335
429 640
610 644
993 585
892 880
977 214
361 766
701 926
428 231
142 387
694 781
914 293
657 842
626 546
878 536
525 896
83 395
45 200
324 993
254 56
90 380
760 735
574 555
738 31
53 102
238 872
358 271
269 209
418 403
782 982
679 788
60 626
687 769
70 218
277 864
15 290
536 223
26 524
925 905
221 413
758 501
393 102
858 66
940 55
761 122
766 121
632 881
278 103
241 843
893 235
997 289
202 728
368 350
517 655
326 90
567 36
682 243
729 435
802 390
686 497
412 854
586 692
165 130
650 898
911 990
482 446
368 67
496 306
11 179
385 683
742 349
662 954
385 276
693 622
77 966
742 359
347 339
863 185
200 208
745 401
798 226
913 634
983 386
730 199
984 475
5 384
44 175
295 340
333 347
483 486
595 902
265 291
60 744
62 221
324 921
884 662
933 406
523 856
614 719
723 927
571 192
868 169
371 497
521 631
67 315
304 808
648 146
16 850
337 171
865 423
768 325
295 147
26 11
930 116
670 996
129 531
719 922
581 388
821 805
595 713
652 144
99 396
928 520
3 412
95 94
963 966
842 487
600 56
442 981
333 214
360 154
282 598
890 151
434 97
810 24
787 650
491 186
128 623
307 29
381 619
51 44
574 776
636 116
462 773
687 328
966 442
470 355
749 156
567 516
941 686
863 802
478 576
191 39
623 559
827 997
987 684
705 984
706 613
683 809
956 641
448 742
778 320
186 301
672 309
857 9
688 591
354 47
602 103
146 805
868 871
681 908
36 166
361 444
328 726
363 165
283 22
644 204
883 196
61 141
584 945
313 100
855 478
143 82
789 404
385 259
602 630
429 528
683 174
477 368
769 117
417 298
128 489
231 199
695 400
550 267
312 569
793 959
573 215
954 717
458 878
20 241
661 230
730 115
53 619
42 591
405 537
237 69
542 135
706 711
433 448
398 286
676 261
610 884
586 716
469 705
442 579
562 80
492 134
657 641
282 907
757 607
970 337
514 536
575 2
152 841
723 403
932 651
736 29
639 594
151 89
892 984
674 56
736 629
865 764
329 323
495 69
614 365
689 103
863 18
735 390
98 731
508 194
671 321
536 604
952 270
109 570
915 95
133 321
539 837
284 468
839 473
711 878
929 151
779 934
459 649
512 602
990 909
1 62
744 666
564 870
944 967
145 514
727 23
131 317
546 685
688 231
440 565
366 728
144 608
872 177
664 43
966 240
211 672
151 523
411 852
817 211
975 97
493 22
721 685
17 362
675 830
447 583
252 385
910 699
448 877
684 566
128 267
652 789
677 833
132 260
848 529
691 903
676 513
424 398
143 705
66 939
390 830
36 367
623 111
336 355
368 71
233 802
213 372
509 674
618 416
611 91
117 794
875 291
616 140
178 800
926 65
889 74
294 193
565 634
518 660
742 544
229 755
292 276
960 665
864 909
650 148
10 526
66 593
799 370
393 957
109 719
62 509
695 201
838 982
718 589
905 218
517 939
687 640
243 552
679 765
951 534
981 473
435 408
623 546
45 756
308 71
980 63
290 570
850 654
837 221
20 55
247 405
947 115
505 607
422 279
329 727
420 714
582 282
675 596
914 35
256 339
681 987
893 63
344 927
80 636
150 231
121 554
640 707
69 778
775 985
56 574
702 252
220 330
476 824
129 888
767 268
524 64
584 505
921 534
783 820
867 768
254 696
898 434
947 261
662 583
225 296
311 833
596 989
128 15
180 311
982 239
115 802
787 774
820 304
329 147
845 813
993 453
59 943
568 142
580 952
780 400
397 317
352 767
610 867
58 900
292 474
840 497
608 539
885 186
495 706
114 280
568 226
504 6
770 905
890 79
489 380
448 864
489 62
172 996
78 565
558 759
657 297
443 848
841 366
818 167
936 941
50 700
217 999
174 798
861 223
262 474
373 96
452 693
459 552
950 966
332 430
456 841
983 180
287 314
718 657
947 677
247 576
689 109
99 124
898 450
717 290
97 425
583 126
524 141
310 692
50 980
387 757
220 539
194 125
350 38
388 482
177 795
524 943
494 749
802 63
549 414
200 717
672 980
722 176
124 947
550 55
561 135
974 348
360 955
649 899
572 835
313 722
196 226
940 278
200 169
529 218
542 256
195 300
305 426
582 628
948 188
99 265
266 40
2 604
437 34
836 749
89 303
646 644
709 297
579 240
342 827
251 739
386 208
772 754
539 353
614 700
557 823
899 656
731 324
924 579
504 803
780 723
830 618
12 990
385 384
735 308
205 475
782 607
215 955
412 536
110 737
261 484
964 961
707 385
496 586
906 896
288 850
889 961
162 961
79 313
78 994
318 629
976 654
51 811
224 702
70 63
955 133
653 4
495 524
31 683
486 344
104 184
144 495
554 503
106 337
134 435
259 100
350 449
453 694
464 469
714 871
277 228
447 231
25 906
488 55
360 483
129 650
909 144
882 799
781 563
252 294
517 58
589 979
157 490
265 947
594 710
928 873
816 382
695 261
244 645
217 74
642 651
776 868
694 737
190 771
338 912
242 947
74 370
147 805
576 379
312 858
572 804
575 120
835 529
550 213
684 361
444 408
457 651
742 389
192 653
199 167
327 830
88 52
466 436
315 443
626 359
651 710
454 759
98 95
194 508
263 717
139 508
254 931
724 569
501 961
776 241
717 404
559 732
903 186
923 792
699 306
45 889
237 630
473 996
981 663
859 27
1 530
758 261
709 997
581 491
375 684
126 34
961 462
346 881
891 511
420 566
400 377
208 713
98 351
19 625
419 379
906 116
712 709
130 11
317 59
78 418
788 21
355 656
800 704
683 345
308 462
803 869
69 92
130 897
336 446
142 616
409 461
225 684
456 235
856 602
426 7
659 809
372 123
608 191
960 293
12 410
551 653
767 129
893 322
283 130
329 487
25 817
120 476
353 810
945 327
301 223
64 111
648 721
625 490
272 374
228 305
935 566
28 130
323 618
934 383
695 213
811 500
831 408
846 665
779 383
962 834
872 187
636 362
794 999
961 979
820 841
358 619
56 703
812 969
737 370
89 662
775 289
550 931
57 133
761 30
914 883
344 991
849 724
895 257
662 391
941 533
773 900
648 254
882 700
436 540
799 68
271 203
203 296
36 328
371 31
291 759
83 9
278 22
396 178
26 75
214 81
63 268
768 581
34 224
506 717
735 948
814 555
125 24
688 181
486 720
686 688
721 247
993 336
493 606
624 97
590 541
335 980
232 896
195 805
533 125
993 130
29 493
872 555
578 7
919 933
779 526
165 195
326 250
608 54
959 900
125 526
705 500
859 260
319 455
405 734
283 21
793 935
985 499
847 635
749 798
199 194
49 271
547 513
818 857
190 20
508 753
598 368
292 515
462 454
932 809
39 94
433 369
262 860
322 978
479 867
872 798
788 122
813 65
178 700
348 628
154 995
393 846
969 574
778 55
897 686
809 806
440 799
633 986
231 300
570 550
148 669
31 543
988 357
787 268
900 224
206 413
504 586
287 103
50 292
389 406
167 717
630 529
473 3
433 775
432 339
302 305
250 184
766 352
510 733
417 576
638 227
729 555
686 59
251 904
707 471
152 50
570 31
226 646
557 215
463 409
500 499
277 38
319 431
557 745
186 615
34 912
818 417
96 423
510 580
152 976
27 233
843 239
873 971
507 191
552 511
543 703
910 784
668 770
837 961
319 829
474 832
173 919
423 903
841 478
994 799
124 306
65 257
308 909
54 895
796 854
454 215
284 374
193 294
643 529
6 207
828 809
609 296
176 649
528 984
43 302
336 34
726 288
406 859
728 933
706 633
343 556
623 591
541 515
815 45
334 149
939 924
338 537
829 293
737 497
545 700
354 780
623 721
11 754
292 413
721 972
616 822
314 582
21 69
770 819
968 523
975 19
151 543
945 308
183 23
239 22
524 592
125 121
444 422
947 357
437 761
291 331
66 431
271 496
110 568
396 784
624 516
440 857
880 645
301 250
817 924
651 387
562 627
71 595
184 21
845 181
774 918
707 564
712 819
21 571
928 601
99 798
540 370
548 653
806 219
918 716
192 926
66 855
346 728
255 675
377 735
141 695
965 125
938 767
197 230
338 89
861 792
946 663
610 392
868 953
167 150
361 563
657 534
64 827
786 524
85 275
622 342
606 808
224 2
964 62
77 678
579 467
214 258
519 170
379 29
658 499
506 226
987 721
225 515
279 453
640 567
665 986
901 469
53 558
170 71
889 483
75 660
771 106
382 797
295 429
962 488
962 361
501 952
167 264
174 860
622 126
699 199
802 649
165 894
280 385
627 831
809 271
609 919
787 822
691 857
736 180
481 240
875 42
861 887
192 751
57 849
626 924
790 287
445 664
949 258
867 853
748 72
491 748
451 512
911 536
427 469
568 96
177 694
526 103
667 567
333 173
620 217
475 541
670 648
774 815
72 321
372 410
360 492
801 362
562 458
202 493
903 27
984 755
455 931
284 303
876 189
554 190
740 555
191 228
963 967
37 668
256 425
725 574
303 845
341 838
509 407
798 6
47 449
765 679
135 888
418 997
777 623
890 161
609 537
450 871
679 937
930 689
57 98
723 620
704 288
453 567
746 518
67 941
926 746
637 381
437 28
266 702
191 232
853 760
668 796
173 561
731 117
258 164
353 637
487 814
441 938
876 716
889 362
224 843
136 322
701 473
158 226
784 677
816 819
344 507
574 341
16 212
144 909
811 364
430 501
189 989
917 712
180 247
713 309
457 763
930 666
174 949
392 809
378 502
36 549
20 110
391 696
604 492
741 935
972 841
839 360
625 766
734 198
600 766
44 880
572 360
829 747
278 627
840 639
912 809
560 404
502 653
178 683
776 135
664 743
234 721
252 940
468 280
701 90
455 267
914 704
557 379
448 6
803 944
750 401
916 152
422 800
123 553
47 505
303 417
736 320
294 301
551 508
94 244
367 637
748 942
548 132
495 779
717 702
180 17
301 392
36 996
215 220
62 134
739 985
796 94
947 517
521 87
684 511
949 298
533 403
416 589
645 206
304 300
672 600
22 46
412 540
875 340
929 605
530 582
664 930
611 635
335 131
27 319
736 725
750 900
310 947
57 252
263 618
651 263
126 789
280 860
11 335
280 853
937 737
555 869
742 675
721 192
543 627
271 433
15 491
444 843
556 181
681 352
96 391
781 156
433 616
600 615
963 574
660 925
494 958
560 476
43 371
372 692
843 102
967 970
879 883
800 42
525 804
54 563
573 45
719 52
743 246
962 439
147 944
654 369
807 810
251 506
455 353
383 876
470 287
711 438
990 833
785 391
603 357
621 686
196 279
498 641
911 613
90 106
887 897
652 452
719 44
300 213
117 159
229 716
376 719
255 30
388 257
556 398
356 221
682 712
192 922
205 563
737 432
780 647
96 174
665 16
738 897
229 586
817 536
439 902
252 177
189 909
428 495
468 265
884 401
827 678
817 926
165 174
799 978
713 301
175 517
886 784
131 918
796 592
458 237
381 582
587 905
141 263
701 179
434 721
884 669
141 434
945 490
224 892
244 950
357 314
323 951
749 955
970 157
14 659
398 230
451 43
170 359
436 628
275 741
584 187
52 667
585 545
494 757
113 581
639 780
123 603
922 336
509 963
247 280
722 862
492 25
234 509
582 468
840 432
575 792
466 332
122 408
201 916
337 585
672 625
908 704
415 241
983 131
45 545
130 506
730 778
103 906
440 948
983 187
640 220
672 525
959 953
817 823
190 830
32 60
809 648
625 323
507 764
473 507
105 550
731 994
231 229
480 592
360 434
587 844
371 72
53 771
946 108
981 248
871 438
227 151
686 519
336 423
40 633
810 499
674 337
171 923
227 816
449 416
644 244
773 574
117 102
232 597
367 433
319 43
358 765
875 526
748 290
549 736
133 509
676 343
207 532
324 266
628 453
381 817
28 983
78 289
828 654
299 873
940 980
732 170
890 301
966 519
100 168
262 643
978 715
364 455
645 86
818 57
583 868
691 535
197 545
764 704
161 587
18 771
146 933
414 592
578 529
887 862
136 454
336 723
13 472
519 95
291 752
532 359
170 677
366 238
189 401
408 425
304 562
515 719
246 83
498 497
940 712
664 55
177 678
665 183
464 465
800 609
812 932
233 455
99 494
53 890
740 391
939 561
51 303
789 181
465 909
536 775
776 834
451 492
607 4
946 214
76 635
564 844
874 906
16 86
339 179
350 715
226 211
588 84
199 494
929 440
924 705
915 551
252 621
874 216
210 898
644 430
272 670
300 258
547 11
376 903
678 299
846 363
629 801
663 769
839 579
497 224
711 521
291 375
817 661
88 888
943 422
575 163
88 985
450 850
801 144
65 482
12 421
92 462
539 620
490 886
460 800
84 691
158 39
932 928
639 924
754 398
618 238
477 222
730 337
669 817
688 473
206 803
474 993
197 474
490 365
236 527
329 973
849 152
197 813
377 771
709 913
603 257
178 283
58 250
399 877
212 981
125 518
277 40
704 540
670 387
849 620
272 917
895 932
699 171
364 515
74 424
923 355
60 823
543 198
742 97
614 365
582 286
390 451
153 644
8 181
568 846
827 504
400 910
149 15
936 146
997 109
512 996
153 409
217 163
249 266
388 619
89 421
215 481
61 235
751 741
727 572
796 404
599 118
626 322
268 409
397 84
275 171
919 35
882 418
383 656
842 47
612 48
632 814
805 253
375 237
533 50
516 682
672 871
386 976
771 820
693 100
137 427
299 765
698 563
781 217
616 463
278 895
966 926
743 977
323 738
612 247
771 684
543 459
628 803
377 425
464 696
177 570
363 901
914 984
974 777
924 120
189 655
946 41
401 418
68 991
222 153
358 871
359 907
16 168
96 398
879 629
464 597
673 730
624 688
102 745
836 819
904 973
421 162
560 483
131 982
48 262
548 896
571 521
408 565
422 587
901 254
414 801
281 653
185 988
730 409
316 688
437 454
669 356
517 870
155 61
237 30
10 885
859 856
308 857
814 789
922 432
684 296
16 172
768 996
516 980
972 973
713 765
185 18
608 475
276 216
958 804
627 50
308 877
553 799
604 316
271 119
73 893
8 80
142 642
906 776
611 26
519 432
935 876
225 25
407 915
514 528
847 435
202 300
176 104
437 713
538 99
260 174
938 476
688 514
476 879
420 483
416 176
68 833
743 575
140 570
689 357
647 845
791 303
526 645
24 920
115 426
376 788
730 297
30 6
303 374
772 524
986 173
545 382
384 986
182 902
109 80
549 590
733 716
963 436
792 882
189 92
853 883
873 582
984 69
66 417
498 328
591 456
954 310
605 962
789 19
2 516
170 178
62 217
776 243
781 412
77 763
244 917
732 370
321 373
211 681
777 593
429 273
881 699
910 232
62 423
737 391
726 801
129 179
643 4
416 54
304 600
303 201
601 975
261 997
403 753
464 660
102 846
453 200
454 800
104 684
538 964
398 432
548 73
15 410
582 73
533 513
207 297
298 436
294 287
200 37
896 779
541 574
303 43
597 1
637 383
232 372
125 687
816 616
368 873
987 954
392 424
175 28
495 658
621 685
119 926
377 71
321 329
154 87
594 44
151 204
28 473
812 665
692 293
649 26
647 500
435 918
733 857
657 288
202 244
804 865
2 762
735 609
106 186
31 879
739 846
618 798
647 96
281 753
44 13
168 510
957 286
478 950
182 141
482 65
791 257
638 904
883 692
973 959
335 692
2 832
838 94
525 638
422 689
945 8
172 17
511 534
230 51
633 108
94 137
330 132
245 874
398 405
283 219
425 247
825 795
819 832
228 960
944 921
758 149
484 422
534 897
845 249
753 185
76 863
925 774
35 94
830 564
701 626
523 539
328 916
485 788
398 155
885 427
200 554
170 75
710 626
490 495
742 125
365 297
376 803
753 236
836 249
650 148
874 716
906 583
591 943
145 176
289 368
489 661
477 129
612 942
396 89
960 341
819 71
381 763
146 705
21 879
323 31
885 312
746 90
334 807
849 123
648 698
75 19
466 129
983 723
189 665
933 793
541 910
268 248
886 468
854 399
376 188
864 280
860 824
479 184
471 568
455 282
704 353
334 619
978 71
649 334
973 401
74 246
673 100
859 594
814 966
683 911
668 567
126 742
157 849
883 145
713 777
286 409
385 378
654 677
465 168
170 27
13 614
337 429
584 134
227 517
565 438
948 160
945 464
736 733
364 676
632 657
178 760
491 305
377 819
331 240
784 932
34 917
996 660
755 765
627 891
280 913
625 450
454 339
408 307
538 278
674 9
31 659
327 555
43 383
484 693
573 761
231 257
41 397
350 100
195 682
306 600
325 361
935 284
131 954
791 444
711 511
438 488
26 761
441 457
836 169
13 752
318 622
587 45
599 642
284 455
655 353
12 26
714 242
848 265
93 346
30 614
738 312
837 317
238 267
901 510
888 358
985 358
167 991
210 427
277 459
223 383
14 232
739 731
566 937
98 585
744 970
254 158
960 49
168 124
298 127
918 282
884 626
560 192
401 447
664 881
714 825
138 460
195 455
958 899
720 837
625 502
542 363
839 476
515 683
395 557
135 63
362 530
179 654
965 806
70 352
17 93
578 399
294 608
107 665
345 95
554 331
483 871
831 661
428 5
321 401
884 801
743 479
778 358
670 966
762 429
122 966
375 410
36 24
585 474
222 529
677 181
505 976
824 855
266 909
434 373
123 379
216 7
800 652
409 584
736 628
404 43
27 645
596 320
442 715
128 401
438 456
547 311
190 891
53 310
416 789
189 944
37 498
564 656
590 285
953 757
971 925
608 798
51 853
855 660
147 816
982 333
790 463
122 430
91 219
74 969
178 279
577 905
596 376
747 485
271 282
718 930
325 512
961 443
135 72
973 419
129 849
460 972
761 462
381 304
357 74
242 317
199 31
990 963
411 217
652 125
972 442
35 64
207 703
328 665
520 354
242 18
423 740
252 464
661 718
292 878
378 886
996 458
365 727
588 932
151 651
249 267
812 613
559 43
956 319
417 748
954 661
134 272
184 233
956 696
113 877
199 418
628 250
180 919
340 282
203 582
644 386
535 780
25 985
727 997
927 362
140 567
161 902
83 61
284 667
517 708
37 211
251 400
929 868
491 389
761 682
833 139
963 819
629 332
771 910
439 216
266 900
282 640
224 728
462 179
258 838
467 409
62 625
613 28
489 934
261 960
557 109
596 585
915 37
805 492
359 99
926 943
945 762
490 998
537 18
510 774
907 88
505 796
181 975
75 350
651 465
751 492
997 894
209 825
476 776
972 850
520 930
464 604
30 536
449 681
647 43
851 375
951 585
272 74
404 113
878 414
258 685
297 520
855 362
660 581
664 328
934 468
689 632
54 637
860 157
760 614
548 452
256 248
47 924
384 405
697 483
448 854
511 781
772 769
920 36
651 754
105 793
278 473
145 64
110 516
790 835
942 666
933 359
9 772
188 320
379 759
826 113
109 824
559 883
889 700
286 385
619 224
553 506
71 409
992 167
772 573
234 254
335 629
540 185
716 255
412 598
612 553
673 536
214 210
435 86
80 9
600 758
425 82
416 800
767 6
982 417
669 654
661 344
107 810
520 783
291 961
746 493
586 660
11 143
945 620
935 905
903 975
262 372
822 469
697 791
92 535
6 142
768 545
6 644
686 377
232 537
835 98
824 626
834 346
713 471
706 782
134 489
547 681
781 914
916 754
681 906
782 520
104 182
907 999
441 83
644 948
100 980
920 69
834 888
7 42
59 381
918 825
343 264
358 75
977 87
876 528
473 962
858 300
802 336
190 100
620 105
820 759
854 905
252 476
532 659
362 726
982 948
368 241
623 656
599 487
284 254
53 860
36 417
37 494
251 635
273 515
820 177
258 146
307 58
878 50
99 637
149 768
47 274
48 110
957 112
373 5
651 737
542 630
727 843
242 852
689 282
267 214
794 771
674 465
308 25
970 769
170 667
964 199
135 472
761 930
615 643
419 629
253 506
675 809
35 322
854 648
842 805
798 250
392 172
769 420
235 514
545 843
153 728
550 393
500 825
65 748
897 837
554 806
626 750
166 918
198 342
220 796
421 682
421 727
61 384
676 926
448 187
896 321
623 699
298 359
736 33
905 346
86 706
719 734
916 690
65 668
929 279
472 752
437 633
926 462
6 137
54 843
619 58
301 844
962 470
619 482
757 915
157 235
436 10
700 214
323 139
668 768
389 976
864 886
117 83
595 734
264 586
525 268
764 48
682 561
574 467
474 364
255 762
267 595
332 31
873 992
118 250
571 22
885 106
267 971
608 816
775 632
636 914
149 777
316 806
299 554
149 648
101 469
544 94
808 698
682 24
69 781
695 98
575 659
224 576
712 748
245 199
618 126
622 180
176 447
230 315
253 169
627 17
810 395
963 896
632 66
885 798
723 402
707 429
102 314
77 815
348 487
120 702
896 277
322 821
826 302
179 630
332 355
654 502
854 731
12 261
8 776
605 568
679 313
682 672
750 374
376 855
285 596
712 914
830 177
405 718
384 248
229 643
996 159
537 256
715 152
516 783
718 577
474 747
24 69
369 733
757 186
560 739
235 499
58 818
942 939
78 164
635 202
954 708
7 896
785 221
903 915
722 907
647 733
751 433
591 519
658 968
318 662
670 952
996 709
858 774
712 888
133 215
744 286
170 470
510 667
654 801
528 148
259 67
115 192
843 787
730 685
52 896
795 804
179 503
808 996
445 283
806 110
474 527
638 999
451 700
568 361
87 319
889 260
474 412
864 956
117 716
873 442
132 103
810 20
499 569
580 191
483 564
93 326
829 176
583 696
476 230
244 891
772 756
558 634
826 435
113 135
521 550
830 856
668 680
673 328
171 557
976 413
705 136
287 616
360 297
998 703
373 530
804 371
353 210
166 708
289 480
211 769
440 26
494 306
517 491
657 136
910 963
68 417
863 419
852 700
724 949
455 877
581 893
880 503
288 603
897 510
375 284
700 116
325 738
793 609
659 915
975 11
714 191
700 110
597 542
932 751
296 75
660 839
496 85
60 263
984 721
485 845
191 941
749 137
37 543
464 490
321 815
172 83
590 691
833 149
657 790
373 652
856 363
287 392
807 805
647 459
328 780
430 266
493 548
743 318
155 826
917 168
592 620
844 701
919 383
915 740
207 357
118 599
927 619
381 622
126 180
791 172
635 295
356 826
154 785
711 913
715 959
557 252
520 814
814 168
206 816
915 271
135 235
695 602
24 239
682 303
993 132
352 251
831 436
779 643
510 37
40 587
986 600
569 745
731 107
961 501
665 122
908 186
41 60
508 94
278 466
181 11
42 939
360 438
739 711
561 272
953 443
670 390
472 81
315 935
489 534
766 431
183 587
904 470
941 409
914 676
238 431
187 139
807 583
283 33
591 728
477 891
206 401
130 886
413 122
826 684
901 570
376 989
226 886
722 59
873 185
489 463
279 620
485 581
689 692
158 170
650 328
620 516
281 222
812 476
249 34
934 220
193 993
544 532
894 383
674 133
773 452
84 849
513 364
867 994
606 209
331 87
587 95
355 228
274 807
204 623
740 330
782 715
349 76
77 602
633 696
777 93
864 327
88 723
948 869
363 383
786 223
20 311
624 280
966 220
852 651
944 421
546 390
397 4
505 165
313 837
220 607
877 242
879 797
237 998
791 38
287 526
266 963
12 407
365 484
93 637
613 230
262 519
473 60
487 392
669 106
963 573
405 174
226 725
578 327
934 260
30 943
777 796
955 670
772 926
980 746
646 402
457 64
295 609
52 346
41 711
122 398
744 758
450 309
749 318
125 679
854 392
217 457
663 76
59 152
947 980
735 475
125 988
419 237
526 853
643 430
543 508
667 162
238 36
755 589
54 245
854 855
571 986
598 487
496 941
455 793
243 921
453 244
98 685
967 864
735 681
627 889
892 45
604 639
828 336
355 823
297 968
191 141
156 41
735 732
461 751
374 295
493 630
404 900
752 718
301 140
584 443
488 169
439 339
226 960
566 548
910 96
568 215
220 234
910 716
85 224
59 670
951 845
368 203
944 740
892 123
597 663
392 646
734 683
282 565
923 728
82 117
411 385
186 454
869 440
601 265
738 188
859 314
4 16
650 336
883 75
666 377
295 713
691 161
864 87
856 767
562 509
591 825
656 291
418 302
868 127
872 840
124 539
411 978
298 917
905 597
780 754
293 975
680 937
716 790
12 523
789 465
751 169
540 663
581 563
293 488
27 79
754 656
656 513
654 554
997 865
564 505
299 654
777 567
115 983
352 587
887 963
489 257
236 946
836 238
959 364
935 59
457 465
120 160
141 80
504 154
943 772
419 502
873 613
67 205
572 447
548 157
138 351
42 850
148 760
217 211
421 441
135 795
778 791
119 25
628 849
373 819
652 314
161 858
554 795
828 656
218 905
456 656
771 362
574 982
441 10
107 317
121 307
305 648
567 805
128 119
742 960
520 472
185 986
844 695
480 449
541 915
830 468
891 399
367 578
865 65
926 590
700 239
195 167
310 987
913 424
467 785
770 133
663 38
385 950
435 829
827 499
794 828
472 190
992 735
840 91
688 755
736 789
179 920
798 576
429 438
823 564
385 120
588 57
682 458
916 557
467 189
317 877
742 790
189 784
702 902
49 863
278 336
668 539
236 702
1000 907
85 107
573 110
341 783
618 194
595 2
279 348
851 156
714 743
153 765
253 2
477 922
246 788
43 456
644 728
862 784
209 522
620 869
852 918
628 933
217 136
853 327
849 789
298 623
842 267
824 232
570 837
233 277
69 561
262 302
176 118
192 61
220 3
562 314
313 272
708 6
153 14
69 545
155 401
542 613
167 808
384 763
523 16
168 710
441 619
813 992
488 578
649 984
199 538
892 527
515 449
268 39
183 822
789 202
987 441
848 731
910 841
273 102
375 783
701 885
964 567
664 263
835 804
49 604
411 290
775 20
507 888
166 767
825 646
447 714
234 69
981 403
779 703
102 7
74 83
777 792
75 541
250 875
380 464
984 305
476 748
959 469
210 610
725 926
374 406
396 522
700 46
156 416
681 552
63 853
527 792
853 143
156 294
341 30
218 240
164 632
790 404
180 240
774 892
724 980
241 619
632 808
942 526
679 963
235 77
651 577
536 782
12 238
493 929
997 559
924 141
504 396
515 959
421 413
47 804
889 248
686 162
599 842
292 985
588 192
712 313
889 65
533 490
883 986
902 406
2 25
758 192
688 206
330 211
189 854
152 573
28 734
427 91
89 36
344 17
786 274
19 745
775 479
772 515
421 123
66 341
350 578
106 164
403 3
920 969
349 638
66 952
590 911
303 420
548 173
8 910
238 126
192 91
494 448
805 797
436 363
447 590
672 62
575 376
468 179
440 637
666 414
161 745
202 530
725 711
348 219
740 217
316 88
220 145
591 337
760 627
130 413
189 42
10 371
479 914
908 665
579 239
891 998
40 972
267 495
757 706
922 122
274 10
362 129
279 772
840 836
679 470
618 34
42 631
353 467
814 336
515 13
823 876
902 976
178 696
914 517
833 480
598 479
301 704
365 956
655 746
377 721
803 768
719 124
927 877
174 355
430 434
592 353
405 134
374 480
453 218
867 417
709 316
969 240
871 618
415 424
533 280
792 591
231 696
905 916
848 579
192 59
591 63
385 329
327 967
380 686
34 801
216 25
343 465
576 445
785 637
506 293
881 484
327 396
78 116
704 606
545 653
715 779
926 746
842 738
509 303
723 95
99 81
680 307
184 563
283 938
123 764
311 404
754 35
117 529
125 406
110 990
263 953
928 890
724 703
229 163
144 680
828 299
782 455
822 853
991 674
455 198
682 732
356 849
778 726
797 484
339 98
185 775
172 61
630 184
346 999
906 638
230 38
477 735
63 39
714 56
200 75
2 511
71 676
470 807
665 220
67 324
828 628
384 896
170 721
57 794
399 509
841 119
353 42
731 935
23 671
213 17
120 330
291 869
73 931
398 209
998 434
869 827
138 865
376 451
791 592
784 389
835 982
111 156
687 63
355 582
196 402
188 522
261 619
15 840
69 414
914 591
510 926
177 454
438 903
301 595
953 894
669 783
401 952
699 145
736 922
77 280
324 18
492 409
163 519
296 425
731 330
387 2
298 855
171 583
529 610
979 691
426 160
362 803
517 723
227 627
773 509
285 212
627 755
672 123
734 559
6 673
840 179
537 298
667 527
623 116
144 391
722 202
194 50
842 434
471 34
900 44
30 537
593 110
808 72
365 127
339 679
519 660
644 506
421 981
655 155
741 94
100 32
308 185
982 446
953 80
74 165
93 821
257 408
654 877
832 396
360 722
869 112
401 221
750 895
824 373
568 88
42 628
766 90
295 400
400 292
894 76
65 819
650 448
624 426
98 610
282 69
429 273
142 767
3 209
839 710
408 142
770 160
656 684
666 354
254 915
759 990
992 274
164 377
581 672
293 508
16 439
34 470
463 792
451 921
361 918
660 535
255 219
951 105
836 795
690 953
247 290
300 498
164 548
509 814
773 370
229 196
347 143
545 817
981 753
107 980
678 141
949 610
200 868
317 545
501 863
667 323
902 233
16 59
90 415
524 654
428 962
718 44
913 185
849 738
326 282
329 663
440 708
748 721
995 698
566 523
187 327
855 415
444 324
914 427
783 455
238 900
143 960
880 147
626 737
270 305
242 941
94 398
331 965
269 719
922 466
414 885
35 712
282 307
618 844
43 958
605 447
278 908
316 86
739 480
857 493
312 787
150 406
10 84
621 984
150 694
273 541
429 598
585 306
54 710
618 213
124 993
83 487
541 331
169 912
711 193
92 607
971 907
42 535
208 533
438 927
896 120
812 400
234 151
303 29
660 161
31 350
206 510
464 651
717 181
845 499
26 781
903 930
593 241
582 653
572 928
101 183
796 504
374 161
845 3
997 234
183 885
865 220
273 582
744 936
518 99
47 843
31 785
109 254
501 171
998 809
368 527
852 317
33 461
608 940
731 817
889 339
971 345
918 800
399 390
68 916
521 65
158 977
521 482
691 837
611 485
903 643
885 298
882 153
895 825
10 161
342 436
501 408
130 748
580 227
420 617
803 71
303 870
176 432
287 850
145 981
147 104
633 610
982 414
960 546
607 9
567 145
984 36
750 486
826 747
634 752
593 846
113 206
891 371
790 324
535 907
804 52
709 658
411 786
220 244
717 517
926 666
561 356
221 302
506 141
341 410
151 591
448 424
692 899
513 956
712 534
359 590
140 511
639 871
529 17
606 310
525 439
93 273
285 395
361 708
261 731
224 565
176 657
655 949
540 296
801 746
591 347
24 990
290 616
108 169
791 655
670 153
963 515
765 205
484 531
153 783
240 536
461 759
282 304
916 823
106 769
343 872
659 529
723 699
926 400
178 925
718 266
966 305
237 69
691 467
219 305
440 209
368 784
934 969
274 725
286 617
195 214
629 666
800 531
903 132
517 308
737 92
346 324
181 308
917 211
823 249
215 195
891 699
557 67
552 742
961 538
88 420
744 959
945 864
85 169
260 913
77 754
877 300
91 477
311 449
495 803
95 446
950 238
445 61
311 80
377 523
280 149
826 831
361 472
464 584
580 299
854 550
93 179
365 332
848 733
854 886
650 605
757 812
765 3
120 736
175 46
197 177
471 83
332 923
898 192
630 403
917 536
821 916
372 684
622 737
936 641
603 1000
237 739
175 614
566 683
653 904
203 622
971 896
427 497
912 126
600 862
101 567
233 961
513 764
974 177
831 72
311 375
928 101
115 943
660 181
84 344
567 775
732 679
224 47
868 374
531 185
348 939
530 35
402 389
662 652
948 563
641 289
936 666
226 585
606 705
468 1
527 145
996 457
626 228
903 701
186 860
166 743
902 102
929 764
932 18
322 820
326 663
829 925
228 690
784 469
952 627
550 475
125 832
24 302
951 46
914 964
862 215
594 50
964 496
390 790
910 98
109 118
603 893
151 569
573 696
274 951
505 174
252 272
868 991
348 845
291 798
379 193
620 692
446 174
395 411
221 669
542 942
829 424
630 806
179 743
279 134
924 114
604 9
614 292
532 383
15 657
88 420
266 923
267 813
328 139
958 282
118 515
818 475
291 687
956 585
687 95
180 795
793 20
763 37
595 165
850 501
58 231
624 70
470 410
400 931
989 1
156 455
610 479
330 662
681 943
565 220
769 403
419 964
445 385
249 545
263 194
183 95
801 3
895 332
147 794
126 149
865 249
968 3
827 967
335 926
848 451
204 658
775 491
411 61
343 551
434 424
92 187
541 299
569 69
943 898
353 656
297 498
78 87
474 216
352 209
983 118
158 615
491 429
638 449
302 525
71 477
536 556
600 896
130 607
88 329
850 170
938 478
618 481
374 533
630 292
444 94
74 377
129 603
417 58
110 980
986 778
210 580
954 505
641 634
271 320
207 396
47 145
18 998
202 958
436 552
746 789
411 792
463 886
22 167
439 730
663 709
650 256
934 85
785 348
640 127
82 214
796 804
499 421
146 662
327 105
420 426
371 27
38 395
362 156
955 300
201 215
888 866
513 453
955 175
451 119
422 302
988 290
537 586
136 754
813 731
514 893
632 85
646 497
653 907
425 618
341 315
782 746
156 328
154 744
804 35
735 429
717 464
869 195
869 662
997 418
761 352
311 344
391 737
731 435
323 538
523 710
62 680
566 228
338 827
181 652
636 33
682 471
848 846
275 498
4 537
530 742
470 787
772 433
149 464
18 588
383 286
790 38
60 898
332 13
350 58
48 575
3 895
79 778
397 185
511 214
219 220
834 360
998 262
209 480
937 757
78 504
935 202
197 464
358 954
509 480
788 982
404 693
63 573
165 574
254 894
626 401
713 832
120 935
564 975
664 206
860 885
515 432
314 918
569 810
924 748
653 233
955 276
719 828
216 101
571 916
54 645
805 400
514 695
20 600
683 935
405 237
316 948
93 725
432 387
627 923
255 816
542 754
733 658
981 400
201 228
957 689
424 736
408 870
930 144
823 405
20 57
812 97
891 549
40 512
226 642
439 517
756 287
732 554
113 842
785 533
52 403
172 446
9 497
30 572
203 127
258 969
674 384
495 271
229 758
514 644
783 500
3 55
915 374
86 875
190 956
46 287
175 829
758 4
210 851
962 288
653 850
322 309
580 297
844 871
314 81
871 137
549 382
928 104
189 165
206 279
385 880
823 492
230 182
656 31
998 124
176 117
604 377
183 468
945 1
815 519
838 31
211 999
97 45
472 987
707 810
917 109
726 597
994 671
182 392
896 48
93 372
903 406
516 114
337 748
29 832
259 333
307 110
86 472
845 824
434 189
197 495
206 550
11 805
58 96
440 450
250 93
708 252
572 745
206 423
245 133
315 568
340 975
742 840
45 720
753 579
891 259
37 732
232 823
542 445
925 975
246 244
816 282
753 794
452 559
493 197
296 549
400 262
583 86
11 824
37 28
784 273
484 634
897 624
899 155
750 473
515 458
330 793
607 432
334 146
680 35
298 58
177 545
579 629
693 317
91 351
838 616
452 457
415 331
130 502
437 96
383 123
260 40
822 296
464 439
575 617
120 900
529 383
319 463
425 502
200 897
82 529
852 769
244 542
86 148
410 116
401 243
384 735
524 549
139 636
902 96
92 525
145 808
366 696
545 593
51 607
583 259
685 843
816 891
835 172
957 149
613 302
514 930
710 730
188 394
898 279
982 439
57 277
206 929
852 855
435 477
135 874
237 439
718 597
191 208
114 479
390 714
758 349
994 659
40 535
870 582
889 783
762 133
962 577
542 989
264 347
708 323
299 768
933 628
985 110
965 79
461 156
234 476
436 632
630 135
61 347
140 626
264 67
500 189
905 911
122 941
692 619
299 313
796 976
529 54
356 39
595 877
143 439
939 117
799 106
699 299
297 555
430 360
233 870
323 73
724 601
659 715
194 376
604 274
619 736
626 443
948 640
814 574
774 893
338 737
888 272
199 999
734 865
926 492
785 379
943 67
186 792
398 173
722 854
595 589
8 185
801 909
643 120
88 432
659 136
171 301
497 14
544 414
325 8
204 811
649 774
110 763
516 728
245 713
417 376
741 117
669 795
728 417
595 713
13 494
803 978
207 365
407 31
191 505
332 932
630 923
660 903
498 401
99 775
430 7
697 542
941 595
837 334
594 649
349 617
160 735
333 529
657 104
475 91
185 143
448 907
846 592
39 964
711 433
267 405
365 423
499 621
225 257
169 592
259 851
510 307
841 682
476 133
864 935
614 180
241 504
969 336
463 865
297 985
693 823
532 443
994 866
221 362
554 214
854 755
458 371
773 281
524 502
859 231
446 696
740 414
746 170
488 935
476 200
141 650
70 945
572 966
291 276
513 753
969 388
821 448
488 992
183 903
344 282
239 483
826 200
490 873
467 969
651 218
17 922
778 400
415 954
547 401
10 938
192 65
768 534
991 637
9 100
196 267
459 268
998 809
587 235
649 647
1 434
635 849
429 100
512 263
202 646
71 793
31 855
708 804
234 12
196 541
591 894
281 132
740 757
709 382
975 510
645 905
392 745
728 693
226 431
286 573
780 919
496 48
435 975
355 800
895 700
413 899
578 674
664 154
639 261
695 175
56 62
883 802
280 850
554 698
752 563
640 20
698 416
455 214
807 271
552 470
751 593
648 943
380 521
425 544
507 486
235 393
696 293
335 475
115 43
837 547
711 333
259 784
829 911
459 64
510 753
61 92
68 141
322 848
542 149
196 711
297 751
625 430
135 469
759 462
246 436
541 239
59 947
636 697
112 857
895 865
935 364
115 299
540 807
221 964
711 13
111 281
193 940
295 513
17 759
903 78
730 865
109 204
384 55
503 412
700 479
776 404
181 561
240 939
903 673
253 675
823 786
367 27
82 426
731 53
30 746
245 237
146 630
151 919
765 394
62 498
965 156
272 422
946 989
220 336
878 468
895 353
588 990
251 889
250 493
941 688
367 2
716 890
875 360
512 236
889 768
493 320
989 334
22 297
740 567
25 918
700 776
632 742
724 571
866 397
678 551
295 9
971 963
527 155
618 399
235 683
167 977
720 968
946 523
699 628
436 823
959 97
313 100
610 203
476 830
187 152
614 209
216 574
183 731
190 166
90 440
975 765
950 715
884 965
910 692
23 341
778 957
967 328
301 114
35 76
3 823
921 263
936 794
245 280
38 619
755 394
46 640
879 59
155 21
140 402
598 848
648 455
347 603
918 377
452 405
813 15
273 380
336 628
554 173
197 360
427 441
815 762
702 534
681 370
272 885
375 941
681 39
244 565
911 167
147 387
290 655
79 470
137 514
45 518
870 918
344 538
981 285
903 765
711 849
6 592
697 474
343 554
843 332
382 669
665 3
407 773
955 107
211 861
751 632
275 626
759 360
58 761
764 315
136 640
942 992
1 427
743 384
719 919
285 566
476 516
852 774
545 605
333 753
498 206
545 992
467 684
703 169
620 323
114 44
870 351
371 649
270 213
552 730
309 326
154 319
658 632
644 749
38 731
359 945
101 81
383 20
842 123
526 532
926 218
335 449
472 540
611 505
273 257
660 668
220 521
592 92
656 298
304 68
889 138
723 880
189 454
981 246
96 426
358 736
103 868
850 518
252 930
662 867
430 376
633 180
136 897
835 52
407 965
412 947
807 374
416 945
297 963
75 849
188 54
26 865
735 289
242 498
737 258
222 384
243 68
450 329
315 592
91 946
786 864
477 772
338 991
50 416
372 127
295 721
60 434
370 48
412 589
647 903
818 93
151 815
742 827
255 193
271 406
58 974
914 589
784 343
887 743
926 212
158 866
706 114
232 566
252 34
116 132
742 279
401 437
602 804
75 226
886 795
903 316
432 44
293 897
597 710
529 945
482 493
925 411
308 272
760 970
431 791
955 887
691 444
303 388
562 819
604 139
474 160
970 220
316 447
510 838
798 375
129 857
276 358
361 946
739 155
776 142
1000 379
569 247
438 681
919 25
60 791
686 769
72 31
868 368
593 690
227 2
352 626
160 105
405 802
692 206
521 615
764 869
584 287
883 694
510 178
54 873
476 667
566 954
375 819
893 477
756 240
3 655
657 905
514 414
539 62
316 475
570 695
170 520
343 524
944 753
842 459
306 633
741 351
659 463
335 728
331 700
307 108
495 572
145 188
562 641
665 911
339 984
312 904
794 444
932 313
943 994
631 999
265 502
211 510
67 340
165 876
557 738
124 350
645 331
139 526
171 520
941 87
490 604
790 82
996 776
422 273
315 163
142 325
913 676
137 953
376 519
772 800
98 179
589 2
541 56
267 341
622 854
141 34
861 547
371 640
868 882
754 731
528 550
62 551
370 718
950 936
964 794
312 215
754 999
139 306
345 35
956 804
357 792
75 963
375 803
755 574
67 756
589 813
966 208
833 943
536 968
362 915
262 154
779 541
957 254
326 237
119 172
834 16
379 495
325 750
794 506
525 9
649 931
219 895
485 500
692 127
197 379
367 775
700 577
915 228
451 876
85 476
649 768
202 573
155 83
698 617
241 706
989 875
905 954
723 262
269 206
572 617
499 640
390 21
826 395
696 150
506 166
996 78
378 487
287 121
372 968
89 945
385 763
641 776
973 892
440 27
643 794
857 666
5 502
914 316
348 391
770 514
822 973
590 43
922 303
224 812
17 524
617 218
160 682
862 470
1 445
108 309
675 832
1 929
931 635
757 769
997 308
448 550
944 636
798 678
42 147
526 98
487 575
428 667
897 272
375 564
460 414
920 722
404 901
708 276
431 745
546 932
958 302
239 938
205 918
36 985
138 485
168 258
446 817
307 152
640 857
632 416
30 398
789 543
833 816
318 607
309 42
33 45
916 500
108 544
316 114
801 335
190 406
750 980
35 876
119 724
888 919
287 254
266 396
717 62
32 41
403 629
719 573
792 81
795 457
602 77
236 759
602 196
24 505
123 551
503 967
721 230
918 684
29 247
632 272
752 109
515 50
855 417
644 659
164 906
778 210
954 67
308 972
118 284
927 381
812 249
390 534
664 20
893 579
733 491
269 285
234 898
795 348
218 598
15 582
519 949
711 654
939 172
577 211
89 756
607 718
965 700
570 25
816 303
858 203
240 877
891 823
123 159
698 909
793 761
557 745
563 164
915 880
496 204
353 312
638 135
208 245
708 467
24 181
588 309
128 699
942 195
199 438
233 471
534 736
236 358
277 699
733 791
825 998
882 441
591 654
672 328
371 736
497 344
618 133
349 332
667 510
140 252
71 58
791 592
414 611
980 734
103 277
77 137
892 442
847 364
722 204
28 786
763 917
131 983
385 982
873 33
578 222
598 75
836 321
423 429
974 370
222 430
556 113
318 143
662 180
274 974
172 73
250 298
99 656
344 68
858 659
968 441
358 518
858 53
638 167
793 438
697 497
500 157
623 929
351 426
768 207
205 805
418 526
1 828
347 177
187 819
757 351
39 742
14 125
627 256
925 612
768 320
63 416
290 750
986 33
308 14
455 633
244 672
102 420
161 816
23 15
886 689
461 925
863 913
536 815
464 101
827 871
324 867
864 129
814 653
371 584
671 242
376 531
521 902
436 322
331 619
903 306
359 234
975 79
508 547
148 155
632 646
557 979
948 778
929 125
310 684
814 739
792 636
8 195
928 229
65 474
461 948
926 207
131 569
428 21
398 709
258 813
960 236
430 842
969 387
643 136
195 6
303 969
16 443
254 189
649 564
121 187
794 15
867 135
832 680
522 205
66 60
281 277
733 680
897 519
657 585
111 302
928 956
546 387
536 104
368 912
253 335
487 410
400 340
229 927
166 499
319 495
902 147
897 765
97 586
495 191
510 820
477 452
702 246
739 308
266 99
137 69
177 827
724 598
494 299
873 888
270 350
677 29
517 70
216 17
817 273
982 627
470 146
150 695
132 260
822 635
861 598
807 21
237 198
817 318
545 787
169 871
462 237
52 230
80 604
784 830
399 57
216 156
122 700
452 593
701 334
788 397
173 223
183 922
526 480
117 712
350 333
334 965
43 785
300 573
232 259
934 443
544 94
155 806
126 918
575 978
40 924
949 362
945 689
772 704
338 891
825 268
802 937
840 261
140 427
530 402
572 251
961 532
785 397
792 643
265 666
169 434
132 977
886 95
152 765
952 79
101 554
533 538
867 109
1000 85
178 411
522 266
46 425
313 349
428 794
437 341
197 953
133 978
733 347
891 904
527 678
186 171
312 109
931 771
567 969
359 853
655 490
54 557
968 395
916 326
786 84
616 604
556 317
156 436
657 271
313 573
301 580
642 682
518 303
336 168
709 980
474 757
784 955
444 277
279 345
746 832
233 772
76 380
932 792
149 573
475 326
592 9
27 731
396 430
850 726
218 579
542 247
112 855
81 123
897 714
489 170
424 527
885 361
356 321
94 217
232 595
773 108
16 578
642 579
206 118
1000 539
895 487
698 245
915 2
77 63
365 535
346 751
113 438
766 91
764 715
459 873
58 183
869 35
581 662
792 139
942 95
464 557
670 432
18 994
84 940
940 140
261 494
65 825
875 726
522 266
934 497
922 259
129 973
1 313
217 789
798 157
883 209
962 673
339 162
468 520
684 898
735 977
129 385
918 234
657 138
542 136
900 995
684 465
27 753
359 569
187 509
187 803
137 241
313 824
99 311
844 898
703 482
137 881
977 464
139 852
416 960
637 15
18 469
486 452
202 346
346 1
900 962
216 643
746 26
362 171
588 72
730 581
830 652
790 138
341 575
936 42
211 470
129 928
808 907
379 594
603 254
312 433
612 969
406 985
788 458
437 880
601 483
27 652
1000 707
507 593
882 916
557 393
796 323
327 120
602 158
487 556
815 982
669 304
835 550
407 665
120 356
961 564
373 654
639 416
481 979
118 301
277 855
118 725
395 777
531 50
432 613
200 891
457 930
834 441
950 504
5 9
749 117
421 673
240 195
370 344
250 4
248 432
787 939
565 541
183 538
879 923
784 675
294 670
598 456
959 353
296 714
468 535
739 519
150 468
749 631
81 760
79 791
619 814
205 493
362 513
764 553
783 277
686 669
687 289
343 438
780 282
214 295
967 168
658 667
540 150
879 549
139 529
312 496
995 295
195 901
523 383
529 805
846 441
485 283
434 641
804 870
708 930
493 470
294 431
755 838
630 885
136 910
57 266
902 847
482 384
238 468
159 428
371 310
357 495
350 19
684 973
482 306
600 604
138 503
345 724
413 1000
296 201
812 540
499 893
590 37
19 11
228 547
270 118
190 368
202 61
367 622
476 543
888 614
979 186
400 114
659 253
124 469
622 550
885 359
244 311
704 594
955 790
751 308
359 699
825 866
127 10
706 83
642 135
855 433
177 897
44 625
452 699
471 403
361 767
673 64
21 117
29 502
830 342
407 279
902 889
825 192
707 191
203 403
659 48
467 382
210 634
997 258
351 983
724 260
703 15
247 277
231 85
178 579
164 301
792 770
567 717
404 228
757 526
717 948
441 108
790 81
26 178
731 858
634 117
18 459
406 2
26 23
489 848
45 767
540 528
571 808
807 231
941 466
580 225
836 307
299 706
357 535
775 453
951 295
356 748
958 869
200 561
727 597
912 913
998 290
273 522
798 342
855 960
732 44
266 511
644 236
11 286
591 538
646 583
973 928
739 750
110 145
367 636
408 224
732 634
607 772
421 215
913 987
369 99
116 361
937 833
43 580
423 898
248 786
759 560
365 887
473 373
236 160
593 355
414 490
707 902
695 209
107 929
731 63
388 828
184 144
106 63
297 863
129 359
89 429
240 408
31 643
309 212
507 20
256 732
419 778
254 394
282 327
533 624
22 616
444 743
151 561
320 109
808 557
994 24
178 992
838 53
472 129
408 468
386 278
890 908
318 711
520 50
88 850
745 94
18 910
873 126
596 472
575 271
796 943
1 375
734 611
107 113
141 525
928 153
187 809
404 555
46 280
71 771
872 621
338 327
890 493
948 774
548 52
635 368
309 591
599 26
529 464
149 567
242 112
660 604
855 955
167 93
933 344
70 817
553 585
506 365
757 649
797 947
260 624
841 440
349 604
251 381
70 543
176 193
903 814
522 6
375 804
945 900
712 761
168 194
45 308
300 415
55 732
257 255
923 398
181 442
963 25
76 907
949 492
651 356
518 711
533 962
935 496
267 241
456 990
750 529
326 934
55 20
815 409
308 710
952 25
111 768
963 711
866 844
998 537
656 216
404 163
123 789
126 109
832 446
347 512
503 610
814 722
420 980
969 322
544 841
796 543
212 311
375 538
32 433
337 150
532 770
31 243
431 836
289 401
220 8
760 677
597 122
335 137
516 464
581 917
692 103
414 15
60 615
797 986
155 777
910 770
35 420
912 936
29 232
780 516
334 471
837 298
993 919
370 653
608 199
908 275
544 235
95 999
821 663
506 591
849 38
67 905
830 232
280 861
894 193
350 79
33 897
13 482
595 8
279 768
260 793
270 43
292 267
231 939
34 291
26 28
46 132
115 903
710 410
154 342
869 925
700 658
747 616
885 550
73 680
140 480
876 129
476 426
305 757
965 815
596 243
244 597
246 480
543 703
76 907
657 676
500 441
777 94
952 104
889 201
605 939
135 443
315 72
15 119
895 289
819 137
715 584
116 102
234 43
841 98
998 326
279 995
261 86
197 157
923 669
649 599
679 231
936 100
989 686
734 185
367 995
331 168
367 547
149 37
553 853
345 6
628 240
369 660
873 670
896 145
175 966
154 365
758 489
950 256
603 422
229 122
387 816
709 902
911 248
36 724
171 914
873 247
876 524
912 695
205 399
222 228
161 522
611 841
670 870
289 131
742 101
799 884
145 85
290 78
714 32
474 265
2 925
81 990
618 596
384 379
298 134
126 746
743 640
394 480
737 975
924 469
605 444
746 399
531 828
505 906
709 325
206 757
979 504
357 212
538 314
605 726
707 371
498 356
179 138
805 586
939 41
745 250
657 605
898 971
399 324
194 335
220 898
610 870
803 976
298 299
818 527
757 433
867 510
379 345
709 652
876 614
497 121
94 35
34 540
114 327
584 694
390 792
401 651
323 332
626 647
524 642
610 193
746 770
686 55
172 755
463 858
663 356
826 528
74 475
916 945
556 775
560 59
738 244
313 430
93 127
556 281
94 629
624 678
835 186
434 981
694 925
909 624
676 844
439 825
723 288
316 811
694 282
175 594
599 573
997 128
141 925
630 365
461 612
769 775
841 658
458 339
781 296
44 26
754 639
47 661
333 916
523 842
108 964
351 306
193 95
7 428
481 648
465 579
705 9
391 176
700 693
450 118
363 820
342 452
282 639
66 209
862 792
417 673
804 461
97 583
746 189
380 341
242 126
476 570
908 432
958 846
263 558
123 501
835 818
62 3
59 593
981 368
928 643
112 396
111 737
358 344
637 906
783 684
155 78
767 686
484 507
397 921
928 855
828 756
20 702
357 759
823 121
777 345
59 841
619 307
427 408
648 72
576 757
146 549
334 891
280 155
684 41
248 795
252 7
449 426
519 340
46 222
97 210
397 611
391 208
225 469
346 910
54 355
767 309
845 604
539 807
943 298
426 420
357 104
701 393
514 205
196 715
104 389
946 57
957 365
393 876
16 173
398 831
840 46
740 519
265 785
667 957
268 253
27 134
187 757
353 5
455 107
262 814
2 257
347 953
688 372
720 554
246 11
320 721
550 663
276 957
534 900
590 600
449 225
500 541
257 387
285 809
630 880
488 107
195 37
163 267
301 755
566 712
917 968
57 778
38 652
655 731
816 671
572 873
306 507
370 212
507 214
771 761
737 925
989 821
155 778
581 980
564 106
556 1
294 877
476 527
31 920
234 325
479 305
820 192
21 410
605 204
365 746
985 23
808 712
857 395
420 853
757 297
552 759
273 453
583 852
556 892
726 129
668 715
54 171
25 853
179 464
306 227
540 528
69 12
511 709
597 822
31 188
171 155
942 521
36 541
354 978
474 572
860 676
756 254
78 490
723 325
629 352
583 722
660 484
693 238
1 246
488 869
621 608
16 129
662 106
618 801
859 583
822 861
500 486
240 667
159 572
475 25
725 444
37 367
563 753
931 761
16 708
248 324
820 271
215 399
227 959
832 437
916 705
137 555
681 958
396 473
932 108
877 908
341 554
706 641
533 329
814 696
442 540
765 799
560 985
974 866
968 527
751 909
72 563
741 996
311 930
957 344
938 170
409 394
965 555
448 311
982 963
519 941
484 419
875 117
446 568
603 668
16 782
767 646
380 678
422 640
936 211
392 97
880 754
661 186
616 725
317 711
60 958
751 705
506 12
257 961
302 531
103 872
580 576
548 255
83 855
756 775
506 634
238 709
141 434
482 137
324 814
370 86
532 140
323 983
577 940
473 416
562 851
688 644
886 595
619 565
487 500
852 681
499 581
9 804
535 811
607 524
552 150
901 605
460 798
807 717
810 278
745 86
734 445
738 201
381 678
760 116
71 309
981 81
574 420
995 537
998 483
997 157
455 436
355 162
44 545
915 270
505 128
453 371
395 559
95 64
321 469
352 982
759 836
216 736
376 622
783 798
776 457
565 829
749 873
293 557
318 584
111 921
664 551
674 448
843 400
711 44
820 40
285 882
562 798
590 692
441 175
752 400
444 66
583 704
898 342
950 323
88 437
628 337
692 42
724 125
245 689
74 519
517 285
200 435
331 25
567 890
236 773
390 493
77 665
547 308
37 263
436 594
265 112
441 538
782 483
748 761
699 511
885 325
76 576
392 670
999 939
453 861
360 747
346 643
430 571
495 186
359 327
639 254
909 609
857 241
117 177
307 932
587 227
728 131
902 50
335 153
520 45
562 259
161 818
269 271
46 748
893 388
346 328
3 606
711 247
786 163
481 844
393 899
503 556
176 524
728 881
619 659
269 631
147 745
127 760
951 368
809 389
145 565
960 219
612 583
12 493
963 246
844 291
343 165
301 492
17 693
62 571
806 636
646 139
425 509
113 699
809 44
86 272
264 477
721 416
607 36
372 128
38 959
229 432
892 567
434 965
28 64
345 698
387 300
705 944
366 387
506 157
760 987
103 386
16 277
142 165
668 911
990 632
178 546
877 566
751 410
815 557
333 885
590 596
754 133
353 451
59 557
194 566
192 293
99 588
149 369
176 643
186 304
315 807
572 321
532 549
146 838
166 446
806 434
263 769
448 958
718 715
383 522
592 216
605 248
435 613
983 629
548 474
250 765
96 630
44 567
204 187
369 324
724 296
864 451
856 143
974 991
486 18
437 895
340 755
696 569
903 8
362 905
333 74
666 323
612 925
166 140
186 583
883 793
612 115
476 446
268 536
63 598
915 524
123 451
651 240
737 519
814 915
206 476
598 536
379 60
536 354
724 86
186 945
198 119
659 442
95 157
431 634
893 549
573 361
406 658
275 219
914 410
878 235
206 473
527 435
674 980
171 959
317 372
307 757
800 419
852 164
506 112
961 161
690 922
339 117
245 972
423 484
195 250
618 512
505 170
976 319
945 231
126 560
266 234
690 24
883 606
802 125
655 413
680 508
779 434
297 35
886 69
630 334
633 446
539 932
329 582
570 207
958 838
381 736
188 173
175 10
811 310
459 147
570 204
810 693
140 489
672 673
141 285
683 877
179 338
702 804
24 934
54 71
143 736
653 858
800 663
321 971
58 590
489 329
3 253
569 394
424 366
300 949
980 790
525 490
481 669
775 500
448 353
533 677
672 239
997 955
292 400
690 412
45 259
594 866
247 692
280 461
65 361
115 305
603 20
95 525
692 130
993 11
333 569
784 584
783 994
348 53
551 961
411 990
147 560
407 335
341 28
369 834
781 408
342 792
472 727
577 394
102 717
62 19
94 501
864 171
460 972
537 536
175 49
570 680
560 83
206 653
168 790
170 393
712 603
756 157
259 495
480 443
454 558
299 585
790 114
128 707
628 950
571 410
285 277
851 199
824 835
294 390
519 720
299 313
215 555
959 854
109 829
209 297
934 967
181 415
845 159
663 117
923 59
460 76
44 921
998 914
112 257
314 784
562 580
506 815
127 330
369 998
920 779
882 81
473 883
5 647
528 97
220 78
441 673
446 659
819 680
962 602
727 888
325 291
79 218
467 764
511 383
60 278
874 516
104 26
993 963
3 328
588 640
225 326
568 222
368 970
659 181
503 773
278 868
637 680
433 193
460 13
7 954
545 772
200 713
619 16
933 540
5 305
158 665
280 112
482 969
134 60
102 280
534 697
259 882
772 539
792 301
785 451
165 114
262 93
585 997
237 638
558 468
486 827
694 527
356 669
768 96
937 817
227 793
279 486
9 195
47 942
412 626
733 879
93 605
272 710
6 115
483 317
636 955
980 40
615 511
667 815
758 474
751 303
598 806
558 65
47 794
429 302
191 704
501 874
458 554
709 300
180 91
6 14
24 64
150 117
71 272
140 878
57 197
762 156
271 787
652 306
547 963
831 600
445 729
244 466
122 252
676 300
290 865
558 196
251 717
590 676
695 788
940 941
63 804
503 558
724 202
725 763
534 239
308 751
196 261
10 754
152 595
202 114
976 470
923 839
691 873
490 879
92 290
905 523
240 220
498 437
464 883
768 358
612 39
618 102
975 221
918 219
947 967
573 864
175 750
277 493
574 396
289 383
886 878
946 722
726 796
48 163
572 609
615 225
817 973
844 815
86 36
107 441
442 598
621 835
797 714
614 155
166 302
223 116
338 176
149 971
142 204
162 189
735 497
547 951
35 159
274 932
227 13
54 185
879 464
659 621
960 601
195 436
633 220
661 69
639 409
608 653
326 311
671 890
559 232
568 743
886 803
523 743
940 488
248 786
552 62
253 839
5 507
358 100
99 890
552 479
605 927
658 968
214 889
387 355
114 257
176 782
467 345
370 374
917 743
294 41
576 846
447 745
777 908
299 856
179 14
363 276
238 481
273 600
883 466
351 882
319 271
59 94
538 492
651 27
11 2
387 472
665 252
614 218
955 942
839 828
520 807
663 314
903 992
366 794
879 699
944 582
609 650
873 830
764 266
778 733
559 715
359 199
562 873
710 303
951 577
357 640
398 641
556 579
598 485
900 96
675 559
845 274
820 656
781 952
575 667
698 162
497 406
477 697
907 42
65 63
739 250
81 695
220 887
876 886
21 653
719 822
497 635
311 992
796 240
858 735
480 158
97 329
964 350
719 16
991 607
745 267
840 206
66 495
689 833
915 603
184 882
777 932
222 321
728 986
826 366
70 15
879 309
236 320
113 277
630 97
403 232
650 513
695 674
500 179
43 604
433 256
228 20
274 32
496 648
879 915
30 174
723 867
840 566
943 355
95 19
358 779
109 371
925 348
461 648
824 271
23 930
115 422
686 778
439 714
772 619
538 930
13 499
404 804
724 616
263 465
274 140
650 823
108 359
173 599
28 857
836 490
291 309
881 397
586 509
943 534
817 542
848 629
109 69
855 99
836 153
620 198
266 842
731 70
22 638
872 89
29 400
250 268
245 228
770 385
150 726
737 446
376 805
481 202
721 656
588 993
587 777
190 597
985 204
979 293
568 93
36 116
91 865
939 83
936 268
185 70
970 368
276 765
181 510
350 788
604 180
91 260
804 536
911 65
963 769
276 5
50 950
984 271
948 632
271 83
511 609
298 469
608 284
350 656
906 443
622 576
208 985
463 303
344 863
855 905
607 725
597 95
240 849
275 602
85 666
971 539
666 237
762 224
817 76
671 936
457 708
666 292
417 428
710 393
970 298
636 48
383 641
88 855
897 371
547 582
596 632
609 762
193 3
905 260
888 380
414 660
884 459
494 910
204 933
685 391
948 3
901 384
463 264
407 234
151 795
766 706
817 548
701 801
932 685
353 346
697 540
137 769
823 688
213 205
612 227
577 210
993 671
253 397
674 841
179 751
642 410
105 435
335 290
557 396
246 29
282 40
302 322
518 674
834 540
433 658
718 226
828 148
942 435
874 994
287 961
442 466
100 303
933 332
696 112
852 859
734 109
830 356
68 23
799 766
191 936
335 93
185 175
626 341
895 150
69 669
816 625
696 582
263 649
957 698
146 30
613 461
729 338
401 497
932 808
758 520
712 176
36 67
484 418
123 155
266 984
975 939
558 133
899 81
742 157
5 983
213 460
347 921
630 142
981 532
582 710
17 531
123 84
654 154
731 555
370 430
578 526
840 453
140 190
951 26
616 441
345 408
291 678
279 47
927 474
151 926
571 171
70 695
480 71
200 829
149 316
507 102
952 836
926 911
549 737
314 248
744 801
850 582
969 682
185 500
605 26
89 680
422 834
256 531
636 477
216 47
684 534
560 510
891 523
792 572
443 994
532 282
753 959
377 450
945 152
699 252
817 687
120 319
51 808
710 57
352 734
113 341
94 74
15 49
630 400
632 317
600 124
674 677
754 464
839 640
340 333
258 710
612 667
7 266
215 231
629 224
167 815
362 432
524 914
965 260
96 365
136 817
528 309
597 137
779 16
808 472
360 25
687 790
123 288
712 827
704 687
126 117
285 453
363 6
966 915
272 328
494 89
757 543
782 72
1000 961
158 76
836 292
950 813
600 50
469 222
35 704
103 830
744 647
412 756
743 538
743 817
199 707
925 300
575 387
248 198
824 751
447 296
463 379
440 693
468 652
973 98
308 265
940 700
253 899
941 365
783 370
840 915
657 349
676 264
495 293
138 486
51 808
474 205
1 776
905 457
371 270
334 66
758 98
425 398
612 217
504 511
514 559
225 609
820 930
992 235
48 49
121 148
211 613
947 531
167 458
382 993
145 484
298 14
242 687
337 261
728 563
630 222
442 82
638 509
471 502
676 12
176 544
570 981
682 807
755 103
9 21
974 158
42 733
813 152
6 83
120 766
270 919
642 974
763 715
884 913
232 887
555 420
721 38
160 171
36 721
389 639
343 893
630 385
248 731
196 143
258 120
273 737
305 569
260 295
426 372
817 851
613 548
125 141
248 734
321 725
480 423
367 140
912 11
66 224
708 431
104 452
279 386
985 218
448 561
771 434
319 536
719 287
800 806
810 692
190 255
789 945
197 248
815 946
363 441
963 281
854 224
869 995
574 366
796 545
308 133
784 954
844 293
802 930
864 752
201 126
821 584
801 740
803 156
75 9
539 906
849 34
634 313
242 499
648 142
371 487
193 479
893 509
580 299
574 497
982 879
47 780
884 558
874 150
982 138
768 761
5 691
465 700
520 139
839 674
893 228
796 676
244 805
267 444
260 922
666 30
920 239
448 115
37 265
184 201
203 40
313 851
462 693
303 480
804 376
349 724
41 580
273 398
607 406
847 408
171 984
245 228
954 388
701 556
180 318
411 927
876 109
180 456
421 258
534 488
65 189
861 379
754 254
755 830
804 670
972 627
624 711
740 376
572 817
898 185
978 754
174 782
826 719
592 198
884 91
430 347
204 284
418 457
337 193
346 92
316 346
993 412
608 621
778 721
588 26
183 287
462 163
395 135
678 731
449 830
163 50
338 754
724 605
141 193
160 586
691 940
954 323
918 5
379 702
311 320
802 744
8 593
34 774
286 368
446 403
345 139
540 708
446 793
116 822
209 154
12 656
616 723
409 923
904 360
640 728
741 555
880 565
378 183
857 1
656 257
218 791
835 866
765 480
960 188
843 584
408 660
761 727
182 238
273 173
704 12
866 215
967 346
854 479
765 223
436 739
417 905
472 545
186 115
220 998
796 196
918 79
563 809
558 291
695 217
392 582
118 137
445 907
53 668
737 286
875 711
360 230
280 665
343 646
186 728
884 883
517 690
600 664
691 590
882 715
844 587
184 561
445 278
328 161
736 629
63 38
605 572
430 530
109 310
855 900
891 577
273 806
804 955
632 61
921 696
795 810
190 384
970 314
758 300
837 609
497 339
547 165
372 394
409 77
324 434
860 161
139 116
894 163
945 574
250 790
424 130
690 484
855 879
133 28
800 412
447 198
927 893
998 829
637 817
539 649
941 636
335 862
526 215
512 217
954 850
861 178
336 909
311 709
885 644
13 758
859 853
370 980
394 801
123 980
938 48
925 542
446 403
43 503
702 905
835 886
288 739
475 337
485 150
472 814
441 813
83 363
267 370
609 660
562 350
410 108
168 582
495 289
505 658
371 612
364 102
671 527
956 546
968 122
728 956
996 393
59 803
282 768
712 975
945 593
32 133
724 68
853 432
266 575
691 301
459 364
844 342
708 47
485 652
652 31
152 394
953 396
844 900
96 159
339 593
240 183
12 363
320 830
930 885
513 783
611 878
18 104
723 333
842 260
625 99
930 327
568 61
293 65
449 152
227 791
87 684
173 13
182 515
207 751
297 417
886 621
523 211
907 82
278 699
393 103
292 349
774 736
105 149
559 571
4 835
978 24
111 874
702 625
863 92
147 80
43 725
489 17
828 804
34 840
891 472
328 825
857 705
699 508
313 94
542 238
76 307
544 827
406 28
257 389
852 76
668 154
461 978
225 948
862 744
405 504
322 255
2 780
29 906
243 168
761 341
846 478
826 670
971 606
377 885
309 854
881 82
409 421
611 901
227 651
81 13
388 817
478 452
950 585
262 618
642 222
826 541
274 336
593 304
789 26
391 891
760 538
523 837
117 336
82 367
790 169
362 92
945 288
116 179
578 338
333 589
140 316
359 542
287 596
625 860
17 530
30 562
399 602
774 396
742 571
23 666
552 620
595 589
89 520
900 986
664 421
309 691
884 294
619 660
446 658
610 689
657 401
630 520
312 292
194 982
679 290
920 723
386 769
974 37
587 446
624 224
377 882
708 539
925 948
11 581
479 952
458 393
374 387
901 945
939 39
107 773
641 83
510 906
518 350
36 527
110 288
4 751
457 636
360 339
318 383
454 211
142 442
279 13
975 798
385 94
529 78
379 79
25 915
690 847
863 540
437 944
489 781
236 215
887 38
221 618
527 641
853 823
64 477
5 931
967 188
216 331
756 84
232 170
672 917
285 924
604 691
555 520
988 147
805 621
289 278
553 236
568 37
532 187
275 754
157 795
364 754
798 112
438 332
682 809
586 1
708 51
385 431
908 815
450 604
742 888
772 43
738 617
261 706
759 625
919 953
2 600
323 3
2 341
60 13
144 461
940 463
92 807
149 754
57 628
246 24
551 628
804 526
365 221
615 329
250 944
843 197
783 665
717 806
204 954
111 223
947 31
219 288
985 509
569 85
822 99
116 747
687 113
550 577
440 700
761 122
162 183
646 643
450 92
655 56
924 156
283 224
127 548
643 728
452 127
676 225
444 203
472 979
852 1000
443 560
980 638
312 219
842 15
250 296
810 39
691 902
110 783
646 868
968 969
244 335
129 531
152 199
460 51
424 519
371 569
993 424
279 490
712 555
754 103
334 23
269 274
474 828
52 792
735 386
200 828
794 526
363 4
546 246
522 608
343 426
4 920
73 5
153 650
178 322
860 142
388 90
693 841
854 474
833 599
418 61
48 194
994 913
463 657
403 778
746 510
11 330
642 688
301 133
572 492
465 763
442 955
898 725
43 837
564 320
771 288
382 68
994 347
279 161
595 56
821 19
791 18
685 232
78 950
253 893
987 317
71 264
459 471
814 807
856 476
428 503
188 53
301 340
34 523
605 356
563 727
471 803
831 74
52 474
932 685
133 616
215 746
978 5
845 182
326 926
702 842
306 790
500 531
554 720
863 556
858 845
790 647
416 980
435 726
20 978
294 38
242 926
18 941
13 183
422 273
964 815
11 849
151 160
715 648
225 443
799 900
984 665
485 267
75 140
512 613
686 645
764 407
156 761
346 589
282 431
834 60
985 264
122 882
505 658
899 222
359 368
726 434
408 720
429 817
655 621
781 532
428 702
155 851
682 729
515 714
126 726
397 412
665 414
562 404
882 125
299 272
984 33
163 230
184 819
180 197
784 55
197 614
117 990
556 947
826 260
218 38
225 515
681 925
995 660
599 455
242 267
415 272
349 429
26 290
649 865
82 203
480 571
947 808
520 615
427 878
4 324
884 819
372 630
403 451
969 679
571 874
696 484
812 711
420 297
186 299
587 642
546 45
236 638
821 7
761 328
368 835
354 531
975 604
791 407
865 712
226 330
408 300
630 721
924 883
470 870
623 395
585 592
198 982
544 301
184 743
288 945
329 570
778 510
626 804
885 476
715 430
882 106
802 735
79 460
893 493
966 689
62 392
513 164
98 999
838 242
930 252
687 622
497 197
142 884
271 449
814 676
67 404
440 855
454 536
457 37
799 348
41 244
153 507
196 31
391 793
319 714
111 330
802 513
95 558
259 298
105 664
923 564
905 244
338 727
487 807
560 325
262 689
501 627
870 239
897 873
18 445
908 39
63 922
152 228
428 913
822 541
845 200
405 388
54 825
3 586
935 238
356 921
664 693
912 346
596 560
502 375
406 118
164 67
564 100
188 152
993 687
685 879
969 711
108 827
736 450
559 72
492 482
1 911
460 325
146 975
84 538
564 982
798 742
974 264
802 343
963 230
24 781
182 24
155 197
511 460
441 623
548 166
681 122
713 96
984 173
658 983
514 117
716 240
519 415
670 790
838 594
362 414
161 314
67 82
166 711
330 862
226 83
938 648
203 357
325 847
74 853
683 866
84 1000
621 525
213 61
60 809
531 880
738 155
415 293
437 121
12 68
71 981
399 656
460 501
80 994
593 64
568 182
443 959
80 740
21 647
836 541
889 898
563 536
42 79
7 841
385 878
981 477
551 26
506 295
228 585
118 30
627 875
188 418
650 221
517 648
368 509
909 334
345 90
253 459
275 525
794 971
601 57
347 684
903 788
320 283
584 264
974 193
639 951
918 17
16 218
572 5
197 386
935 366
474 143
708 69
558 165
814 576
178 458
614 673
733 400
13 916
26 380
164 125
568 316
209 816
91 283
802 859
85 314
405 111
55 870
790 776
265 570
320 393
799 571
674 377
562 497
153 166
628 467
10 813
465 320
533 197
775 619
573 233
95 2
341 824
228 949
261 379
58 314
188 393
662 777
593 118
286 532
838 127
938 330
501 639
63 25
202 234
889 916
664 443
883 957
119 673
668 742
77 61
718 732
23 985
607 300
7 464
315 218
260 12
887 202
248 548
167 529
812 261
233 83
71 451
127 322
373 372
260 334
735 668
733 411
500 471
817 197
291 582
891 152
28 497
217 563
302 455
968 209
35 914
174 593
93 421
212 357
89 739
615 73
282 493
9 196
583 80
24 125
812 714
664 473
154 294
130 102
667 79
598 540
426 377
248 104
496 480
371 972
875 346
967 775
108 767
58 624
490 340
673 168
246 203
591 56
249 829
345 665
773 221
678 36
301 843
492 908
14 427
962 398
264 540
542 809
576 89
859 984
453 178
227 805
386 778
770 392
306 738
44 270
356 213
545 613
494 820
301 454
725 636
253 20
661 644
191 252
554 200
282 46
47 235
629 675
338 319
184 411
902 199
709 387
172 436
185 753
629 676
678 552
253 848
568 304
683 905
976 499
194 55
78 993
955 641
253 474
451 246
770 448
834 543
640 904
826 954
469 897
695 896
416 454
904 80
147 815
917 676
268 728
66 682
236 165
760 401
663 239
110 345
457 604
299 107
398 155
268 330
193 906
329 643
496 407
570 64
499 277
481 527
436 95
100 180
681 4
657 947
955 99
889 94
267 433
519 509
663 501
202 312
801 436
548 147
138 667
456 658
176 615
291 685
195 85
129 880
357 420
502 705
928 149
940 336
72 660
205 496
795 233
13 446
483 117
312 177
121 245
582 960
484 219
587 956
969 115
481 427
550 506
402 65
590 917
208 126
924 804
715 121
133 579
319 529
859 147
397 140
583 364
507 634
111 325
820 306
579 302
752 941
970 746
585 722
487 807
930 451
267 961
237 763
196 565
483 303
10 450
44 185
883 823
300 230
639 692
911 978
795 215
241 25
42 247
136 129
579 194
414 731
503 221
801 711
167 171
668 765
232 804
979 333
238 755
245 652
471 945
46 748
276 654
454 647
912 137
884 735
329 546
160 73
89 319
358 475
950 690
186 261
780 238
3 953
192 292
13 191
774 407
552 969
416 35
499 39
401 279
106 540
711 788
233 354
839 482
214 64
770 328
755 54
267 405
319 273
806 270
495 434
649 934
115 99
275 272
565 889
272 374
486 685
389 565
249 254
644 330
95 426
534 24
926 244
824 648
733 82
284 565
184 28
478 527
990 463
626 948
182 222
49 774
299 140
54 618
112 569
757 216
622 246
107 74
685 182
48 321
722 345
618 790
226 896
744 801
204 129
571 626
30 698
210 108
390 454
416 869
669 528
32 671
177 707
185 273
552 972
620 668
43 477
856 621
173 426
412 309
305 805
504 473
222 187
791 797
91 267
454 977
145 234
980 860
855 298
603 848
125 305
241 492
699 854
203 980
641 267
730 234
757 955
821 369
225 645
389 820
103 376
602 248
27 361
277 422
696 403
956 205
445 240
791 952
36 521
615 857
660 502
153 845
143 202
688 952
206 839
169 111
214 84
171 319
309 288
165 743
285 26
894 330
929 648
490 554
197 864
181 436
145 464
896 858
593 540
426 627
343 354
182 303
464 470
645 398
166 244
567 23
749 112
737 70
898 407
35 15
120 81
174 542
769 862
203 813
477 419
916 287
553 399
207 600
644 70
840 481
109 22
838 737
421 945
862 85
577 391
308 922
124 782
384 250
132 224
403 706
572 515
717 94
161 630
266 613
666 558
955 312
344 242
945 61
975 221
91 851
550 353
48 944
553 741
976 270
840 332
153 685
197 474
713 950
101 808
101 78
703 299
123 431
39 872
179 742
960 570
623 55
296 959
382 583
411 816
57 10
782 515
134 524
681 441
269 991
469 781
535 989
134 535
214 700
362 597
415 842
772 842
170 247
987 739
177 954
396 143
82 559
706 51
774 859
157 745
982 873
191 181
644 7
607 532
681 568
260 252
66 20
130 519
347 438
744 583
243 771
556 392
465 120
903 362
859 517
266 72
12 581
351 19
477 333
548 275
340 213
397 88
108 132
497 794
144 173
83 334
706 366
208 102
309 114
860 874
407 713
187 226
968 282
628 672
774 518
115 427
260 778
868 699
787 56
130 978
54 110
294 504
255 299
62 650
248 16
44 517
314 676
96 234
439 959
301 641
432 180
685 70
559 860
263 406
945 240
139 348
313 430
752 851
557 27
69 746
434 571
750 845
745 806
740 5
668 893
874 402
935 400
519 973
78 274
976 612
342 873
423 879
594 548
181 487
658 452
252 167
150 370
506 294
320 851
55 842
530 694
682 149
757 306
164 103
637 617
192 887
555 133
105 271
460 904
887 861
639 848
86 107
86 660
598 201
141 991
592 669
165 697
321 138
65 695
747 724
166 468
946 705
436 579
351 388
876 969
96 318
457 229
215 491
965 59
794 181
855 134
106 163
295 923
422 153
861 915
591 403
723 372
822 437
656 27
170 868
562 421
746 483
474 941
5 120
1000 655
750 46
816 238
760 780
557 461
735 526
405 935
225 937
944 246
615 56
922 790
758 703
943 410
586 558
338 474
214 497
456 672
50 121
502 262
548 901
628 971
75 93
356 188
670 430
927 99
32 733
34 901
411 373
394 127
225 928
777 430
269 389
141 294
117 644
832 743
114 78
842 202
378 791
147 765
122 244
960 344
598 965
957 232
221 390
40 230
251 725
38 988
20 441
559 155
180 713
44 212
57 478
597 816
899 983
87 216
66 990
713 423
966 747
13 651
804 10
221 848
760 577
231 897
12 924
873 625
358 791
663 927
190 493
989 729
349 427
689 471
124 195
772 642
665 869
186 295
53 474
973 588
423 520
247 193
138 429
838 146
124 826
544 310
746 338
565 113
335 424
766 790
22 547
202 875
115 888
168 615
715 175
245 190
261 752
794 107
260 961
294 170
589 768
463 814
227 658
63 678
161 305
116 128
624 524
148 970
199 136
90 149
940 366
522 298
66 612
187 66
389 556
378 261
187 563
892 571
864 364
214 462
533 587
366 59
974 22
443 309
854 305
195 780
197 981
589 847
518 294
187 662
221 751
56 836
614 632
807 879
966 980
117 876
740 850
544 91
206 209
907 527
737 336
230 345
914 897
75 781
702 147
91 360
928 958
791 635
795 726
846 574
206 338
138 401
527 477
533 143
425 707
299 976
162 265
565 858
541 121
852 262
822 220
995 432
638 818
423 440
698 287
7 907
780 483
192 187
597 372
779 749
690 857
356 397
100 420
742 111
374 129
137 285
292 95
728 573
418 104
58 813
88 369
307 500
839 728
933 421
104 415
449 767
503 2
820 263
678 873
282 49
130 312
879 609
459 216
659 221
959 949
640 27
712 296
367 443
335 216
692 775
417 192
431 42
441 790
596 486
364 894
678 673
587 909
730 812
115 853
976 333
188 977
5 234
221 293
528 982
45 383
254 147
889 859
489 473
250 418
360 422
834 846
952 215
958 882
597 255
545 33
214 352
268 727
310 693
446 682
56 247
410 561
129 336
636 906
499 789
179 258
695 179
830 86
462 221
707 126
985 751
280 651
104 451
848 643
336 201
911 974
261 726
285 372
761 270
847 232
496 156
736 676
853 127
10 265
763 194
458 816
578 941
276 52
559 741
728 960
323 252
426 852
23 633
764 514
1000 426
150 951
24 758
359 907
353 527
923 734
177 779
523 160
699 481
676 451
572 401
424 189
817 600
934 997
42 265
327 932
566 551
454 837
184 289
902 531
248 542
88 488
500 375
463 989
518 737
826 961
914 653
961 456
303 974
758 19
557 173
976 457
489 548
672 18
128 773
37 7
491 714
691 905
138 96
438 834
896 623
80 564
829 576
866 366
358 774
605 909
139 972
208 320
165 295
887 499
375 469
150 662
741 791
981 313
814 673
514 34
427 41
262 655
327 361
608 669
211 388
732 30
68 506
991 582
503 719
207 873
68 86
505 963
468 78
421 459
972 815
190 557
407 527
167 286
637 989
489 492
705 41
279 488
699 57
919 949
485 303
234 216
777 823
735 907
699 849
385 102
378 147
249 989
354 102
626 933
641 744
591 248
373 534
151 436
235 983
951 226
540 641
374 312
43 968
275 618
271 551
196 333
356 163
867 215
568 557
534 391
879 584
828 627
880 804
526 539
242 108
500 10
667 739
564 45
948 746
464 845
578 323
25 765
393 25
83 165
453 976
354 906
736 812
788 19
884 672
186 485
649 146
595 94
82 788
497 351
783 641
245 941
598 281
732 260
573 855
740 736
189 514
633 531
548 200
967 844
537 243
282 197
396 966
504 960
330 44
936 317
425 820
561 193
682 214
751 554
643 903
16 244
916 383
220 601
780 945
67 246
319 841
635 715
293 641
526 647
52 4
546 604
261 98
526 530
301 100
912 575
226 552
221 237
967 580
237 33
107 477
3 778
772 677
638 86
658 901
38 192
643 869
152 268
721 877
860 469
309 108
829 125
571 415
782 997
753 793
61 343
37 554
429 354
400 160
655 25
835 65
640 405
627 359
832 576
394 495
657 285
819 782
546 751
209 901
410 852
211 624
31 442
637 351
31 12
166 634
674 69
501 564
561 581
830 695
508 524
553 984
244 528
744 10
731 464
126 245
922 686
64 952
65 255
850 647
277 299
590 168
316 384
102 550
95 502
277 169
972 661
583 916
847 168
462 921
15 328
854 50
903 816
511 471
118 306
244 236
250 5
704 223
937 448
370 48
606 466
499 457
566 161
663 263
454 866
355 46
876 889
200 632
460 468
544 621
951 75
402 255
65 813
348 783
257 908
552 64
429 325
510 738
864 374
473 926
237 319
587 306
270 440
374 266
93 491
592 716
937 93
915 212
335 63
522 565
713 157
561 227
411 923
468 739
347 898
702 354
413 674
496 471
867 376
488 46
198 645
895 128
811 657
925 376
676 835
106 132
478 849
674 704
501 512
467 604
405 242
147 56
567 583
633 689
49 853
384 704
964 745
622 656
475 112
749 266
310 930
339 307
786 449
740 251
718 167
501 817
950 71
685 775
669 28
3 175
862 956
910 36
827 973
982 68
568 534
332 862
341 588
973 633
465 955
22 581
9 456
279 651
211 889
447 536
674 280
552 855
441 265
132 271
529 866
382 980
991 116
172 176
417 360
717 766
491 976
746 411
610 902
622 535
408 79
936 12
991 974
818 273
777 839
343 48
73 385
256 484
913 804
750 515
337 279
260 761
847 738
758 586
510 803
87 484
394 994
365 209
282 505
6 330
141 671
608 413
262 256
720 417
437 276
643 32
890 523
75 826
279 981
372 923
393 759
739 197
897 8
223 189
258 163
868 663
780 886
769 885
789 140
174 315
469 353
446 221
282 91
661 319
546 397
946 848
576 351
117 627
348 356
904 235
478 90
26 863
744 536
338 851
511 526
376 58
446 958
58 315
912 621
752 324
246 956
374 150
654 806
797 479
747 492
268 374
110 728
435 770
152 752
547 303
758 648
645 849
360 848
752 100
400 233
442 335
609 23
894 289
189 140
55 715
197 259
822 556
595 553
6 329
527 255
975 19
933 143
295 106
647 483
112 672
882 806
178 370
587 468
990 933
660 527
405 72
771 433
704 41
33 38
868 111
892 341
793 953
704 545
644 11
40 506
648 105
898 158
919 38
349 880
790 374
599 851
309 14
943 138
204 301
198 749
358 654
856 920
578 384
125 760
859 288
654 291
715 66
157 587
744 299
383 477
57 954
962 654
661 25
231 496
843 57
668 49
12 632
431 557
668 755
624 260
441 577
173 433
766 885
855 260
356 107
799 148
970 330
788 551
241 308
969 355
622 399
523 501
126 949
198 658
820 33
655 933
576 83
199 751
502 856
668 870
364 656
841 2
831 616
261 287
536 330
55 438
922 76
34 211
751 369
664 32
712 611
1 987
38 887
405 600
585 269
828 903
896 521
226 572
791 649
82 600
280 300
529 990
364 77
340 868
209 504
119 964
282 200
613 436
586 483
687 754
317 871
301 923
8 187
113 502
939 767
665 432
217 698
451 969
627 379
307 85
755 114
795 878
475 912
146 588
449 368
630 638
8 234
217 606
552 219
65 801
931 22
828 834
433 116
504 148
768 942
381 771
286 500
354 917
634 546
671 462
467 655
761 396
280 171
939 168
218 277
521 936
986 778
65 639
342 783
731 94
189 463
655 517
84 654
85 228
147 98
960 148
114 427
818 480
934 563
696 805
538 128
905 641
226 307
622 716
539 222
661 687
780 605
288 647
373 404
216 887
419 507
495 636
345 740
198 674
834 150
89 680
964 594
673 153
530 886
506 899
241 259
875 917
900 939
34 966
546 909
632 422
888 529
523 317
763 42
999 825
205 458
562 258
189 646
932 515
893 128
587 564
974 516
61 132
331 865
254 259
618 812
787 130
624 291
444 63
561 62
108 172
333 88
490 879
238 855
933 738
404 605
246 43
383 958
843 237
685 413
886 591
283 107
183 846
93 721
579 540
981 138
997 629
691 465
920 30
105 197
180 919
446 83
893 319
861 292
835 316
122 754
468 66
506 38
384 959
947 592
756 390
533 480
225 446
413 677
334 16
914 393
26 695
624 177
378 892
124 441
58 598
229 376
828 91
912 349
178 135
996 800
448 172
161 375
397 796
502 183
291 583
194 119
697 925
194 28
928 338
819 129
727 817
401 353
803 462
153 629
684 108
969 366
219 185
257 314
682 557
465 319
816 500
837 817
79 85
346 914
574 59
365 748
768 780
745 757
327 487
301 85
601 821
812 578
13 791
434 335
276 183
846 454
432 256
228 351
309 310
802 528
569 909
690 452
538 128
335 577
100 34
617 220
690 754
904 907
760 287
700 802
74 886
658 45
171 334
28 86
42 71
779 137
311 989
775 475
237 275
525 253
553 417
592 545
602 753
911 783
36 815
759 619
444 128
699 331
99 6
136 848
263 132
291 133
772 190
377 307
712 650
840 513
130 901
941 492
233 924
97 601
587 105
117 340
691 217
418 966
628 725
734 304
488 831
410 485
492 804
841 711
567 86
661 572
400 279
116 581
358 596
823 845
202 379
873 182
813 247
747 476
387 29
804 86
685 945
102 487
582 335
72 735
343 711
635 291
695 828
346 450
793 485
903 177
463 85
438 906
542 224
651 611
130 16
898 742
408 893
110 473
702 954
375 686
879 398
281 134
718 233
839 619
305 500
478 871
790 930
429 895
992 199
128 453
209 890
410 659
966 561
304 394
60 562
371 337
124 620
853 228
853 484
223 457
948 353
508 223
598 517
463 69
961 363
498 956
478 810
493 976
100 999
58 177
104 603
285 402
862 92
968 835
745 253
695 115
302 122
649 804
121 403
922 737
150 156
1 653
701 579
831 184
233 459
503 132
106 879
97 897
586 127
175 81
330 280
736 859
544 566
655 746
437 76
509 251
47 470
204 224
959 754
28 96
719 954
794 343
531 73
134 686
642 177
375 963
319 844
813 335
104 591
120 283
237 560
845 106
987 721
256 573
62 726
196 93
328 670
264 475
475 731
272 907
182 363
696 55
114 894
411 432
662 321
788 459
282 212
860 133
727 393
9 397
941 998
720 987
369 753
772 730
811 699
866 687
592 146
49 109
835 780
518 481
970 833
34 494
260 656
112 914
236 789
88 980
250 403
657 232
986 463
862 178
