170559
170559
68471
141992
219682
261486
157483
263362
253653
157483
263362
263362
157483
157483
157483
157483
157483
17456
157234
200275
278691
253653
125521
68471
23039
107681
68471
210004
157483
128945
157483
106582
68471
106582
58750
58750
263362
170559
157483
157234
157483
150138
253653
157483
253653
157483
150138
157483
157483
57923
157483
150138
67720
157234
67720
253653
263362
263362
263362
263362
64340
209272
17453
46910
176191
46910
35367
157483
253653
134396
134396
68471
106582
87142
134396
76954
210158
210158
184531
128945
46910
53093
159082
53093
114847
53093
46910
128945
68471
68471
184968
101886
68471
232742
183130
184464
184464
157483
157483
263362
248840
219682
149489
85979
228891
48324
157234
86868
29013
260090
53093
263362
176191
165262
23039
191463
148813
58750
184968
157483
29013
148813
29013
40902
40902
40902
148813
40902
148813
153151
84684
260090
84684
86868
157483
86868
84684
157483
157483
128096
149489
157234
157234
260090
157483
53093
259667
12440
53093
253653
267171
214076
144459
53093
53093
157234
5424
120802
200275
200275
200275
200275
27070
149489
111144
120802
128945
100925
125521
228891
3891
149489
206880
2547
79911
206665
107537
157483
157483
57201
57923
170980
26981
47689
124588
53093
143154
2903
85979
85979
170980
221957
233163
234200
233163
81449
57923
178305
2547
32338
2547
45501
107537
107537
53093
57923
206880
53963
53963
57201
44521
107537
232742
5424
157234
157234
76782
137333
206880
57923
209272
209272
57923
135713
125521
5424
232742
128945
264785
128945
88858
67820
175428
2547
188020
233163
169277
232850
184968
118441
191584
137333
191584
67463
191584
238133
120802
238133
191584
191584
137333
287534
147297
147297
191584
264785
271543
264785
271543
6972
271543
271543
53093
57923
64340
57923
147297
64340
64340
65079
250255
200275
11383
173152
198680
176191
220360
57923
147297
57923
154770
102912
51477
64340
119802
64340
59337
206665
65079
11733
265771
191127
64340
64340
218613
218613
200275
250255
11383
57923
81074
67820
184464
184464
64340
271543
271543
271543
2547
271543
64340
53093
53093
76201
2547
2547
150134
150134
86868
125521
125521
107681
45471
266411
205449
206880
185489
191127
107815
229243
273283
72663
184968
92047
45501
157234
72663
106582
157234
128945
209272
86868
125517
123533
247597
209272
206665
206665
206665
232777
106934
141895
206665
86868
170770
128945
232777
120802
277022
48322
232777
5718
232777
88052
281477
64340
203965
162807
128096
205449
128096
281477
281477
281477
281477
172342
153770
100675
209272
252136
135011
232777
252136
147485
170543
79911
151829
64340
281477
206880
129563
232777
162807
162807
32338
86868
206880
232777
159164
64340
232777
206880
81449
265771
67297
232777
206880
64340
232777
200275
64340
67297
141895
264785
141763
24255
209272
88858
124588
64340
86868
206880
203965
203965
77986
218613
232777
72663
57201
92144
76588
232742
206880
247274
64340
64340
247274
64665
194838
194838
63295
184968
206880
107162
72663
159164
72663
259667
253653
92144
152942
152942
124588
253653
30959
128096
124643
100925
124588
86868
64340
86868
253653
40279
64340
100925
100925
64340
207249
253653
63295
253653
107681
169489
207249
100925
107681
236604
14147
14147
253653
120802
236604
120802
17698
175428
127208
17698
253653
253653
64665
253653
64340
112198
81449
107022
81449
253653
64665
219682
40279
219682
65858
188020
65858
65858
248840
277414
277414
242088
32338
219682
194838
251333
65858
193283
55110
65858
100925
75123
157234
65858
209272
246750
157234
107681
157234
107681
157234
196293
18932
259667
211126
264785
264785
263511
29239
211126
35444
159189
100925
100925
264785
157234
242088
128096
128096
242088
209272
271543
65858
271543
264785
16558
264785
272649
264785
44521
271543
221084
166740
264785
65858
58750
271543
271543
157234
271543
232903
159189
246750
6972
16558
16558
157234
200487
157234
16558
175428
260272
254948
10770
204463
271543
204463
81449
214076
271543
157234
157234
88858
125521
271543
125521
147297
147297
125521
228891
263511
271543
16558
104550
218613
104550
125521
261486
261486
264785
287750
125521
287750
218613
16558
123546
125521
16558
239668
2670
209272
209931
209272
209931
209272
2670
39370
176191
152944
16558
53303
242088
271543
271543
170419
125521
225914
287750
287750
2155
225914
264785
120802
120802
120802
44521
225914
81449
117562
248840
2155
125521
209272
125521
114920
209931
151885
143873
2155
125521
125521
151885
53303
129040
225914
210158
120802
151915
122567
232777
2155
2155
225914
95499
225914
2155
17698
151885
16558
232777
192551
263511
263511
117562
58750
209931
50120
7867
7867
263511
2670
236604
225914
81449
223822
36908
225914
159189
117562
117191
117562
44521
260090
198551
65858
244617
16558
109316
53303
151915
263362
264785
100925
271543
251333
259667
209931
209931
124962
264785
125521
260090
57201
81449
203965
117562
230787
117562
251333
135011
200898
191463
191463
53093
271543
271543
44521
59908
157260
194761
194761
271543
271543
271543
112308
125521
153151
71182
17772
271543
236604
125521
197940
125521
57201
94827
117562
176865
125521
175156
147192
117562
62355
248840
248840
248840
39486
39486
260090
260090
117562
162354
117562
172468
30284
30284
30284
236604
207249
162354
210004
176132
30284
125521
178278
48322
203740
107681
107681
170710
107681
39486
39486
117191
48322
236604
107681
107681
107681
109316
39486
38980
39486
84162
248840
147297
191463
236604
285365
152905
141763
121688
48322
48322
78901
379
78901
78901
2313
285365
48322
69159
174482
174482
62355
147297
147297
147297
85679
38980
162354
65858
191463
147297
191463
84162
379
268952
175428
104449
147297
242088
80479
31995
85679
191463
175428
181806
187582
147297
81449
122567
32338
56219
263511
30284
263511
57201
122567
57201
22838
31995
30284
379
379
122567
174482
30284
122567
30284
30284
44153
122567
146838
122567
174482
215637
135011
174482
215637
117191
30284
71220
80075
147297
247274
247274
160584
67158
157055
39486
104550
80075
84684
174482
174482
85679
30284
2313
259667
170683
207249
236604
269787
30284
207249
207249
207249
44153
207249
191463
52744
170683
250246
122567
271311
271311
147297
81449
250301
170683
250301
17698
185288
165262
174482
165262
80357
68526
250301
264698
179979
191463
191463
71220
167881
100471
191463
281477
9579
79746
70577
135011
71220
248840
71220
250301
250301
151915
40836
40836
272248
57201
204324
129040
182880
199717
18098
182880
263511
204324
120509
85679
250301
257061
181551
182880
44521
35367
204324
231561
204324
44521
57201
57201
7290
69330
43198
40127
40127
147297
77572
77572
147297
151885
174482
204324
147297
35213
204324
248066
52744
112308
185930
166452
70577
57546
250301
70577
70577
260090
39486
182880
147297
233163
282015
64665
44521
157260
70577
200898
248066
147297
40127
147297
135011
134870
120509
199717
120509
35213
205449
233163
123870
135011
147297
35213
147297
174482
218613
10668
218613
285365
44521
268952
285365
157538
65079
123839
173496
151915
122567
250301
51287
250301
39486
76958
247597
264785
236604
59757
209272
157538
35213
272722
120509
173496
247274
209272
218613
218613
247274
247274
218613
247274
247597
254885
70577
247274
57201
107681
173496
173496
107681
40127
182804
59757
191483
248066
268952
126146
40836
211126
35213
67313
126146
40836
63295
206880
255710
200898
268952
268952
268952
242418
242418
215637
51762
126146
263455
126146
176191
233047
268952
85893
117763
7867
32193
126146
126146
177891
174482
117763
231017
128412
40127
248066
248066
85893
206880
190872
126146
57201
206880
24315
32193
170559
165262
170559
32193
159164
117763
126146
266543
155502
14041
33172
14999
263511
203157
242418
65079
286639
200898
32193
32193
32193
7867
223107
7867
189785
182804
267009
170683
170683
227952
229137
177721
32193
74272
32193
177721
170683
181806
183292
177721
115027
160207
190872
76588
128412
126146
66945
227952
126146
32193
111373
32193
126146
32193
32193
254948
163910
184968
24093
32193
257472
35213
35367
135011
135011
35213
75796
52809
35213
203157
257472
196293
104311
247274
190872
250301
68526
167881
203157
79746
135011
190872
266543
254418
150068
153151
153151
254418
151117
153151
79746
79746
201761
135011
230787
135011
135011
135011
120802
32245
81815
79746
135011
81815
191463
81815
162240
9579
134396
81815
242406
145651
135011
135011
123546
101687
50949
167881
283733
202049
202049
52316
202049
52316
204324
242406
81815
236604
236604
18932
128412
158850
8936
68526
26353
242406
257472
273466
169359
147192
153151
101687
153151
283733
218075
254948
138049
257472
126146
126146
100767
10668
39050
181806
101687
10668
257472
10668
289063
7867
52744
177721
254948
283733
151117
283733
128412
109316
254948
52744
157260
126146
57201
248840
97532
281222
68526
66012
97532
109316
163910
270066
155379
264346
135134
288396
281222
218075
52809
137333
59655
258520
236604
196293
264698
39107
196293
210117
210117
92047
264698
184164
68400
68526
211195
236604
35213
236604
35213
140788
35213
101687
245890
250301
135011
107681
245890
131698
85706
137333
250301
197210
123839
263731
196293
151885
255710
255710
250301
44330
44330
189785
200898
57201
151117
215637
215637
250301
35213
250301
79313
79313
215637
215637
155036
144470
196293
5921
238397
69430
263511
133242
108686
121925
108686
236604
236604
151885
35213
73126
128945
245890
203740
236604
268952
225914
54612
57201
57201
261486
87698
170559
108264
236604
268952
268952
268952
268952
104550
104550
236604
34427
236604
236604
108686
261486
35213
108686
108686
67158
67158
278691
97791
108686
215850
236604
79313
63524
107537
126146
18932
153151
88048
258520
35213
108686
68400
108686
245890
32338
245890
245890
270227
268952
76247
35213
38927
84682
260090
84682
219682
106247
35213
7592
260090
234200
159164
198680
104550
260090
236604
198680
68400
57201
186224
177168
189660
72097
255847
159164
159164
183833
52809
32338
32424
260090
69515
72097
109316
260090
69515
261486
261486
198680
260090
159164
215637
215637
198680
65503
233132
52809
233132
281222
52809
57201
149489
256482
65503
189660
174815
94827
219682
233163
233163
138776
65503
121925
11786
57546
126146
107681
287978
141542
65503
65503
159164
150068
150068
76247
118412
65503
114170
114170
261486
126146
261486
35213
35213
35213
268952
270227
270227
68960
270227
138776
228891
57201
57201
196293
53963
261486
3974
35213
96106
261486
108264
34884
261486
126146
126146
126146
263388
236604
57201
248840
261486
260090
219682
198756
39107
261486
265546
7867
201066
261486
168229
242418
261486
263388
242088
45501
265422
72753
203740
18932
265422
265422
261486
65503
270227
48609
270227
39107
75623
270227
206806
17651
266569
266569
270227
188782
263388
188782
246750
188782
236604
277412
121925
65345
169847
177721
261486
169847
68960
260090
68960
150068
68960
68960
68960
277412
277412
34884
277412
261486
18933
203345
261486
236604
57201
287270
272722
256371
248840
65345
272722
225914
278691
272722
245435
202303
203345
225914
225914
105560
225914
129040
68526
236604
225914
225914
236604
202303
69430
225914
52316
169847
169847
18932
18932
103497
220406
225914
236604
146906
146906
267841
18933
64061
225914
261486
278691
235873
125521
266569
125521
107537
107537
18933
105560
120802
270227
266569
18933
227626
228866
228866
263478
278691
120802
18932
288085
266569
228866
134542
120802
288085
236604
288085
96106
121015
125521
125521
188782
196293
266569
3886
228866
199742
228866
120802
278691
125521
125521
124588
168690
125521
108567
219682
108567
12266
159164
15196
225914
225914
44330
128412
278691
62448
278691
125521
205767
248840
182684
53093
268307
256371
198756
198756
32193
43488
3886
126128
32968
241855
32245
120802
125521
235873
144321
265422
18932
101555
276075
243384
182684
243384
4638
101555
101555
50422
182684
188166
121373
268307
236604
182684
182684
235390
235390
144321
124588
182684
199742
199742
124588
87782
233032
67297
135011
135011
129040
15196
2903
15196
144321
15196
219682
15196
7821
7821
7821
184164
101555
17453
135011
219682
17453
229243
119523
379
228866
261486
119523
120802
144321
120802
233163
34427
100925
72932
135011
50422
101555
78813
144321
198756
92994
211655
97532
126146
67297
97532
120802
100925
193577
272722
92994
108264
67297
219682
219682
67297
78435
157260
78813
167827
186438
67297
67297
57201
215258
193577
196293
215258
17453
78149
268307
17453
215258
135011
129143
157229
260090
135011
97532
97532
157260
135011
122567
97532
57201
278691
157260
278691
219682
236604
18932
274932
268307
97532
97532
7821
45728
219682
228866
67297
209272
67297
268307
52809
260090
67297
159614
84470
119523
198406
90538
144321
236604
280306
209272
144321
15413
90538
78813
280306
265546
90538
29488
90538
94157
268307
72624
90538
268307
147297
7821
198161
198161
90538
235873
241317
40127
107681
55704
105560
183833
236497
236497
157260
236497
126146
119523
199269
112061
150090
88444
236497
157260
194838
256371
150335
256371
100431
255710
167827
236497
236497
73126
243807
122506
233032
272722
67297
201560
198161
73126
198161
236497
278691
236497
278691
236497
73126
149489
39050
39050
67297
104550
90538
260090
122567
255639
90538
107537
90538
274932
62532
153527
154770
238397
3556
266411
104550
126146
5921
40279
40279
236497
35213
264209
147297
267717
147192
233163
126146
101555
101555
101555
147192
101555
126146
104449
278691
40279
57323
88444
256038
250470
33822
266411
35213
35213
35213
254665
233330
57201
204463
224457
35213
35213
101687
236604
55339
35213
278691
35213
144321
101555
224457
198984
14999
90538
14999
267770
163910
173152
233032
233032
233032
14999
52800
14999
52800
101555
272722
278691
233032
272722
67297
162240
56060
217434
67297
153770
157260
33822
33822
33822
258767
33822
268952
224457
32338
90538
291165
90538
224457
278691
32338
156804
90538
266543
90538
90538
90538
108567
256254
35213
148673
127257
104087
250470
60359
35213
14999
35213
236604
250470
104087
104087
250470
148673
148673
148673
253252
90538
90538
81449
90538
214438
214438
266569
267717
35213
147297
57201
165202
261486
14999
214438
147297
178385
90538
285791
126146
101555
101555
90538
104550
104550
261486
229510
250470
214438
52825
250470
90538
90538
196797
221957
196797
147297
90538
196797
90538
198957
261486
196797
261486
201560
88444
196797
88444
196797
201560
201560
201560
90538
196797
196797
196797
196797
232850
196797
240809
235390
278691
232850
57201
250470
187819
85041
101555
90538
219781
219781
219781
261486
152052
201560
285791
250470
250470
147297
147297
196797
90538
196797
196797
94157
196797
55535
72438
118412
90538
219781
145658
3886
219781
94157
117191
266543
196797
266543
266543
117191
90538
175464
117191
88444
146408
196797
200898
32193
32193
196797
102694
126146
84682
198984
198984
132396
119373
107681
96106
190159
90538
3886
119373
119373
291165
291165
97791
114032
250470
145658
246705
57201
233532
55535
97532
252136
3886
3886
291165
250470
3886
252136
236604
201560
153151
3886
233032
35213
175464
252136
252136
196797
157229
35213
28564
28564
45777
268952
55535
236604
233032
196797
250470
252136
118394
30976
85145
3886
104550
272722
272722
94157
120802
57201
289853
236604
70506
77085
77085
49058
94157
204463
88444
88444
282789
282789
282789
88444
85979
85979
188782
57201
3886
57201
3886
85979
291323
178794
178794
85979
219781
120802
3886
57201
250470
64497
3886
291323
3886
35213
216585
120802
291323
291323
212796
81449
100767
81449
252136
45777
170683
235344
291323
155695
261003
201066
40146
157229
57201
48115
40146
50610
228664
228664
228664
268952
91072
118394
72711
72711
81449
233032
10460
233032
233032
34427
233163
233163
205449
57201
104449
107537
146906
72711
226562
261969
282435
157260
210425
291323
3886
151885
57554
162807
243377
107537
101687
118504
199717
233532
107537
81449
45777
107537
126146
153151
146906
270141
198984
116493
278691
278691
224043
278691
107537
291323
136614
291323
233532
204131
204131
107537
244625
120802
233032
278691
157260
234844
291323
72663
291323
50120
157260
291323
72663
157260
291323
135011
291323
72663
291323
278691
157260
159149
211145
135011
107537
135011
136614
136614
152942
162838
291323
201560
8360
267420
126146
267420
59352
278691
21586
234536
278691
124052
57201
259268
14685
278691
10668
291323
26814
107145
107145
244617
291323
126146
179652
179652
100556
94157
107145
278691
127257
94157
98096
266617
124588
10668
104087
10668
98096
70577
98096
278691
107537
98096
233163
240500
98096
201560
248966
57201
98096
57201
248966
87953
57201
85041
85041
136086
98096
97589
98096
77085
157260
57201
278691
57201
70577
203965
20915
107537
44998
57201
57201
98096
150335
201560
57201
50610
57201
291323
70577
104550
57201
90885
150335
150335
233532
281222
281222
37385
57201
98096
57201
57201
201560
270457
125653
57201
57201
39050
231358
57201
107537
201560
233223
107537
200898
200898
119523
98096
278691
16799
145474
278691
157260
20915
48115
20915
145474
126146
57201
188733
57201
100767
16799
107145
126146
150090
15800
173152
15800
107537
205449
278691
180636
123546
67820
67820
152414
20915
107537
170683
31310
100767
20915
107537
152414
20915
107537
100767
198663
85979
107537
90538
261003
100767
107537
107537
145474
247889
220406
28564
151117
227960
92352
72803
20915
110441
126146
126146
149489
120802
244625
123533
94415
107537
181806
107537
107537
126146
10668
107537
107537
48062
15800
15800
203965
15800
203965
107537
90695
90538
203965
145474
211195
203965
291165
282389
39050
25056
136237
25056
110441
203965
272722
175464
291165
66461
90538
64877
94157
109316
39050
90538
39050
129040
104081
25056
25056
126146
54612
135011
135970
39050
125961
135011
25056
200898
135011
129040
129040
129040
116974
135011
129040
135011
116974
135970
126146
25056
126146
126146
193761
126146
107537
188782
39050
39050
22441
39050
39050
103784
135011
259205
44998
135011
152414
152414
152414
145474
44998
145474
8508
45410
145474
145474
126146
256172
145474
104081
44998
135011
44998
145474
135011
152414
135011
158047
283656
152414
152414
68526
108567
108567
152414
48062
152414
152414
48062
48062
152414
152414
108567
123546
108567
108567
65079
233532
278691
152414
5191
118754
100810
198984
68526
151915
152414
68526
44998
68526
267868
134945
126146
267868
155379
184453
126146
267868
267868
155379
259205
269051
45728
153372
153372
206439
108567
48062
261486
108567
199731
32193
197841
5191
94415
108567
255482
10668
10668
36428
172011
48062
211680
269051
269051
278691
12461
278691
129855
104087
104087
94415
32193
119523
234110
260090
101687
129040
40836
84470
32193
227750
184453
125961
258520
120863
94157
129040
260090
80849
94157
144040
11893
188733
256172
170683
72663
142221
170683
167827
170683
167827
198984
111406
259431
68526
170683
11893
170683
11893
170683
170683
278691
11893
212754
227960
261486
71880
218262
283656
100767
32193
150138
150138
157483
126146
126146
69380
5191
69380
170683
260090
125961
282789
212754
212754
198680
107203
229165
91794
126146
227884
126146
124380
266411
57546
178631
212754
178631
235950
283656
126146
6234
27517
5191
57546
126146
27517
227960
286021
27517
126146
133207
37864
27517
166452
166452
166452
27517
227960
47491
286021
48731
67297
5191
98096
67297
109711
27517
118504
132978
103252
69380
69380
260090
150138
72438
72438
281222
233223
233223
132978
150014
150014
150014
244150
47491
47491
92036
188733
259873
282789
17453
98096
57201
66461
132978
94157
84470
178631
192551
57201
245587
84470
56849
168671
52996
204058
205449
90885
124380
273158
90885
98096
204058
90885
241422
90885
278691
241422
152944
84470
200898
12461
90885
162807
27517
103497
27517
105574
92036
92036
272722
84470
167507
84470
247971
200898
57201
27517
227598
84470
285815
100925
90885
204941
118394
83525
84470
84470
150138
214669
214669
214669
150138
214669
204941
92186
98096
204941
204941
98096
98096
258520
98096
188782
214669
214669
214669
150138
272722
184453
272722
27517
267792
267792
188782
273158
214669
214669
12461
238397
188782
277169
129855
170661
164136
285815
164136
188782
144431
84470
164136
272722
238397
106605
84470
12461
1201
84470
57201
79222
106605
180462
51677
118394
267717
84470
78813
144431
283097
144431
144431
283097
27517
283097
84470
84470
261003
283097
180462
283097
283097
18800
180462
206990
225974
144431
77010
147297
12461
27517
227960
228272
34884
34884
164136
12266
267868
144431
78813
239525
239525
214669
18800
170661
34884
90885
78813
78813
170661
164136
125959
170661
170661
95766
205152
170661
170661
52125
90885
12461
12461
12461
164136
53099
282789
170661
144431
67820
108686
281316
223822
99372
267717
266553
267717
266553
112569
266549
90885
27980
288286
88858
170661
281276
289342
267717
53093
217628
144431
147297
114958
67820
67820
72460
167827
114032
114032
266549
123870
95766
27517
100361
287978
274045
35213
235873
104756
184453
144431
27517
10213
90885
144431
80357
144431
57201
244150
85979
18800
18684
79222
267171
18800
10213
92592
274045
79222
79222
28671
65875
34884
148537
34884
34884
57201
57201
283097
67820
118631
114017
67820
67820
116974
28671
32213
34884
44154
32213
234282
34884
164136
85913
79222
67820
34884
152414
85706
49169
49169
268952
49169
85706
59655
85706
47491
57201
91241
57201
118631
38938
47491
85706
239525
160584
147297
124800
29488
34884
4787
159927
34884
67820
106605
39050
278691
32213
32213
216585
1191
29488
266549
266549
162949
240500
240500
171836
266549
1191
147297
147297
266549
87109
105095
143932
191463
34884
227960
266549
245587
173853
203584
281276
163910
57201
57201
57201
283097
163910
29488
163910
164136
163910
29488
29488
163910
164136
164136
153770
163910
163910
176044
163910
261003
281276
29488
29488
281276
148537
79222
200898
147297
200898
266549
248219
248219
288286
116974
57201
148537
163910
53093
281276
172349
170853
203584
163910
260290
215850
163910
172349
259667
90885
152330
177721
176044
84341
7821
230636
286021
190445
190445
107537
272735
272791
176044
34884
203584
261003
145076
163910
163910
53093
140676
3069
120253
188259
177168
266549
151829
176044
274045
274045
120253
38938
188259
151829
281276
38938
266549
4904
76958
117685
261524
1191
148484
164128
163910
227598
216585
215878
176044
57201
239177
194838
123681
149489
235873
216585
144431
216585
144431
216585
267717
144431
144431
5576
281276
216585
216585
67820
225008
261524
218876
104504
208772
216585
245587
248219
144431
53569
67820
151323
266549
208772
67820
144431
268952
32193
163910
211789
151829
24576
144431
114032
281276
33452
38938
163910
200898
237791
274045
163910
114032
114032
274045
211789
52316
282025
57201
67820
57201
57201
109316
57201
151915
119523
256371
29797
265929
54612
157229
105190
145658
99902
252931
252931
35367
167912
211195
233532
85979
57923
164136
134187
281276
281276
57201
211195
24302
211195
209724
211195
281276
53569
99902
43198
53569
150571
29797
211195
233032
38938
255184
272248
38938
248840
160003
211195
167912
57923
83103
56672
38938
16376
261003
248840
81767
164518
170241
9290
259215
81767
81767
81767
35213
35213
81767
146906
81767
85979
85979
146906
261003
261003
274045
146906
239525
34884
274045
34884
204463
254885
262101
28388
151829
267717
84470
190159
84470
281276
153844
146906
209784
290078
267717
67820
211195
241422
35213
118631
35213
35213
114032
114032
35213
114032
114032
35213
35213
114032
53099
35213
114032
73975
35213
35367
35213
35367
197841
146089
197841
114032
281222
35367
286021
35367
262101
34884
78813
153844
34884
85979
130819
109214
109214
109214
211195
96013
262004
34884
99929
230636
252592
261524
111755
261524
190802
247619
281276
153844
247619
291165
215850
248219
248219
57201
248219
34884
57201
39209
247619
180309
266549
114032
248219
215850
57201
200487
73337
90885
167912
109214
57201
215850
17454
43579
215699
122567
122567
264209
264209
122567
180309
248219
109214
248219
272722
47491
90885
194838
247619
247619
248219
122567
103108
248219
119291
34884
10867
277169
122567
180309
109214
152265
152265
152265
17454
57201
248219
234536
109214
234536
279132
286376
286376
120802
122567
4583
4583
133513
248219
133513
120802
259215
109214
65671
288591
248219
177058
248219
177058
10763
281276
286376
120802
119291
261316
218570
218570
120802
267770
120802
281276
281276
215850
281276
34884
57201
153719
143174
43579
261524
90885
53099
262004
266549
270997
266549
58215
266549
139595
151829
93850
120802
49523
36917
57201
248219
153719
14999
47444
75586
189772
28388
135011
57201
28388
77085
105475
78813
228664
248219
248219
34884
122567
57201
124380
153719
271196
36917
151829
57201
215947
158850
163910
215947
144431
150138
153560
259667
144431
144431
228664
272735
119291
103784
34884
270997
47491
231085
122567
278936
278936
291165
122567
291165
122567
144431
291165
103784
34884
122567
11893
248219
34884
34884
25447
261486
160584
261486
93557
144431
144431
259215
119291
109869
144431
155773
228664
262004
34884
188259
45152
103784
109869
208237
57201
228664
291165
281276
247619
262004
119291
93557
228664
266617
163910
210425
176130
14105
151829
104550
93557
37477
103784
122567
239439
122567
163910
104087
144431
122567
45152
197841
197841
75584
104550
217005
217005
7355
6396
217005
104550
153719
104550
261486
261486
209541
75586
22584
231085
270066
39915
104550
103784
265929
122567
93467
270997
270997
122567
261486
122567
144431
231017
39915
261486
144431
122567
201760
2313
104550
261486
153719
7821
267717
144431
204941
272722
160584
197841
153719
153719
91991
259667
14105
291165
104550
55466
2272
6396
277169
160584
104550
160584
276816
160584
276816
160584
103784
119015
71220
119015
286376
132611
85706
71621
276816
191611
153719
71621
118631
71621
56672
194838
160584
100810
153719
261486
56672
205449
153719
7355
7355
76958
147297
39915
39915
122567
190159
122567
68526
53093
194838
69380
153222
53093
8578
173734
8578
122567
21715
266549
91991
162949
224129
6396
68400
68400
188259
291165
162949
129375
291165
129375
6396
291165
122567
122567
291165
6396
291165
291165
91991
122567
91991
91991
103784
103784
47491
39050
39050
223924
39050
272248
68526
104449
265065
94157
7821
281222
68400
194838
217628
122567
253366
6396
91991
91991
91991
86376
239439
133513
16153
16153
91991
6396
91991
129375
91991
16153
149158
16153
149158
104449
199717
188259
28388
191463
122567
75586
13818
13818
173734
122567
133513
17454
6396
251695
26948
265929
196285
35367
91905
43579
251695
6396
43970
122567
223924
6396
129040
6396
35367
35367
291165
101136
291165
7790
212057
74756
167507
153222
13818
149158
71621
2313
7790
2313
54864
6396
251695
6396
114032
6396
16153
71621
6396
75586
147297
129040
213514
69128
71621
98855
177168
177168
138684
138684
138684
138684
138684
138684
251695
265929
251695
153719
60191
163910
64497
84470
163910
163910
157213
82892
141992
902
38548
74638
51477
272722
129180
180309
239274
177721
177721
215850
35213
180686
242968
166954
116439
177721
244956
265929
84470
6396
84470
6396
6396
166954
35213
163910
198984
163910
190159
79527
221583
267171
244956
272722
128945
251695
267171
128945
244956
180686
166954
166954
177721
128945
198984
93850
180686
144431
203157
218075
75586
32446
236805
131233
244956
75586
75586
93850
58428
255556
75586
205338
203157
205338
278250
166954
17093
163910
189135
166954
179633
244956
265929
175699
267171
163910
252592
104849
266543
267770
163910
221583
218075
267171
93850
267171
218075
35213
36917
223924
144431
77010
77010
223848
107927
107927
33172
215947
175699
145177
4354
235873
15395
5718
78149
6396
93850
31854
93850
244956
33172
77010
244617
175699
215850
215850
267630
207249
207249
207249
26948
253653
206806
256140
77010
122058
174482
174482
93850
33172
204844
93850
75586
77010
7821
144431
93850
40795
93850
4795
93850
8092
215850
181484
189660
272722
26948
207288
244956
286905
165141
181484
104550
67297
268952
181484
218075
265929
217938
239274
174482
174482
173845
235294
171498
23607
265929
265929
13847
67297
65573
67297
203740
122567
67297
260747
175699
13847
265929
6396
6396
286021
5667
129375
239274
265929
122567
149979
122567
195658
122567
56335
286021
235294
10668
266543
253983
239274
105270
117920
65924
122058
239274
104449
267717
71220
10451
7821
170186
7821
67820
104449
273742
67820
56335
65924
129375
251725
129375
251695
170186
95953
163910
104449
226043
218075
218075
225008
78149
104449
239274
85979
129375
26948
94157
265929
129375
6343
71621
239274
195658
289063
7821
96907
71621
97430
13847
97430
65924
110666
84470
265929
195658
234536
124380
286905
65671
108800
7821
163910
104449
163910
109711
65924
70748
65924
65924
2670
70748
217005
217005
244956
244956
244956
244956
183385
70748
217005
266543
167466
244956
120241
267171
65924
15395
252136
167912
214309
38258
244956
217005
12233
183385
211090
183108
183385
104550
183385
33387
65671
122567
71220
239274
239274
120241
239274
120241
177721
215670
215670
77985
43689
26948
13847
155379
195658
67297
122567
122567
211090
195658
18933
155379
65671
239274
67297
196293
104449
150138
18933
221583
70748
215850
117170
188259
168127
98292
65671
46593
45471
98292
70748
65671
98292
120241
65671
19965
159253
215850
215850
215850
215850
45471
272744
4795
83359
10734
65924
255710
131046
45471
65924
11383
272744
132962
209995
50996
149158
272744
149158
265929
55284
183385
244956
73553
199717
122567
122567
264811
97687
26948
2670
50996
9206
215637
264811
266543
16376
129180
136205
286076
243738
122567
209995
38258
38258
64877
183385
62877
200435
209995
131046
131046
45501
81713
104449
11060
73553
164136
199717
244617
149158
286476
164136
36527
164136
155379
155379
73553
14999
131046
131046
39424
177168
151898
199717
177168
155379
151898
149158
225441
225441
14999
14999
242968
54612
164136
114990
164136
14999
177324
70216
3177
179892
76716
164136
116070
200610
82060
244617
76958
188245
245922
76958
14999
14999
14999
188245
155379
189660
180309
48078
216426
216426
216426
163910
163910
67297
96907
216426
75960
217005
65671
216426
275044
170763
170763
227245
233047
15413
55466
149158
199717
235873
15413
26948
15413
15413
163910
263039
95953
263039
46593
263039
15413
15413
273742
67297
15413
18932
273742
273742
170763
124726
118741
118741
118741
62355
54864
59655
189660
144353
250255
286933
198984
19965
59655
15413
266543
180309
207288
103497
256371
107868
107868
107868
273742
252592
59655
263039
131655
263039
21953
107868
240475
234200
272485
379
107868
209995
225441
36908
199717
265929
167912
122567
199717
7895
23193
62355
199717
62355
190641
62355
55466
260944
63029
63029
62355
199717
155036
221583
260944
260944
217628
214309
253565
35585
252592
1185
189660
82060
55466
151252
1185
62355
209995
6515
31116
45471
199717
272248
243738
62355
243738
243738
91358
192667
118741
273742
33565
256371
199717
35367
1185
222950
39328
222950
1185
1185
45471
170763
2670
273742
35367
145183
39328
59655
149158
288286
149158
227983
62355
227983
62355
2670
59655
239525
62355
62355
265771
62355
253565
62355
62355
214309
253565
149158
62355
260944
187949
260944
253565
5718
253565
253565
5718
170763
170763
214309
152944
149158
244150
149158
170763
122567
170763
149158
43048
45471
214309
170763
194838
189135
263039
46593
260944
46593
260944
13818
260944
218075
46593
69327
61806
149158
25144
62355
5718
99850
13612
125109
5718
273742
170763
125251
189135
125961
214309
39424
273742
125109
23193
65541
75977
65541
170763
125961
263731
189135
95094
199495
250615
170763
521
214309
263039
200487
273742
147297
122567
285440
215637
268952
215637
189464
11060
102214
214309
256653
273742
152944
214309
4435
95575
4435
235132
195658
236475
273742
199717
273742
5718
5718
5718
5718
5718
154825
118631
239274
214309
135721
195658
156410
256653
222962
272485
227750
200373
75057
170763
23193
167275
167275
195658
195658
200213
195658
23193
170763
167275
224313
40817
117170
17458
131082
227750
149158
59655
48731
166065
170763
200213
227983
199717
170763
200213
166065
222962
48731
170763
177324
114032
114032
235132
131655
117170
521
200213
40817
59655
40817
69327
291165
40817
166065
166065
120802
521
204984
222695
288286
285636
235679
82073
9769
69327
227983
227983
170763
107537
189135
117170
189135
59655
107693
285636
166065
86335
170710
145076
117170
73920
117170
145787
51677
200213
171420
120802
120802
61612
149158
291165
114032
31116
50437
40817
50437
100556
39424
521
39424
76804
141992
23193
13577
35585
67158
120802
100556
39424
121832
100556
97118
166065
85979
227983
74638
114032
218075
288286
39424
157700
219104
121832
13818
121832
27980
279043
279043
219104
101145
4583
8464
189135
218075
288286
233163
242418
149158
107693
132919
8464
8464
204984
8464
8464
204984
114032
117170
289063
15910
285440
167580
11331
250470
132919
117170
15910
132919
39424
132919
167507
204941
121832
132919
121832
132919
39424
250470
163910
231717
88770
121832
204941
24858
289862
270227
207249
199717
270227
289862
270227
204984
204984
261003
121832
521
33452
291165
101145
279461
118504
239525
521
209995
261631
199717
130819
65573
101145
118504
153222
153222
118504
153222
118504
153222
218075
151898
153222
118504
118504
65573
227884
32573
169538
121832
33452
239525
33452
211647
118504
279043
54612
181806
239525
262253
262253
289063
200898
290178
104311
14304
54612
170980
291391
91163
238397
250470
10867
288286
10867
97532
250470
261631
231717
279461
57185
88621
54612
146408
146408
141710
97532
10867
171420
54612
151915
67820
67820
28564
54825
141710
54612
211647
54612
54612
10867
127833
521
227983
139218
104311
269147
104311
104311
97532
96731
149158
28564
50949
267717
111406
77486
104311
286376
73687
39328
121832
37567
171420
267717
267717
10867
121832
28564
28564
39328
267717
267717
267717
170710
153222
170710
104311
149158
153222
150068
121832
121832
51456
51456
67820
121832
97532
207766
10867
87960
51456
121832
51456
97532
279461
104311
79527
116974
68917
289063
150068
267171
257916
86335
79222
150138
227983
150138
104311
150138
261003
24324
222476
286933
83084
141710
150138
141710
521
253234
15765
141710
150138
101741
144431
141710
141710
170710
141710
141710
159164
205767
144431
205767
141710
174482
120802
104311
140606
170710
149158
150068
67820
1185
176130
204941
150068
120802
125961
226523
150068
120802
288286
288286
104311
104311
104311
150068
170710
167912
170710
125961
144431
192169
285440
59226
204941
250470
218937
250470
218937
250470
288286
67820
250470
16049
16049
178599
5718
5718
120039
44480
120039
44480
207766
207766
203011
207766
18933
120039
288286
150068
153222
521
150068
150068
150068
198984
104311
120039
1185
104311
289462
155379
104311
251456
153222
150068
146408
95575
120431
199717
812
150068
70382
199717
10867
256564
227884
250470
95575
31736
150068
10867
250470
197765
4384
50849
286933
250470
198984
117170
149158
150068
73975
50849
178201
87197
286933
286933
71408
150068
95575
250470
104311
286933
144431
286933
223496
95575
122398
122398
255879
197765
150068
95575
243377
59226
119819
244236
244236
18933
209995
18933
18933
18933
281276
20564
261316
291165
151898
213302
71408
64953
255879
117170
153222
139218
139218
289063
167912
17509
196797
275165
15413
291165
139218
58199
120802
35367
104504
120039
286821
134712
267717
207438
291165
215947
15413
250470
15413
291165
144431
267717
144431
15413
2670
71408
178201
243429
52349
197765
10867
95575
15413
90668
198984
55284
243429
273618
5718
275669
55284
110441
267717
271206
90668
55284
185349
291165
10867
10867
120039
267717
267717
255879
17651
73553
116974
275165
97118
142169
17651
17651
275165
267770
267717
267717
246444
79527
291165
246444
79527
79527
209386
79527
246444
79527
154418
55284
255879
172522
55284
14305
55284
198719
267717
48882
267717
281276
176130
246444
146408
289342
199607
267717
142807
281276
122567
267717
207249
104087
104087
59226
92994
168055
92994
255879
255879
255879
178201
110441
92994
92994
104311
205767
199552
151898
145787
147280
199717
56672
198719
209995
145787
207893
95575
255879
104087
255879
10867
117170
117170
146408
62355
244956
145787
286933
18933
244956
117170
18933
163443
15413
15413
40918
209386
286933
128945
286933
40817
166954
285440
198719
199717
59226
59226
128945
286933
209386
127833
155379
15765
52
155379
209386
209386
155379
209386
97118
72663
145787
14844
120431
120802
75361
155379
45547
64953
180686
4384
180686
199717
180686
281276
157700
121817
97118
199717
32968
97118
164136
248840
117170
120039
128945
244956
244956
178646
15765
225441
267770
286933
286933
72663
209995
107537
199717
122567
209386
199717
199717
217628
217776
35213
120802
120802
286933
14705
76958
163443
65541
84874
200705
65875
65541
15413
65541
54825
116974
199717
286933
72663
32338
199717
88702
202049
15413
199717
165094
70548
10867
147992
88702
250246
272485
125961
150068
199717
199717
35213
85407
199717
121688
153222
286933
286933
217776
92325
121688
151898
97118
211126
40127
23508
40127
165262
72747
260944
199717
199717
186790
110441
150138
95575
54825
151898
199717
199717
116974
162807
58698
142319
151117
199717
221905
199717
70748
32338
288286
150138
151898
244956
64953
64953
244956
272722
116974
198719
170710
116974
288286
288286
198719
97118
198719
285440
58698
120039
286933
55176
165262
54604
227983
54604
71370
54825
267171
116974
267171
116974
244956
115425
90067
35213
90067
66491
272722
272722
272722
289063
71370
90067
174680
32338
140565
32338
97118
116974
90067
229598
45391
207438
207438
207438
207438
97118
45391
244956
131927
239782
48734
9508
97782
88048
4384
166065
166065
158850
158850
35213
262138
272722
72663
191463
36542
72663
285322
142445
158850
102197
57185
88621
57185
57185
67820
48045
286187
48045
48045
102197
246705
48045
191463
48045
191463
48045
57185
48045
48045
234153
286187
57185
57185
286187
57185
286187
48045
272722
272722
92994
283497
243024
207438
57185
229598
117170
250470
166065
57185
62038
90348
62038
18932
27070
286187
125961
76804
95635
191463
125961
198984
120039
97782
120039
90348
66783
180686
268952
266553
176130
176130
97782
97782
134187
88621
139707
125961
207438
58993
184845
100471
166065
191611
121061
14304
121817
157700
139707
276816
18932
88621
216746
3556
150138
53303
18932
276816
268952
97782
276816
121817
155992
276816
139707
270919
95635
139707
95635
55536
198719
5718
91241
246036
91241
155992
157971
150138
91241
5718
157971
174616
150068
276816
74784
91241
276816
276816
276816
104449
104449
272485
276816
185349
276816
185349
125961
207438
276816
21953
276816
48045
276816
160379
291309
276816
88621
88621
192169
160379
82553
150138
276816
138289
132978
148272
209995
7290
95635
276816
88621
95635
88621
88621
95635
88621
88621
168160
95635
228146
55284
214165
276816
208772
163443
138289
50615
276816
129846
149740
78149
5576
276816
153222
2670
192169
2670
276816
276816
150138
150138
121373
192169
214165
47491
78149
95635
78149
47491
164057
149576
26973
276816
27070
57185
132978
141710
237042
276816
2670
257061
35213
207893
184169
104449
155968
192169
272722
45391
254273
108051
121817
94415
88621
139707
5718
88621
145787
125961
136755
88621
139051
276816
262812
262812
87197
9685
277883
214165
214165
184169
248840
261631
125961
125961
67820
67820
57185
276816
259023
273139
184169
23193
88621
140565
64061
40310
95317
110441
131046
88048
57185
125961
57185
57185
92994
92994
75586
88304
139051
139707
257061
139707
50615
88304
88304
108051
141992
141992
75586
141992
9685
207438
9685
184169
195658
261184
261184
139051
139051
261184
132769
103383
184125
184125
40310
103383
169191
286933
260944
54825
284639
159451
141992
14999
9685
45391
262253
140606
1185
126070
86000
45391
250255
288286
75361
123743
55176
250255
262812
157213
18932
45391
262812
214309
45391
55184
162620
157700
187582
276816
239909
162620
121373
204177
45391
45391
265632
276816
286933
276816
13407
14304
14304
276816
86000
276816
276816
13407
276816
86000
276816
86000
276816
276816
13407
13407
268732
24576
268732
276816
276816
268732
207771
65541
277780
276816
286933
207771
204177
204177
162295
204177
162295
86000
209995
221583
276816
276816
108686
180375
159451
272248
52509
45391
19959
268732
6234
268732
45391
162295
290355
104073
217776
265632
170710
170710
142516
52316
14999
268732
157700
200761
255813
43123
43123
86000
43123
170710
65541
11733
189660
273179
97118
80849
13407
262812
73553
86000
86000
203851
260944
170710
73553
162295
162295
272248
3257
179701
179701
45391
91241
86000
273179
115302
171836
91241
213182
272485
92036
121817
4583
241114
19293
44480
157213
121817
54524
121817
54524
88621
121817
274855
92994
16344
164136
164136
176132
164136
257433
82060
257433
203586
166065
276796
82060
82060
16344
18800
67297
16344
286933
16344
14999
257061
43123
34997
178122
43123
166065
160207
86000
175428
261184
272485
97118
272485
164421
176432
164421
225891
121817
225891
100471
100471
100471
290355
77601
286545
286545
37477
178245
256254
121817
279043
241810
140565
160585
121817
178201
176432
176432
176432
114032
65541
176432
126703
259990
120431
268732
259990
104449
225891
213514
126688
176432
205712
67720
9176
192
259990
259990
121817
91241
45391
268732
52151
121373
290355
40310
40310
40310
40310
121373
178122
272485
164421
234200
114032
28979
290355
14304
62448
59226
40836
175428
121817
121373
40836
234200
221245
178646
104449
75623
97118
73245
88621
184303
232244
178122
288286
164421
14304
207893
203586
288286
100471
100471
82836
100471
96171
210956
221245
261184
164136
160464
161399
100471
88304
10150
207730
271914
48115
40836
141992
169957
48731
285440
40836
271914
89086
82836
82836
82836
13592
100471
59226
59226
160464
59226
165141
165141
176432
73245
207730
106582
92036
92036
100471
126124
165141
271914
271914
268732
82836
205712
290355
183385
261184
288286
59226
5718
255710
261184
221245
180686
255710
126124
224670
290355
274202
224670
82836
126124
88304
285440
126124
210956
182804
224670
178122
18933
104749
18933
7025
224670
18933
149740
224670
279702
88621
7025
192169
39434
121817
39434
45391
261316
7025
224670
250470
104749
273206
239525
239525
96907
184256
166065
7025
86000
82836
39434
96661
232244
27070
102288
126703
44480
206325
206325
140711
68465
140711
82836
18933
179821
45391
140711
13612
206325
121817
82836
184256
47963
91477
140711
91477
40127
44480
44480
3257
48045
48045
152265
252501
91477
132919
91477
162052
72248
139605
204120
256254
97791
44480
91477
18933
208375
44480
254266
147353
91477
91477
91477
68917
268952
82836
268952
268952
65541
268952
147353
52151
152265
152265
50344
44480
232244
167881
232244
132919
132919
150046
48871
144431
65541
39424
210956
210956
160585
140711
96727
31780
123546
121817
50344
121817
63131
188450
91477
91477
147353
121505
121817
50344
76581
123546
225891
121817
255355
91477
91477
91477
225891
143348
149004
23691
261003
121817
167881
100471
225891
90668
235240
95661
152757
44480
44480
133012
133012
35686
121505
121505
144431
133012
140000
254266
255710
121817
214559
64748
144431
1191
214559
147353
147353
167881
167881
121817
46593
170543
232244
85004
121817
121817
121817
121650
121817
121817
121817
144431
82836
121817
265771
202414
144431
50344
214559
121817
40836
121817
92036
214559
263166
275652
116070
39284
80849
270919
259873
218937
176130
121817
234282
144645
259873
116070
176298
288286
74638
56335
259873
259873
259873
234153
121373
259873
187269
40127
259873
80849
40152
40152
125521
279043
67820
67820
67820
121817
126688
13592
82836
121817
176130
259873
121061
259873
259873
121817
129478
259873
165928
87960
262300
262300
262300
247425
82836
265771
247425
247425
82836
121817
32193
121817
268032
176298
214559
270066
270066
214559
265771
34289
149004
121817
125109
56335
34289
82836
49096
56335
275652
72663
34289
235240
113893
206459
234153
97507
53680
275652
235240
162413
241810
26973
149004
100952
226986
188259
214559
34289
78435
108116
205831
281276
121817
251880
131309
121817
230865
56335
58761
82836
121817
82836
100048
176432
147353
53680
275652
275652
234234
275652
40152
135011
40152
121817
97687
74360
226986
40127
45391
87960
59852
40152
178122
178122
121505
196580
263425
52
153517
55284
275652
121817
200761
82836
168690
82836
16763
144877
185717
121817
140378
87960
82836
57019
62729
121817
3049
121817
169508
140000
279289
82836
273222
87960
273222
36129
33172
189323
289520
271206
36129
271206
153517
79119
73553
133017
230865
177891
8578
276816
275652
275652
82836
97118
97118
8464
258137
1283
100048
63029
16391
16391
94415
133012
82836
94415
82836
194006
121817
15317
172522
172522
80849
254273
275652
79222
172522
172522
121817
31780
172522
172522
38548
172522
176432
144353
142807
97118
171118
4771
287314
137095
176432
176432
259189
161399
137095
72932
153517
88621
286132
172522
208375
275652
275652
288286
288286
192169
287978
268952
176432
15317
161399
134790
80849
52825
106919
79119
72403
150735
51862
119519
265771
107184
194303
133017
15317
140000
288286
140000
100952
107184
185349
282404
121505
95661
140000
140000
151493
107184
125381
23691
151493
176012
151493
121505
151493
194006
23691
204463
107184
210086
135011
140000
90348
56199
40817
153558
889
140000
121505
35065
35065
23691
125411
87960
35065
116459
288286
288286
158051
276816
256850
23691
38507
57824
72932
188259
97687
125411
255355
107184
107184
182743
135011
94415
227952
23691
194006
40152
140000
259990
140000
140000
121505
135011
140000
132919
11383
287314
188782
185717
194006
72932
48045
38548
194006
23691
194006
91484
282404
121505
90668
161801
95953
144811
287314
38548
38548
38548
38548
61632
287314
194006
48045
194006
48045
6396
33172
48045
33172
157700
53253
187427
232084
107184
38548
38548
194892
239970
90339
232084
198693
125517
232084
48045
125381
121505
6396
6396
71599
71599
6396
280088
27757
134790
134790
107184
48045
232084
256371
153517
256371
266326
121817
28564
153517
125411
48045
125381
125381
187427
52316
187427
157700
48045
96206
151493
256371
266326
35213
109711
48045
143025
104504
266326
98292
266326
187582
52316
266326
8578
153517
182743
104504
8578
266326
266326
182743
96206
256371
125381
8578
87960
8578
161801
153151
69077
19959
121373
19959
135011
236780
6396
19959
121373
87960
87960
19959
164136
280461
280461
23691
7895
9072
83359
135011
151493
71599
69077
69077
182743
102960
135011
172522
19959
16391
277780
24678
19959
235240
57824
288061
182743
139901
272248
79222
250246
188782
211217
52316
73553
16391
151493
110161
151493
6972
250246
121688
52316
69077
61118
190310
7895
282404
144877
68178
143116
191611
143116
241810
71599
158661
40817
153517
134120
271206
56849
172522
125381
172522
125381
257916
8578
78813
101819
266326
175517
125381
16391
161801
185114
7960
113944
54140
203345
182595
125381
143116
16391
36129
16391
250246
16391
185114
153517
250246
250246
191601
87960
185114
153517
153517
135011
149095
143116
182743
48115
7960
139901
155633
33172
32244
239886
45354
189247
204463
97118
97118
57958
134542
240464
287978
271206
168013
36129
191189
146657
272248
19676
185114
19676
121061
257916
257916
239886
72679
279461
187427
278292
121061
130819
279461
121061
272248
239886
143116
275652
40817
164136
185349
288286
78813
132919
156479
88048
7960
176109
47491
88048
34997
243776
78813
239909
121061
200898
120867
73890
121061
78813
85979
6972
275652
275669
11886
84607
8578
234200
84607
84607
102960
102960
266326
150467
52825
244150
26973
287978
132919
132919
132919
48045
73245
107184
132919
151493
102960
45987
102960
85815
202457
6972
257916
234200
234200
117383
11886
151493
11886
11886
164136
23691
23691
11886
84607
30104
132919
151493
132919
106710
139559
36064
50913
50913
60403
46593
236217
46593
73245
151493
227918
73890
107184
107184
236780
158047
282404
231986
143116
107184
143116
164159
44521
257916
107184
73553
158047
107184
236217
231085
23193
135005
23193
178201
203851
274843
239909
151493
239970
188404
23193
23193
188259
228847
50913
80561
200898
207438
144811
222098
250880
119523
170763
216086
267717
10867
170763
234200
85706
234200
200898
144645
68465
149699
144811
234200
11383
234200
4435
160379
148113
66190
234200
234200
82836
144811
231986
152757
152757
234200
287978
118699
272485
144645
178122
87960
39050
40152
204302
234200
211290
11383
8578
218613
3011
134396
98292
85815
144811
144811
288976
205767
17496
61172
285463
134396
148113
149095
144645
26510
11383
52825
11383
35213
144811
23193
87960
122398
144645
20516
12658
144811
12658
23193
32244
257916
175156
257916
214309
157700
40918
215947
40918
52825
144645
23193
149095
159291
134396
98191
144811
73245
45728
87960
87960
98191
125381
98191
144811
150467
94443
6972
65875
49024
8578
195837
243776
172011
11383
11383
139901
40152
40918
40918
139901
40918
40918
40918
45987
40918
40918
139901
40918
50913
50913
195837
139901
276816
108040
114032
8578
113490
108051
271196
10150
10150
40918
268952
74638
174416
119519
94443
119519
125381
154381
71599
271196
245677
280664
133799
87960
10150
46496
46496
45728
133513
125381
35286
125381
218613
102805
45728
44558
211493
77204
102805
279461
239439
102805
102805
102805
286821
90668
3011
286821
102805
226902
279461
179821
63326
240013
40918
240013
108051
134396
289342
226986
234434
32193
32193
19754
229051
266411
108660
30301
102805
108051
218613
40905
68465
257916
271702
175213
231986
148668
148668
148668
45987
148668
170763
170763
234200
26814
289342
289342
40905
40905
239439
239439
289342
32193
32193
26814
64724
211493
108660
72793
222098
35213
45728
218613
134396
94254
45987
148668
3221
272722
45987
45987
272722
272722
272722
72793
208325
94254
139051
94254
257916
141992
162807
257916
152757
40905
82836
170763
53099
141992
111373
18617
67730
40152
21760
10361
92756
239177
139051
40918
257916
46593
191189
137259
257916
52825
45910
58249
167881
167881
272722
289342
289342
272722
272722
202457
40152
289342
8360
282789
24387
123376
148668
186410
226986
134396
254923
45987
45987
104087
134396
137839
46593
181140
226986
181140
181140
289342
259990
243776
46593
231986
77050
77050
186410
234200
14055
14055
186410
125381
137259
148668
4384
254418
178420
238327
250768
179692
286545
77050
148668
106681
282789
148826
2313
181140
137259
73877
125381
181140
186410
181140
172011
151885
186410
268952
205104
205104
222188
186410
268952
181140
77050
285815
77050
231986
282789
186410
6972
141992
289342
226986
125381
216086
181140
245470
222188
149740
257916
106681
285815
87960
87960
92756
153558
92756
193748
262138
251510
77204
35213
168628
35213
87960
35213
168628
6972
87960
134396
141992
19959
134396
148668
239909
157553
6972
57107
236805
111373
172011
157553
104073
172011
134396
144645
35213
35213
159451
82060
35213
148826
35213
35213
148668
188317
148668
157700
287978
141992
134396
100560
104073
40817
168628
148826
87960
162807
157700
40152
141992
168628
168628
168628
35213
2313
78813
177266
227556
6972
244536
13934
211217
268952
168628
141992
148826
177266
177266
256371
68917
177266
168628
92896
108051
177266
119841
84162
141992
12658
12658
12658
13934
177266
166452
286821
271196
195031
168628
183768
50851
195835
168628
168628
74784
195445
195835
74638
108051
162807
195835
187582
134396
108051
108051
181806
195835
195835
239909
217262
271196
2618
108051
75586
92756
92756
93850
152265
6972
217743
195835
217743
134396
157553
205722
40817
108051
2313
21760
2313
2313
21760
73905
195835
54140
195835
181806
195835
50949
265588
237858
227750
195835
43126
207766
289342
227750
231986
251510
108051
40152
121706
121706
46940
108051
207766
162413
207766
162413
244536
49906
244536
244536
207766
18708
134396
275652
275652
134396
207588
133384
133384
207588
40817
191189
231986
108051
77204
44521
134396
49906
38548
231986
231986
23193
38548
108051
23193
108051
2313
234200
258769
50851
38548
270645
126848
230453
210502
23193
50851
168628
50851
271196
271196
223380
92756
223380
114095
49906
49906
231986
125381
161248
50851
18932
223380
166740
166740
177721
144321
261671
144321
144321
144321
144321
148826
63827
178122
71819
235839
162928
161248
192169
166740
143917
177524
177721
148826
223380
28671
204463
134396
166740
166740
181806
170386
258508
217743
166740
198551
144321
166740
209995
111373
160379
144321
53157
166740
261671
224757
160379
142836
71819
97791
68917
40152
134396
153558
211217
166740
247696
166740
210456
210456
166740
166740
287909
160379
160379
168628
160379
151809
84726
177721
282789
90668
160379
258163
108264
148826
108264
148826
108264
160379
125381
84726
247696
84726
247696
153558
199742
199742
160379
160379
247696
160379
84726
134396
71819
247696
71819
247696
133384
84726
84726
108264
168628
247696
168628
168628
168628
283642
53157
148826
148826
282789
134396
108051
108051
155773
45391
19754
148826
50851
36503
19754
170386
161518
219551
148826
33946
113944
247696
290197
71819
49906
134396
134396
49906
148826
19754
18708
18708
108051
247696
114032
114032
114032
148826
134396
4088
134396
114032
84726
223380
247696
114032
132919
166740
68917
13934
69150
231085
166740
111373
166740
166740
147287
2313
199742
160379
114032
286187
52825
52825
166740
114032
148826
148826
168013
244236
148826
286187
84726
251510
40805
267700
55135
190490
286187
148826
286187
160379
160379
160379
160379
199742
148826
148826
108051
148826
108051
108051
148826
49906
148826
108051
108051
108051
148826
199742
160379
72932
286187
153558
52825
134396
114032
38548
190490
273848
257916
108051
141992
52217
134396
148826
181774
199742
150134
69150
122398
52825
49631
23508
5191
114032
38548
104623
276407
134396
215947
134396
201895
168628
114032
217743
45525
217743
265929
69150
72932
201895
104623
45525
217743
261671
142854
72932
150138
47491
47491
72932
134396
134396
114032
134396
89569
134396
261671
223605
134396
195835
114032
68917
148826
50851
109146
72932
223380
210523
183866
127103
114032
237039
150138
72932
134396
134396
203157
223380
257196
257196
140378
140378
74012
127103
127103
40152
178420
141992
141992
141992
72932
141992
172285
177721
247696
175470
181774
181774
141992
271593
98034
77022
77022
45919
136549
50949
72932
257196
177721
31151
6876
257196
160379
134945
160379
181774
210523
271041
177891
207130
127103
245470
218482
108051
241845
204463
150898
178955
134945
43966
89569
135849
265929
74012
265929
266326
272722
74012
74012
227513
72932
38548
49906
218482
49906
83525
72932
241845
123211
72932
11383
72932
199742
218482
74012
228321
289342
49906
17293
192410
102126
123211
15592
3221
270366
270366
74012
123211
271041
129478
129478
123211
266326
74012
244316
239909
191463
68044
68044
191463
68044
72932
31736
137877
74012
49906
123211
123211
74012
121061
121706
121061
74012
123211
82060
174407
74012
68044
11886
104550
81580
35286
74012
270366
49906
107537
49906
49906
256371
48712
218482
99733
49906
270366
166740
49906
108051
185349
210523
50949
256371
289061
252054
123211
123211
68917
256371
256371
120801
49906
49906
118631
150898
215947
114032
266326
187056
123211
123211
172285
269617
275652
187056
226902
150898
195031
40152
49906
254273
17293
17293
118631
118631
118631
286187
118631
49906
49906
118631
49906
269476
274178
104087
203157
150898
178881
272722
83525
264168
62038
17044
270366
69332
121817
74012
269476
2670
32244
121817
127587
275652
84510
268027
17093
286541
147829
272722
272722
150898
2670
74012
269476
269476
203157
92952
68917
33946
270366
49906
266326
157553
17044
72932
200961
266326
166954
272722
272722
75166
272722
275652
68917
272722
13819
4435
177524
4435
23193
223380
223380
150467
179450
179450
49687
45728
127103
111603
31736
87539
218912
179450
163944
233163
179450
233163
4435
4435
17293
121817
268952
241845
233163
17293
278668
251333
17293
134396
35286
45349
85474
211521
241024
241024
35724
62448
241024
57546
68917
241024
127103
241024
241024
241024
52
83359
11733
28671
145507
17293
176109
68917
95953
127103
23193
239909
68917
2490
106917
82060
87539
123211
23193
121817
124380
52
241845
223640
143873
223640
52
142836
142836
142836
255700
68917
92992
143873
40127
90623
90623
64284
64284
90623
157553
108264
246705
179627
142836
127103
52
241845
170450
286541
224757
212941
200961
160464
195083
233163
68917
121817
234200
52
154912
246705
175333
68917
278491
127103
68917
278491
62038
245470
214152
127103
68917
241845
245470
95950
59866
127103
141747
59866
241845
127103
223640
127103
218570
175333
223640
127103
17293
276725
46593
215221
215221
214152
153560
142836
245470
68917
143873
160100
160100
278491
215221
68917
215221
215221
238327
50949
10150
17093
90257
154825
108838
235526
124380
84470
173450
111629
101539
141895
49906
17293
17293
126466
127257
45847
45847
127257
49906
51762
101539
141992
66190
49906
35286
155900
66190
235526
183772
226259
226259
235526
121817
49906
45847
15157
203157
203157
203157
235526
245470
228321
101539
15208
104311
207588
49906
152414
17293
200487
172285
98292
17293
228321
266326
152757
268952
121817
121817
121817
134712
268952
278491
235526
149979
121817
278491
278491
141992
204542
263684
46662
215221
224757
177182
92756
46593
149979
77542
203094
150898
203157
147829
61764
228321
268952
228321
268952
136802
46593
134712
248037
98034
268952
268952
109164
38234
235526
282789
68378
247696
189906
189906
268952
268952
189906
50851
50851
268952
84304
228321
134396
178599
268952
228321
241024
184256
228321
98034
126466
164642
198933
176130
121817
191851
263684
104311
248219
144865
268952
153560
268952
101741
176130
193398
92592
268952
45525
153560
101404
268952
153560
268952
268952
121817
257756
268952
268952
117879
214152
198326
266326
45525
257756
272722
268952
237858
82060
94046
164642
51987
82060
126703
52825
239909
227884
257756
28559
235526
170339
52
179177
128900
172285
172285
257756
172285
10881
261005
162413
52
82060
172285
118519
219037
223234
272722
272722
140636
237858
268952
272722
172285
172285
82060
291165
134712
134712
49906
127257
38548
172285
291165
172285
188782
204324
137533
199348
202303
49906
153560
268952
202303
198933
94046
117383
272722
137231
94046
241120
276725
238397
275368
84510
272722
51987
155900
155900
162620
198326
94046
257756
241120
68378
68378
92756
68378
94046
68378
82060
193996
147829
111755
27517
46662
127587
272722
272722
175742
94046
93228
93228
255556
64748
272722
227825
277412
176109
131046
257756
141895
125385
235526
94046
235526
61612
227825
141973
235526
277412
237277
110441
166524
177721
289564
94046
94046
127103
198593
145398
17166
94046
158965
131046
94046
94046
198933
114606
94046
94046
44558
136549
94046
212236
170339
183385
170339
99534
85407
198933
114606
193398
17166
284431
17166
233032
137116
71880
20293
175428
3098
48115
240077
268952
268952
268952
198158
193996
68917
193996
272722
102126
66215
3098
177721
1191
191502
126946
94046
109936
193954
3098
79591
218912
243377
94046
87197
92592
227598
241845
79591
1191
3098
3098
130819
3098
1191
94046
271166
67759
143348
276136
82060
144328
3098
74512
3098
141973
82892
17458
241845
7790
3098
3098
3098
185349
3098
3098
3098
126054
137116
94046
802
218912
7790
60938
94046
94046
94046
94046
155921
94046
150863
92756
3098
94046
150863
177721
284558
218912
24678
222657
137116
222657
802
233032
30959
141973
155921
67720
155921
155921
6701
271166
62467
115870
204542
85913
28564
268952
271166
268952
30959
94046
68917
227006
67720
137116
67720
277412
267363
272722
193954
137116
67720
137116
802
204463
218912
12266
215221
268952
257868
94046
255556
150863
82864
49906
802
82864
11724
256807
30959
82864
163494
4435
4435
67720
67720
3221
30959
170853
94046
152757
82864
98034
98034
4435
84754
121788
95764
241951
121788
87823
87823
285365
126703
27517
94046
92756
111603
94046
98034
98034
265771
107537
68917
117505
207656
170853
4435
207656
178631
4435
4435
92592
238438
61130
174786
68917
33172
207656
155921
98034
207656
207656
59226
174786
98034
234126
287039
155921
155921
123870
208325
170339
92592
160379
89791
145398
192
92756
87823
89791
264168
228272
10150
23796
122459
174786
174786
144431
14431
126678
98034
243377
257868
229225
184256
84470
184256
92756
57741
92756
124380
134542
92592
254846
287039
287039
51987
94046
98034
92756
126991
184256
99534
99534
228272
146551
126991
126678
98034
243429
228272
265771
4435
243429
4435
146551
193761
193761
68917
98679
184256
27469
254846
287314
184256
285365
205450
205450
250041
105140
257868
268952
117648
233032
7090
55947
276390
98034
257868
94046
184256
267171
122762
263695
94046
184256
184256
125385
184256
268952
184256
184256
204304
92756
244051
98034
94046
268952
37403
125385
226419
126991
101886
101886
126991
68917
126991
195835
195835
24387
203011
125385
179627
132619
268952
122762
101404
268952
92756
126991
126991
121788
241024
5191
115870
115870
98034
98034
195445
11975
195835
265929
265929
195445
4435
4435
267171
111603
259268
87960
259268
59226
59226
61612
889
184256
268952
92756
172562
38200
92756
39404
37403
116342
92756
101886
85371
75586
146014
260637
147494
184256
101886
92756
260637
111603
87037
284558
42623
49213
109936
4435
109936
125932
126678
127103
184256
188087
92756
94254
94254
94046
152984
152984
141992
39404
82060
116342
889
218613
82060
889
889
889
226890
38200
280624
263695
59226
204463
126991
241521
16305
82060
16305
195835
221854
273685
11383
116342
287039
233163
195835
24387
98679
82060
137877
82060
193398
193398
273917
102805
216746
125385
237858
137877
195835
111603
4435
4435
137877
195835
195835
195835
170339
261914
2577
273917
273917
137877
137877
251529
195835
195835
286851
66190
237858
195835
24387
237858
237858
256371
237858
227825
280624
223234
237858
172285
889
223234
166483
227825
227825
166483
82060
237858
137877
137877
8360
212902
227825
42623
227825
42623
223234
155305
195445
195445
166483
256371
287623
105606
105606
36908
104449
91072
158965
158047
155305
218613
287978
219594
227825
23193
171560
146701
272722
178420
127103
127103
107614
287623
120275
185717
66190
66190
66190
287623
198957
237858
26380
66190
223605
174782
107614
54741
8360
195445
195445
256371
3098
104449
227825
125385
135679
124380
283642
29413
237858
150571
174782
125385
108201
124380
137877
94046
221710
199717
221710
8360
207026
283642
94046
207026
94046
207691
8360
237858
198158
184256
198158
283642
205767
205767
205913
90603
283685
195445
195445
184256
8719
175116
237858
158047
272722
204324
283642
33509
283642
14431
283642
216520
277291
175116
241422
44905
94046
134396
94046
101741
188087
185930
11383
94046
218613
32992
233163
283642
5191
234349
195835
94046
1488
14431
229225
283642
38200
137877
145880
170042
137877
137877
237858
188087
272722
172285
92756
268952
92756
268952
84470
67297
273917
203573
201747
10763
137877
203573
268952
268952
203573
218695
92756
4660
145880
92756
84470
92756
282482
92756
30959
141992
94046
126991
94046
25860
195958
195958
137877
92756
84470
195958
83834
92756
74580
210158
92756
25860
195958
152984
226419
289420
67297
90885
108264
189272
189272
203573
120801
237007
271725
203573
286851
195835
195958
172310
184256
92756
92756
286851
129801
195958
82073
195958
189272
237695
203157
145880
125385
145880
189272
137877
55312
55312
92756
17166
237007
145880
101741
94046
47989
188283
203535
229225
50949
262878
207691
145880
101741
125385
125385
145880
137877
55312
82073
67297
107614
92756
121788
195835
130819
131046
195835
226240
91072
282482
282482
125385
195835
227006
282482
144179
107614
277412
110668
40805
265771
24387
168160
47989
92756
92756
26676
218613
221710
94046
189323
125385
83834
207691
125385
23796
282107
177266
170537
157538
103609
92756
92756
125385
125385
180491
92756
226240
68917
4435
23193
226419
259215
215947
215947
92756
23530
147596
157598
105606
139377
84360
170710
170440
28671
170440
166483
170440
4435
258508
79591
23193
227750
92756
227750
77022
77022
94046
184256
221710
239177
104449
95953
233032
131655
82864
82864
131655
137877
126703
126703
84470
266326
135483
126703
92756
259215
259215
92756
126703
218613
13847
187582
226419
226419
92756
187582
131655
151415
110441
178646
195835
187582
282482
68293
131655
131655
33509
238558
131655
135483
169945
1488
267203
58656
78127
92756
82864
94254
170042
144179
195835
259873
84360
24387
84360
239177
239177
92756
203157
195835
68724
150930
65016
181029
259215
222476
166693
261631
260197
1488
261631
131655
137877
84360
84360
92756
18505
92756
235367
18505
18505
92756
59821
151847
18505
137877
188782
222476
18505
262397
134396
267203
90623
261631
102178
262397
40805
210312
222476
196533
268328
262397
45471
222476
124380
241024
286905
266543
262397
134396
158047
69341
69341
276773
262397
66450
1488
193875
88048
88048
59821
105606
69341
88048
276773
33509
102178
69341
121788
94046
266326
237277
282482
144431
59821
59821
67297
158047
266543
69341
69341
130925
45471
31126
137231
85913
170450
266543
45471
59821
23193
81010
86079
266326
266326
266326
86079
36503
155322
208397
290695
45471
59821
151847
45471
59821
151847
233032
89554
286905
90885
286905
84470
82060
233163
278484
49965
172556
84470
267203
211395
211395
219879
8719
164637
164637
122058
211395
16376
130925
65016
107537
107537
111624
45210
166483
45525
248361
59821
23193
23193
8719
82060
195643
195643
82060
195643
121221
82060
150930
195643
141895
23193
130925
130925
23796
227659
4904
221710
195643
176109
35286
239177
286905
280664
45599
207026
207026
227659
74329
259268
45471
286905
286905
286905
130925
243767
45471
45471
146843
35286
45471
177749
35286
266543
283656
7790
52217
52217
265771
104749
104749
186790
266326
146843
94046
104749
13178
203157
179892
205104
74020
141895
94046
94046
94046
68917
227659
107537
257229
257229
22025
22025
266543
94046
269970
23193
266543
266543
94046
262605
253252
200779
261631
73890
289675
135483
17456
158134
191418
234200
178612
286905
90885
203535
52217
203535
90885
221710
280624
221710
203535
226419
109799
289342
203535
145477
39404
203535
135483
121788
239177
90885
265771
164846
107537
153776
241422
39531
39531
107537
178612
107537
203157
42118
152757
107537
107537
107537
266543
39404
199191
233032
146843
212413
65541
109936
179652
290667
290667
139239
233163
172250
54433
209042
152757
235367
146843
152757
52217
241024
209042
62365
273917
172250
31151
66340
209042
88048
152055
31151
248361
31151
65541
70094
42118
248361
94046
136432
31151
150532
233032
209042
233032
158047
209042
233032
4904
233032
7039
97491
178612
4904
31942
158047
175385
152757
170605
66340
17166
82060
16972
290634
130925
44129
17056
118301
70094
12266
221710
241024
85913
157598
266326
35286
70094
209042
180309
178612
178612
266326
209042
266326
180309
168420
17166
17166
266326
16972
122459
16972
162413
221710
67730
266326
209312
75976
75976
2253
67297
59852
266326
121788
266326
179701
152228
17166
152228
220406
247219
152228
266326
149528
266326
266326
140010
140010
266326
180686
191116
266326
2253
7039
17166
136432
136432
17166
221357
152228
24324
59852
266326
68917
253565
71132
17166
35286
152228
136549
120773
198771
181806
35286
228141
2253
120773
184256
271206
184256
128749
35286
52217
2253
2253
149528
59852
149528
59852
184256
184256
184256
184256
67720
184256
283685
67720
238312
233032
146843
170605
210312
210312
184256
201747
201747
201747
214208
214208
233032
152228
2253
152228
128165
75976
276773
35286
45525
150532
2253
2253
150532
280624
132611
116016
234200
80850
67297
218876
218482
2253
146843
218876
2253
7821
201364
141992
280624
135483
2253
10881
135483
196595
67297
27517
169727
10881
10881
65541
1086
168306
174621
214208
98583
69743
234200
64107
162413
7724
233032
2253
86593
273468
176132
267171
2253
263830
226259
162413
228391
183238
266326
177182
1086
94373
226259
233032
233032
53580
178420
188087
94373
42118
94373
83834
32207
58988
58988
71220
218613
265771
64107
79921
177182
33509
141992
72438
210312
67297
178420
116016
74020
68917
130549
183238
99301
218613
289599
130549
141992
132611
140403
181715
214166
263695
263695
3972
25198
141992
141992
178420
146843
141992
127103
127103
127103
4904
40905
280624
157598
146843
183238
125961
127103
125961
267171
94373
68917
3098
103108
115548
146843
171809
17166
178420
241287
158632
94373
91163
280624
171809
97817
280798
67426
234200
155322
146843
64107
82276
97817
111268
245470
69380
82276
82276
26676
199131
263830
288112
125961
125961
230301
280798
276198
168420
97728
168420
61833
209042
33509
199131
155305
166342
280624
209042
280624
209042
280624
280624
35286
94373
35286
35286
98583
243019
146843
33509
82386
154461
97065
141895
280798
280798
20533
97628
7790
7790
7790
7790
280798
97817
178420
3098
212941
177182
182675
55819
212941
73890
111268
48231
97817
195643
85407
85407
177182
82638
207766
97817
116016
289387
289387
280798
86593
212941
41047
195643
207766
207766
207766
184256
212941
280624
215947
280624
195643
212941
73890
73890
280624
280798
162413
184256
132582
25860
155379
259873
280798
37286
42195
178420
250021
211099
97817
280798
81780
81780
228639
212941
74020
204463
55819
194567
227659
263152
255250
186790
215947
248222
97817
140739
97817
116016
146843
116016
276198
188782
146843
243019
176311
97817
81780
287873
176132
162413
116016
38980
133690
234929
42118
183161
176132
283656
212941
100281
188782
188782
227659
227659
261631
188782
243019
176311
38062
227659
13178
227659
13178
163489
90668
152265
39370
211099
191116
280798
163489
122617
211099
97817
227659
63654
163489
163489
97817
227659
76278
97817
33509
68465
110441
12266
27070
116016
219392
227659
243024
101741
278742
41032
97817
227659
227659
110441
219392
263830
219392
161759
219392
89569
227659
263830
285791
42118
227659
139532
174782
42118
285791
285791
255027
227659
76278
116016
199444
38062
250470
199444
23193
227659
227659
221583
81010
227659
226295
184256
83668
284908
231610
227659
191116
219392
66666
161759
289387
42118
240246
8123
37286
7484
37286
8123
291165
287873
39370
7484
7484
68917
23193
25194
202715
123211
81010
66666
97728
280624
202715
13592
232209
232209
187582
146838
95950
202715
219392
276725
276725
210592
281248
109936
101741
232209
101741
35213
59313
234248
12113
135431
128041
28671
188782
155305
73553
116016
55135
265080
285791
285791
55135
42195
63654
147494
94046
41032
110104
203206
55135
140010
33365
140010
238327
73553
104311
291165
34124
266326
140010
195643
253366
266326
253366
253366
202651
265196
140010
232209
226126
211647
266326
85706
5682
34124
59852
922
258479
203206
33509
94046
163489
94046
234669
38062
163489
269398
160057
228391
267203
42195
176311
92042
42195
110104
42195
176376
98679
82276
128589
202715
42195
137712
104205
98679
266326
221581
179701
42195
291165
170440
42195
176376
202715
216012
94046
33509
94046
33509
94046
3098
33509
231085
276773
129143
285791
25798
276773
176376
92042
176376
276773
3972
7790
75143
33509
121817
29652
238841
220356
238841
238841
67158
115870
207766
115870
199643
55135
281276
205767
285791
18739
55135
55135
44091
42195
32968
29652
99818
55135
11210
170440
243690
3098
137877
55135
122617
32968
47989
7790
7790
84726
137231
170440
30829
211189
28671
55135
288545
265080
131046
205506
55135
205506
122617
178953
126848
178420
137231
131046
105114
131046
253252
188782
227579
50120
238327
155322
33509
243019
131046
55135
184256
148668
101555
23796
72663
199643
92798
25860
178420
178420
266569
37286
207766
285791
97728
265080
263684
55135
291165
55135
72438
265080
258163
55135
258163
55135
55135
258163
240246
137231
204302
55135
163926
55135
279461
265080
131046
205767
265080
55135
13847
42195
179627
205767
31116
158227
55135
101555
17044
145762
199444
284908
42118
284908
229448
284908
42118
207766
42118
256553
42118
178420
178420
279461
131046
66680
265080
136948
55135
279461
55135
279461
279461
86434
55135
234669
55135
279461
42118
37286
157100
155379
55135
42118
155379
55135
81010
81010
129143
285791
136948
179821
72282
184256
115341
47491
59313
199643
199643
157100
157100
115870
235403
226295
188782
55135
3098
55135
55135
29652
29652
76937
103108
278742
19959
200610
45779
285791
12113
55135
90885
272248
55135
55135
202303
178420
101555
278742
15963
178420
178953
178420
227579
158552
199643
55135
28671
178420
57185
92952
115548
28671
271725
151297
92952
19959
178420
178420
30829
178420
276418
66154
165565
55135
148005
72663
34124
97728
283081
90885
283081
283081
266326
34124
266326
108264
145477
226295
90885
276418
158227
145477
148668
276418
234734
90885
234734
34124
276418
108573
2253
188782
13592
104311
152568
278742
85407
278742
202715
55135
90885
90885
28671
55135
90885
90885
66927
153776
238171
66340
78127
227446
178420
25798
130819
19959
235403
273544
12466
190752
130819
130819
78127
286905
78127
127933
127933
226295
62532
226295
195643
227446
195643
195643
127933
78127
286905
78127
178420
168589
163489
227446
55135
178420
42195
55135
79796
155379
99818
170443
62066
62066
178420
228339
197940
177541
62066
153107
10495
155379
178420
155379
188322
151885
94046
96627
69867
155379
205506
195658
205506
155379
178420
122398
110441
188782
79796
18087
34124
79796
127933
202303
79796
127933
79796
79796
127933
79796
167625
98679
98679
160057
13592
72963
115129
115129
12529
79796
68038
44336
81630
150007
227579
81010
127933
178612
202303
52467
155379
98964
90885
127933
127933
34124
258163
155379
45210
60403
160057
38438
253252
286905
66491
155322
253252
253252
261003
34124
235403
178420
69867
253252
170743
235403
170743
157399
30829
146279
178420
253252
250363
31273
215221
269398
178420
222098
178420
235046
178305
228321
178612
178420
181416
178612
98964
234734
161428
68917
178420
178420
243724
238327
234359
165565
286905
275648
191116
261003
263511
3972
228321
107537
73126
290315
228321
152076
179821
231986
243019
195658
85723
195658
62050
195658
73126
178420
45092
178420
201085
195658
216746
258479
216746
160057
8578
8578
32573
12529
178420
276725
276725
178420
178420
73126
101699
115548
160057
115548
122398
250768
39622
105985
90307
12529
39050
205506
170543
216746
115129
235403
235403
276725
39050
115129
94046
160057
183238
115129
263081
263081
105985
124281
62050
178420
216746
115129
89322
181416
210443
44336
8360
290830
115129
27757
290830
115129
72663
265771
205506
290830
132582
258479
204463
72663
90307
8360
204463
115129
8360
188076
29652
119373
115129
165565
119373
108988
115129
180686
43304
290830
18684
142696
90307
165565
115129
38062
115129
161759
132582
204463
132582
162748
179701
178420
43198
263830
72438
69867
170743
69867
235403
132582
115129
152079
119373
164490
178420
170743
203407
178420
55135
203407
115129
39531
40905
203407
287627
108264
75976
196238
250021
108264
33274
178420
178420
213123
178420
178420
78702
282404
122398
53784
188076
180686
72438
72438
119373
122398
178420
196238
178420
178420
39531
125385
229389
178420
178420
196238
196843
196238
50437
178420
63654
178420
178420
273468
284908
228321
243070
178420
228321
69867
215947
119373
284908
69867
272082
178420
23193
152283
98679
274228
73126
273158
16305
16305
252003
119373
119373
188076
54741
28671
37326
28671
263081
42668
188782
105985
115341
115341
170743
170743
22522
43488
32193
28671
178420
178420
223234
157596
28671
72663
205506
178420
43488
115129
273468
272248
115129
266326
115129
82864
178420
82864
205506
94046
82864
94046
205506
66340
82864
236965
231085
171364
272248
43966
231085
231085
184256
171364
68038
94046
205506
171364
231085
23193
205506
23193
176689
205506
222773
28674
243201
94046
128749
219617
161759
176311
167185
156569
188259
212174
68038
260637
212174
212174
250891
94046
178420
174680
174680
155379
205506
205506
205506
25798
205506
155379
39531
155379
23193
266538
23193
23193
68038
68038
23193
231085
67114
231085
44336
8360
177781
272248
156569
23193
115341
156569
156569
68038
23193
23193
23193
156569
236965
55472
8360
236965
269398
177781
179627
177781
161428
76937
69867
60783
177781
12113
78702
68038
178420
203407
109164
178420
67759
246305
8360
176130
179929
176130
16189
16189
184256
150467
178420
16189
16189
178420
178420
146843
178420
55135
109181
150467
25798
178420
105451
94046
178420
47491
155379
178420
55135
12719
154104
62600
194959
178420
54741
245470
140341
379
85613
178420
35286
23193
108988
265422
282158
178420
178420
28467
65541
94046
27926
221583
107537
23193
2253
63164
22522
29652
115129
259268
264487
74824
177781
29652
45987
74824
94046
155379
253983
14431
94046
235403
118699
167435
55135
94046
44336
140341
259268
94046
166954
235403
60791
128749
140341
196238
94046
244617
179028
222773
264487
229675
264487
94046
94046
94046
143292
94046
151252
48115
143292
48115
229675
110441
177781
254045
48115
92713
128749
177781
264487
282404
248222
287627
12266
234282
170266
235403
259268
48115
243019
107537
48115
222773
229675
222773
94046
82060
154381
92713
48115
27926
225620
218482
176012
56791
184256
107537
246722
176012
176012
216746
246722
246722
144693
144693
176130
176130
176130
101531
235403
94157
62050
235403
205506
246722
205506
194567
144693
48115
94046
73423
176130
229675
218527
229675
129592
150068
229675
268307
268307
101377
176130
177781
198216
144693
144693
246722
144693
115534
115740
121071
115534
78813
176130
286905
92790
105340
115534
211395
75436
216351
216351
105340
216351
108573
270142
32244
121071
143348
234038
216351
270142
143348
47112
229675
94046
168420
61806
94443
160057
216351
216351
216351
114034
177781
267958
115534
107537
107537
178631
286905
246722
102941
82276
216351
268307
115534
268307
246722
115534
115534
246722
115534
267958
33274
267958
229675
272722
268307
284908
214166
256497
268307
102126
102126
286535
102126
169576
258163
35286
12625
288808
16376
246722
37537
153151
121817
102126
216746
229675
82276
267958
160651
7958
7958
20868
254045
150068
184256
67759
254273
150068
67759
67759
28671
184256
184256
67759
232947
170743
265771
250254
260936
201062
139605
71053
246722
229675
94046
269051
12266
94046
78813
150068
7958
178420
63654
71220
63654
254273
243019
184256
187427
184256
176012
66666
170743
32193
243019
28671
32193
184256
254273
285815
253642
150068
253642
75586
258479
204463
55472
243673
184256
179627
250891
184256
106917
74329
74329
74329
284908
284908
33365
33365
106917
63207
63207
154104
73140
33365
3098
204463
84607
179627
154104
32968
154104
2885
232742
179627
150068
203407
32968
174680
179627
56607
94046
94046
221864
150068
179627
174680
174680
228141
232742
87197
260936
260936
27571
250891
150068
179627
174680
179627
272722
16763
16763
179627
150068
179627
174680
152617
121817
179627
260936
73440
150068
146335
16763
179627
260936
284908
9057
150068
179627
5191
150068
150068
5191
3972
211189
44336
150068
229675
289783
269051
16763
16763
284908
174680
146335
174680
230361
174680
268013
37112
16763
254045
229225
16763
270618
33365
246890
178953
174680
232742
254045
232742
270618
150068
166317
150068
270618
270618
212553
270618
270618
270618
16763
270618
178953
214372
178953
214372
270618
146335
270618
63207
128387
214372
214372
270618
214372
31736
68917
226114
5191
150068
91342
150068
28671
284908
284908
188283
246705
246705
90668
143348
5191
214372
9057
166317
284908
103984
187038
163489
42195
143348
82276
94046
106917
253642
28671
238327
254045
94985
94985
117053
258163
258163
247958
117053
82276
284908
284908
166317
254045
9057
9057
254045
9057
129109
184256
129109
83760
129109
129109
148190
129109
117053
28671
9057
117053
282158
117053
128660
254045
46383
138760
3972
30301
248392
271166
271166
271166
33117
33117
184256
150068
34885
281382
171364
171364
166524
82276
150068
82276
214372
82276
252428
229675
92036
227400
254045
60403
192183
218482
192183
60403
1086
222695
232742
271166
141396
180246
243019
208604
208604
268027
272528
272528
270142
65875
141895
272528
272528
184256
200319
33509
209914
243019
91072
250891
143348
272528
88048
143348
205720
179496
223234
230361
143348
206806
143348
268027
106917
199733
106917
113961
272528
229510
141818
66204
55135
37112
187032
30301
261425
184256
247501
254045
243019
243019
243019
254045
131621
254045
36129
243019
81630
226114
77466
289081
227983
243019
78813
289081
78813
229225
55135
209914
254045
184256
171408
211491
66204
188283
77466
243019
33509
243019
200319
250254
200319
78813
66204
171408
171408
171408
78813
171408
187032
151415
66204
171408
178278
92465
144693
234282
66204
141895
51321
200961
48062
227400
7039
145398
92247
195655
110104
66204
2253
66204
7039
7039
243019
635
33117
188283
82848
16763
278292
195655
48062
195655
258479
232742
36846
244417
258479
92247
232742
55312
106917
203407
48115
232742
95661
48062
258479
184256
258479
187032
247501
229598
139015
166540
45769
30301
158124
78344
33117
154312
157510
95661
157510
126848
73553
152859
230361
171988
178420
176130
116070
196533
116070
247501
48062
230361
196533
33117
232742
90668
55312
55312
68400
280664
90668
56932
1338
51321
81402
108264
179627
90668
202894
203407
276545
282657
16763
196533
31551
183161
203407
66204
203407
192183
252428
33509
33509
192183
157510
44336
15208
244417
244417
143292
90668
171408
244417
244617
250254
31551
31551
204
66204
66204
66204
157510
72663
33365
98855
232742
66204
232742
98855
232742
95661
95661
68917
192183
183161
90668
141895
141895
232742
254045
15208
15208
132354
203407
126466
230361
126466
37112
208604
260936
274202
92247
274202
146780
223002
124876
115346
37112
124876
95661
274124
273917
178953
176012
131516
247501
290695
95661
290695
72663
218527
95661
95661
95661
232742
270645
146780
266543
180724
244617
244617
275368
95661
50120
72663
247501
72663
16211
95661
202303
16211
33117
88216
33117
95661
95661
95661
75586
75586
254045
74012
72663
72663
72663
137838
223002
214309
234358
214309
223002
136549
214309
48731
239886
266543
223002
247501
33117
223002
181458
59226
48062
33117
33117
214309
169236
261425
201760
51762
33117
247501
185349
48062
185349
33117
59226
178953
214309
33117
201760
1338
33117
92465
92465
223002
44645
275655
56433
193495
79180
232742
62448
223002
128158
83133
176130
176130
79180
126466
1338
5191
224032
223002
275368
62448
201760
101377
101377
224032
179627
207249
62532
94046
146780
224032
242595
223002
62532
62532
223002
144693
223002
207249
58592
223002
135134
201760
144693
79180
201760
79180
136549
79180
94046
204
204
244617
62532
33949
291323
285349
291323
24504
201760
157510
244617
58592
79180
223002
154823
164401
73126
222451
48062
181049
222451
33365
181049
90603
80908
74329
31151
90668
90668
291323
203206
291323
202303
203206
224032
185349
181049
136549
33365
77022
59226
87352
224032
157538
71379
90603
31000
275368
211189
90668
70371
274124
4470
90668
154823
90668
58592
224032
118455
62448
58592
201760
77788
198988
181049
4470
88140
198216
17458
149195
201760
181049
31551
125521
226116
291323
138590
201760
184486
42365
62263
213470
146780
203206
137231
42365
138517
222451
227391
174779
255556
203206
131318
203206
137231
203206
55312
171836
203206
204463
203206
273917
203206
254045
196292
241925
62448
291323
204463
103945
133930
197173
275368
275368
140565
98855
273917
273917
20297
273917
181049
273917
20297
140010
212194
225821
225821
223002
204463
94157
204463
20297
20297
225821
140565
282181
223002
6238
165565
165565
65875
54904
77466
291323
291323
118455
103984
161081
90140
268952
90668
223002
59226
59226
90668
51321
226116
226116
51321
291323
291323
51321
223002
261005
140565
201760
151252
62050
201760
202359
178953
62448
223002
224032
51762
247958
223002
223002
250254
33365
104449
201760
15245
43488
244617
160892
160892
223002
100412
181752
181752
67720
261425
51321
149195
223002
105088
137264
105088
59866
56743
223002
105088
36542
77466
51321
261425
51321
56743
77466
51321
105088
51321
105088
223002
105088
51321
16763
103984
244617
72878
32968
77466
273917
32968
244617
258479
247958
244617
155322
142246
223002
103984
75586
116070
92465
278292
278292
291323
90668
247958
247958
181752
137264
206754
142404
263081
218613
149489
266549
33949
88140
266549
192643
210216
59866
230115
77022
266549
133930
263081
261425
261425
230115
98679
133930
230115
261425
32968
89154
155322
77466
102294
48115
163685
67720
223002
266549
272248
225821
77466
77466
93245
77507
77466
59866
291215
270227
77466
244617
77466
125759
33365
33365
33365
161759
252412
216520
33365
229598
33365
219138
266549
216520
1086
191405
108264
142404
64107
68917
257903
33365
84726
33365
77507
33365
77466
77466
223848
75586
33365
33365
216520
33365
257903
33365
200898
257903
147494
77022
139707
154312
109615
231077
33365
291323
84726
202894
59866
33365
157427
140739
140739
3237
33509
54289
54289
166524
171408
141396
62532
56445
5191
58988
59866
59866
244617
75586
22081
141396
1416
189978
29162
141396
273640
291528
173882
74020
178543
266569
59866
178543
81074
270142
266569
59866
59866
266569
33365
257903
59866
273640
75586
33365
22081
273640
156569
137884
223002
247958
173882
71220
63850
59866
81074
78813
272722
223002
137884
71220
137884
71220
266326
32573
173882
216507
276725
203523
223002
171769
203523
113869
291323
196292
75586
6394
270887
88702
271233
248910
131233
166524
272248
63850
74020
16305
79728
198216
214152
90538
33365
81074
81074
79222
129632
129632
75586
191116
88702
33365
270142
270142
270142
59866
276725
33365
119802
59866
209931
196292
75586
270142
89154
59866
33365
124281
33365
217268
62448
56445
33365
257903
251836
62448
246705
33365
222476
59226
59866
62448
101893
291323
101893
291323
89721
59866
33365
81508
33365
33365
68917
166524
29891
77022
43168
203523
59866
182595
62448
273867
182595
149057
272248
227391
132769
33365
137116
88702
218238
88702
182595
28671
182595
244617
182595
88702
124281
246705
89721
33365
222451
267868
182595
1086
132769
1086
204463
231644
59866
142246
241925
241925
59866
290667
230149
246705
167716
246705
59866
246705
246705
262149
132769
262149
38980
154770
182595
147353
222476
132769
222476
48115
222476
132769
68917
119802
264025
246705
271915
59866
79654
68917
223002
271915
38980
91068
271915
272722
223002
223002
32968
248412
272722
59866
126794
272722
262149
75586
103998
76711
244756
204
222451
222451
59866
35213
61806
163465
290667
202359
62448
251836
146780
202359
204
91991
202359
141395
59866
254585
188450
89721
22376
13818
175644
91991
196292
196292
85855
68917
104504
59866
223002
271915
122118
271915
68917
214152
203652
38980
170661
258194
75586
244617
75586
192146
94163
35247
272248
272248
272248
126649
272722
271915
94267
94153
142246
142246
59866
254585
1086
142246
206806
59866
68917
142246
68917
188450
68917
142246
68917
171769
191116
244617
244617
254585
287562
178540
30789
154770
94267
272582
197869
197869
62448
79654
142246
142246
59866
142246
142246
59866
97329
277880
111065
131046
142246
57787
273917
131226
142246
62050
197869
254585
1086
223002
222476
202359
62448
253252
254585
197869
254585
61109
254585
222451
142246
139532
156596
66172
254585
66172
62448
254585
77137
230149
62448
142246
198216
230149
230149
93524
230149
62448
230149
179627
1086
50777
84726
94153
179028
49957
49957
171769
18087
142246
48322
66172
94153
222451
48322
48322
197869
58750
238941
202359
98855
48322
49957
173446
178540
188450
105088
66172
6773
223002
181658
139532
133466
143292
143292
143292
35286
157030
141396
106823
104449
230149
156569
138919
138919
135815
193748
156569
35286
261512
30789
49895
30789
35286
231644
157427
16305
54289
143292
209736
62448
287562
176109
176109
179627
258194
179908
179908
30789
258194
230149
98855
98855
287562
265929
179627
249113
214152
230149
102960
29652
35286
11044
132769
132769
287562
215290
212045
230149
212045
10734
175426
132769
249113
290695
93524
290695
290695
203566
203566
54289
276725
290695
276725
199733
1185
184968
42615
76108
203566
49957
203566
203566
76108
154456
290695
124281
203566
290695
230149
67898
179627
54289
142854
203566
133135
203566
276198
66158
242866
223002
287562
194006
130925
23827
78402
207187
223002
49957
3271
72663
284558
54289
284558
202359
102960
105088
103984
221881
103984
201760
90140
102960
161947
102960
284558
284558
284558
284558
284558
75460
35286
226205
62532
116070
82276
45599
119840
202359
100143
100143
100143
100143
202359
179908
202359
100143
202359
122058
202359
190412
202359
68917
68917
63923
98679
230149
203566
268952
67898
230149
244617
76108
230149
141895
122058
122058
230149
218613
230149
203650
218482
199733
250255
98679
202359
133648
77466
76108
98679
189803
191116
189803
189803
189803
189803
203566
169242
67898
145880
202359
179627
1086
62448
75460
252766
285815
257006
244666
218238
198771
194789
284043
287562
32573
1086
137264
106341
106341
106341
252766
54723
109615
156596
156596
92247
179627
72954
198988
54723
203011
179627
54723
75586
44977
139532
119802
75586
72663
72663
44977
129846
72663
273917
72663
273917
75586
46496
218170
22081
250255
139532
114185
139532
263684
218170
54723
72663
263684
258163
90668
202359
202359
200435
94153
265929
218170
143380
3509
226023
175426
23827
201760
137264
139819
230149
35213
252766
106341
260936
54723
106341
54723
54723
203011
215290
290411
252766
199733
203011
276725
202359
42195
250255
252766
158134
202359
258508
258508
180773
42118
42118
198984
106341
106341
218170
62532
198988
218170
193748
222476
67158
202359
205222
205222
23285
42365
68917
285779
54723
119530
241442
263684
132312
119530
94153
164657
132312
1086
62532
202359
62532
290505
241442
77298
214397
198988
78127
90668
170053
290411
71220
103984
202359
69150
132312
202359
281735
202359
3221
202359
72954
72954
164657
198988
198988
175426
132312
189803
5191
62532
42365
202359
49895
260936
158134
230149
6454
268771
204463
201760
3271
273228
155510
62532
62532
72954
112617
72954
632
273228
203011
72382
202359
203669
230149
5191
204
42365
6454
54741
230149
45779
45779
230149
33365
6454
72663
48115
249319
49895
68917
73440
175426
82276
252766
204463
169471
252766
94332
273228
251019
202359
201109
72663
179908
198988
277785
253521
45779
45779
231232
231232
231232
72663
204
42365
72663
98667
179908
88140
15157
54723
277785
231232
231232
231232
15910
72663
54723
54723
72663
82276
277785
28671
202359
54723
271593
88140
17509
165202
180773
221913
79654
40759
132312
231232
238722
258343
132312
42118
248219
272722
277785
53680
230606
283100
285701
277785
47669
632
277785
15157
277785
53680
198988
252766
231986
248417
45441
72954
22851
132645
132645
266543
132645
62448
138590
277785
207675
268771
58356
105088
132824
67158
82276
67158
100143
153466
100143
230606
54723
150821
108264
259873
259873
108264
82276
105088
100143
66190
203652
68917
259873
105088
103984
1086
132645
1086
277785
277785
132645
132645
264833
15245
132645
1086
248219
58356
132645
233374
111629
218170
218170
82276
277785
7958
132312
54723
218170
56696
53594
59248
132645
54723
281675
56696
1086
59248
59248
16666
252766
58356
131719
65718
282981
59248
166954
105088
134612
62532
166954
134612
281675
281675
62532
62532
68917
259873
221864
165767
114185
134612
277785
134612
277169
134612
7633
166954
56696
248219
252766
179627
73423
1992
207675
15157
264833
231232
1086
109615
231232
204463
193667
166954
55372
49895
116982
49895
116982
125623
248417
290411
54723
132645
248219
68917
177983
221583
73423
91235
277169
248219
100450
134612
134612
290411
100450
171364
256890
57546
57546
204
42365
239517
290411
100450
252766
100450
252766
140813
100450
165027
149152
149152
221913
221913
249113
252766
231232
231232
149226
284043
200319
114185
47780
58356
250246
284908
204463
108503
231232
232359
231232
231232
231232
56696
114185
177983
114185
231232
54723
188285
77466
97308
97308
286132
65718
149152
149152
58356
28671
149152
58356
149152
149152
284908
68917
58356
149152
58356
54723
58356
231232
58356
67720
28671
67720
67720
270514
191116
67720
57107
58356
204463
290667
269519
88304
54723
1086
54723
97308
36542
219468
256890
119530
286132
169471
68917
35213
35213
119530
68917
173150
236965
231186
274228
54723
274228
286132
274228
66190
62532
28671
44977
38664
145324
273228
169471
68917
169471
57787
288808
252044
67720
38664
70371
38664
143705
38664
54723
5576
5576
5576
260931
195498
267171
126773
267868
258508
126773
126773
257472
126773
126773
124292
257472
148021
126773
126773
44977
72663
72663
252766
264241
59908
82101
72663
210466
22376
97308
22376
183225
185991
44977
198984
198984
290411
290411
250041
185991
35213
35213
252044
164681
250041
185991
35213
250041
223763
23285
288808
288808
56967
40367
288808
245009
54723
287570
73423
23285
246803
100988
36542
54723
231232
288808
185991
288808
73423
234248
173150
212844
67720
48804
68917
23285
54723
185991
54723
226986
54723
212844
280664
288808
239099
103984
159149
59757
231232
265929
54723
65718
65718
65718
126043
126043
66158
221583
231186
252044
212844
54723
212844
68917
72438
84905
264025
103984
87960
54723
54723
250041
264025
145324
264025
231232
269617
287562
138517
288808
60053
231232
184486
54723
113961
54723
73423
105240
231232
184486
231232
105240
177983
239099
177983
239099
231232
231232
223848
54723
271223
54723
252044
258163
231232
277017
184486
44977
3052
231232
231232
234248
126043
231232
256553
224405
135815
231232
231232
256553
256807
256807
223848
231232
223848
256807
103984
141048
252044
110059
73423
169471
75586
290667
75635
62532
73423
239517
54723
239099
141895
231232
119530
256807
58750
87960
234248
67720
256807
72878
227391
218937
239099
256807
256807
264344
223848
252044
3627
103984
103984
67720
103984
231232
87453
180578
218937
67720
200898
103984
239517
94153
103984
22376
237326
209329
141048
105240
218937
231232
13592
239517
62448
132645
106919
22446
103984
103984
261843
164681
91248
5191
5191
62448
62448
132645
203011
57866
57866
57866
248361
67720
58356
231186
54723
76907
5191
67720
198966
199444
75635
166051
75586
54723
231186
75635
234248
75635
102960
149489
231232
57185
205112
67720
251203
251203
185349
137153
185349
268195
18367
107803
132645
106919
68917
251203
200445
251203
252766
224634
5191
251203
41089
132645
132645
211818
33352
204463
67720
231427
202327
106823
18577
132645
231232
254626
231427
165384
221881
281735
22081
278484
132645
103984
246803
110059
65232
251203
231232
251203
251203
31102
168994
278484
204463
54363
31102
110059
110059
106710
132645
288830
110059
132645
199444
234248
251525
15771
251203
105346
33365
173873
173150
287562
33365
176713
184486
3725
33365
131719
119530
248219
251203
261671
261671
261671
119530
125521
261671
251203
128589
251203
278484
119530
54904
75586
75586
282995
164642
204463
251203
103984
33365
33365
113961
33365
187924
187924
203669
141895
132645
103984
251203
15771
251203
251203
282995
103984
103984
103984
139346
117498
249113
176397
164642
108306
80583
176438
285696
271223
103984
198988
271223
253252
249113
68917
251203
68917
225620
134612
17453
26225
163511
219693
204463
251203
92919
247501
149489
251203
89908
251203
179153
261671
75635
264241
198988
251203
251203
15771
31102
132645
264241
203669
224555
202723
157510
197797
244756
249113
222850
202723
204463
257751
281675
58356
58356
249113
54723
155710
249113
12233
112804
141395
33365
96649
141895
33365
50913
176713
198988
141048
141895
198988
287562
247501
141048
131719
201694
235130
287562
204
134712
204463
287562
204463
112804
62171
287562
130877
170760
66172
68917
204463
105240
105240
41089
252928
66172
105240
203011
222476
127933
153107
119802
153107
243807
287562
172441
105240
175156
119530
112804
251203
264241
65309
251203
257751
218108
90668
204
131719
235130
119802
201062
66172
244756
139765
39206
157510
199487
138517
54038
66172
208284
198988
66172
199487
138517
267717
94955
283100
283100
198966
155710
70786
184486
66172
256553
119802
264241
199487
147225
106823
106823
235130
173150
34885
25044
117774
264241
129943
37989
264241
210592
112804
90668
239177
281675
134712
264241
184486
212844
201694
281675
281675
112804
204463
204463
97767
113844
112804
112804
112804
147353
155322
112804
114478
201694
129376
25831
25831
169471
307
112804
112804
112804
7290
116666
97767
132645
132645
97767
53454
34427
201694
88702
149226
34427
173150
20625
234009
155322
149226
96169
97308
82553
173150
82553
307
201694
106823
201694
307
173150
276933
260090
263166
173150
149226
179627
61757
149226
106919
223428
97767
50493
262149
68917
99077
145324
145324
147413
147413
25831
106823
168790
107803
154644
278484
239177
269444
25831
257773
25831
25831
257773
268085
236780
190412
106823
106823
201694
132645
34427
99077
277169
282981
112406
99077
7695
58750
202574
99077
25831
106823
7695
221881
16305
58750
224405
271223
202574
269325
105346
4787
119802
201694
99077
147353
147413
99077
147413
79103
85668
68497
68497
68497
136210
82623
225620
61806
53594
214868
82623
138517
106823
218937
261512
102910
21422
177749
53594
79103
17453
136210
68917
218937
272722
147413
106823
218937
218937
272722
218937
218937
136210
79103
136210
79103
136210
83592
218937
281675
155773
56745
218937
218937
7695
273158
273158
282981
282981
282981
268146
149226
120333
106823
180724
106823
106823
27926
205776
175742
4151
175742
79103
21422
260931
79103
260931
79103
79103
7592
189772
82623
25831
175742
22081
147494
48731
169471
196292
13847
13847
40759
268952
149226
196292
196292
210592
278484
112804
82553
268952
169471
54741
99077
87960
165767
102910
22081
68917
25831
68917
243690
82553
99077
99077
178201
282981
290411
169471
25831
169471
204225
192643
113258
113258
276933
169471
148636
120776
21422
192974
281675
258508
169471
243673
25831
169471
243690
36542
268952
154461
169471
278484
35247
62532
28564
82060
112406
35247
4151
211059
112406
102910
112406
268952
99077
268952
61139
102910
53680
160979
268952
80289
174680
12529
18931
268952
112406
210592
169471
307
112406
62171
40585
169471
149226
149226
154461
169471
68917
174782
56433
207675
62171
121706
62171
62171
169471
154461
61139
169471
174680
278484
278484
25831
169471
218937
169471
121706
62171
169471
62171
210592
25831
168603
65309
233643
160979
190412
62171
127933
62171
117338
117338
62171
62171
28564
246326
25831
211059
90140
62171
68917
207675
210592
207675
207675
257773
105346
290667
14054
68917
62171
244397
244397
22025
26352
234676
92465
169471
50777
68917
262397
14054
169471
260090
180773
289420
75321
79542
82553
16972
268952
117338
268952
268952
224555
82553
211059
211059
68497
211059
117338
211059
290667
168689
268952
117338
211059
14054
130149
290667
130149
211059
178911
247501
216620
216620
147353
231640
290667
247501
130149
247501
130149
155322
26352
68497
68917
26352
48804
138975
169471
169471
58750
130149
93114
192974
169471
169471
160979
26352
132771
26352
276933
93114
160979
155322
68917
130149
130149
130149
68497
68497
154746
117338
130149
85407
62532
117338
87041
87041
117338
87960
1270
194567
194567
68917
174438
160979
132771
24382
102960
26352
117338
86434
24382
117338
68917
68917
118504
13593
97308
154461
58750
160979
160979
68917
17166
154461
46102
250891
68158
174438
223428
214868
106710
264209
264209
177749
8373
36428
5419
234035
97308
234035
5419
98410
256140
137838
63541
263386
121706
82101
210592
160979
160979
62171
160979
160979
263081
65309
278484
139557
75586
139557
198771
85965
250254
172590
77788
66450
62171
162295
160979
196812
247454
1270
65309
235454
117338
246557
183161
77788
1270
1270
117338
82623
117338
33365
35585
178953
158124
145324
134712
191384
78402
1270
1270
1270
1270
247958
160979
247958
68917
160979
247958
68917
138517
1270
247958
215643
262397
281675
77788
82623
150660
82623
150660
47252
52
265925
82623
246557
82623
17181
129943
249592
150660
127933
127933
82623
62532
178673
180773
150660
112406
112406
112406
258508
132645
138333
112406
150660
138333
138333
94985
194991
160979
160979
33365
112406
210592
66267
289081
77788
94985
82101
194991
210592
194991
35340
236965
68917
236965
210592
78705
112406
185465
258508
188450
162926
117338
162926
117338
117338
280088
162926
33365
162926
117338
35340
35340
131578
278484
131578
29859
258508
134712
82623
33365
87041
82495
33365
186224
223428
131578
99749
34040
33365
33365
3221
177182
84304
234035
210592
201085
134712
185465
14054
18931
162926
38598
162838
249739
82101
82101
162926
33365
138517
45642
33365
261178
226531
162926
237700
204463
82101
234035
162926
125662
162926
208742
7695
7695
237700
147413
208355
138517
237700
154646
214868
50610
14054
250254
223428
27980
68917
282181
7695
261178
258509
210956
256503
31315
265080
204463
5718
228541
132645
262905
272722
38598
68917
138517
68917
137838
14054
123811
87041
192974
16376
198182
210956
191189
191189
221864
191189
210592
110441
52025
160979
160979
191189
191189
68917
7695
204463
69246
73553
210956
7695
185465
202574
167185
68917
221864
180773
67337
191189
180578
138517
129616
90418
90418
256503
188450
156253
180773
44129
44129
44129
73553
116982
180773
134712
68917
134712
203669
162295
120401
17181
68917
180773
68917
266549
17844
91574
192974
191629
233331
222476
117568
180773
21422
266549
73553
44129
73553
18684
44129
44129
263386
154461
154461
44129
154461
262905
4787
210956
156796
243019
128041
128041
44129
192974
258508
258508
179177
254045
282181
154823
160876
167185
237700
251880
155386
135378
155386
161428
135378
135378
251880
113961
134712
145237
282181
124334
169945
220089
169945
144179
251880
251880
155386
42251
251880
28671
251880
124334
99749
223532
124334
223532
124334
223532
124334
247993
251880
78402
223532
155119
155119
28671
223532
155119
106016
28671
73553
278484
179177
278484
105340
192974
146657
291088
223234
223532
87041
62171
62171
192974
231358
231358
231358
224373
175033
110025
160876
179652
223234
73553
73553
7790
17483
68917
73553
258508
245501
132645
93283
169945
238182
239497
68917
68917
34956
93283
177983
179652
82623
57866
179652
97308
68917
135378
17483
17483
258508
57866
307
307
258508
258508
56745
258508
263324
179652
179652
258508
7790
140880
68917
14304
135378
43771
135378
138333
202574
68917
223234
135378
199487
34885
247993
223234
99749
50777
282444
247993
180578
247993
39434
247993
99749
135378
258508
7827
258508
56335
23309
73553
44129
82101
238182
97308
281675
7827
223234
82101
82101
82101
82101
223234
147353
7827
180578
241287
180578
142847
137106
82101
7790
68917
282181
64107
192643
108306
68917
13592
102737
231196
17861
224373
113961
7695
223234
255127
223234
276725
82101
223234
140880
21766
247454
176400
268085
223234
102737
32611
276725
82101
97308
276725
97308
55204
182743
147353
160876
201085
25212
147353
106016
97308
184498
7790
7790
7790
153243
49883
7790
7790
97308
7790
279461
91241
91241
279461
91241
247454
12266
12266
7790
68917
68917
7790
97308
190036
132645
21422
285440
147353
23309
137838
137838
208186
208186
7790
251510
97308
103141
190036
54886
56745
23069
268085
108306
54886
289420
23309
289420
201085
124334
17861
41036
202574
177983
202574
23309
251510
23309
102737
97308
97308
54741
36129
154746
36129
202574
36129
36129
198865
106016
271915
142050
210956
36129
166240
190396
40310
210956
40310
210956
36129
13847
36129
36129
13847
168306
68917
210956
160876
160876
160876
38616
147353
4787
176400
176400
169374
51125
68917
7790
102737
102737
102737
210956
191116
210956
191116
179979
135504
230408
140200
21491
23309
154646
18684
23309
45210
285779
23309
107807
36129
39434
119320
119320
119031
23309
23309
247993
36129
103141
249319
256503
79728
140880
140880
209931
191116
140880
154646
140880
154312
285779
111603
241103
91574
61554
241103
215309
68917
138590
67720
240648
39434
7290
226778
73553
171860
137106
131719
171860
269519
171860
171860
243019
171860
59908
38616
38616
195217
210956
195217
68917
68917
3098
3098
231232
106378
137116
153243
68917
210956
38616
34422
271915
68917
73553
135378
4787
68917
41262
34422
222850
108876
204225
91574
173150
91574
34422
34422
138333
210466
103913
174438
121350
136688
38616
271915
91574
61806
68917
223848
277450
68917
41262
73553
88676
76907
153898
271915
153898
91574
264025
264025
61806
73553
207249
262561
31021
73553
113100
153898
240648
38616
153898
153898
91574
157982
23309
247501
247501
154746
247501
17861
241103
159149
62291
198865
23069
106378
45642
210956
45987
264209
134148
73553
76511
210592
2492
68917
68917
262561
289675
23069
222850
68917
68917
12798
132262
240648
45987
75321
259061
209837
65309
282181
275938
248840
59561
65309
160876
160876
12798
12798
24858
24858
247993
247501
68917
45987
100988
209837
175156
189920
175156
68917
45987
23309
82202
78613
12798
64107
12798
12798
65309
243019
218937
167185
289675
247993
121350
184486
14255
14255
184486
113100
87960
14255
87960
14255
174779
64107
184486
259410
239177
7695
184486
184486
171560
171560
33365
277505
184486
78613
33365
23309
12798
87960
87960
45987
140200
33365
33365
155798
167185
45987
138590
155798
91574
155798
18967
214372
33365
33365
155798
17861
17861
155798
12798
137106
36542
153517
90418
91574
155798
33365
45987
33365
33365
33365
132645
184486
45642
33365
33365
90418
100712
21422
33365
153243
247501
194308
140200
251042
119530
379
36129
160876
160876
160876
33365
32611
74020
33365
160876
45987
132645
160876
32654
219922
277505
244617
169945
110441
110441
64107
167185
148141
277505
243377
160876
54741
45987
97308
97308
134612
148190
132645
159149
167185
97329
167185
97329
175736
77198
115239
91574
219922
115239
160876
160876
115239
167185
160876
160876
115239
160876
115239
8373
115239
160876
134612
44977
64107
189772
160876
173446
12798
148141
68917
151590
76338
68917
231486
68917
160876
291165
36064
132645
183420
289755
540
540
64107
205217
167185
167185
158251
13397
277450
13397
82276
176130
241442
241422
56650
113335
189772
68917
151590
184498
88488
214108
37448
58229
214108
291165
192974
258163
68917
258163
68917
258163
68917
88488
218937
379
4807
4807
27319
256503
212754
37448
379
22081
92992
132645
92992
261255
13397
45987
56650
44977
119031
289675
69448
23740
176130
56650
148141
92992
154746
135807
132645
56650
246326
44977
56650
251725
132645
125662
379
132645
12798
44977
153243
44977
125662
21422
379
379
243377
121350
121350
258163
258163
132645
7695
271915
46016
125662
68917
237700
252723
124334
147413
62532
62532
16376
96983
124334
6009
44977
176130
68917
252723
252723
107807
252723
286076
11876
44977
96983
124334
88488
4230
100657
36064
62532
68917
154312
68917
260857
154312
6009
154312
58229
260857
147838
176130
171110
94047
148141
44977
59561
44977
36064
113335
205776
134712
132645
36064
279043
210687
16376
279043
149175
23309
214559
23309
279043
58229
23309
58229
58229
58229
36064
142954
148141
266339
58229
58229
173463
58229
205776
285701
285701
154456
178420
240246
182743
218912
58229
61998
132645
42615
58229
46016
78726
218937
185561
60138
175807
203272
94047
16376
214559
201109
222850
148141
203272
154746
203272
175807
137116
242619
99749
137116
258163
203272
147413
212754
33509
99749
76866
111603
201109
203272
33509
62319
94047
222476
94047
16376
137116
6009
241422
214697
161222
161222
176130
271223
212754
12798
33949
33949
139557
16376
33949
134712
134712
253521
99749
89296
146938
76866
49964
18684
33509
148141
232267
277291
203272
148141
175807
26048
126016
226489
134712
33509
94047
61806
101263
33949
212754
277291
16376
212754
58229
101263
214559
154312
188285
253521
59561
203272
59561
59561
183161
183161
134712
154182
214559
183161
230408
54904
180578
134712
282181
134712
35213
57787
57323
147353
45987
33046
277291
154381
38438
141396
58229
69330
147353
42365
94813
42365
225036
225036
160663
80738
159614
58229
219872
58229
219872
212553
108876
33046
229031
33046
203272
253521
145324
103160
212754
273950
16376
16376
118337
139557
169945
26352
104449
60583
169945
169945
237484
176719
137116
214559
58229
169945
137116
169945
65309
223848
26352
26352
105692
134712
134712
212553
137116
137116
31294
23352
136688
60583
223848
247993
223848
135431
169945
139557
100751
57323
26352
58229
136688
136688
26352
134712
229031
247993
26352
26570
26352
35213
134712
176719
58229
135431
3098
99024
177983
58229
3098
229031
53078
153898
57323
169945
176719
169945
139552
80583
58229
229031
169945
89296
58229
39176
29333
258274
26352
234936
169945
58229
226489
68917
99749
135431
78726
58229
136688
190023
214099
180578
238315
169945
135011
169945
135011
169945
247993
2567
176719
87047
26352
153898
263388
153898
26352
155718
145324
1270
33365
153898
226489
99749
188285
87047
134712
103160
290197
226489
4435
68917
188285
188285
285306
67059
159551
4435
45987
5236
231427
199552
64107
64107
199552
61998
219872
77285
82060
214559
203206
261255
67059
215405
249319
218447
134712
214099
231962
278214
145324
145324
145324
19901
87960
4435
219872
219872
19901
67059
67059
290197
124924
68917
45987
286076
33046
33046
21422
124924
4435
19901
4435
124924
68917
290197
4435
262358
19901
165976
207766
67059
153898
40471
266944
219872
35213
78726
4435
180578
68917
175033
275648
275648
56932
253252
135431
186790
1250
230408
22446
8936
239177
141553
94422
67059
14431
67730
243377
278292
78726
278292
262358
79152
282404
68917
19901
188703
61998
149466
227750
278214
8936
141553
82060
35213
1663
19901
68917
67059
78726
19901
188218
223848
26918
183361
226493
265578
79152
233331
78726
227227
135431
71271
17453
67059
233331
17453
67059
284371
65803
207055
166740
54904
155718
54904
261255
237700
219872
68917
210867
267717
137839
159904
147353
147353
197940
22081
21422
22081
135431
256117
67059
188703
232020
74329
60138
72803
67059
255127
254294
67059
69217
26918
121731
26918
36064
203652
137839
45987
133005
242619
111603
84684
260550
173931
8936
218912
278292
173931
161222
5576
161222
147353
230408
262358
57465
8936
8936
8936
208082
242619
242619
188703
45987
97024
97024
36064
217562
8936
188703
262358
133005
51812
54904
121731
275648
203652
275648
275648
51812
139552
36064
262358
14431
262358
207187
208082
36064
36064
261724
216507
25908
36064
14431
147353
54904
54904
54904
147353
54904
1663
36064
262358
51812
82623
242619
54904
141396
94985
275648
242619
208346
208346
260931
260931
290197
54904
259892
259892
259892
58229
54904
189632
91449
251554
121731
121731
21717
169175
282981
282981
259892
52140
54904
255127
255127
58229
179627
87775
283645
214559
214559
87775
39622
54904
54904
255127
147353
45987
222488
58229
167185
58229
70748
232871
242619
202175
69006
282953
68917
58229
208346
202175
260887
68917
242619
110446
263388
233859
45987
233859
58229
70748
54904
22126
68917
179177
91449
206467
252014
1250
68917
141963
233859
91449
13592
207832
180578
282158
282158
242619
137839
271355
154381
271355
242619
103984
36064
237700
91449
59226
262358
262358
250891
1250
258274
58229
169116
35213
7724
9994
69006
216507
69006
13592
7100
26918
79654
68709
291239
154182
154182
141963
74329
26918
45987
74329
167185
279043
160477
159820
69006
65221
45987
285696
7724
251554
222488
251104
71518
68917
68709
45987
45987
101263
288286
138092
258274
68709
141414
265578
262358
179627
68709
68709
26352
45987
110446
17483
124110
275648
17822
68709
71408
45987
120160
68709
117562
45987
45987
29593
67059
36064
67059
36064
154182
177856
174415
192779
26352
154182
89296
217268
68709
173794
127146
65221
68709
6432
110441
285696
110446
214108
45987
94422
67059
162838
272485
67059
120160
45420
177856
154182
91342
45420
45420
45420
45987
1270
177856
67059
218367
144566
17822
67059
127948
88688
182675
26918
67059
173794
67059
289755
282981
67059
132001
179627
50344
182675
288042
288042
103494
288042
144693
65221
17166
219872
61838
288042
96098
41032
41032
79152
161892
275648
275648
288042
79152
139351
28671
242619
177856
67059
200319
200319
45987
288042
51579
45987
182675
26918
19965
45987
139351
271422
45987
45987
251554
21422
68917
45987
21422
45420
60182
223936
67059
19965
275878
75976
212576
75976
289810
138442
227448
198767
288042
96098
71408
6432
6432
272485
212576
19965
197210
139552
45987
17822
45987
265578
110446
65221
139552
1270
45987
37989
19965
65232
272485
272485
233859
21422
275212
65232
289755
45987
6432
11733
26352
100409
288042
251104
272485
290197
290197
379
236447
26352
229031
97391
288941
65232
65232
65232
138442
288941
45987
105772
258274
242619
96098
176130
65232
65232
154182
104081
65221
28671
28671
28671
26352
289755
68917
26352
45987
148020
164354
104081
75976
182675
277084
286115
20398
45987
204463
265080
174889
45987
174889
110446
289755
182675
45987
272485
17499
182675
272485
45987
32175
147353
134712
36064
290197
75976
187056
194119
242619
379
229031
182675
2962
272485
289755
235677
65232
5576
168513
229031
272485
272485
65221
68917
78916
282444
43168
120026
131723
131723
168513
131723
131723
147353
41719
95245
75321
108988
65232
6432
33365
131723
195829
65232
78916
105772
78916
195829
6432
120867
75321
265080
139552
95245
153654
2962
7051
75976
95245
95245
75976
88304
95245
154182
36064
80561
68917
2962
265578
229031
68917
8936
8936
93283
143281
194119
209862
209862
185682
195829
135504
93283
12586
8936
194119
265080
36064
227227
283885
271725
115346
227227
115346
220058
194119
18367
269523
139991
227227
18367
214104
167338
167338
66450
36064
194119
173931
265080
139991
36064
65232
194119
65232
194119
90259
29593
194119
90259
6432
272485
126976
41719
286115
41719
36064
155718
33365
157717
201085
18367
274670
65875
258274
182675
195829
36064
173931
269523
269523
63052
255413
65875
226516
136688
86434
153654
94422
142847
93604
224898
36064
36064
36064
154456
260556
93604
246257
93604
265080
261724
65875
261724
179627
85714
8936
77022
36064
167338
204463
105772
276753
290197
204463
8936
36064
36064
156007
204463
272722
203206
65875
290197
168513
20398
155386
265080
168513
265080
168513
265080
269523
8936
168513
259892
192670
281377
259892
223091
194492
75321
75321
115346
107063
225974
259892
290197
75321
75321
95611
224568
259892
248205
259892
156007
6369
143281
6369
149175
75976
6369
75976
6369
149175
22081
9608
6369
43190
274670
9608
204463
269523
43190
204463
131723
120971
291239
291239
178953
49096
379
132157
379
131723
80583
8936
259892
9608
132157
132157
149175
132157
155386
155386
6369
6432
209220
209220
270227
71688
100988
58229
200705
233996
99461
93604
93604
8936
58229
76140
43190
44977
113139
58229
8936
178953
379
154182
181344
11620
58229
272485
38938
149175
104311
251704
43190
233331
285440
283476
195829
43190
104311
288941
80216
241844
241844
195829
92992
43190
43190
270363
93604
270363
124110
138590
68709
94590
6369
104311
104311
93283
282444
104311
104311
86434
86434
8936
8936
34858
241422
6369
241422
283476
195829
6369
259892
104311
181344
104311
241422
131723
241844
184071
46202
32244
195829
180578
77137
244617
8936
212522
244417
120097
104311
94985
192779
36064
244417
36064
104311
149175
104311
36064
131723
131723
36064
154182
104311
231971
78165
249221
159238
58229
58229
58229
231971
68987
192779
111755
272722
36064
8936
8936
8936
106247
36064
36064
207832
36064
8936
210604
10772
241860
10772
231971
178117
55204
197940
16666
36064
6325
178646
44977
6325
128738
169698
110446
192779
68917
82202
169698
265578
192779
8936
36064
8936
194492
43190
231971
154265
252027
210604
38885
246326
107063
94047
8936
204463
71408
178117
260160
180578
110446
45516
70094
45516
131303
217091
110446
214559
289810
241422
178117
207832
152936
286115
207832
207832
45516
207832
180578
225142
13592
214397
236337
133440
207832
236337
379
85968
289481
243019
243019
289481
126976
6432
133978
98667
289481
79973
126976
8936
36064
130550
236337
7827
252449
7827
241854
7827
65304
7827
379
270927
252449
252449
236337
7827
278854
243019
44977
162257
236337
290315
236337
236337
236337
236337
290315
290315
8936
74329
236337
236337
192667
75321
75321
180578
65875
290315
13592
228829
7827
136688
75321
252449
252449
7827
260160
218294
218294
241860
62600
65875
131723
180578
144121
6369
6369
34547
290315
180578
180578
289810
180578
201694
8936
98667
290315
252027
270227
103913
7827
214559
7827
214559
214559
15157
102294
230618
180578
180578
265080
214559
7827
185861
199487
65304
206347
68917
290315
229316
7827
149489
53805
252449
229316
5921
144553
6432
6432
204463
134396
214559
282981
214559
214559
14255
252449
252449
229316
87960
59655
214559
126976
53805
214559
134148
86090
195829
138590
241860
53805
214397
65309
124924
168547
125813
65309
260160
65309
147431
227227
227227
211108
53805
259892
214559
214559
100657
187505
68917
134148
134148
115239
241860
41484
8936
279461
229596
8936
270227
176109
8936
19965
8936
65232
81093
65309
129143
231971
270227
248205
187505
108306
103913
103913
125750
214559
214559
185288
270227
38938
241860
194492
194492
202327
180578
180578
49096
285815
6369
103913
65309
59655
270927
270927
246691
270927
59655
270927
194870
43190
20955
194492
85968
194492
35397
59735
241860
241860
59735
59735
59655
59655
176109
156761
210635
214559
124924
176109
270927
241860
290197
59735
65309
176109
8936
36064
65309
59655
65309
214559
17822
270927
214559
65309
214559
270927
195829
214559
149289
195829
146612
135134
214559
214559
258274
65309
70748
255710
36064
164510
258274
149289
270927
258274
39031
92632
277291
251554
46202
54904
144553
379
206633
214397
59655
206633
149289
198290
76924
283553
285306
258274
59655
175033
136082
283553
66172
49860
202327
283553
49860
136665
213716
124110
176135
38438
18549
219220
227080
213716
136082
219220
215480
219220
219220
219220
39031
219220
219220
219220
33377
260197
162926
227080
10288
199487
71408
271422
144693
29652
61189
136082
61189
136082
61189
185861
185861
178218
213716
136082
61189
231971
10460
213716
246257
162926
136082
25194
2738
125750
125750
2738
127146
47112
22081
86434
285701
67059
47112
379
112061
8936
175033
61189
61189
47112
246691
213716
112061
213716
112061
282981
25194
137372
254106
379
379
136082
153776
32437
122231
379
285769
175033
80216
112061
36064
164996
96983
124110
112061
112061
162926
112061
272485
144693
36426
53805
91794
119907
154312
100988
220583
200705
100609
178032
259676
155631
96983
98771
379
98771
14208
41484
176109
174466
167981
13592
13592
47112
116560
41484
379
127146
62600
244236
62600
176135
176135
47112
42896
249226
176135
176135
282389
379
284151
91162
112061
246047
47112
259676
282389
202327
112061
34887
34887
34887
379
47112
208690
29652
176135
149489
144693
149489
208690
254106
119907
144693
249226
42896
108503
24959
108503
24959
149489
149489
68917
120509
186790
144693
33377
174842
282981
23248
215611
42896
103209
179627
272390
141992
154381
35343
154312
39031
132374
149489
144693
144693
192667
132374
42896
110446
48189
169359
169359
132374
157427
157427
86434
182675
274670
169359
157427
108503
74136
36064
225142
67320
49096
49096
49096
144693
244617
81997
144693
100988
68917
155931
175898
144693
110441
110441
289481
208690
290315
144693
91443
290706
49096
49957
157427
202175
157427
288028
157427
45516
289481
289481
45516
101263
283553
283553
208690
45516
103434
71688
161428
175898
290315
157427
156294
157427
156294
189824
250945
285815
282404
71408
289810
194991
66172
111495
137372
100995
116560
175898
42896
63850
251554
8936
67059
175898
159964
49096
257759
45516
142169
268952
91766
93604
211482
144431
6325
13953
162257
169359
227825
268952
259410
68917
8936
76633
268952
2738
2738
227825
99929
270927
179419
179419
7790
227825
42896
227825
91443
91443
91443
208690
268952
155931
194991
91443
91766
91443
260160
94047
136688
257759
277110
142169
194492
194991
182675
42896
138590
258274
194308
42316
66172
156294
156294
206595
162257
162257
138517
138517
194492
194308
66172
152695
265929
271914
379
156294
379
23369
219220
271914
271914
271914
264838
203254
264838
162257
164996
92727
285306
269519
41484
99929
66172
41484
248864
12521
248864
8936
8936
194308
203254
218876
8936
175348
8936
75586
66172
227227
75586
248037
156294
265929
8936
161428
116560
68917
150756
272722
127257
190364
8360
265929
268952
214559
155322
268952
248037
127257
190364
167981
239177
223654
3475
264833
264833
81576
284151
190364
150756
192667
268952
49096
260197
162257
289672
279043
260197
141963
155379
266667
155379
63850
155379
81248
274932
49096
15054
288941
129846
288941
260197
251554
212194
157427
16677
264838
162257
8090
150898
190364
144693
251554
150898
285646
150898
207832
190364
169359
132381
244617
264476
291165
156987
274670
87960
188703
65389
264838
192420
284151
274932
71379
119907
26352
91766
170543
157427
251554
66172
251554
149057
137916
274932
149057
286143
137916
86090
215405
192667
192667
185895
128165
190364
379
149057
190364
75586
8090
198096
66172
45516
7827
277110
286143
192779
286115
286143
91443
72679
239177
286115
188703
164996
8936
277110
192420
8936
279646
75586
103984
289810
286115
277110
286115
283174
258163
258163
141963
248037
283174
192420
104499
289810
289810
264833
167981
209455
167981
229389
258163
185895
286143
176109
176109
8936
47725
198096
198096
170710
149289
248037
235157
8936
185895
225142
111490
210443
12521
108988
127328
8936
181156
239525
261631
8936
66172
106061
286115
71408
203254
173346
8090
24959
65389
209312
248037
74180
248037
165767
8936
203254
176109
7827
41719
41719
67494
198216
119041
8936
188186
218944
194492
218944
194991
220564
24548
139552
210443
17453
225105
66172
24548
125251
66172
66172
186795
267160
267160
111490
81360
24548
66172
206425
25134
199487
24548
45719
192420
194492
277439
210443
7827
12521
24548
195876
25134
192643
199487
199487
199487
192420
192420
199487
192420
90256
15054
192643
149057
13592
17453
24548
24548
264833
24548
258536
264833
238182
264833
289810
289810
135879
225105
194492
192420
221710
208690
24548
24548
102290
24548
214559
215221
277110
24548
264833
197789
239177
201760
162926
125303
277110
126649
135879
28060
170543
59226
264833
90205
102290
277439
65389
229389
111490
90205
213316
195829
213316
167981
167981
15157
36426
221864
195829
195829
277110
237484
192420
136688
264833
277110
136688
87775
257406
87775
195829
214559
253521
146089
26547
87775
265332
32473
62027
131430
61806
87775
141963
163926
87775
87775
217091
195829
213384
87775
167589
167589
270227
220970
68917
31425
167589
32473
192420
28060
192420
192420
28060
144693
144693
28060
68917
192420
141338
141338
87775
119907
167589
167589
119907
87775
87775
31425
100995
87775
167589
2738
87775
158885
179339
87775
188576
285306
106714
111490
27699
27699
215221
27699
215221
261402
172749
27699
102290
135879
196837
99475
99397
135879
65389
87047
136688
196837
283553
150898
167981
167981
99397
273942
28071
149489
111490
273942
27699
180110
111490
176546
197789
197789
136688
130848
130848
111490
17083
277450
277941
272485
196837
285440
204463
27699
99397
197789
250038
235525
87775
115346
144693
52490
67999
277291
196837
181919
10770
17083
210017
28377
247587
207856
67320
142444
168320
27699
69638
210431
144553
238596
127146
111490
69638
200263
28377
199487
28377
144693
252423
52490
144693
144693
34996
149489
28377
52490
149489
176546
24548
184968
244625
104240
139312
190131
41108
149489
144693
144693
163511
28377
149489
210443
210017
181919
149489
90256
149489
90256
10770
141963
265929
200961
52490
220970
119907
144693
149489
69638
52490
92029
2738
149489
142444
202175
92029
167428
141009
149489
28060
87775
149489
132374
28060
115346
214559
67320
26106
68917
2738
132130
28060
144553
144553
198966
71220
220970
160294
28060
128881
149489
226653
268706
221581
283885
87775
202175
87775
220970
52490
28060
101692
101692
87775
87775
101692
68917
162257
93604
177266
220970
52490
47491
60894
226653
136688
127257
214559
162348
247159
125961
129592
221710
28377
227750
87775
100556
60894
102783
28060
66172
87775
281183
87775
281183
238596
238596
105791
92747
179627
217268
180110
135879
28377
87775
214559
281183
281183
290890
110217
91443
157088
28377
28377
64433
127257
49096
193390
237485
272485
110217
135807
150898
215691
192420
119907
136688
282789
110217
198767
72878
110217
65788
275637
72878
125961
92747
143049
110217
227598
110217
178029
110217
178029
110217
6454
90668
288503
143049
275637
275637
59655
170710
227750
178029
110217
10734
110217
131046
162926
90668
236965
162926
131046
272485
91443
250891
91443
91443
282747
282747
134148
277291
27699
8936
66172
132130
136688
227750
288042
167434
98113
259061
98113
135879
135879
135879
226653
168104
135879
202175
202175
90668
202175
230802
230802
230802
265585
95920
69638
87775
87775
114155
174188
202175
162926
111775
283123
162926
68917
13978
13978
230802
230802
27699
153869
205506
192420
205506
87775
205506
87775
174466
238596
195427
250891
265356
278854
111457
92747
241205
47307
202175
230802
250363
230802
235525
235525
202175
87775
272722
272722
241205
241205
241205
278742
134148
87775
111457
165767
170710
174466
235525
241205
6975
241205
64433
241205
65788
192420
248842
87775
66172
250891
197987
235525
13978
28060
13978
127257
288044
227598
147431
65788
230802
65788
65788
71408
147431
111775
175045
87775
28060
243807
237178
134148
13978
230802
192420
11379
33328
33328
87775
282389
282389
210926
123334
65788
272722
95014
218896
91162
127257
4218
4218
111775
270975
270975
237178
101738
48115
111775
54413
54413
257529
54413
48115
255710
238596
192420
192420
111775
101738
224555
192420
119626
48115
191405
230802
237485
139424
48115
118741
118741
111775
118741
111775
111775
118741
233607
118741
48115
111775
66172
33328
4689
287975
170710
231077
224555
36129
36129
17044
80849
235525
250363
36129
243513
224555
91162
184951
110480
110480
223369
241383
213384
224555
72159
110480
36129
95953
110480
192420
243513
39622
117920
231077
238596
243513
198767
239177
182413
65389
65389
243513
250891
250891
72159
105791
95953
277291
179865
207065
206425
95953
218294
291003
205506
95953
95953
49096
258274
184846
197987
139424
246354
44336
167185
44336
95953
49096
59312
59312
291003
95953
167185
154381
206994
78063
103383
254273
95953
144553
95953
28555
36129
125961
128881
33328
119907
110217
150633
222877
254273
197987
33328
165331
127257
127257
59757
165331
101738
165331
101738
165331
96067
37477
206994
168320
127257
254273
140926
267171
36129
127720
151701
267171
103383
92747
245917
103383
253848
179627
106384
36129
13397
141338
253848
168320
36129
28555
36129
277110
36129
111457
167185
165331
118468
257759
29013
286628
238204
28555
127720
205776
94415
31382
62171
28555
205378
28555
205378
34887
150633
34887
119907
218937
20533
95245
211482
111775
216465
106384
42500
150633
238596
150633
238596
224490
131275
160680
160680
150633
1663
29013
95953
106384
238204
106384
106384
111775
153869
106384
28936
28936
28936
131275
6975
195958
28936
47239
47239
15054
8936
28936
29013
111775
28555
29013
224555
127257
85711
111775
85711
185861
277541
127257
85711
111775
193351
246036
97999
150633
28936
29013
150633
150633
231600
30760
197987
29013
150633
150633
238596
241383
85711
111775
140739
111775
85711
106714
154976
245615
106714
238596
150633
111096
106714
277110
225142
111775
77285
28936
222227
277541
106384
278895
278895
150633
278895
192420
270975
277450
195820
208655
283297
270975
28555
270975
28555
28555
111775
249319
39687
194991
194991
167185
270975
239177
106384
255589
205378
150633
254176
111775
29530
144553
111775
106384
238204
181919
29013
181919
118468
60053
195958
238204
127257
127257
81360
111775
111775
259410
106384
181919
181919
72878
261402
131275
231358
266553
111457
111457
113087
259410
106384
111457
111457
111457
150633
41484
111457
170710
231077
144693
111457
231358
106384
163511
30126
30126
231358
181138
203011
192371
102028
154976
154976
33509
225142
120509
163511
56861
181138
264531
181919
39687
262798
79654
191257
191257
170710
170710
110217
277541
110217
277110
120509
291391
258146
102028
287975
243377
191257
111457
111457
106384
111457
102290
102290
181138
287975
287975
53594
235525
235525
111457
111457
53594
99475
201239
223107
99475
223107
274696
106384
289599
289599
108503
181138
146994
191257
176744
53594
128569
101741
290944
155710
244894
8936
111096
8936
223107
223107
28071
39622
53594
8936
8936
103483
8936
154583
177683
288809
29013
167589
210017
8936
202175
254176
29013
8936
79654
99475
111775
188951
45981
108503
218294
218294
188951
108503
108347
157115
231077
108503
218294
108503
108503
231600
218656
231600
108503
177661
72878
218294
210017
108503
172421
91612
218294
281183
10399
108503
105791
8936
41484
222877
53594
53594
53594
8936
85968
133005
277110
133005
8936
110217
34887
277110
181051
257984
250891
257984
141338
72878
72878
196292
235454
228814
156987
141226
102028
215947
29013
9844
43336
208462
141338
200263
237347
102028
102290
249319
179226
231077
243724
102028
8936
256371
36542
84507
72878
72878
163511
9994
8936
147353
179226
170710
181575
181575
243724
258163
227750
239177
232011
91766
15054
214974
65788
181575
28671
93968
196525
213384
102290
102290
213384
258146
236266
10399
237484
158302
102028
161198
41484
232028
208462
192
179226
158769
12800
99475
99475
172590
108619
172590
161198
10399
269016
84507
4072
17607
10399
213254
164616
243724
232028
6975
225142
181575
84507
111457
158302
111457
175348
102290
181919
179226
84507
10223
192355
208462
224351
233739
137839
102290
32446
92245
17678
246036
227750
246036
181919
172590
147431
34045
33774
246036
40905
279573
235157
246036
258146
224351
111940
258146
246036
246036
235525
235525
133005
233331
181919
84507
246036
235525
181919
53328
181919
181919
26628
8936
92245
21491
227750
246036
227750
246036
89959
61711
253003
133005
133005
284120
102290
54421
54421
133930
181919
246036
172590
26628
181029
258508
181029
181919
181919
176109
246036
136278
79654
4565
181029
144431
246036
218937
218937
246036
253003
246036
175348
154381
183214
218937
183214
183214
133930
246036
246036
133930
133930
133930
213384
218937
213384
133930
105791
105791
224351
105791
241934
176109
258508
176109
170710
105791
265080
192670
89908
218937
24093
18087
69836
51477
250891
170710
79654
26628
246036
246036
284120
123176
99461
170710
170710
99461
284120
138517
231971
288809
250891
253003
8936
41629
246036
181919
89908
71880
258508
269016
269016
96983
51477
261184
230875
36542
51477
111940
51477
258508
106384
151847
73423
30126
24093
57741
111603
188951
238365
73423
147431
271475
134148
138517
174466
137839
28671
99461
181029
51477
102290
176109
89908
22823
99902
10399
282389
177661
263152
175464
279043
284120
84507
239177
202826
239177
8170
73423
242353
99902
17166
201646
17166
99461
178218
208165
208165
53328
253003
271049
62355
70489
4230
79654
149057
231077
56837
34825
174466
79654
199643
172590
178578
275637
50176
174466
127290
105791
79654
199643
99461
199643
53328
67720
67720
82550
23186
226670
92465
201646
223303
82550
100988
100988
204872
164594
204872
178578
251941
177552
252215
99902
127222
145477
252215
252215
137644
79654
289599
250891
250891
204872
228814
174947
252215
252215
134148
134148
239177
134148
284120
141338
178420
284120
141338
241422
32990
185349
69217
99461
32990
214309
228814
181029
181029
32990
100988
179339
181029
100988
100988
99461
141338
181029
181029
210956
99461
99461
63833
175227
288809
181029
175227
181029
100988
207832
50176
70348
271725
100988
196862
181029
99749
233331
171388
155710
227598
171388
253003
284120
282389
284120
65875
284120
131275
5425
253003
215480
53531
36800
8936
56685
56685
278070
278070
36800
36800
250891
250891
185349
192420
215480
278070
185349
278070
278070
168055
185349
181029
185462
186435
36104
244006
178178
8936
281183
94046
185349
26413
26413
8936
253003
196837
254273
147353
26413
53328
167589
284120
8936
85968
10399
53328
8936
192420
147353
181029
53328
147353
53328
252014
245896
158141
170710
284657
155710
158141
147353
99902
16912
147353
154312
75586
154312
10288
82060
82060
71408
71408
223649
96067
284120
147353
8936
269597
185349
100988
245896
8936
278070
270975
271422
186435
185349
170817
153466
8936
106666
112971
269523
15054
8936
151217
58988
150898
118043
262157
147353
177552
8936
8936
177552
155710
195835
106666
151217
200807
56967
181029
23378
226670
151127
200807
200807
200807
232894
200807
201646
200807
186435
272722
121211
232894
56685
232894
4787
200807
104311
104311
200807
201646
195829
151127
63833
8936
19754
206851
207832
8936
178578
56967
16049
4384
185462
69836
73126
63833
54295
44895
36800
243724
200807
39370
200807
154381
278070
200807
79307
131275
131275
235525
53328
36800
223303
278070
8936
254273
284120
232011
193996
275504
63833
213254
79307
213254
277450
63687
63687
79921
170817
241287
186435
131275
232011
241287
179868
131275
13075
73126
155710
155710
155710
155710
68917
1362
250891
267770
286541
220406
278070
223303
244006
138975
261728
266667
118468
63687
29593
195829
186435
157694
115542
250891
158589
286541
150898
245896
118468
118468
186435
186435
106666
63833
259542
284120
82060
267171
118468
284120
63131
2417
173931
13335
284120
144553
235525
284120
278070
32968
154312
221233
278070
250891
276493
139595
284120
106714
136278
181919
231271
241103
177718
199487
270158
286541
131275
209455
153776
144553
248037
63687
278070
285494
15054
139595
139595
232011
139595
232011
139595
62355
245896
245896
184498
231271
177718
131275
56967
213384
238365
131275
131275
253695
186435
260160
8936
274696
253695
201085
216250
232011
181919
85855
85855
227750
143049
232011
232011
56979
232011
95953
85855
85855
245896
210570
97024
169401
176689
222227
39687
97024
131275
222227
131275
131275
48324
191045
61806
131275
186435
39687
232011
39687
61806
51808
40012
158302
232011
97454
97024
102288
186435
207832
204304
106830
69836
106830
232011
259542
63918
122118
174786
272722
10460
10460
151217
19754
174466
157982
19754
10460
131275
84088
151217
162838
271106
1185
218656
218656
84088
271106
162838
281421
97024
227750
235525
235525
232011
104240
274992
286541
84088
286541
84088
213064
97454
158141
235525
235525
235525
192643
131275
131275
155710
50176
288896
223654
182234
152891
155710
97024
245896
158141
90654
158141
69836
69836
162838
109316
48923
109316
250891
61868
263394
62532
97024
244236
232894
291003
176109
245896
128158
185991
158141
158141
235454
216250
98855
136095
98855
245896
154312
158141
17166
260160
174786
271106
260160
278070
260160
41484
143049
260160
260160
155710
260160
258508
18242
258508
260160
171498
158141
260115
85855
155710
85855
192670
174786
271106
245669
245669
39031
34887
57323
27773
89024
18242
174786
86034
249319
224351
189262
185465
246326
39031
245669
61868
166594
245669
274992
61868
84088
258163
144553
222227
185465
174786
287975
174786
260550
245669
141338
174786
19646
174786
19646
2567
149800
149800
54241
84088
158302
246890
245669
48324
205690
106714
1185
246890
71408
136278
98113
245669
44936
134148
134148
149439
245669
137116
171498
278742
100988
200643
200643
243377
189262
105791
245669
1185
189262
174786
105791
113961
215611
184498
184498
189262
164401
245669
252766
97024
174786
174786
85335
189262
105791
105791
189262
91882
182234
85335
263039
208165
109936
272722
204304
50176
250891
113087
19646
19646
132381
113087
137911
71408
113087
178026
1185
156656
245669
91705
177718
1185
285636
71408
136251
1185
29013
1185
208173
154073
154073
154073
106714
71408
114017
114017
114017
52111
114017
208173
154073
156656
154073
208173
208173
208173
208173
154073
208173
263039
1185
175092
71408
285636
285636
245896
3475
185462
1185
258630
284657
113087
71408
71408
71408
177718
139577
139577
177718
71408
65788
71408
70297
71408
114017
245669
248037
92465
113087
1185
93734
177718
92465
153719
92465
92465
97024
258146
168320
94257
94257
178117
61833
114017
92465
253695
201800
177718
204304
258146
255368
93604
253695
92465
92465
97024
245896
177718
114017
100988
166065
282444
166065
241103
201800
226516
166065
283656
166065
177718
240757
255368
106714
245669
245669
240757
202894
113087
135272
245669
197987
137839
91705
57782
92465
216465
233964
248037
183635
258630
162348
71408
201800
113087
245669
212848
100988
159496
159496
176348
113087
121906
238762
176348
222890
277110
260257
254153
47491
177718
166065
71408
222890
177718
192643
57782
71408
23607
71408
185506
36064
188782
245669
166065
258163
65875
10460
148763
250891
148763
135621
148763
254086
185465
245669
73988
28671
210620
172562
50176
151541
100988
245669
40199
250891
166065
54614
148763
99902
289709
177718
197457
151847
245669
137839
54614
197457
175290
99244
168160
193183
260257
124573
61868
248864
172590
36064
47491
39031
206851
232011
33982
68917
72385
57782
99244
278895
168320
18505
172590
172590
216465
239177
140739
239177
172590
289709
176348
176348
75586
148763
216465
185462
239177
239177
204131
195643
53594
202894
53594
29136
60220
271049
259106
111457
47491
44895
91705
44895
83760
257868
140739
65875
269191
65875
195643
125961
260061
177718
263797
177718
158302
197457
10495
180773
172590
8936
260061
137839
99902
262157
206994
177718
206851
177718
154312
18242
84088
198966
17166
272211
216465
258163
271422
271422
195643
170710
114017
195643
141963
271422
198966
245896
258163
99244
208165
35286
254086
35286
168160
11060
250891
249532
250891
260061
269191
261402
115542
152228
195220
57782
178201
175092
254086
216465
93734
254086
253214
178599
271422
93734
258146
170710
170710
72803
230022
72803
1403
216483
262358
252113
272779
250891
176348
250891
48712
230022
176348
111457
61868
129747
18931
129747
122977
252766
75321
216465
26333
252766
75321
73384
182997
111457
93734
26333
100556
60473
26333
110480
245896
18505
33982
63833
216465
63833
26333
114017
216465
26333
252766
26333
63833
216465
103255
216465
32780
115542
166947
216465
93734
87759
166947
8936
245896
176348
63833
63833
216465
216465
176348
176348
180773
245896
245896
158302
63833
158302
285440
110480
75321
33982
166947
21388
21388
168055
269191
110480
110480
204131
110480
204131
110480
56837
1526
1526
204131
8936
110857
50176
96907
204131
216465
167912
159964
150328
17384
269191
66750
204131
66750
66750
257868
170710
47491
6773
121061
109936
152891
109936
32780
167912
55819
32780
258761
269191
32780
32780
32780
46357
167912
195643
35286
195643
179979
146698
35286
60583
195220
35286
35286
268687
204131
204131
195220
269191
211322
168055
55819
269191
269191
269191
195220
195220
204131
195220
195220
82710
269191
257868
269191
252766
236868
21388
167912
35286
167912
176482
167912
167912
21388
167912
21388
8936
252766
268687
121429
168055
12461
146030
30959
239177
146698
18242
195220
195220
8936
149604
110480
168055
168055
35286
168055
35286
168055
168055
168055
110480
18381
224490
168055
35286
149604
35286
224490
35286
117774
262397
110480
262397
55819
55819
168055
146698
23634
23352
35286
35286
263394
204131
176348
269191
153776
257050
21388
67720
82550
80731
263394
263394
182234
285440
136278
24959
269191
244126
149439
204131
222890
272779
117774
272779
117774
285440
67720
56837
126070
35286
18242
130141
130141
130141
130141
35286
117774
204131
195220
248864
222890
204131
35286
18242
165331
149604
204131
204131
252766
18242
165331
250891
272779
110857
159496
110480
197940
70043
18242
18242
117774
18242
195220
157427
218482
34825
198096
110857
230022
232011
1185
152258
211482
54904
263394
124779
23352
80731
23352
80731
66172
252766
162661
180664
66172
263394
269191
66172
214559
214559
18931
162838
86034
162838
8936
8936
162838
81360
66172
66172
39622
8936
286430
66172
89919
23352
59226
279968
99850
99850
39622
39622
118259
226516
279968
118259
279968
168055
250891
277110
279968
74180
75586
162661
229367
94372
279968
50010
279968
74180
133005
45516
45516
269191
75586
86580
86580
150328
4230
218482
119172
232011
218482
119172
119172
119172
279968
74180
218482
177266
30959
74234
249302
249302
79307
133005
74180
207346
99850
283247
251104
232473
15500
128851
249302
248379
162661
35340
252766
252766
117774
127146
54904
119172
38422
45516
38422
85174
38422
85174
54904
65832
67720
149489
107793
119058
198216
216292
89569
237215
44936
44936
45516
237215
45516
8936
45516
45516
258163
97590
45516
207346
45516
45516
84709
204131
277110
97590
33982
45516
29895
237215
80731
45516
29895
256192
133005
128851
128851
112714
26048
133005
8123
173733
8123
158081
137087
39622
39622
65832
39622
246545
214559
102783
39622
198216
33982
33982
84709
75321
139351
237215
237215
154181
159149
173733
137087
207346
258163
154181
257868
29895
57787
84709
57787
147494
26048
47876
195177
215290
195177
4230
181647
181029
195177
243124
111300
216465
206994
222227
97590
195177
204304
65832
39622
39622
128569
42118
198216
222227
222227
25629
216465
97590
99077
256261
250891
102873
29895
26333
11482
150979
65832
159639
265683
95932
180532
35340
70748
39622
280573
97590
173733
127146
70748
131797
73154
152936
18931
174466
155305
203083
270977
47876
207346
207346
207346
258508
166594
224490
162838
173733
153878
173733
207346
162838
147494
173733
55171
127146
165406
56881
127146
221939
274848
67720
127146
243738
106830
55472
173733
127257
55171
55171
21742
61757
243738
243738
279586
276057
250891
290890
176546
246396
100556
243738
221939
163249
173733
23634
24959
84709
84709
173733
173733
173733
173733
127257
173733
173733
127257
16677
111457
173733
173853
111457
45516
204131
111457
204131
17166
182234
23634
23634
23634
84709
84709
161216
204131
107309
45516
106830
84709
84709
189323
121817
172590
45516
35340
121817
79676
121817
17166
134148
68917
163710
134148
161216
262397
277941
40003
216465
32213
190341
216465
23634
216465
218367
149226
128851
195177
195177
79676
79676
56881
250891
56881
149226
149226
252221
93604
40461
269191
39622
172590
126567
269191
149226
79676
25134
20516
144877
172590
5718
138157
283174
206994
272130
261005
230288
160057
75073
214152
134148
36542
149226
127146
159964
65832
208165
7827
143049
38422
137911
222890
207855
25629
188951
75073
180309
282386
214152
195177
282386
83668
79238
37989
250891
279586
77137
222890
222890
90668
161216
189323
162135
222890
222227
222227
39622
222227
129604
262149
156569
226516
222890
112804
291676
99244
222890
176397
250891
178719
161216
246497
250891
178719
250891
178719
178719
49910
233559
20516
222890
194006
121731
47491
138838
176397
24959
81075
248037
39622
20516
222227
222227
39622
39622
67689
39622
45719
55171
40003
248037
257538
114017
55683
39622
67689
67689
6258
24959
282386
282386
154073
269191
177645
112061
18087
222227
59908
39622
114017
161216
39622
167700
39622
40003
151217
167700
1526
1526
236868
39622
206595
89919
71271
268298
114017
200643
200643
40461
184951
204619
90668
130276
131621
1925
121817
178719
230327
247743
247743
155662
168055
276753
115542
83668
247743
121817
276753
276753
276753
222227
276753
276753
222227
222227
276753
276753
52
7827
208165
18800
55819
23634
64989
20516
28060
178305
55472
222227
121817
121817
161216
44114
234143
18549
44114
176107
250891
196292
234143
25159
121817
121817
209501
172268
200643
206631
121817
206425
206425
30126
30126
144865
40461
206631
250891
150233
244236
136266
207855
250891
208165
250566
170136
241497
178305
250891
161216
59852
114017
24959
6258
83668
18087
250891
40461
40461
18903
75586
84684
34887
84684
178305
44114
163576
44114
244236
244236
86549
18708
178305
178305
223848
178305
121817
121817
81360
129604
121817
178305
121817
34464
121817
236868
250891
163576
163576
250891
133384
156012
156012
9579
247670
40461
178305
178305
166509
250891
166509
92021
86549
257773
86549
114017
9579
163576
150233
114017
111457
111457
133384
111096
68908
40461
23634
150233
121817
211493
211493
209021
209021
133384
181919
133384
150233
53594
151829
106830
181919
53594
23634
101741
23634
23634
23634
178540
50176
121817
150421
23634
165087
86034
121817
121817
86549
266667
166509
285567
163576
31411
163576
5191
73553
75738
55683
138975
107537
23634
86549
33982
168160
156569
172268
121817
168937
135621
170617
28195
209021
178719
23634
113638
121817
113638
121817
195177
219220
169587
252766
250566
32990
153776
32990
251808
166509
285567
253214
213064
23634
114017
195177
285567
252766
243025
276404
252766
285567
222890
23634
163576
288945
252766
252766
209021
32990
285567
285567
186224
23634
285567
23634
23634
215773
32990
10495
23634
236868
209021
32990
32990
32990
287975
32990
19247
19247
23634
172268
98113
242769
204619
104087
39622
209021
114017
264397
103416
18087
88304
264397
202894
53594
175467
252766
18087
169401
252766
28060
170617
180248
209501
84684
17044
176351
98113
98113
39622
39622
252766
247997
252766
168711
252766
131275
186224
186224
23634
21422
21422
45516
39622
39622
242769
163576
149175
176351
176351
23634
124135
40003
145738
23634
186224
23634
176351
23634
247997
23634
186224
209695
163576
90668
23634
98113
39622
48324
145738
88304
88304
105793
138838
137996
92465
60583
215444
39622
80075
80075
209021
89171
209021
156569
98113
98113
122118
39622
186224
39622
213064
60103
181919
287975
53594
181919
266916
39622
248037
228891
181919
39622
172268
172268
156569
24387
252766
96188
21742
100999
288945
231139
39622
39622
213104
179701
52151
181919
73553
73553
233559
179701
283174
216461
85548
168711
231085
179701
136322
40199
85968
179701
221140
179701
213064
288945
274727
9579
263039
263039
85968
85968
167399
289543
190868
33509
230288
69638
178540
199305
185386
264476
19020
150421
111755
62542
19020
62542
62542
56859
200848
85968
267171
55573
244713
28377
35340
155305
56859
196486
19020
19020
62542
19020
229448
18800
283188
110217
208397
13987
268740
9579
229448
147494
172268
102339
291003
288945
102339
111096
180938
64989
106830
64989
64989
283188
64989
9579
1526
9579
102339
229448
122118
165895
165895
40003
229448
140739
165895
157427
30369
69638
233559
233559
244713
62171
181919
277919
229448
288945
9579
30369
1526
165895
181339
56859
121906
288945
48324
144877
146784
64989
181919
288945
204619
157427
157427
204619
69638
27303
19020
27303
288945
39622
154825
223848
86034
86034
15905
89171
290265
290265
96400
229448
92465
40003
290265
56859
283952
260116
283188
12019
283188
69638
277919
233559
277919
89171
89171
18549
111755
18549
208397
111755
18549
18549
53060
223848
122118
72803
18549
199305
159594
65389
9579
30959
233559
277919
157427
290265
52329
277919
89171
56859
174786
277919
281956
263165
165895
160057
203212
197210
6258
260976
290265
277919
181919
165895
9579
183108
231077
92553
277919
223848
252766
240169
206631
84635
199305
243019
260976
30304
250891
151847
131797
277919
157427
260976
123334
260976
9579
52025
131797
151847
251252
177720
281956
281956
180933
280769
244118
206631
70748
163576
210466
199305
35340
154772
92553
89171
197210
197210
206631
73154
213064
179701
213064
154772
9579
157427
264374
213064
152936
154772
5895
213064
264374
182829
182829
166509
166509
166509
166509
264374
158239
152936
264374
166509
166509
166509
252060
9579
251252
9579
207893
166509
9579
207893
83458
9579
263334
49117
252766
138975
9579
83458
251252
75127
288503
89171
233859
89171
91449
62888
91449
62888
277919
191611
277919
56199
64989
46063
35005
62888
277994
161115
91449
251252
91794
191601
53060
11482
98113
98113
277994
14208
206631
273446
277919
92465
55683
30959
153869
9579
34464
209269
71786
62888
67689
62888
9579
69638
67059
69638
62888
62888
156176
230883
156176
251252
233859
18381
277919
111457
273201
35313
9579
35313
167753
53060
167753
156176
56199
124779
221140
156176
4029
184405
9579
32780
31021
206791
251252
258146
175316
177856
277919
35313
35313
213104
9579
217005
275669
78602
174786
128546
97308
282158
19020
49117
18381
49117
49117
18381
19901
111457
104794
276390
288061
39622
39622
157427
39622
157719
133999
258508
30959
123298
34464
123298
35313
111755
130888
191483
240169
51411
51411
91449
51411
91449
123298
54904
159904
11482
264374
264374
264374
51411
19020
26225
241592
264374
241592
28067
39622
152807
260536
39622
240169
251252
277919
174842
179627
178719
206631
217403
217403
106378
59908
217403
277919
227376
217403
111755
39622
39622
54904
217403
217403
217403
58988
266326
39622
35313
196138
184405
189824
40199
75908
170763
97791
178719
227376
97791
97791
166509
166509
229367
214309
28407
277110
167753
169401
18549
240169
92036
273471
15905
245732
273471
136095
3228
56859
9579
51125
89919
28067
91612
3228
169116
67059
67059
157427
70748
273471
283174
115600
165895
288061
249247
46063
130888
28067
130888
130888
71893
39622
251808
128569
186224
3228
3228
20084
9579
142112
3228
92036
28067
34151
3228
91241
181029
247997
39622
247997
28067
208327
39533
82623
270895
270895
89919
91449
91449
70748
91331
247997
4565
35313
39622
182893
3228
153776
268740
7379
273471
39622
39622
52025
28067
86580
283100
177856
153776
91449
3228
34614
221140
63541
3228
289063
153466
39622
39622
275669
264476
73553
3228
70748
134612
64989
276345
276345
28067
117562
64989
167753
153776
287737
71049
186451
64989
167753
39622
89919
215773
9579
190439
70748
87912
44336
277110
28067
250566
287737
39622
289743
153776
45501
23263
179587
276052
100346
250566
260550
70748
91449
266916
71177
71177
3228
3228
287737
137839
110217
266916
110217
69125
155305
183991
266916
266916
71177
71177
71177
262149
183991
155305
71177
73154
203586
266916
155386
177856
70748
3228
262149
276345
9579
266916
243767
35313
183991
3228
147494
39622
3228
155386
71177
275669
23112
155386
5895
44336
155386
268027
113028
186224
23112
23112
110217
35313
131723
3475
95920
55209
110217
110217
66916
110217
244236
39622
70748
3475
205063
4942
23112
218876
205063
110217
256658
110217
205063
110217
262287
244236
240169
244236
55729
283174
248173
134950
147494
30681
247597
247597
205063
247597
221140
30681
147494
262149
89919
142163
266916
191611
213829
266916
89919
15905
39622
186224
152807
188904
55729
39622
147494
59908
39622
152265
155305
185786
80849
35313
129417
42700
152807
21422
70501
247597
260116
243807
281956
55536
39622
39622
51599
55536
163402
28067
247597
62532
104019
240169
260116
224373
62532
125662
149608
66916
44895
149608
73553
33509
33509
46016
39622
79785
39622
38422
249084
39622
245732
39622
234394
39622
145402
280573
62532
249247
152807
277994
80277
39622
33509
39622
33509
39622
3228
66916
66916
702
190752
66204
66916
268027
55729
277994
39622
39622
250566
39622
79796
21422
70748
233162
233162
55729
71177
3475
33677
238976
190752
223234
221140
30369
23193
39622
188259
190752
162413
238976
78455
238976
33509
104019
89919
287573
152807
152807
18800
170136
169401
190752
170537
70748
147494
130531
268027
28067
268027
71177
268027
100988
190752
28067
170136
152807
95920
206633
217091
152807
78455
132542
195177
1526
191611
62171
33509
33863
262149
33509
97590
166065
33509
190752
33509
33509
147494
33509
175316
190752
237347
238976
175447
213104
238976
238976
252412
186451
66916
39622
71177
70748
82125
175316
238976
238976
175316
39622
39622
238976
1526
110217
41401
71124
180578
130245
71177
260160
263165
111457
67297
68995
19901
71124
19901
19901
66916
19901
265471
66916
236337
17856
111457
106051
252412
130245
186224
18800
66916
71124
88702
243377
106830
106830
106830
238976
238976
150952
269440
238976
243429
234536
238976
191611
181173
59369
130649
59369
39622
39622
252412
272779
59369
39622
39622
39622
5682
32630
238976
152807
260160
39622
238976
185506
266916
4761
71124
18800
39622
176689
39622
4218
155510
106830
95920
106051
110217
12590
280221
280221
25044
280221
5682
116357
185506
233634
268027
260160
288976
5895
155510
39742
18800
39622
190339
260550
116357
268027
70523
105248
287027
268027
239749
25044
255355
110217
185991
95920
39622
560
95920
32446
147494
286628
28067
147494
231971
260160
147878
266682
232210
238976
126703
238976
191611
155305
55729
268027
147878
268027
191611
191611
191611
73553
147494
221223
252766
147494
28067
244236
107537
259106
55472
126703
191611
191611
73154
55729
17123
290548
147494
1526
201660
185506
25044
55472
73320
55472
130918
55472
131815
100988
147494
147494
150467
55472
76076
260160
286628
70748
160057
73553
135882
185506
186451
55472
55472
104460
180358
85127
55472
28067
122749
233049
62171
97454
222668
222668
233049
70748
91766
234394
22522
34581
92945
218482
286628
68995
122749
75586
76201
85127
76201
76201
148084
209802
3475
76201
221140
191611
233049
67297
248551
81075
76076
266916
266916
268027
266916
159855
67297
48115
19901
60137
76076
97329
195643
85127
40931
66438
225568
81075
5425
221140
214152
221140
268027
268027
67297
268027
5425
251301
5425
195643
262149
195643
195643
268027
85677
266916
5682
85127
266916
266916
59226
266916
266916
78455
266916
266916
244236
60137
195643
60137
195643
266916
70748
266916
266916
34887
81075
148084
178682
181339
31411
31411
121954
121954
223654
26048
130918
34887
178682
178201
266916
217091
266916
266916
60137
223654
223654
268027
125662
289861
5425
142510
217091
203149
66916
93600
266916
181339
212003
71688
60137
249498
28407
1839
93600
93600
93600
21557
93600
249498
93600
243767
227391
6687
156012
151266
174786
93600
95920
139552
57658
62171
139552
139552
8475
156012
93600
16613
280573
170443
93600
16613
16613
262149
135815
40003
174786
174786
30681
227884
129616
116357
49790
280573
125662
280573
280573
267184
280573
70523
5425
70523
70523
11396
11396
280347
114155
16613
16613
108573
266916
284747
151266
151266
151266
156012
27303
103061
108573
23193
73464
33509
100988
151266
156012
79186
79186
70501
20077
156012
170617
125662
162257
18931
73154
82623
162257
66438
44895
289543
5425
79186
139552
267171
186674
289543
5425
189824
289543
107537
289543
5425
5425
189824
85965
170537
69638
111586
111586
182234
151266
281461
289543
230401
73154
164136
85714
148636
192925
95642
111586
66916
111586
176109
40003
111586
266916
197566
66438
165383
100988
193359
28067
165383
189051
129843
266916
225568
266916
170537
42184
44895
44895
165383
255355
140880
5682
140880
105499
165383
1848
113638
225568
129843
122568
122568
141963
152800
73154
152800
28067
140880
255355
255355
73154
190339
8103
234394
4761
7619
178682
36193
236337
36193
63131
63131
266916
19985
225568
213948
255355
129616
165383
170537
266916
107537
221227
16613
266916
230401
152800
15157
103437
40003
132542
213948
163238
123387
8475
213948
105928
33582
249532
8475
165383
165383
31747
107537
107537
19985
107537
184951
256497
91766
107537
157982
97329
38061
10772
190339
10772
10772
198096
165383
198096
198096
151829
213104
239517
39583
184997
188259
151829
170537
268027
268027
252766
4761
213104
244236
244236
85714
107537
251263
4761
243767
40003
4761
182234
21422
256192
244118
268027
23193
5682
106830
270158
256192
107537
85714
147878
256192
266916
163238
165383
27303
95920
105248
256192
256192
163238
4761
147878
4761
258487
266916
62171
203206
24093
147878
129616
154825
27303
251263
185858
42184
108380
96975
108380
188259
206851
85714
221223
46016
190339
153951
90668
262149
244236
6258
6258
4761
90668
49790
82710
82710
55536
55536
49790
55536
190339
165383
147878
49790
100988
27115
224201
85714
287623
119802
35286
107537
195177
73154
268027
146089
178029
258487
62171
95920
62171
95920
266916
262287
266916
12050
95920
147878
144693
152228
266916
266916
185858
212621
163238
4761
67059
217884
79820
79820
107537
184856
160788
160788
79820
5425
57456
160788
95920
152228
95920
264476
253067
152228
185858
258487
258487
160788
160788
266916
4761
163238
258487
225568
243724
152228
152228
86290
109057
130141
249619
111586
140880
27303
175210
28780
185858
34887
243724
266916
111586
208655
161216
69700
168352
271206
232556
167881
111586
73154
137087
15157
268027
21699
111586
280664
280664
265683
271206
105928
147878
258487
147878
154181
99480
266916
243059
266916
82710
54143
106830
266916
28666
4761
197703
261843
153951
67059
73154
147878
206851
283642
261843
169401
261843
261843
276052
105928
153951
147878
227080
268027
86290
268027
225568
6258
28666
28666
40003
15157
15157
247796
191952
43202
191952
4761
100281
44895
276052
153466
44895
90668
90668
27303
185861
4761
4761
255355
255355
34784
255355
280664
34784
255355
271206
261843
4761
35286
6258
211322
211322
83084
271206
99480
235315
4761
95920
235315
85474
44895
73553
58550
268027
4761
44895
235390
266916
266916
40199
4761
211322
10495
271206
10495
104081
156569
247796
55573
261843
271206
271206
195658
40989
207310
197703
144432
235315
183361
235315
103392
235315
197703
36104
271206
16693
27303
86617
186039
275495
103392
52025
5191
238126
235315
75321
4761
57787
264833
235315
197210
235315
67059
235315
276345
177693
4761
232651
85474
4761
4761
86580
266916
36193
187995
5587
20868
289543
289543
40003
189051
185858
255556
32990
247796
4761
4761
212621
40989
44336
4761
197703
87960
4761
4761
197703
183361
4761
4761
283006
43134
130839
67059
224555
35286
65334
35286
160648
183361
139577
43304
65389
43771
43771
55536
55536
86580
55536
86580
163238
163238
273170
82550
4761
238596
43304
98292
35286
35286
68391
232651
232651
197703
207832
160648
133973
268027
258487
277110
218177
218177
166065
35286
218177
163576
218177
16196
258487
43304
258487
164645
258487
40989
185861
35393
163576
91794
11733
185861
218177
205450
163576
163576
205450
205450
205450
163576
150955
55472
150955
91794
266916
205450
55472
95920
230357
230357
44895
98553
205450
260272
86580
221664
5191
205450
130531
221664
221664
95920
221664
4761
44895
169401
268027
141963
163576
221664
4761
100988
221664
79186
183361
67059
31021
183361
93629
42251
110441
163576
275751
139577
221664
221664
181405
221664
287086
110441
69208
35393
35393
123211
221664
283642
106830
234302
224555
163576
31021
260272
100988
65427
134442
163576
160629
170551
86290
11707
35375
98553
26048
31411
183361
57949
4761
108405
221664
67059
42321
57949
67059
202526
118441
119894
275751
118441
40942
268027
40942
221223
189824
85968
86290
61323
61323
260272
45501
284330
255556
61323
110441
214152
268027
103061
35393
90050
36392
45501
105493
84378
84378
84378
206851
53784
53784
207846
45501
82710
90050
45501
61323
61323
45501
86290
216118
163576
163576
129843
5576
90489
95920
90489
181405
84378
287086
268027
84378
37579
263165
57949
118441
118441
95920
4761
252766
252766
151882
169401
84378
231564
287215
84378
84378
160629
151882
104661
84378
103497
124699
118441
73553
193492
158769
35286
252766
221664
73553
17406
252766
160629
252766
43304
252766
63571
16197
85968
4435
35286
252766
133930
73553
133930
73553
245343
95326
63571
63571
32990
4761
68391
273170
273170
124699
101893
70371
124699
270173
188726
4761
133930
214104
244756
73553
108405
225568
108405
108405
108405
82710
82710
55573
95326
95326
138181
73553
73553
73553
98553
73553
214104
82710
67059
61323
159904
84378
61323
133930
73553
86549
190367
82710
140880
241854
148817
154222
74693
148817
148817
98553
241854
199523
105499
179701
241854
273170
241854
275751
291168
95920
95920
90489
156569
122749
122749
226670
124699
235709
203206
222740
241854
214104
82710
105248
4761
241854
182234
273170
273170
251675
251675
273170
255556
61323
182234
273170
251675
251675
171943
169359
182234
227750
252766
110441
241854
52025
182234
41629
154456
60818
31021
231986
133930
169401
60818
169401
241854
67059
252766
129538
31021
60818
262029
191952
60818
75321
268027
156656
244066
110441
15157
116533
26547
15157
250363
61058
67059
207670
169401
169401
95920
48679
182234
37063
155379
165278
47454
90966
268509
213895
26547
289470
67059
272722
21422
109729
234234
172285
67059
24093
24093
226670
67059
37063
241854
239075
139577
18165
182234
90489
214104
182234
48679
163576
182234
37063
37063
195177
17698
40199
116533
239075
156656
239075
90489
130839
177720
177720
140880
24093
90489
187995
163576
208535
31021
188259
31021
195177
18087
33677
194006
19010
44936
253521
197094
241854
26547
67059
241854
67059
60818
28067
95920
207734
98292
157417
195177
95920
90668
28067
33677
66190
188904
66190
197703
24093
195177
104081
260083
69961
138181
118441
22509
60818
252766
224555
95920
110441
200705
77788
268027
90668
260083
18087
207832
43632
22509
60818
34289
43632
43632
43632
22509
44358
207832
207832
197094
60818
285567
69961
31021
48679
138181
77788
95920
156569
34858
60818
106830
241854
72709
111755
268027
169374
122749
60818
22509
224555
224555
260083
121906
116533
107309
103437
244756
93306
244756
289976
224555
224555
122749
93684
217884
93684
37063
37063
166594
207310
207310
93306
116533
30959
116533
102166
24093
244756
22509
218856
67059
157417
254858
244756
34858
107309
140951
248037
45538
203814
37063
196125
140951
163576
95575
156569
39026
287128
156569
267379
48679
266916
48679
266916
244756
27860
156569
34887
244756
275803
196125
212604
2313
266916
48679
156569
122749
100048
59226
824
40540
37063
138181
85677
224555
243683
243683
243683
37063
243683
60818
156569
43878
182234
37063
224555
76155
243683
285567
258774
265959
77285
5682
36773
76155
76155
82060
82060
258774
236868
244756
136537
122749
236868
156569
236868
55819
138975
157417
236868
231986
85677
156569
34887
182234
182234
236868
182234
236868
182234
122749
233859
276593
182234
236868
236868
236868
824
276593
824
201243
5895
182234
157417
34858
138181
43878
76155
76155
156569
76155
138181
194006
182234
43878
43878
76155
184290
43878
60818
30126
69961
17534
156569
37063
76155
133930
70523
45538
30959
134430
182234
194667
70748
44808
82710
60818
102166
182234
266916
182234
227080
182234
182234
702
182234
51808
196285
39026
130839
262029
214309
39026
214309
226038
182234
39026
39026
104373
106051
85839
130848
237140
122749
214309
262029
172464
262029
262029
236497
122749
134430
70581
122749
241854
248037
262029
208535
214559
21717
236497
234234
134430
226670
116533
234234
234234
116533
226670
116533
122749
226114
122749
122749
84378
122749
161785
186435
122749
67059
138181
21717
17698
194667
48679
161216
161216
39026
48679
161216
248037
48679
161785
122749
209699
17717
196125
702
196125
17717
236868
130839
161216
248037
209632
37063
48679
209632
48679
283174
239393
59226
702
141992
37063
702
34887
62561
76828
702
55768
37063
186435
186435
100556
122749
48679
34858
27581
248037
133900
133900
17717
234302
185861
100556
186435
85335
161216
107309
121906
201578
151915
201578
40199
212604
39026
37063
241854
241854
241854
59226
241854
59226
241854
261648
59226
266916
59226
84378
37063
286036
100556
266916
283174
39026
104373
286036
104373
182234
67059
218937
182234
185506
248864
84378
258487
110441
71910
109703
151915
17717
100281
138181
44943
67059
258487
59796
151915
151915
12461
195177
201786
241854
102166
12461
39026
90489
161216
241854
156656
166545
151915
166545
166545
166545
180752
241925
21717
156656
82710
156656
21717
702
58550
10177
23623
232645
151915
151915
201578
26353
185861
268027
194667
25194
185861
140880
286036
241854
182234
241854
156656
194108
182234
182234
182234
286036
287952
237140
261648
7985
86034
182234
218937
206994
79307
286036
213104
39026
37063
75935
68917
70852
182234
38457
121906
182234
244756
182234
207187
109138
39026
39026
207642
70852
153107
106830
182234
290944
88052
286036
39026
39026
201578
161216
1542
90489
100281
100281
262930
39026
39026
133900
241854
44336
241854
244890
98413
286036
286036
182234
182234
9125
207187
102166
17534
90489
182234
241854
182234
182234
286036
90489
131703
241854
248037
1488
182234
207187
90489
118043
61323
241854
243436
159158
280862
280862
98410
268835
199487
207310
150421
145237
149489
150421
246326
150421
133900
150421
70852
145237
70852
152228
70852
70852
38457
38457
159158
285494
145237
25194
234302
240060
249498
121906
59226
33092
33582
8103
70523
230213
150421
236868
89594
61323
150421
128836
61323
248042
150421
70748
230213
243683
196285
33092
253521
152228
240060
150421
11482
115457
61323
261512
152800
128836
67059
67059
161814
144877
144877
185861
185861
185861
202190
240060
261512
17534
123465
290197
123465
61323
150421
261512
1250
67059
128836
150421
67059
59226
241103
150421
150421
17534
150421
128836
23634
17534
67059
61323
212604
61323
180752
23634
67059
61323
61323
119894
128836
33582
150421
159476
143174
23634
34825
188951
133900
150421
150421
133900
150421
128836
67059
133900
23634
61323
196867
98410
151868
151868
151868
67059
70748
70094
150421
67059
91804
286036
286036
232458
72709
116917
125427
128836
249498
128836
150421
67059
286036
185861
252632
68067
68067
286036
259467
286036
151868
128836
151868
259467
286036
151868
286036
151868
113509
185861
232458
89594
33053
209699
185861
67059
232651
67059
17534
67059
268027
232651
67730
167185
119523
173150
27581
230213
197210
73553
62545
230213
209699
47501
123028
28087
219301
270227
6651
101741
213104
70748
219301
141293
232651
81245
81245
289755
17534
70748
209699
33677
190891
106051
265578
67114
153107
232651
67114
81245
67114
149489
140163
232651
211108
81245
67114
25194
67059
90668
290548
290548
190891
265578
219301
61978
272722
153721
167185
34138
70523
77788
232651
22509
23882
153721
153721
263425
232651
61978
61323
61978
39065
75737
232651
234302
46037
67059
42321
173150
102166
97454
230213
33000
207714
81245
175092
67059
85098
58127
232651
8103
106934
72709
267720
185506
155386
155386
8103
48380
67059
241854
255432
94257
230213
57279
12050
12050
94257
244236
185506
48380
271417
213104
116682
78676
95094
90489
17534
57279
270290
1944
232651
270290
185506
133900
194667
95094
113961
102166
148822
63833
71451
63833
128836
67114
133900
148822
191230
226114
213104
213104
98191
98413
270290
270290
16344
224201
812
130141
226114
153107
90668
196795
42321
202385
101741
213104
67059
128836
153107
196285
42682
223654
97454
42321
1944
273742
202385
103061
270290
270290
202385
59761
94257
94257
224473
212621
94257
155419
67114
67114
91383
97454
120371
42321
97454
67059
152228
34887
291165
162838
94257
94257
155895
125427
38598
135504
38598
33677
249838
131233
202831
38598
5895
67059
97454
125427
97454
155419
135504
249838
97454
244236
97454
97454
97454
97454
42321
34887
288178
218937
185506
185506
94257
20921
211090
202385
263232
56861
125976
223654
76155
208655
158154
206633
40942
165340
223654
34887
291165
90489
94257
40110
68391
17534
61130
88873
1944
88873
172806
85098
205189
85098
202385
94257
85098
85098
85098
235873
163576
42321
97454
97454
226114
206534
125427
235873
79921
235873
252772
252772
202385
94257
285489
76155
232227
76155
119802
44808
230357
251560
235751
46016
90489
235873
252772
136005
202831
67059
67059
200705
59704
212604
202385
285489
82582
90489
212604
90489
51808
77090
12461
15769
173150
226626
261184
173150
247784
104634
90489
88873
263232
159158
282739
125976
81840
125976
81840
125976
125976
199714
232227
148679
148679
94257
154825
88873
160648
67059
207832
73126
202385
1526
241854
235873
241854
78002
33722
90489
90489
40110
139015
202385
42321
202385
202385
34386
202385
135314
148679
252632
241854
40110
1944
40110
1944
1944
230213
68391
1944
88873
88873
189824
130141
48380
226114
241854
40110
94813
246811
33722
178879
241854
67873
130141
68391
90489
60543
252429
33722
33722
40110
33722
112768
40110
42321
148679
230206
48380
125976
244810
125976
125976
68391
148679
244810
125976
235873
244810
244810
124735
124735
34386
63833
185506
78002
59629
148822
148679
148822
148822
172258
153403
212604
173150
252632
252632
185506
5853
185506
148679
40110
252526
254045
148822
235390
82060
148822
148679
194563
154825
232227
148679
148679
45769
125976
76155
125976
45769
67114
52025
52025
52025
194563
148822
114017
148822
52025
148822
125976
260197
178879
254045
52025
232227
166065
60543
145447
73126
177000
232227
145123
148679
152800
172806
12461
12461
166065
148822
175092
131797
100555
145447
226396
226396
185506
207846
145447
57279
70094
63833
266682
238985
154825
199643
166065
270227
185506
163576
151868
145447
5895
12461
172806
60543
185506
154825
154825
235200
185506
154825
125976
3475
207310
154825
154825
189824
125976
120717
235390
9222
244890
185506
148822
166065
68391
7702
145447
182829
90668
212604
212604
90668
145447
211721
145447
260272
226114
43168
43168
187995
185506
174407
174407
211721
145447
212604
211721
213514
22043
289543
185506
244890
185506
244890
122209
185506
24093
177000
155895
235873
211721
252632
112768
166065
145447
193667
256486
196285
193667
238985
252632
212604
211155
173150
244810
59704
112666
204542
125976
68391
68391
112768
211721
166065
287912
226670
125976
40942
110059
166065
260090
31522
243807
185506
185506
177000
127801
110059
110059
287912
185506
173150
173150
16344
185506
46919
7985
196125
166452
125976
196125
185506
169116
196125
244810
238985
185349
231258
260090
173150
100555
185506
92029
252526
252632
287912
14164
252632
265111
246497
45769
125976
246497
231258
185506
139552
38457
246497
243019
143562
255670
1919
166065
151868
112666
139552
260557
151868
289159
125976
252526
125976
143313
10881
16288
73553
151868
155586
139019
16288
10881
182829
16288
260557
49034
10881
252526
10881
69605
10881
179815
151868
151868
265588
243924
115680
179815
207310
151868
182829
78063
185506
51808
51808
185506
115680
289543
62368
100988
151868
151868
179815
159904
68814
119
57658
195177
100555
62368
37422
246497
280288
216101
216101
182829
216101
246497
287912
287912
185506
119523
157417
108405
241854
246497
283642
3098
40942
269323
287912
78063
139019
69605
227836
13100
256486
151868
45769
191379
57658
8033
94257
206534
33677
27756
288286
268027
221207
69605
69605
227391
213104
45769
151868
151868
148822
148822
39745
206534
246497
130308
246497
90668
139552
9037
206090
245843
148822
148822
148822
148822
139552
148822
139552
220089
219220
200696
200696
251429
241917
51808
217884
54864
264785
139552
40110
63827
31425
182829
282585
151868
151868
288286
177572
217884
151868
51808
52271
207310
185506
230875
112766
153560
98191
175092
139019
289543
264785
155586
270227
139552
824
199970
131054
174410
171364
87377
143462
212730
199970
22901
194711
237140
50145
129855
178446
153560
153560
242295
248037
71124
219220
219220
59908
179815
139019
281257
179815
59908
235200
57348
288676
199970
131054
174410
151868
131054
219220
151868
131054
134150
134150
87377
219220
5895
151868
156569
151868
131054
172464
262149
131054
163576
67931
151868
131054
131054
125521
12535
1526
64168
151868
113658
213064
34887
199970
199970
114787
244810
264785
244810
2618
1526
213064
163576
54864
163576
264785
96093
179815
51808
1526
54864
86785
263425
163576
185349
289543
54864
181349
215016
96093
1526
51808
145447
163576
120371
2618
2618
163576
145447
247784
175092
265111
175092
211155
133318
204542
139019
291460
151868
249965
212730
42321
253003
47757
146478
153560
55628
153560
12461
156569
169401
244810
145447
143129
264057
172258
34825
144864
172258
9253
51808
17044
9253
17044
9253
208244
9253
172258
140050
199970
191088
9253
9253
191088
131054
145447
227285
289420
59908
64168
9253
174842
9253
33722
145447
289420
279813
271725
110716
122058
130531
289543
233888
99461
9962
110716
110716
95635
163576
191088
200696
144864
246497
246497
238722
163511
1526
238722
51808
151868
12461
90668
151868
138421
163576
39622
40310
234302
246497
246497
246497
64724
65858
190495
97204
1362
1362
110716
97204
153403
36647
246497
1526
87467
178879
51808
203206
55819
246497
131054
246354
110716
200696
131054
131054
31021
289159
190495
120280
187016
40310
119802
51808
40310
240169
5853
190495
154644
87330
59908
13592
168513
168513
182387
36064
168513
40310
110716
81576
131054
35286
190495
212730
212730
8936
75018
70094
240169
103913
145447
212730
219220
110716
212730
130805
236653
36064
184933
153403
236653
105499
97791
161212
5853
161212
212730
261899
212730
120144
140016
120144
219220
161212
145447
157417
249965
249965
156569
249965
31021
261422
8936
212730
207310
279763
269269
211721
235638
276345
261422
195177
233888
40101
212730
122118
59908
184127
143129
262262
120371
150390
244810
157417
120371
59908
4250
115548
40101
210387
8936
143129
64168
236653
47454
240169
138838
180752
161814
105822
274955
187016
222668
98191
115548
187016
187016
145447
115680
115680
145447
145447
40310
98191
178420
246777
219220
59908
59908
59908
115680
4433
59908
115680
218298
218298
89067
251560
175628
119373
218298
218298
59908
59908
227285
218298
249965
152344
115548
40310
63524
219220
63524
244810
115548
8936
119894
218298
26590
227285
227285
143129
226531
63524
98413
78402
200696
211721
267701
252526
59084
48299
110716
77090
78402
78402
143129
8464
157694
191088
192269
95635
110716
110716
141763
192269
192269
192269
157694
4250
193667
63827
98413
98413
98413
218298
261184
43632
250724
250724
69767
75893
158048
4433
82410
10734
10361
10361
63524
40310
141763
187016
187016
187016
62494
204984
133973
62494
62494
187016
232458
232458
153654
95635
101149
189824
260197
40310
141763
268835
143129
46385
143129
151868
133973
98413
95635
54864
154825
98413
236653
189824
46385
4433
75893
143129
143129
219220
93283
93283
14164
161814
161814
169116
54864
63524
178420
59908
181405
70736
172268
207117
191088
133973
60543
54864
121706
141763
161814
91322
54864
157694
289159
157694
40199
157694
269051
63833
73566
106823
8936
63833
219220
59908
68917
86763
141763
75893
68917
157694
185506
63833
63833
188480
63833
109078
68917
204161
245843
213104
269051
106823
181405
93283
63833
93283
154825
112765
93835
181405
238722
181405
63827
244051
254797
120371
42316
10361
40310
62494
8936
101741
224351
261899
234920
63827
181405
8103
144013
181405
59908
62494
207310
82060
142870
248538
95498
260005
243738
195616
75591
254797
63827
262029
48740
181405
126612
243683
33677
181405
273742
161610
54864
8936
154644
62494
181405
219220
67596
67596
181405
260005
260005
235240
181405
10361
8936
62494
119373
10361
187911
9125
260005
177572
177572
177572
268027
100943
57658
203437
44936
260005
260005
181405
282489
282489
219220
219220
1362
7737
153188
181405
64168
282739
62494
260005
123028
143129
123028
260005
289368
206918
206918
181405
279326
37175
37175
138697
153188
153188
281222
130409
87710
37175
154461
37175
150390
9116
91322
8936
100556
9116
9116
235200
207310
9116
8936
8936
40585
19184
114034
172464
8936
9116
153188
195829
8103
8936
256565
235200
149489
207200
235200
129855
207310
129855
8936
235200
271355
129855
59908
129855
260005
16103
59908
195829
134844
167881
267701
129855
129855
129855
129855
207017
288503
199742
12461
234920
65458
175092
249600
281216
9116
288503
237111
288503
207310
179576
246305
246305
184933
235200
8936
30126
184933
9962
95575
157924
157924
195820
184933
199742
207310
281222
2962
128709
235200
116518
260005
203206
8936
139094
172268
67059
44936
146494
31522
204161
237111
134844
125521
9116
9116
40310
260005
290538
40310
9116
260005
54348
143129
15769
15769
143129
199742
203819
75893
199742
31522
143129
281222
54195
146494
184933
75893
207310
184933
8936
281222
8936
290890
271355
290890
179979
271355
130805
271355
156569
180686
143129
199742
44936
8508
271355
271355
204542
271355
281222
271355
207310
281222
4433
281222
59219
101762
271355
71621
151787
207310
160744
160744
265347
84190
266682
271355
271355
62210
151262
199742
218580
128709
4433
287650
59908
238976
3725
130848
44936
151262
4433
207310
129826
128709
246305
63827
281222
184933
143129
177720
218809
109380
184933
235390
8936
281222
207310
55351
288503
235873
218809
8936
130848
130848
8936
198147
8936
281222
184933
59908
144432
31522
144432
130848
8936
184933
184933
8936
207310
165076
73553
143129
143129
8936
8936
207310
226489
207310
8936
194006
112768
82663
28407
28407
178420
235390
8936
252632
207310
4433
207310
112198
100716
219220
206090
153560
184933
184933
124726
261899
181405
122725
226750
90668
126612
90668
226750
267868
144432
78445
144432
144432
158657
129855
129855
144432
78445
229736
144432
158657
144432
100716
128709
118381
39206
154644
10680
130531
154644
232947
8936
69638
8936
30126
5102
8936
144432
62550
200136
204302
59908
78445
78445
8936
288286
153560
91449
207310
154644
249600
39206
39206
92047
144534
8936
287650
78445
256565
178420
227285
144432
10680
132661
203437
67059
86343
229736
229736
71124
178420
229736
178420
207310
78445
58631
152430
130805
124247
43970
207310
78445
278068
118381
252526
178420
229736
256565
227285
178420
93283
55573
178420
27581
93283
84671
78445
178420
232473
178420
229736
172464
78445
229736
67059
171633
202043
90202
288568
158657
69638
144432
227285
178420
122725
241205
171633
90489
196099
256565
9116
179979
86343
90689
91383
227179
31021
276052
112768
256565
256565
124361
289159
289159
144432
152430
39206
99971
231985
178255
289159
231985
104939
146904
209809
256565
184933
217789
9116
90668
110716
90668
232473
51276
178255
281222
146904
252526
125498
81840
252526
153403
232473
225719
287945
9116
9116
276052
252526
57456
9116
3417
265683
9116
9116
9116
179979
207128
20802
130805
169116
4433
203206
9116
16288
7869
20802
20802
133973
10680
9116
146877
78445
95766
110716
146877
186082
203206
206534
252526
130805
252526
252526
252526
9116
76032
20802
9116
71910
68465
144144
144144
203206
203206
203206
144144
144144
203206
144144
19167
267232
267232
90668
203206
267232
67059
272722
111629
67059
264209
41484
278172
144534
182848
203206
9116
75893
217789
165076
165076
75893
111629
157156
143129
130805
203206
75893
111629
75893
203206
67059
67059
111629
203206
256807
67059
112127
143129
115870
203206
140137
67059
111629
31522
67059
20802
63524
129934
126016
67059
196125
116379
116379
290049
20802
278068
20802
16288
20802
67059
75893
20802
178255
269538
82243
20802
146904
67059
31522
130805
126016
94257
46353
272620
20802
199970
35393
94254
94254
94254
182234
86343
94254
59908
94254
166065
94254
121817
20802
257434
130805
20802
227551
215221
20802
166092
257434
215221
20802
278068
158657
146904
166065
182234
118672
59908
245843
40016
98510
215221
232416
59908
218937
171633
59908
198502
276455
7737
109146
271315
123705
122209
278068
232416
184933
23823
42316
107386
49589
206534
267232
248042
248042
31522
267232
31522
281222
55729
19167
276582
181405
194938
203206
276582
107386
177000
9116
177000
232416
215221
218937
44943
278172
179979
232416
252429
9116
203206
144534
86343
276582
112127
133973
143129
177000
143129
59908
186685
49589
110716
67059
218937
157555
157555
157555
33509
40110
8936
96769
157156
229712
255413
206090
232416
231692
76977
288286
76977
203206
154644
67059
242866
58988
208655
288286
143129
203206
54864
140016
9116
60543
148005
210521
39206
230416
67059
59908
33982
278054
152863
287945
151915
143129
16288
143129
150390
181405
232416
232416
181405
163710
165076
143129
55573
228903
143129
84827
181405
97281
288286
130805
289051
31522
24853
31522
97281
151915
288286
151915
143129
71124
58988
130421
143639
63524
230213
31522
130805
166065
172662
182848
258934
230213
130805
130805
97281
130805
230213
130805
238652
97281
170559
130805
141763
5128
221067
115252
115252
115252
31522
246305
73818
67059
214301
157555
97590
151915
157555
169359
278068
278068
234968
115252
278068
253003
246305
246305
246305
246305
97281
115252
9116
288286
207832
97281
67059
67059
97281
207832
246564
13333
13333
68476
168554
168554
168554
278068
157555
55573
157555
39206
207832
59772
47032
4161
136210
136210
215270
67059
110716
236425
289543
63326
126016
111603
126016
154644
154644
286669
215699
217938
222476
34078
67059
254923
67059
52329
278068
179979
140770
140770
39206
140770
140770
68476
43990
230850
133973
9116
222476
76977
133973
231066
82513
157417
24853
123028
100701
222476
53303
137095
140770
172662
68476
225719
154644
133973
207832
26590
59772
44943
40199
44479
44943
33458
44479
172662
85857
44479
44479
232607
44479
63524
67059
53303
53303
53303
33509
33509
209809
166796
230213
67297
9116
37489
157555
286986
115347
288286
232607
67059
217243
273742
59908
154644
59908
94332
87912
124380
94332
87912
94332
178816
94332
87912
87912
180775
287945
183828
76977
8936
225719
222476
67059
67059
100943
68476
46635
164431
14389
14389
123028
209809
14389
14389
76977
241103
191502
136210
104939
19253
44479
278172
225719
271325
225719
41484
225719
271325
157555
28407
278172
225719
14389
278172
253003
68476
253003
92415
290830
8936
225719
290830
142112
291259
39206
156012
254853
289543
278172
40101
278172
222488
156012
271325
33509
154644
278172
222488
154644
172662
278172
177433
154644
55573
271325
271325
225740
157156
94257
157156
94257
154644
225719
5128
98914
154644
130739
277041
191502
260197
45767
221067
154644
1039
94257
149489
94257
191502
290830
218937
290830
62561
154644
269538
68476
68476
126016
53303
68476
87467
191502
98174
85999
207926
68476
221067
277541
15521
103984
207926
15521
68476
68476
116917
53303
39206
39206
159238
46635
35612
103984
94332
157555
95635
95635
60626
289051
172662
172662
273090
144144
68476
143129
85857
73818
160629
271325
214316
207586
172662
54337
257088
231358
231358
93111
290830
290830
94332
156656
177433
290830
116379
160629
109575
60626
116379
207926
290830
116379
124361
124361
54337
54337
54337
286669
94332
94332
249881
268583
60626
268583
124361
160629
290830
288286
271315
160629
160629
22627
176769
214316
55573
290830
287945
215699
160362
174248
215699
214316
124361
215699
214316
11886
10680
214316
25194
31021
280191
187477
63787
48019
218937
34045
271325
116379
271325
271325
98914
207100
217938
217938
271325
157555
271325
227179
94332
76377
194174
46635
68476
153009
47190
60626
59876
160629
160629
217938
218937
116379
218937
169401
76338
73553
227179
215699
75977
55573
77018
55573
40152
160629
97770
160629
177000
97770
231692
97770
215699
69109
196125
162631
215699
162631
196125
162631
199970
199970
207100
196125
236337
215699
34784
97770
231358
162631
288286
288286
162631
147089
154644
157555
207100
98191
233162
215699
207100
236337
288286
207100
157555
85857
34825
77137
233163
10680
59259
54968
34746
236337
129855
107386
207100
56084
119997
34746
116379
215699
56084
108876
290830
246564
85857
207100
290830
169359
34746
207100
207100
97590
140137
286439
19167
240223
10680
172662
25194
246564
231692
231692
231692
288178
34784
11886
243767
246564
230401
236337
59259
110441
54337
273090
262149
236337
230401
214734
19167
2903
130848
207100
26342
166509
273090
183604
204542
34746
207100
34746
130848
207100
69638
43672
273090
68067
273090
43672
157555
240009
11482
273090
130848
281222
157555
157555
157555
63787
63787
198502
180752
280191
57976
273090
161109
187582
187582
217938
262149
290830
38785
171633
34784
34784
245903
262262
262262
262262
262262
245903
248037
146994
280191
161109
124380
245903
14224
119304
286535
239803
245903
130848
77349
160234
53303
101741
130848
245903
88635
245903
130848
43672
43672
153009
48554
53303
53303
157555
7737
228159
130848
202680
57976
35612
57976
288085
57976
112203
130848
77349
130848
215475
54337
228159
130848
218937
243807
231358
86888
151262
206537
67896
91383
122209
85857
290830
91383
290830
245903
45347
245903
14224
134148
17166
209837
109575
77349
60626
77349
43672
220406
102912
130848
206537
77349
129443
77349
60626
77349
113646
239803
239803
77349
175033
482
59876
153009
150080
215730
52388
113646
232416
192688
130848
102912
130848
3725
246564
246564
167661
177000
147192
177000
177000
285463
60626
59908
34784
34784
246564
91263
209837
34784
209837
59876
285463
85857
58502
246564
135504
34784
246564
246564
102912
209837
25194
67869
34784
190412
374
44558
3725
60626
246564
232742
260197
126991
153009
278172
209837
153009
56861
245890
57323
192002
67297
28290
67297
3725
143442
248037
218937
192002
218937
51233
143442
57976
3725
130848
130848
34746
150250
74773
43672
43672
150250
68476
282025
3725
77018
87377
130848
162135
147089
90694
288178
153009
209931
198502
87467
32966
123042
209837
123481
153009
215475
3864
60170
3725
218937
240009
101738
60626
63787
3725
13978
260061
257088
130848
57874
153009
157429
282025
209837
282025
153009
246564
244032
117450
63787
153009
153009
209837
209837
153009
153009
251326
102912
153009
109898
130848
56084
248840
60626
146128
251326
256293
154644
153009
130848
290559
187056
249377
187056
218937
43672
213104
270645
268307
273544
273544
194174
52996
153009
277809
33046
187582
46635
46635
249377
270315
60626
1039
77349
147192
24209
61806
153009
116070
147192
225091
270315
130848
35393
213104
288286
213104
167959
153009
43672
290538
146843
24377
113646
288286
153009
240720
179979
94419
149489
153009
229712
32966
153009
153009
285608
243807
61806
153009
156812
153009
374
182234
282025
271928
153009
87377
87377
87377
87377
153009
140137
233589
87377
270645
140137
270645
140137
140137
217934
14999
157156
63827
153009
61806
102912
8475
8475
8475
140137
102912
87377
271475
43672
112127
54864
26772
140137
26772
26772
140137
166500
153009
79238
153009
61806
156812
218937
15157
61806
210521
210521
156812
229712
229712
172246
287247
207832
171027
169359
35393
23205
38785
26772
174248
270645
153009
153009
153009
175210
153009
153009
117450
61806
153009
30126
207832
280088
177000
23132
153009
253156
73553
268027
96067
121696
207832
285608
156812
270645
285608
215804
117450
249377
117450
219220
153009
56875
61806
174248
273544
249377
219220
117450
215730
68476
266448
266448
152800
238722
233589
249377
94419
183432
238722
187582
152079
125811
41227
239803
