119783
119783
72048
119783
119783
119783
178420
226737
107759
152490
84321
110607
152152
225908
119783
113987
256929
119783
119783
205522
119783
195268
41640
41640
78547
92714
59179
262804
69484
262804
154041
76081
102950
291673
193738
256363
6811
119783
262804
225094
126735
280592
119783
243697
262804
262804
110192
162538
262804
110192
262804
236484
6811
59133
287777
225908
6811
127684
281726
75386
162538
158616
232788
78547
205588
12713
161465
78547
100841
70879
41640
42204
39201
42204
171709
63688
290001
269931
237841
237841
41640
43910
154384
100764
100841
129914
91582
39201
39201
179450
41640
283917
175885
180674
50517
166207
226940
28321
42204
171709
235624
119783
139980
79449
175885
119783
256515
15676
39201
171709
169850
71665
71665
182510
191616
169850
116891
76169
226132
217186
166207
166207
255388
137362
71665
116891
226132
7365
166207
214446
71665
265104
71665
133945
58653
71665
265104
228679
244621
1971
191616
229908
254911
254911
82153
41640
212200
212200
125619
243080
210260
254970
214446
265596
71665
191616
129914
119783
71665
71665
129914
129914
129914
287113
214446
341
212200
161277
195629
244621
68359
120721
71665
71665
212200
145958
145958
212200
214446
129914
119783
68359
123233
71665
71665
228679
169850
191616
191616
68359
56224
68359
264012
29103
15676
41640
159028
171382
284207
68359
69833
28321
28321
71665
120721
120721
120721
152490
228679
68359
172725
244005
129914
120721
252211
24190
129914
244005
87448
190078
202812
202812
191994
261350
244005
192885
87448
15676
87448
228679
129914
202812
13075
161234
87448
202812
209984
120721
161234
100841
128033
181218
161234
161234
2987
120721
222817
101626
101626
100841
214446
161100
214446
190078
145812
202812
51928
166921
100841
28965
43022
248085
287113
243697
122805
161234
161234
265183
263660
230099
260104
77200
77200
236731
262552
156857
100841
120721
41088
120721
161234
129914
90657
41088
29442
42204
183290
115110
115110
68359
100841
120721
152490
131149
243697
166921
102950
133387
42204
129914
87448
100841
100841
125381
260733
99003
87448
238091
48752
202812
90657
100841
285474
100841
26391
87448
87448
166921
166921
191616
229363
229363
26391
283391
285474
132083
73198
26391
6550
94603
119713
100123
269873
186341
36924
99003
18728
12109
12109
198295
97552
276799
26391
142360
223847
99003
265765
86628
30160
184468
259887
166921
42204
42204
30160
30160
128943
42204
17531
232653
263660
30160
42204
167782
30160
263660
36924
29399
152534
131142
180661
273244
273244
273244
42204
128943
179870
77205
265104
7168
273244
2946
33018
10018
190078
190078
29399
129126
169850
87604
36924
110923
96088
260104
190078
273581
218023
190078
255210
289958
179870
129126
15504
278941
73198
260104
190078
190078
12747
125080
10018
125080
110017
87448
260104
285166
285474
211286
85520
15676
18446
18446
190078
150014
187760
18446
181218
222792
101626
248085
18446
271517
190078
135237
135237
14192
192885
192885
14192
218023
271857
10018
218023
177825
92128
222817
87448
19912
15676
146357
243043
222817
96088
96088
294300
181218
181218
17531
178986
16952
178986
287872
16952
146357
146357
287872
146357
264506
294300
294300
178986
216300
216300
178986
169559
8979
270929
236731
16952
259887
294300
146357
166921
143877
274087
294300
54602
294300
255871
116623
255871
287872
30625
287872
287872
143877
60329
287872
7095
222817
143877
255871
255871
143877
255871
143877
48541
16952
222817
143824
261350
285474
166921
296636
48541
341
248085
159760
161277
161277
101878
120721
124462
290028
222817
118377
209236
111821
261350
203083
128430
136907
77205
136907
136907
129126
96088
142629
161277
37754
173868
161277
218165
173868
285166
16952
173868
284441
222817
164492
161277
190159
280235
120721
161277
176978
255650
71797
161277
54602
136907
273581
241568
265852
241568
241568
285474
281967
12109
247025
50041
218165
50041
26391
250659
50041
42204
294580
101878
26391
260104
191616
120721
232430
232430
251433
96749
106395
220364
120721
106395
106395
251980
15504
202319
273581
40422
124462
48893
124462
48893
237872
129126
110427
175183
26391
177740
26391
156857
272349
106395
125080
136907
136907
45689
48893
48502
54602
247025
26391
202319
120575
34630
34630
120575
120575
34630
29103
26391
124462
29103
136907
29103
197834
26391
26391
135539
103763
26391
26391
141468
247025
26391
120575
30916
26391
48893
120575
101289
26391
12109
101289
123721
120575
247025
135539
82981
156857
215855
129126
272803
202319
270929
69852
270929
156857
270929
249174
207764
265889
263660
65563
249174
34971
218165
186341
250528
237872
218165
271763
249098
266412
76850
198690
172875
127048
172875
34971
85317
62907
104022
141271
186341
51428
90688
249174
118377
30625
100726
185071
156857
24190
18265
160080
200590
68885
69852
69852
272570
209236
272570
69852
193215
136907
41088
204073
101289
271763
78459
112373
249635
69852
248085
273244
82830
270929
215804
220261
18265
214349
54602
82830
249635
54410
185071
159004
249174
160080
41088
69852
193215
87448
249098
272570
24345
69852
29103
119783
237872
237872
185071
150014
12109
160625
272570
158162
166064
77640
41088
164492
271183
71797
289116
289116
82830
30916
164492
175272
271183
249098
94417
68748
94417
170223
87448
160080
133842
133842
271183
258131
271183
230476
230476
29103
164492
290028
193215
193215
161277
118377
252414
116891
128513
209236
120575
249098
101289
196822
120575
63090
41840
270929
122832
106653
30580
113454
87448
118377
145958
87448
175272
185071
196822
185071
196822
271183
249098
94675
106653
187643
220364
230476
256788
230476
256788
87448
24345
209236
168395
172850
68748
146357
73250
127404
152265
172850
225908
273581
56344
56344
72405
230190
41088
41088
73250
24345
172449
245813
211643
24345
50517
236151
215804
172731
209236
56344
41088
41088
3311
158162
158162
222792
24345
222792
171382
293293
186341
24345
170223
170223
194198
28155
29964
128513
128513
146357
273581
230190
41840
271183
273581
158162
106653
106653
244005
172850
170223
172850
273581
172850
172850
172850
261350
158162
230476
41640
220364
259956
170223
220364
273581
194094
120575
194094
209236
39201
71374
209236
42802
290721
48893
230190
230190
220364
220364
220364
194198
118377
254412
128453
60329
205686
83374
51436
28890
158536
192876
118377
60329
156168
31012
158536
41840
56344
192876
240603
195629
31012
265889
187643
56344
134570
212000
104839
18265
56344
83374
83374
30160
175272
31012
104839
41840
41840
269446
41640
118377
234390
234390
5208
200648
41640
166921
190315
118377
187713
118377
26328
88527
238473
156269
41840
271183
225908
110427
128430
268526
212000
249150
39201
156269
29103
283570
41840
41640
81531
237201
150308
63090
41738
104839
271183
120575
192876
118377
182561
184850
118377
118377
118377
41640
252298
118377
238091
259689
141420
269446
232836
283570
255650
181841
24190
153711
271095
41840
239170
187643
87626
283570
141420
192876
162850
24455
18964
141420
208959
283570
273581
262396
158536
136907
128453
115748
136907
86164
294517
36821
273581
283570
166921
283570
193733
128453
94675
262396
221685
257203
271183
294517
207327
193215
118377
41640
260615
94675
15377
296165
296165
296165
150308
249150
250154
249150
54747
249150
121219
31012
215338
152538
273628
249150
15060
256788
211457
271183
196589
271183
249150
49066
249150
49066
110427
49066
173637
255871
173637
30304
283570
243642
10772
191610
85520
82891
121219
271183
294517
252194
162783
24139
270929
155515
231199
231199
19742
231199
67051
231199
231199
82891
6123
127549
49066
260303
150308
175446
10772
49066
10772
24568
176978
29636
230602
275819
230602
275819
225908
231199
225908
20822
283570
96664
283570
10772
10772
191801
191801
152538
278346
278346
243469
24568
278269
275819
275819
275003
290900
118377
275003
190550
194910
18173
18173
39442
243469
18173
18173
18173
278269
271183
216114
278269
187643
65668
54602
160080
37986
63090
126983
54602
291324
194198
76394
194198
230956
94245
262957
246610
189483
119546
194198
213401
230602
41365
97552
28441
118377
75334
271183
286182
119546
122930
187643
170223
260383
118377
166921
173301
131384
118377
118377
255871
255871
74973
270433
200454
276628
168425
118377
118377
255871
213401
248157
114966
220364
97552
92959
46009
63090
63090
296398
118377
118377
11090
26513
174271
152490
248157
226484
189483
35854
21512
248157
75386
75386
51683
74973
74973
226484
248157
222792
63090
189483
74973
263708
142817
265348
255650
248157
97552
263708
97552
220364
204558
81430
63090
195887
189483
189483
28710
278269
278269
128520
204558
128520
278269
121219
28710
242184
220364
128520
128520
265348
70654
283570
198325
48893
250154
47922
121219
121219
204558
121219
121219
47922
237328
48893
48893
48893
48502
204558
63090
63090
49066
271095
271095
217186
248157
248157
88479
253724
248157
153711
128943
181628
220364
248157
128520
72452
135539
135539
248157
29102
248157
175446
248157
195887
263377
90421
248157
128520
136076
121219
121219
263708
195887
271095
271095
271095
131142
114522
44481
120586
196832
44481
248157
248157
85682
40274
88479
49066
171727
85682
85682
153711
195887
237201
78846
78846
78846
168368
49066
17424
29068
296398
78846
78846
293406
75593
146247
166207
114522
211793
91090
250154
170750
90421
90421
102950
155685
120575
68654
277488
68654
78846
237201
296081
293444
512
3425
102950
512
195887
90421
188575
269744
133945
512
133945
133945
234202
63090
174629
237201
195887
237201
133945
237201
214322
512
128520
122930
17802
128520
258094
115149
133945
36568
164492
174271
50517
122801
87448
17424
87448
17424
230602
6811
88245
122721
49066
293444
133945
130911
181153
221348
86161
87448
173637
230602
230602
85317
230602
164492
13046
177411
128308
63090
241
116891
177740
158882
285843
173637
245813
255641
230853
82816
512
8031
173637
177411
255641
6811
87448
131440
7110
7110
160080
255641
230853
6811
230853
75289
143877
295758
120182
275819
226962
233954
122930
266843
34394
30304
164492
6811
295756
177411
209176
285185
292512
292512
55957
35637
188238
28486
60412
6811
205290
230602
170750
120182
295756
120182
60412
285843
28486
67198
71536
60412
289893
146247
195448
195448
60412
136677
65089
146247
230602
65089
129284
218023
28486
136677
164492
287872
249174
130349
191550
149966
37295
149966
245320
260379
18446
149966
207890
291006
54268
16023
60412
75503
28486
128308
87448
205290
96613
214322
198325
149966
60412
262443
198325
164492
164492
149966
28486
28486
60412
205128
198325
48502
145825
46009
283570
17424
24203
67198
106843
75503
75503
24203
131142
248157
283570
249081
248157
174629
249068
31110
31110
116891
116891
164492
245813
182819
245813
223325
29486
116891
77200
226484
164492
177620
177620
116891
271857
28486
46009
117413
187812
54268
104839
88245
75503
88245
8979
88245
88245
187812
187812
182819
102222
84541
85082
164492
259996
164492
163024
285176
88245
193887
116891
266337
258952
116891
223325
116891
223325
223325
258952
164492
59454
182819
278673
18218
18218
129082
54268
116891
116891
164492
116891
116891
116891
88245
88245
193887
193887
235542
248157
142817
238820
62653
62653
88245
15566
28486
285843
92308
289219
265348
18218
28486
182946
271857
170899
49116
88245
88245
50517
271857
205290
205290
149966
271857
214322
59454
149966
255641
187366
158162
18218
255641
273992
200138
165139
213163
59454
165139
59454
187366
187366
133897
266879
265348
59454
44252
28486
87841
88245
182946
254219
101213
289219
28486
31110
130349
130349
182946
278786
47208
152538
158162
22869
28486
96654
289219
62400
104839
59454
188881
289219
28050
130349
14777
59454
14777
59454
266734
278878
87448
87841
194910
87841
194910
158162
130544
130544
15213
281170
59454
190151
190151
34899
59454
59454
87841
283458
190151
190151
233348
152538
200138
84158
18218
183478
216278
187366
19147
87448
31110
120019
59454
21298
174629
18218
18218
133897
147339
174629
87448
98727
96654
96654
68808
44252
187366
196739
88928
187366
194910
16127
8979
88245
106544
280503
255641
15640
187366
174629
258671
187366
238248
174629
16127
88245
224567
88245
16127
133897
117938
115502
15640
115502
51739
44252
124077
205290
283737
31110
133897
119311
133897
242959
14959
164492
28486
175735
221866
221866
223710
242959
64673
226484
133897
185713
115502
226484
31903
28486
159725
133897
88479
28486
88479
28486
133897
17424
210559
225605
122781
122781
133897
30304
36414
78846
133897
78846
176347
197340
192784
283737
242771
28486
166207
176496
149411
16057
142671
19147
101173
64673
166207
85943
166207
166207
133897
27642
214322
200138
148997
54268
30304
30304
182946
142671
142671
177351
142671
245305
176496
30304
68784
187819
238820
50517
163024
80899
54602
16057
88245
29399
68784
188613
88245
237101
164492
64673
16057
16057
103051
50517
45598
239092
68905
54268
110192
119289
198325
196832
54268
67762
49707
103051
200138
214322
239092
289116
239092
164492
205454
169264
88245
88245
88245
85082
214322
85082
214322
250597
88699
52697
292366
175446
23618
23618
30304
30304
164492
110192
164492
85082
245305
274964
51428
274964
204904
80387
88699
289116
146165
203364
205454
242959
226484
242959
242959
146165
226484
104082
55957
70837
242771
242771
202076
59179
262396
23618
186339
226484
262396
242575
198325
151750
196739
275606
155973
283737
238248
226484
104839
238820
8979
226484
275606
205474
81152
81152
164492
103051
238248
165139
174673
174673
242771
146165
275606
275606
36414
294517
271857
294517
26769
200138
242771
174673
186969
242771
88374
164492
199421
174673
137132
131806
200138
32169
176230
36087
122781
1224
222347
110192
90156
165291
55957
250154
250154
250154
294517
89778
51739
30254
164492
165291
164492
165291
30254
151655
183795
133130
133130
133130
133130
275606
226484
8979
164492
30254
275606
255263
164492
70800
215980
183795
265799
215980
183795
55957
164492
68808
215980
275606
80387
151750
133130
164492
219602
164492
182819
151750
51739
146357
51739
202076
178251
278671
278671
291338
32169
6618
164492
28792
64292
64292
203364
151750
203721
15353
290497
238248
166207
160277
275606
10957
104839
50975
48708
275606
90156
277151
9044
71536
183795
6618
249174
164492
277151
249174
10957
63090
275606
28808
28808
151750
65089
64292
275606
65089
67762
38713
145980
164492
151750
164492
36414
164492
151750
237348
124562
105121
38713
38713
164492
38713
199421
164492
275606
275606
164492
275606
8844
205474
160277
440
160277
165320
71512
36087
133897
51739
283737
125879
164492
249382
30580
67762
216656
159760
159760
83276
129054
164492
217094
188238
226056
275606
174629
186969
90156
212681
151750
54268
54268
54268
294437
32169
38211
208080
290497
245487
254298
133203
55925
38211
216278
151750
51943
219054
220956
36087
143131
238248
238248
51739
164492
205310
89354
219602
36087
186848
27458
205845
205845
238248
104504
205474
113371
125879
151750
212681
89354
156171
12071
151750
106843
27458
275606
106843
133112
188238
175803
91664
42909
284164
219602
284164
219602
275606
219602
170558
238248
27458
251526
27458
62783
27458
36087
152534
205474
113371
205474
278591
205474
205474
36087
151750
67572
164492
149411
204904
183795
205474
219602
205474
205474
186848
237348
275606
113371
275606
280235
275606
219602
67572
179605
98727
179605
219602
45598
280235
228213
232783
275606
275606
280235
275606
275606
27458
219602
57885
128308
60151
205845
219602
98727
159760
255641
275606
275606
275606
167826
35987
86205
225605
27458
127942
27458
78965
227496
123939
275606
219602
275606
178986
38365
275606
13846
89354
219602
27458
27235
159760
89354
38365
69793
95363
190921
275606
78965
222817
27458
38365
38365
11560
130326
69793
202076
205474
47990
254298
89778
51739
205845
275606
205474
205474
205474
75289
258671
275606
133897
187713
62775
114522
292084
292084
39442
225571
62775
62775
62775
17821
46366
41088
227897
203973
203973
62775
105307
114522
182819
114522
216294
11239
78408
78408
275606
27458
275606
27458
27458
275606
27458
275606
13846
173092
275606
44181
101594
205474
259186
205474
205474
13846
205474
13846
75289
128308
8567
205474
254298
202076
205474
275606
172334
227897
163024
36087
247998
161310
27458
101594
27458
238248
202076
275606
219054
128520
205474
41088
260049
258671
114522
46366
27458
275878
278759
186969
128308
186969
27458
27458
205474
69793
60364
186969
104839
27458
64292
64292
285185
186969
280335
186969
46366
27458
31305
186969
27458
249382
249382
249382
249174
95852
186969
222154
114522
164492
128520
164492
164492
156243
199141
164492
62775
188238
216294
233012
216294
233012
290497
205474
164492
236291
156243
99818
199421
186969
114522
51739
225057
216294
60151
165840
215920
165840
46475
155402
164492
93601
159116
25960
13846
278759
278759
165840
186969
226484
125364
125364
125364
97911
46366
21007
154942
97911
114522
249174
180864
48161
97911
278759
282847
97911
154942
13846
194097
97911
194097
194097
121909
97911
87448
248766
87448
13846
215980
165840
165840
13846
36568
219054
86865
215920
113371
137836
205474
285185
205474
285185
97911
200216
80384
80384
126735
215980
205474
48161
215980
219014
154942
205474
116891
136837
136837
266084
164492
174673
114966
103245
249174
197340
293406
137836
246278
177469
133897
189955
10018
151655
60151
87841
260558
246278
199141
199141
114966
199141
293406
293406
114966
242959
291813
121962
260938
104839
116891
195613
272863
15984
235866
202076
241852
221139
138671
101594
101594
104839
40635
138671
101594
101594
242959
174673
138671
45598
87448
114966
195448
114966
281360
257013
49116
25992
34899
267001
239379
114966
177153
129082
295779
175803
266879
13846
13846
87448
276808
157756
264776
236291
235161
264776
97911
26391
29486
29486
29486
87448
13846
274257
48959
147702
29486
235161
260049
216558
216558
48161
243043
216558
264776
137069
11239
163024
124549
87448
48161
11239
22391
235161
80384
97911
142650
129082
202203
133112
194910
97911
199383
13846
13846
21007
239379
264591
264591
170654
151750
126474
156570
126474
6156
156570
249382
156570
97911
60151
261384
283430
64292
274257
202203
64480
197340
264591
64292
64292
264591
202203
93601
261384
202203
274257
111363
231103
104463
104463
184421
267606
115319
115319
59466
64292
42368
42368
245284
278759
199621
178669
178669
156570
145799
153711
153711
170774
64292
293406
4958
171081
250659
177153
54055
219054
98727
245284
64292
164492
21007
21007
21007
164492
161764
115175
239379
202203
182510
272471
245284
151241
193829
6156
68808
245487
177153
177153
278759
202203
68808
145799
163024
145799
163024
163024
230825
213200
186848
19787
15504
261683
152692
68808
164492
171324
64292
10147
142650
44642
44642
249174
161764
269444
126474
272471
286753
205474
126474
126474
126474
25960
205474
25960
205474
112692
203560
126474
249174
21300
12263
21007
279335
279335
231103
231103
235161
231103
202203
231103
256895
279335
166406
15504
64292
69897
72089
142650
142650
142650
68808
203560
41088
205290
235161
264591
188853
94631
186145
176978
267001
264591
119725
42368
235161
28021
142650
242959
40995
88479
256426
251482
32726
235161
177153
202203
205290
11239
278590
232565
42368
264591
183869
154942
78575
213200
88479
266068
94631
177153
243547
177153
107412
232565
177153
177153
42368
42368
177153
215980
223982
94631
145499
264591
11239
127742
152805
157585
256426
33366
42368
33366
256426
33366
277556
127208
35733
205474
34971
94631
45282
34971
112692
216294
184421
243547
164492
206778
228366
1724
101594
255783
41088
72241
284862
34971
272863
146930
194910
243547
76208
163024
235161
68808
25960
235161
127742
235161
145799
34971
28720
242411
56721
106610
266879
152805
116893
176978
145579
195545
101594
187713
9903
279855
25960
68808
145579
254375
68808
101594
101594
34971
68808
145579
34971
68808
58738
99540
228478
140920
288760
154942
273421
154942
245284
7968
45598
166406
179928
264591
171931
2355
159259
264591
264591
166406
159259
264591
249128
25960
291813
49116
90156
228478
41088
142650
94631
94631
258761
80004
183795
182510
205474
43931
145579
206161
182510
145799
41088
234658
149700
149700
248606
163024
248606
220993
150745
150745
248606
178408
248606
100677
183795
186145
186145
235161
224772
248606
225635
11239
183795
243547
183795
248606
94631
70654
94631
183795
107412
248606
186145
248606
104353
177469
248606
186145
15984
68808
209045
183795
49116
157815
194910
194910
248606
272863
190008
62613
190008
190008
190008
184850
45598
210082
26513
205474
197652
115796
194910
145579
145579
142650
233012
233012
279854
248606
45598
225635
170643
50253
145579
249128
249128
272863
183795
225635
291813
76208
186342
135553
42368
272863
42368
42368
60151
120527
120319
272863
183795
228054
245284
42368
225840
178408
221370
248606
184850
272863
145579
30743
249128
11239
272863
69713
170643
170643
183795
256583
256583
6618
149700
149700
145579
178986
105563
258671
150745
265214
110389
110389
296484
258182
7575
110389
145579
145579
15251
127208
114966
279854
161764
187293
170643
187293
243098
110389
142650
67051
135553
245040
250450
232515
124347
199141
134769
170643
142650
245091
145579
199421
176294
169945
199421
142650
107412
68808
36568
265214
7575
291300
150745
186342
161946
170643
32040
170643
170643
149700
7575
202076
152812
249174
250450
161828
135553
63849
250554
272863
45598
104045
271180
45598
210263
12036
146061
266188
45598
197652
171929
287480
161828
131382
264044
97351
161828
157585
131382
90156
170643
161828
177636
205474
197978
250450
260874
151
242184
266188
150745
150579
175536
7575
7575
175536
161828
120776
97911
45598
205474
198330
198330
198330
90156
197978
205474
161946
250450
205474
110007
97351
273421
205474
203560
205474
161946
257013
142650
161946
161946
205474
143893
113756
34872
250554
157585
257013
197652
54345
50312
101356
288208
30160
250450
188756
250554
45598
45598
225635
140762
227897
90156
85811
45598
238248
257013
90156
296484
257013
90156
90156
238248
36087
202203
37982
272863
257013
28021
28021
228321
228321
205474
101753
45598
50312
8484
242436
8484
97351
17433
275541
194094
50312
202940
45598
205474
45598
36568
151
274283
163024
8484
50312
36087
129082
77573
7110
295316
8484
228509
45598
7575
17895
45598
104353
275541
111916
244145
41088
228321
45598
1144
45598
99061
45598
2227
41088
67762
19712
60076
250554
77573
106544
128430
11239
41509
45598
87286
87286
60076
17895
99540
205474
45598
190883
45598
108941
108941
205474
205474
7575
45598
7575
99721
74816
63482
295877
242436
242436
45598
52817
205474
205474
131638
6618
214580
205474
242436
242436
164492
32621
60076
257013
115724
115724
164492
199672
295877
272863
249174
44181
269336
249174
151
51838
60076
205474
171611
97351
291300
169264
19712
19712
140687
274964
60076
178408
7575
162481
162481
41088
274964
162604
202752
205474
251400
169723
202752
101356
41088
97911
6618
171112
6618
295877
205474
89778
241852
77573
241852
241852
41088
120128
249174
291300
81211
41088
178408
96288
41088
216722
171611
210827
41088
44181
274964
274964
231103
201197
41088
66613
127142
35733
6618
178408
284799
221139
221139
63090
99540
164970
6618
63090
63090
225818
63090
205474
291976
99540
295877
44181
54858
295877
127142
54858
205474
205474
151
19138
235161
178335
6618
169230
6187
84573
54858
6618
224661
137069
137069
137069
277293
277293
109998
16226
249174
249174
268183
164970
272863
6618
31184
54858
81984
81984
81984
263297
54858
120705
81984
197652
294300
273755
249174
99540
270188
249174
230749
221593
80487
199974
112496
263297
99540
95338
96749
277293
155415
8864
97672
249174
161946
178408
117194
199974
244145
274885
171611
205474
205474
245305
160820
274885
205474
274885
199974
213681
39957
134689
205474
221139
221139
95270
133523
274885
205474
133523
54858
205474
238248
133523
266188
178408
96288
54858
54858
60874
226406
54858
108941
198330
108941
60874
52817
128430
52817
128430
228321
18656
21007
243065
134689
18656
147466
54858
225818
188756
243065
221593
158621
230314
182819
146995
182819
242959
6156
229902
205474
180467
274885
228509
228509
272863
18656
215893
232515
21007
244145
164492
180467
244145
205474
21007
21007
295877
244145
46091
190727
46091
163759
6187
163759
287835
21007
180467
18656
21007
148614
6187
122349
7110
270188
266958
54858
266958
18656
8484
215893
148614
164970
104752
104752
215893
104752
272863
197340
18656
84573
256583
201197
120776
243065
84573
36568
36568
137069
288982
202335
21007
21007
148614
48216
245753
130911
245753
87286
213681
148614
148614
193718
263297
269740
158696
258908
295292
260558
60826
294755
99411
232565
155194
199621
243065
60826
2214
2214
2214
99703
155194
224261
111228
34657
201197
274964
55957
36568
18656
18656
6187
213681
213681
202367
145579
49350
213681
255692
146061
255692
94532
213681
54858
213681
54858
213681
226406
54858
226406
169230
226406
147489
269336
60826
155684
87286
74583
292268
155194
226406
103839
74583
235887
2214
144763
54858
144763
144763
74583
36568
197340
215717
90657
225840
213681
170774
213681
213681
268183
1435
69388
69388
138135
110575
23133
221712
159042
48929
249635
190727
128335
128335
69388
132537
55957
112925
199621
65400
186838
155194
84573
144763
59507
120776
55957
228321
144763
242411
83609
68808
68808
68808
99703
18851
155194
213681
33842
33842
155194
242411
155194
60826
224916
14797
292512
11752
11752
250490
202940
238742
60826
33259
147489
11239
264591
213681
145579
167978
293844
18851
18851
89580
7110
36568
145514
33842
155194
35733
33842
176139
147702
207130
68808
268183
3322
68808
277293
90156
195629
120776
150422
230749
186363
296135
1713
277293
186363
1435
222792
1435
226484
145514
99612
112496
145514
230749
145514
220318
150422
186363
197475
144763
150422
146995
68808
19787
94532
150422
168262
94532
94532
8484
2201
230749
205474
87954
87954
205474
205474
255692
75922
168262
253418
230749
164161
168262
168262
294755
278590
11239
90156
171363
228321
69388
228321
144763
87954
168262
263297
94532
247224
168262
230749
255692
230749
16358
284900
242411
179420
218756
143122
64903
284900
68808
173637
218756
87954
230749
230749
131382
138272
253418
176139
230749
205474
205474
164161
202894
205474
3322
206891
52817
18851
52817
225813
67762
36568
67762
107412
276182
278590
255692
68808
147489
281585
242411
167978
124481
34657
205474
67762
203560
150422
18851
232515
11239
164161
283189
66900
192983
167978
167978
232515
255692
205474
112496
205474
151655
225635
41509
66900
145579
273755
232515
181419
164161
115528
45433
781
164161
228321
164161
206161
206161
164161
290397
159768
167978
781
128963
781
11239
228321
32040
112496
112496
66900
112496
16358
66900
287833
185961
185961
164161
150422
126474
203560
206161
203560
120776
145579
145579
85212
86205
68808
232515
292268
114590
232515
138272
128963
104086
156171
167978
156171
203560
156171
128963
232565
175501
175501
85212
175501
86205
781
86205
175501
292268
222710
258563
254061
242436
206161
268183
242436
169850
144429
166207
268183
166207
119053
166207
254061
107061
124481
203560
144429
128963
166207
88072
781
179435
292268
292268
262149
128963
225840
285411
99069
258986
145579
242436
169230
215684
241290
68808
292268
41088
292268
292268
68808
242436
232515
242436
223306
136696
66900
292268
781
128963
292268
213681
137419
251214
5112
242436
121153
256895
120776
117012
68808
16358
175501
145579
232565
781
198330
126474
247224
38182
256895
256895
66900
66900
66900
179435
148623
242771
256895
83174
83174
256895
80487
179435
284169
249128
781
81194
232515
16358
186363
127684
127684
103107
103107
103107
127684
103107
781
136696
103107
781
131018
61023
216294
175501
275616
271047
180215
170700
127738
232515
781
226406
215684
232515
38126
6618
139747
232565
164161
68269
164511
232515
147466
164511
83174
83174
164511
127684
83174
188922
103107
227897
83174
164511
136287
232565
73921
73921
136696
115175
137419
73921
137419
98039
83174
232515
83174
232515
243353
83174
168262
781
23048
249952
44349
127142
145485
101289
61131
137419
23048
115502
115502
115502
87954
284257
216294
25869
115502
232565
83174
115502
277293
171112
115502
256895
164511
221593
177087
251214
166064
30909
268183
214973
99612
84775
277293
174455
215684
255263
189723
149853
187620
239003
277556
83174
187620
69388
256895
210123
221866
267001
207706
151726
158161
60364
151987
292268
136696
28821
180002
187620
272863
112496
115528
216294
158255
262351
158255
214973
214973
117879
85212
216294
85212
272863
262388
59642
84775
169794
262388
156318
86664
292268
277293
59642
114573
28821
138902
173220
111916
136696
240202
68808
133851
292268
277293
62008
133851
133851
170631
214973
252906
179435
292268
59642
292268
59642
187884
93391
133851
277293
287872
116636
269740
187884
175501
280150
17208
66900
2649
248686
2649
187620
2649
197565
287872
166064
10960
271047
178408
251228
85212
115175
112496
199621
151987
244999
201984
201984
201984
85212
262388
201984
2649
262388
84507
187884
227280
94320
133851
133851
170700
170700
287751
262388
214973
262388
96663
141271
114590
85212
215804
287606
133851
90661
110735
287872
193892
112496
11239
159768
112496
109998
9903
85212
110735
115175
116636
115175
112496
166207
112496
147466
219583
110735
133851
170700
80693
84775
234220
85212
219583
85212
295478
110735
110735
100726
253418
128513
152436
152436
152436
258986
152436
219583
258998
200039
15866
200039
116636
254110
173220
125879
173220
258671
292268
292268
268183
116636
55974
90661
142094
206161
116636
258986
151987
174455
11239
15866
15866
123483
7168
55974
254110
245091
90661
201984
169945
162459
204904
269947
272863
1713
1713
51739
42900
86205
440
136674
136674
61972
201226
67151
85212
104045
214973
85212
51739
130911
85212
7168
85212
251328
262984
440
201984
104045
216911
55974
85212
153681
152164
133851
37032
440
204904
225840
204904
142094
225840
127684
204904
204904
204904
127684
127684
258671
15866
225840
108966
225840
15866
37032
11239
85212
52067
148997
122469
34283
34283
114573
114573
272577
141271
258986
88992
227728
199672
34283
85212
127684
48363
214973
242436
133851
159155
85212
85212
224261
227280
166207
153903
206161
186257
292268
216911
201984
99700
16138
90661
127404
163024
16138
137503
137503
127684
16138
137503
272863
127404
127404
216294
216294
127404
216294
55974
88213
252906
88992
55974
215684
85811
127404
202969
127404
127404
292268
283458
114573
202969
202969
218689
292268
213876
52067
80693
242989
273115
105990
258671
156530
133851
254956
127404
290950
127404
127404
127404
205128
290410
216294
26993
76932
16138
292268
440
292268
216911
276955
80693
25992
292268
275922
275922
1713
193892
205128
255263
255263
35532
16138
227280
153468
85212
127742
290410
15866
290410
141271
30506
249812
290410
294785
198325
176721
85212
287606
87682
85212
85212
85212
140372
85212
255263
156171
283189
197340
197340
255263
255263
193892
114966
137324
88992
235449
28935
235449
28935
170774
28935
148614
2649
92308
16358
85212
127142
109510
171112
55974
250816
9484
235449
294785
255263
38897
141271
85212
153681
170774
16138
25992
85212
204904
34971
137503
268955
281065
250816
1003
16419
234813
85212
1003
137503
85212
244692
268955
244328
195554
85212
218689
131142
293686
79050
293686
151671
85212
228509
126474
159042
127335
127335
143416
163170
216911
143416
163024
163024
258745
258745
137503
208788
185400
235449
235449
142146
127335
127335
293686
293686
145565
18851
225846
1386
131142
131705
143416
263637
263637
38897
104839
151671
126474
26993
202649
153468
18656
127404
224520
281065
263637
127684
137503
127335
153468
263637
263637
286375
286375
218689
293686
115528
127684
192983
65400
187620
103363
115528
162459
235449
276215
127335
119399
127335
293686
293686
192726
176294
176294
294938
64506
293686
143416
127404
64506
3265
71512
127649
294938
38451
256252
38451
25123
65400
127335
115528
176294
249952
207262
113817
258131
64506
113817
295344
15504
85212
115528
293686
126474
293686
122930
120776
227682
143416
64506
235449
236737
64506
236737
131142
16358
131142
293686
127404
143416
272577
233705
224520
232258
183840
40892
143416
127684
236737
293686
235449
294096
131142
127404
127404
131142
155684
225846
127335
107591
107591
107591
231588
263637
263637
268955
294096
107591
294096
263637
263637
263637
18656
7515
141849
141849
132872
294096
286375
263637
161969
242771
201984
184850
125199
198888
16419
127335
259039
294096
80693
127335
258363
127335
131142
16419
255586
16419
242184
127335
259039
127335
94532
294096
178408
212285
127335
127335
232565
283189
294096
294096
127335
161969
242184
131142
224520
127335
169230
163950
136674
136674
136674
294096
162459
42201
294096
11385
294096
38332
38332
38332
136674
38332
26993
11385
11385
35532
293686
294096
11385
294096
15984
127335
277969
101025
277969
127335
161969
258363
5530
127649
258363
161969
294096
178408
182001
244999
87184
193892
64506
225846
294096
244999
294096
64506
36087
62276
114966
5980
131142
127404
217526
15230
294096
51302
257275
54470
205516
161969
294096
15230
294096
176578
294096
15230
286375
294096
217526
11385
11385
114966
217526
198325
6242
11385
262984
255783
264591
278759
293686
11385
11385
293686
293686
294096
220745
294096
152174
293686
31599
234813
234813
258131
181757
135553
231477
146357
274210
36162
185460
233705
273894
217526
293686
162264
293686
286375
293686
18265
293686
209598
294096
81230
294096
240341
240341
269947
36162
286375
293739
269947
293686
293686
293686
146357
204290
293686
130906
258363
113817
234813
127133
292268
36162
100980
234813
130906
287187
234813
74919
150115
74919
266883
181469
100980
234813
184850
131142
195554
74919
137014
6156
255263
146357
293739
143540
234813
162459
14192
119546
196143
56475
242771
146357
15230
15230
258363
153903
68269
191550
129082
7525
129082
61578
121586
249812
80872
74919
153903
56475
76231
80872
206853
234813
234813
254590
127684
61578
153879
258363
7525
136674
10960
198325
136674
147489
72171
258745
143540
7525
106906
143540
7525
44365
74937
173822
33181
182936
198340
89583
129082
87954
30909
250619
857
857
238248
60290
198325
74919
198325
114573
237357
1386
257275
153903
257275
143540
26993
109631
38332
1724
143540
143540
254721
188432
266015
188432
258363
159543
198325
256895
155684
256895
50528
71384
166936
258363
250619
256252
60111
257275
257275
71384
71384
71384
71384
173150
127649
237357
71384
196355
286375
147489
153681
60290
71384
112385
296737
248823
204290
240384
71384
258363
12658
136674
136674
130906
32040
85991
196355
119546
197834
161969
238074
234813
71384
80872
206853
131142
206853
129082
85991
64506
38186
129082
250816
160991
43534
153681
250659
136674
4114
113817
129082
113817
60290
80705
60290
131142
64506
249812
80705
80705
249812
131142
161969
160991
211536
201960
280769
80705
113817
80705
80705
54470
80705
129082
240384
80705
103815
129082
4114
88992
79889
198325
258363
80872
113817
129082
43333
140372
144731
257275
211536
211536
80705
168262
292268
225846
293174
131142
144731
80705
70625
70625
295292
153681
33662
282833
256252
176294
248766
54723
80705
281409
130673
80705
33662
33662
70625
80705
212200
225846
185460
215670
96035
185460
127684
38186
81984
80705
80705
294489
209504
114159
16280
143416
80705
80705
127684
143416
88433
10960
80705
81984
80705
19737
70625
210166
47597
238617
139034
80705
80705
284946
289112
127684
92846
203764
80705
80705
103363
80705
80705
80705
144731
33662
277607
144731
277607
103363
248766
287835
287835
210166
80705
80705
33842
124164
201984
70625
210166
256252
110505
70625
234813
171112
131142
56475
53752
150772
80705
248766
223983
234208
70625
43534
240384
211536
281409
287835
143416
198816
220745
152436
281488
201960
287835
43534
188371
220745
30909
210166
151521
151521
263637
209598
213681
294489
15866
80705
139034
38186
210166
151521
80705
223983
223983
199522
100257
34394
15663
223983
256895
287835
234208
103363
81152
253041
81152
226081
204290
256895
256895
258745
101705
275554
192916
62937
207429
147489
147489
256895
210166
92435
160991
34394
34394
91480
160991
294489
86664
294489
276180
160991
80705
160991
214691
240384
114733
242042
131142
41930
119364
223983
128943
231848
100257
44349
180520
294489
80705
209818
80705
295877
227682
201960
127738
74937
140372
256895
30066
126211
135717
38153
38153
86664
237100
136356
74937
136356
136356
202635
201960
295316
80705
41930
256895
215407
88050
259887
100257
128943
119546
256895
201420
256895
128943
256895
50312
56475
50312
256895
31354
66863
183927
232565
275554
280426
280426
86664
31952
121153
5398
131142
194910
256895
47597
256895
256895
256895
121153
256895
256895
127404
50312
254395
256895
30909
160991
249812
256895
1386
34657
1386
226081
1386
256895
204290
218242
163362
244610
160991
244328
256895
143416
143416
17433
17433
258550
256895
244610
143416
244610
143416
86664
1386
156542
138376
52067
88956
160991
126889
156542
244610
116415
138376
160991
138376
244610
160991
284946
256895
256895
29555
256895
227280
64506
256895
289112
289112
259887
52067
188432
232565
37146
117715
88956
188432
256895
188432
202367
275554
188432
259887
103815
259887
256895
275554
100257
121222
121222
244610
197978
37146
275554
172973
256895
220102
19918
244610
41930
50415
160991
98363
137132
50415
42869
164560
40884
52056
226081
25563
80705
25563
40884
198931
226081
184929
244610
46106
216493
781
201960
60826
37121
781
91018
91018
216493
50415
226081
131142
192200
17185
216493
254291
52067
261675
216493
52067
50415
17185
50415
50415
17185
17185
50415
17185
50415
219166
121153
188238
256895
231848
226081
189378
112084
131382
186363
213681
50415
88956
259665
88956
99721
112084
25563
227682
103363
218909
89079
115528
198473
81152
230853
291919
80901
80901
80901
226081
80901
207429
53150
207262
256895
186363
106220
186363
186363
2896
115528
103363
194910
781
781
207262
271216
204290
156542
170775
154589
124077
284101
263227
781
198473
204350
26187
226081
186363
186363
184929
231877
184929
186363
170775
170775
26187
50415
184929
781
281065
47597
151655
226081
121153
50415
214691
111793
104839
82642
47597
82642
107450
170775
82642
71315
81152
81152
104839
38265
226081
281065
226081
238848
52772
41282
134244
256895
151521
82642
36087
73727
81152
116415
238848
71315
81152
281065
231848
232382
71315
46106
164560
103539
43462
89209
116415
116415
116415
104839
164560
184929
188238
212335
80901
212465
131382
116415
73727
198931
781
73727
781
139044
208080
112557
46106
198603
61970
781
109342
103161
781
136986
61970
73727
131382
86664
213401
208994
97719
233705
232382
61970
261675
198603
296036
43462
46106
33662
210166
210166
232382
232382
296036
262202
71315
59363
71315
781
210166
781
71315
256252
76231
83174
194910
87147
73727
68539
131382
129700
294300
43462
264591
294300
264591
264591
43912
163950
277293
43912
43912
264591
43912
97750
257275
234957
158902
61970
43912
60974
43912
264331
781
150115
259665
71315
264591
232565
30279
206891
116415
231848
206891
231848
206891
201420
89209
193072
275554
206891
205128
203757
220745
220745
123955
202635
114966
33218
151521
781
183767
781
178669
781
2649
123955
781
236737
781
61970
33218
28021
186363
61970
6811
61970
131382
151521
220384
781
87147
108821
130172
279915
130172
205128
160991
33218
226484
212465
220384
238848
127793
76231
200164
211511
271526
271526
16973
58674
108821
271526
279915
264591
139044
18297
271526
76231
271526
271526
48661
271526
48661
264591
781
76231
33218
131382
208080
198541
272136
236622
200477
193937
281065
108821
182946
10934
145840
204290
103363
16973
198055
177151
116820
7714
173150
116820
177151
202635
116820
204350
150115
48661
150115
198055
781
256252
75922
196143
139044
264591
48661
264591
288650
46106
264591
223514
198931
264591
100863
173150
147466
147466
244816
48661
120157
129082
124529
90715
133130
50262
50262
198603
781
151521
173150
139034
124529
117558
261675
202635
191006
267782
124529
150115
259887
249794
112385
18084
18084
70907
124529
74901
18084
20641
136226
60974
204350
89209
89209
201960
18084
124529
92655
116415
198931
159152
82642
157130
198931
159152
136852
157130
140372
136852
124529
89362
32972
17433
124529
17433
174364
155684
198931
268506
51567
89209
136287
136226
257633
294006
139034
192891
781
192891
781
192891
204290
74937
115251
14797
50415
50415
204290
31862
115251
259887
13424
74901
74901
13424
127563
257633
18084
89362
248656
268506
139034
263412
89362
206566
129700
259665
104553
89362
198437
185941
73727
220384
238848
89362
198437
65004
89362
128993
159152
238848
159152
159152
136451
159152
59067
215756
224192
224192
275234
224192
27520
219166
226484
185638
31862
226484
781
5438
5438
781
10960
257633
5438
55617
75922
73727
272136
8092
168787
64026
226484
264591
153681
241364
241364
153681
195094
55617
257633
185638
247866
213401
247866
259665
212912
157130
89958
188238
136226
82642
223983
215797
271526
5438
74901
74901
145840
257633
140830
267001
267001
43462
136451
197475
241364
132372
267001
43998
220384
176496
237100
43998
22059
159152
286321
159152
33218
267782
219583
39243
267001
259325
127563
69106
108640
213401
257633
259665
244033
209685
286467
274811
160991
274811
274811
136226
274811
274811
136226
136226
157130
33218
33218
213401
157130
41418
274811
5438
159152
143338
213401
136226
254314
127563
8092
277293
244033
200216
174354
64026
213401
29333
114682
64598
259665
50415
259606
273755
176496
99768
45625
64598
127563
129587
124714
145840
145840
127563
145840
50262
219583
50262
64598
177388
264591
257633
276277
112155
8092
264591
50262
287571
99676
269879
217463
73727
64506
286467
257633
127563
8092
127563
259665
236737
127563
264591
264591
153879
127563
151971
133112
49401
278000
27520
188159
50262
50262
50262
127563
259665
193968
127563
64598
255684
27520
73563
163216
258745
45625
258745
258745
27520
258745
271974
15504
286467
124766
114966
119399
171716
103363
152493
127882
171716
274811
171716
103363
256035
22704
22704
281812
9533
223880
241092
106610
170750
64506
23487
259665
286467
181469
171399
108640
157130
108640
254452
99676
66223
18887
189827
88956
88956
30580
114966
193968
223450
241092
241092
189827
182946
171716
157130
253738
108640
171716
199383
127649
14499
64598
171716
45625
241092
209685
22059
171716
22059
62753
73563
73563
176660
171716
114159
127649
143540
157247
64506
59979
118950
89362
143540
277293
275234
73563
157130
70907
181272
67867
67867
60602
29333
32975
177388
177388
274811
143540
78215
182946
244033
122781
108821
109290
143540
196392
93455
177388
179435
105619
122781
143540
201649
205474
140830
122781
140830
275234
233705
122781
257633
111793
208080
60602
122781
122781
223720
11619
108640
122781
122781
152436
209818
209818
258745
122781
283458
257633
116414
218689
177388
218689
171716
133112
122800
66087
157247
289212
66087
232515
66087
257633
256035
170130
22704
122781
119660
122781
217470
66087
64869
64026
108640
108640
122781
73563
64506
199672
2649
28612
59979
176660
64026
206980
122781
42393
122781
59979
122781
177421
257633
197652
288208
257633
206980
283458
59979
201420
201420
201649
201649
59979
209685
293819
207425
210716
293819
105619
293819
157130
218689
259325
177421
201649
206980
9232
257633
177421
257633
201649
9232
64026
45625
174902
256895
257633
64506
64506
257633
133112
137047
205128
232165
177421
29333
197652
256252
59849
257633
206980
186794
256035
216636
216636
59979
73563
147702
64026
64026
257278
41099
64026
68469
64026
223720
257278
191550
191550
64026
64026
3048
191550
199713
114385
288208
257278
118018
257278
147702
257633
296081
118950
174364
99676
64026
139224
169126
137047
245305
108640
210166
118950
326
118018
218689
218689
45917
326
145840
254783
204350
210716
59979
228432
2343
45625
278872
164484
7245
271526
64026
59979
218689
64506
218689
267782
232165
245873
256252
64869
273448
273448
59979
59979
59979
48141
326
232165
196053
326
48141
326
245873
245873
98727
103937
142554
206980
160800
12713
206980
29333
123269
123269
242733
242733
45625
218689
160800
201649
218689
68812
118018
254479
64869
12713
241364
262421
147702
201649
12513
162090
114385
48141
201649
88956
254479
189827
223880
326
228265
141143
201649
12713
177388
326
245873
68812
19586
183784
117821
62393
272825
105970
64506
64506
12513
122800
201649
80691
201649
228776
64506
166719
203761
7716
7716
151250
144617
245873
236904
262721
3666
326
223318
201649
185128
201649
144742
200216
12513
261675
200216
245873
64506
64506
64506
219166
127563
245873
200216
245873
200216
51462
226484
150989
150989
201649
151793
200216
200216
196053
196053
196053
55565
196053
232165
48141
144742
186794
63312
65720
96040
9232
294096
46106
196053
275234
201649
55565
154356
15381
154356
196053
245873
55565
154356
218689
196053
201649
29333
36087
242733
196053
272570
326
201649
99721
64506
64506
48893
202940
124003
154356
175076
103937
103937
62386
154356
116414
62386
103937
146930
3666
61478
114766
64869
263421
326
259202
46760
10025
192940
175076
3666
196053
196053
201649
223318
136945
326
99721
224817
232058
196053
183784
85547
135920
245873
175076
175076
143540
61478
258753
196053
127563
14874
127563
254590
127563
114766
59849
254783
117821
254783
258753
149706
254783
254783
258753
254783
258753
232058
245873
326
99721
194592
104608
219166
61478
105970
781
127563
781
245873
271761
271761
64506
254783
162090
223318
169126
17230
254956
61478
160991
245873
50713
245873
254479
15118
15118
238728
283322
242586
74894
235161
235161
245873
160991
29333
64506
78713
257275
9232
75134
183211
29333
183211
326
154356
59979
274283
254590
74894
59979
8484
59979
63312
59979
183211
160991
74894
59979
271761
254783
15504
15504
259202
178322
15504
178322
15504
199713
8512
160991
74894
132651
52459
223720
236731
295169
238408
245873
174083
126645
50321
238408
219166
127563
277136
178322
74042
74042
61478
18133
219166
75134
162090
64506
99676
93727
99676
241092
117449
63312
178322
141417
64506
18133
65527
43462
64506
93727
216300
43462
63312
141417
37585
71081
64506
241092
44349
157507
84573
75134
116916
64506
29333
6397
78713
74042
50321
178322
203100
178322
96040
74042
52339
50321
127563
227587
178322
160991
50321
139224
64506
277136
64506
143540
57271
119398
64506
115339
57271
67063
232058
241092
127563
208080
114385
265348
152490
267782
152490
267782
267782
9232
57640
226962
3448
178322
57640
267924
287751
277136
178322
102478
14499
54470
227587
183336
68950
178322
54470
41840
8475
9232
157507
53415
172828
16563
219166
114766
8475
277965
226962
186794
127563
57271
186794
43462
284688
57271
245873
79320
173701
43462
57271
173701
178322
43462
99676
226962
162756
129600
152095
225498
256252
151146
8475
99676
152095
147802
51925
283606
225498
55565
3448
238408
281859
157967
16563
159015
66945
15118
80965
249794
74346
8475
277965
139224
139224
139224
177691
263247
142532
3448
3448
139224
254452
55565
15118
19169
19169
203560
205573
3448
80965
9232
226962
80965
31394
229465
267782
108600
289173
150427
87488
150427
21115
80965
21115
157507
3448
3448
234310
139224
245873
186794
186794
80965
28470
163170
35777
245873
21115
89038
132043
43534
100401
248808
28470
248808
15721
28470
205128
277965
56329
157507
58798
283780
28821
16638
115339
159015
169126
195842
169126
277965
28470
229465
9232
3448
248808
180188
206980
8475
289173
238728
245873
31020
127563
77825
228920
8475
14874
36751
128334
256252
202969
204290
248808
157967
160991
254452
245873
294860
3448
145840
99003
136800
3448
248808
182559
3448
109097
143813
19918
41569
191082
191082
183745
191082
191082
256252
186794
120157
245873
120157
245873
120157
186794
186794
120157
204904
204904
6156
71901
157967
245873
253277
253277
120157
271526
120157
93324
74048
74048
133112
3448
3448
169126
74048
99003
293134
245873
283780
245873
204904
28821
186794
186794
245873
254479
245873
245873
66087
193672
239891
112197
1563
289017
15118
15118
289017
15118
254783
254479
43061
216444
89580
242733
186794
204904
161822
245873
124526
167464
54470
147702
286530
127882
167464
127882
54470
190380
256252
257364
178322
204904
255162
256895
178322
266977
254783
180215
161822
256252
183745
99061
236731
248808
255162
273778
12513
159016
257364
257364
41840
105307
125741
146533
146533
15118
150989
125741
39109
125741
41840
121763
254783
254783
105307
45936
40635
40635
257808
40635
256252
235161
235161
146930
235161
291720
235161
146533
191082
191082
136800
191082
191082
41840
160991
191082
125827
100042
196739
134769
134769
17518
235161
267782
235161
122032
191082
225656
5980
157121
157121
84573
191082
267782
110427
147802
177151
80238
169126
235161
235161
235161
235161
7800
110427
289017
289017
188412
17518
8475
17518
169126
191082
136800
191082
59959
235161
59959
67572
271761
256252
233705
269173
25783
255162
289187
172828
248808
115564
232716
177388
232716
232716
40635
241364
235161
7736
191082
15504
235161
15504
254783
254783
245873
248808
184804
125741
235161
232716
235161
247128
7736
7736
98904
153762
114385
233705
246093
295846
120157
249794
25783
264591
3448
3448
97190
15118
238728
77660
257275
238728
54470
36751
133221
36751
214850
238728
102708
238728
102708
238728
7736
235161
235161
134689
192133
236197
167464
235161
192156
191082
278075
55354
295675
232430
114385
295675
55354
269173
114385
115015
191082
164484
244356
244356
38380
244356
175225
191082
206177
15118
7736
51627
25783
191082
75094
3666
294860
250087
214850
269173
181419
239640
250087
239640
132805
202772
45625
235161
250087
146930
250087
256895
34668
3448
23842
41564
7736
7736
250087
232430
145093
152892
295207
38380
143074
214850
202969
164937
214850
143074
143074
204598
273448
38380
250087
45625
269173
229465
255532
256895
50709
50709
145093
123407
145093
277239
277239
175225
255532
254766
256895
175225
192998
134223
114385
112385
113982
138636
164937
277474
277474
239640
269856
277239
255532
259039
269173
214850
269173
152017
239640
56830
197802
61131
250087
70929
44749
12708
197428
76231
256895
293819
246977
47114
279706
152017
105307
259039
202969
259039
133112
146930
50709
260621
260621
250087
3666
50709
255532
214850
255532
241238
146930
108640
6864
256895
241238
255532
214850
97787
62221
138636
259665
38380
256895
224635
224635
129082
50709
122781
62400
122781
235009
280426
255532
42325
246977
39283
122781
256895
105307
134989
256895
21732
256895
55354
256895
249137
103607
38380
19918
229421
167512
70724
256895
260621
70724
181419
181419
133112
181419
256252
67683
254479
50321
256895
242733
214850
181419
256252
260621
256895
216444
256252
68748
97522
266186
256895
255997
235161
70724
67683
214850
235161
38380
256252
3666
259325
29333
256252
244643
235161
189099
1563
152017
254783
29333
237411
260621
289973
167512
260621
167512
235161
277239
216493
47078
289017
9232
9232
143074
260621
114159
271526
179661
120157
187643
151979
120157
27826
42582
45094
269856
51041
224192
79580
62400
114573
79580
93003
285411
213876
108600
108600
246977
257574
66138
255532
285411
244328
97787
51522
90283
136837
188432
40635
269856
269856
2343
70724
266966
143074
163355
143074
255263
208078
136837
231848
272281
207884
236904
245873
254298
289017
151979
29044
152334
216444
216444
285843
269856
269856
56787
289187
113234
40384
136837
137047
196080
207425
269173
21732
199495
143074
25783
25783
112582
112582
70724
216444
255532
136837
136837
223880
225597
97911
113982
29333
223880
223880
62221
146930
146930
259325
188432
197334
216444
216444
259325
96040
259325
96040
216444
25783
259325
132120
259325
167512
259325
152334
248993
248993
217526
205128
216444
279826
136837
279826
132517
279826
97787
132517
259039
201788
287501
259039
80965
188432
198437
287501
79959
292987
216493
292987
27390
264591
205935
79580
79959
99003
146930
114159
132517
198437
133874
82925
82925
256895
260362
21732
90283
109068
259325
130673
147702
146930
143644
21732
103508
103508
244542
103508
52199
42393
271526
19918
19918
292987
292987
76208
12234
188432
277181
62221
198437
259039
12658
259039
293365
293365
259039
147702
147702
198437
161716
175225
223318
259039
62221
147702
61000
226276
61000
115974
226276
113982
31411
74048
74048
226276
257278
82925
74048
82925
82925
74048
189450
147702
61000
61000
61000
74048
198437
66945
161716
161716
248993
82925
143074
74048
275868
82925
189450
216493
247128
195436
254783
139021
235009
198437
9230
28884
225709
271292
168491
256425
195436
280433
268022
223880
82925
247128
82925
216444
82925
158528
73518
29333
262984
1563
45324
161716
25783
143813
63922
277179
231848
261683
280433
280433
163534
163534
82925
192200
57567
254783
57567
45324
205290
205290
45324
82925
82925
40652
258563
2896
189450
80691
180661
172449
180661
167512
224672
57567
136356
57567
57567
50635
167512
140804
140804
35993
296395
251880
259887
140804
204598
83136
259887
180661
139747
189450
205290
189450
159152
277474
88992
82925
82925
259039
259039
88992
88992
88992
36016
88992
278369
193495
122781
1563
159152
8512
170431
72838
65089
72838
88992
28884
72838
72838
259887
69405
28884
175225
189450
292987
82925
168908
189450
188432
240505
83136
256765
220967
12749
189450
256895
256895
175225
31357
294860
96411
189450
153762
83136
220967
153762
153762
268022
83136
105487
175225
105487
220967
163355
84160
289825
167826
256765
282703
133874
282703
284581
284581
167826
268022
279883
220967
245873
19169
163355
83136
257522
220967
43605
66995
257522
268295
189450
259887
2896
28884
256765
284581
284581
73981
268022
73981
145093
279883
121763
153762
268022
210921
210921
139107
210921
201226
254956
193495
259325
25783
258596
291250
105855
280433
239148
239148
40635
168908
172449
163534
210921
132517
210921
296619
284581
210921
284581
214336
108600
103051
189450
40635
183253
103051
28884
40635
168908
107591
163689
50713
172449
28884
28884
152334
73981
27441
245873
40635
40635
257808
175225
142338
89354
161673
216444
28884
40635
248993
73981
257808
248993
91282
257808
168908
130308
140161
205128
88405
277268
141744
143540
189450
230190
193495
259325
201226
130308
193495
284227
193495
157266
193495
130308
57567
9974
134223
108600
103051
151979
14744
277268
67462
70043
3448
133874
12749
108600
230190
219007
108600
183869
143540
168908
232713
232247
232247
168908
204718
162090
40635
141744
143540
232713
230190
126796
276383
76208
93325
198724
105487
230190
136075
25783
40635
73981
263280
232247
73981
151979
155373
47078
79959
79959
107816
76094
162090
136075
178837
120157
40635
136075
143540
283458
175225
175225
242733
189450
204378
151979
40635
107591
123499
151132
161484
235009
235009
136075
44400
282703
781
80671
781
117504
168908
3448
3448
40635
162090
162090
40635
40635
94101
3448
231848
44400
44400
258986
268022
117504
225400
271787
207662
117504
207662
61107
237100
237100
117504
151979
133926
237100
134951
151979
278369
163355
194887
194887
13636
194887
141744
194887
263275
183927
210703
294489
58674
151979
130308
130308
151979
69936
49795
133926
107816
223318
20827
134223
97911
134951
232713
225400
151979
192998
192998
151979
134951
192998
231685
177979
151979
218693
191082
117504
152613
44403
127882
15540
15540
216294
216294
151979
108600
216294
15540
152493
230190
127882
151979
230388
224462
225400
781
151979
151979
272045
291427
177979
236731
224462
224462
289825
291427
291427
49098
205290
93324
179661
117504
15540
233250
214691
232247
277474
101356
49098
15540
49098
49098
205290
111831
221441
172850
273894
781
62386
227587
152493
53752
12749
151979
243253
243253
152493
53409
43605
178322
223318
223318
53752
223318
184244
251880
191082
49098
781
221441
210550
117504
117504
104608
49098
66882
49098
781
185638
66087
279468
143893
152613
98843
291250
117504
287571
98843
245873
210550
91077
167826
97787
191082
273894
278369
117504
137014
47078
178172
117504
117504
97787
122446
4874
167826
201788
189827
147930
162281
205290
167826
189827
237100
78055
108640
249635
78055
108640
244328
189450
224462
164484
172449
207662
63922
205290
189450
99385
189450
92324
194331
181469
194331
151979
181469
194331
108640
113356
286407
280617
99421
99421
256252
157516
15984
280617
16563
97787
97787
114159
291250
216444
13219
93455
177979
222817
151979
73156
73156
279826
97787
66087
69263
98843
186235
177979
151979
256252
97787
186235
177979
117504
177979
212335
33181
223318
205525
240965
280617
205290
205290
236731
205290
236731
232247
232247
232247
236731
108640
117504
36016
151979
36016
285324
173701
98843
63922
36016
205290
14463
225346
98843
139107
235161
246676
74506
256252
223318
215235
236731
225346
33279
235009
98843
98843
235009
97911
246676
191082
191082
178669
45442
240734
157266
240734
236731
240734
98843
15540
241834
33279
33279
234759
296728
33279
76094
73156
127882
256252
23381
19020
159690
235009
92324
240734
223318
255363
240734
72171
240734
146217
240734
19020
19020
240734
240734
190014
255532
246676
146839
212335
163355
53409
163355
53409
31354
39719
97911
31354
253277
127882
152689
72171
29486
29486
195648
172449
83312
1214
182270
20827
164484
69615
250620
250620
53409
205290
29486
29486
146217
146217
146217
132737
246676
189450
174186
218693
1183
132737
223318
146217
174083
235009
258363
258363
197951
190014
284582
190014
92435
181218
249794
169264
89723
53409
95754
80691
163355
29486
163355
97911
231060
58046
29486
62404
31354
97911
36016
47158
170066
249794
223318
249794
72171
72171
184971
222805
72171
31354
15540
249794
249794
31354
249794
134951
37129
152689
132737
96040
223318
184971
97911
36016
186145
191082
249794
132737
72171
134951
152689
72171
31354
15540
31354
72171
164168
164168
72171
231848
96040
256765
31354
208986
72171
20827
20827
95691
152689
127882
29486
72171
111831
134951
256765
186145
235009
140152
235009
190014
190014
249794
135173
140152
236731
223318
223318
236731
72171
183371
132737
254061
191082
15540
246526
256765
134951
72171
148296
72171
190014
259665
72171
198666
190014
169119
97911
72171
215027
72171
180661
118950
1317
254766
51600
215027
236731
72296
72171
71901
182212
72171
262984
5406
71901
111831
123185
74727
215027
179661
31354
31354
72171
177719
240034
1446
236731
31354
250254
43605
31354
207662
133926
218693
245873
33401
161123
53409
53409
27008
27008
174455
174455
206334
250254
27008
250254
132517
279216
133939
152883
87210
42016
31354
260741
188438
292471
91335
123955
238294
260645
233798
250254
123955
204598
204598
76231
142514
93391
250254
42901
207662
8979
250254
233798
233798
212788
233798
233798
204598
277151
250254
223318
222817
279216
77833
238294
291250
19585
233798
238294
233798
98039
91090
80691
191082
74727
238294
218693
134951
209111
158253
1214
53409
13219
97911
212335
144212
212335
133874
111831
293559
117145
222817
283814
208572
224462
230263
35284
238294
257522
111831
240734
159471
73239
38862
53409
186909
53409
111831
207662
53409
250254
106214
142514
105307
152334
105307
105619
186909
111831
123955
71184
114652
177719
105619
157130
204598
142514
208572
233250
218693
218693
218693
250254
97911
166114
140152
136075
208572
140152
145752
145752
16159
208572
29486
145752
246556
131837
285324
243677
218693
218693
286467
97911
286467
173320
129290
195554
195554
254590
144212
292471
118144
142514
159431
216169
89495
105619
40635
195554
285226
129854
288650
254590
2896
184971
2896
175300
145752
43605
150373
100980
138376
2896
250254
59759
92383
2896
72187
296728
33561
263795
243677
288650
278144
48066
224658
45908
278144
63482
2896
250254
140152
278144
36016
175300
278144
243677
211144
35063
288650
111294
254766
278144
211144
211144
278144
145752
91077
260741
73981
279915
288650
288650
105307
260741
129182
279915
129182
129182
184850
2896
74868
74868
74868
260741
243677
260741
107722
245968
243677
243677
243677
155329
169749
63922
189450
173320
40221
116510
2896
91657
152334
160466
243677
243677
159431
145752
212151
238294
74868
111294
111294
228366
173320
225346
254590
111294
278144
4317
123751
193210
155329
155329
193210
155329
193210
80691
169749
189214
256252
134639
134639
50709
169749
10772
136075
2896
256252
2896
173320
256252
223318
186708
105619
173320
111294
64661
256252
296728
155329
123955
225597
209070
10893
146321
5406
245305
25455
268711
188438
188438
268711
245968
268711
42325
245305
35063
146217
152334
206408
195525
276955
74868
74868
245305
114067
114067
219765
208572
235009
250254
256252
159431
245305
146217
146217
182407
35063
35063
254956
198600
35063
245305
4958
35063
4958
163776
4958
192650
187736
169749
31354
33561
56363
119364
96588
254956
238294
193210
255490
238294
254956
70907
146217
246818
198600
254956
205508
225346
45324
242247
146217
225346
296728
193210
293365
216169
254956
105487
50709
5750
198600
91077
254956
158680
158680
146217
57567
254956
178669
141220
2896
254956
117822
220849
117822
220849
258563
18221
198600
220849
220849
36751
117822
74868
2896
219019
256252
198600
277430
141143
141143
258563
63482
47078
242184
141558
57567
206334
206334
57567
242777
242777
202975
242184
2896
268711
254590
216169
268711
208230
268711
208230
268711
186708
119364
231848
231848
231848
198600
198600
258563
198600
239148
157947
157947
106125
220849
157947
146186
242321
74868
74868
234310
74868
258563
72171
258563
246818
146217
106125
33181
33561
148296
106125
239148
106125
258563
153786
224255
74868
238294
278438
238294
76231
176965
238294
111294
245873
263795
80691
104994
146217
106125
194435
104994
194435
260741
155531
259665
74868
194435
198600
293551
136316
197652
220967
90496
4958
153380
238294
38644
104994
104994
38644
104994
74868
153380
104994
170700
74868
104994
153380
238294
249794
169945
117822
201226
104994
153380
219756
254956
187032
74868
296728
296728
86743
80691
176312
236607
293365
4958
178669
236607
198666
8422
265524
238294
153380
49987
74868
49987
49987
74868
220967
49987
153380
257522
74868
153380
482
192670
153380
254956
258563
40907
2896
40907
153380
192670
63482
52151
275689
249794
69615
153380
49987
114212
114212
60974
274330
49987
249426
278144
254956
156121
225656
63482
139324
165319
74868
192313
153380
153380
192313
2896
69615
49987
86743
119382
119382
153380
69615
153380
153380
5661
187032
74868
119364
49987
49987
886
79572
79572
79572
5661
240735
76231
192670
31317
153380
153380
74868
69615
74868
94146
79572
79572
886
198600
153380
224485
107722
265750
5661
106125
110953
208080
101183
110305
158620
245753
216169
886
886
216169
188438
42802
257278
243225
5661
216169
278144
136986
197652
231031
148713
253252
38644
213504
275689
278144
886
46806
249794
111294
5661
115766
2450
93727
108346
213504
16563
111294
169154
38644
38644
93727
149141
259887
121586
256577
164743
249794
232268
247341
37408
226994
275689
111294
44216
44216
82280
119382
119382
131231
38644
70761
119382
7736
119382
253252
142981
63482
142090
294173
129182
79572
213753
79572
129182
79572
213504
147946
213504
26523
219019
43605
244643
213504
129182
177719
129182
253252
294173
213504
213504
129182
178669
111294
213504
178669
63482
219019
129182
129182
253252
219019
115766
86326
142981
213504
142981
219019
45324
281409
45324
245873
89723
213504
115766
213504
35854
82280
15040
266068
79572
129182
115766
12228
269430
222805
33181
11667
115766
151619
151619
129182
281409
2355
145752
191858
134400
115766
219019
219019
115766
38379
115766
82280
208230
208230
276182
86326
270464
12228
15721
129182
250254
123751
57567
250254
63482
253304
123751
123751
165319
95706
254590
228366
73981
166207
31354
115766
256252
106125
173822
123751
46757
123751
210703
166207
125360
173822
166207
254590
278442
166207
166207
197209
253304
114335
86326
121222
166207
278442
86326
32118
60974
276383
265823
63482
259665
14248
231180
142981
296124
193892
259665
149141
31354
127516
86326
79572
124077
173822
95706
26523
95706
240735
160382
66511
191082
282241
256252
166207
31354
75453
284862
173822
129182
285411
2896
254216
16260
278442
278442
226994
278442
35813
95706
226994
95706
35813
38862
270912
149411
36751
114159
278442
193965
41965
228127
219019
249426
249426
42419
38862
95706
38862
127516
19806
173822
19806
31354
144641
56831
31354
32118
144641
31354
144641
259665
24234
13636
95706
219101
212267
104045
223327
192891
259665
151619
259665
277005
259665
138376
277005
262642
225346
133695
212151
69106
141558
130308
57567
103815
139107
5406
31357
212151
149141
259665
213753
19806
139107
5406
5406
96373
258281
19806
176312
19806
79325
79325
260210
19806
151884
19806
253777
178669
212151
139107
114159
38862
142514
38862
173822
109717
142981
250254
134960
184850
184850
134960
89495
117895
162960
5406
135539
19806
284862
19806
259665
212151
140152
212151
212151
199511
224017
52608
212151
199511
270326
212151
188438
212151
141558
212151
212151
11667
117145
245305
213753
200132
66087
259665
212151
250254
212151
95706
278438
93601
162960
259665
95706
162960
265040
209149
76231
209149
76231
76231
121878
36016
141558
95706
245873
36016
121878
149141
280305
139107
200132
189993
109717
277005
134960
243677
130447
66087
97787
162960
140152
139107
257522
280305
280305
280305
201104
92378
144964
255970
227623
245873
245873
15049
209149
162960
121878
144964
280305
139107
109717
144342
144342
144342
38862
121878
227563
139107
2896
161737
2896
2896
161737
179061
220036
278442
227563
250079
255970
14911
199511
151619
73458
97990
146449
280833
178669
210703
254216
210703
112925
210703
256406
139107
42419
258144
178669
258144
144342
49987
49987
227563
12683
260526
69798
141558
141558
1808
294366
258144
23059
278442
278442
278442
141558
188438
188438
141558
4958
4958
139107
188438
56831
67572
42495
139107
198344
30167
4958
278442
161737
161737
278442
158253
134639
296442
167512
140152
141558
121878
167512
204378
295169
151636
295169
183315
171610
134223
51972
259956
76141
76141
282827
255970
140152
139107
42419
183315
258281
127338
258281
51972
183315
278442
278442
212335
207177
204598
250079
50810
184460
184460
41475
184460
220055
62717
140152
140152
58360
224052
90942
11667
121878
28130
19793
144291
19793
22305
140152
250079
278442
213753
184460
142981
184460
140152
121878
121878
140152
144291
42419
134223
278442
109717
184460
42016
184460
106125
22305
22305
22305
278442
169945
184460
259956
224052
80705
36896
22305
46541
49987
49987
142981
16563
90942
242042
142981
16563
140488
242042
16563
243677
245873
102796
90942
159041
159041
90942
120776
211743
122834
134639
3036
22305
245873
211743
90942
64308
213753
119382
42419
209776
62717
41965
255467
255467
90942
22305
245873
62509
41965
134639
49987
50810
62717
14911
278442
73458
41965
259665
121878
118168
282241
250490
119401
245873
6097
120776
73333
260912
36896
141558
73458
286407
141558
90942
119401
78775
153090
278442
269856
269856
286407
286407
17817
232194
92435
42419
22305
41170
90942
150757
147557
286407
22305
183927
268050
183927
22305
286407
131837
211743
39109
119401
183927
183195
183762
137179
187032
250079
243286
61609
56741
211743
150757
61609
61609
39121
183927
183927
98660
41965
41965
98660
286774
54457
221010
91077
203640
286407
259701
286407
286407
211743
286407
221010
221010
199511
256960
221010
139969
221010
109717
22305
173377
183927
296124
56592
256960
73660
256960
256960
221010
73660
221010
225346
222411
42495
42495
222411
186984
210703
53877
211743
186984
261191
221010
35163
221010
259701
130965
42419
261191
42419
261191
261191
42419
62028
250620
62028
256960
63636
42419
63636
150757
256960
150757
96040
91077
70076
73458
73458
91077
91077
8547
150757
256960
126895
92846
126895
185961
141417
126895
256960
150757
150757
239654
150757
239654
138376
170740
170740
16638
170740
91077
170740
199511
223869
4394
221010
114029
250620
184460
256453
3363
200132
63532
102876
245873
42495
96040
150500
183195
42495
36760
204378
56741
112874
36913
4394
186984
104045
4394
150580
33279
53741
96040
36913
184460
36913
36913
60874
49098
98455
186984
220763
208080
106501
248251
54457
135539
255467
250620
114029
96040
36913
131837
150580
161716
232194
254452
54457
208080
73458
186984
241686
73458
113478
73458
170740
15379
291370
195554
13636
3557
158494
172449
170740
56741
829
83289
232194
258144
172449
184460
36913
258144
109717
250620
193652
63532
73660
73660
184460
83289
63532
198666
113478
84541
198666
191550
250620
240218
232194
250620
186708
232194
158494
240218
250620
31384
240218
200132
200132
250620
42495
183315
120889
258563
208080
124923
160117
134639
267782
160117
160117
134639
212162
164743
193652
109717
250620
222411
31384
120889
198666
31384
109717
198666
219054
160117
160117
235161
114159
191440
222411
198666
63636
63636
84541
267855
191865
109555
156318
156318
156318
60974
172888
257278
114029
160117
109555
63636
15268
235161
96411
110782
125886
109717
158494
113155
158494
109717
267221
267221
168860
283730
139969
63636
225817
31384
31384
253119
162827
249066
45122
139969
139969
96040
158494
37408
203478
259276
95706
134639
56741
210735
13604
259276
226132
56741
70238
278442
31384
41965
226111
84541
92435
56741
268799
173377
119364
90942
12658
212989
232365
43534
225940
226111
167333
95057
214972
113478
208080
208080
78775
257275
47078
208080
259276
173377
173377
259276
259276
113478
200132
197053
263871
158494
158494
158494
168860
287260
212565
138107
172888
211813
228686
235161
166248
197053
197053
42900
150152
293551
293551
172022
200132
200132
243225
134400
173377
243225
197053
64308
296287
287722
296287
166248
197053
173377
243677
296287
173377
243677
47078
254061
267990
296287
287722
186708
200132
186708
257522
200132
267990
115528
296287
296287
60181
60181
267990
21135
66962
233783
233783
233783
25847
166248
12228
60181
19802
286407
243225
572
296287
296287
181434
25847
259665
257275
199630
255034
62509
236888
296287
101106
53304
138376
268022
138376
119808
162090
197053
292606
243225
236888
73981
254590
53254
56657
162090
292606
228811
228811
296287
233783
53254
150745
168262
233783
220967
173377
151521
184460
243225
56657
200132
114159
32118
114159
282827
243225
25847
184460
114029
114029
236888
243225
28130
168060
257428
110002
293741
138269
220558
102796
114029
114029
102796
114029
32621
114029
102796
233783
233783
21135
25847
33912
243225
150745
158494
147327
197873
138376
224052
189827
176578
119808
119808
119808
21135
167334
287260
281234
62028
242042
113478
135539
175608
210703
278343
210703
113478
114029
235161
263871
242042
243225
113478
113478
242042
172484
150500
113478
215774
175608
29788
114029
114029
32621
147327
215774
215774
147327
147327
114029
82125
57514
147327
281234
175608
11140
228811
255610
281234
162090
181452
181452
19806
166961
147327
19945
222951
210703
191365
228811
113478
255610
62028
201358
113478
113478
113478
150745
242042
16563
140804
210703
173492
117822
255610
243253
51296
213013
175608
114029
114029
255610
201358
234813
234813
162605
149237
243253
191003
100764
203863
210703
293551
31384
21135
210703
23618
278442
145932
228811
177719
210703
210703
77981
290150
210703
77981
16358
16358
248288
16358
102876
294938
294938
255610
294938
107634
149162
294938
140025
210703
78502
210703
19497
172022
195453
242042
242042
242042
242042
294938
210703
242042
294938
176578
176578
260018
240735
259665
200894
141744
241457
273244
186708
12421
181918
210703
294938
210703
2355
54457
4168
54457
260018
294938
210703
294938
210703
151290
54457
294938
54457
43534
54457
43534
90715
90715
43534
4168
9233
186984
172888
235161
4204
4168
54457
294938
227563
220745
116084
294938
113478
21300
260018
208080
54457
69388
168060
167334
168060
4168
4204
167334
243225
22061
210703
22061
71546
4204
183927
183927
4168
282506
183927
263871
4204
90715
117822
22266
243677
22266
189899
212565
17675
273115
4204
187643
187643
295756
125094
280751
268799
126895
85682
228811
8864
53752
4168
59578
102796
102796
22061
89411
187643
105465
95993
113478
4776
250620
250620
184460
153052
168908
235161
206283
39385
187643
4204
250088
250088
240218
72207
168060
265200
168060
4204
113478
4204
78775
4204
91167
4204
4204
12029
93919
109176
76141
161607
257253
168060
94558
94558
133112
273244
4204
4776
268050
146698
39385
39385
115339
23695
57210
57210
189260
256453
4204
153052
244328
235161
47078
4204
4204
4204
186984
228127
7736
161607
68654
256453
115339
255055
168060
168060
4204
4204
4204
283963
167334
198088
196589
156441
283963
184460
47078
144964
108211
144964
235034
78775
113478
50693
29466
208080
133112
208080
53234
72207
7557
244328
266314
266298
222411
255055
222411
50693
192998
78146
244328
186984
50693
250620
125094
114029
161607
233982
62409
244328
244328
244328
159041
186984
159041
259665
62409
259665
160724
184460
4204
4031
215489
50693
66798
269280
296442
81198
32118
236607
175764
29466
104980
104980
28130
91167
20741
86198
20741
86917
168262
168262
212565
168262
168262
212565
125094
8864
20741
296442
58046
175764
212565
20741
20741
23679
55871
89886
192200
117822
210703
282250
127899
59338
17433
57210
186984
215235
53254
256577
281234
25022
210703
50693
77065
225817
198088
20741
76141
133484
210703
25022
76141
25022
76141
21135
198088
235161
13174
186984
215489
76141
57210
198088
98843
98843
57210
260018
57210
134840
57210
255055
167885
86198
236575
212565
57210
270326
38992
296442
294938
168908
186984
186984
55622
144964
212565
57210
86198
57210
168908
212565
168908
186984
91679
175608
115339
252407
184460
190921
252407
73564
120776
73564
175608
260221
260383
186984
256577
57210
18537
66223
168908
134901
114499
23679
30151
70154
78775
113478
165060
113478
9177
115339
250620
186984
184460
102708
102708
102708
218849
144964
102708
120776
102708
102708
144964
162270
188179
113478
166663
50693
115339
119382
188179
228632
254216
212565
50713
50713
115339
147488
41965
69115
186984
184460
203600
113478
176628
78775
236575
78775
286108
113478
176628
212565
126780
176628
296728
176628
296728
176628
296728
114029
144248
176628
38992
30151
246565
4958
9177
76141
42419
57210
42419
120776
176628
204477
261384
283430
261384
125190
176628
192998
140830
192998
39706
140830
125190
122377
184460
184460
221489
126780
126903
126780
206032
206032
173605
54843
186984
102708
38992
186984
186984
214254
38992
186984
212565
274964
144964
186984
186984
101888
113202
221489
58289
240534
113478
144248
240534
114966
227926
55871
193839
12029
246565
296728
9177
296728
97087
41135
22331
93607
1474
277679
268711
195229
186984
75418
272577
240300
80180
78775
266816
186984
140830
40838
140830
140830
195229
195229
136581
186984
261758
184460
102708
161149
201358
10178
236575
221489
221489
147085
38992
186984
146482
268711
184468
220745
10178
10178
156762
134901
10178
47078
197007
10178
10178
4776
134960
13174
10178
225817
4776
221489
183195
186984
183195
183195
183195
203600
268711
3037
268711
192993
59338
192993
242042
182559
127353
265200
283963
186984
82181
47078
286108
203600
268711
268711
113932
113932
12421
78309
149141
195055
195055
279986
29281
193740
144298
136581
41075
135585
173444
214254
214254
267402
193740
176628
192993
233482
150916
902
286108
268711
44677
186984
128109
279986
186984
122377
36382
286108
212565
61478
256960
119382
116291
265200
186984
63636
286108
113932
281234
212565
186984
215915
41075
182936
206755
61478
166891
225817
225817
259665
136581
53894
225817
227926
285609
161826
161085
286108
227926
227926
23695
9177
135585
36382
186984
113932
85943
251744
127353
127142
161085
161085
134960
199428
251744
283811
164107
227926
88186
220745
248604
248604
251744
223720
220745
150916
238154
251744
197438
221440
186984
212565
215915
117822
117822
171716
171716
43786
171716
168060
295756
259665
161776
37396
251833
112071
112071
256960
180130
112071
180845
256960
191114
177460
197438
177460
154487
144964
81380
81380
81380
81380
144964
144964
259665
91657
113202
144964
179394
220745
218294
176628
246409
144964
144964
144964
218294
25555
81380
251833
54226
220036
195525
25555
144964
113202
144964
246409
186984
213778
144964
245925
220745
159783
159783
171716
81515
164107
135744
213778
206853
159783
259665
82830
159783
259665
254395
107896
29281
33912
107896
113202
107896
44400
220745
136226
259665
252407
213778
213778
213778
107896
113202
141961
274811
259665
161085
154487
263676
29102
292563
213778
107896
161085
189260
11012
107896
149124
112071
82830
136226
203600
149124
11012
29102
42802
171716
33912
85119
274811
171716
119382
296541
46119
186984
203600
112071
112071
189260
206853
47078
140830
186448
71986
67135
85119
273353
67135
251077
82830
182936
237787
262779
90715
206755
6397
85682
259665
215407
136226
117822
33926
51940
17908
134960
177321
4958
90715
175608
82830
97905
116084
193287
256960
189260
256960
189260
256960
136226
119433
104327
212565
33912
89324
90715
274811
248338
249192
107896
107896
274811
118950
266314
171716
178323
4958
176578
119902
119902
11934
20741
151132
209646
131382
182916
28130
123672
172973
278490
114067
259665
178323
184460
127800
172973
243677
172973
187397
278490
149141
30289
61449
117822
96373
175608
149141
97911
186984
26141
159363
212565
71986
92378
154487
223432
149141
271974
271974
271974
92541
157195
265200
220745
271974
90715
259665
161085
259665
186984
97911
186984
186984
255162
271974
97911
285923
153380
285923
49735
38992
161085
271974
176578
6397
151290
13604
97911
45859
271974
17817
267402
267402
259727
41965
251623
6397
271974
45859
3785
259665
225900
259665
259665
259665
32621
10178
10178
242777
14359
14359
21628
88186
38992
171716
259665
259727
180130
220055
261778
90086
196024
267402
20741
171716
16093
259665
119382
61478
61478
279986
20741
134960
171716
134960
171716
5145
86205
259665
24992
5145
159363
61478
61478
149141
168060
220055
19497
256577
171716
256577
53825
186984
21628
116084
82830
44400
119382
87573
151006
235161
181380
19497
43434
63651
171716
44400
228054
135585
282235
18657
19497
18657
19497
44400
44400
68244
119382
129321
282674
104956
178323
181380
295092
178323
294300
186984
5145
43434
157193
126780
5145
43434
43434
119382
13604
43434
286108
181434
129321
228884
29102
181434
178323
277184
294300
38992
43434
38992
118684
190921
181434
265326
129321
204904
153420
186984
192993
69106
294300
212947
34843
294300
69106
119382
1474
13604
295092
265200
17817
251833
235161
296541
77065
235161
168548
69106
210367
210367
134960
69106
168548
235161
168548
69106
231449
16563
282235
119382
18657
138049
17817
248276
296541
212947
163024
120308
219185
260912
33912
98681
33912
251902
251902
235161
235161
28166
80705
239654
117822
59273
194597
194597
210367
194597
194597
54061
147085
103377
136271
260018
75593
210703
63610
91363
18657
18657
122377
235161
122377
63610
235161
106625
286407
267402
267402
267402
256960
36382
210703
36382
219185
117822
15049
54306
282241
107722
282241
282241
282241
255172
180257
275417
65970
255172
17895
210703
63523
13604
265560
235161
29548
235161
30206
235161
263941
136226
232910
235161
43434
259665
259665
82786
45859
151250
265326
235161
235161
146294
294300
164656
284879
259665
103728
190872
33912
33912
43786
119382
186708
119382
82786
210735
259665
82786
38380
260063
68885
259665
38992
82786
235161
271981
51296
259665
82786
82786
69106
106997
193899
82786
193899
82786
196024
153420
36370
78146
45859
63610
146896
18490
294927
256988
194597
194597
70814
294300
294300
39706
82786
186708
53825
38992
294927
82786
19945
28130
53825
38992
38992
38992
259665
38992
1563
196024
86198
196024
117822
199511
245777
78702
54306
162298
82786
54306
199511
118421
54306
63610
259665
197965
262711
135585
262711
90715
294300
118421
194597
177151
294300
90715
36370
193899
256988
294300
186448
82786
194597
200064
194597
113594
200064
225400
38992
38992
259665
4204
253322
259665
78702
216278
185364
215407
119364
79673
262711
262711
173377
79673
116820
78702
196024
38372
259665
38372
267782
259665
38372
216278
259665
38372
97911
259665
265200
18490
259665
229226
259665
286753
259665
259665
38992
183561
176628
9892
259665
259665
17817
144470
144470
82786
36609
177960
38372
164743
271981
95100
70238
135585
49
177960
183450
47250
144470
19938
70238
242777
98492
125517
196024
196024
177151
196024
177151
107896
125517
98492
164743
98492
183561
98492
282827
212415
144470
144470
144470
196024
62327
186708
46655
46655
19945
133272
144470
17817
144470
223432
294173
296287
19945
196024
21628
294300
29102
21628
36609
98492
224779
90354
19945
54306
149141
19945
96111
19945
25293
223432
259665
98492
73492
214555
214932
239201
61478
36609
36609
138320
294740
135744
135744
96111
251526
196024
25293
104980
219185
114159
82241
186908
75384
46209
76314
223432
36510
185364
256988
256988
135585
78146
151957
96111
182163
219185
96111
197966
179394
89324
295888
78146
243225
228884
177151
163170
98492
96111
98492
18657
163170
163170
84868
219185
17817
135585
163170
98492
19291
211650
271027
271027
177151
167571
256577
273448
114159
242777
259665
209295
238617
96111
114159
114159
259665
259083
242777
114159
96111
24992
151290
46136
135585
151957
46209
151957
82786
259665
133851
135585
167935
46209
167935
220777
135585
153380
213267
201482
82786
82786
82786
94555
259665
219185
259665
244145
138376
100954
100954
119382
35926
160063
151290
135585
154641
20265
210703
111294
66087
66087
214846
66087
153380
135585
13150
224052
214846
156859
16147
246209
224052
36510
36510
132329
36510
132329
153380
259665
241683
180520
267782
133927
294173
179041
259665
25293
43986
214846
24171
269446
147488
87968
248592
248592
248592
214846
248592
20378
177151
235168
214846
250666
248592
248592
36510
214846
66087
117558
164656
90086
252746
213340
29561
82786
82891
96111
16147
255162
229226
90086
82786
229226
252746
82786
269446
20741
184460
46209
45859
197929
182163
252746
214846
214846
214846
82786
213340
68384
93831
68384
68384
65054
43786
38992
252746
96111
228811
93831
228811
182163
111294
49
140792
109324
111294
148428
139194
252746
6085
82786
45859
252746
87034
188600
190583
197929
55908
152667
151957
47440
152667
200266
33912
214846
87034
252746
87034
82786
135585
55908
87106
55908
47250
252746
47250
252746
252746
214846
107896
106125
197929
132329
121878
252022
227942
75384
89411
252746
278068
144470
271027
82786
197929
248592
248592
137402
78055
68295
137402
200064
144470
271981
87106
248993
87106
17906
205979
93831
17906
20037
20037
17906
184243
144470
224052
111492
48487
33912
257429
48487
274915
224052
224052
87968
281277
276390
37396
197929
259665
184243
193489
18657
182163
182163
82786
263660
38992
257348
135911
87968
119382
177960
153380
87034
18657
153380
144470
96111
241238
135051
118207
135051
25293
82786
135051
90085
135051
16159
220777
275234
17817
242777
103104
75384
193489
135051
85346
47250
275234
82241
96111
68295
135051
275234
250333
257348
275234
177960
275234
144470
275234
137402
137402
118207
224052
14818
215684
41135
82786
219019
82241
149700
271887
275234
248993
144470
193489
87968
149700
275234
275234
275234
92137
17817
213013
17817
118207
36370
251902
17817
80153
144470
14818
251902
82241
17817
47250
158494
45918
17817
45918
149700
87096
183561
82786
149700
28480
239428
251902
72724
281277
28480
14818
14818
118207
120308
128289
82786
15572
114159
294300
294300
17817
114159
17817
17817
294300
17817
80153
149700
114159
219019
119236
230363
224052
294300
245963
149700
14818
87968
87968
48487
119236
87968
19787
19787
87968
33191
87968
242777
242777
149700
278068
122538
114159
58532
96111
245963
87304
251902
205979
80153
275234
212158
156365
238617
85346
85346
47250
85346
139194
217045
122538
114159
14818
149700
135051
47250
149700
149700
87968
82786
88340
114159
186708
111492
87968
278381
107789
122538
43986
135744
82786
82786
82786
185961
221544
88340
17817
221544
221544
294458
221544
221544
142243
295050
119902
85346
144470
90086
85346
85346
85346
85346
281277
221544
36370
221544
281277
159783
221544
248993
221544
183927
183927
135585
13174
67156
16093
138242
87096
279711
110766
211121
182559
221544
221544
248993
221544
179394
278381
221544
248993
248993
221544
281277
159783
36370
37543
281277
37543
73166
254038
221544
214115
202673
202673
202673
19020
46655
46655
144470
118207
215127
183927
183927
8643
270043
270043
82786
183927
82786
183927
242777
138242
8643
89411
194951
89411
47250
245918
89411
147483
107722
294458
242777
135585
135585
183927
265415
217045
202673
200894
254038
254038
23793
23941
118207
161470
118207
48487
138376
1451
278381
206551
107722
206551
126286
159783
59862
202673
8643
159783
85346
12212
217045
217045
177960
202673
206551
206551
138376
162604
47250
38992
85346
270043
270043
202673
197929
270043
7557
221544
183927
154487
160063
159783
154487
154487
17817
67156
154487
154487
17817
243739
58046
17817
255169
154487
154487
19020
103607
24088
243739
202673
243739
219054
114159
270043
242777
58046
242777
20788
146449
58046
202673
248993
138376
129085
259665
43986
292162
33912
8643
92378
138376
138376
58046
202673
58046
185364
278381
154487
19291
154487
214846
20037
114159
20741
135585
254038
11934
58046
290644
248993
248993
8024
185364
8024
141378
39420
8024
135585
8024
243739
8024
47078
251447
114159
154487
88340
154487
243739
154487
70814
154487
88340
119236
83367
154487
154487
214846
119236
214846
119236
50517
179646
243739
243739
119236
69115
41930
154487
118408
8643
186448
76314
162072
209295
63651
242777
214846
282897
243739
263095
159783
254038
186909
264590
244442
38126
114159
162072
114159
263095
186708
214941
82786
179337
185364
164656
185364
277545
292687
292687
38992
277545
292687
185364
126286
69458
233798
177460
90085
18301
114159
24088
277545
295863
135585
109717
76314
277545
24088
76314
37543
217626
204166
55022
118408
214846
97911
185364
24088
214846
282241
17817
203591
159783
113155
214236
255904
214236
203591
159783
257348
184243
122377
203591
278612
203591
259122
68295
156570
214846
76314
193624
214846
278612
214846
235161
20741
76314
76314
114159
257348
259083
185364
97911
105302
249794
295863
97911
97911
201318
203591
201318
172484
201318
203591
203591
118168
185364
147466
2528
260912
249794
203591
249794
240876
114159
240876
10103
249794
203591
114159
167571
264336
219007
185364
41930
114159
38992
114159
63651
185364
257348
172484
250087
54160
16147
219007
76314
249794
183927
185364
257348
122435
235161
250087
190872
78702
7407
114159
114159
16147
142243
258631
5503
32763
190872
179965
104321
287454
263095
287454
105302
138376
189928
197929
189928
114159
81660
97911
97911
189928
28006
105302
97911
114159
97911
189928
269262
196810
201318
170300
118408
97911
149480
97911
97911
67406
23695
76314
168060
70475
188600
186708
117995
235161
114159
118408
235161
41930
288169
214846
184279
55022
251968
42593
42593
39706
235819
114159
114159
43313
230152
166212
38265
287538
41930
250087
235161
42593
144470
128133
138271
42593
97911
118408
138271
16992
138271
138271
138271
16992
16992
138271
76314
230152
149366
16992
200144
246209
76314
265560
124126
76314
58317
58317
201776
47511
114159
22855
118168
235161
98060
16665
16992
41170
97911
16750
97911
272803
235161
118408
259770
118408
73981
118408
51849
73981
23679
67019
97911
105302
97911
178669
101775
235919
97911
55022
28480
267001
118207
28480
263095
28480
118207
28480
28480
28480
13174
186708
154324
97911
73981
79821
79821
116084
281345
16665
17817
219007
151290
265560
97911
45918
97911
112845
235161
16665
192993
265560
104696
140372
235161
135585
245963
245963
138376
115532
97911
118329
265560
144834
144834
266387
170700
213641
265560
92137
265560
105302
265560
188438
265560
193740
197929
266387
267001
267001
97584
235591
97584
267001
92137
100512
267001
161865
263660
245189
55022
245189
183432
249794
18297
227926
112071
118408
112071
105302
18297
73162
251902
286108
122704
198156
244442
118329
258631
267001
27763
188438
90894
78775
215790
267001
267001
267001
198156
18297
165276
94555
68295
189260
128738
25123
193740
252746
193740
68295
255904
129968
115532
167935
153052
137503
70467
137503
94555
187736
198156
187736
187736
198156
137503
56202
193740
267001
224052
278514
153090
98085
138248
193624
106216
251902
90661
68295
235161
255055
278514
119382
68295
239654
287538
198156
268050
137503
238320
154161
135585
135842
144470
144470
84203
153090
153090
153090
198156
255055
154161
16665
144470
172880
114159
231831
222805
19200
265560
73981
278514
104696
278514
278514
198156
198156
248686
248686
112071
265200
248686
238320
248686
238320
238320
238320
267001
238320
187397
151290
137578
1740
151636
193740
147466
256163
201318
152017
193740
63651
76314
247128
247788
187579
156201
45918
45918
238320
238320
213025
213025
1203
153649
41075
248686
17817
1203
105302
16665
193740
248686
245225
170631
45918
170631
245225
102749
1203
163024
248686
94757
163024
200064
265560
282235
247128
1203
179965
252252
263095
252252
265560
102796
252252
256163
187736
181332
221866
252252
1203
170631
37718
267001
249384
265200
187642
151788
268057
127353
24909
179965
230804
76314
192723
154161
37718
247128
192723
120943
135585
247128
76314
247128
247128
247128
156201
138825
38153
38153
38153
94007
254479
247128
82789
273115
37718
4804
193740
127611
292687
127611
201318
192723
193740
36498
1203
192723
38372
202734
17355
1203
106997
251769
135585
121859
121859
1203
187642
37718
184315
37718
1203
37718
252252
37718
136226
292687
1203
156201
136226
156201
156201
265560
136226
90354
265560
218959
72207
267459
109684
157990
37718
266387
96784
157990
88828
121878
67348
274447
16665
67348
54776
108641
184315
281277
88828
73981
108641
60055
37718
281345
259524
193591
108641
193591
108641
254513
193591
278794
108641
1203
1203
1203
281277
88828
205979
205979
17817
174083
258281
277221
17817
277221
17817
287538
287538
232485
278794
205979
193591
81660
41075
205979
76314
169989
6880
13886
68295
265560
179965
257253
179965
136389
120575
76314
73198
179965
249794
47250
282235
88828
88828
235161
257253
17817
63087
38372
47250
25155
286108
41075
47250
249794
178233
249794
98415
249794
250087
184315
266887
211121
265560
282151
282151
17817
122377
249794
249794
249794
17817
263311
114810
179965
88507
156201
249794
227843
193591
39888
249794
245225
245225
197929
156201
265560
232485
193591
4034
68295
67348
281345
2546
2546
193591
103323
76314
68295
76314
126564
281345
154324
210703
158878
263566
282235
253322
120575
51849
41075
245225
156201
232485
141047
282235
156201
106625
272988
114029
156201
190354
76314
182513
193591
19584
28166
249794
19584
249794
17817
6880
109684
2546
76314
232485
114159
45918
45918
71550
205489
120575
149141
232910
120575
62532
83823
16665
78650
67348
67348
20378
276748
205999
67348
170449
120575
263311
186031
28166
284869
72027
173814
2546
120575
205999
205999
270917
88828
232910
235161
190028
203874
88507
296049
242195
242195
173814
120575
88507
117585
263311
277969
248993
267924
267990
267990
120575
73981
203874
203874
277221
17817
277221
211121
120575
20378
70907
240734
52151
63087
138825
256453
131910
186708
184315
193591
276748
193591
193591
185321
127973
20378
20378
20378
248787
116845
102861
118207
277221
240734
28166
58317
186031
20602
76314
202977
28166
121859
296395
233798
23799
184315
28166
29466
28166
295863
28166
148100
148100
20602
248787
134327
76314
4034
232910
103323
240734
120575
288511
20378
74041
285226
63940
103323
117585
28166
28166
108641
108641
108641
169169
29466
220055
29466
186341
120308
29466
29466
277221
120308
120308
148100
218129
232485
286796
120308
126657
120308
51813
76314
76314
11402
103323
70233
70907
257121
82338
23799
124923
16167
203874
20602
76314
148100
74041
19584
19584
70233
220339
205979
225597
76314
286796
186341
54158
205979
70233
229208
184460
100719
95285
206283
11402
213987
205979
115532
28166
3519
76314
183083
254185
187736
276748
136907
134327
20602
202734
28166
130788
292968
148100
147746
214336
264682
131794
241238
58008
28166
187736
281345
108337
108337
108337
281345
70233
70233
70233
182264
159355
242777
146930
127973
28166
108337
292968
187736
108337
249794
108337
277221
249794
148100
292968
259083
249794
293991
293991
293991
28166
255436
255436
255436
24909
255436
85082
218129
264336
28710
255436
210673
218129
241092
103104
76314
3519
292968
131794
248787
28166
125633
63940
292968
215132
68487
125
76314
127973
76314
76314
184788
125
2546
125
183303
240734
76314
141961
286796
36760
82951
88507
138825
227609
282897
76314
76314
184788
259665
138825
76314
138825
41282
138825
41282
282897
41282
282897
41282
248993
218121
153578
282897
2546
76314
91212
45512
292631
282897
258008
258182
258008
84203
76314
70233
199687
85082
125633
199687
147827
108641
63636
160060
76314
282897
265532
248686
287606
287606
20741
23679
282897
263311
159042
263311
160060
82891
282897
281749
103323
259665
133940
199687
133940
277221
286796
45512
152017
59389
259665
144342
36887
139194
59389
263004
259665
245807
259665
259665
252820
195082
219054
293991
224188
213987
232485
263004
224188
206290
263311
88507
259665
155965
259665
209612
263677
184523
70233
70233
139194
233798
276748
219054
270269
259665
263311
95423
282897
103323
179491
259665
103323
2546
41282
282897
259665
263311
11934
282897
282897
268050
268050
268050
268050
268050
268050
109539
108337
116009
16457
9286
223920
281345
116729
264548
91833
264548
86715
78687
45512
259665
139551
37777
148100
78687
25123
5778
109184
131910
232485
122704
282897
122704
226132
54158
226276
131910
208836
263095
239859
289538
147827
254395
282243
115532
143182
131910
115532
255169
93391
232485
148100
103323
184279
184279
127458
232485
232485
148100
232485
115532
116707
268050
143182
282148
19945
184279
119273
248993
2546
240734
141047
170449
24992
282235
115532
88507
115532
148713
226276
201318
165544
201318
255320
268711
218121
259665
232857
259665
182986
252820
162477
182986
19328
93391
255320
19328
102861
232857
27985
232857
218896
218896
232857
195082
232857
27985
264950
52329
71037
136389
75765
45512
71037
71037
131910
294902
180693
148100
240734
259665
28166
206283
193624
63940
259665
77034
19689
141047
149141
161991
193624
130447
45512
162477
61371
232857
76314
41282
45512
45512
263471
232857
130447
92846
251902
251769
114682
232857
115532
282235
114682
92846
201318
45268
92846
84203
263677
55756
92846
108337
114682
27985
87191
162477
226276
232857
163200
59646
227609
74860
201318
232857
114682
147827
282235
76314
59407
109539
164953
141393
244005
169147
11934
243834
79580
162477
287501
132696
162477
60954
292996
79580
135585
79580
151449
30813
77694
256463
259665
176873
151449
292996
162477
201318
201318
162477
30813
135585
144754
232215
233982
227609
232857
144754
137578
136429
13093
216656
74423
213025
162477
232857
232857
259665
108337
281923
162477
79580
253072
11023
33842
163602
227609
56953
56953
148855
90354
259665
19238
14503
14503
156570
2546
115532
217450
226276
2546
11023
2546
259665
251902
127133
108337
11023
206283
37543
76314
108337
205659
259665
108337
156570
238760
256463
90354
162477
76314
281419
33842
161991
184152
76314
37543
232857
227609
240576
90354
37543
99968
13461
125858
13461
125858
240576
13461
108337
119236
287501
19945
232857
264548
13461
108337
94458
37543
37543
159042
13461
13461
119236
165544
19780
285649
137578
90354
137578
137578
253207
2546
13461
13461
287501
39888
269957
211225
13461
74423
226132
226132
204029
258998
226132
211225
211225
52835
226132
158671
226132
226132
158671
225488
158671
71546
238320
260606
104608
103323
76314
211834
211834
11934
168002
151957
167265
11934
104608
238320
108337
165060
117449
131760
169071
76314
264548
165060
162477
109539
120308
238320
238320
47631
251639
251639
156587
151290
256463
226132
156570
14503
169506
134618
102861
165151
264548
108337
226132
253207
253833
119364
271013
126645
277969
277969
277969
271019
134618
77034
179965
189302
163602
211225
281859
188438
139673
166186
23442
116845
277969
23442
286485
134791
105958
179965
148713
179965
88340
160660
159042
37524
159042
8512
116845
18382
158671
213146
174999
23695
180132
243834
213146
254185
268438
221866
28166
179965
252820
129968
23442
233907
22542
131837
208230
242195
268050
136800
227609
56592
271019
135585
108303
179965
55756
233798
136800
274676
73567
128207
135585
160660
128207
129968
268050
268050
160660
129968
129968
160660
179965
44617
97787
135585
268875
42419
105487
180132
289059
158671
179965
45881
137179
158671
50955
160660
251902
12029
77034
126264
180132
129968
212594
121660
212594
130447
23442
208080
121660
268050
12029
268050
180132
108303
189260
268438
179965
52835
179965
130447
160660
214555
179965
12029
180132
271013
106772
144248
184905
48315
52709
82423
52835
11023
210673
62113
71191
122858
238760
268438
108337
226132
284439
158671
108337
180132
180132
120308
129326
180132
180132
263677
29657
180132
121660
256463
180132
225447
268050
108303
180132
180132
180132
3368
109717
109701
233907
186950
11023
135585
281859
268050
180132
268438
242990
114159
184460
184460
184460
136800
184279
147827
260606
206532
90018
191938
242990
54055
212594
77034
268050
77034
268050
77034
295050
169071
232910
244435
249758
179965
114159
256463
232910
3552
114159
233907
244005
270528
118329
114159
118329
118329
191938
114159
72788
184279
256463
73567
268050
73567
73567
180132
184279
134840
191938
256463
197052
59804
180132
13093
158952
254185
135585
221775
114159
3368
43986
142594
142594
197052
268050
268050
268050
59804
43765
213155
186031
197052
3368
268050
186031
207274
60174
241834
128025
186950
114159
242195
135585
129326
136429
226132
62093
62093
62093
213155
135585
169071
268050
268050
167342
268050
280555
267001
75765
157967
147913
27076
47440
205474
147913
147913
167342
147913
62093
173492
118329
181211
181211
8020
180594
160660
197052
168572
180594
62093
157967
180594
157967
157967
73567
62093
129326
136271
136271
202010
62093
189260
147913
261012
212594
186952
147913
42162
207274
252416
45881
186952
212594
59389
82423
188791
188791
227609
136800
20741
158671
158671
268022
20741
188791
45881
45881
191938
191938
191938
242195
231060
218907
147913
186952
45881
150190
45881
22756
134476
115712
115712
179965
45881
22756
45918
115712
41716
174999
3552
66426
114159
22756
150190
22756
114159
242990
98465
139417
41716
231060
41716
231053
295050
9286
114159
114159
255169
255169
9286
115712
22756
9286
218907
218907
218907
218907
9286
9286
16992
114159
114159
256463
36780
65769
9286
9286
115712
3552
141047
10495
243834
207274
157967
22756
115712
51838
22756
9286
9286
243834
115712
30509
16750
124077
293819
293819
9286
9286
180594
95999
293819
255169
225334
255169
147900
240357
129085
14503
150095
169071
146533
147913
39597
233798
169071
180594
147913
171710
200249
147913
147913
169071
147913
230990
255169
230990
230990
135585
134476
201104
18429
170263
114159
39597
241834
39597
152230
99303
34210
230990
248284
114159
218322
255169
255169
211511
211511
190890
272940
99303
160660
99303
186952
200716
167342
231060
255169
34030
240576
71550
240576
147626
182936
161991
167342
207274
114159
278442
196670
150095
256463
256463
41716
150095
280235
121660
41716
41716
114159
231060
231060
287296
287296
211511
231060
287296
156201
158671
156201
92937
194378
287296
56721
135585
89639
99303
41716
16750
41716
71550
124516
135585
16750
16750
231060
178092
184488
221594
268438
231060
136429
41930
3172
178092
151132
82423
254730
127809
268022
179965
179965
136429
79592
135585
267622
201955
136429
92937
3495
57514
75299
75299
103508
103508
14359
253207
136429
238320
136389
114131
238320
56721
231016
251769
251769
238320
254185
251769
255169
251769
231060
231016
233798
15868
82242
6880
109110
143231
109110
109110
228473
38372
289017
263126
249758
289017
238320
269262
59389
19174
238760
269262
19174
45881
269262
285226
249758
158643
57514
115339
180594
57514
287891
52608
213314
271019
213314
213314
271019
158643
200164
249758
289017
231060
201318
201318
135585
29097
29097
231060
29097
201080
201318
201318
109110
200164
259665
251744
158643
129968
59389
231060
50557
66087
34210
158643
34210
200716
34210
200716
200716
34210
13289
34210
72528
227563
227563
89639
281476
59389
200164
211511
152230
13289
138258
13289
254730
13289
109110
153019
103671
200164
200716
41716
227563
227563
268875
254730
180140
19298
103671
109110
231060
227563
59389
258797
70678
211511
109110
231060
228058
227563
259665
295050
134476
134476
249758
231060
148008
244027
158643
267275
74727
74727
227563
130980
183389
258797
274083
271019
295050
158643
59556
89639
159783
139417
206844
206844
160060
260424
218640
218640
37543
268875
231060
268875
268875
295050
70034
206844
185460
206844
206844
148008
148008
248211
289017
179423
147913
29173
36162
200716
148008
148008
268875
148008
134476
206844
231060
220488
220488
220306
220488
220488
220306
13174
271019
180873
147746
218907
165151
220488
70034
177151
135585
236988
236988
177151
271019
271019
126680
135585
135585
45881
45881
218907
45881
218907
97911
251744
135585
45881
135585
45881
242261
254730
254730
242261
242261
206844
109110
245963
135585
109616
45881
232485
9286
249758
135585
220306
290431
268875
135585
268875
290431
84203
192568
147466
268875
81616
213314
81616
135585
126645
268875
103108
2522
202977
89639
135585
177151
268875
152689
202977
89639
220488
251769
273991
9286
11856
211511
91818
135585
202977
89639
259665
251769
14898
205402
259665
268875
242261
268875
18155
268875
9286
165151
242261
152819
91818
91818
206056
109110
259665
289017
86864
27037
268875
236216
20788
161521
86864
116845
79047
79047
295050
27037
109110
268711
102953
86864
84203
109110
109110
109110
109110
259665
93450
93450
157520
220488
168604
295050
150095
168206
193489
193489
183389
157520
81251
74338
81251
238439
31768
2522
31768
2522
16750
168604
256453
256453
168604
81251
251769
242777
157520
234310
15868
234378
31768
206844
31768
31768
79047
220488
243834
120776
13289
214384
134909
134909
109110
214384
11856
220488
217969
40254
214837
160660
165352
160660
214384
174229
14107
27037
127192
220488
115532
290729
135585
115532
165352
165352
220488
176578
165352
244643
220488
176578
113220
214384
214384
220488
20211
176578
227609
178670
213854
259665
134476
92435
206844
264709
135585
243052
88507
27896
259665
11856
264709
259665
110151
197905
251744
264709
97911
132037
286108
264709
264709
259665
251744
79592
259665
259665
79592
180315
259665
264709
259665
264709
207274
81251
79592
180873
16750
259665
280134
214384
214384
17636
88149
87932
20120
11856
176578
85480
11856
255169
214384
11856
41282
88507
107743
32763
281830
255169
14503
14503
255169
14503
2353
51394
259665
3552
95691
220488
214384
264709
167324
165352
11856
11856
11856
206844
106997
259665
206844
141313
259665
11856
11856
3552
139034
27037
11856
11856
3552
259665
242574
206844
193489
235161
25540
149374
207624
165352
235161
255169
49588
255169
281830
255169
255169
230990
255169
115712
109110
106494
183389
11856
271528
255169
255169
242574
138784
32763
291553
104504
4121
74346
82423
235161
230990
74346
74346
35813
261983
74346
74346
11856
83914
83914
74346
32763
51394
119273
81991
259665
259665
258163
74346
249758
200716
252416
21807
35813
36751
138784
167265
126309
235161
55669
109290
268711
180140
163821
163821
163821
70678
126309
281830
52866
293492
163599
115676
138784
174999
151759
264709
259665
52608
91832
32763
32763
126309
273991
261601
287805
32763
36751
59389
138784
138784
138784
287805
295723
259665
259665
217969
261983
261983
200249
200249
281830
281830
261601
32763
126993
59896
138784
55669
138784
59556
138784
259665
176525
236216
182296
236216
138784
259665
232492
236216
276044
236216
138784
270768
59389
19174
52866
242574
293492
238439
217969
47149
82338
47149
109616
259665
268022
82338
128667
206844
24088
82338
59556
128207
82338
89079
19174
230990
259665
75299
165807
23412
173348
44887
82338
206844
230990
56621
230990
206844
209843
259665
55342
109097
42056
60151
295485
107893
92924
109616
230990
230990
138784
71191
102894
102894
109097
123185
69557
103108
74959
292933
243052
250120
236503
1474
236503
250120
293492
62409
102894
293492
31768
78478
75800
217781
250120
196586
134618
62409
4661
197802
205402
54843
200559
218907
134618
102894
287606
235719
236503
236503
198156
277005
205402
236503
147226
207274
266194
64318
64318
266194
64318
252299
97911
109097
27037
102894
27037
296395
27037
230990
109097
218907
206844
115712
229530
169169
106997
103108
64318
229530
64318
103108
102894
50365
97911
287805
287805
283111
260401
64318
101682
138547
115532
169169
64318
168604
263677
97911
117585
64318
64318
47774
287606
229530
64318
54843
193591
192860
217781
106997
200249
290052
1864
55342
169169
169169
290052
255169
287606
200716
260379
226962
290052
169169
236216
154487
290052
35926
290052
235161
287606
283173
13628
13628
19309
143074
233618
119817
277403
97911
109097
268711
236503
268711
226379
268711
169169
263677
169169
169169
55342
182763
191894
109097
25540
109097
25540
42056
137014
130917
114696
255684
275620
280335
109097
109097
17636
114696
89241
136395
197209
280335
119273
119273
119273
39442
192860
180594
206844
236503
42266
97905
207624
281419
159783
165556
92435
207624
207624
39442
207624
47095
101217
80336
207624
19174
165556
260401
12323
26141
26141
59389
47095
71497
47095
207624
26141
119273
268022
255684
103108
220096
146559
36013
296395
109022
236503
191894
21394
94245
277969
182763
234310
92435
236503
17636
236503
236503
236503
268711
230852
236503
17636
236503
145022
63610
17636
17636
230852
145022
188978
145022
12323
17636
161340
161340
161340
119273
268711
268711
226111
230852
236503
106659
133655
133655
119273
181492
229710
240576
119536
119536
24088
173814
236503
138056
166592
275883
240576
268799
230852
260401
166592
287891
236503
103108
166592
103108
32211
103108
240576
240576
10495
97911
253508
39888
281419
63651
19689
260401
63651
63651
230852
269919
245963
191894
281419
230852
225357
225357
241498
162986
103108
272940
268711
149141
63651
12323
162986
245963
225357
55342
69897
162986
162986
36162
84203
63651
39888
135585
174999
147913
39484
121347
162986
23695
103108
162986
63651
63651
162986
191894
154487
63651
39484
162986
162986
122135
221136
162986
92937
69897
92937
74306
162986
251744
169888
92937
69897
92937
271019
269624
251744
136800
10449
136800
123924
63651
1864
277403
242307
231016
36087
1864
1864
15213
109110
110192
69897
87093
277403
246500
81180
182763
12323
13628
242269
104504
247187
271019
271019
254185
254185
242269
80405
242269
28163
242269
12323
193591
247187
125972
271019
115645
194531
63651
278562
258182
278562
114756
247187
114756
281419
99432
134909
99432
247187
273504
278562
161340
114756
26141
39888
123165
123165
20211
144893
161340
146216
287805
136800
131837
280833
278562
136800
136800
101500
141047
133655
280833
153420
126537
278562
280833
243052
28163
111152
119536
227609
159115
232492
260221
242269
287805
9487
260221
143762
227609
143762
201443
207624
143762
115675
207624
143762
115645
201443
242269
207624
37832
19174
268711
134407
97911
35813
35313
143762
268711
263566
271019
13628
213314
237501
207624
13628
47758
13628
109110
109110
13174
276430
213314
35313
106997
125972
144893
144893
35313
211511
213314
15213
109110
261601
109110
69897
19174
131149
109110
64318
86864
260221
260221
207624
207624
69897
109110
159783
207624
276430
86864
173734
276430
19174
86864
109110
47758
150095
233798
177420
123165
69897
33036
33036
86864
47758
86864
178254
86864
47758
44156
84203
1474
1474
44403
123165
178254
123165
47758
211511
128207
211511
128207
55041
35156
87932
135585
296395
47758
180873
221489
109110
57514
180873
20120
94573
193574
28163
62409
180873
226389
191082
191082
53448
154487
146533
154487
193574
154073
131837
28163
227609
202676
216169
86796
131837
123165
86796
109110
159903
227609
221489
97911
94573
101217
86796
86796
272789
40254
235161
173160
94573
94573
159903
69897
86796
260401
198090
194531
86796
182296
185616
86796
157585
86796
194531
192533
94573
244929
53409
260401
126684
194531
94573
58008
198090
94573
94573
13628
126309
285465
119721
94573
231103
260844
280400
202676
193574
201318
193574
260844
184152
193574
156341
94573
184152
184152
184152
94573
184152
204904
178713
227609
227609
227609
66843
131837
117421
131837
113220
131837
191082
147946
260401
35313
94573
260844
260401
131837
126657
131837
51682
94573
84203
260401
227609
280335
21807
291053
41450
53448
92435
21807
184152
260401
20120
20120
93205
263566
202676
202676
262879
184152
262879
285019
47973
285019
171535
3222
21807
260401
260401
40907
157585
220126
3222
69897
259665
69897
69897
220126
262879
147946
122888
280335
146216
140488
260221
146216
20120
49588
268022
184152
146216
213314
231103
146216
294170
294170
294170
146216
111251
253494
78273
280400
52835
280335
143010
122834
253494
52164
20120
114756
20120
221489
140488
78055
260401
207895
15868
1474
13174
211204
181304
245128
184152
147946
211204
53409
226111
227609
184152
276263
15868
15868
173368
149141
1515
245128
184152
97911
97911
78055
242269
255169
102894
249794
237501
126309
47973
211204
227609
249033
185616
217969
87093
202676
3222
184152
249794
184152
184152
3222
3222
185616
227609
202676
232215
65158
249794
227609
227609
30989
243052
65158
227609
65158
227609
185616
1474
237501
52835
234264
170376
215047
170376
196646
196646
97911
1474
1474
235161
78736
1474
24992
38081
186079
227609
65182
227609
126348
208230
197475
184152
184152
133325
184152
174999
126903
147946
181492
215047
132100
22945
264709
52164
179576
120705
215047
159903
260401
237501
3222
11142
245128
78055
31635
3222
79078
79078
196118
102894
102894
224946
36162
36162
101601
221489
22945
227609
272940
11074
277005
162767
211204
243726
211204
207624
254730
113155
18297
260401
239734
140603
52835
147827
147827
202676
232215
202676
59389
75040
110098
202676
109309
59389
133977
133977
177953
227609
227609
107344
107344
130137
215678
52797
202676
59389
59646
59646
119273
119273
215678
119273
202676
59389
213314
59389
68253
59389
202676
74346
68253
129809
74346
68253
68253
52835
202676
16779
138327
138327
109022
57975
2893
157871
74346
52835
47768
207624
68253
68253
47768
101601
76777
211204
211204
249033
216600
249033
211204
87093
40254
36085
129745
147240
1474
27076
211204
162767
3172
37832
37832
173160
37832
173160
224288
211204
211204
138564
37832
85133
121854
110069
37832
270304
109701
157585
116678
208366
144754
126348
161513
198090
29263
29263
47768
3222
21007
290634
1474
1474
36085
126309
271019
21007
21007
4121
4121
235819
208366
4121
113220
137863
76777
11142
233618
197475
65565
76777
171709
245128
262421
271019
216958
271019
87093
270073
11142
271019
65182
271019
122834
262421
173160
76777
226111
35926
35926
35926
13174
202676
35926
157339
208366
104085
208366
235819
35926
235819
35926
235819
35926
235819
35926
235819
35926
235819
208366
122834
271019
224288
224288
2353
76777
10934
76777
3222
165352
235819
214837
294574
279701
119536
35926
202676
60364
60364
37192
155701
175765
2353
227609
243052
40254
144893
47768
127681
241005
227609
89334
292565
216958
59389
89334
59389
241005
109309
59389
84203
126309
126309
60364
161513
133484
19883
52835
36602
13174
13174
110069
36602
36602
110682
163200
71151
2353
176578
122834
279701
256836
79103
2353
79103
119273
187936
65319
133484
173160
59389
270612
202676
133484
202676
37534
202676
202676
270612
126309
241005
133484
126309
116760
182719
270612
157585
89630
89630
227609
19883
6083
173160
122834
127133
89630
135585
157585
135585
264590
200164
171535
205664
99069
249033
37534
37534
37534
135585
292136
89292
89292
57849
207624
159783
293406
264590
227609
89292
242989
92378
221928
221928
180140
245128
279883
249033
127133
169147
292136
264590
37832
52835
84203
241005
65769
37534
89292
292136
216600
260063
89292
234998
158671
126895
266387
68767
102718
207624
89292
250771
75117
149141
68767
241005
75117
24088
68767
26471
207624
277969
234998
234998
157520
149141
3222
13174
160660
156201
138399
156201
89630
156201
99069
68767
156201
138399
13628
160660
68767
123165
57849
30989
238439
117562
115319
204763
156201
101742
227609
30989
227609
195448
154276
34387
34387
165352
5778
197802
196537
280335
181419
436
280335
38897
178713
207624
270612
270612
270612
207624
270612
207624
207624
270612
68885
270612
245090
268594
276090
205402
207624
216600
275391
207624
6083
244053
6083
207624
15305
280335
5217
207624
249033
49723
5217
207624
13628
36245
88253
255657
84203
109022
38897
57660
207624
141646
264590
236216
202635
157520
98995
196537
196537
227609
89334
56048
196537
196537
207624
229487
149141
207624
59242
202635
236216
202635
118820
117562
126309
121813
17817
126309
157520
202635
138399
202635
138399
196537
161521
196537
87093
126309
251189
38897
38897
196537
35813
126895
271019
227609
207624
275620
241092
56048
265002
149124
139379
157520
241092
196537
196537
139830
281859
108337
185364
108337
202676
196537
108337
196537
13628
14791
202676
224635
202676
202676
88717
189609
202676
128327
202676
125532
239864
207624
65028
234272
57975
207624
95057
196453
128327
196537
6083
202635
269624
225846
19174
157520
202635
19174
252494
206853
436
228588
156341
202676
38897
57849
35313
124538
281859
264508
273115
128327
157520
189899
260400
143940
189290
225605
260400
52835
260400
225357
150095
128327
293191
128327
293191
20129
20129
171378
108250
260400
207624
108250
36381
207624
196537
249033
127866
273115
131760
278250
57975
212688
190957
207624
78055
193287
193287
159355
155979
115319
38081
128327
196537
157520
78055
78055
126657
208561
196537
207624
101217
94573
227609
273115
207624
248993
248993
207624
67119
178713
103154
20129
215127
102894
241370
36087
156341
117383
156341
6063
156341
207624
71497
156341
20129
20129
60364
173368
156341
156341
25783
264590
249418
249418
252494
38897
260141
38897
38897
156341
101601
199009
196537
156341
272627
150095
38897
38897
138399
150095
20129
155979
155979
194891
155979
155979
232215
155979
284762
156341
201314
284762
155979
284762
272627
155979
28208
178713
272627
178713
272627
272627
138295
178713
202935
99069
138399
90354
120619
54843
75117
129745
98995
165352
38897
200064
200852
178713
159041
284762
115319
207624
165352
165352
75117
166296
79074
218640
28208
61371
17802
134618
23095
2546
284762
23095
178713
72216
156341
178713
196415
39705
51915
74905
175455
67119
39216
21007
21007
207624
284762
153762
276286
103154
103154
202676
191149
178713
88361
168262
260141
98995
98995
207624
133940
103154
133940
276286
154066
21007
207624
21007
207624
207624
103154
259620
171633
227609
171633
120848
178713
94245
243052
51915
154066
194891
178713
23095
202406
9426
219950
9426
138295
249033
693
83068
103154
103154
155373
103154
272627
103154
212688
85520
106659
106659
101601
106659
183195
164718
249794
207624
106659
97584
81187
242261
165352
267685
183195
242261
270269
270269
276286
210333
144672
205664
92435
276286
75117
270269
42265
165642
194891
101601
207624
101601
261758
173592
249033
91142
249033
101601
2298
44061
44061
194891
44061
21007
44061
106659
21007
223218
103154
294574
165352
103154
277403
277403
194891
194891
159439
24088
44061
106659
106659
276286
17802
17895
252687
273115
103154
194891
102894
252687
175765
278250
245090
102894
168168
125990
256082
156200
102894
88361
234469
102894
272627
102894
106659
100891
260141
165352
6063
171633
106659
156225
241005
128699
220108
241092
241092
178033
103154
267685
267685
103154
23095
120848
173592
154276
126657
171490
100891
156225
57260
126657
138547
194891
57260
233229
106659
156200
90767
133618
44061
243381
44061
22762
156200
182267
157153
173412
243381
59556
248307
100891
243381
114016
103154
70988
173592
173592
24992
125990
173592
233229
173592
228797
114016
100891
121345
100891
103154
281360
194891
165352
165352
194891
103154
165352
121345
276286
178033
194891
103154
165352
103154
242247
135374
182936
250771
100891
44061
156200
156200
119186
101217
123165
207624
370
220014
182995
19328
214837
100891
89079
214837
100891
228797
98995
187736
171490
181419
241092
178033
18297
71497
276286
103154
60874
89079
242261
182099
281893
178033
100891
237501
284762
268594
120278
18297
74959
18297
17512
181419
127637
89079
127637
370
90767
370
171490
85520
103154
250771
103154
108193
103154
202676
171490
104475
101601
278250
103154
156651
103154
103154
240959
249418
75117
239124
104475
115645
165352
204029
98995
205999
270912
270912
270912
60874
240959
137742
103154
103154
126657
142090
85908
71151
71151
177151
38764
230453
253664
202406
202406
166156
91142
253664
263795
39941
173592
165352
50321
20735
224288
68244
224288
20735
65945
104475
28208
28208
220014
220014
103154
277969
202676
202676
202676
166156
166156
68244
60874
262356
226484
226484
60874
20735
89079
39941
89079
75117
228161
51838
39941
240959
39941
126657
165352
39941
39941
105233
240959
70841
224288
210982
98995
161340
253664
60874
121345
51838
103154
284762
131678
23095
202676
284762
284762
23095
157585
51838
157585
161340
200559
165352
284762
165352
165352
284762
103154
104475
165352
103154
277054
103154
132708
104475
171490
121345
202676
171490
51838
171490
70841
171490
161340
140252
216030
177151
165060
289112
98995
60296
184313
291719
264052
164006
171490
19328
103154
370
81183
51838
165352
165352
78309
19328
141646
19328
37996
93237
19328
141646
278250
175764
128699
113742
19328
97937
88828
103154
256836
19328
218165
142090
65241
183144
294699
68438
284762
51838
255667
104475
255667
30348
66440
282546
255667
249856
283430
98995
104475
98995
202676
242280
123672
218155
66087
66087
165352
1692
65359
208016
157520
139480
51838
25717
25717
89079
166156
205664
213223
166156
98995
95706
98995
202635
202635
15213
89079
89079
166156
98995
58398
58398
165352
97937
89079
166156
102721
11939
188234
161513
195055
81183
89079
51838
89079
139904
60874
15213
276286
102721
141399
275899
8938
8938
220359
233240
233240
76208
45832
89079
117383
89079
176414
436
235141
167938
136800
164006
14337
243381
85480
65977
35313
35313
51838
282546
14337
233240
14337
109022
183195
25717
139904
55042
239417
14337
11939
14337
98465
102721
18313
102721
137742
102721
139904
89079
188234
7418
81497
22223
78055
127530
96425
141646
233240
93408
102721
260621
233240
117808
290431
96425
96425
210333
229487
177151
94659
60151
68244
293276
68244
18313
75117
98203
290431
79910
290431
117808
286388
213223
296036
290431
262545
124342
19328
290431
197193
68244
113114
103323
290431
19098
19839
75117
103323
19839
103323
290431
75117
68244
102904
102904
102904
19839
220359
67119
66087
290431
117808
290431
81183
290431
290431
260621
191550
79910
79910
243381
121813
18313
177151
290431
18429
243381
124342
243381
75117
102721
109022
121813
75117
224288
224288
243381
133233
75117
133233
228161
94659
202977
75117
211998
68244
8020
210333
210333
19839
81278
17940
176414
243052
40221
243052
176414
102904
176414
164962
181419
213223
55691
268875
60997
108193
243381
121813
55691
243381
195055
268799
109097
71927
75117
243381
243381
75117
213223
243381
243381
18429
234208
133233
233240
55691
220359
55691
150095
208016
233240
55042
214571
18429
136213
102721
196785
124342
3475
227609
282546
282546
18429
19098
114548
50819
198658
198658
234208
227609
234208
48117
68244
109701
3475
286550
117697
88361
234208
178148
234208
234208
178148
234208
149566
183389
234208
248525
50819
242989
140348
88361
68244
183389
101217
88361
278804
74760
102721
292136
48117
241116
183149
2522
104475
242989
68244
102858
202977
294362
202977
164133
160608
183149
292136
292136
234208
136213
150095
71927
84203
214571
191577
104475
109022
241116
109022
143231
109022
109022
109022
68244
178148
99617
71497
145716
19781
101217
101217
127133
109022
184028
38018
143231
177151
158414
184028
164133
164133
145716
168168
225357
158414
196199
292136
196331
292136
134070
157585
199551
172669
293373
292136
158414
260621
70085
107152
68244
224288
68244
89334
218481
157585
39758
99617
135619
107816
139830
18500
1883
224288
206942
32715
1883
261727
48117
259571
164133
139480
48117
178148
75040
200559
200559
200559
115532
1883
191082
191577
133484
190699
260621
135619
184939
9833
119696
140348
10378
251978
84203
200559
200559
158414
158414
96675
113220
239221
115532
115532
84203
18500
115532
150625
270739
115532
115532
104475
115532
150625
2658
71927
115532
61910
164133
260621
237509
255667
260621
270894
208229
122831
57660
160060
54367
54367
260621
260621
107152
8020
49914
205282
153208
43754
250030
140348
40093
113114
78055
84203
165352
104842
40093
104842
178148
146839
10378
178148
18500
18500
40093
84203
148796
19586
113220
191082
261758
28679
248560
229881
150625
57514
159355
218481
60934
94147
8243
213223
174417
174417
160060
218689
8243
218689
178148
31612
111584
60934
251978
150625
54367
60296
60296
13628
282546
3475
150625
225393
94147
158414
158414
291250
233392
150625
184324
107152
291250
107152
115645
113220
242307
27492
204904
201758
113220
54367
171633
233392
233392
233392
150625
253207
13628
132386
28208
233392
8243
282546
8243
132386
171633
8243
132386
291250
8243
138269
138269
138269
113220
113220
45173
248560
8243
13628
183696
261758
51238
211225
183696
97937
233392
97937
233392
183696
250584
211225
253207
2658
253207
93620
8243
274980
79910
185440
14979
13093
262538
13093
233392
291250
18500
18500
2658
18500
66440
102695
114131
88253
97937
156570
149141
97937
97937
117418
233392
282546
8243
149124
8243
8243
218481
178033
240972
8243
149141
218481
11874
139720
164743
8243
11874
113114
146663
8243
8243
2658
290431
240972
240972
104623
240972
199249
24289
251978
252042
114016
251978
97937
8243
184028
240972
177151
6597
149141
146663
146663
165352
98660
168060
201758
240972
127649
233392
233392
246
120686
98660
98660
198465
98660
198465
198465
97937
98660
229881
98660
98660
292933
280709
98660
74973
98660
184028
184028
19328
103951
236737
98660
177151
98660
98660
215717
71697
240972
183389
215717
98660
261823
198465
198465
98660
138327
211225
98660
138327
271076
135696
106268
271076
198465
125990
125990
222258
71697
33072
165352
6597
54736
54736
278923
54736
196537
156381
220499
54736
54736
184028
106268
184028
66372
29268
94042
160608
176198
112561
178033
28208
46541
278804
46541
46541
88253
94659
278804
171633
103951
160608
278923
161690
133940
110464
46541
160608
46541
171633
68280
82287
106268
106268
237552
82287
198465
271076
48117
238116
125990
125990
233908
71497
184028
214571
184028
262162
89366
238116
296036
115645
124008
72405
200064
46541
125990
177151
214571
294699
110306
277108
125990
215717
178033
103723
184028
103723
278804
215717
103723
54801
280235
141223
106268
67479
43991
172452
103723
149566
123646
149566
106268
270912
46541
171490
154276
141223
236737
250087
186341
186341
136490
278804
186341
136490
215645
29697
132359
248080
149557
197844
246123
109324
120686
2674
106268
275899
278804
218023
248080
56947
215717
14410
97997
271076
271076
218023
136490
271076
74502
38992
244466
215192
42436
125990
218023
38040
125990
46541
83136
46541
214485
242738
246123
164045
164045
242738
19755
280401
194600
229881
292933
45418
275899
278804
49950
3475
248080
194834
70878
46541
46541
46541
15008
2223
46541
248080
78702
98465
98465
3037
3037
11874
271076
36592
186341
243183
19098
45867
97997
62636
38992
90506
81567
98465
194600
98465
275899
24541
106268
278804
194600
275899
50607
218023
275899
91142
275899
194600
271076
133940
279332
215192
279332
279332
279332
271076
17940
25563
215717
275899
275899
54801
275899
19755
215717
104623
271076
278804
271076
271076
278804
26471
278804
278804
278804
19755
223871
292933
223871
219301
228058
91142
198465
85035
176414
176414
49288
39848
38992
54736
97937
201358
280401
97997
54238
113024
218023
218023
106268
218023
280401
218023
174417
271076
227609
19755
280401
280401
70094
293758
271076
54801
19755
291705
271076
218023
138513
138513
280401
288915
98465
54801
157642
186734
106268
127234
98660
248080
98660
138513
248080
12513
223871
98660
98660
278218
278218
98660
278218
278218
98660
11402
168060
218023
97997
164133
147858
147858
28208
121031
135723
97997
280401
153236
165352
264709
139379
174417
221775
133945
54801
3037
106268
3037
35853
209295
169222
3037
106268
3037
20631
198465
20631
280401
256521
223199
275834
280560
147858
59556
147858
278021
147858
79580
79580
147858
147858
50517
3037
3037
198465
9638
194834
198465
174417
200590
174417
223871
256521
174417
256521
59556
59556
215331
106268
174540
106268
59556
288915
121196
215331
121196
215331
174417
175232
33561
234254
174417
258998
91142
38707
57193
164133
24289
57193
209295
98660
147858
98660
147858
228315
147858
98660
19755
19755
174417
147858
288915
138327
138327
20631
215331
215331
223871
215331
215331
215331
178033
109539
89780
203163
178033
215331
168060
223871
250087
178033
296085
115319
143164
233229
249794
124922
223871
126311
25783
223871
255146
126311
54736
54736
57193
110831
162211
45620
54736
52067
223871
52067
54736
120509
223871
168060
115319
147858
52067
168060
261767
223871
9638
24289
174417
24289
292078
25783
25783
25783
26471
148796
296359
261767
296359
261767
261767
168397
255146
288915
9638
232860
174417
132835
268875
109376
160608
112266
296359
174417
268875
174417
78160
168425
234254
218023
174417
22385
218023
2674
159221
220950
290634
25783
156381
198465
25783
147858
208366
162211
128732
198465
54801
203163
198465
60678
124128
197905
128713
162986
218023
268875
112013
25783
242738
85133
215331
2658
52067
42493
101702
22385
245491
101702
98749
101702
3556
127800
198465
127800
103723
186734
185440
185440
212267
185440
11338
119429
95084
185440
229267
60678
33401
60678
245873
162211
196213
98749
174417
185440
185440
185440
60934
198465
198465
198465
146600
146600
168730
245873
227609
182296
60934
60934
174417
60934
60934
138327
137391
215331
186079
198465
283939
247003
162211
162211
98660
275834
268508
198465
283939
60934
198465
198465
60934
227609
223871
56947
293567
123646
124342
198465
28470
216493
54801
127800
245491
127800
237779
124342
108370
98749
124342
124342
124342
134070
36245
34030
128713
128732
263555
19781
19781
218023
263555
180250
18994
60934
263555
178465
106268
236737
245873
246345
168653
28470
60934
60934
28470
276612
40404
227178
286037
245873
128732
245873
273092
210261
98465
36245
281360
249794
246123
237779
34832
245873
70699
154066
36245
98465
281360
24289
237509
120721
60934
124922
245873
124922
124922
92223
124922
274661
60934
19328
269113
250584
240972
128713
206088
168397
70878
270894
270894
98465
98465
245873
120686
237509
220014
219522
245873
270894
250841
70878
282108
270894
270894
227868
245873
36245
245873
161991
50709
126460
190666
68713
168972
78756
245873
245873
212267
177953
245491
172889
161991
168397
95084
23825
59856
120686
270894
133945
47434
270894
270894
178465
270894
193624
270894
157275
270894
16420
270894
127353
120686
68713
150424
150424
98660
150424
128732
184721
133945
225805
98749
225805
205206
212267
36132
24289
35853
24289
2658
150981
190666
237509
237509
31238
98465
268875
245491
98660
270894
187736
270894
270894
103723
190666
190666
28470
28470
5318
60111
186734
190666
28470
188079
251777
190666
245873
19328
270894
3596
167039
28470
270894
19328
190666
68713
241212
3596
190666
278218
245873
256404
98660
78055
154276
68713
59936
231574
127800
145022
231574
231574
81481
231574
81481
3596
168397
177953
35853
196537
158428
254231
196537
60934
68713
23133
168060
45363
60934
168730
130898
225805
3596
17940
60934
98749
140348
168397
45418
98660
232552
198439
68713
177953
168397
257189
112999
168397
225805
57660
246345
99322
135619
92486
38929
38929
75329
212267
260199
163200
221593
60678
27076
60934
72724
163200
60934
228058
84472
14791
140348
140348
222258
282345
27076
27076
124816
117697
132835
188835
168397
159221
181492
71697
24366
132835
62437
60934
129283
129283
23243
181492
146995
291416
157275
245873
18313
3596
138376
168730
57989
157789
57989
98749
291416
291416
93237
168397
168397
23243
310
60934
104321
169023
98465
23243
98465
98465
23243
124816
18297
168730
229881
98749
291416
168730
93620
93620
98749
93620
252022
93620
140348
242436
93620
168730
159783
98749
204447
93620
168730
245873
168730
93620
93620
168397
65977
245873
98749
23243
98749
98749
160060
23243
45363
168397
168397
60934
98749
245873
132835
65977
108186
65977
168730
69325
69325
122975
274450
138376
138376
94147
136389
159140
138376
138376
28470
291416
132835
65977
132835
168397
13927
13927
133618
98225
98225
256836
65977
33041
163200
138376
168397
238116
291416
227178
231926
227178
140288
240972
241636
122975
65977
75329
202267
174455
268799
231926
138269
168397
60934
60934
93620
159783
231926
168397
168397
99161
124342
246556
94549
231926
22283
3596
3596
35853
23243
209295
278218
233120
231926
233120
231926
241636
227178
145456
150373
63653
264331
264331
92486
36132
197215
147101
231926
231926
147101
98843
218023
74727
18798
173976
140977
257189
92486
92486
211225
278218
231926
59907
245873
79591
296085
75329
196331
24366
278218
11402
165101
142938
11402
245873
257429
41039
168397
158458
245873
269113
245873
36085
11402
99003
158458
65977
78875
57112
124342
211524
95079
227563
17512
195448
97937
98843
98843
103826
56721
56803
63653
98843
63653
115645
157017
56721
190513
168397
140605
98843
23825
147217
147217
158458
87109
220014
168397
63940
282345
245873
251769
147217
74616
196331
127530
45355
282345
228058
179658
158458
23825
255293
18334
56721
120285
246556
282345
99161
99161
282345
251769
220014
266866
275110
246556
215099
168397
142938
183478
99161
156969
215099
149374
89780
99161
140348
142938
140348
184905
98465
179330
19652
19652
109805
173039
277670
231926
168397
231926
231926
168397
140977
231926
32889
231926
45728
250841
168397
115645
140348
79889
140348
140605
140348
140348
140605
127368
114795
275110
162244
7701
90598
189926
245873
220014
158458
99161
99161
90598
90598
140348
162244
17512
158458
205660
140348
65814
65814
245873
34703
38897
7701
124922
87879
236737
129326
140348
87879
129326
179658
255667
140348
19652
212565
44712
224108
158458
98843
158458
238116
275694
7325
162244
64670
240819
1515
129326
211225
98843
224108
115645
156969
65679
250841
44712
181492
278480
168397
65814
60934
179330
262396
151943
168397
157585
281768
30954
89780
87879
259770
60934
245873
293567
257189
38897
274450
156969
193287
293567
157585
293567
38897
44712
44712
44712
140348
168397
38992
242261
267422
140348
7325
115645
25523
18334
98749
222410
250841
132567
209419
196331
81697
47604
310
33494
151943
87879
37534
189378
114094
87879
36925
33494
8525
45363
70692
135374
33494
36925
33494
186734
164133
122641
45728
114795
18334
196810
87879
198439
56721
274450
70590
175099
13927
164133
232485
13927
181492
120285
13927
196810
36925
211225
13927
191440
161522
109805
223184
60934
196810
196810
7701
114795
60934
114795
65958
114795
141313
277310
36925
48355
36925
3172
60934
81697
257429
257429
211225
190666
218640
60934
262396
257429
257429
103723
257429
276263
36925
3172
240803
3172
257429
3172
56721
13927
60934
115645
239607
232020
175263
60934
81697
60934
60934
104321
253878
240803
209550
240803
1892
240803
114795
240803
257429
257121
257429
159246
251480
253878
15213
176414
164133
168397
132835
287677
240803
240803
240803
275110
275110
240803
114795
104321
240803
87879
240803
253878
65958
122641
122641
60934
253878
175099
224635
232485
219185
60934
72027
1515
147101
13927
140605
235819
13927
222410
258830
251480
251480
13927
127649
15213
251480
188191
19652
13927
167979
65977
104321
287342
156381
251480
13927
28679
251480
45832
198010
232485
78875
72027
133945
72027
206438
294574
22436
108370
25220
198010
28679
28679
182634
16803
16803
46959
198010
199092
28679
182634
102721
28679
28679
1515
174377
169994
169994
174377
176414
7325
267685
79591
109805
176414
89241
122641
184405
123592
174377
23487
167979
133945
267975
209733
168397
176414
220346
220346
112013
25634
209733
246577
167979
294173
171490
167979
245963
245963
294574
139480
162244
245963
161570
240803
161570
133945
210716
186156
245963
248923
186156
267940
186156
265344
140348
60111
169994
14161
169994
188191
69665
123592
161570
240803
161570
59834
136213
245963
136213
238570
238570
136213
240803
140348
144495
26523
238570
238570
258122
258830
39656
238570
97521
238570
267975
31401
247128
247128
280861
186156
267975
186156
265402
9892
264331
264331
245873
247128
267975
167979
211225
198010
36887
109376
60111
151474
267975
69065
60111
238912
258122
243325
69065
97521
97521
30234
97521
69065
243325
286911
19652
30234
174377
36887
287606
36887
23487
104321
240803
287606
70878
287606
264508
220777
81481
87932
81481
81481
147846
105879
22752
238912
22752
73518
147846
81481
19652
238912
238912
286911
185725
70597
149162
81481
81481
136213
39087
140605
176467
56159
87932
293826
287606
286911
209419
209419
105879
22436
277110
70597
66319
132835
50980
36887
41363
30234
69065
245873
245873
238912
38839
238912
286911
22436
45418
156225
36887
105879
19652
132750
44712
267975
238570
59843
176467
83914
140605
19652
143940
90361
277110
34703
38897
156381
226586
81481
22752
229205
277110
22752
262208
38839
238570
238570
81481
101902
153001
238912
105879
19652
132750
30234
44712
19652
78055
9264
133940
19491
234272
35540
234272
156225
80
380
238912
49723
19652
19652
63542
19652
156225
35302
159410
30138
103723
222410
87932
87932
66094
59834
238912
128041
238912
49723
245873
80
80
178854
245873
82242
146930
19652
19652
132750
82242
245873
245873
82242
132750
19652
132750
81481
19652
60934
19652
9264
9264
245873
135413
138080
19491
189147
263886
66319
208966
256453
166212
2341
103154
7325
81481
202267
198010
9264
9264
19652
159410
19652
46959
8525
19652
81481
46907
16803
204350
81481
122641
140605
44712
122641
44712
287677
140605
293567
82242
159410
8525
263886
9264
28679
19652
129326
266802
266802
266802
202267
9264
88599
19652
59834
19652
261154
266802
232682
156225
147140
19652
2341
266802
132750
19652
3596
129321
222410
222410
169994
69065
222410
90506
246195
147846
19652
122180
256903
122180
19652
151474
222410
256903
19652
19652
256453
147540
21218
238116
258122
184905
222410
3596
141961
222410
147140
266802
147540
147540
147540
147540
61195
147540
140605
290169
198156
245873
198156
198156
38897
2341
38897
184905
166212
136639
256836
184905
61195
184905
159221
61195
246195
61195
184905
46128
109376
24225
162570
221450
234272
287606
46907
206510
136639
206510
245873
20788
184905
287388
98465
284582
208016
287202
164133
136639
136639
45363
45363
249426
78055
245873
261154
245873
220036
143439
263886
98465
206510
39087
263886
245873
156225
261154
101215
40365
36887
36887
275620
147140
206455
246195
205128
205128
246195
246195
203297
203297
246195
294574
128699
136639
114016
114016
294574
123592
206455
41617
261154
141313
211484
111562
114016
69065
164133
136639
222410
248923
141313
136639
136639
206510
245873
28205
150483
147540
147540
141313
141313
296395
260864
89761
48392
11173
151474
164133
19652
270073
99523
157782
159221
214236
287677
214236
40365
23112
22027
150483
101472
129326
202749
206510
169994
87890
39087
248923
87890
209267
87890
248923
112050
141047
173353
50693
164133
101215
220126
240972
123592
202749
123592
50727
209267
178323
206510
129326
202749
159221
159221
202749
169994
245873
195439
83693
126564
202749
50727
206510
273318
159221
159221
92223
92223
245873
140605
147540
202749
202749
245873
150483
123592
82242
206725
222410
208016
263886
96274
280826
99360
206725
99360
248993
206725
123592
260141
392
260141
228403
202749
206510
22027
8020
198010
132750
22027
206510
245873
39087
159221
56947
90361
88543
7325
88543
23112
169994
108337
134102
147540
39087
245873
245873
39087
260141
23112
234272
219085
219085
129055
283309
2341
220126
46128
206510
88543
128810
243325
169994
243325
245873
257429
234272
257429
169994
280736
7325
7325
257429
128699
215192
245873
7325
284100
7325
103154
185852
19652
19652
7325
256943
256943
185852
19652
131642
90506
15838
76519
256943
216493
189147
221730
87890
280736
108816
36887
173039
234272
101215
132750
98039
88543
173039
112064
39087
180250
92145
107129
1515
89411
126695
157782
106221
260141
202772
23048
260141
202772
147540
180250
190616
107171
195439
106221
34703
97787
25361
287606
205297
9980
103154
78775
276263
185852
132750
185852
103154
50321
133695
380
103154
97787
25361
126695
198010
260141
74901
228321
103154
234272
234272
103154
103154
103154
86846
104435
260141
180250
180250
25361
25361
228321
121558
201534
275224
112925
25361
132750
86426
97787
195439
205297
198010
228321
101215
87890
287606
168784
190616
8122
112925
97787
182763
221730
87890
1515
193724
287606
108816
175814
175814
195448
221730
228321
9426
101215
201534
124816
270612
92223
199211
66440
24937
19652
190513
142071
169023
221775
250087
24937
87890
87890
195439
87890
108370
128621
23048
138107
9426
9426
286266
108816
9426
270612
138107
228403
9426
127353
71497
9426
9426
45363
228403
104435
228403
258819
276990
180913
99612
99926
99926
190616
9426
205999
92626
127353
40604
272789
214485
87890
133802
184244
87890
287041
205660
59936
147540
108816
99926
99612
99926
202772
276990
132750
63940
74901
225571
87890
87890
202772
99926
202772
99926
152876
282241
175814
282241
59936
161614
175814
190932
175814
45363
240803
240803
45363
202772
24937
133695
231385
69534
202772
250087
202772
180197
210261
49933
190666
202772
276990
240803
291720
158026
87879
9426
173976
73333
237280
237280
61201
108816
20478
78309
212688
93042
212275
130445
18537
60934
60934
127353
237280
127353
237280
227563
23048
218795
291720
127353
41391
41391
127353
240803
195439
161614
175814
237993
240803
221532
240803
190666
240803
240803
221532
99612
237993
237993
134193
175814
45418
99612
127353
166487
99612
44367
42409
175814
237993
38537
249856
240803
161614
44893
236904
133695
285226
87890
132750
236904
97787
23133
66372
161614
260401
161614
80121
133695
236904
133695
7640
234163
139480
89516
195448
240803
237993
25387
222258
133695
128713
133695
55565
29007
29007
97787
165148
110768
210261
116980
23048
74901
237993
41391
202772
291720
23048
291720
133695
44367
177451
240803
116135
291720
268711
166487
205660
291720
205660
133695
246923
265244
140605
76794
98305
197209
97787
195478
74901
23133
251455
41391
202772
23048
98727
278221
31074
251455
196823
254091
101682
18817
101682
218795
251455
254091
254091
278221
23048
251455
235337
101682
242974
41391
41391
235337
41391
235337
195448
235337
216829
23048
74901
104435
62113
31074
74901
74901
74901
235337
195448
74901
74901
31074
74901
166487
208948
235337
34468
105445
208948
113629
251455
113629
84472
149366
170034
190666
133695
52121
251455
74901
166487
38537
289184
295890
38537
235337
31074
251455
98727
1515
229456
229456
229456
289184
289184
251455
251455
221532
221532
41363
251455
98727
105830
251455
10647
221532
76934
63263
63263
66298
251455
49821
251455
251455
49821
246469
261634
90506
145680
23048
52121
289184
90506
87511
123180
220339
105375
60934
69534
274447
73518
145680
178033
87109
99061
145680
289184
269173
218795
218795
145680
158428
158428
236904
214236
202095
141047
178033
23133
156225
90506
128041
117207
110305
87887
200865
65958
87887
232218
271299
122275
69534
126218
289184
128621
18878
229421
166487
87887
218795
289184
260401
202772
289184
88553
128041
87887
153092
166487
52121
96675
66298
267782
267782
258563
60934
245873
195448
88553
202772
88553
202772
13927
88553
30625
202772
225841
178033
60934
188479
270740
244929
145680
123592
96675
168060
105830
154544
87879
260401
293993
295310
234272
129727
241275
60934
60934
161614
49299
93620
256943
49299
245873
25468
256943
256943
145680
26523
26523
145680
26523
137999
269428
145680
87879
60934
150165
156225
52121
45832
256943
124664
269428
269740
20602
19772
117387
89366
166487
116135
116135
89516
269428
245873
245873
245873
116135
45832
165101
245873
190666
164484
244929
67009
128041
60934
190666
116135
105830
245873
15825
94033
60934
60934
116135
128287
255823
245873
203788
8191
196589
255823
15825
196589
196589
103154
93620
103154
206725
203788
67009
5529
216915
128041
216915
266404
206455
213302
164484
97937
233831
103154
190666
105830
60934
201942
220359
190666
15825
203788
102105
102105
203788
109450
93620
266404
213302
233171
203788
162771
198439
259127
268875
67009
67009
213302
1515
162244
127353
203788
256943
127353
127353
265344
203788
203788
158311
33109
15825
15825
15825
86918
86918
203788
202095
18817
188234
292909
237280
112232
78879
51522
78879
24937
229421
228064
47371
61107
148102
148102
109450
110570
87304
101742
103154
207189
103154
216814
132750
103154
74727
269428
105375
153347
213302
61478
190616
158311
140605
158311
140605
88553
114371
103154
251455
114371
103154
114371
213302
176746
89516
101742
60934
240237
15825
33494
33494
233831
260141
25587
15271
127192
126744
38839
89516
33494
158311
175272
175272
103154
89516
103154
158311
118947
80
164484
238116
89366
69534
268569
45619
96948
45936
196589
104404
251455
171378
65977
249741
88553
137999
221014
103154
258577
221014
221014
137999
45619
203674
15825
218795
251334
61535
107722
206455
103154
207189
103154
149415
200452
114371
140605
208016
192743
45619
45936
45936
41039
99061
41039
269428
45936
206455
45619
203674
45619
271299
79545
218795
206455
45619
268569
54992
218795
271299
271299
236904
271299
99024
206455
231705
70848
251480
66440
257272
107387
51238
51338
236904
124130
140605
236904
236904
144379
57965
144379
271299
271299
87890
222171
87890
87890
269428
140605
57965
22223
57965
89366
25587
89366
103723
251480
89366
4084
25587
140605
113629
221532
127192
251480
113022
268875
203674
259665
62718
221532
62718
113629
113629
113629
87969
113629
187042
113629
89366
113629
112232
154233
124130
112232
113629
114371
221532
148102
221532
154233
113629
228064
154428
112232
112232
127192
269428
127192
162900
221532
251480
153884
61466
293993
127192
83118
15008
87969
15008
251480
167964
114371
114371
114371
114371
79545
223184
180438
202010
167964
33494
33494
33494
167964
202010
81757
207189
87969
200834
127192
127192
167964
33494
11326
193943
87969
259296
57965
40309
270612
59936
87969
59936
40309
5433
59936
167964
289755
289755
289755
160668
38537
167964
274283
83118
164133
288201
288201
127192
202095
82563
82563
113629
228064
103154
25587
191863
68713
221014
119720
259665
113022
233831
233831
171416
221775
49196
164484
119720
49196
259665
166127
232218
11326
218795
259665
113022
101742
259665
113022
259665
127192
23133
202010
252613
30138
269428
133091
271742
259665
259665
255033
201318
201318
246345
134521
27643
254412
143687
87890
60648
232149
27643
57965
23243
79857
228064
162185
153884
107129
153884
72216
251480
162771
251480
162900
29162
246577
68713
254412
31508
31508
246345
57965
246345
167964
235703
164484
2341
265344
257171
151987
254412
113022
127192
254412
254412
68713
87890
81757
87890
126895
136293
193943
193943
259666
254412
151987
136293
136293
259666
136293
89366
58248
251480
33494
113022
112369
122975
122975
259666
206575
89366
103154
191339
207189
103154
259666
124664
101472
229421
254412
122975
193943
165148
254412
165148
165148
258563
30138
198950
269428
123592
51522
115503
269428
175814
99303
228321
237280
77636
254412
77636
229421
254412
5433
136293
254412
203674
254412
122975
122975
259665
114371
11326
254412
122975
87890
122975
60648
55520
122975
84472
122975
5778
201942
161517
161517
124664
66139
239268
243627
235703
178033
178033
244610
81757
169292
258847
258563
258563
209960
84472
84472
136293
87890
87890
2674
197447
167964
162771
164133
5433
84409
87890
169310
19594
10456
87890
84409
118820
272246
168260
43991
30138
103154
228321
1055
261065
254412
103154
95059
193943
272246
164133
30138
259666
259666
259666
263406
139760
123592
246345
269428
164133
180770
190780
22069
122975
29162
122975
136293
29162
193943
103154
96190
142043
246345
110059
202371
29162
246345
207189
81757
257171
246345
152490
152490
164133
152490
122975
117278
81757
190780
223357
193943
73423
272246
152017
152017
62034
152017
45619
122975
265344
283281
158139
164133
158139
122975
122975
29162
159851
122975
122975
119757
152017
152017
52166
205128
101742
74644
45619
164133
262129
117278
190780
114535
209960
164133
155091
29466
259665
193943
251480
101742
149304
152017
279701
279701
112369
20852
29162
152017
103154
205128
64197
274597
190780
152017
246345
239268
64197
165148
152017
103154
87015
87015
295007
152017
30138
255033
60403
279775
246345
155392
271301
44592
103154
25224
81757
152017
81757
103154
50170
259666
125619
272246
250976
263406
273555
263406
152017
84409
152017
273555
263406
45619
213504
152017
246345
256897
252277
152017
45619
243710
153296
60403
223357
157782
57965
207189
294019
148819
273555
117413
246345
259665
225841
61535
228321
246345
51522
152017
82830
25898
11326
25898
279775
205206
25898
26301
152017
263406
152017
39597
116848
263406
285226
246345
257171
152017
30028
50170
208016
200898
246345
285226
285226
268413
63697
246345
22752
58100
127920
193943
246345
285226
53415
285226
136293
58100
254412
218068
218068
295007
255033
89366
117413
144155
89366
24566
117413
295007
200898
285226
218068
236683
273896
171919
285226
193943
218068
285226
218068
222410
183835
163602
152017
129321
285226
144647
23048
193943
295007
295007
136293
289141
154735
166487
166487
285226
262129
259665
259665
193943
144155
250522
144495
285226
252277
259665
139660
99655
82563
285226
22752
259665
81757
209960
152017
130589
140205
191577
201942
101215
101215
101215
59114
263711
250976
5191
238912
89578
202381
163602
152017
238570
38839
66986
266145
285226
262129
105375
266145
285226
285226
260959
262699
262129
193943
202371
13093
54610
285226
144495
78055
252277
203674
238912
228321
17463
146600
191577
252277
65617
176982
90478
285226
185002
239268
60403
193943
259665
295007
259665
169035
222410
274597
38839
89366
38839
250976
30138
45619
226727
228348
175234
131432
242021
222410
222410
250522
222410
207721
285226
144155
126673
126673
62034
251480
206725
251480
164133
273318
84198
139403
213504
248211
231284
45619
262129
22083
285226
270633
100273
76791
165148
247128
231284
45619
286271
87304
262129
262129
262129
262129
45619
266145
266145
251480
266145
251480
165148
165148
55908
262129
186706
203674
239417
1154
270633
52709
190780
186828
29535
190780
52709
211889
165148
186142
165148
213504
238439
251480
251480
228321
231284
251480
238439
51600
52709
45619
81757
211889
251455
8020
181380
152017
110305
81757
64197
71115
64197
71115
64197
45418
52709
139403
137179
231284
228321
13676
69908
128256
67402
67402
85035
190780
45619
45619
184778
184778
69908
69908
158139
173448
158139
231284
158716
158139
158139
203874
91347
211889
251480
6880
66470
231284
231284
231284
226727
226727
226727
66470
190780
158139
122063
122063
262719
232760
130934
202772
292107
45619
45619
231284
274597
178670
246345
228321
152017
251480
238439
251480
231284
231284
231284
69908
84472
52709
54610
231284
85035
231284
197951
247020
249856
137941
198092
66470
193943
45619
250621
71115
41210
66470
69908
152017
41440
225841
200898
200898
212601
145446
83900
66470
183835
158139
70094
59936
226727
202772
94737
226727
212601
41210
238439
221775
94737
110589
145446
127920
6884
183835
184468
127920
94737
202772
238086
172244
256897
94737
94737
288446
231284
172244
94737
226727
172244
226727
172244
172244
17339
17339
172244
238086
41210
41210
226727
207721
226727
94737
94737
212727
172244
212727
94737
158139
73880
114585
43180
94737
94737
193943
238439
157585
94737
59811
130857
218689
117876
154276
250976
15024
94737
54610
15024
15024
260255
212727
231284
262129
262129
267113
100000
182874
212727
193943
143018
219085
212727
54610
54610
212727
219085
212727
219085
249023
80412
231284
208016
212727
208016
51376
54610
246345
202651
208016
127890
208016
190780
51376
212727
86277
219085
92223
165544
212727
99161
250976
250976
219266
195812
256897
51376
248525
290129
114756
218414
219266
254412
22752
212727
280263
56947
29535
252299
219266
153654
56947
56947
218414
56947
56947
289915
225436
257160
73180
248525
202772
181570
73180
202772
22752
73180
289328
289328
69630
254412
250976
212727
92223
218414
202772
202772
256897
226994
270633
289328
13676
127192
254091
121859
73880
39908
45619
15024
286271
57153
73880
110589
57153
30451
238086
38897
57153
30451
57153
57153
38897
270633
293567
34976
154735
211246
254412
57153
57153
89366
28052
28052
28052
238086
80412
89366
228321
226727
72216
30451
170263
127890
254412
154544
254412
89366
158414
17895
64163
64163
286271
30451
100000
89366
184091
143687
89366
70094
70094
89366
56947
160502
80412
89366
110589
101742
110589
110589
153066
237434
59811
239417
56947
87109
226727
50587
110589
143687
143687
183082
286271
89366
286271
89366
286271
286271
101742
62020
101742
202921
178002
225436
225436
89366
62020
89366
16484
101742
261468
254412
270633
6854
66675
202381
38707
143687
23767
239447
106986
238086
261468
38707
261468
238086
226421
59530
232165
139760
139760
261468
5433
68471
38707
160502
238086
261468
156499
16484
188878
256897
204268
213615
179894
239447
239447
261468
239447
7682
79857
16484
261468
239447
239447
139716
179671
202381
254412
142058
50587
59530
202921
59530
50587
29535
189810
249994
211246
254412
100515
221783
16484
80412
203674
239417
171992
206725
77075
234272
152490
176414
197966
197966
188234
84472
84472
59530
170263
270633
7682
221594
59530
286271
114756
222410
189810
175444
171919
22156
143687
101024
101742
239417
239417
142058
239417
219112
99182
80412
143687
270633
38707
181117
38707
38707
62020
261468
170263
110589
136293
143687
143687
287288
261468
38707
261468
261468
261468
261468
283430
275224
227762
38707
49299
151053
107446
238086
41210
58412
280263
26263
280263
26263
207189
205297
14849
272246
231284
261468
261468
33871
252613
136293
91007
91007
154789
91007
26263
77149
231284
231284
187365
256836
119930
256836
191863
116510
119930
174837
58412
256836
114962
256836
58412
191863
40022
96399
96399
103154
231284
253207
184405
114361
58412
256836
58412
202772
256897
14849
14849
49299
68471
49299
256836
207189
238318
256836
58412
68471
191863
68471
39168
156668
14849
14849
258563
231284
126416
259666
161690
266283
114361
84447
136293
79857
136293
256836
160502
256836
256836
79857
253016
253016
256836
200898
114361
207189
207189
254412
253016
232258
186828
91007
207189
14849
14849
175444
235337
206522
130266
207189
14819
120678
146896
14819
146896
102584
102640
49876
218649
14819
246345
14819
15120
107259
130266
136293
112064
178890
136293
158635
207189
96399
136293
136293
66613
60403
49299
136293
15120
283914
15120
254061
283914
60403
109839
49876
136293
248017
136293
136293
136293
49876
136293
165148
136293
136293
102927
136293
134989
97937
165148
109839
286271
165148
265386
231284
280263
188522
15120
84883
179421
102927
83900
102927
174874
112064
256836
189302
68595
286271
83900
143687
215630
175444
1713
60403
254412
14410
68595
55228
112064
60648
87015
190250
207189
15120
102927
171358
239006
35652
104321
35652
49876
239006
112652
102927
111430
190250
228543
169071
190446
49876
91007
49876
49876
49876
190446
190446
49876
49876
4084
102927
190446
200898
102927
292687
200898
8020
234272
286271
91007
102927
190250
215630
190250
190250
208175
190250
102927
91007
188522
231284
231284
243286
56947
188522
100954
179552
188522
60403
188522
239006
215630
237280
237280
286785
231284
213314
192876
231284
36852
231284
24225
175444
231284
271871
60403
271871
14410
200898
14410
232271
15120
14819
170263
96399
15120
96399
96399
15120
96399
175814
231284
96399
84447
191019
231284
73423
234272
22436
228543
39168
202651
96399
96399
270073
71666
87015
5191
231284
231284
128162
200898
188835
258799
51376
175444
96399
179552
288446
96399
51376
199149
186909
285448
186909
38374
56947
66675
56976
96399
227762
174377
84472
133091
122063
268485
177451
109839
109839
231284
122758
32889
122758
184091
271772
184091
186909
193521
231284
231284
242766
231284
56947
123160
216003
35652
293465
207189
253016
231284
123160
123160
123160
102721
207189
206522
123160
186909
231284
231284
244643
234272
130266
293465
179552
231284
200182
63906
113324
23112
165148
87015
193853
99968
193853
56947
208175
89578
208175
208175
200182
208175
200182
39168
200182
71666
94409
28119
94409
5184
260141
208175
112652
271871
179552
123160
193853
67866
193853
193853
221841
84472
221841
231284
84447
48141
168548
182773
223357
207189
183389
152490
172875
208175
258799
199891
48141
43933
208175
283914
172875
293465
293465
184091
223357
48141
231284
122758
231284
223357
190250
5184
198367
47946
45418
122758
172875
198367
198367
4968
184091
97719
198381
184091
59064
156072
22752
198367
184778
21261
117413
198367
287288
208175
208175
221841
59530
152490
214872
29308
44500
157532
172587
143687
216134
22752
16735
214872
243286
117413
98511
105977
105970
206522
45363
184468
183835
45639
243244
269595
231284
89578
87015
190250
21261
190250
157532
284610
228543
206522
226328
31588
21261
112652
289642
31588
289642
275405
89578
275405
273318
39168
157532
18482
189378
202772
157532
289642
206522
110766
71546
238139
39168
289642
165061
112652
28540
212877
49196
222673
275405
89578
112652
222673
122642
40279
222673
208175
159813
286271
45091
117413
221841
216003
228543
68870
222673
76191
95182
90354
90354
222673
186909
222673
216003
221783
27689
99612
20661
71546
260005
258998
260005
219415
39168
235647
235647
39168
189378
221841
203216
90354
294699
90354
39168
39168
35652
206522
197759
286911
259122
206522
286911
39168
189378
112652
171992
173448
173448
39168
206522
193853
250806
222410
76519
76519
76519
143687
136459
94320
143687
289302
22752
112652
22752
244133
171154
242578
29535
87109
119808
231284
122063
257522
206522
218586
94320
273318
94320
189378
24910
59343
135585
27927
23799
242578
23799
23799
221841
206725
198955
206725
94320
259665
242578
231284
266145
215192
231284
198955
49196
243286
203674
136459
275405
136459
266145
45815
286841
286841
231076
136293
139716
87174
250806
94320
21261
56947
250806
56947
102927
56947
117272
284645
203674
256284
206725
173448
173448
78078
40279
206725
18482
256072
171992
256284
250584
171992
206725
190574
148756
205206
206725
126868
122063
88553
78078
255667
198955
105879
105879
206725
206725
49196
294699
154735
290124
215442
114535
105879
36124
117876
184313
64620
179671
257562
253207
179671
159813
206725
21343
268711
159813
287388
253041
252472
252472
167964
217760
18482
206725
18482
40279
40567
114535
242766
176525
32889
288146
223871
136459
190574
184468
136459
136459
190574
231284
71666
136459
136459
190574
71546
122642
71546
113791
102358
228403
206725
275405
114585
21343
122063
231284
253207
54610
221504
221504
106986
122063
114585
242578
242578
114585
153019
23946
114585
242578
114585
114585
112064
114585
259122
259122
109993
286785
242578
231284
56947
198791
212976
122063
45418
231284
97937
97937
244133
151054
112064
206725
106986
206725
38929
286785
93188
206725
206725
106986
138338
231284
175099
109452
93188
17339
194474
257522
219740
112064
113791
282546
290129
122063
290129
12029
248211
270894
28885
256284
221504
21261
27689
122063
221504
122063
122063
122063
198791
287677
101472
190250
66470
194474
87015
190250
194474
242578
87015
21261
112064
223983
280861
176344
248338
293441
39168
80267
203366
91664
239999
215630
273896
78078
112064
28885
248338
266145
233831
28885
87304
135051
190250
45418
256072
269721
167964
74644
286785
288914
215630
215630
278068
282546
266145
251455
2342
36124
230804
45418
9638
242578
242578
294699
87304
857
87304
189200
251455
96784
207662
194474
9638
266145
188878
9638
189200
96784
269649
206575
294699
132460
9638
44500
229022
13924
114585
223983
105879
241046
228321
8122
8122
8122
269649
241046
192263
230804
192263
8122
89848
223983
223983
81531
89848
39721
269649
189200
189200
14322
112064
242578
474
121878
28679
53555
229421
44487
134618
474
8122
96784
136459
109839
119746
209558
53555
5438
5438
266145
245683
228403
44500
44500
239124
190250
209222
44487
188878
96678
113480
97189
26604
50996
20120
30206
190250
44487
44487
50996
248338
96784
44500
266145
44487
189200
44487
118374
44487
235819
188878
190250
248338
190250
248338
248080
296528
266145
270073
270073
69903
256072
114872
120595
20120
231284
167964
127192
56947
263426
209222
89848
263426
263426
271301
193305
15008
203674
203674
203674
8122
96784
188191
120595
107629
218573
254214
218573
114585
149051
20661
233831
248080
153884
209558
153884
45124
107629
89578
107629
89848
188878
47722
248080
29308
205206
188878
91052
264709
287388
209222
189200
269703
180770
200797
127303
68545
248338
256176
255403
126218
173157
136605
283814
283814
248080
149645
89848
4084
209222
205206
200797
223871
29308
255275
200797
108816
283814
269721
231284
269721
269721
269721
135983
198791
153884
120595
188878
109805
190250
290829
231284
153884
152017
255275
190250
49756
222673
266295
90354
204052
284645
116510
290829
5893
283914
91052
109805
6884
242578
61005
190250
101682
205297
32889
86697
283814
244445
108816
107629
251455
109805
56947
59835
192739
159986
288488
145326
177706
104678
290829
288488
201259
77970
96503
61291
46866
286911
61675
61675
288488
46470
63610
290829
61675
190250
210940
210940
46470
133695
53500
219193
46470
46470
61291
190250
61291
176525
238359
8020
231284
109839
7557
50996
46470
137402
38374
49288
259229
96784
50996
24906
254214
288914
221841
190250
44487
32958
231284
221841
288914
166727
166727
102358
50996
294815
288914
254214
131900
275258
249794
44500
38374
275258
284878
109993
275258
109993
114585
8122
77970
392
392
95643
254214
95643
175444
190250
206857
190250
57205
120595
206857
254214
190250
8122
206857
275258
186669
275258
15213
15213
255166
254214
42074
8122
59487
42074
46470
145246
193305
175764
194260
96784
120595
46470
268508
117876
190250
120595
46470
147540
218573
145246
20714
50996
52444
56947
96891
190250
58888
113742
218573
116510
56947
168736
18173
232215
168736
168736
274836
274836
274836
124796
274836
123226
190250
201490
56947
188878
282546
206857
206857
143687
180315
29308
56947
18173
182874
206857
47946
87174
206857
206857
56947
248576
47946
32172
274836
56947
93003
56947
62113
95420
223983
293213
201490
56947
257522
95420
56947
269270
4084
4084
287200
101682
143687
95420
107629
120595
107629
222966
46470
27115
231284
255066
90086
109993
222673
119062
248576
129055
107629
107629
3549
197905
257522
231284
157210
231284
7829
201490
292000
87134
231284
179061
238762
149124
107629
27059
29308
231284
50996
230340
30206
176344
205297
137402
104678
231284
29308
29308
84286
204052
29308
29308
157532
158635
50996
157532
176344
23487
274836
84286
3596
157532
157532
157532
269685
102358
191824
27059
157532
23487
292000
29308
105302
190250
61723
273318
31956
294527
269685
206336
4084
96503
96503
157532
231284
294527
120595
157532
56947
230804
23487
107629
186102
184508
157532
57598
269685
269685
206336
40525
216003
269685
230340
268508
269685
269685
250806
296528
184508
157532
218573
184405
32470
76324
184405
176532
107629
218573
231284
49023
176532
163843
163843
268508
268508
218573
123226
176344
218573
189600
189600
28679
218573
79156
159986
176344
256956
189298
215630
46866
201490
3596
184698
160862
201490
231284
97937
159986
218573
127322
184508
49023
249741
91052
218573
218573
189298
285824
142488
231284
97719
222673
146631
97719
142488
231284
153884
231284
231284
202940
231284
142637
207721
190250
160862
146631
45832
102927
160862
192020
45832
128699
274836
231284
218414
17463
293592
159108
238570
142293
231284
199092
231284
202940
218573
87078
151053
236403
23487
199092
186529
151987
186529
231284
231284
293592
4084
49023
44457
184405
79156
93003
184508
82642
102358
151053
82642
231284
236403
106442
14816
157985
31588
270242
223983
32172
231284
157985
45832
192020
259229
192020
117413
223983
168425
168425
114007
192020
192020
192020
202010
192020
83206
249741
192020
263131
231284
183044
163801
192020
255403
204052
106005
17636
107629
87174
142488
107629
158414
224080
231284
4738
45832
117413
142488
218573
236403
23767
23487
200182
231284
267718
231284
267718
267718
52120
231284
231284
231284
87174
192020
254473
192020
235819
87174
101682
192020
129128
31588
8020
269703
15371
192020
249741
249741
213665
192020
238762
231284
197312
120313
207721
31588
272246
153019
192020
141392
153019
164893
141392
141392
107629
31588
188878
141392
184468
90898
31588
231284
146631
102721
31588
107629
190250
231284
73423
231284
218573
38992
190250
184508
231284
267718
170034
13440
156238
165320
117413
107629
117413
243244
97937
41440
206335
293592
186529
244133
105879
142293
99655
46470
243244
197312
117413
276791
4084
277009
44487
61732
280736
276791
13440
190250
13440
61732
251455
260245
44487
32172
247953
218573
104318
183044
5191
231284
280736
31588
31588
8019
184778
218573
9779
35302
238570
172023
61732
284887
267083
267718
49023
172023
184778
49023
191193
49023
59064
231284
7557
49023
153884
31588
31588
97719
190250
49023
97719
31588
31588
46470
83206
231284
284878
190250
190250
68595
201717
159986
61732
23799
238534
197759
39876
184778
31588
184778
46866
31588
68595
31588
46866
231284
122626
89848
188878
183044
231284
1273
36621
96874
156968
204170
37134
290465
280736
31564
97719
84422
84422
84422
36621
36621
36621
36621
204170
218414
156968
36621
205976
36621
204170
202010
102358
156968
102358
254183
69128
291476
159986
159986
219436
61732
290465
254183
8884
61732
74280
74280
188878
259665
83887
159986
270221
36621
13676
142293
61732
61732
61732
94737
188878
36089
37134
28679
231284
82092
13676
274091
202450
259571
202522
274091
46932
156017
37134
36621
160502
37134
156017
74280
179061
265580
222740
202522
125194
265580
262008
262008
156017
57205
109839
37134
274091
46932
105879
183044
269685
183044
8020
183044
218573
8020
231284
13924
222432
288488
16228
183044
183044
105879
13676
221841
109539
69128
73423
69128
102358
183044
102358
61732
61732
181577
115864
57205
113480
218573
135585
57205
135585
135585
234011
13676
164893
279611
61732
60206
61732
145691
229895
204170
69128
159723
259571
156968
23487
61732
290465
142293
158177
46932
214132
162281
254378
202522
216829
249714
23487
158177
23487
249714
41930
156968
156968
268413
162281
135585
162281
107629
184508
93158
156017
50840
258944
156968
91216
43754
209960
107629
284887
8972
23487
107629
135585
241767
23487
13676
119930
13676
13676
210570
8020
213665
101682
267577
107629
23487
13676
8020
234749
13676
123720
13676
123720
13676
234749
122858
123720
195495
9779
142293
273788
13676
124490
107629
13676
37134
128699
124490
99432
99432
31564
135585
61005
210570
210570
213665
99432
50819
122858
134521
99432
183044
99432
183044
284887
260336
146083
99432
279796
57735
279436
213082
52480
99432
122858
189098
237509
95643
46932
123720
73518
106235
99432
106235
73518
226355
231284
183937
8020
49007
220745
39876
164893
258944
289328
105302
284429
248525
133091
222432
238191
202522
73518
135413
78055
111031
40525
290627
290627
124298
40525
258944
183937
258944
176344
68595
37788
249714
202010
81757
198490
81757
236403
218573
79662
218573
89366
133091
148160
133091
254183
166173
133091
95643
258944
146083
105302
258944
124490
61732
2407
284836
104178
172470
42436
172470
34240
258944
106235
258944
31564
91052
31564
258944
106235
198490
220882
258944
25540
165744
135585
294203
213082
4143
220745
142293
135585
31564
218573
243244
160502
50840
13676
225393
258944
172470
258944
268413
128162
218573
225393
198490
200182
226940
25540
25540
34284
243244
25540
65610
25540
89085
202778
220295
24654
292780
109053
258944
195571
258944
191193
241767
241767
239148
199462
135585
5053
237509
8020
8020
158428
109053
231284
124419
237509
237509
34210
68704
25540
202522
239148
29933
29933
100515
133789
129262
258944
173842
183831
6353
135585
8020
142293
93250
292780
142293
120144
124232
108606
231284
231284
133789
218573
209222
184166
197951
231284
32541
175764
190462
209984
209984
231284
197951
287108
3475
129262
129262
175764
56831
129262
175764
129262
68704
94480
270740
268091
282539
172470
156017
153150
94480
166173
159231
265734
74047
148428
225436
8020
65610
65610
209984
49196
49196
258944
190691
135585
135585
183044
175764
167337
133187
92431
243244
265609
243244
256836
188978
231284
268413
108606
133187
115864
114675
258944
256836
188878
99432
258944
107341
34210
125879
290465
133187
296579
263131
8020
266129
133187
133187
74727
133187
190691
133187
95999
190691
22369
156017
286813
74727
81757
259878
179889
112232
49196
227965
142293
296579
52120
92139
114535
226940
252289
296579
296579
252289
296579
70525
214307
63610
64670
220211
241767
94480
92431
68595
179889
179889
241767
183831
235819
108132
207262
179889
241767
296579
179889
111031
241767
51257
241767
226056
290465
228070
283535
191824
269948
126136
179889
51257
258944
258944
74047
74047
258944
226355
258944
156017
179889
179889
119808
150936
223290
150936
179889
258944
254091
126136
179889
136453
258944
226355
150936
179889
179889
179889
150936
261478
142293
261478
270405
198490
68595
96221
258944
47330
47330
47330
175764
175764
47330
82287
218044
136453
36621
185927
273788
258944
105879
258944
82287
54881
82287
54881
106235
82287
76794
82287
54881
249741
221372
156017
105879
150936
260158
32096
249741
249023
249023
47330
249741
235402
160991
275847
53101
53101
208328
156017
38146
208328
289435
122626
258944
40567
258944
229299
4084
34628
226355
137194
226355
158469
4084
78055
86977
109805
65610
82287
175764
250030
275847
34210
267391
198490
234883
62028
233831
146618
163278
130934
163278
156017
68704
241767
86977
241767
235402
235402
230363
281744
254316
115208
235402
279586
116211
116211
49698
235402
179889
179889
188878
86977
86977
639
61829
15024
38146
61829
38146
269703
86977
235402
7766
233831
10171
61829
188114
258944
182631
73518
82721
290760
182631
86977
132835
162914
61829
73865
23767
290760
220859
105978
66470
290760
202407
275998
106235
290760
4575
201040
61829
202407
92431
162914
29697
61829
87268
87268
88000
153195
153195
162914
111966
34210
34210
286813
153195
188114
78055
241767
16829
249741
119808
276045
162914
162914
106235
198151
243244
158357
188114
34210
136453
243244
231445
119808
106075
119808
70472
119808
119808
68595
119808
74280
78055
29697
228587
296528
188114
188114
233831
152081
78055
175764
256956
102358
34210
106491
131844
199462
153884
161928
198151
163905
198151
198151
156036
181846
286357
288446
175764
123226
61829
251334
181846
61829
13153
13153
236612
188114
246824
17339
233450
62020
199462
61829
181846
249023
153884
181846
188114
35716
258944
258944
197810
248191
181211
104435
248191
213662
197810
249741
246090
49698
163278
46932
59642
156017
96221
291546
32096
32096
32096
198151
249023
32096
35716
197968
153195
291546
279332
150622
156017
142293
254375
283814
142293
288446
142293
158615
249023
98492
77942
249023
76111
162011
116211
98492
181846
49196
49196
249023
249023
49196
4084
49196
198151
181846
188914
184778
184778
148732
202267
282546
296559
291546
158177
150936
184778
184778
4084
184778
269409
149211
249023
221866
289435
73114
2405
2405
55228
174139
189731
50170
85658
156017
197810
282546
282546
16402
199462
221866
62327
249741
221866
213665
32172
2516
32172
180128
148428
214132
148428
246824
148428
110095
273963
246824
35716
78804
136058
151147
197810
192557
2405
198666
249983
55228
55228
49821
49821
55228
49821
49821
156017
258944
173444
2405
296528
276044
258944
2405
225900
225900
173444
151147
255403
258944
283814
49821
78804
173444
267448
289839
295543
81188
282546
280736
249983
249983
194260
282546
55228
148428
148428
293826
55228
124866
191224
159231
55228
189731
267577
61829
148221
55228
18878
185616
106235
161928
156017
61829
161928
256956
244610
225436
296528
120646
202522
195571
78055
296528
259665
78055
78055
87268
78055
185616
273963
291476
185616
159231
296528
81188
225436
32172
225436
225436
40525
259665
34210
40525
224743
66735
224743
268290
40525
259665
254316
104391
104391
108816
291476
280861
156017
269409
221649
259665
259665
45835
221783
119808
211204
259665
259665
259665
224743
224743
259665
259665
108816
27892
243286
104391
15086
113480
273963
274776
19182
2149
250806
145086
189016
249741
249741
113480
259
135585
135585
218044
259665
112874
32172
108816
150380
249741
108816
49288
221649
225436
221649
249741
154118
202937
150380
221866
218783
250806
218044
259665
231636
202937
218783
202937
221866
202937
49196
49196
162771
250806
149415
89685
218783
71497
250806
275847
249741
130620
150594
221783
157532
275847
78804
129047
175764
223983
296528
296528
34387
263121
156017
143687
112874
88934
286342
112874
280455
89685
249741
149415
221649
131844
112874
71497
35716
202522
13143
98844
113396
292780
292780
112874
150560
256956
112874
112874
150560
135585
89685
98492
112874
149415
18221
106235
149415
92937
49196
129047
109717
112874
96654
151461
289308
131844
289308
112874
71497
112874
202937
98492
263121
156017
145086
49123
289308
16976
273963
156017
112874
109376
109376
267448
263121
267448
172644
156017
156017
45835
209357
16976
289308
35716
35716
98492
106235
156968
98492
150936
46906
126744
267448
259665
241686
289308
207262
177640
177640
184919
63926
54736
163905
267448
131441
194563
278221
156017
156017
289308
57284
156017
172644
156017
58721
131844
46415
112874
94420
150560
151521
73865
73865
73865
21395
24937
149415
149415
1989
278221
135585
62327
150560
150560
149415
149415
259665
150936
150560
149415
173843
21395
221401
27061
135585
135585
202977
170168
263121
135585
126136
135585
286271
289308
38897
251817
267448
2386
218409
263121
109972
194563
194563
99655
99655
90431
93160
275998
112874
159231
231284
115208
159231
98660
289308
101688
112874
58721
254137
112874
218409
289308
73033
196537
101688
182317
202749
202749
83807
141691
89685
202937
128294
156017
192399
241686
160486
160486
49698
52067
112874
156017
21712
274091
202937
128294
259665
259665
259665
231284
259665
231284
95999
160486
289308
275998
204943
289308
37022
15990
13153
156017
107248
259665
289308
229022
192399
128294
259665
63103
63103
128294
156017
14410
159231
158177
251817
279468
287520
9164
20836
287520
202937
59193
287520
263121
263121
215140
259665
226901
20836
259665
57078
199724
112874
20836
182317
182317
210072
112874
197951
117044
126136
211451
66094
108132
211204
263121
78804
60140
220966
73214
220966
276044
271808
228730
188252
188252
224635
78739
278221
245111
270981
295917
259665
211451
270981
68369
278221
207721
143687
245111
143687
106491
221841
279468
245111
245111
157786
211451
287095
215544
182942
224635
21395
112874
243325
48563
260111
4861
52067
46906
143687
143687
235064
287878
288274
73518
112874
112874
192399
106491
287878
52067
7407
105898
211451
149645
287520
287520
60897
287520
245111
185570
52067
228321
47907
224635
211451
221783
47907
20836
287520
150622
90562
23946
16829
197810
263121
223507
145514
23946
263121
73518
156017
211451
263121
287520
7407
78804
219112
200063
219112
143366
263121
259665
235005
271742
207721
119756
16829
211225
211225
16976
221783
16829
207721
243325
243325
267659
291300
260005
200063
263121
93003
111430
156017
241686
16829
48392
270981
240087
191863
112874
112874
112874
93003
145446
112874
48392
241686
16402
143130
9164
112874
287520
200063
145514
112874
145514
166848
8964
112874
191863
16829
249741
92145
207721
14410
92431
114585
16829
16829
120369
211451
108816
16829
16829
114585
73518
16829
221841
183937
19328
42811
66501
112874
156225
156225
58051
92937
42811
128294
195912
73518
16402
73518
39651
73518
112874
161928
73518
279611
163905
163905
238116
73518
32926
33165
156225
16829
107523
112874
223611
241275
130975
238116
194461
194461
130975
215544
135051
19328
115157
19328
60897
131413
135051
16829
224386
163905
16829
219193
16829
9833
90493
16829
9833
63926
52067
33165
33165
268366
283814
156225
27061
28256
63926
213361
16829
16829
141580
16829
63926
127117
16829
268366
200063
114572
60897
14410
14410
14410
60897
212183
19328
187552
15970
33165
33165
259665
207721
91947
157786
8857
189302
33165
218031
261641
186756
159813
108816
268366
229226
244610
101041
61057
33165
145086
21395
19652
209357
92937
63867
27061
290738
209357
16829
93003
60897
16829
34893
207721
132193
207721
198809
218783
60897
56947
105668
73033
244610
1989
238116
33165
207721
143687
63867
212183
63867
281184
60897
280263
280263
212183
16402
137194
215657
156225
101688
285824
18173
107688
287878
266874
14012
33165
163905
50170
16402
56947
56947
56947
31060
285019
31060
60897
101688
101688
226128
101688
279611
56947
158555
158555
250940
233348
233348
31060
31060
250940
287878
56947
33165
8972
250940
8972
250940
23902
260617
8972
156225
213662
287878
108816
238116
108816
215544
27061
27061
142488
286271
21395
60595
21395
250816
215544
33165
268711
279611
271742
33165
33165
125485
33165
271742
229022
116384
249023
54860
116384
8972
116384
5228
194461
194461
116384
125485
16829
116384
125485
13143
63926
192399
45037
33165
15573
15573
1989
192399
9164
32926
52067
231318
16829
224386
156225
34893
33165
56947
88000
33165
290308
33165
8972
33165
8972
42811
132193
281184
125485
264889
221841
88934
33165
33165
247454
9164
52067
52067
157815
33165
103154
221841
103154
93003
33165
93003
33165
93003
103154
264889
64387
25587
281184
103154
247454
150936
130934
25587
127117
33165
21395
281184
220126
132193
60897
281184
260336
224386
33165
125485
62028
213662
16829
15573
16829
16829
281184
268366
281184
198809
247454
132193
145514
287878
287878
35679
88000
106040
157786
5228
33165
83653
229313
15573
15573
15573
101767
271301
33165
281184
277488
287563
223871
27061
21395
182719
12847
271301
21395
271301
45835
95119
21395
21395
8972
198809
287878
198809
47034
198809
52067
16829
52067
287878
36536
198899
260617
21395
287878
88000
88000
88000
271742
16829
13153
16829
168230
16829
101688
21395
7766
145514
238116
145514
238116
215657
35679
273127
132193
168230
205128
107759
37788
52067
210072
220295
60897
13153
205128
205128
13153
198899
168230
205128
60897
233386
213665
270292
26141
99655
60897
145514
95999
294606
233386
59611
100863
37788
88934
264599
124810
113534
93003
38929
95999
60897
220266
151010
236466
143130
52067
4084
145514
294606
103154
215332
143130
37788
143130
73180
143130
143130
99655
215442
179061
293213
223871
131171
182482
37788
21395
247871
143130
33165
196537
131668
131668
128047
161782
78739
131668
210600
161782
143130
131668
131668
128047
247871
93003
181966
128047
161782
110305
47065
110305
131668
33165
247871
220266
238194
161782
223983
293213
259665
247871
247871
247871
247871
293213
50170
293213
89479
221649
147658
161782
236001
198426
208948
161782
161782
278691
60648
232230
161782
161782
247871
33165
33165
37788
232230
257594
205128
103154
145246
145514
161782
50693
50170
81214
205128
161782
232230
161782
54736
37788
232230
2516
93003
93003
45835
143130
45835
161782
161782
161782
207721
33165
46470
46470
93158
229872
9164
131668
131668
161782
220266
52067
161782
159986
205128
109053
294606
89206
90787
144342
89206
37788
205128
60220
35622
33165
160561
61528
294606
33165
93003
60648
33165
282539
33165
7407
257594
90493
161782
161782
257594
220232
207721
40567
220232
198666
153640
46906
294606
198666
245238
279061
192607
206811
91247
281599
278068
278068
143532
278068
221421
37187
160561
45835
278068
278068
4351
35622
118711
143532
45835
278068
160561
278068
68325
35622
35622
52067
279061
52067
143532
35622
93003
87763
93003
93003
46999
188914
221421
52067
47068
37187
182482
37187
106235
160561
161782
182482
161782
133091
35622
81996
52067
81996
81996
81996
81996
81996
52067
37187
161782
47068
56947
162264
81996
81996
81996
52067
52067
44280
259665
273896
273896
80381
16829
224741
288313
224741
213665
213665
44280
160561
257594
37788
37187
200559
161782
165767
87763
37788
37788
29933
29933
37788
257594
56947
259665
165767
205128
22849
220232
257594
220232
37788
42811
29933
81531
11173
225749
52067
207895
207895
202786
56947
14871
68325
209314
257594
107147
107147
93158
42332
37187
61509
32926
229872
211147
104504
257594
230082
42811
105302
16829
47068
67920
95999
95119
95999
271808
37187
32926
37788
47068
37788
93158
56947
256956
266353
226901
16829
254412
166385
45835
266353
45835
145086
37788
37788
11173
284000
207895
273896
46906
69897
137279
130094
269703
87763
145086
130934
130934
102640
130934
130934
271808
219193
57081
102640
273896
269703
273896
62624
209314
62624
256956
37788
247089
247089
179061
249365
24171
257594
93158
256956
105302
191577
293213
279421
191577
140387
191577
140387
103154
202786
165061
125519
208122
191577
190932
103154
113155
87511
192557
34210
37788
104504
78397
236466
284247
16829
73180
135585
259419
223983
279421
279421
223357
37788
88934
88934
284247
223983
81996
83807
135983
108132
114029
114029
114029
105302
192674
296465
226901
202786
226901
223983
226901
220745
223983
247262
88934
37788
254316
190932
88934
88934
88934
16829
247262
105302
223983
105302
207895
88934
223983
200063
109184
226901
93158
220318
174117
103154
296528
190932
108132
247262
190932
295917
88934
96221
229872
38929
101941
208122
6570
37788
247262
269703
232761
63103
49288
37788
37187
124094
37187
46906
124094
4094
4094
124094
264366
250940
104504
35169
93158
6570
256956
59896
38929
294203
16829
250940
104504
181492
6570
6570
6570
37788
6570
95683
6570
139191
97937
95683
95683
209878
95683
95683
92937
92937
38929
210600
92937
6570
247262
93158
101941
234635
220745
37788
279421
161219
104435
188914
125298
234635
271808
99612
135413
45619
190013
110570
38929
6570
240529
65253
173353
95119
103154
38929
170658
23045
139028
207136
220745
234635
38862
234635
202786
116063
200078
99612
271808
95119
106700
253704
145514
102856
50170
87763
93158
287229
202786
38862
267850
102894
283814
52067
95683
293213
38897
6570
97937
97937
111854
111854
202786
202786
111854
111854
111854
111854
68325
53524
130094
199724
1247
283814
141154
38929
259665
84756
38897
38929
38897
1247
113155
242038
149454
260940
34437
113155
283814
169738
190932
264976
34437
125519
234635
202786
124922
256943
257594
283814
224386
38897
234635
1247
91247
158042
91247
200078
266869
268878
161782
104504
190932
111430
111430
266875
190932
67369
143130
67920
234635
13468
124138
4094
125485
190932
124138
124138
38862
4094
1247
261641
261641
261641
1247
75593
140131
2973
266353
2973
99612
223871
4094
160480
123226
266353
123126
266869
74373
220956
4094
202522
202522
234635
234635
159238
234635
234635
242907
230124
234635
1247
1247
234635
147113
200978
147113
28679
168858
104504
224386
89008
234635
76536
242038
242038
176386
242038
159238
38862
65253
181122
38897
65253
55453
65253
13808
65253
75274
74373
251766
165642
85365
269128
4094
4094
294203
4094
249429
213082
135413
53524
65253
269128
238116
116893
181122
65253
269128
75774
90493
65253
65253
137941
137941
137941
65253
191224
65253
236683
140875
266353
4094
38862
232761
191224
38862
54457
38862
38862
268878
76536
135413
143824
159468
292751
22272
38862
100949
113155
76536
256956
125519
217170
42601
210600
34437
124138
1247
239411
14662
128699
261641
128699
290750
128699
4094
18506
92536
295543
181419
191224
159238
38862
191224
145325
80381
242038
61005
113396
113396
22272
128699
65253
124138
49303
124138
165642
22272
124138
278883
261262
133466
81757
113396
4094
225900
225900
4094
267860
181419
281360
62028
225900
225900
266353
128699
128699
69067
86977
173673
45835
225900
4094
236683
103154
196967
2973
225900
225900
198666
268518
221649
113396
113396
136058
136058
236683
196967
236683
256956
33599
73180
209984
73728
69067
42903
69067
109534
44280
218226
241686
236683
267275
259665
284247
37788
91219
116893
236466
37788
266353
37788
38897
137788
37788
107688
107688
37788
259665
85815
266353
249429
74373
261641
225900
249429
50898
113396
113396
225900
137941
249429
225900
113925
54367
43933
54457
68270
54457
112064
116893
116893
116893
243826
243826
37788
113155
224386
224386
113396
113396
202522
113396
196967
266353
37788
246652
143824
143824
113396
113396
113155
236683
233490
236683
54457
113396
113396
113396
236683
200078
33324
65253
42840
4094
42840
114029
162139
202522
4094
91686
4094
42840
113566
189044
134911
74727
116893
267275
266353
273896
113396
266353
220745
67920
67920
67920
22849
236403
113396
109534
267275
116893
81757
220961
236683
4094
145086
42639
113396
42639
4094
109534
109534
16952
4094
197484
254860
264420
44069
37788
189298
267275
254860
116893
116893
254860
82868
53616
192557
254860
200078
241767
242021
22849
232296
39319
101682
67920
161541
55661
180296
44280
152645
101682
36628
267275
70656
4094
200078
200078
16952
101682
101682
168757
81996
168858
22873
168757
4094
65370
38862
177611
181122
267275
116893
267275
143130
268878
254860
138685
1840
184244
294005
267275
16952
288995
233293
288401
181122
267275
259665
259665
229976
50899
259665
116893
259665
259665
69067
69067
22873
116893
264461
147467
113396
53030
261154
220961
40458
71727
259665
268246
284452
105861
284452
69067
37761
180598
226279
41886
178372
259665
220961
96221
142071
259665
259665
184324
229976
256956
102021
259665
185927
113396
224386
133091
229976
284452
229976
129241
173673
146594
198426
281430
27788
197484
37788
121500
193864
242038
161541
6570
229976
107688
107688
107688
136013
124138
185927
128700
161541
194260
73981
128700
136453
38862
180598
102721
117697
103154
225039
59064
73981
44280
128700
128700
194260
194260
169370
194260
143824
128700
208723
229976
116893
2353
229976
128700
99612
99612
225477
279531
229976
22873
184244
252796
24617
139037
236466
279531
229976
11961
279531
224698
279531
116893
47688
224698
224698
264420
44443
47688
123668
229976
229976
116893
47688
17276
30597
209419
99612
257502
38146
103885
232761
123668
232761
116893
259665
259665
184324
252796
237528
244143
259665
294815
291078
226279
232761
173043
99612
208723
130094
1515
282941
199724
232761
42346
236466
198490
152960
229976
247235
229976
229976
289308
67642
270271
162708
229976
44775
287202
282941
229976
11961
103154
287202
294805
229976
287202
123668
44232
294805
229976
5228
139037
5228
264420
140131
140131
283814
275405
254165
129781
264420
210072
160070
139037
69297
16952
231941
229976
230082
11961
247235
255443
44443
61199
81957
229976
245777
65030
192674
81957
184244
117521
229976
287202
140131
287202
258705
140131
5228
184244
277073
281360
61199
44443
281360
281360
264420
281360
229976
281360
206124
6217
74868
222262
230082
259665
255443
219500
140131
36015
29281
259665
277652
67642
123668
284452
111362
229976
65030
44443
5228
140131
5228
140131
65030
28906
1515
268246
44443
229976
259665
259665
140131
140131
229976
229976
255443
182827
28906
264420
28906
25601
255443
140131
44358
44358
86033
42639
253511
28906
80381
11961
231477
159247
259665
140131
25601
229976
255443
205297
229976
231713
25601
184405
229976
259665
229976
86033
152327
205297
232896
194260
140131
194260
140131
194260
194260
160070
205297
139037
229976
5228
243884
259665
97937
259665
74894
229976
144354
95999
15268
95999
229976
229976
229976
28906
229976
95999
277652
74894
35679
140131
4861
232896
46070
139448
46070
4861
162708
4861
185863
4861
145475
50693
262953
261529
25601
25601
139448
120035
259665
74894
200078
259665
279531
140131
295085
99243
99243
25601
99243
140131
92204
140131
139448
147113
147113
97403
111854
140131
277652
97937
277652
226355
241686
135742
206124
140131
162708
243884
243884
226355
226355
30903
142058
4861
243884
226355
226355
243884
29591
229976
229976
103154
273756
229976
202522
229976
229976
274125
44232
166954
257729
69028
257729
197730
229976
273555
210530
119735
197730
197730
252080
197730
270981
164953
215476
182296
162708
37417
246881
118976
210386
289809
184324
245777
13153
158300
229976
197730
140131
270981
11961
11961
66924
44443
229976
255756
229976
6217
145446
70879
108816
44443
269654
257729
162708
197730
44775
255756
229976
255756
65253
241594
65253
106609
79156
228161
114572
228161
189656
189656
61199
99612
229976
255756
228161
229976
133091
202522
257729
95999
257729
73981
257729
73981
44443
140131
31670
259665
103154
254316
197730
274048
584
257729
274048
99243
197730
160070
118976
118976
99612
118976
229976
239975
228161
109184
228161
206909
228161
77287
229976
109184
28679
103154
103154
228161
228161
248525
118976
248525
118976
118976
248525
42639
86033
223628
118976
79156
79156
79156
118976
102021
162708
102021
162708
10086
166723
28679
72008
118976
31288
118976
109184
139037
257729
92774
128700
264420
264420
44179
105977
109184
276779
273555
279586
8405
118976
52709
162708
248525
112171
61732
208328
240126
269342
17276
26827
228161
222195
118976
248525
61199
142293
223983
140131
79156
12098
18446
222195
228161
242590
97403
113838
219301
109805
112171
257729
74894
215325
118976
44443
271632
44443
150095
86033
211549
199511
173353
136981
150095
172470
102705
31717
79156
5428
160070
160070
160070
5428
112158
241594
71550
12098
12098
254079
202267
112171
34264
19328
34264
189656
52120
102705
102705
142293
102705
202267
19328
102705
102705
102705
170269
189656
189656
102705
189656
202267
126161
159247
242038
172470
123668
197312
202267
202267
98767
102705
36628
102705
71550
265568
181479
142293
142293
169587
49196
69067
102705
189656
166954
102705
232349
158158
150095
102705
32470
16803
289839
251841
4812
279468
5228
254079
44443
124138
77636
254079
250806
150095
77636
52145
7407
166954
58278
5428
79383
254079
160080
220266
293881
99612
143824
143824
223983
166954
38537
79156
38537
38537
161263
86710
77636
166954
173353
99612
58278
99612
38537
79383
283814
219614
259
259
219614
58278
77636
121886
79156
79383
24718
86033
139037
164953
242590
52145
254412
210072
79156
79383
254412
254412
52145
45322
228588
216958
248416
77636
279531
279531
254079
170477
254412
47584
47584
50955
222195
243562
193480
248416
13153
41210
41210
86033
139037
86033
86033
257594
130285
256306
248416
91686
235373
242590
293707
164630
139037
259127
220372
162293
269270
97937
97937
7407
219500
256306
135742
257502
257502
269270
187334
283814
283814
249741
32909
184202
295917
60220
45591
59067
163602
104705
18490
232896
18698
97937
31456
259127
246868
32981
199009
5755
58278
5438
132870
117562
256306
256306
295917
239148
295118
283814
295118
204495
203210
64277
283814
220014
163241
257502
61102
28679
243562
259127
100659
7162
122162
262550
288344
259127
215856
223983
52120
223983
262550
241900
256306
7162
61102
243562
262550
262550
140926
248416
61102
211225
68667
259665
210940
226371
256306
273756
295118
86671
192002
295118
192727
256306
109376
201119
78078
295917
208948
26716
61199
192727
69067
140348
60949
133091
226371
59091
200978
200704
97937
49098
262550
140348
58305
236441
279531
286271
85614
289308
289308
28906
295118
86671
262550
97937
4861
243562
78078
61199
214989
4861
109376
109376
158300
179093
248416
4861
162293
103154
162293
158300
162293
158300
158300
158300
158300
158300
250270
162293
112874
28906
16660
123668
247306
215325
158300
218414
584
29591
9779
213082
9779
85658
283814
63697
91293
286271
124538
158300
228988
140926
4861
50587
193164
226371
133034
286271
286830
261845
4461
262550
201359
286271
201359
5428
259127
158300
224625
289308
28177
166723
123668
213542
232349
158300
54457
289308
189298
123668
160480
18725
18725
4812
201359
258610
201359
28177
262550
261845
110095
93158
112874
110095
265660
28177
250270
201359
24718
13153
265660
265660
165956
268485
156017
112874
35679
129552
223983
201359
222195
4861
236466
201359
236683
236683
123226
112874
103154
236466
131171
258610
24718
91293
43225
43225
145086
224814
14958
10661
137941
278991
236466
2341
265660
265660
268438
259491
259127
43225
123226
123226
43225
162865
77287
43225
103154
154824
265660
258610
3567
240209
3206
240209
248416
245111
46999
59611
236466
242184
281599
58278
195955
195955
36371
5428
232896
64620
5428
83837
166723
83837
202109
259127
127117
221555
221555
86033
258610
229576
240087
32134
86033
240087
240087
296207
240087
86033
141196
254079
135983
158300
141196
5428
245111
236466
289753
218907
20478
6668
240087
105705
258610
166723
166723
259127
166723
280693
3567
166723
258610
258610
166723
258610
13153
222195
232896
165971
187826
198769
127117
222195
127117
254079
213663
293521
67920
158300
83837
91293
148083
127117
3206
240087
168255
165971
3206
283270
29101
90077
132328
268246
197034
13468
133466
28034
268246
240087
206510
45591
73166
269721
50587
269721
269721
250143
2545
122162
132870
232896
10661
132328
14248
132328
50587
40093
161908
132328
184244
233652
152916
46070
236790
73166
85702
268246
161908
161908
161908
134375
213302
232896
201119
275246
275246
127117
81757
32134
258986
119792
178465
178465
32134
152916
81757
227227
81757
134375
35637
81757
71550
201119
213302
148083
46070
201119
234993
178232
196056
201119
201119
175155
161210
69297
50587
57875
123126
71550
123126
184405
137475
112171
43225
213082
123126
244432
123126
235373
106118
223983
223358
106118
142071
201119
106118
106118
268246
88929
282489
280515
142071
244432
282489
256608
106118
171633
256608
61199
133466
54736
197312
126903
81757
106118
141346
106118
285379
65253
198769
65253
65253
273890
95991
45322
95991
46070
65253
46070
78481
150114
119965
150114
123126
123126
252289
46070
101859
46070
232896
198769
95991
25123
184244
132328
252289
224814
202109
227563
127117
63869
260265
184244
296207
149663
149663
69028
184244
107989
184244
67920
244432
67402
65253
128175
256608
112232
92758
210940
184244
73033
184244
132328
184244
132328
285379
252289
95999
69297
10661
69297
78481
224814
132328
252289
184244
220521
119434
108375
69297
128175
224814
90356
192622
156017
142071
95991
232896
232896
52067
232896
91293
191864
85288
85288
52067
240087
52067
54573
58278
235373
111674
128175
237998
90356
240087
72205
72205
123126
145086
123126
91293
224625
4812
91293
244432
91293
227868
256608
123126
91293
111674
123126
72205
123126
89334
89334
123126
90356
40176
289461
235373
156216
233386
232896
67164
133789
142071
233386
133466
252289
40176
252289
235373
237264
233386
40176
5501
5501
108375
88817
40176
88817
244432
54160
244432
244432
54160
78702
233386
233386
142071
2987
174133
233386
136581
174133
233386
233386
276791
145086
287563
174133
191858
142071
191858
282096
149663
244432
174133
188675
174133
244432
40176
133466
126903
188675
25586
29466
204998
126903
244432
278155
244432
256608
101859
17550
5501
195915
246565
195915
253231
126903
191858
200020
18446
139037
246565
195915
17550
17550
67920
18985
252289
204998
120847
169501
106214
162193
248525
111209
111674
132328
126903
149124
65666
149124
78702
78702
169501
149124
128175
149124
139480
275224
173805
69297
255667
240179
293072
61732
61732
173805
132328
277279
17550
45591
173805
45591
173805
271787
256943
173805
236474
17550
226355
179872
209771
17550
142628
149124
106214
142628
237998
36015
142071
97831
168171
264420
36015
91293
142628
149124
236613
195955
264420
191858
270525
213529
142071
138295
271855
209771
142071
17550
275224
296207
92758
240087
108375
211445
36015
142071
159042
280967
159042
201119
275224
264420
5501
240087
142628
114474
114474
114474
114474
114474
113838
5501
142628
166506
40176
275224
236829
236829
136581
5501
201259
248525
133466
109907
142628
142628
40176
173805
5501
5501
5501
36015
280967
191858
220745
133466
220232
142628
268787
237264
187458
268518
133466
69263
296207
282395
287563
125982
158716
142628
255667
142071
296207
38126
195915
183320
237264
215356
275224
61199
275224
256956
45322
142628
4812
191858
96952
7829
250955
158716
158700
257278
67796
160070
142071
142071
2353
280967
94024
224302
276196
236474
90478
61199
149124
137941
255667
162771
61199
270525
36015
61199
61199
28034
197625
160070
275224
38126
149124
195915
220641
77095
91293
132083
91293
142628
228161
28947
270525
28177
201490
282489
245761
28177
276196
286476
204236
142071
230363
139037
209771
201119
139037
213302
117498
213302
201119
142628
38126
190255
46209
240087
38126
135542
38126
175713
142628
38126
45682
141346
117498
132328
38126
21953
215717
171633
96952
201490
284452
284452
296207
142342
284452
240087
200978
245761
245761
154035
94320
261257
250030
137475
53561
53561
226355
250030
250030
149124
192096
149534
31247
134292
222676
90356
61199
250030
61199
142628
28164
38126
90356
175814
154425
215476
221937
53760
289552
115145
115145
250030
82826
18490
147274
245761
31717
13162
240677
67164
245761
83837
63869
138000
66070
117472
175814
226355
184189
20889
236683
226355
209771
175814
141216
141216
141216
141216
28177
118623
53561
48283
141216
82826
141216
226355
141216
224564
215616
94024
141216
28947
218814
218814
287563
141216
141216
112874
198860
226355
226355
61199
222676
132083
226355
218814
132083
287563
226355
132083
252289
226355
226355
198860
222676
104895
132083
104895
104895
104895
222676
104895
282489
198860
192856
141216
5501
180710
175814
90734
230804
74644
35679
230804
120780
230804
282489
226355
119949
230804
201490
20889
201490
119949
226355
119949
119949
119949
116905
104895
116905
104895
96952
287563
184876
201490
141216
104895
242907
201490
34264
96952
143532
73039
178372
201490
141216
201490
4812
20889
290707
127048
263859
20889
6603
69276
114398
256956
284836
275670
199049
143821
290707
226355
226355
104895
61199
5425
211445
143532
211445
143532
61199
50693
290707
290707
226355
119949
119949
119949
257278
199049
119949
119949
290707
226355
184876
201490
94024
110687
256956
110687
132083
229976
266002
255464
54457
256956
15882
108375
246565
192856
246565
280967
192856
20889
4812
20889
276791
180710
6603
104895
20889
246565
230804
224625
246565
246565
280751
20889
246565
280967
104895
134292
156225
20889
246565
230804
207600
152916
110687
290707
110687
15006
177557
20889
246565
152916
4812
236790
199049
20889
199049
20889
199049
87234
246565
240209
71265
184876
127048
207600
201359
26141
86576
145935
76333
187812
246565
67164
60889
250089
60889
95870
110687
219763
110687
158177
170477
49
189210
170477
81983
274776
145935
132083
184876
240209
190491
230804
147274
20889
201119
98292
222195
210884
190491
35679
190491
110687
110687
145935
145935
46470
46470
230804
46470
110687
250647
161635
35679
76794
42299
145935
90356
35679
260940
60705
278984
35679
254079
184876
201119
145935
88103
35679
145935
88103
36015
106235
240590
250955
175915
240590
180216
145935
145935
180216
145935
282389
199049
177557
145935
131171
88103
220108
289308
145935
283814
254079
200972
278984
280693
147514
36245
36245
134292
48392
110687
110687
110687
273756
228161
149534
149534
201119
90356
201119
90356
110687
124779
90356
134292
36245
50141
4812
222195
109805
211954
222195
201119
132083
230804
112874
284844
118267
61264
234657
281418
143894
272825
272825
59469
287751
201359
228161
88103
59469
88103
28034
49
49
88103
49
65268
272825
199049
88845
278155
29502
283270
99612
4812
99612
88845
195915
175814
15086
156225
198809
88845
257278
49
271855
142342
61199
22494
127188
245761
127188
289308
75072
289308
127188
122423
261938
109805
231318
243100
284452
98092
284452
142342
19781
61199
35679
143131
22494
293941
284452
208328
61199
284452
271855
154425
67164
142342
49
205129
284452
68962
271855
271855
240590
13468
284452
60889
110687
60889
284452
68381
230804
271076
284452
20889
283270
183003
173521
104895
156225
293521
271076
230804
68381
68381
88845
230943
68381
113838
68381
68381
113838
113838
161635
284452
154560
284452
68381
134292
104895
44280
204067
287888
71811
168736
110687
60889
284452
122423
142342
15086
108816
282750
220006
54759
275977
262699
11091
282395
205935
281349
284452
110687
79962
231318
113838
172095
74834
284452
99320
284452
244692
15086
124721
74727
283814
283814
45244
240590
188914
45244
34907
284452
219553
104504
284452
287888
134292
69851
155402
71550
18446
201119
13676
115442
115442
102021
49
184800
250143
49
283814
60889
60889
49
86671
171972
5631
81861
134292
134292
49
141313
54759
32083
95999
95999
183320
60705
134292
28710
60889
189350
254079
134441
287563
254079
254079
230804
230804
262699
201359
97937
228988
229610
134292
262699
153604
113838
96952
262699
211147
28034
2405
173222
281349
49
49
262699
121698
34207
28034
198769
229610
198769
96952
95999
217285
23404
23404
229610
262711
73636
238242
61179
208411
197625
197625
28824
185486
202962
221118
117498
13784
240590
23404
198694
262699
28034
34207
117467
32934
273792
83837
54759
139903
281744
161635
23404
23404
54298
28034
185486
293521
176385
105372
198769
88103
88103
184560
211147
28034
281744
117498
283814
67164
212852
222637
247235
113838
110958
161210
88103
176385
88103
28034
207535
222637
80815
256956
141073
23114
28034
212852
54298
241743
203365
28034
184560
95999
123135
222637
7837
88845
232760
283814
222637
222637
222637
176385
186851
186851
259
176385
258610
108816
115331
212852
141073
32533
215424
32533
45363
45363
255464
54298
50607
16829
139903
197730
184560
95999
221769
176385
221769
162386
141346
162386
176385
250143
288796
288796
198769
139903
110450
127188
104178
55099
141073
166144
276748
197630
253305
287563
166026
141346
95999
54298
99339
14134
293521
215099
215099
198769
198769
211147
293521
198769
141073
277376
215099
140131
203365
81983
16829
259122
11916
197630
255464
203062
252198
203365
253305
29166
222676
123165
95999
198490
259122
277376
213082
253305
231318
203365
220187
184560
85079
49
231318
270405
268960
55228
54200
127188
95968
184560
137185
259039
237397
286520
151543
237397
203365
13784
188883
73741
95999
58167
141073
141073
253305
229976
49
143821
49
180878
285379
49
138285
101676
176385
228988
203365
184800
182548
49
49
54298
49
54298
252993
180878
47922
143894
95999
49
95999
180878
47922
242723
49
251653
49
1774
250143
69851
27294
141073
89895
250089
134441
176815
95999
254079
245528
254079
95999
95999
81008
56328
232760
208820
95999
5228
13784
154405
124721
293521
293521
242723
1874
242723
154405
95999
158247
78334
157532
279989
13784
69297
13784
44327
44327
244612
13784
184189
11402
180878
13784
44280
34907
44327
259122
245528
201359
293941
259122
247497
143894
98212
259122
133187
88103
77095
88103
23114
94192
1485
228030
77095
66736
77095
154425
23114
77095
23114
11916
49144
176385
23114
54200
49144
281744
190491
285379
70901
49144
154405
154405
190491
154405
112874
11916
76414
50898
95999
190491
225863
190491
154405
23114
256981
16127
172587
49144
154405
49144
225863
180878
234657
154405
154405
190491
190491
190491
23114
23114
250143
57166
161045
148732
7837
2405
49404
247497
200213
165793
190491
253664
209921
165793
49404
43180
114216
43180
194939
229575
43180
1874
1774
222195
172629
172629
202962
44280
172629
202962
150114
274687
244432
43180
281120
281120
243543
274687
154405
244432
244432
255151
256956
3067
3067
228632
22237
172629
43180
225410
134441
186867
81008
81008
101676
114216
223983
274217
80412
38897
2405
38897
2405
38897
172629
278316
184243
172629
210940
224564
161045
198493
284958
22237
43180
238297
57166
184243
53255
43180
198690
116651
284958
50955
53255
43180
127649
284963
23114
242059
289435
268787
143324
43180
204031
227356
284958
145935
143532
204031
214269
230082
230082
250143
85595
85595
260582
268787
293941
261772
228632
200182
202962
198690
198690
261772
190491
261772
190491
190491
261772
250647
229610
198690
7557
229610
259039
229610
198690
225863
244801
45598
45598
202962
268787
293521
150395
45598
117498
90769
230082
11916
192533
137845
137845
154356
16829
141073
49698
132328
45682
99923
163200
189350
31326
229575
126662
150395
126662
117498
229576
281120
