257574
299486
257574
160432
257574
29352
257574
299607
257574
189995
257574
240205
257574
133834
257574
131913
257574
276045
257574
299458
257574
165743
257574
94589
257574
234185
257574
100625
257574
227309
257574
94863
257574
71371
257574
74957
257574
268742
257574
299910
257574
169255
257574
299458
257574
205177
257574
23467
257574
16300
257574
299999
257574
12384
257574
198788
257574
292529
257574
299895
257574
129201
257574
299326
257574
240642
257574
299487
257574
295840
257574
191221
257574
95793
257574
222450
257574
19076
257574
41879
257574
249898
257574
269951
257574
60828
257574
299464
257574
136767
257574
266864
257574
131876
257574
113232
257574
289982
257574
44892
257574
299949
257574
213677
257574
202243
257574
178332
257574
191244
257574
30067
257574
74059
257574
87645
257574
43134
257574
299389
257574
52530
257574
299407
257574
125040
257574
214848
257574
299633
257574
299366
257574
299995
257574
299940
257574
160004
257574
279759
257574
216742
257574
299961
257574
148484
257574
299886
257574
63483
257574
211584
257574
55732
257574
70182
257574
299685
257574
14996
257574
128841
257574
299485
257574
167220
257574
222619
257574
15330
257574
148306
257574
74460
257574
299700
257574
299367
257574
249462
257574
137067
257574
177483
257574
143488
257574
299692
257574
206668
257574
161241
257574
283706
257574
267747
257574
144159
257574
142360
257574
204341
257574
210843
257574
109872
257574
299922
257574
83056
257574
299886
257574
206662
257574
299964
257574
147604
257574
299929
257574
87424
257574
205862
257574
299584
257574
95078
257574
81175
257574
57686
257574
299822
257574
291507
257574
208970
257574
299633
257574
440
257574
242884
257574
263431
257574
119080
257574
214458
257574
269427
257574
107615
257574
171636
257574
281294
257574
18075
257574
189330
257574
124813
257574
156682
257574
299539
257574
177789
257574
61161
257574
299832
257574
141650
257574
50013
257574
299586
257574
299510
257574
88546
257574
299510
257574
299927
257574
148741
257574
234874
257574
198939
257574
262778
257574
252276
257574
161705
257574
177644
257574
127689
257574
190574
257574
129072
257574
299904
257574
159640
257574
255406
257574
299692
257574
299875
257574
238865
257574
299592
257574
60332
257574
299897
257574
128895
257574
19036
257574
106821
257574
267695
257574
170215
257574
75357
257574
85951
257574
299580
257574
4958
257574
146996
257574
55957
257574
24992
257574
77369
257574
299592
257574
207461
257574
299684
257574
237226
257574
255027
257574
90298
257574
299423
257574
60891
257574
136890
257574
244580
257574
50002
257574
267025
257574
228883
257574
299822
257574
173573
257574
93355
257574
277717
257574
4237
257574
182067
257574
4498
257574
2917
257574
85098
257574
41088
257574
37015
257574
299875
257574
281402
257574
274792
257574
299837
257574
129376
257574
299908
257574
52534
257574
299852
257574
1959
257574
277115
257574
84418
257574
187271
257574
14130
257574
249304
257574
60345
257574
91727
257574
87441
257574
256543
257574
171222
257574
299875
257574
226246
257574
299837
257574
299586
257574
299940
257574
91354
257574
6786
257574
85766
257574
268071
257574
293316
257574
299675
257574
299354
257574
299599
257574
299528
257574
299149
257574
165350
257574
299949
257574
203529
257574
200708
257574
27842
257574
299687
257574
246799
257574
158521
257574
102667
257574
299954
257574
299922
257574
165961
257574
235832
257574
67589
257574
189598
257574
98213
257574
223532
257574
84107
257574
192007
257574
299487
257574
101925
257574
218601
257574
299319
257574
299977
257574
153684
257574
299929
257574
17169
257574
299305
257574
299724
257574
14898
257574
299798
257574
199124
257574
15725
257574
299426
257574
136962
257574
211851
257574
19550
257574
164644
257574
249345
257574
228168
257574
240126
257574
213177
257574
170886
257574
201614
257574
299348
257574
299458
257574
267908
257574
290711
257574
299361
257574
99081
257574
205841
257574
164924
257574
1688
257574
209256
257574
31584
257574
187702
257574
57289
257574
256495
257574
198561
257574
254509
257574
117956
257574
299599
257574
299414
257574
299832
257574
256695
257574
148147
257574
299902
257574
298542
257574
299687
257574
299458
257574
59168
257574
166047
257574
180143
257574
297970
257574
243991
257574
166451
257574
140434
257574
76635
257574
70890
257574
181226
257574
150367
257574
252873
257574
244912
257574
299985
257574
225795
257574
165103
257574
202725
257574
192957
257574
299829
257574
212835
257574
298094
257574
113535
257574
74943
257574
60793
257574
299829
257574
236221
257574
177189
257574
192200
257574
299906
257574
299766
257574
83099
257574
193112
257574
89635
257574
193565
257574
299589
257574
175682
257574
199903
257574
295614
257574
135443
257574
275353
257574
299793
257574
236717
257574
47450
257574
60587
257574
140075
257574
157400
257574
146743
257574
34907
257574
72590
257574
64118
257574
180617
257574
229411
257574
299539
257574
299917
257574
221629
257574
299367
257574
170440
257574
45299
257574
9510
257574
30234
257574
299910
257574
46995
257574
299985
257574
191687
257574
50697
257574
59696
257574
203922
257574
187235
257574
299895
257574
299458
257574
299927
257574
82981
257574
79449
257574
13141
257574
299874
257574
69557
257574
12020
257574
51632
257574
168628
257574
34184
257574
57512
257574
191555
257574
36502
257574
299999
257574
25321
257574
299822
257574
287109
257574
250033
257574
299929
257574
171160
257574
194272
257574
131551
257574
125056
257574
210723
257574
228249
257574
233803
257574
299606
257574
299432
257574
255811
257574
101225
257574
294823
257574
137430
257574
282377
257574
167050
257574
19867
257574
299441
257574
15103
257574
65839
257574
247760
257574
138927
257574
70124
257574
299349
257574
139171
257574
288119
257574
24311
257574
90177
257574
9295
257574
73186
257574
143618
257574
188521
257574
97179
257574
299893
257574
299458
257574
299740
257574
166189
257574
222352
257574
299388
257574
299759
257574
89129
257574
46714
257574
120928
257574
157639
257574
196895
257574
108180
257574
299388
257574
153002
257574
120892
257574
299801
257574
183911
257574
299977
257574
289981
257574
113780
257574
61218
257574
299432
257574
289367
257574
128771
257574
153545
257574
47611
257574
299439
257574
171048
257574
299643
257574
114612
257574
7890
257574
56240
257574
43606
257574
276816
257574
250572
257574
248399
257574
186105
257574
299929
257574
290089
257574
179502
257574
299442
257574
78100
257574
78114
257574
51657
257574
227405
257574
138785
257574
91813
257574
169537
257574
299586
257574
149625
257574
160216
257574
299667
257574
76386
257574
57320
257574
299795
257574
202508
257574
142283
257574
198497
257574
299621
257574
290453
257574
61700
257574
64803
257574
2805
257574
208707
257574
299807
257574
173503
257574
299886
257574
66996
257574
299320
257574
299358
257574
294274
257574
250176
257574
181726
257574
4829
257574
107859
257574
150982
257574
299954
257574
168097
257574
260194
257574
244455
257574
199650
257574
13587
257574
299465
257574
299326
257574
257111
257574
160169
257574
281588
257574
251183
257574
208341
257574
80994
257574
163734
257574
233980
257574
284809
257574
196383
257574
299793
257574
299822
257574
15631
257574
91782
257574
299852
257574
219334
257574
199229
257574
189161
257574
176683
257574
299922
257574
122046
257574
291427
257574
41812
257574
1766
257574
118123
257574
176460
257574
195138
257574
299536
257574
299718
257574
113019
257574
30332
257574
87627
257574
19306
257574
161341
257574
145859
257574
193391
257574
226930
257574
299510
257574
230869
257574
299465
257574
109261
257574
167764
257574
39530
257574
279860
257574
61322
257574
180913
257574
22138
257574
80230
257574
109445
257574
171131
257574
76619
257574
261680
257574
241531
257574
127062
257574
229524
257574
5547
257574
182967
257574
266303
257574
299466
257574
48391
257574
299868
257574
285937
257574
85520
257574
247687
257574
299940
257574
299940
257574
124986
257574
47468
257574
299637
257574
78826
257574
921
257574
264375
257574
299580
257574
54054
257574
39152
257574
53433
257574
56191
257574
282156
257574
79707
257574
148413
257574
298809
257574
259350
257574
7941
257574
206389
257574
95767
257574
211053
257574
126134
257574
96473
257574
205188
257574
30057
257574
1267
257574
299441
257574
298970
257574
60715
257574
199799
257574
299547
257574
299868
257574
73096
257574
57261
257574
156343
257574
101571
257574
152714
257574
294199
257574
56489
257574
10356
257574
198813
257574
193648
257574
299607
257574
76917
257574
299407
257574
242110
257574
252260
257574
292894
257574
129227
257574
197397
257574
229028
257574
226541
257574
108566
257574
174428
257574
195287
257574
299464
257574
299928
257574
299348
257574
15622
257574
113599
257574
74020
257574
299338
257574
207404
257574
205606
257574
64822
257574
299533
257574
29759
257574
4104
257574
239053
257574
295167
257574
187005
257574
299973
257574
60510
257574
19551
257574
22897
257574
223777
257574
3527
257574
142045
257574
222852
257574
299875
257574
299507
257574
45394
257574
117646
257574
43586
257574
108375
257574
47114
257574
221796
257574
85323
257574
299464
257574
161096
257574
55186
257574
205285
257574
280353
257574
69871
257574
226436
257574
91256
257574
147938
257574
299577
257574
27683
257574
299514
257574
299667
257574
226052
257574
272995
257574
178180
257574
33658
257574
68544
257574
197659
257574
232062
257574
128321
257574
129084
257574
77809
257574
299510
257574
125814
257574
299751
257574
117619
257574
195162
257574
299602
257574
49921
257574
244494
257574
94519
257574
157372
257574
299995
257574
299735
257574
96565
257574
299759
257574
298764
257574
228854
257574
281445
257574
194758
257574
163743
257574
217004
257574
135295
257574
299458
257574
266246
257574
68752
257574
199665
257574
299891
257574
116547
257574
133970
257574
35118
257574
97978
257574
73674
257574
31749
257574
237054
257574
185725
257574
26330
257574
299676
257574
93008
257574
117974
257574
188105
257574
150485
257574
36515
257574
67788
257574
54673
257574
299596
257574
299875
257574
274775
257574
81963
257574
96492
257574
151594
257574
126990
257574
162248
257574
299886
257574
257997
257574
239129
257574
197772
257574
98146
257574
166452
257574
299334
257574
299466
257574
79385
257574
299725
257574
40959
257574
49710
257574
299692
257574
42666
257574
136862
257574
62372
257574
13815
257574
299822
257574
107830
257574
234930
257574
299801
257574
299580
257574
51520
257574
95947
257574
39670
257574
233448
257574
97324
257574
133116
257574
299725
257574
5365
257574
232926
257574
266641
257574
32390
257574
299334
257574
211465
257574
56199
257574
299580
257574
141228
257574
222719
257574
130225
257574
91342
257574
299940
257574
236930
257574
219847
257574
299740
257574
299441
257574
299407
257574
6839
257574
21426
257574
299952
257574
27663
257574
77673
257574
245548
257574
149066
257574
206275
257574
70936
257574
299452
257574
287458
257574
204757
257574
163596
257574
155554
257574
89287
257574
64838
257574
113030
257574
292964
257574
58460
257574
179046
257574
44796
257574
13645
257574
149520
257574
11118
257574
117511
257574
111601
257574
68719
257574
299606
257574
224294
257574
146566
257574
299923
257574
197300
257574
207426
257574
299740
257574
204748
257574
95298
257574
25414
257574
299689
257574
299441
257574
35981
257574
270181
257574
108478
257574
180078
257574
71880
257574
285386
257574
176832
257574
299897
257574
291126
257574
60492
257574
299354
257574
299441
257574
299793
257574
103076
257574
28169
257574
25015
257574
95871
257574
214456
257574
291702
257574
299832
257574
199015
257574
227229
257574
233914
257574
97434
257574
106331
257574
247022
257574
112671
257574
226103
257574
166499
257574
138793
257574
299718
257574
285617
257574
133801
257574
150427
257574
77079
257574
299606
257574
299580
257574
255608
257574
299915
257574
52495
257574
33502
257574
40553
257574
40503
257574
112461
257574
299964
257574
27842
257574
71980
257574
165788
257574
132013
257574
87342
257574
299785
257574
68793
257574
214734
257574
299759
257574
228264
257574
212585
257574
200014
257574
249275
257574
299885
257574
159209
257574
142258
257574
218228
257574
172605
257574
174244
257574
239237
257574
288662
257574
130941
257574
299906
257574
18294
257574
287168
257574
197471
257574
284998
257574
299663
257574
14072
257574
299675
257574
299685
257574
31004
257574
259400
257574
134448
257574
174221
257574
288615
257574
229482
257574
299759
257574
147604
257574
299650
257574
195365
257574
58492
257574
97703
257574
270885
257574
81864
257574
299868
257574
93570
257574
131130
257574
299651
257574
259058
257574
299450
257574
206289
257574
81222
257574
299854
257574
179460
257574
40683
257574
165810
257574
299348
257574
136022
257574
203565
257574
184317
257574
165387
257574
299571
257574
157400
257574
217653
257574
299439
257574
72154
257574
52540
257574
57908
257574
272660
257574
192222
257574
180464
257574
299354
257574
268228
257574
297524
257574
205620
257574
299671
257574
55014
257574
91120
257574
269032
257574
256805
257574
232059
257574
74340
257574
182332
257574
194034
257574
295223
257574
3676
257574
58933
257574
210678
257574
299536
257574
299764
257574
200751
257574
299940
257574
299420
257574
74982
257574
299964
257574
3086
257574
134130
257574
141765
257574
63427
257574
102743
257574
104021
257574
175659
257574
185533
257574
288477
257574
299687
257574
190525
257574
242284
257574
374
257574
299432
257574
14049
257574
254706
257574
217680
257574
299887
257574
97255
257574
167595
257574
75945
257574
268995
257574
21546
257574
100909
257574
281795
257574
299428
257574
212441
257574
126130
257574
299643
257574
128985
257574
12886
257574
171159
257574
270714
257574
251336
257574
207005
257574
107981
257574
127730
257574
299336
257574
85647
257574
299414
257574
268476
257574
146489
257574
69250
257574
249216
257574
146425
257574
148105
257574
72266
257574
299803
257574
187668
257574
96826
257574
299367
257574
245627
257574
128377
257574
195022
257574
140103
257574
143381
257574
193574
257574
124118
257574
105349
257574
157938
257574
243442
257574
299922
257574
297168
257574
299852
257574
13705
257574
212842
257574
76207
257574
43373
257574
299910
257574
169130
257574
215178
257574
299890
257574
10098
257574
299423
257574
97724
257574
299388
257574
1647
257574
123862
257574
299580
257574
70901
257574
299738
257574
200013
257574
203544
257574
229046
257574
299874
257574
40420
257574
286106
257574
218914
257574
180844
257574
197606
257574
178005
257574
244444
257574
169274
257574
46109
257574
299954
257574
90725
257574
235796
257574
291118
257574
289143
257574
1647
257574
65389
257574
70243
257574
75814
257574
187087
257574
20893
257574
251422
257574
245536
257574
299692
257574
299495
257574
109504
257574
299622
257574
299850
257574
299718
257574
135851
257574
299514
257574
213206
257574
21284
257574
299906
257574
299766
257574
223046
257574
250497
257574
262628
257574
298158
257574
137640
257574
169484
257574
259217
257574
98543
257574
297643
257574
43963
257574
265591
257574
299532
257574
299464
257574
299763
257574
29644
257574
299521
257574
299824
257574
170856
257574
40331
257574
217425
257574
135250
257574
121315
257574
59205
257574
183977
257574
185979
257574
229282
257574
63382
257574
244332
257574
190849
257574
239917
257574
275915
257574
155986
257574
178781
257574
173565
257574
299837
257574
299952
257574
271532
257574
67492
257574
11592
257574
220235
257574
299607
257574
199142
257574
299633
257574
273344
257574
99729
257574
224065
257574
261740
257574
11620
257574
259484
257574
228611
257574
299929
257574
299993
257574
299961
257574
130462
257574
131767
257574
3225
257574
207090
257574
60428
257574
299915
257574
244357
257574
149387
257574
299505
257574
299464
257574
299759
257574
7057
257574
231192
257574
299397
257574
258053
257574
41683
257574
299795
257574
120565
257574
248469
257574
35314
257574
299911
257574
2055
257574
299952
257574
15942
257574
8683
257574
299907
257574
249265
257574
299487
257574
299923
257574
125809
257574
6539
257574
24020
257574
141857
257574
47618
257574
172386
257574
144003
257574
43095
257574
39728
257574
219863
257574
86922
257574
37704
257574
41178
257574
147049
257574
6267
257574
52903
257574
185912
257574
274993
257574
92516
257574
67834
257574
299521
257574
299685
257574
71397
257574
9479
257574
169897
257574
299852
257574
299510
257574
299426
257574
193727
257574
55107
257574
173812
257574
136934
257574
97960
257574
8480
257574
63589
257574
299923
257574
28377
257574
168148
257574
254522
257574
141695
257574
233091
257574
270049
257574
211547
257574
117511
257574
231477
257574
299964
257574
55921
257574
299922
257574
195835
257574
88870
257574
176625
257574
124691
257574
299534
257574
260614
257574
299665
257574
119042
257574
77408
257574
169409
257574
55502
257574
161269
257574
48511
257574
299651
257574
18221
257574
18886
257574
299417
257574
5840
257574
299366
257574
440
257574
139553
257574
13642
257574
174562
257574
133668
257574
53892
257574
261309
257574
82656
257574
299577
257574
282568
257574
249214
257574
266192
257574
27402
257574
299959
257574
1039
257574
299964
257574
271394
257574
7760
257574
153665
257574
178840
257574
22538
257574
231954
257574
297056
257574
299517
257574
178103
257574
299465
257574
299404
257574
299735
257574
299446
257574
29780
257574
225368
257574
122162
257574
111648
257574
9504
257574
75915
257574
299739
257574
90226
257574
185908
257574
46222
257574
62834
257574
136589
257574
19781
257574
162767
257574
299906
257574
299336
257574
41879
257574
299385
257574
299420
257574
55256
257574
206520
257574
299949
257574
264756
257574
99725
257574
695
257574
186075
257574
277536
257574
160848
257574
230642
257574
199556
257574
199928
257574
208593
257574
21714
257574
107980
257574
142244
257574
299740
257574
255598
257574
299893
257574
113387
257574
73561
257574
77710
257574
79568
257574
299747
257574
278250
257574
299626
257574
232337
257574
261450
257574
121115
257574
299822
257574
299807
257574
299929
257574
299976
257574
272505
257574
61750
257574
283134
257574
299904
257574
296884
257574
299949
257574
74694
257574
231502
257574
299580
257574
167940
257574
149884
257574
114238
257574
269123
257574
284719
257574
292384
257574
77785
257574
279353
257574
81106
257574
299428
257574
187306
257574
53472
257574
164400
257574
87642
257574
53743
257574
192460
257574
160971
257574
299510
257574
74393
257574
225550
257574
191032
257574
299439
257574
299928
257574
26237
257574
115451
257574
137698
257574
57083
257574
163391
257574
166816
257574
240600
257574
232968
257574
66685
257574
299379
257574
299626
257574
279230
257574
64931
257574
178570
257574
107291
257574
122473
257574
166669
257574
299417
257574
150100
257574
23392
257574
67366
257574
225424
257574
64857
257574
299407
257574
299646
257574
6611
257574
56044
257574
119667
257574
127396
257574
136427
257574
211880
257574
263610
257574
26240
257574
102287
257574
145372
257574
299665
257574
299367
257574
299952
257574
99280
257574
23410
257574
299458
257574
273937
257574
299684
257574
35574
257574
35592
257574
211473
257574
299863
257574
21731
257574
188803
257574
214399
257574
173589
257574
206175
257574
299959
257574
299906
257574
227954
257574
206707
257574
22053
257574
140420
257574
185019
257574
299417
257574
19042
257574
90983
257574
98565
257574
59053
257574
299432
257574
164412
257574
296765
257574
44278
257574
299599
257574
139535
257574
299487
257574
185674
257574
174224
257574
45286
257574
299676
257574
222226
257574
95157
257574
240039
257574
37489
257574
54715
257574
257976
257574
299349
257574
291444
257574
299667
257574
299336
257574
255030
257574
227729
257574
265812
257574
234076
257574
276831
257574
25167
257574
186378
257574
112515
257574
143390
257574
299637
257574
285686
257574
209595
257574
299606
257574
230099
257574
24800
257574
76907
257574
16717
257574
276839
257574
202524
257574
178956
257574
299606
257574
299906
257574
299724
257574
137090
257574
27794
257574
286916
257574
82459
257574
146968
257574
109070
257574
88620
257574
299740
257574
143844
257574
127323
257574
299397
257574
299407
257574
299837
257574
299684
257574
21131
257574
272989
257574
299993
257574
34482
257574
277182
257574
56640
257574
7760
257574
143033
257574
180395
257574
173799
257574
185622
257574
230334
257574
217696
257574
299633
257574
16128
257574
25453
257574
72778
257574
8737
257574
299485
257574
79559
257574
262207
257574
145623
257574
299626
257574
264161
257574
299586
257574
86256
257574
252838
257574
299949
257574
155720
257574
26045
257574
134997
257574
185820
257574
299435
257574
237757
257574
226689
257574
63061
257574
299439
257574
91416
257574
211362
257574
79946
257574
25583
257574
37764
257574
179069
257574
224966
257574
107301
257574
167469
257574
299479
257574
299571
257574
198193
257574
299539
257574
156604
257574
164660
257574
268673
257574
46478
257574
171766
257574
299689
257574
90516
257574
88341
257574
299423
257574
299354
257574
229549
257574
2209
257574
251272
257574
42505
257574
182929
257574
299957
257574
36156
257574
268328
257574
105412
257574
299953
257574
299649
257574
15541
257574
282209
257574
299584
257574
275672
257574
49212
257574
299458
257574
299928
257574
223250
257574
41237
257574
86905
257574
173255
257574
299801
257574
299688
257574
9872
257574
299510
257574
137493
257574
299741
257574
177660
257574
299725
257574
299801
257574
60855
257574
220998
257574
299911
257574
299404
257574
179216
257574
299338
257574
299922
257574
269065
257574
299929
257574
285948
257574
71115
257574
103226
257574
84833
257574
69057
257574
162985
257574
234191
257574
14488
257574
72079
257574
111259
257574
299866
257574
234477
257574
81956
257574
299404
257574
225764
257574
45343
257574
166573
257574
273349
257574
226284
257574
194990
257574
3807
257574
118810
257574
293354
257574
132774
257574
64877
257574
299486
257574
28652
257574
115882
257574
44358
257574
261976
257574
168780
257574
212993
257574
146968
257574
196955
257574
70858
257574
20679
257574
299632
257574
299367
257574
299552
257574
124168
257574
28256
257574
88407
257574
299926
257574
117925
257574
299801
257574
287635
257574
23346
257574
106386
257574
17950
257574
20184
257574
125876
257574
277430
257574
299441
257574
299929
257574
295956
257574
147906
257574
20487
257574
242407
257574
299487
257574
299724
257574
74506
257574
82312
257574
79737
257574
196895
257574
91722
257574
299010
257574
299475
257574
299760
257574
49371
257574
134721
257574
261355
257574
184276
257574
5595
257574
200317
257574
107828
257574
126067
257574
286839
257574
178334
257574
188056
257574
299464
257574
219465
257574
299458
257574
31341
257574
73185
257574
28090
257574
134841
257574
164700
257574
125553
257574
14303
257574
187337
257574
268506
257574
33985
257574
299897
257574
224550
257574
299552
257574
169326
257574
299724
257574
128728
257574
285167
257574
256398
257574
7138
257574
275369
257574
97669
257574
12895
257574
97698
257574
299441
257574
115911
257574
88017
257574
299361
257574
196190
257574
173890
257574
87021
257574
225548
257574
165445
257574
299414
257574
291997
257574
123418
257574
47866
257574
86533
257574
285224
257574
158448
257574
299439
257574
39766
257574
12875
257574
299580
257574
33977
257574
267666
257574
74866
257574
151935
257574
924
257574
178003
257574
149972
257574
43265
257574
101227
257574
299596
257574
291566
257574
95269
257574
244221
257574
244783
257574
105491
257574
299397
257574
85562
257574
41004
257574
290875
257574
299464
257574
136151
257574
299435
257574
34909
257574
86462
257574
223798
257574
66619
257574
299319
257574
172767
257574
243585
257574
141222
257574
129639
257574
214138
257574
72831
257574
278972
257574
209280
257574
148571
257574
150082
257574
1753
257574
299367
257574
201869
257574
113514
257574
97177
257574
299596
257574
123772
257574
24340
257574
299904
257574
1825
257574
299621
257574
299609
257574
226762
257574
299599
257574
299829
257574
158963
257574
120278
257574
82363
257574
299917
257574
60322
257574
66436
257574
86079
257574
74357
257574
155469
257574
180636
257574
136079
257574
140739
257574
299932
257574
150607
257574
191928
257574
299637
257574
245389
257574
24799
257574
291413
257574
299919
257574
90605
257574
299388
257574
150436
257574
122595
257574
153376
257574
299837
257574
111534
257574
51060
257574
164469
257574
180768
257574
164083
257574
299740
257574
53600
257574
40605
257574
299857
257574
139134
257574
32394
257574
264266
257574
13890
257574
299973
257574
299900
257574
299739
257574
299886
257574
225088
257574
204729
257574
189133
257574
299458
257574
29803
257574
299910
257574
299735
257574
59748
257574
299801
257574
162942
257574
100943
257574
217913
257574
151853
257574
138902
257574
299327
257574
288230
257574
299536
257574
151882
257574
33483
257574
299419
257574
121744
257574
197954
257574
90229
257574
299358
257574
89211
257574
144675
257574
51127
257574
250928
257574
254706
257574
25468
257574
214292
257574
205849
257574
174560
257574
266927
257574
84599
257574
290493
257574
299986
257574
299621
257574
199551
257574
176719
257574
168884
257574
51165
257574
208784
257574
227785
257574
299577
257574
73811
257574
233404
257574
199629
257574
299897
257574
19776
257574
124511
257574
299622
257574
61892
257574
299643
257574
299685
257574
72397
257574
139213
257574
62942
257574
158971
257574
30538
257574
227491
257574
77620
257574
78518
257574
299822
257574
164058
257574
299547
257574
82313
257574
28794
257574
6322
257574
299661
257574
283978
257574
299893
257574
121158
257574
16778
257574
55431
257574
299586
257574
299829
257574
148150
257574
229278
257574
278829
257574
299741
257574
299589
257574
299510
257574
157025
257574
154472
257574
166489
257574
81098
257574
253334
257574
223495
257574
222922
257574
24295
257574
251708
257574
207815
257574
283502
257574
259282
257574
280850
257574
2404
257574
51721
257574
58668
257574
35024
257574
299837
257574
299929
257574
299822
257574
239908
257574
299596
257574
53120
257574
298999
257574
7469
257574
180808
257574
88139
257574
2216
257574
276743
257574
125626
257574
299407
257574
299419
257574
187502
257574
65280
257574
186765
257574
299851
257574
1232
257574
234742
257574
299010
257574
105826
257574
294564
257574
87672
257574
299428
257574
34437
257574
86118
257574
45816
257574
299361
257574
142925
257574
92523
257574
186450
257574
64986
257574
256236
257574
299907
257574
30881
257574
299568
257574
299532
257574
178045
257574
280123
257574
266314
257574
297670
257574
36556
257574
221783
257574
212431
257574
230189
257574
176148
257574
12206
257574
299684
257574
261641
257574
127106
257574
258738
257574
284328
257574
298195
257574
222984
257574
299671
257574
188296
257574
127360
257574
209308
257574
145094
257574
47819
257574
232286
257574
132887
257574
214310
257574
49570
257574
123072
257574
299915
257574
299676
257574
265617
257574
2177
257574
240248
257574
299874
257574
9308
257574
299599
257574
133055
257574
299641
257574
278465
257574
96800
257574
62246
257574
131537
257574
299961
257574
299973
257574
18502
257574
82323
257574
296054
257574
39131
257574
152363
257574
76901
257574
189005
257574
92689
257574
32932
257574
209204
257574
92258
257574
200149
257574
87487
257574
194517
257574
198983
257574
169
257574
299536
257574
299700
257574
266436
257574
299692
257574
299510
257574
299649
257574
71040
257574
143403
257574
299599
257574
184421
257574
53253
257574
109292
257574
59791
257574
158893
257574
213488
257574
191814
257574
299651
257574
297254
257574
57073
257574
299580
257574
205268
257574
299494
257574
16254
257574
74829
257574
9407
257574
299596
257574
296251
257574
195429
257574
105586
257574
235580
257574
79124
257574
53806
257574
25121
257574
252044
257574
299426
257574
157140
257574
299964
257574
78282
257574
42713
257574
299584
257574
299908
257574
79009
257574
131500
257574
243089
257574
299560
257574
176364
257574
299577
257574
17151
257574
119937
257574
80512
257574
111889
257574
118506
257574
171511
257574
120172
257574
8655
257574
299466
257574
27338
257574
4703
257574
299886
257574
278502
257574
299621
257574
26842
257574
233219
257574
292037
257574
211831
257574
234280
257574
299692
257574
83479
257574
220824
257574
17747
257574
107105
257574
299919
257574
163454
257574
107424
257574
73590
257574
299580
257574
246086
257574
299418
257574
299367
257574
157059
257574
205231
257574
299740
257574
275118
257574
279983
257574
158350
257574
84796
257574
17474
257574
254085
257574
299380
257574
288
257574
171222
257574
116505
257574
299612
257574
60237
257574
40953
257574
25629
257574
295223
257574
203480
257574
106776
257574
299407
257574
268796
257574
183484
257574
295367
257574
137361
257574
299423
257574
280617
257574
200825
257574
299961
257574
151287
257574
299385
257574
193206
257574
299465
257574
282385
257574
299857
257574
232965
257574
164178
257574
177731
257574
178060
257574
196381
257574
159234
257574
56148
257574
43326
257574
272839
257574
283945
257574
292268
257574
132625
257574
153259
257574
208442
257574
299417
257574
267479
257574
74519
257574
116000
257574
76734
257574
209809
257574
257220
257574
297388
257574
150695
257574
299829
257574
115707
257574
297890
257574
228669
257574
90189
257574
218878
257574
299593
257574
2808
257574
26151
257574
283785
257574
84294
257574
134951
257574
12398
257574
67233
257574
117556
257574
299956
257574
262170
257574
9824
257574
299435
257574
294701
257574
176152
257574
195350
257574
140476
257574
269716
257574
299793
257574
299336
257574
145283
257574
187628
257574
146374
257574
299608
257574
33672
257574
299397
257574
262647
257574
241476
257574
57948
257574
299622
257574
109362
257574
124933
257574
298231
257574
258871
257574
38297
257574
217795
257574
255475
257574
134749
257574
80941
257574
299910
257574
299380
257574
146077
257574
123145
257574
73331
257574
299852
257574
299801
257574
196904
257574
167698
257574
61735
257574
257562
257574
299910
257574
299893
257574
254792
257574
284581
257574
144853
257574
299906
257574
121061
257574
282219
257574
146050
257574
299327
257574
256545
257574
146552
257574
263695
257574
299404
257574
285921
257574
265867
257574
256322
257574
299458
257574
160613
257574
157557
257574
76980
257574
225612
257574
201036
257574
284867
257574
102932
257574
20539
257574
299596
257574
288540
257574
299949
257574
134506
257574
299361
257574
263156
257574
76201
257574
216614
257574
299612
257574
299452
257574
91792
257574
298247
257574
299700
257574
299735
257574
250990
257574
212529
257574
299927
257574
291142
257574
42627
257574
299532
257574
172572
257574
264163
257574
204553
257574
7188
257574
165888
257574
299637
257574
299367
257574
138534
257574
169605
257574
133214
257574
299607
257574
299360
257574
299423
257574
81881
257574
67377
257574
55902
257574
252784
257574
299621
257574
263089
257574
93323
257574
299801
257574
120099
257574
239782
257574
299837
257574
288071
257574
299423
257574
77068
257574
69658
257574
111033
257574
189265
257574
278709
257574
299832
257574
70171
257574
42408
257574
275714
257574
17050
257574
299404
257574
152477
257574
182318
257574
210430
257574
299986
257574
335
257574
191280
257574
211913
257574
27165
257574
216272
257574
299441
257574
299985
257574
299688
257574
133338
257574
123907
257574
299841
257574
299487
257574
225003
257574
65340
257574
179866
257574
299607
257574
299916
257574
299659
257574
244804
257574
121402
257574
21186
257574
65485
257574
299675
257574
264418
257574
91387
257574
299886
257574
299897
257574
61909
257574
136485
257574
124543
257574
299893
257574
299700
257574
299442
257574
61140
257574
202871
257574
120743
257574
153504
257574
20507
257574
299908
257574
217627
257574
277660
257574
113177
257574
299486
257574
299552
257574
299949
257574
61892
257574
288714
257574
299740
257574
24545
257574
204299
257574
122996
257574
207304
257574
299423
257574
78909
257574
242538
257574
299367
257574
299367
257574
69112
257574
296190
257574
141288
257574
183254
257574
100179
257574
114355
257574
261595
257574
31985
257574
66899
257574
299891
257574
74846
257574
118575
257574
55732
257574
230272
257574
299632
257574
299511
257574
34782
257574
10595
257574
271488
257574
257866
257574
225382
257574
299995
257574
126771
257574
151287
257574
170963
257574
265295
257574
299922
257574
165825
257574
283907
257574
180920
257574
204727
257574
218851
257574
256398
257574
133548
257574
89916
257574
294148
257574
286075
257574
91042
257574
107228
257574
269187
257574
299577
257574
299361
257574
233711
257574
39970
257574
266823
257574
116538
257574
269117
257574
299923
257574
63578
257574
217585
257574
98595
257574
225810
257574
299689
257574
299584
257574
299632
257574
183426
257574
288592
257574
229189
257574
299584
257574
98050
257574
76800
257574
299404
257574
62737
257574
299632
257574
136839
257574
54151
257574
299606
257574
22586
257574
64937
257574
119585
257574
299863
257574
143378
257574
299641
257574
221796
257574
277245
257574
199242
257574
299929
257574
203890
257574
209252
257574
188485
257574
118087
257574
299643
257574
130090
257574
90976
257574
299637
257574
276513
257574
128304
257574
194574
257574
299904
257574
299418
257574
153978
257574
75552
257574
299650
257574
299725
257574
31069
257574
299718
257574
299952
257574
8226
257574
102540
257574
299740
257574
253113
257574
73283
257574
299420
257574
299684
257574
51421
257574
188035
257574
299740
257574
37165
257574
23234
257574
252337
257574
299978
257574
299952
257574
253530
257574
299539
257574
229524
257574
184218
257574
299630
257574
299940
257574
106837
257574
225757
257574
136318
257574
12695
257574
35702
257574
212487
257574
243041
257574
275442
257574
68574
257574
125023
257574
180116
257574
299801
257574
92808
257574
101571
257574
299923
257574
299952
257574
1853
257574
9315
257574
145405
257574
122319
257574
245776
257574
209585
257574
299521
257574
143582
257574
261445
257574
189611
257574
299621
257574
244499
257574
88296
257574
119394
257574
212561
257574
44421
257574
299917
257574
40023
257574
299736
257574
86461
257574
1604
257574
299759
257574
203693
257574
25687
257574
287774
257574
76030
257574
171439
257574
233486
257574
299571
257574
47489
257574
69758
257574
56246
257574
108824
257574
282186
257574
53253
257574
168520
257574
39742
257574
9418
257574
213714
257574
111371
257574
299432
257574
69124
257574
180640
257574
299667
257574
64742
257574
266839
257574
265997
257574
197390
257574
62999
257574
91491
257574
98872
257574
144619
257574
33649
257574
124185
257574
48768
257574
19406
257574
265764
257574
239934
257574
183746
257574
171705
257574
191090
257574
278175
257574
296293
257574
97699
257574
126065
257574
82488
257574
299349
257574
200252
257574
138391
257574
299667
257574
234435
257574
42888
257574
76681
257574
59516
257574
299906
257574
150914
257574
128919
257574
83869
257574
215182
257574
298317
257574
299910
257574
99711
257574
229099
257574
299822
257574
292118
257574
268827
257574
190290
257574
118591
257574
299832
257574
97394
257574
53960
257574
283900
257574
197038
257574
212577
257574
183283
257574
285147
257574
32396
257574
272097
257574
80231
257574
134264
257574
189148
257574
299358
257574
65851
257574
299607
257574
299685
257574
299685
257574
299747
257574
299651
257574
178608
257574
71067
257574
257238
257574
299336
257574
207703
257574
299379
257574
299367
257574
299949
257574
55450
257574
299426
257574
204420
257574
140984
257574
103461
257574
10164
257574
264744
257574
46236
257574
101809
257574
39351
257574
165912
257574
211373
257574
55862
257574
40252
257574
299801
257574
272967
257574
204176
257574
299891
257574
229064
257574
222689
257574
22847
257574
299388
257574
101455
257574
207905
257574
60721
257574
270338
257574
299874
257574
283908
257574
105635
257574
299906
257574
36818
257574
55112
257574
41902
257574
15954
257574
245238
257574
299769
257574
105212
257574
247967
257574
57953
257574
299724
257574
299397
257574
283220
257574
15956
257574
14758
257574
46213
257574
53511
257574
299367
257574
222204
257574
148501
257574
214192
257574
192456
257574
297435
257574
133116
257574
246752
257574
169271
257574
267346
257574
272965
257574
3480
257574
132012
257574
9454
257574
86016
257574
299801
257574
264731
257574
299539
257574
299759
257574
29037
257574
299417
257574
283167
257574
299693
257574
62139
257574
299366
257574
199321
257574
206205
257574
158653
257574
40695
257574
73984
257574
11808
257574
161627
257574
250691
257574
47476
257574
299700
257574
257304
257574
240388
257574
51135
257574
266265
257574
55014
257574
126733
257574
133960
257574
299426
257574
244149
257574
41938
257574
299367
257574
175708
257574
140288
257574
230267
257574
64290
257574
65681
257574
31903
257574
291390
257574
241906
257574
86872
257574
299423
257574
207465
257574
63941
257574
222229
257574
50959
257574
164126
257574
148670
257574
234560
257574
36806
257574
105225
257574
91203
257574
234289
257574
193773
257574
19219
257574
147818
257574
135254
257574
146811
257574
290350
257574
299058
257574
142422
257574
100448
257574
111578
257574
83014
257574
299667
257574
247725
257574
122112
257574
197378
257574
91549
257574
199472
257574
296126
257574
248623
257574
299852
257574
197004
257574
255931
257574
10303
257574
164227
257574
299458
257574
20908
257574
216327
257574
135016
257574
299577
257574
163273
257574
278542
257574
236717
257574
240903
257574
299676
257574
67287
257574
114639
257574
299917
257574
299432
257574
6763
257574
198652
257574
263471
257574
90730
257574
131739
257574
113007
257574
49647
257574
143426
257574
293786
257574
23716
257574
299919
257574
299829
257574
178418
257574
34436
257574
299580
257574
223877
257574
299740
257574
152941
257574
299700
257574
89781
257574
299485
257574
86359
257574
299650
257574
279511
257574
112340
257574
163077
257574
261099
257574
293581
257574
297976
257574
1840
257574
180752
257574
192653
257574
279157
257574
173370
257574
38768
257574
290065
257574
218772
257574
165959
257574
299857
257574
299464
257574
214582
257574
299890
257574
299651
257574
299665
257574
299385
257574
53801
257574
212081
257574
118427
257574
284897
257574
208577
257574
209457
257574
95078
257574
299388
257574
295860
257574
122909
257574
147726
257574
170064
257574
216211
257574
69131
257574
571
257574
194076
257574
299700
257574
94919
257574
299857
257574
299621
257574
53138
257574
64767
257574
47111
257574
16344
257574
173516
257574
144024
257574
261684
257574
299464
257574
299349
257574
164751
257574
156692
257574
97112
257574
299687
257574
196519
257574
299692
257574
292086
257574
299718
257574
299643
257574
85305
257574
192061
257574
107236
257574
47710
257574
291286
257574
115564
257574
263808
257574
104279
257574
47650
257574
269322
257574
199582
257574
299740
257574
243665
257574
32098
257574
124378
257574
76718
257574
299593
257574
46834
257574
293512
257574
58831
257574
204897
257574
82013
257574
25489
257574
243511
257574
243145
257574
67192
257574
181074
257574
253166
257574
122422
257574
33797
257574
84787
257574
24278
257574
287216
257574
48776
257574
299479
257574
299626
257574
299891
257574
249631
257574
276774
257574
120580
257574
290401
257574
3677
257574
171716
257574
117589
257574
22962
257574
299528
257574
126312
257574
76090
257574
283300
257574
299977
257574
48901
257574
299766
257574
218377
257574
299923
257574
299367
257574
77165
257574
151653
257574
108790
257574
299740
257574
299700
257574
258417
257574
299724
257574
299747
257574
73409
257574
211720
257574
232105
257574
171953
257574
106430
257574
130778
257574
212967
257574
112872
257574
299922
257574
213260
257574
292678
257574
75204
257574
299897
257574
32710
257574
54934
257574
90226
257574
37708
257574
299667
257574
130653
257574
299486
257574
179283
257574
268570
257574
299904
257574
187333
257574
210914
257574
21676
257574
177278
257574
98139
257574
299305
257574
232866
257574
299851
257574
112213
257574
228780
257574
14266
257574
230254
257574
299932
257574
174624
257574
145964
257574
154227
257574
24739
257574
55060
257574
299874
257574
111146
257574
222143
257574
266315
257574
267148
257574
287489
257574
268959
257574
168899
257574
123360
257574
262512
257574
285310
257574
283961
257574
299607
257574
257385
257574
212989
257574
80731
257574
299435
257574
20343
257574
35982
257574
299700
257574
80203
257574
154685
257574
297317
257574
4482
257574
142430
257574
299832
257574
299358
257574
299675
257574
258546
257574
259355
257574
11824
257574
104281
257574
206985
257574
296091
257574
29304
257574
258180
257574
145724
257574
299336
257574
270364
257574
299688
257574
129274
257574
15937
257574
299417
257574
190748
257574
19749
257574
299735
257574
249497
257574
194982
257574
53284
257574
169192
257574
11709
257574
245774
257574
29487
257574
299919
257574
60449
257574
299759
257574
105544
257574
176884
257574
93208
257574
115126
257574
46487
257574
271931
257574
17468
257574
152021
257574
209840
257574
19848
257574
261460
257574
131951
257574
184682
257574
79070
257574
77276
257574
299969
257574
299650
257574
129749
257574
287339
257574
190701
257574
299349
257574
150234
257574
299759
257574
255584
257574
24220
257574
122412
257574
299875
257574
277943
257574
235419
257574
37337
257574
299497
257574
144051
257574
20932
257574
31323
257574
169832
257574
73811
257574
299423
257574
241906
257574
211956
257574
198100
257574
179624
257574
34541
257574
473
257574
239061
257574
55734
257574
118381
257574
200651
257574
299595
257574
248361
257574
5113
257574
42093
257574
257014
257574
288919
257574
222245
257574
15883
257574
280545
257574
299389
257574
138289
257574
220715
257574
299532
257574
65906
257574
57088
257574
85078
257574
42681
257574
264331
257574
105671
257574
126430
257574
299596
257574
299327
257574
59862
257574
299685
257574
299336
257574
299863
257574
254808
257574
260704
257574
294987
257574
63873
257574
265449
257574
264855
257574
58495
257574
33735
257574
156244
257574
48471
257574
229592
257574
299917
257574
34781
257574
299898
257574
237041
257574
6362
257574
171349
257574
101452
257574
255823
257574
299897
257574
70095
257574
79009
257574
299989
257574
299667
257574
57088
257574
64149
257574
92777
257574
111457
257574
67917
257574
299622
257574
203821
257574
299973
257574
142310
257574
299923
257574
158097
257574
63215
257574
255384
257574
206200
257574
76133
257574
299897
257574
16839
257574
212649
257574
299596
257574
112570
257574
262398
257574
164940
257574
140418
257574
47954
257574
299954
257574
179545
257574
242614
257574
299486
257574
92082
257574
107564
257574
67523
257574
82790
257574
193811
257574
299358
257574
266909
257574
159509
257574
80681
257574
299485
257574
299389
257574
211621
257574
127927
257574
191111
257574
137640
257574
299571
257574
239540
257574
132910
257574
121315
257574
136960
257574
33226
257574
213063
257574
21388
257574
17101
257574
216412
257574
126976
257574
156796
257574
198744
257574
188878
257574
134470
257574
299599
257574
157535
257574
255224
257574
295470
257574
88578
257574
250238
257574
299595
257574
191771
257574
67792
257574
32000
257574
252127
257574
178033
257574
167984
257574
11700
257574
299671
257574
279235
257574
132709
257574
299336
257574
99923
257574
58370
257574
299956
257574
128353
257574
147463
257574
151303
257574
299586
257574
299441
257574
196904
257574
113119
257574
299949
257574
152533
257574
191876
257574
247542
257574
128264
257574
127064
257574
121949
257574
54142
257574
37305
257574
106278
257574
166194
257574
291916
257574
8902
257574
293127
257574
121609
257574
299874
257574
69539
257574
13297
257574
63995
257574
75916
257574
190632
257574
299346
257574
298425
257574
284279
257574
119189
257574
299822
257574
119846
257574
193501
257574
299973
257574
277582
257574
146813
257574
299505
257574
82296
257574
261824
257574
299923
257574
219757
257574
299667
257574
299367
257574
118092
257574
245906
257574
177244
257574
97284
257574
214916
257574
283973
257574
56976
257574
211159
257574
38591
257574
165980
257574
118527
257574
87041
257574
179046
257574
137067
257574
88440
257574
68489
257574
214842
257574
131040
257574
299741
257574
122034
257574
79086
257574
297860
257574
211179
257574
220890
257574
299940
257574
192160
257574
80879
257574
73125
257574
283300
257574
268175
257574
272093
257574
273945
257574
295463
257574
299747
257574
153383
257574
82907
257574
23368
257574
20953
257574
299857
257574
78744
257574
299465
257574
299841
257574
92134
257574
79778
257574
22591
257574
281564
257574
299922
257574
299577
257574
281914
257574
211383
257574
21211
257574
262107
257574
239462
257574
299534
257574
139452
257574
134365
257574
258618
257574
65131
257574
132118
257574
26278
257574
20493
257574
69285
257574
186137
257574
77686
257574
299555
257574
97266
257574
196878
257574
173264
257574
270390
257574
171331
257574
299593
257574
299940
257574
76980
257574
251361
257574
162344
257574
132800
257574
299539
257574
21990
257574
120649
257574
152317
257574
154707
257574
279148
257574
3622
257574
175365
257574
287935
257574
57655
257574
161828
257574
95352
257574
47061
257574
299822
257574
221418
257574
299621
257574
293984
257574
129134
257574
66675
257574
78143
257574
180181
257574
202062
257574
109492
257574
298213
257574
192425
257574
299919
257574
45442
257574
299956
257574
258169
257574
38629
257574
21606
257574
299407
257574
26856
257574
29731
257574
183536
257574
35810
257574
243237
257574
195061
257574
299426
257574
299685
257574
235089
257574
219841
257574
274784
257574
196545
257574
299388
257574
211943
257574
168635
257574
294334
257574
286408
257574
34669
257574
45828
257574
109604
257574
36805
257574
213630
257574
1764
257574
220804
257574
294026
257574
282428
257574
280750
257574
299675
257574
97960
257574
283643
257574
299735
257574
6565
257574
24006
257574
36628
257574
295622
257574
121827
257574
87804
257574
299442
257574
30337
257574
294895
257574
59590
257574
69769
257574
299622
257574
147822
257574
133306
257574
15061
257574
129771
257574
134833
257574
41001
257574
153115
257574
181525
257574
233443
257574
299923
257574
228161
257574
57586
257574
111730
257574
92591
257574
299684
257574
294185
257574
190354
257574
160704
257574
299906
257574
200663
257574
181826
257574
255780
257574
235246
257574
92629
257574
276065
257574
299621
257574
94451
257574
136342
257574
142116
257574
58416
257574
76991
257574
299432
257574
127540
257574
137197
257574
121098
257574
298317
257574
256346
257574
299801
257574
58955
257574
299927
257574
299886
257574
286491
257574
8286
257574
299622
257574
152088
257574
47271
257574
292871
257574
299952
257574
153411
257574
299494
257574
190388
257574
41790
257574
299915
257574
200496
257574
66717
257574
160772
257574
237764
257574
264945
257574
263517
257574
299622
257574
299886
257574
299897
257574
30175
257574
27007
257574
46076
257574
299785
257574
299822
257574
125789
257574
174775
257574
180240
257574
164082
257574
299475
257574
274344
257574
299637
257574
185845
257574
299596
257574
114561
257574
22598
257574
299486
257574
78793
257574
4434
257574
299486
257574
63898
257574
299874
257574
138247
257574
15502
257574
299780
257574
234554
257574
254990
257574
103176
257574
167361
257574
34995
257574
259479
257574
299417
257574
139514
257574
149447
257574
31823
257574
281520
257574
288182
257574
258179
257574
97306
257574
214464
257574
252038
257574
259668
257574
123030
257574
21860
257574
31355
257574
196062
257574
299851
257574
48156
257574
139099
257574
198179
257574
272565
257574
272475
257574
201152
257574
269855
257574
200205
257574
221760
257574
299999
257574
235251
257574
266121
257574
81900
257574
132557
257574
235331
257574
122167
257574
299580
257574
73499
257574
196352
257574
174238
257574
271629
257574
299929
257574
262183
257574
299964
257574
280924
257574
170924
257574
250180
257574
6135
257574
238123
257574
299464
257574
60335
257574
253420
257574
128728
257574
299421
257574
199609
257574
15523
257574
238210
257574
269993
257574
138499
257574
283560
257574
60480
257574
146728
257574
66540
257574
296996
257574
299685
257574
299407
257574
24291
257574
299931
257574
30527
257574
27848
257574
299536
257574
6470
257574
46461
257574
39329
257574
132907
257574
299759
257574
105035
257574
279353
257574
39780
257574
37552
257574
131009
257574
299718
257574
194990
257574
94141
257574
281969
257574
227542
257574
130544
257574
299528
257574
244476
257574
298346
257574
260280
257574
38375
257574
299577
257574
143562
257574
289174
257574
216209
257574
28021
257574
57705
257574
299538
257574
64251
257574
44628
257574
244149
257574
25137
257574
299389
257574
174330
257574
194810
257574
299875
257574
269618
257574
299367
257574
77501
257574
137116
257574
15343
257574
299973
257574
67979
257574
299432
257574
299857
257574
299751
257574
213135
257574
118156
257574
9879
257574
221817
257574
139337
257574
30870
257574
63532
257574
202594
257574
299621
257574
283206
257574
144632
257574
299421
257574
299589
257574
149089
257574
98796
257574
66953
257574
299336
257574
185277
257574
150866
257574
180266
257574
299514
257574
1895
257574
208748
257574
83782
257574
92952
257574
299532
257574
23138
257574
158396
257574
246181
257574
221807
257574
291701
257574
70996
257574
299995
257574
299626
257574
66529
257574
299595
257574
57515
257574
95666
257574
50468
257574
299857
257574
95664
257574
44031
257574
185214
257574
35349
257574
85056
257574
299893
257574
98838
257574
90625
257574
299830
257574
206566
257574
253236
257574
299868
257574
254708
257574
299487
257574
299676
257574
141177
257574
171539
257574
177170
257574
140623
257574
299388
257574
83119
257574
274737
257574
280714
257574
144489
257574
60784
257574
112666
257574
113441
257574
60577
257574
118827
257574
5917
257574
299580
257574
32914
257574
79572
257574
184451
257574
62359
257574
299685
257574
83056
257574
299423
257574
102608
257574
221167
257574
36009
257574
299510
257574
71313
257574
280816
257574
299837
257574
299874
257574
164522
257574
153807
257574
89889
257574
159420
257574
94327
257574
299919
257574
283360
257574
86664
257574
154504
257574
92121
257574
195689
257574
299671
257574
412
257574
61402
257574
257619
257574
284707
257574
66541
257574
299897
257574
14994
257574
104633
257574
125336
257574
266599
257574
36302
257574
299584
257574
299687
257574
84968
257574
171349
257574
51793
257574
162990
257574
143003
257574
164758
257574
210780
257574
159516
257574
272514
257574
53451
257574
145941
257574
130703
257574
265473
257574
57134
257574
23474
257574
297536
257574
240942
257574
216686
257574
260506
257574
243006
257574
223231
257574
192517
257574
14758
257574
82360
257574
191918
257574
119707
257574
255764
257574
245813
257574
145176
257574
110789
257574
105830
257574
139431
257574
158278
257574
34611
257574
299611
257574
299532
257574
209726
257574
188324
257574
247149
257574
116369
257574
251675
257574
62039
257574
154732
257574
98589
257574
67630
257574
245215
257574
299900
257574
95641
257574
34663
257574
13641
257574
122996
257574
118108
257574
170857
257574
125224
257574
33649
257574
112935
257574
27741
257574
217877
257574
267997
257574
259412
257574
63377
257574
92551
257574
299822
257574
299626
257574
111705
257574
50993
257574
96484
257574
89999
257574
109276
257574
299651
257574
100570
257574
299751
257574
170778
257574
74220
257574
112033
257574
299536
257574
59606
257574
11582
257574
58945
257574
164910
257574
114688
257574
120259
257574
89702
257574
299927
257574
262446
257574
14454
257574
250843
257574
299435
257574
160233
257574
210898
257574
299637
257574
299464
257574
41879
257574
299361
257574
166009
257574
252043
257574
290594
257574
299361
257574
299354
257574
112602
257574
299534
257574
116308
257574
82684
257574
115454
257574
299336
257574
299763
257574
299346
257574
114894
257574
7227
257574
299741
257574
243180
257574
20927
257574
197836
257574
96622
257574
59282
257574
299973
257574
154004
257574
6283
257574
37041
257574
142271
257574
55788
257574
220548
257574
82290
257574
155164
257574
299857
257574
130330
257574
173416
257574
88572
257574
245331
257574
190794
257574
187696
257574
288909
257574
245568
257574
203740
257574
87997
257574
191483
257574
195090
257574
96367
257574
229389
257574
252805
257574
58818
257574
1783
257574
299426
257574
182348
257574
299532
257574
11883
257574
182233
257574
159941
257574
299663
257574
299897
257574
113716
257574
299361
257574
299725
257574
63125
257574
78988
257574
299367
257574
299426
257574
39962
257574
299442
257574
295127
257574
299607
257574
127170
257574
97434
257574
243386
257574
293502
257574
62446
257574
178318
257574
208750
257574
85836
257574
167437
257574
259292
257574
231202
257574
299858
257574
66276
257574
279336
257574
20971
257574
299388
257574
299863
257574
40568
257574
83839
257574
80754
257574
299536
257574
299423
257574
268402
257574
47324
257574
68825
257574
216210
257574
299637
257574
68685
257574
160642
257574
87743
257574
299676
257574
219501
257574
258935
257574
131171
257574
299989
257574
299724
257574
160923
257574
299725
257574
97240
257574
120796
257574
55971
257574
299879
257574
299435
257574
299739
257574
218058
257574
120944
257574
21142
257574
66325
257574
232993
257574
299897
257574
201185
257574
26518
257574
299793
257574
299919
257574
160467
257574
87225
257574
80352
257574
299928
257574
270569
257574
102901
257574
277501
257574
214075
257574
280583
257574
221851
257574
23360
257574
221354
257574
284225
257574
64072
257574
28395
257574
299607
257574
213898
257574
299822
257574
76033
257574
299863
257574
131753
257574
230820
257574
299793
257574
206938
257574
241910
257574
282348
257574
127489
257574
184892
257574
197551
257574
171568
257574
299919
257574
100728
257574
41414
257574
102065
257574
275452
257574
61331
257574
64465
257574
40620
257574
299626
257574
23176
257574
169921
257574
277600
257574
153299
257574
289958
257574
130736
257574
200951
257574
87278
257574
64877
257574
299735
257574
299538
257574
34545
257574
278760
257574
181485
257574
299692
257574
39406
257574
18645
257574
157646
257574
299949
257574
219132
257574
200402
257574
92106
257574
85272
257574
118531
257574
299380
257574
299435
257574
245172
257574
247416
257574
299327
257574
281878
257574
299397
257574
126845
257574
299927
257574
1676
257574
141266
257574
223625
257574
213393
257574
209226
257574
179778
257574
168141
257574
10792
257574
299739
257574
216687
257574
299961
257574
271694
257574
76826
257574
68238
257574
89807
257574
180365
257574
299929
257574
9227
257574
107087
257574
222052
257574
67023
257574
279673
257574
6919
257574
229748
257574
247456
257574
163732
257574
234648
257574
299348
257574
112825
257574
85013
257574
121881
257574
299643
257574
299735
257574
299954
257574
60134
257574
47024
257574
6124
257574
150666
257574
435
257574
279913
257574
299785
257574
299725
257574
133709
257574
18450
257574
216771
257574
254977
257574
254896
257574
39751
257574
65303
257574
101985
257574
8899
257574
299417
257574
266640
257574
299487
257574
299571
257574
299700
257574
135000
257574
299593
257574
15818
257574
174281
257574
299458
257574
299995
257574
829
257574
12500
257574
299584
257574
276388
257574
44986
257574
212081
257574
33119
257574
299902
257574
287470
257574
89102
257574
98832
257574
299801
257574
157245
257574
14539
257574
87192
257574
13141
257574
299596
257574
299893
257574
199118
257574
246732
257574
70590
257574
278284
257574
243092
257574
100495
257574
299596
257574
299675
257574
34082
257574
203432
257574
299486
257574
299895
257574
299426
257574
198842
257574
88957
257574
85984
257574
95345
257574
299612
257574
299923
257574
20424
257574
265078
257574
19430
257574
277166
257574
299735
257574
36946
257574
54706
257574
6445
257574
229458
257574
299361
257574
89946
257574
26605
257574
84607
257574
3332
257574
105741
257574
253306
257574
111424
257574
218690
257574
299801
257574
83439
257574
299538
257574
81183
257574
92124
257574
216345
257574
299886
257574
299986
257574
143197
257574
280905
257574
249247
257574
15420
257574
132660
257574
122473
257574
147734
257574
84827
257574
299633
257574
201993
257574
181567
257574
15036
257574
176756
257574
229370
257574
252977
257574
28668
257574
71193
257574
88972
257574
85105
257574
232374
257574
299414
257574
299619
257574
299577
257574
44281
257574
163453
257574
299360
257574
97669
257574
113565
257574
104612
257574
299986
257574
276339
257574
51957
257574
43660
257574
7448
257574
299441
257574
299319
257574
214480
257574
193677
257574
299486
257574
42438
257574
82846
257574
228634
257574
149687
257574
229231
257574
133548
257574
113554
257574
299857
257574
259603
257574
295985
257574
270230
257574
129360
257574
63566
257574
114276
257574
299426
257574
243909
257574
269479
257574
234475
257574
182082
257574
210823
257574
139576
257574
286277
257574
276134
257574
271471
257574
2557
257574
296109
257574
169262
257574
299897
257574
184700
257574
299595
257574
163512
257574
224917
257574
203763
257574
246597
257574
299388
257574
132013
257574
214270
257574
299334
257574
38881
257574
122124
257574
181122
257574
2248
257574
185482
257574
211055
257574
299685
257574
20828
257574
213955
257574
299420
257574
170803
257574
276585
257574
277944
257574
194097
257574
299596
257574
94653
257574
299885
257574
8898
257574
299973
257574
234098
257574
200925
257574
12275
257574
105339
257574
68822
257574
118781
257574
296019
257574
298122
257574
2914
257574
234199
257574
299404
257574
299659
257574
12180
257574
256851
257574
27496
257574
57072
257574
299989
257574
299964
257574
299740
257574
178812
257574
127751
257574
299798
257574
299868
257574
299637
257574
68542
257574
299922
257574
299793
257574
88356
257574
299458
257574
200467
257574
299832
257574
63109
257574
299389
257574
257455
257574
206778
257574
244375
257574
44973
257574
299874
257574
299910
257574
299626
257574
142219
257574
153895
257574
144852
257574
246713
257574
299923
257574
47481
257574
210774
257574
299532
257574
93379
257574
80629
257574
299367
257574
162392
257574
299305
257574
127293
257574
189495
257574
273781
257574
299893
257574
283988
257574
85909
257574
198956
257574
141576
257574
299923
257574
296971
257574
261300
257574
155884
257574
112347
257574
93105
257574
94090
257574
299358
257574
1527
257574
299397
257574
299959
257574
299487
257574
299327
257574
210366
257574
99589
257574
107715
257574
299367
257574
299414
257574
30999
257574
299926
257574
131177
257574
7014
257574
299336
257574
212018
257574
299592
257574
41974
257574
161120
257574
183422
257574
77735
257574
72990
257574
166329
257574
233284
257574
68556
257574
35101
257574
273219
257574
98683
257574
285310
257574
152860
257574
261887
257574
63568
257574
24815
257574
166194
257574
299380
257574
297944
257574
105169
257574
197145
257574
193233
257574
7094
257574
299740
257574
139430
257574
51496
257574
57291
257574
139959
257574
269033
257574
132262
257574
299904
257574
66614
257574
299615
257574
195795
257574
274236
257574
299495
257574
60583
257574
32111
257574
1452
257574
143338
257574
299417
257574
212887
257574
241880
257574
174257
257574
299857
257574
212690
257574
216821
257574
299426
257574
297042
257574
175074
257574
128512
257574
292969
257574
217331
257574
78447
257574
295095
257574
247222
257574
299595
257574
180264
257574
291073
257574
20574
257574
90845
257574
293345
257574
299346
257574
156578
257574
257069
257574
136783
257574
270793
257574
135953
257574
252109
257574
130317
257574
299940
257574
83668
257574
224536
257574
160872
257574
155676
257574
280988
257574
299906
257574
274369
257574
59360
257574
125976
257574
251063
257574
299385
257574
299346
257574
223325
257574
107980
257574
196854
257574
297534
257574
238881
257574
103118
257574
722
257574
44094
257574
299688
257574
292397
257574
299885
257574
4220
257574
197970
257574
59577
257574
299879
257574
299959
257574
299692
257574
299420
257574
176397
257574
299596
257574
23286
257574
299919
257574
25335
257574
69329
257574
17243
257574
76532
257574
58689
257574
296722
257574
299910
257574
190571
257574
110068
257574
299432
257574
299904
257574
37548
257574
116784
257574
178254
257574
299432
257574
8163
257574
18607
257574
299667
257574
276301
257574
299528
257574
299919
257574
240077
257574
79203
257574
299724
257574
63571
257574
179460
257574
299908
257574
299464
257574
53218
257574
203485
257574
62798
257574
292871
257574
108942
257574
299336
257574
161950
257574
178775
257574
83313
257574
299922
257574
170103
257574
221807
257574
299397
257574
147535
257574
288664
257574
284220
257574
299633
257574
168451
257574
261955
257574
299910
257574
299780
257574
251759
257574
73922
257574
276115
257574
84662
257574
296338
257574
299651
257574
272625
257574
212032
257574
299385
257574
283137
257574
12828
257574
272719
257574
143823
257574
27554
257574
214480
257574
299822
257574
175430
257574
292370
257574
98689
257574
137480
257574
42571
257574
39091
257574
267342
257574
238428
257574
140075
257574
136156
257574
299908
257574
83087
257574
53406
257574
254415
257574
299354
257574
250588
257574
125943
257574
30168
257574
85453
257574
299586
257574
69787
257574
127912
257574
192728
257574
259995
257574
77132
257574
299801
257574
123519
257574
280983
257574
189702
257574
78864
257574
299919
257574
299417
257574
134210
257574
62878
257574
58801
257574
171862
257574
83526
257574
259911
257574
221200
257574
175006
257574
264089
257574
182390
257574
282480
257574
299917
257574
299432
257574
67285
257574
299822
257574
299510
257574
183812
257574
279857
257574
299919
257574
206592
257574
219467
257574
99514
257574
124740
257574
299610
257574
299592
257574
284239
257574
299577
257574
164581
257574
299361
257574
299863
257574
193339
257574
299380
257574
146921
257574
214462
257574
179975
257574
178066
257574
243538
257574
225321
257574
299380
257574
225247
257574
8801
257574
299692
257574
16146
257574
79405
257574
56065
257574
164008
257574
73220
257574
290244
257574
278527
257574
78282
257574
286828
257574
233377
257574
9227
257574
143016
257574
202243
257574
211190
257574
299893
257574
299592
257574
88546
257574
278518
257574
26620
257574
213714
257574
226816
257574
191931
257574
299919
257574
299931
257574
298533
257574
46261
257574
299385
257574
146439
257574
135273
257574
55222
257574
299510
257574
59578
257574
254505
257574
142862
257574
45016
257574
29857
257574
260435
257574
7585
257574
299898
257574
37032
257574
272610
257574
194486
257574
282577
257574
72035
257574
204297
257574
12421
257574
158977
257574
269546
257574
38565
257574
26415
257574
29244
257574
299973
257574
228691
257574
103934
257574
236617
257574
297653
257574
299466
257574
299380
257574
299446
257574
223222
257574
196126
257574
299455
257574
299693
257574
275200
257574
126307
257574
51974
257574
137935
257574
65652
257574
157930
257574
286509
257574
248648
257574
299760
257574
34089
257574
299596
257574
12267
257574
87300
257574
201665
257574
299338
257574
183009
257574
93480
257574
299622
257574
257727
257574
299346
257574
283737
257574
71951
257574
299692
257574
236425
257574
299420
257574
299929
257574
299305
257574
288280
257574
217036
257574
213667
257574
270015
257574
298766
257574
272366
257574
102672
257574
22465
257574
299875
257574
493
257574
299910
257574
22155
257574
222477
257574
148281
257574
172268
257574
237041
257574
3724
257574
255779
257574
299651
257574
299539
257574
164046
257574
41444
257574
25490
257574
136085
257574
166320
257574
25484
257574
33905
257574
276560
257574
244672
257574
66235
257574
221715
257574
299724
257574
182702
257574
1813
257574
59346
257574
205845
257574
211035
257574
19539
257574
59907
257574
75509
257574
299450
257574
299388
257574
215704
257574
41315
257574
54721
257574
299973
257574
152369
257574
48245
257574
299607
257574
299637
257574
8647
257574
299404
257574
299651
257574
138842
257574
144967
257574
294099
257574
31614
257574
22240
257574
299361
257574
119221
257574
21019
257574
73080
257574
299358
257574
216579
257574
289109
257574
276455
257574
299868
257574
280283
257574
48329
257574
91138
257574
31805
257574
181552
257574
203976
257574
208275
257574
21851
257574
299929
257574
67867
257574
203038
257574
134223
257574
64151
257574
299649
257574
113780
257574
269051
257574
299663
257574
42248
257574
299676
257574
299735
257574
18882
257574
144192
257574
24570
257574
132075
257574
284767
257574
165198
257574
275408
257574
299423
257574
21632
257574
123551
257574
120436
257574
76116
257574
155163
257574
94420
257574
228687
257574
61133
257574
299829
257574
229767
257574
159264
257574
32563
257574
291371
257574
106617
257574
299479
257574
165440
257574
136454
257574
271947
257574
169645
257574
299761
257574
9511
257574
64161
257574
118881
257574
299725
257574
248225
257574
180197
257574
196843
257574
299908
257574
208461
257574
221111
257574
27245
257574
62110
257574
246100
257574
43134
257574
101658
257574
180875
257574
26573
257574
90379
257574
92779
257574
220737
257574
46548
257574
114604
257574
299693
257574
48482
257574
94653
257574
168775
257574
299432
257574
299684
257574
47933
257574
299385
257574
8955
257574
299886
257574
148019
257574
8722
257574
103750
257574
299643
257574
210078
257574
104793
257574
31845
257574
110319
257574
22830
257574
274254
257574
111452
257574
299671
257574
160702
257574
274031
257574
215055
257574
225948
257574
137790
257574
145662
257574
162940
257574
299417
257574
279381
257574
62148
257574
255113
257574
1342
257574
255941
257574
129556
257574
299793
257574
160733
257574
299929
257574
299989
257574
244597
257574
249453
257574
225551
257574
103976
257574
96168
257574
15811
257574
299607
257574
94376
257574
13512
257574
299886
257574
142023
257574
299964
257574
96729
257574
276829
257574
299977
257574
299993
257574
47032
257574
71769
257574
175256
257574
161027
257574
151133
257574
33437
257574
135372
257574
135427
257574
8280
257574
299718
257574
129345
257574
219054
257574
299908
257574
299397
257574
123144
257574
244057
257574
225291
257574
9198
257574
299360
257574
71802
257574
299923
257574
168355
257574
6111
257574
127164
257574
299432
257574
213158
257574
299932
257574
204477
257574
205904
257574
299688
257574
187437
257574
299857
257574
299455
257574
299536
257574
299874
257574
276972
257574
2526
257574
183231
257574
106649
257574
293726
257574
299651
257574
299857
257574
299532
257574
50270
257574
116192
257574
103172
257574
272632
257574
299584
257574
20263
257574
26294
257574
299973
257574
21783
257574
279623
257574
299875
257574
276112
257574
279501
257574
17261
257574
297930
257574
286485
257574
38536
257574
66364
257574
148779
257574
150767
257574
237682
257574
77354
257574
46947
257574
299675
257574
192370
257574
176163
257574
299611
257574
299801
257574
27367
257574
88061
257574
77763
257574
74423
257574
13694
257574
299532
257574
116602
257574
53898
257574
40022
257574
235978
257574
26772
257574
299740
257574
154731
257574
264540
257574
2430
257574
41007
257574
63308
257574
252985
257574
196226
257574
193025
257574
25839
257574
35452
257574
102602
257574
121820
257574
216627
257574
189318
257574
548
257574
299922
257574
299417
257574
232316
257574
127091
257574
245123
257574
56355
257574
106782
257574
240920
257574
268648
257574
2362
257574
35689
257574
299532
257574
245482
257574
299532
257574
143125
257574
79100
257574
297733
257574
299724
257574
106717
257574
214794
257574
50686
257574
299832
257574
23432
257574
299932
257574
299536
257574
68162
257574
299887
257574
200051
257574
228740
257574
151039
257574
124338
257574
299458
257574
298821
257574
92124
257574
60765
257574
299919
257574
274344
257574
254513
257574
242400
257574
75309
257574
221079
257574
72401
257574
168406
257574
137056
257574
24731
257574
299649
257574
102430
257574
259349
257574
299837
257574
106786
257574
153784
257574
212529
257574
53463
257574
299837
257574
180890
257574
98905
257574
10275
257574
114622
257574
134748
257574
240253
257574
56590
257574
159922
257574
270742
257574
191050
257574
299870
257574
161373
257574
85288
257574
213352
257574
224449
257574
195734
257574
206063
257574
136900
257574
276854
257574
170478
257574
299334
257574
299349
257574
51962
257574
89424
257574
299637
257574
299637
257574
33450
257574
30980
257574
36907
257574
214271
257574
272512
257574
107459
257574
126808
257574
48907
257574
91457
257574
5016
257574
25757
257574
299904
257574
148299
257574
193919
257574
119370
257574
299606
257574
299552
257574
299874
257574
21717
257574
299954
257574
285083
257574
299361
257574
279529
257574
280515
257574
105078
257574
289596
257574
114501
257574
23546
257574
299606
257574
130016
257574
51480
257574
127528
257574
239023
257574
109900
257574
92866
257574
49565
257574
13772
257574
23373
257574
269034
257574
254782
257574
181474
257574
299464
257574
128966
257574
299584
257574
184277
257574
299659
257574
299922
257574
35572
257574
247335
257574
172932
257574
93170
257574
299964
257574
87333
257574
293924
257574
144096
257574
299651
257574
100158
257574
299927
257574
4899
257574
102228
257574
191079
257574
299577
257574
79506
257574
121156
257574
61723
257574
87121
257574
252679
257574
128525
257574
229821
257574
34052
257574
299887
257574
7870
257574
116680
257574
299632
257574
115545
257574
41682
257574
240874
257574
299964
257574
299973
257574
122356
257574
299596
257574
110423
257574
200383
257574
89937
257574
91834
257574
18043
257574
299596
257574
299949
257574
73692
257574
23212
257574
284955
257574
119372
257574
18591
257574
299349
257574
261024
257574
299688
257574
64914
257574
278608
257574
66718
257574
199403
257574
299893
257574
17424
257574
33358
257574
299751
257574
45788
257574
186994
257574
35810
257574
299780
257574
252366
257574
220834
257574
29686
257574
36393
257574
299385
257574
299724
257574
217269
257574
181846
257574
19124
257574
299949
257574
153443
257574
299837
257574
250978
257574
161736
257574
52074
257574
299961
257574
299919
257574
199853
257574
299759
257574
34305
257574
173854
257574
68733
257574
177506
257574
77120
257574
188658
257574
115385
257574
103856
257574
131359
257574
246091
257574
173814
257574
299893
257574
81679
257574
45081
257574
299367
257574
185098
257574
159281
257574
299532
257574
299442
257574
23453
257574
296126
257574
299891
257574
299514
257574
6438
257574
223761
257574
166764
257574
174963
257574
299626
257574
216628
257574
54691
257574
209125
257574
159057
257574
75431
257574
292708
257574
47295
257574
176245
257574
299607
257574
14551
257574
299348
257574
299584
257574
299910
257574
156989
257574
163514
257574
121634
257574
205838
257574
207775
257574
109997
257574
166187
257574
20835
257574
149177
257574
207544
257574
23800
257574
130003
257574
108478
257574
118538
257574
101884
257574
226545
257574
32876
257574
120084
257574
110492
257574
259429
257574
280278
257574
286687
257574
299738
257574
299577
257574
90989
257574
163272
257574
146498
257574
175805
257574
238656
257574
213420
257574
299367
257574
299897
257574
54120
257574
106328
257574
258686
257574
285366
257574
166353
257574
280847
257574
28610
257574
44566
257574
191795
257574
178955
257574
216636
257574
299305
257574
95421
257574
299487
257574
225677
257574
90586
257574
88499
257574
245865
257574
151939
257574
92801
257574
14060
257574
239561
257574
157384
257574
222262
257574
185262
257574
153969
257574
299354
257574
247601
257574
63690
257574
299534
257574
14867
257574
229815
257574
261844
257574
295383
257574
160805
257574
27978
257574
374
257574
12872
257574
243979
257574
146035
257574
237893
257574
248195
257574
144753
257574
20216
257574
8552
257574
208836
257574
299599
257574
215174
257574
299455
257574
262545
257574
299367
257574
299348
257574
263772
257574
128390
257574
299407
257574
299404
257574
101590
257574
134702
257574
158035
257574
77455
257574
11925
257574
183472
257574
30963
257574
161034
257574
63036
257574
186266
257574
180326
257574
176824
257574
116236
257574
186767
257574
31764
257574
191274
257574
18275
257574
209935
257574
214270
257574
123072
257574
299571
257574
283739
257574
299426
257574
126229
257574
111555
257574
74087
257574
299426
257574
163021
257574
247811
257574
227242
257574
186375
257574
118319
257574
127901
257574
262252
257574
198952
257574
166936
257574
66614
257574
8912
257574
83667
257574
176885
257574
210113
257574
124169
257574
111202
257574
299718
257574
299858
257574
71777
257574
172502
257574
190930
257574
299759
257574
45745
257574
99423
257574
299851
257574
299380
257574
181769
257574
55371
257574
227967
257574
87824
257574
229892
257574
104258
257574
115122
257574
125243
257574
228286
257574
938
257574
159767
257574
203578
257574
299651
257574
291551
257574
69105
257574
54377
257574
226702
257574
11883
257574
160345
257574
299977
257574
240520
257574
186073
257574
53653
257574
277707
257574
293925
257574
203862
257574
299837
257574
87030
257574
275637
257574
299540
257574
85827
257574
299336
257574
299536
257574
285385
257574
60224
257574
185553
257574
80663
257574
103285
257574
189361
257574
3385
257574
32212
257574
9873
257574
55014
257574
273131
257574
299626
257574
286674
257574
91749
257574
71780
257574
122371
257574
139243
257574
299651
257574
13883
257574
299866
257574
299599
257574
158681
257574
240835
257574
294043
257574
101124
257574
191272
257574
299423
257574
273421
257574
56216
257574
58060
257574
223710
257574
89858
257574
248978
257574
7872
257574
299596
257574
68769
257574
299417
257574
164958
257574
93579
257574
92441
257574
40509
257574
255135
257574
28067
257574
70785
257574
179324
257574
146369
257574
296932
257574
233824
257574
67649
257574
33868
257574
165376
257574
33619
257574
3977
257574
63124
257574
227544
257574
75668
257574
224346
257574
244564
257574
107981
257574
292990
257574
31795
257574
91122
257574
259620
257574
299906
257574
51272
257574
75123
257574
49360
257574
276159
257574
92999
257574
237022
257574
299874
257574
190794
257574
173046
257574
299874
257574
35034
257574
181087
257574
210260
257574
53702
257574
115470
257574
299780
257574
55715
257574
260455
257574
95649
257574
299923
257574
246546
257574
299961
257574
252538
257574
120668
257574
299479
257574
291076
257574
26659
257574
80628
257574
80731
257574
144232
257574
3104
257574
296362
257574
19092
257574
201625
257574
299735
257574
299684
257574
240280
257574
30770
257574
124751
257574
287498
257574
88843
257574
41844
257574
231694
257574
268081
257574
286556
257574
299577
257574
34039
257574
299724
257574
299336
257574
230569
257574
234524
257574
259898
257574
27997
257574
140707
257574
83839
257574
104403
257574
299977
257574
85435
257574
6202
257574
238360
257574
227968
257574
142053
257574
83744
257574
273828
257574
84765
257574
297495
257574
157112
257574
36177
257574
159539
257574
258054
257574
199178
257574
33381
257574
205542
257574
228202
257574
284541
257574
23838
257574
299643
257574
299964
257574
139787
257574
121859
257574
263789
257574
226955
257574
13574
257574
71153
257574
135929
257574
83681
257574
186394
257574
21591
257574
299465
257574
22376
257574
13156
257574
268829
257574
299320
257574
267512
257574
299417
257574
91869
257574
299807
257574
299919
257574
174944
257574
8214
257574
205442
257574
187272
257574
4866
257574
189828
257574
149780
257574
249885
257574
39538
257574
71372
257574
177606
257574
179207
257574
173205
257574
208739
257574
115378
257574
299432
257574
99583
257574
281361
257574
299651
257574
299961
257574
183230
257574
125990
257574
107236
257574
48251
257574
299676
257574
299919
257574
285336
257574
23209
257574
99243
257574
226171
257574
5707
257574
79007
257574
84606
257574
287145
257574
299932
257574
45762
257574
192492
257574
86474
257574
298255
257574
299511
257574
165555
257574
299759
257574
43374
257574
299724
257574
297749
257574
177790
257574
299596
257574
191450
257574
128062
257574
299940
257574
210085
257574
124465
257574
268998
257574
299766
257574
239290
257574
196922
257574
195445
257574
254348
257574
89537
257574
152957
257574
299999
257574
200531
257574
134397
257574
133193
257574
263288
257574
299586
257574
225111
257574
76018
257574
62813
257574
64709
257574
299952
257574
101431
257574
151911
257574
13023
257574
120537
257574
288478
257574
263405
257574
275847
257574
78517
257574
299667
257574
215446
257574
233558
257574
299895
257574
299577
257574
211179
257574
299606
257574
74850
257574
299793
257574
299586
257574
117195
257574
101783
257574
115430
257574
299621
257574
299630
257574
10164
257574
51074
257574
34872
257574
218245
257574
77680
257574
297587
257574
210560
257574
299837
257574
45681
257574
42752
257574
70253
257574
221474
257574
250419
257574
299621
257574
299442
257574
126739
257574
184115
257574
250416
257574
30712
257574
299404
257574
267938
257574
42242
257574
224659
257574
299571
257574
57880
257574
250837
257574
53313
257574
179759
257574
23001
257574
213919
257574
14765
257574
32329
257574
206901
257574
166488
257574
299363
257574
200294
257574
58418
257574
163719
257574
180724
257574
262220
257574
14093
257574
26294
257574
299740
257574
224626
257574
264374
257574
164052
257574
58175
257574
106319
257574
244332
257574
105952
257574
92324
257574
23189
257574
195830
257574
229591
257574
61918
257574
299651
257574
116550
257574
198129
257574
78108
257574
185356
257574
299735
257574
299417
257574
299348
257574
299458
257574
186792
257574
223411
257574
34079
257574
143417
257574
45445
257574
23076
257574
241145
257574
63509
257574
299700
257574
78924
257574
48916
257574
146556
257574
111769
257574
71068
257574
129377
257574
208913
257574
299891
257574
135291
257574
148810
257574
299532
257574
238758
257574
154716
257574
156012
257574
164290
257574
208591
257574
226632
257574
166461
257574
299822
257574
115315
257574
117333
257574
219745
257574
299580
257574
299400
257574
75201
257574
114211
257574
60345
257574
299725
257574
299689
257574
140053
257574
98838
257574
299584
257574
268305
257574
86831
257574
83611
257574
275808
257574
272085
257574
285507
257574
299863
257574
245223
257574
299886
257574
299874
257574
142175
257574
216203
257574
299906
257574
299532
257574
244651
257574
254010
257574
131548
257574
225062
257574
299479
257574
28985
257574
229010
257574
233484
257574
115714
257574
170647
257574
7950
257574
299637
257574
157119
257574
270812
257574
113771
257574
16448
257574
193472
257574
165896
257574
73316
257574
241504
257574
181847
257574
170194
257574
180752
257574
299464
257574
63992
257574
82486
257574
299863
257574
216578
257574
3395
257574
281668
257574
219507
257574
240034
257574
67783
257574
170393
257574
230935
257574
299607
257574
132271
257574
194152
257574
113419
257574
132355
257574
276958
257574
299486
257574
68024
257574
72346
257574
273115
257574
299793
257574
248147
257574
87910
257574
299676
257574
285458
257574
71842
257574
14026
257574
256843
257574
91015
257574
244729
257574
60416
257574
299397
257574
233404
257574
56604
257574
6689
257574
191225
257574
164083
257574
131267
257574
71496
257574
272672
257574
121962
257574
299929
257574
170290
257574
181529
257574
299927
257574
299428
257574
299580
257574
185470
257574
141663
257574
102220
257574
299530
257574
133475
257574
228798
257574
98396
257574
29428
257574
43848
257574
274322
257574
210695
257574
224316
257574
121412
257574
173775
257574
72455
257574
219715
257574
183779
257574
4375
257574
121158
257574
41110
257574
52003
257574
299630
257574
299643
257574
297006
257574
91025
257574
281616
257574
299622
257574
299596
257574
299857
257574
47859
257574
299606
257574
180510
257574
299858
257574
19248
257574
247680
257574
105909
257574
299911
257574
136762
257574
299367
257574
191472
257574
297790
257574
43190
257574
299633
257574
299626
257574
241025
257574
167880
257574
202082
257574
28202
257574
299568
257574
216335
257574
299356
257574
299793
257574
32107
257574
299584
257574
299724
257574
299949
257574
299868
257574
299404
257574
299829
257574
64597
257574
299649
257574
247559
257574
133912
257574
299495
257574
299919
257574
282979
257574
127988
257574
291389
257574
14788
257574
299851
257574
23960
257574
265710
257574
122920
257574
160270
257574
149499
257574
174251
257574
176720
257574
256
257574
151853
257574
126133
257574
3168
257574
299738
257574
189430
257574
252746
257574
257214
257574
291952
257574
299667
257574
132586
257574
261672
257574
299738
257574
23925
257574
299637
257574
106698
257574
104500
257574
51329
257574
152864
257574
129556
257574
42541
257574
39646
257574
68419
257574
201757
257574
260105
257574
27137
257574
137284
257574
14152
257574
262408
257574
15894
257574
173783
257574
83680
257574
299532
257574
299305
257574
204788
257574
296464
257574
28937
257574
113126
257574
90722
257574
299636
257574
292678
257574
184024
257574
25451
257574
217444
257574
299407
257574
299637
257574
299420
257574
272390
257574
299606
257574
297817
257574
267368
257574
165489
257574
262007
257574
73932
257574
27143
257574
251022
257574
299964
257574
10675
257574
92952
257574
299661
257574
201618
257574
272491
257574
147643
257574
220569
257574
270423
257574
257652
257574
299822
257574
55057
257574
299675
257574
60259
257574
299692
257574
159131
257574
130798
257574
131638
257574
299874
257574
299584
257574
25453
257574
85739
257574
90375
257574
85647
257574
35675
257574
51557
257574
105764
257574
129374
257574
299829
257574
261378
257574
299514
257574
106937
257574
176534
257574
224966
257574
69418
257574
32396
257574
50244
257574
188790
257574
2066
257574
107605
257574
175006
257574
209834
257574
212242
257574
299442
257574
53242
257574
299902
257574
172596
257574
224884
257574
299724
257574
283423
257574
299801
257574
221703
257574
170194
257574
213710
257574
255261
257574
243632
257574
54620
257574
287184
257574
103124
257574
299852
257574
246008
257574
222364
257574
213870
257574
244962
257574
299338
257574
66141
257574
299607
257574
299671
257574
114480
257574
1360
257574
206597
257574
299486
257574
29055
257574
220150
257574
277681
257574
27266
257574
299795
257574
125838
257574
149981
257574
21970
257574
211751
257574
299439
257574
299511
257574
107303
257574
288954
257574
133064
257574
216255
257574
265665
257574
62078
257574
73853
257574
192113
257574
247559
257574
299626
257574
104671
257574
244580
257574
281480
257574
299950
257574
257444
257574
245471
257574
84052
257574
104083
257574
33355
257574
299400
257574
299822
257574
299791
257574
299607
257574
299458
257574
54201
257574
72674
257574
250114
257574
60256
257574
299423
257574
75679
257574
299622
257574
258148
257574
198138
257574
299801
257574
40568
257574
93495
257574
258498
257574
21865
257574
132039
257574
254162
257574
299532
257574
233229
257574
299420
257574
41414
257574
172733
257574
276503
257574
125484
257574
84324
257574
187190
257574
61758
257574
121599
257574
259730
257574
120929
257574
299521
257574
173079
257574
175938
257574
299639
257574
130216
257574
299641
257574
114003
257574
299547
257574
260208
257574
109728
257574
268604
257574
299599
257574
15086
257574
71212
257574
83121
257574
299928
257574
175868
257574
171828
257574
299404
257574
275171
257574
242579
257574
87901
257574
299919
257574
288223
257574
183092
257574
297487
257574
43053
257574
297689
257574
41920
257574
232710
257574
178520
257574
77030
257574
299305
257574
92801
257574
66264
257574
299586
257574
281595
257574
231694
257574
173120
257574
299759
257574
243785
257574
34681
257574
299868
257574
299906
257574
23645
257574
167418
257574
186748
257574
222144
257574
127480
257574
299643
257574
299651
257574
57807
257574
131006
257574
275132
257574
278341
257574
27676
257574
293782
257574
227377
257574
209585
257574
170210
257574
290075
257574
94653
257574
299615
257574
160052
257574
250121
257574
88371
257574
299599
257574
113866
257574
299735
257574
299911
257574
299637
257574
11949
257574
112707
257574
34822
257574
41653
257574
227449
257574
299897
257574
299667
257574
85703
257574
72428
257574
299759
257574
184300
257574
188452
257574
299560
257574
178856
257574
145786
257574
185770
257574
109445
257574
26681
257574
165874
257574
299475
257574
299417
257574
299923
257574
163135
257574
299389
257574
299417
257574
115724
257574
299380
257574
12570
257574
128096
257574
197904
257574
168538
257574
71608
257574
299417
257574
30036
257574
10546
257574
91533
257574
299978
257574
299455
257574
210291
257574
253476
257574
131676
257574
299577
257574
299904
257574
249445
257574
299919
257574
126568
257574
174520
257574
299338
257574
1048
257574
299718
257574
299426
257574
151305
257574
15807
257574
150367
257574
86474
257574
299320
257574
299485
257574
299857
257574
233654
257574
174272
257574
299985
257574
262874
257574
53700
257574
149307
257574
66229
257574
76516
257574
120823
257574
198215
257574
1480
257574
299952
257574
299801
257574
299606
257574
299586
257574
117877
257574
38664
257574
91533
257574
176749
257574
183627
257574
238399
257574
68093
257574
299361
257574
291067
257574
167643
257574
253878
257574
233375
257574
69737
257574
281021
257574
299898
257574
236600
257574
299897
257574
247416
257574
299596
257574
149447
257574
293968
257574
79203
257574
67427
257574
22744
257574
299584
257574
232224
257574
297151
257574
129596
257574
38173
257574
176593
257574
45887
257574
23672
257574
162259
257574
283224
257574
159998
257574
236899
257574
284887
257574
136781
257574
270657
257574
119168
257574
284328
257574
105900
257574
6544
257574
260430
257574
18981
257574
117851
257574
54119
257574
78113
257574
299432
257574
299568
257574
255
257574
239325
257574
299464
257574
268096
257574
84423
257574
114543
257574
54132
257574
299978
257574
143555
257574
299432
257574
299725
257574
276758
257574
114404
257574
283766
257574
165341
257574
15085
257574
292448
257574
226757
257574
299851
257574
126906
257574
66890
257574
26626
257574
168832
257574
129911
257574
127510
257574
173862
257574
223758
257574
261405
257574
97210
257574
150634
257574
211274
257574
64803
257574
288250
257574
143068
257574
61421
257574
15323
257574
299902
257574
225023
257574
93254
257574
237763
257574
299539
257574
284966
257574
28840
257574
190987
257574
299418
257574
299919
257574
299354
257574
276144
257574
299886
257574
107065
257574
299906
257574
33222
257574
18322
257574
299568
257574
299793
257574
238197
257574
299891
257574
154870
257574
272566
257574
299540
257574
21671
257574
54767
257574
40296
257574
299577
257574
3079
257574
288029
257574
161664
257574
107956
257574
299530
257574
292456
257574
130443
257574
83820
257574
262511
257574
136821
257574
132852
257574
72591
257574
147212
257574
167695
257574
253563
257574
237375
257574
299439
257574
159437
257574
50935
257574
299887
257574
297124
257574
299637
257574
275353
257574
70098
257574
133420
257574
71598
257574
195731
257574
299464
257574
294676
257574
37395
257574
54166
257574
52611
257574
291191
257574
120971
257574
17914
257574
41331
257574
299464
257574
198167
257574
296873
257574
170599
257574
205463
257574
290258
257574
49665
257574
64710
257574
143394
257574
19204
257574
42122
257574
140032
257574
16811
257574
48511
257574
299532
257574
183569
257574
25747
257574
8004
257574
96669
257574
262454
257574
299584
257574
39409
257574
206302
257574
87448
257574
275760
257574
138732
257574
150335
257574
200736
257574
287024
257574
22273
257574
10638
257574
136983
257574
174692
257574
26952
257574
7043
257574
76564
257574
119930
257574
292455
257574
299822
257574
2857
257574
168579
257574
239690
257574
81827
257574
299426
257574
270404
257574
203595
257574
127265
257574
299243
257574
64193
257574
286916
257574
236764
257574
27
257574
135112
257574
217773
257574
299486
257574
185610
257574
148290
257574
243458
257574
299465
257574
20955
257574
34109
257574
80892
257574
14350
257574
299528
257574
131929
257574
28564
257574
299595
257574
64514
257574
185402
257574
31888
257574
177204
257574
239129
257574
221278
257574
212942
257574
123994
257574
221525
257574
123275
257574
243935
257574
208926
257574
79673
257574
299511
257574
299798
257574
85738
257574
64452
257574
193464
257574
126104
257574
299807
257574
98917
257574
81373
257574
108398
257574
295153
257574
78810
257574
265128
257574
299584
257574
21378
257574
299319
257574
12819
257574
299464
257574
299667
257574
149617
257574
197277
257574
296228
257574
299596
257574
238047
257574
287712
257574
299700
257574
299751
257574
118835
257574
28084
257574
288016
257574
277650
257574
299336
257574
299441
257574
235136
257574
260957
257574
124420
257574
29583
257574
256915
257574
152053
257574
209599
257574
23546
257574
289576
257574
4534
257574
179850
257574
146940
257574
40337
257574
11267
257574
161479
257574
266121
257574
187682
257574
19614
257574
31780
257574
62370
257574
170647
257574
299417
257574
54462
257574
94321
257574
73904
257574
184358
257574
123510
257574
288254
257574
153187
257574
242309
257574
119300
257574
141376
257574
274145
257574
274468
257574
281744
257574
122925
257574
182405
257574
124429
257574
247559
257574
14153
257574
299822
257574
194591
257574
278335
257574
32794
257574
299906
257574
32343
257574
36569
257574
258857
257574
70243
257574
299336
257574
99165
257574
3007
257574
299458
257574
299724
257574
299580
257574
9022
257574
36993
257574
191247
257574
45910
257574
201185
257574
281374
257574
213259
257574
289055
257574
299868
257574
58246
257574
48689
257574
213306
257574
99608
257574
255630
257574
202357
257574
37649
257574
225117
257574
149892
257574
253609
257574
40278
257574
299432
257574
278866
257574
134543
257574
112009
257574
268206
257574
27496
257574
50847
257574
99587
257574
299568
257574
256757
257574
287393
257574
271316
257574
299607
257574
299832
257574
70623
257574
104588
257574
15659
257574
122036
257574
299536
257574
202377
257574
103957
257574
206217
257574
59218
257574
133276
257574
108353
257574
299397
257574
172130
257574
258719
257574
182577
257574
299740
257574
299388
257574
78395
257574
38006
257574
299637
257574
287162
257574
113898
257574
79206
257574
71420
257574
143457
257574
154961
257574
268188
257574
49137
257574
163917
257574
9188
257574
197025
257574
88045
257574
13351
257574
165298
257574
299495
257574
299606
257574
299667
257574
299612
257574
190794
257574
299739
257574
216421
257574
16044
257574
223848
257574
299432
257574
120386
257574
182333
257574
299890
257574
299388
257574
291146
257574
166559
257574
172971
257574
71657
257574
299580
257574
137292
257574
285822
257574
182603
257574
177008
257574
203476
257574
227100
257574
299397
257574
299407
257574
163681
257574
120761
257574
1492
257574
138676
257574
9608
257574
299759
257574
257601
257574
252533
257574
283019
257574
161370
257574
299927
257574
299724
257574
208237
257574
235072
257574
83363
257574
204457
257574
116071
257574
225354
257574
99793
257574
128011
257574
55860
257574
5124
257574
299334
257574
299324
257574
13611
257574
177777
257574
177762
257574
299995
257574
206335
257574
9867
257574
238534
257574
159907
257574
204849
257574
180131
257574
299354
257574
283706
257574
127031
257574
299904
257574
255024
257574
213167
257574
299900
257574
299685
257574
150754
257574
299659
257574
299464
257574
299822
257574
178593
257574
269330
257574
104143
257574
299852
257574
204274
257574
236674
257574
3573
257574
210961
257574
21590
257574
8622
257574
41178
257574
293427
257574
249080
257574
270884
257574
299904
257574
288562
257574
219492
257574
17261
257574
108993
257574
56183
257574
289181
257574
130417
257574
222426
257574
207920
257574
184096
257574
217267
257574
130352
257574
299643
257574
44936
257574
256513
257574
299922
257574
219444
257574
178988
257574
99847
257574
299589
257574
170994
257574
213155
257574
299397
257574
269300
257574
261497
257574
269155
257574
43821
257574
75123
257574
233265
257574
299801
257574
259646
257574
21262
257574
204953
257574
152618
257574
234843
257574
200322
257574
299801
257574
53848
257574
78140
257574
27990
257574
299952
257574
247934
257574
148546
257574
296528
257574
207395
257574
150908
257574
222370
257574
299632
257574
166524
257574
241850
257574
69113
257574
111584
257574
299607
257574
138840
257574
85946
257574
299829
257574
299801
257574
203812
257574
130326
257574
65159
257574
179905
257574
138951
257574
148621
257574
299841
257574
299577
257574
93137
257574
162915
257574
299385
257574
77305
257574
284491
257574
18075
257574
198535
257574
157464
257574
131246
257574
145304
257574
222436
257574
299952
257574
201308
257574
257999
257574
257499
257574
122944
257574
12292
257574
74691
257574
299886
257574
67803
257574
151869
257574
143137
257574
150612
257574
98722
257574
15720
257574
170091
257574
77371
257574
162735
257574
96148
257574
214935
257574
299692
257574
101791
257574
30165
257574
299866
257574
154916
257574
287352
257574
279623
257574
221185
257574
84369
257574
299404
257574
229478
257574
220314
257574
299637
257574
80518
257574
299442
257574
183989
257574
189489
257574
33310
257574
102563
257574
261564
257574
247485
257574
206608
257574
179942
257574
38826
257574
237366
257574
299349
257574
227728
257574
278579
257574
43134
257574
28112
257574
26926
257574
171360
257574
299326
257574
249881
257574
157209
257574
299616
257574
87902
257574
299334
257574
299432
257574
23453
257574
86348
257574
299336
257574
299830
257574
250560
257574
8397
257574
113933
257574
179214
257574
101145
257574
12364
257574
226622
257574
299407
257574
104746
257574
130140
257574
243804
257574
172292
257574
159344
257574
175327
257574
177494
257574
234024
257574
52263
257574
299615
257574
96140
257574
244624
257574
270835
257574
29763
257574
299822
257574
33429
257574
29340
257574
218087
257574
73847
257574
175370
257574
180132
257574
288433
257574
299801
257574
80889
257574
263899
257574
127563
257574
88126
257574
217865
257574
42868
257574
224404
257574
22514
257574
284706
257574
56134
257574
299404
257574
16589
257574
234390
257574
244592
257574
22193
257574
142028
257574
238454
257574
100352
257574
235210
257574
112023
257574
299895
257574
130093
257574
191540
257574
299874
257574
299388
257574
243390
257574
219964
257574
44487
257574
253334
257574
104204
257574
299890
257574
210352
257574
172037
257574
299336
257574
299651
257574
84189
257574
299887
257574
299910
257574
142651
257574
169487
257574
152934
257574
86275
257574
231608
257574
64677
257574
115453
257574
125462
257574
150576
257574
299458
257574
43512
257574
97046
257574
288931
257574
98111
257574
282067
257574
299886
257574
105723
257574
275178
257574
294166
257574
299458
257574
188182
257574
94208
257574
299896
257574
141857
257574
222329
257574
299510
257574
188335
257574
299667
257574
295226
257574
299650
257574
299897
257574
82220
257574
87084
257574
59236
257574
265379
257574
95218
257574
39507
257574
83950
257574
266774
257574
299910
257574
236351
257574
176178
257574
299906
257574
299832
257574
299854
257574
85565
257574
120219
257574
91633
257574
299397
257574
297269
257574
216449
257574
299637
257574
149331
257574
282948
257574
253020
257574
105991
257574
144643
257574
4668
257574
299999
257574
299928
257574
909
257574
299857
257574
8964
257574
216244
257574
13325
257574
73509
257574
255227
257574
137129
257574
62084
257574
299426
257574
57281
257574
184521
257574
220719
257574
299875
257574
144249
257574
65978
257574
116466
257574
99794
257574
273169
257574
49351
257574
42094
257574
156735
257574
299887
257574
238408
257574
70866
257574
266760
257574
166029
257574
299837
257574
299622
257574
299458
257574
299832
257574
299986
257574
234600
257574
299417
257574
50944
257574
299441
257574
123781
257574
295252
257574
58933
257574
130115
257574
163268
257574
154463
257574
279979
257574
283068
257574
299977
257574
295531
257574
248126
257574
74481
257574
299596
257574
54566
257574
293101
257574
74273
257574
299952
257574
156633
257574
299675
257574
6795
257574
180464
257574
121898
257574
222218
257574
174509
257574
72064
257574
214139
257574
262825
257574
165888
257574
207958
257574
163010
257574
142672
257574
299953
257574
19378
257574
228182
257574
182447
257574
178489
257574
189840
257574
299361
257574
293172
257574
33672
257574
48821
257574
299874
257574
116163
257574
202557
257574
299667
257574
138401
257574
299822
257574
299893
257574
106433
257574
58658
257574
6674
257574
299964
257574
169344
257574
141201
257574
54505
257574
176734
257574
299586
257574
15647
257574
72980
257574
299367
257574
142275
257574
146519
257574
158527
257574
134266
257574
161035
257574
299927
257574
62792
257574
263181
257574
31397
257574
286386
257574
299837
257574
60408
257574
131747
257574
5552
257574
283913
257574
254720
257574
188358
257574
20695
257574
232233
257574
299929
257574
7562
257574
220855
257574
20386
257574
116295
257574
299837
257574
269034
257574
299348
257574
25396
257574
228135
257574
295383
257574
98724
257574
299380
257574
224918
257574
299414
257574
254840
257574
99175
257574
233107
257574
184969
257574
236657
257574
253681
257574
92196
257574
299906
257574
124300
257574
109452
257574
294554
257574
299354
257574
299432
257574
299858
257574
211097
257574
231694
257574
264779
257574
262985
257574
281734
257574
29352
257574
249639
257574
48354
257574
21486
257574
110172
257574
297364
257574
66435
257574
299919
257574
105606
257574
25180
257574
172947
257574
299651
257574
18603
257574
273114
257574
299794
257574
299358
257574
88498
257574
299857
257574
245963
257574
281804
257574
243258
257574
41047
257574
223818
257574
256674
257574
102390
257574
299643
257574
299766
257574
299854
257574
299404
257574
299887
257574
62573
257574
40090
257574
212036
257574
214420
257574
293413
257574
53360
257574
156339
257574
108457
257574
166137
257574
218368
257574
208201
257574
257827
257574
263431
257574
1173
257574
32656
257574
299891
257574
84695
257574
139558
257574
271138
257574
259139
257574
77298
257574
145902
257574
137839
257574
238861
257574
22714
257574
299929
257574
261962
257574
299760
257574
185040
257574
299458
257574
97379
257574
299661
257574
202416
257574
196368
257574
299661
257574
84726
257574
299829
257574
258485
257574
185144
257574
77493
257574
216181
257574
299822
257574
299465
257574
48753
257574
299841
257574
63476
257574
207963
257574
144152
257574
284557
257574
33502
257574
201500
257574
36575
257574
204799
257574
299651
257574
248694
257574
148615
257574
299950
257574
299692
257574
129810
257574
185378
257574
31010
257574
34748
257574
299621
257574
144874
257574
73936
257574
299336
257574
99655
257574
299952
257574
202688
257574
41311
257574
299692
257574
33864
257574
136365
257574
96697
257574
288018
257574
207901
257574
18614
257574
18088
257574
55223
257574
147371
257574
148947
257574
299688
257574
257562
257574
140395
257574
245987
257574
61242
257574
119253
257574
299735
257574
158403
257574
5325
257574
199842
257574
233576
257574
186020
257574
299919
257574
299985
257574
105140
257574
298515
257574
287056
257574
235311
257574
132660
257574
287326
257574
199150
257574
208509
257574
131355
257574
51137
257574
49772
257574
299964
257574
151481
257574
146326
257574
281887
257574
15992
257574
269695
257574
237742
257574
299688
257574
134841
257574
299596
257574
299404
257574
199099
257574
299606
257574
58249
257574
244224
257574
107662
257574
7770
257574
251366
257574
137903
257574
50438
257574
176604
257574
133667
257574
299336
257574
299419
257574
72223
257574
57268
257574
29300
257574
82823
257574
299651
257574
27205
257574
299532
257574
270744
257574
111149
257574
298640
257574
14961
257574
11038
257574
299927
257574
191801
257574
299973
257574
9120
257574
95385
257574
46674
257574
131483
257574
272139
257574
169945
257574
251352
257574
227207
257574
275669
257574
221402
257574
299801
257574
66487
257574
284867
257574
34436
257574
210300
257574
141989
257574
299584
257574
189760
257574
171770
257574
93248
257574
122391
257574
97542
257574
62714
257574
299354
257574
226683
257574
299651
257574
80921
257574
123746
257574
247155
257574
261841
257574
282456
257574
150755
257574
299692
257574
61050
257574
12563
257574
262223
257574
148014
257574
283356
257574
270255
257574
299887
257574
42876
257574
279932
257574
81241
257574
146547
257574
133582
257574
59433
257574
247712
257574
65065
257574
177939
257574
64200
257574
58080
257574
253665
257574
211129
257574
270321
257574
179702
257574
51989
257574
249319
257574
169184
257574
144786
257574
299689
257574
188765
257574
126662
257574
188294
257574
125279
257574
299725
257574
291424
257574
52779
257574
166029
257574
135386
257574
299929
257574
299407
257574
146688
257574
271553
257574
41990
257574
226959
257574
299667
257574
67465
257574
77132
257574
278746
257574
49984
257574
56976
257574
54312
257574
85894
257574
124421
257574
283300
257574
299336
257574
245989
257574
163398
257574
24443
257574
50847
257574
299599
257574
19448
257574
299665
257574
138418
257574
205211
257574
299604
257574
94662
257574
276912
257574
207544
257574
257831
257574
234202
257574
296293
257574
67864
257574
37500
257574
215928
257574
148804
257574
274624
257574
201785
257574
110711
257574
162076
257574
238887
257574
299361
257574
61958
257574
68746
257574
117998
257574
294832
257574
282074
257574
179702
257574
269157
257574
90518
257574
98565
257574
65949
257574
253098
257574
78729
257574
124952
257574
244652
257574
296888
257574
299336
257574
299863
257574
243508
257574
274862
257574
299922
257574
127730
257574
22118
257574
207717
257574
190001
257574
299700
257574
299486
257574
7290
257574
256118
257574
126898
257574
12057
257574
299486
257574
132506
257574
36116
257574
164076
257574
71212
257574
202950
257574
75363
257574
268560
257574
161159
257574
48430
257574
100229
257574
168106
257574
79260
257574
26818
257574
299464
257574
134600
257574
31378
257574
299693
257574
299326
257574
208468
257574
4170
257574
194823
257574
98813
257574
299874
257574
263488
257574
185940
257574
102716
257574
299632
257574
85280
257574
54587
257574
148608
257574
183379
257574
70008
257574
31115
257574
210555
257574
18031
257574
149261
257574
299577
257574
72576
257574
127155
257574
157009
257574
299910
257574
106294
257574
73963
257574
250302
257574
299417
257574
225328
257574
51844
257574
70587
257574
219156
257574
299735
257574
258654
257574
148133
257574
178560
257574
155792
257574
299367
257574
299621
257574
65917
257574
126952
257574
42039
257574
258708
257574
32931
257574
99585
257574
215219
257574
299621
257574
173228
257574
270553
257574
299584
257574
212842
257574
299893
257574
299919
257574
47893
257574
202549
257574
299361
257574
54074
257574
290283
257574
214452
257574
299354
257574
21894
257574
172986
257574
263268
257574
229085
257574
255718
257574
293032
257574
286263
257574
235646
257574
299651
257574
11842
257574
299621
257574
190804
257574
297482
257574
24268
257574
173769
257574
44867
257574
253443
257574
45786
257574
202113
257574
152156
257574
152705
257574
242248
257574
210513
257574
232709
257574
58967
257574
144958
257574
258164
257574
92900
257574
299689
257574
191336
257574
289016
257574
89364
257574
282323
257574
123460
257574
123849
257574
163135
257574
299890
257574
6521
257574
57178
257574
177506
257574
181806
257574
189538
257574
53189
257574
3251
257574
44550
257574
299336
257574
299354
257574
230336
257574
299687
257574
169639
257574
239462
257574
2181
257574
22259
257574
179435
257574
243955
257574
299354
257574
39165
257574
299976
257574
299651
257574
299596
257574
299897
257574
164505
257574
129646
257574
287613
257574
299596
257574
161785
257574
193963
257574
285278
257574
299420
257574
283605
257574
299643
257574
61726
257574
29594
257574
243791
257574
135301
257574
108060
257574
299528
257574
299367
257574
203942
257574
250392
257574
76978
257574
266930
257574
155856
257574
7191
257574
273607
257574
299417
257574
299940
257574
154179
257574
299611
257574
299458
257574
95957
257574
299724
257574
269582
257574
299643
257574
280707
257574
299893
257574
100135
257574
280214
257574
2879
257574
1048
257574
169404
257574
28008
257574
133106
257574
188560
257574
1280
257574
299791
257574
299464
257574
93486
257574
259810
257574
299407
257574
30778
257574
159799
257574
299417
257574
279401
257574
237852
257574
58619
257574
299684
257574
91184
257574
130016
257574
20330
257574
42287
257574
258145
257574
285827
257574
262076
257574
6378
257574
207497
257574
248361
257574
220334
257574
25668
257574
286330
257574
299539
257574
211903
257574
4163
257574
75847
257574
296399
257574
218330
257574
39745
257574
130420
257574
299785
257574
288585
257574
248503
257574
134889
257574
213345
257574
243888
257574
9002
257574
299874
257574
299510
257574
171475
257574
124420
257574
53174
257574
160370
257574
297027
257574
167876
257574
5926
257574
53824
257574
299420
257574
180165
257574
27118
257574
119605
257574
299596
257574
299637
257574
278507
257574
29700
257574
72064
257574
81886
257574
243126
257574
56695
257574
209708
257574
89457
257574
208007
257574
271578
257574
299452
257574
52183
257574
124802
257574
47565
257574
194210
257574
299441
257574
225833
257574
36739
257574
216869
257574
109619
257574
8433
257574
299354
257574
2368
257574
9546
257574
165759
257574
244182
257574
299829
257574
299801
257574
255608
257574
141425
257574
299348
257574
279162
257574
108228
257574
4650
257574
28688
257574
37600
257574
243995
257574
299718
257574
16077
257574
125952
257574
230466
257574
185819
257574
207632
257574
185122
257574
285160
257574
293956
257574
299857
257574
43590
257574
171581
257574
299432
257574
177064
257574
238237
257574
299417
257574
299874
257574
77229
257574
215804
257574
214216
257574
214029
257574
197798
257574
207148
257574
86997
257574
299630
257574
78942
257574
246551
257574
223522
257574
299931
257574
288801
257574
170447
257574
299538
257574
299724
257574
262763
257574
216007
257574
189830
257574
196924
257574
211432
257574
175472
257574
299319
257574
252874
257574
172080
257574
227680
257574
198539
257574
289831
257574
299568
257574
38415
257574
227880
257574
299622
257574
299829
257574
39163
257574
299692
257574
219903
257574
139205
257574
299611
257574
299528
257574
80912
257574
96146
257574
2575
257574
76207
257574
202143
257574
299874
257574
299954
257574
299414
257574
183637
257574
280104
257574
299487
257574
31900
257574
18612
257574
74072
257574
259733
257574
280567
257574
256015
257574
299441
257574
143949
257574
299439
257574
33750
257574
194585
257574
164720
257574
299336
257574
233882
257574
149831
257574
201487
257574
151316
257574
212437
257574
299949
257574
117589
257574
299911
257574
299607
257574
21582
257574
299964
257574
108998
257574
244593
257574
93378
257574
298118
257574
174061
257574
298542
257574
299964
257574
299929
257574
95751
257574
25111
257574
253332
257574
256498
257574
299692
257574
234606
257574
106030
257574
189297
257574
22552
257574
222935
257574
263400
257574
233562
257574
299420
257574
287297
257574
245892
257574
148562
257574
134158
257574
139891
257574
43329
257574
299475
257574
252421
257574
69781
257574
252712
257574
238817
257574
231090
257574
299837
257574
179046
257574
299464
257574
194034
257574
214414
257574
299852
257574
264390
257574
299606
257574
299358
257574
299785
257574
262746
257574
106307
257574
214414
257574
92150
257574
299633
257574
272192
257574
55104
257574
299927
257574
188135
257574
133799
257574
225877
257574
20559
257574
299595
257574
90717
257574
236917
257574
7695
257574
205397
257574
1169
257574
2038
257574
20263
257574
36396
257574
299426
257574
17530
257574
216757
257574
42475
257574
107103
257574
299636
257574
88626
257574
186915
257574
299986
257574
273156
257574
127333
257574
253375
257574
292097
257574
22082
257574
33535
257574
119932
257574
112009
257574
236118
257574
100574
257574
290196
257574
62224
257574
299407
257574
27388
257574
252169
257574
299751
257574
299897
257574
299465
257574
187982
257574
299388
257574
19695
257574
225172
257574
299740
257574
202143
257574
34644
257574
126970
257574
299621
257574
78499
257574
213820
257574
299599
257574
206531
257574
289716
257574
206004
257574
73433
257574
25674
257574
250145
257574
62592
257574
299857
257574
299919
257574
299305
257574
81295
257574
299891
257574
299740
257574
170195
257574
193455
257574
299950
257574
55034
257574
299893
257574
106717
257574
265645
257574
299989
257574
110283
257574
63578
257574
270973
257574
266843
257574
6267
257574
186627
257574
29582
257574
299584
257574
35731
257574
272233
257574
218878
257574
272419
257574
299596
257574
221975
257574
117763
257574
299580
257574
81888
257574
281747
257574
132516
257574
299643
257574
92450
257574
299336
257574
276598
257574
141646
257574
299532
257574
24469
257574
122367
257574
48426
257574
299577
257574
219673
257574
169029
257574
295297
257574
165067
257574
48318
257574
299599
257574
181248
257574
78407
257574
90304
257574
219988
257574
299485
257574
10404
257574
207475
257574
99786
257574
299388
257574
33571
257574
186533
257574
152396
257574
41880
257574
299334
257574
120773
257574
299505
257574
25067
257574
219249
257574
259947
257574
297612
257574
293946
257574
299954
257574
250836
257574
152140
257574
235706
257574
183027
257574
288283
257574
30834
257574
230567
257574
155737
257574
291346
257574
241707
257574
222587
257574
256637
257574
126930
257574
287445
257574
183265
257574
208442
257574
93537
257574
299724
257574
189478
257574
299919
257574
299919
257574
249733
257574
299801
257574
261988
257574
26932
257574
210265
257574
55640
257574
8671
257574
218228
257574
254708
257574
299417
257574
164905
257574
140773
257574
87272
257574
190994
257574
299361
257574
268894
257574
161864
257574
242415
257574
165699
257574
182067
257574
150036
257574
287523
257574
51283
257574
54008
257574
169953
257574
299922
257574
230756
257574
230675
257574
90089
257574
299724
257574
95646
257574
199485
257574
89718
257574
293442
257574
299607
257574
172020
257574
299637
257574
25190
257574
193418
257574
299910
257574
222195
257574
299718
257574
215767
257574
175782
257574
191361
257574
14402
257574
257247
257574
292856
257574
177408
257574
259341
257574
265910
257574
85383
257574
87509
257574
299367
257574
299633
257574
299432
257574
141286
257574
190440
257574
96321
257574
191701
257574
149182
257574
150041
257574
117111
257574
170210
257574
250899
257574
211274
257574
87987
257574
251764
257574
277650
257574
171222
257574
299904
257574
169940
257574
213991
257574
62291
257574
239360
257574
53154
257574
272837
257574
299596
257574
162992
257574
174207
257574
299397
257574
213061
257574
299358
257574
299922
257574
299607
257574
189506
257574
24000
257574
299740
257574
15575
257574
93746
257574
69103
257574
299891
257574
18417
257574
156448
257574
177953
257574
153730
257574
119744
257574
299417
257574
240680
257574
77130
257574
299766
257574
76901
257574
26246
257574
254218
257574
86095
257574
41833
257574
299684
257574
202416
257574
157186
257574
88433
257574
220669
257574
299435
257574
50366
257574
299388
257574
299917
257574
299964
257574
97538
257574
22128
257574
39410
257574
245955
257574
80597
257574
299348
257574
162922
257574
209826
257574
198764
257574
126976
257574
299536
257574
93562
257574
22236
257574
238024
257574
116298
257574
212699
257574
285860
257574
61675
257574
83274
257574
74644
257574
299348
257574
147481
257574
299336
257574
299612
257574
256690
257574
189361
257574
16061
257574
219801
257574
64679
257574
194451
257574
10133
257574
289306
257574
299769
257574
299923
257574
56724
257574
90676
257574
299886
257574
166084
257574
73365
257574
171533
257574
33908
257574
268425
257574
89618
257574
51648
257574
299908
257574
299735
257574
27605
257574
178097
257574
299993
257574
72450
257574
83508
257574
115515
257574
161059
257574
27919
257574
230963
257574
299671
257574
296237
257574
191814
257574
299637
257574
100733
257574
97018
257574
237336
257574
269314
257574
100201
257574
299822
257574
216154
257574
49252
257574
32920
257574
45788
257574
265264
257574
19749
257574
96814
257574
210111
257574
41820
257574
84412
257574
299580
257574
299428
257574
66210
257574
124402
257574
111712
257574
48533
257574
89274
257574
299801
257574
235072
257574
299993
257574
274107
257574
299650
257574
136418
257574
284705
257574
148241
257574
197291
257574
254738
257574
299857
257574
76021
257574
164178
257574
10455
257574
56580
257574
299908
257574
143433
257574
71977
257574
282618
257574
44701
257574
14814
257574
57326
257574
299626
257574
154411
257574
101031
257574
299361
257574
299893
257574
2735
257574
244427
257574
242485
257574
117170
257574
299940
257574
251148
257574
299682
257574
264606
257574
170057
257574
299964
257574
204927
257574
26908
257574
91348
257574
271895
257574
122640
257574
159552
257574
51945
257574
290331
257574
197989
257574
118909
257574
217996
257574
236660
257574
111507
257574
180082
257574
77873
257574
283851
257574
107440
257574
5949
257574
299643
257574
108108
257574
56034
257574
34737
257574
14444
257574
299759
257574
217848
257574
68556
257574
251107
257574
139482
257574
52078
257574
150653
257574
15293
257574
97564
257574
31373
257574
249620
257574
299875
257574
299349
257574
156281
257574
46864
257574
123664
257574
294140
257574
97210
257574
299568
257574
149947
257574
299857
257574
226612
257574
290987
257574
119758
257574
184516
257574
78419
257574
104924
257574
147503
257574
299692
257574
153064
257574
222806
257574
179952
257574
299435
257574
299651
257574
148937
257574
42700
257574
299717
257574
299906
257574
39685
257574
195667
257574
166838
257574
299832
257574
19156
257574
270330
257574
85920
257574
214687
257574
299423
257574
68554
257574
250451
257574
7094
257574
106047
257574
185060
257574
78941
257574
299458
257574
106543
257574
25822
257574
228365
257574
56103
257574
64150
257574
174489
257574
220062
257574
131358
257574
57269
257574
126037
257574
64543
257574
299911
257574
299568
257574
299922
257574
238349
257574
299724
257574
71814
257574
264815
257574
299893
257574
34329
257574
299539
257574
27597
257574
299907
257574
45887
257574
119611
257574
211566
257574
299676
257574
226086
257574
88648
257574
295916
257574
299494
257574
272311
257574
299667
257574
242258
257574
299977
257574
82676
257574
232766
257574
299922
257574
32927
257574
285398
257574
243538
257574
239834
257574
78099
257574
16328
257574
243777
257574
46879
257574
229217
257574
29022
257574
46828
257574
108377
257574
221458
257574
82092
257574
95979
257574
141693
257574
155130
257574
251840
257574
156262
257574
299305
257574
60653
257574
129606
257574
24853
257574
84960
257574
299538
257574
115089
257574
40321
257574
151384
257574
249777
257574
14388
257574
241104
257574
86424
257574
241292
257574
41690
257574
163454
257574
230677
257574
155883
257574
196735
257574
78027
257574
299675
257574
126583
257574
31029
257574
202853
257574
299417
257574
205829
257574
298991
257574
94312
257574
299906
257574
168107
257574
35937
257574
151795
257574
195201
257574
258228
257574
299367
257574
7586
257574
55764
257574
227572
257574
287970
257574
48471
257574
29476
257574
50447
257574
235586
257574
214832
257574
217991
257574
76458
257574
169760
257574
168562
257574
150194
257574
109494
257574
118438
257574
13606
257574
101721
257574
22606
257574
299766
257574
174224
257574
132429
257574
46757
257574
252750
257574
299595
257574
299689
257574
6308
257574
250568
257574
176561
257574
127171
257574
4703
257574
141399
257574
77449
257574
119173
257574
140481
257574
133543
257574
212002
257574
299487
257574
270606
257574
143871
257574
4586
257574
90216
257574
289881
257574
121456
257574
125091
257574
18708
257574
55608
257574
299389
257574
261355
257574
200238
257574
299964
257574
233192
257574
57360
257574
25058
257574
205925
257574
299919
257574
21981
257574
246231
257574
12231
257574
217358
257574
191451
257574
295298
257574
285617
257574
252861
257574
187948
257574
33710
257574
137264
257574
108477
257574
153457
257574
179343
257574
299747
257574
299580
257574
247885
257574
1986
257574
222778
257574
299995
257574
208549
257574
41957
257574
215550
257574
140958
257574
231848
257574
227814
257574
133469
257574
117281
257574
123124
257574
5274
257574
153791
257574
299739
257574
299621
257574
186643
257574
299661
257574
122475
257574
249491
257574
299534
257574
57134
257574
289055
257574
299952
257574
299367
257574
175610
257574
6221
257574
299607
257574
33430
257574
171592
257574
127906
257574
21470
257574
26781
257574
106634
257574
297295
257574
41382
257574
217188
257574
240424
257574
299421
257574
132077
257574
83884
257574
240691
257574
299863
257574
287284
257574
80383
257574
298973
257574
299487
257574
294148
257574
292612
257574
59209
257574
295916
257574
216322
257574
299866
257574
299907
257574
244237
257574
228852
257574
12245
257574
182093
257574
56108
257574
87441
257574
299464
257574
299969
257574
299643
257574
1455
257574
290735
257574
95511
257574
42724
257574
83668
257574
14553
257574
90635
257574
73617
257574
208383
257574
157972
257574
249063
257574
196094
257574
229315
257574
98490
257574
273166
257574
102682
257574
299404
257574
9728
257574
243037
257574
130193
257574
222394
257574
11703
257574
174473
257574
195054
257574
299547
257574
151827
257574
299926
257574
55971
257574
113825
257574
299822
257574
299964
257574
215819
257574
299688
257574
71303
257574
118033
257574
30566
257574
6788
257574
207848
257574
299801
257574
299659
257574
171527
257574
208880
257574
41184
257574
134620
257574
134646
257574
299893
257574
40417
257574
159764
257574
193192
257574
136081
257574
299419
257574
299929
257574
226842
257574
299577
257574
299886
257574
288228
257574
229805
257574
73733
257574
167907
257574
299336
257574
299906
257574
299923
257574
106313
257574
299593
257574
299904
257574
99622
257574
288261
257574
299807
257574
60336
257574
184118
257574
132263
257574
58138
257574
117701
257574
28020
257574
261099
257574
291507
257574
145254
257574
172085
257574
118490
257574
194444
257574
37323
257574
28601
257574
102351
257574
225416
257574
299931
257574
288152
257574
299530
257574
116920
257574
189617
257574
135307
257574
134759
257574
13682
257574
24635
257574
203159
257574
299626
257574
225780
257574
264206
257574
30376
257574
3720
257574
299902
257574
14155
257574
123818
257574
255032
257574
197471
257574
299495
257574
299326
257574
161428
257574
87067
257574
23702
257574
59473
257574
188023
257574
228117
257574
54595
257574
299336
257574
184838
257574
131439
257574
82918
257574
299407
257574
151852
257574
19914
257574
16378
257574
26835
257574
299917
257574
299423
257574
162681
257574
133806
257574
204059
257574
122259
257574
128657
257574
249378
257574
87603
257574
295483
257574
299651
257574
275672
257574
150224
257574
299977
257574
239348
257574
33752
257574
117792
257574
26788
257574
98032
257574
22754
257574
299700
257574
18698
257574
299693
257574
2581
257574
255321
257574
197766
257574
202512
257574
71312
257574
232514
257574
299874
257574
183631
257574
42204
257574
159569
257574
161796
257574
258149
257574
2047
257574
299626
257574
299487
257574
299599
257574
299740
257574
227061
257574
285727
257574
91939
257574
84905
257574
109715
257574
231305
257574
87672
257574
299751
257574
143534
257574
70879
257574
126212
257574
299592
257574
192206
257574
160136
257574
119208
257574
290350
257574
180456
257574
89849
257574
225920
257574
290155
257574
100906
257574
292463
257574
299718
257574
121595
257574
220824
257574
294355
257574
299858
257574
133447
257574
299336
257574
299397
257574
299621
257574
299682
257574
299780
257574
255959
257574
299687
257574
55598
257574
299423
257574
205606
257574
71112
257574
299577
257574
240080
257574
286076
257574
299455
257574
299455
257574
286622
257574
79125
257574
226563
257574
137400
257574
164923
257574
125901
257574
258923
257574
296510
257574
142999
257574
299407
257574
299688
257574
14251
257574
280340
257574
261191
257574
221446
257574
299671
257574
22356
257574
168348
257574
153753
257574
24106
257574
12869
257574
135907
257574
261762
257574
166056
257574
89661
257574
292039
257574
96101
257574
164949
257574
202846
257574
117422
257574
89480
257574
43466
257574
66919
257574
74477
257574
299612
257574
299837
257574
116894
257574
144728
257574
299929
257574
211131
257574
299626
257574
187916
257574
299910
257574
263580
257574
90882
257574
299989
257574
273781
257574
299724
257574
220227
257574
235729
257574
299432
257574
13152
257574
201816
257574
2777
257574
261464
257574
35278
257574
438
257574
35125
257574
299907
257574
259277
257574
299622
257574
80650
257574
50731
257574
286912
257574
122832
257574
242013
257574
299577
257574
239658
257574
20345
257574
35119
257574
299404
257574
2647
257574
250937
257574
174885
257574
153814
257574
66151
257574
176720
257574
299973
257574
57586
257574
299676
257574
299954
257574
33915
257574
299336
257574
299599
257574
299407
257574
299555
257574
299857
257574
40092
257574
299593
257574
272850
257574
215700
257574
152879
257574
74849
257574
299407
257574
288790
257574
241981
257574
76382
257574
117778
257574
106571
257574
299989
257574
282908
257574
294590
257574
279188
257574
204462
257574
183066
257574
224052
257574
229085
257574
31810
257574
24152
257574
210260
257574
299906
257574
240773
257574
259584
257574
186721
257574
299671
257574
16095
257574
299532
257574
284086
257574
272278
257574
201965
257574
18460
257574
124564
257574
190748
257574
123652
257574
299420
257574
299442
257574
35065
257574
249980
257574
111746
257574
299571
257574
190331
257574
77185
257574
162127
257574
129250
257574
28734
257574
299385
257574
299676
257574
282760
257574
210296
257574
299801
257574
299637
257574
181992
257574
159131
257574
120717
257574
202724
257574
111763
257574
299850
257574
27435
257574
29643
257574
299687
257574
299887
257574
259398
257574
299685
257574
5673
257574
299739
257574
192411
257574
143068
257574
95636
257574
126125
257574
299577
257574
211029
257574
299932
257574
241910
257574
276860
257574
299740
257574
261207
257574
299956
257574
299336
257574
72415
257574
299334
257574
291380
257574
218489
257574
90726
257574
16023
257574
159091
257574
238997
257574
299479
257574
54510
257574
277938
257574
169958
257574
23453
257574
287897
257574
114037
257574
70626
257574
186868
257574
55813
257574
103644
257574
72913
257574
200662
257574
68636
257574
67280
257574
73789
257574
299385
257574
299420
257574
299432
257574
299724
257574
24453
257574
7444
257574
64806
257574
25720
257574
175367
257574
137988
257574
32928
257574
150989
257574
56724
257574
113603
257574
31000
257574
299952
257574
212179
257574
56501
257574
299452
257574
87315
257574
299305
257574
193674
257574
299740
257574
22833
257574
59974
257574
299959
257574
299832
257574
299692
257574
105159
257574
94
257574
118219
257574
299659
257574
68023
257574
202082
257574
217669
257574
59604
257574
140583
257574
49430
257574
67023
257574
103896
257574
214223
257574
299539
257574
142904
257574
65488
257574
65322
257574
100448
257574
13658
257574
73438
257574
299929
257574
209874
257574
84949
257574
121646
257574
148993
257574
62571
257574
164002
257574
257266
257574
299580
257574
213352
257574
299949
257574
299922
257574
137231
257574
32730
257574
231935
257574
59324
257574
251798
257574
37216
257574
299863
257574
138391
257574
156540
257574
423
257574
81669
257574
155675
257574
65455
257574
183651
257574
124751
257574
202609
257574
268241
257574
220684
257574
234614
257574
60291
257574
248064
257574
299599
257574
254513
257574
175193
257574
164423
257574
299964
257574
286835
257574
284327
257574
157821
257574
232144
257574
272714
257574
299326
257574
261568
257574
249641
257574
299891
257574
290141
257574
299667
257574
299432
257574
299487
257574
192486
257574
44744
257574
31965
257574
82328
257574
76266
257574
299159
257574
70243
257574
299580
257574
131367
257574
210211
257574
157966
257574
199944
257574
299435
257574
101913
257574
262642
257574
177748
257574
253476
257574
236310
257574
235889
257574
272905
257574
31749
257574
299906
257574
299968
257574
213569
257574
299320
257574
63752
257574
230901
257574
93113
257574
228848
257574
118789
257574
299740
257574
299464
257574
127647
257574
46944
257574
136487
257574
162452
257574
74075
257574
161858
257574
157932
257574
144864
257574
96124
257574
106824
257574
267404
257574
49400
257574
245670
257574
28272
257574
239138
257574
154364
257574
232113
257574
49627
257574
256244
257574
45713
257574
46644
257574
140980
257574
44058
257574
218441
257574
138298
257574
92986
257574
72787
257574
299651
257574
84875
257574
269582
257574
299682
257574
87054
257574
133141
257574
180560
257574
199521
257574
214102
257574
46458
257574
201976
257574
299584
257574
78272
257574
157093
257574
155422
257574
9929
257574
101428
257574
299952
257574
291263
257574
299348
257574
30962
257574
142634
257574
259213
257574
299763
257574
62938
257574
259792
257574
160485
257574
62332
257574
299822
257574
272038
257574
68390
257574
299875
257574
299486
257574
212342
257574
122920
257574
48044
257574
213049
257574
157852
257574
124111
257574
179837
257574
246665
257574
245275
257574
22090
257574
148816
257574
218149
257574
278115
257574
226327
257574
198600
257574
299829
257574
35030
257574
299739
257574
188992
257574
88115
257574
136350
257574
142061
257574
54203
257574
299665
257574
130733
257574
68162
257574
261856
257574
126036
257574
299388
257574
116894
257574
252797
257574
77300
257574
134710
257574
299505
257574
136582
257574
116053
257574
290197
257574
91813
257574
258756
257574
299589
257574
181433
257574
175491
257574
138298
257574
299910
257574
14130
257574
299893
257574
58438
257574
289339
257574
116827
257574
299824
257574
165986
257574
39780
257574
58678
257574
299923
257574
153064
257574
254786
257574
156534
257574
251716
257574
289352
257574
299464
257574
299389
257574
74329
257574
190230
257574
2524
257574
83694
257574
151090
257574
299741
257574
17689
257574
286410
257574
299900
257574
202338
257574
10294
257574
99359
257574
245839
257574
299826
257574
81423
257574
172003
257574
159517
257574
299850
257574
3927
257574
58033
257574
208191
257574
299633
257574
129573
257574
168779
257574
299423
257574
90191
257574
115111
257574
251726
257574
96003
257574
299404
257574
34797
257574
95157
257574
198687
257574
299907
257574
234550
257574
299875
257574
299890
257574
299397
257574
1754
257574
137537
257574
299651
257574
294113
257574
186003
257574
69179
257574
259708
257574
19667
257574
285539
257574
299608
257574
170731
257574
16019
257574
299414
257574
111307
257574
299584
257574
242631
257574
48898
257574
7252
257574
299759
257574
61577
257574
292086
257574
299739
257574
299919
257574
185098
257574
116071
257574
176936
257574
115360
257574
133405
257574
94385
257574
66756
257574
154740
257574
187422
257574
269113
257574
14041
257574
246523
257574
159294
257574
89984
257574
240359
257574
253630
257574
247155
257574
283820
257574
155843
257574
299807
257574
299326
257574
170571
257574
26605
257574
91480
257574
80281
257574
240621
257574
67058
257574
249716
257574
43290
257574
45884
257574
28813
257574
281212
257574
299584
257574
77303
257574
299432
257574
180184
257574
299378
257574
71283
257574
17757
257574
207845
257574
299667
257574
18500
257574
299910
257574
299973
257574
241950
257574
86111
257574
299875
257574
264391
257574
299793
257574
258704
257574
133214
257574
86680
257574
201987
257574
59284
257574
38757
257574
248179
257574
77243
257574
299801
257574
299389
257574
299192
257574
299986
257574
299487
257574
50318
257574
296631
257574
176327
257574
2068
257574
80224
257574
299891
257574
29215
257574
110941
257574
299455
257574
226395
257574
299995
257574
175331
257574
150538
257574
299367
257574
19279
257574
269124
257574
55759
257574
281687
257574
245809
257574
261938
257574
61776
257574
178669
257574
299793
257574
299607
257574
178169
257574
207743
257574
288587
257574
299385
257574
230777
257574
274685
257574
183473
257574
299632
257574
250593
257574
42108
257574
141288
257574
74849
257574
299651
257574
151964
257574
206024
257574
299358
257574
525
257574
164977
257574
179996
257574
248579
257574
163844
257574
286367
257574
299769
257574
149394
257574
299684
257574
299420
257574
217004
257574
299724
257574
140880
257574
102397
257574
287390
257574
154197
257574
103931
257574
121115
257574
299441
257574
299511
257574
215870
257574
210797
257574
209561
257574
283112
257574
31314
257574
98689
257574
299379
257574
54632
257574
133905
257574
231676
257574
51558
257574
234147
257574
299580
257574
119373
257574
167360
257574
66871
257574
241321
257574
3622
257574
299404
257574
240670
257574
37236
257574
299929
257574
78988
257574
299432
257574
263852
257574
135644
257574
193049
257574
155998
257574
29239
257574
299692
257574
201261
257574
299926
257574
203635
257574
238330
257574
30999
257574
105733
257574
299622
257574
737
257574
34981
257574
235680
257574
121350
257574
299898
257574
192817
257574
201055
257574
299397
257574
299895
257574
89807
257574
173031
257574
299926
257574
43710
257574
299432
257574
204396
257574
97935
257574
151938
257574
262123
257574
118108
257574
248466
257574
180706
257574
61053
257574
299348
257574
239796
257574
65455
257574
190059
257574
299759
257574
289059
257574
299718
257574
299404
257574
232152
257574
28224
257574
80298
257574
191897
257574
182062
257574
49714
257574
299857
257574
58193
257574
216145
257574
212018
257574
76788
257574
96093
257574
153754
257574
88276
257574
74320
257574
112553
257574
273978
257574
254794
257574
31941
257574
297171
257574
253468
257574
186214
257574
126783
257574
241298
257574
270961
257574
243542
257574
182629
257574
299685
257574
100660
257574
113872
257574
78316
257574
299334
257574
37123
257574
64141
257574
299358
257574
49957
257574
136714
257574
21988
257574
115710
257574
75308
257574
169484
257574
145392
257574
185818
257574
299911
257574
92999
257574
200340
257574
208770
257574
299886
257574
77298
257574
269182
257574
121520
257574
182585
257574
229087
257574
299927
257574
299919
257574
147336
257574
147368
257574
299929
257574
274280
257574
299874
257574
241963
257574
299428
257574
69591
257574
141669
257574
245705
257574
299388
257574
77163
257574
299661
257574
81735
257574
146946
257574
134990
257574
153647
257574
111451
257574
108048
257574
211003
257574
299495
257574
104475
257574
237931
257574
174865
257574
279140
257574
114967
257574
3440
257574
2265
257574
187966
257574
177433
257574
90416
257574
231704
257574
201209
257574
249903
257574
288676
257574
262314
257574
17365
257574
211680
257574
149081
257574
151997
257574
145744
257574
299910
257574
110373
257574
183830
257574
204786
257574
299863
257574
106411
257574
207721
257574
299552
257574
101145
257574
204382
257574
98384
257574
299348
257574
87509
257574
178013
257574
149839
257574
256810
257574
132187
257574
38800
257574
65852
257574
299455
257574
188256
257574
76108
257574
20950
257574
73362
257574
96492
257574
169101
257574
206952
257574
254409
257574
132466
257574
105345
257574
299822
257574
299956
257574
31327
257574
263971
257574
296502
257574
55896
257574
61982
257574
299326
257574
299637
257574
41146
257574
284068
257574
243404
257574
299417
257574
297388
257574
208172
257574
229002
257574
275342
257574
85064
257574
139444
257574
190145
257574
79009
257574
299589
257574
55393
257574
281732
257574
96152
257574
126067
257574
85872
257574
299397
257574
65852
257574
195221
257574
162975
257574
171782
257574
255010
257574
42844
257574
299621
257574
299599
257574
231246
257574
100906
257574
119840
257574
46523
257574
88611
257574
250711
257574
269931
257574
195246
257574
261396
257574
259122
257574
286971
257574
294693
257574
299643
257574
240029
257574
172119
257574
79777
257574
299532
257574
299432
257574
299649
257574
299685
257574
246993
257574
299741
257574
30466
257574
299724
257574
299521
257574
114790
257574
286108
257574
142688
257574
299479
257574
166683
257574
299687
257574
221903
257574
107423
257574
198378
257574
127120
257574
131071
257574
170687
257574
180436
257574
133784
257574
165121
257574
299414
257574
299596
257574
73296
257574
233630
257574
299885
257574
299676
257574
299305
257574
110375
257574
18885
257574
111585
257574
135908
257574
299891
257574
167645
257574
299906
257574
43252
257574
7487
257574
278270
257574
299486
257574
280163
257574
299685
257574
146839
257574
299904
257574
214971
257574
260709
257574
113708
257574
46116
257574
231514
257574
291414
257574
171120
257574
195242
257574
276386
257574
79108
257574
130897
257574
34364
257574
16479
257574
257988
257574
271380
257574
110950
257574
299763
257574
100824
257574
27896
257574
100067
257574
175800
257574
176520
257574
253856
257574
30511
257574
272678
257574
299954
257574
28248
257574
299637
257574
180724
257574
140259
257574
36558
257574
299911
257574
299497
257574
269369
257574
202846
257574
299829
257574
166506
257574
108626
257574
1777
257574
208049
257574
257327
257574
100530
257574
249865
257574
289634
257574
279392
257574
299577
257574
264521
257574
204630
257574
70900
257574
277800
257574
177339
257574
227015
257574
299837
257574
182905
257574
103996
257574
299665
257574
62235
257574
23669
257574
299676
257574
28987
257574
299687
257574
237537
257574
103334
257574
277580
257574
299487
257574
87167
257574
299923
257574
299908
257574
171374
257574
279777
257574
107875
257574
98589
257574
77527
257574
299650
257574
101640
257574
282965
257574
299919
257574
299426
257574
299580
257574
149933
257574
47114
257574
299922
257574
206014
257574
64605
257574
233294
257574
23029
257574
55652
257574
242572
257574
295414
257574
74231
257574
107897
257574
137664
257574
299637
257574
295335
257574
233902
257574
195014
257574
88003
257574
299539
257574
299335
257574
299426
257574
74916
257574
293912
257574
17261
257574
103877
257574
299740
257574
136829
257574
9843
257574
299593
257574
299759
257574
264843
257574
299487
257574
257588
257574
185533
257574
164163
257574
299949
257574
252661
257574
157928
257574
299560
257574
177244
257574
299910
257574
185144
257574
299682
257574
299964
257574
299740
257574
242595
257574
299793
257574
69183
257574
127944
257574
114126
257574
276795
257574
299637
257574
37875
257574
299940
257574
299486
257574
228023
257574
299923
257574
54513
257574
192951
257574
115444
257574
96907
257574
258766
257574
141203
257574
45961
257574
106319
257574
162203
257574
33963
257574
117279
257574
299336
257574
299348
257574
249039
257574
55446
257574
37364
257574
256167
257574
249793
257574
275601
257574
299354
257574
132357
257574
206356
257574
100241
257574
210693
257574
299305
257574
92857
257574
299626
257574
299780
257574
299421
257574
83187
257574
237816
257574
100548
257574
84102
257574
299349
257574
261568
257574
14408
257574
94549
257574
106356
257574
6573
257574
242413
257574
45077
257574
123874
257574
169754
257574
4209
257574
66074
257574
222334
257574
59562
257574
195195
257574
65664
257574
52121
257574
14051
257574
172477
257574
155386
257574
19063
257574
125577
257574
277501
257574
299910
257574
249951
257574
91539
257574
249683
257574
165615
257574
299676
257574
207668
257574
7529
257574
216969
257574
280067
257574
194878
257574
105559
257574
39128
257574
294218
257574
218528
257574
290869
257574
129810
257574
161421
257574
195016
257574
299404
257574
293833
257574
28341
257574
261201
257574
77800
257574
299803
257574
117564
257574
16956
257574
6674
257574
145324
257574
299626
257574
272558
257574
186565
257574
299685
257574
64375
257574
271413
257574
199256
257574
103595
257574
59622
257574
299927
257574
291194
257574
299599
257574
746
257574
131963
257574
299305
257574
12828
257574
57936
257574
11181
257574
26581
257574
41214
257574
264660
257574
80596
257574
100760
257574
143238
257574
6674
257574
268908
257574
171845
257574
299592
257574
299906
257574
131236
257574
91219
257574
299798
257574
101808
257574
132319
257574
299420
257574
299724
257574
80833
257574
269312
257574
184211
257574
163976
257574
299621
257574
229827
257574
47951
257574
214703
257574
106769
257574
299439
257574
229070
257574
299626
257574
18375
257574
95173
257574
243428
257574
33980
257574
222240
257574
244365
257574
36164
257574
57252
257574
299417
257574
18579
257574
20095
257574
271104
257574
56084
257574
233089
257574
299385
257574
34367
257574
59391
257574
171970
257574
109195
257574
164094
257574
45929
257574
256425
257574
299736
257574
74537
257574
235918
257574
299464
257574
299334
257574
299571
257574
299874
257574
299586
257574
138288
257574
181945
257574
92368
257574
191506
257574
299929
257574
213492
257574
165170
257574
140773
257574
54312
257574
113800
257574
262131
257574
174658
257574
115691
257574
8137
257574
214376
257574
62632
257574
136614
257574
299637
257574
20338
257574
154798
257574
96422
257574
132803
257574
75079
257574
299875
257574
299919
257574
153164
257574
122388
257574
299599
257574
299675
257574
54397
257574
22586
257574
227914
257574
145337
257574
209261
257574
299606
257574
177076
257574
169152
257574
92184
257574
104863
257574
43613
257574
299893
257574
141373
257574
119417
257574
263293
257574
85738
257574
299607
257574
148702
257574
5424
257574
299626
257574
161553
257574
138421
257574
292731
257574
299650
257574
249777
257574
299528
257574
180992
257574
299649
257574
32435
257574
225019
257574
243937
257574
131014
257574
299632
257574
187682
257574
291327
257574
72407
257574
214108
257574
132918
257574
36108
257574
299741
257574
160710
257574
11277
257574
180456
257574
169789
257574
299886
257574
145283
257574
299973
257574
95527
257574
130861
257574
136648
257574
20537
257574
180708
257574
299397
257574
299891
257574
265310
257574
249491
257574
8530
257574
200585
257574
140380
257574
73712
257574
142070
257574
299927
257574
299890
257574
89896
257574
299692
257574
114222
257574
289160
257574
3476
257574
47152
257574
156055
257574
299404
257574
103672
257574
299607
257574
93894
257574
299536
257574
138553
257574
299404
257574
299643
257574
299621
257574
224459
257574
237689
257574
299423
257574
299952
257574
299586
257574
15647
257574
108118
257574
20186
257574
299487
257574
19204
257574
228820
257574
251924
257574
299360
257574
39250
257574
1359
257574
275766
257574
292952
257574
96401
257574
22619
257574
104056
257574
186136
257574
299985
257574
32329
257574
299458
257574
127919
257574
87996
257574
165365
257574
197438
257574
299637
257574
299741
257574
67452
257574
299897
257574
272943
257574
299954
257574
299592
257574
80448
257574
186663
257574
299917
257574
246489
257574
299685
257574
299685
257574
190626
257574
101127
257574
164413
257574
68130
257574
143582
257574
238040
257574
276296
257574
54513
257574
229908
257574
299676
257574
196904
257574
176224
257574
146240
257574
275220
257574
274983
257574
299923
257574
180560
257574
116385
257574
112946
257574
59464
257574
34669
257574
159819
257574
85985
257574
299324
257574
299895
257574
24705
257574
292980
257574
100758
257574
82080
257574
214159
257574
299922
257574
253450
257574
224407
257574
216977
257574
69418
257574
21055
257574
299637
257574
226035
257574
146955
257574
250666
257574
203890
257574
211277
257574
299589
257574
299964
257574
73789
257574
54486
257574
46993
257574
299671
257574
142862
257574
144051
257574
185866
257574
265465
257574
70658
257574
254032
257574
187798
257574
146946
257574
85716
257574
299400
257574
254704
257574
299793
257574
9197
257574
85057
257574
120643
257574
267044
257574
92849
257574
285008
257574
237411
257574
299663
257574
299348
257574
254949
257574
299667
257574
299442
257574
20106
257574
204748
257574
75591
257574
299607
257574
299973
257574
299414
257574
299439
257574
71491
257574
139486
257574
172031
257574
58370
257574
299423
257574
159847
257574
293009
257574
217347
257574
196784
257574
68471
257574
24513
257574
299596
257574
297317
257574
146207
257574
299606
257574
7278
257574
144940
257574
299685
257574
68479
257574
90309
257574
299458
257574
5949
257574
299606
257574
269415
257574
299727
257574
83731
257574
127262
257574
26833
257574
299334
257574
299643
257574
30012
257574
46418
257574
88813
257574
115942
257574
218879
257574
93868
257574
299621
257574
299989
257574
126826
257574
230883
257574
50734
257574
280690
257574
123672
257574
135330
257574
142434
257574
133566
257574
81701
257574
133313
257574
250372
257574
204873
257574
299349
257574
112944
257574
230486
257574
281532
257574
299832
257574
299759
257574
45981
257574
254266
257574
299407
257574
299874
257574
7356
257574
187523
257574
21964
257574
180276
257574
101966
257574
299824
257574
172124
257574
292250
257574
72220
257574
299421
257574
218209
257574
104033
257574
299479
257574
299547
257574
67947
257574
92085
257574
77146
257574
299907
257574
126294
257574
271417
257574
299952
257574
204959
257574
182517
257574
8134
257574
15675
257574
299900
257574
236538
257574
192039
257574
299423
257574
221508
257574
212680
257574
219507
257574
299584
257574
72960
257574
286828
257574
299580
257574
299380
257574
825
257574
150091
257574
190203
257574
171045
257574
152493
257574
17882
257574
69696
257574
51133
257574
60205
257574
186169
257574
244973
257574
147007
257574
299689
257574
166490
257574
221689
257574
168622
257574
106177
257574
299599
257574
158581
257574
248385
257574
299927
257574
100358
257574
51626
257574
112431
257574
90265
257574
59659
257574
148532
257574
299897
257574
197950
257574
261042
257574
297708
257574
299622
257574
22678
257574
223403
257574
174560
257574
299793
257574
32877
257574
233351
257574
64528
257574
235918
257574
284086
257574
299389
257574
136704
257574
240292
257574
199610
257574
261595
257574
120905
257574
80270
257574
173565
257574
214941
257574
225924
257574
284668
257574
221643
257574
138314
257574
299379
257574
285344
257574
52639
257574
299841
257574
66911
257574
236150
257574
117859
257574
177388
257574
123424
257574
132800
257574
75223
257574
299464
257574
299896
257574
299358
257574
299978
257574
299735
257574
220952
257574
126990
257574
146540
257574
62683
257574
299999
257574
191762
257574
97768
257574
299661
257574
299863
257574
272609
257574
111921
257574
299494
257574
77690
257574
299320
257574
125751
257574
183865
257574
286144
257574
213486
257574
30399
257574
211995
257574
216278
257574
299336
257574
235112
257574
92242
257574
202524
257574
186326
257574
299923
257574
299874
257574
299822
257574
50994
257574
28721
257574
299643
257574
283594
257574
299692
257574
112758
257574
12838
257574
58371
257574
66748
257574
46697
257574
59429
257574
2279
257574
15551
257574
245065
257574
14847
257574
245512
257574
247691
257574
205403
257574
13192
257574
299725
257574
35305
257574
268515
257574
58371
257574
22017
257574
1305
257574
289496
257574
50333
257574
220568
257574
299667
257574
299643
257574
198378
257574
188552
257574
175983
257574
158429
257574
299886
257574
45286
257574
66846
257574
278802
257574
299923
257574
281866
257574
56985
257574
31794
257574
276268
257574
283126
257574
299886
257574
291078
257574
9975
257574
55495
257574
252844
257574
172920
257574
27289
257574
299766
257574
299465
257574
192495
257574
299305
257574
299700
257574
200357
257574
299738
257574
75344
257574
4871
257574
18386
257574
175486
257574
81425
257574
140889
257574
90961
257574
95183
257574
123626
257574
291855
257574
252935
257574
55129
257574
26246
257574
157366
257574
299741
257574
60169
257574
299380
257574
261092
257574
299632
257574
7827
257574
96051
257574
608
257574
299584
257574
250285
257574
159131
257574
299358
257574
145855
257574
299417
257574
299547
257574
299910
257574
172620
257574
299692
257574
299932
257574
89798
257574
299895
257574
28440
257574
15639
257574
49233
257574
231828
257574
106278
257574
152143
257574
93480
257574
291560
257574
299604
257574
79184
257574
204101
257574
35366
257574
274657
257574
194384
257574
299584
257574
299388
257574
206901
257574
299596
257574
299423
257574
230361
257574
46457
257574
299580
257574
33879
257574
10660
257574
158358
257574
225630
257574
181430
257574
206530
257574
299829
257574
181526
257574
236675
257574
69318
257574
131444
257574
299801
257574
299417
257574
224052
257574
41961
257574
228703
257574
256986
257574
288424
257574
299621
257574
113941
257574
148062
257574
296082
257574
227601
257574
299891
257574
299926
257574
167055
257574
46213
257574
92068
257574
146956
257574
225788
257574
231532
257574
44870
257574
24779
257574
78114
257574
299687
257574
136189
257574
55259
257574
195032
257574
126990
257574
299735
257574
299978
257574
299571
257574
263996
257574
299929
257574
112400
257574
80963
257574
124969
257574
91015
257574
299874
257574
232040
257574
299336
257574
299671
257574
200331
257574
202972
257574
256297
257574
299923
257574
15181
257574
2041
257574
158092
257574
193674
257574
299536
257574
288881
257574
9061
257574
283176
257574
231885
257574
96125
257574
118139
257574
38045
257574
92266
257574
27618
257574
299379
257574
299910
257574
182629
257574
102836
257574
299388
257574
106726
257574
297199
257574
60030
257574
299584
257574
299986
257574
53095
257574
47244
257574
158811
257574
264089
257574
116559
257574
24099
257574
126547
257574
99608
257574
299793
257574
299740
257574
275554
257574
299580
257574
11272
257574
276460
257574
140644
257574
299421
257574
102013
257574
226023
257574
278975
257574
207478
257574
202514
257574
192808
257574
119508
257574
127659
257574
299803
257574
299791
257574
299608
257574
5608
257574
81303
257574
24725
257574
173722
257574
299718
257574
18156
257574
160432
257574
295642
257574
299404
257574
267732
257574
299978
257574
120349
257574
152216
257574
16149
257574
30254
257574
299404
257574
129146
257574
127508
257574
247762
257574
170271
257574
138947
257574
32100
257574
32265
257574
299875
257574
299851
257574
247461
257574
54206
257574
134678
257574
299450
257574
299910
257574
217226
257574
13682
257574
299486
257574
148659
257574
32165
257574
189994
257574
299795
257574
203916
257574
112369
257574
50928
257574
87185
257574
98276
257574
299713
257574
42122
257574
581
257574
299592
257574
299420
257574
279853
257574
38336
257574
108963
257574
299505
257574
296851
257574
114631
257574
116362
257574
282892
257574
299801
257574
224262
257574
149176
257574
299354
257574
144778
257574
95900
257574
299837
257574
116647
257574
149153
257574
172416
257574
253663
257574
202802
257574
18553
257574
298025
257574
299367
257574
112349
257574
299900
257574
288831
257574
186741
257574
299993
257574
26579
257574
72723
257574
225936
257574
175529
257574
11576
257574
222906
257574
299423
257574
299486
257574
299420
257574
227650
257574
116851
257574
14551
257574
298404
257574
13073
257574
159619
257574
69117
257574
299637
257574
299637
257574
222275
257574
92469
257574
215818
257574
29752
257574
25657
257574
178535
257574
284045
257574
257256
257574
156196
257574
254917
257574
148019
257574
277243
257574
159089
257574
88308
257574
145540
257574
299637
257574
39328
257574
168355
257574
180895
257574
2547
257574
299487
257574
157531
257574
244134
257574
299807
257574
30376
257574
298951
257574
299929
257574
49994
257574
41047
257574
245067
257574
171636
257574
63215
257574
181676
257574
299954
257574
86681
257574
299336
257574
125180
257574
213590
257574
299793
257574
224532
257574
43638
257574
139065
257574
299837
257574
199178
257574
162552
257574
299978
257574
111034
257574
189515
257574
299735
257574
95418
257574
216239
257574
280104
257574
110598
257574
183048
257574
238629
257574
252954
257574
299441
257574
258550
257574
222626
257574
299667
257574
299423
257574
110313
257574
275464
257574
183805
257574
299606
257574
299977
257574
98616
257574
299887
257574
196653
257574
165441
257574
299676
257574
85550
257574
161456
257574
299349
257574
35425
257574
37251
257574
70998
257574
223512
257574
217816
257574
236224
257574
80230
257574
299360
257574
153021
257574
227786
257574
100692
257574
299458
257574
40834
257574
299759
257574
299560
257574
59849
257574
299407
257574
5239
257574
487
257574
114853
257574
299464
257574
279951
257574
299606
257574
234196
257574
54550
257574
210091
257574
250405
257574
299895
257574
206174
257574
238121
257574
52934
257574
100601
257574
113395
257574
199729
257574
121049
257574
175489
257574
298894
257574
288703
257574
298398
257574
82997
257574
299599
257574
281616
257574
299684
257574
107038
257574
82667
257574
278833
257574
28508
257574
192222
257574
299926
257574
156055
257574
70961
257574
239331
257574
148872
257574
86734
257574
217741
257574
156207
257574
180358
257574
299911
257574
68298
257574
246360
257574
46056
257574
299801
257574
276519
257574
186443
257574
50362
257574
108874
257574
193497
257574
299725
257574
113325
257574
172517
257574
14506
257574
172867
257574
26482
257574
127267
257574
299692
257574
1057
257574
2209
257574
210279
257574
299596
257574
238901
257574
274609
257574
25046
257574
151076
257574
61
257574
299863
257574
7890
257574
299791
257574
240166
257574
11124
257574
156907
257574
256415
257574
299874
257574
166505
257574
299367
257574
24905
257574
73243
257574
7661
257574
299367
257574
223098
257574
46192
257574
18728
257574
299633
257574
64937
257574
299441
257574
103913
257574
110840
257574
299586
257574
106762
257574
238836
257574
292649
257574
291657
257574
298604
257574
299989
257574
296215
257574
275129
257574
255064
257574
238298
257574
161831
257574
84895
257574
154162
257574
289317
257574
238041
257574
89274
257574
298662
257574
42429
257574
86361
257574
299906
257574
295345
257574
160613
257574
60962
257574
82962
257574
141918
257574
189112
257574
10636
257574
78369
257574
299945
257574
69131
257574
106320
257574
299999
257574
123888
257574
130838
257574
299626
257574
180011
257574
289511
257574
299952
257574
206174
257574
198913
257574
257915
257574
243712
257574
192581
257574
11845
257574
33682
257574
185200
257574
295135
257574
258274
257574
299441
257574
276623
257574
149453
257574
89902
257574
107605
257574
156325
257574
299896
257574
219017
257574
65787
257574
185218
257574
299446
257574
172795
257574
190253
257574
299607
257574
274791
257574
52556
257574
212044
257574
179459
257574
36134
257574
20542
257574
65264
257574
71718
257574
299223
257574
121852
257574
30916
257574
90845
257574
299923
257574
127620
257574
299890
257574
6875
257574
206983
257574
150732
257574
299803
257574
223418
257574
43225
257574
356
257574
11209
257574
275918
257574
111204
257574
1035
257574
162552
257574
299586
257574
299586
257574
173228
257574
78986
257574
86070
257574
194863
257574
153168
257574
165007
257574
299927
257574
299824
257574
282237
257574
299978
257574
103297
257574
299439
257574
4692
257574
48229
257574
299929
257574
64632
257574
45551
257574
75380
257574
175533
257574
69501
257574
299875
257574
64352
257574
201860
257574
247982
257574
34020
257574
232
257574
171511
257574
10973
257574
299407
257574
175840
257574
110319
257574
22988
257574
299388
257574
299367
257574
5974
257574
299735
257574
60798
257574
225529
257574
92590
257574
78714
257574
299423
257574
299596
257574
299596
257574
187685
257574
173252
257574
242328
257574
294340
257574
299404
257574
299927
257574
77502
257574
60921
257574
299923
257574
18978
257574
182000
257574
79602
257574
241768
257574
212044
257574
114375
257574
162545
257574
90161
257574
242481
257574
48975
257574
178543
257574
251461
257574
299439
257574
299741
257574
299536
257574
100228
257574
500
257574
221021
257574
95578
257574
265616
257574
110037
257574
299724
257574
165336
257574
201135
257574
299465
257574
182155
257574
299464
257574
171913
257574
108556
257574
165315
257574
282258
257574
161438
257574
79788
257574
37231
257574
6978
257574
299446
257574
206402
257574
299596
257574
239809
257574
299961
257574
299596
257574
103623
257574
299622
257574
299922
257574
298035
257574
299977
257574
172879
257574
73467
257574
299651
257574
15241
257574
152177
257574
192331
257574
115998
257574
150330
257574
76847
257574
97956
257574
187112
257574
86458
257574
41394
257574
98168
257574
268684
257574
228420
257574
146000
257574
55118
257574
95339
257574
296999
257574
177075
257574
269874
257574
82013
257574
299607
257574
40502
257574
299486
257574
299886
257574
26919
257574
175111
257574
137293
257574
233827
257574
58104
257574
299532
257574
289028
257574
299592
257574
243538
257574
83015
257574
299740
257574
63476
257574
299906
257574
201870
257574
97385
257574
43409
257574
30184
257574
29536
257574
299986
257574
299373
257574
235070
257574
160889
257574
256052
257574
181556
257574
299426
257574
299510
257574
130299
257574
72586
257574
36604
257574
299651
257574
227510
257574
186392
257574
161291
257574
299366
257574
13392
257574
50077
257574
202754
257574
122570
257574
299417
257574
49263
257574
71313
257574
34677
257574
73932
257574
299599
257574
299479
257574
37955
257574
62106
257574
42349
257574
299432
257574
173922
257574
232964
257574
299886
257574
262494
257574
299432
257574
262900
257574
13909
257574
299363
257574
116489
257574
299326
257574
52429
257574
33752
257574
209409
257574
229392
257574
20490
257574
299528
257574
299358
257574
213730
257574
89849
257574
229288
257574
11113
257574
299458
257574
96445
257574
299824
257574
172550
257574
229999
257574
26901
257574
54172
257574
299580
257574
260087
257574
71258
257574
147084
257574
237808
257574
957
257574
47202
257574
299592
257574
299649
257574
299866
257574
299637
257574
11635
257574
299801
257574
188228
257574
103653
257574
299479
257574
299891
257574
286593
257574
251377
257574
203788
257574
152940
257574
226758
257574
64632
257574
291795
257574
109822
257574
238008
257574
60862
257574
141811
257574
97452
257574
177761
257574
269311
257574
26275
257574
299426
257574
224621
257574
299423
257574
61861
257574
295992
257574
60825
257574
132061
257574
115084
257574
230217
257574
297348
257574
299514
257574
5019
257574
203069
257574
138332
257574
172884
257574
208490
257574
179781
257574
111367
257574
299910
257574
299404
257574
299596
257574
140781
257574
96663
257574
238915
257574
58425
257574
138444
257574
174844
257574
299893
257574
145957
257574
179155
257574
223234
257574
127203
257574
299593
257574
253685
257574
299532
257574
258224
257574
46063
257574
299893
257574
285851
257574
91984
257574
299910
257574
299875
257574
294973
257574
60682
257574
282221
257574
178539
257574
182627
257574
127463
257574
60089
257574
156147
257574
299348
257574
136363
257574
186465
257574
110670
257574
174745
257574
26777
257574
299927
257574
154292
257574
23353
257574
149745
257574
107580
257574
299511
257574
186665
257574
194016
257574
134047
257574
299667
257574
173031
257574
264902
257574
182990
257574
230582
257574
293149
257574
115170
257574
46899
257574
213786
257574
299824
257574
100179
257574
66109
257574
110631
257574
167658
257574
94563
257574
299684
257574
73879
257574
165859
257574
184274
257574
23675
257574
257037
257574
299458
257574
221096
257574
200647
257574
278972
257574
244679
257574
109004
257574
88432
257574
22447
257574
299718
257574
211896
257574
95236
257574
90280
257574
96490
257574
299857
257574
146265
257574
299367
257574
299643
257574
136723
257574
107709
257574
299632
257574
23042
257574
299337
257574
168644
257574
299791
257574
15734
257574
24533
257574
171539
257574
4188
257574
242162
257574
134255
257574
299599
257574
299643
257574
162248
257574
299857
257574
299646
257574
299532
257574
206707
257574
299637
257574
35982
257574
140826
257574
47596
257574
299759
257574
73211
257574
240618
257574
147678
257574
149670
257574
95419
257574
146869
257574
47781
257574
276349
257574
178471
257574
80864
257574
122625
257574
189150
257574
10506
257574
299442
257574
15674
257574
282637
257574
46499
257574
299897
257574
299606
257574
204297
257574
94863
257574
251764
257574
299725
257574
170552
257574
76244
257574
299919
257574
79
257574
227729
257574
299528
257574
238906
257574
64495
257574
29093
257574
230970
257574
181411
257574
299385
257574
299911
257574
70270
257574
130212
257574
299633
257574
15083
257574
261824
257574
271958
257574
299735
257574
109958
257574
33494
257574
14777
257574
68263
257574
299595
257574
127436
257574
244692
257574
126430
257574
144391
257574
297151
257574
298951
257574
59849
257574
154378
257574
168877
257574
181265
257574
250037
257574
268000
257574
206652
257574
299417
257574
297485
257574
200211
257574
299606
257574
299385
257574
292161
257574
187529
257574
278613
257574
293704
257574
226062
257574
57932
257574
299348
257574
213862
257574
270515
257574
211760
257574
158951
257574
299423
257574
299919
257574
299760
257574
97269
257574
159902
257574
299961
257574
288526
257574
219371
257574
195836
257574
299919
257574
299713
257574
117815
257574
299832
257574
213706
257574
81016
257574
299458
257574
286833
257574
195061
257574
114236
257574
42737
257574
170624
257574
299927
257574
299487
257574
147740
257574
119700
257574
99960
257574
187094
257574
299510
257574
233921
257574
175886
257574
254828
257574
104979
257574
294963
257574
254085
257574
120770
257574
265219
257574
49313
257574
74295
257574
230966
257574
125084
257574
179099
257574
285419
257574
269495
257574
189361
257574
254991
257574
299961
257574
2853
257574
92852
257574
80057
257574
49468
257574
178534
257574
87808
257574
219649
257574
197766
257574
167769
257574
283400
257574
120872
257574
296808
257574
101137
257574
290503
257574
109394
257574
139815
257574
237213
257574
215446
257574
232617
257574
117754
257574
277134
257574
299435
257574
211916
257574
175776
257574
299404
257574
9268
257574
182936
257574
112888
257574
299692
257574
140770
257574
299923
257574
124615
257574
177271
257574
299530
257574
126595
257574
144882
257574
8316
257574
299592
257574
299929
257574
295065
257574
280158
257574
299446
257574
204357
257574
64716
257574
299336
257574
299707
257574
299407
257574
299622
257574
245090
257574
73101
257574
247401
257574
186137
257574
209295
257574
47813
257574
299636
257574
121105
257574
299571
257574
247669
257574
90016
257574
217728
257574
284737
257574
238958
257574
119208
257574
299759
257574
185816
257574
172550
257574
51919
257574
180922
257574
260955
257574
220402
257574
298662
257574
88047
257574
299940
257574
279088
257574
175682
257574
254535
257574
299801
257574
137264
257574
261268
257574
150872
257574
59587
257574
299801
257574
192323
257574
127205
257574
160430
257574
15905
257574
54620
257574
288577
257574
126956
257574
42085
257574
299532
257574
249502
257574
228626
257574
246599
257574
158552
257574
12684
257574
299536
257574
176286
257574
172661
257574
23333
257574
93358
257574
299584
257574
260027
257574
231026
257574
116374
257574
27915
257574
227213
257574
233695
257574
299917
257574
16595
257574
299633
257574
299637
257574
57234
257574
62435
257574
255779
257574
215870
257574
270555
257574
219259
257574
299479
257574
252611
257574
204342
257574
299663
257574
92469
257574
134756
257574
205520
257574
35790
257574
299976
257574
23571
257574
141377
257574
284850
257574
275626
257574
15399
257574
153884
257574
215994
257574
136824
257574
178169
257574
177491
257574
266389
257574
46920
257574
73150
257574
43039
257574
70675
257574
93656
257574
279307
257574
84331
257574
110943
257574
299534
257574
299397
257574
183157
257574
271249
257574
165183
257574
299741
257574
299324
257574
156701
257574
65089
257574
142855
257574
145848
257574
299724
257574
212077
257574
299793
257574
141110
257574
164979
257574
85656
257574
111451
257574
299718
257574
36976
257574
282234
257574
267911
257574
249818
257574
186044
257574
32528
257574
2360
257574
299385
257574
56794
257574
41627
257574
299684
257574
179324
257574
295629
257574
243447
257574
197937
257574
299532
257574
279792
257574
33501
257574
67037
257574
299417
257574
166117
257574
109395
257574
257753
257574
299511
257574
120128
257574
299837
257574
292321
257574
18322
257574
271956
257574
292340
257574
296366
257574
299904
257574
183421
257574
299857
257574
299621
257574
103501
257574
238336
257574
3097
257574
299367
257574
83188
257574
219627
257574
155064
257574
195526
257574
8909
257574
178749
257574
8208
257574
270886
257574
144181
257574
58626
257574
240606
257574
79176
257574
258261
257574
299759
257574
216852
257574
13935
257574
143232
257574
48482
257574
268117
257574
299643
257574
59762
257574
221311
257574
139514
257574
124781
257574
78321
257574
128083
257574
136124
257574
299940
257574
11647
257574
289831
257574
299659
257574
299875
257574
251093
257574
299606
257574
218229
257574
158222
257574
299863
257574
299421
257574
299866
257574
299336
257574
93085
257574
152954
257574
191249
257574
299822
257574
299458
257574
21067
257574
228351
257574
293692
257574
51505
257574
253564
257574
299671
257574
106108
257574
245024
257574
299663
257574
34727
257574
299897
257574
299954
257574
299661
257574
283973
257574
275408
257574
228345
257574
229812
257574
170064
257574
214119
257574
299649
257574
299580
257574
252585
257574
299367
257574
54495
257574
251860
257574
46775
257574
244815
257574
299676
257574
299961
257574
99669
257574
160870
257574
87176
257574
299954
257574
8227
257574
299577
257574
163118
257574
90096
257574
299687
257574
41386
257574
245906
257574
239357
257574
299479
257574
299675
257574
87304
257574
189719
257574
299700
257574
11205
257574
112040
257574
70422
257574
68966
257574
273683
257574
299995
257574
92674
257574
27109
257574
299354
257574
57453
257574
259761
257574
226294
257574
286485
257574
17729
257574
229469
257574
233494
257574
299919
257574
54269
257574
299595
257574
299626
257574
290747
257574
159551
257574
299420
257574
258476
257574
130634
257574
20633
257574
299919
257574
179906
257574
244293
257574
299875
257574
105159
257574
30392
257574
223651
257574
154810
257574
9476
257574
299995
257574
299688
257574
299637
257574
286330
257574
299388
257574
111235
257574
299534
257574
299738
257574
299592
257574
103437
257574
65876
257574
299977
257574
299388
257574
125249
257574
296687
257574
61728
257574
185738
257574
160058
257574
199034
257574
299596
257574
145557
257574
299649
257574
152260
257574
153897
257574
36588
257574
256809
257574
38881
257574
170886
257574
299599
257574
299795
257574
53044
257574
299494
257574
33922
257574
215647
257574
238097
257574
28842
257574
225336
257574
120582
257574
5901
257574
299910
257574
158908
257574
133804
257574
95153
257574
282628
257574
299432
257574
236868
257574
219955
257574
277600
257574
221192
257574
81815
257574
299637
257574
299643
257574
198218
257574
299428
257574
151184
257574
55222
257574
189953
257574
203675
257574
105210
257574
208421
257574
9837
257574
115486
257574
299334
257574
299632
257574
267270
257574
209812
257574
162312
257574
120671
257574
142072
257574
215601
257574
288482
257574
146444
257574
33206
257574
17530
257574
169341
257574
55130
257574
299995
257574
299687
257574
140271
257574
30963
257574
194758
257574
105183
257574
138377
257574
104415
257574
299536
257574
236251
257574
214745
257574
58309
257574
125001
257574
299404
257574
66690
257574
239199
257574
142219
257574
33140
257574
72819
257574
268129
257574
118909
257574
299432
257574
44412
257574
144268
257574
299464
257574
206806
257574
80728
257574
299458
257574
24627
257574
299423
257574
299514
257574
4831
257574
284800
257574
49880
257574
102121
257574
299450
257574
55828
257574
299450
257574
299740
257574
238545
257574
299418
257574
299606
257574
80548
257574
299539
257574
299379
257574
75459
257574
127396
257574
299863
257574
299724
257574
271003
257574
105996
257574
299886
257574
135538
257574
299435
257574
299348
257574
299385
257574
87635
257574
299995
257574
85076
257574
299505
257574
248412
257574
242147
257574
167395
257574
204216
257574
299904
257574
191200
257574
295187
257574
299580
257574
201392
257574
299922
257574
11844
257574
241596
257574
299388
257574
272039
257574
299841
257574
154243
257574
59209
257574
292671
257574
93479
257574
161741
257574
53037
257574
299505
257574
299724
257574
261193
257574
41290
257574
254977
257574
299606
257574
29129
257574
194431
257574
299964
257574
194221
257574
299718
257574
68719
257574
125881
257574
299667
257574
299651
257574
299397
257574
256197
257574
299832
257574
47093
257574
218534
257574
90764
257574
79836
257574
299494
257574
177064
257574
150700
257574
31139
257574
91614
257574
299358
257574
299538
257574
299926
257574
37637
257574
26736
257574
154679
257574
24226
257574
79404
257574
299610
257574
284328
257574
160194
257574
299458
257574
132013
257574
278082
257574
228778
257574
289113
257574
108149
257574
197287
257574
299740
257574
240829
257574
86289
257574
299735
257574
299671
257574
222935
257574
265522
257574
125671
257574
271238
257574
299874
257574
57833
257574
75068
257574
278981
257574
167055
257574
204483
257574
201602
257574
195611
257574
169328
257574
109643
257574
78713
257574
189919
257574
232477
257574
299621
257574
206458
257574
1207
257574
299976
257574
253763
257574
3993
257574
262183
257574
140767
257574
167225
257574
221332
257574
843
257574
133179
257574
101396
257574
299643
257574
104735
257574
200136
257574
299919
257574
299586
257574
167786
257574
31762
257574
115219
257574
279212
257574
143977
257574
282971
257574
249617
257574
99014
257574
202555
257574
250952
257574
155093
257574
17176
257574
270168
257574
223089
257574
117640
257574
97558
257574
299875
257574
258312
257574
299832
257574
247594
257574
69048
257574
109596
257574
267873
257574
66605
257574
5732
257574
227400
257574
189262
257574
299242
257574
299358
257574
202140
257574
91866
257574
299906
257574
156021
257574
2229
257574
136343
257574
182820
257574
240292
257574
265131
257574
3846
257574
299977
257574
228297
257574
299389
257574
299923
257574
119358
257574
271573
257574
150933
257574
185582
257574
299607
257574
163626
257574
285591
257574
210445
257574
299906
257574
299373
257574
28604
257574
262971
257574
126510
257574
222911
257574
299487
257574
177683
257574
299552
257574
13845
257574
278608
257574
2864
257574
161032
257574
56148
257574
49627
257574
213490
257574
164938
257574
297551
257574
299441
257574
299595
257574
53625
257574
95642
257574
127156
257574
280576
257574
299606
257574
285809
257574
299366
257574
10179
257574
236987
257574
299857
257574
215795
257574
196034
257574
204724
257574
100163
257574
217883
257574
14438
257574
299822
257574
299334
257574
297620
257574
125467
257574
139147
257574
272518
257574
125763
257574
299931
257574
299458
257574
299464
257574
292144
257574
299455
257574
299592
257574
299349
257574
28392
257574
299407
257574
67611
257574
247269
257574
299379
257574
128919
257574
289290
257574
28991
257574
299685
257574
147539
257574
63169
257574
171593
257574
299724
257574
299910
257574
259898
257574
245910
257574
299646
257574
193811
257574
299676
257574
7996
257574
151498
257574
119208
257574
250127
257574
207904
257574
207815
257574
152364
257574
103107
257574
299959
257574
79840
257574
299927
257574
299486
257574
82501
257574
126773
257574
82574
257574
136685
257574
106769
257574
251309
257574
129931
257574
299592
257574
238539
257574
299547
257574
212754
257574
256049
257574
96099
257574
113670
257574
299676
257574
1866
257574
203033
257574
299659
257574
299336
257574
101089
257574
255152
257574
116259
257574
287014
257574
299850
257574
170367
257574
65911
257574
80172
257574
173660
257574
216027
257574
299906
257574
156681
257574
224993
257574
141098
257574
299910
257574
299685
257574
161908
257574
299367
257574
88652
257574
148638
257574
29668
257574
18642
257574
78631
257574
299511
257574
47536
257574
299684
257574
181098
257574
31825
257574
103115
257574
5084
257574
264132
257574
42650
257574
264865
257574
32559
257574
91398
257574
299851
257574
299305
257574
141478
257574
255671
257574
264174
257574
211628
257574
209263
257574
143997
257574
299536
257574
299367
257574
118791
257574
299145
257574
160653
257574
120688
257574
299397
257574
293885
257574
19040
257574
299927
257574
120370
257574
231327
257574
83014
257574
252052
257574
115680
257574
299659
257574
130498
257574
32939
257574
72925
257574
168627
257574
299580
257574
299919
257574
160256
257574
299599
257574
299651
257574
177820
257574
147112
257574
299891
257574
21147
257574
101320
257574
299637
257574
88681
257574
172777
257574
299486
257574
128525
257574
65077
257574
299538
257574
150518
257574
39839
257574
299643
257574
299977
257574
299822
257574
145597
257574
48493
257574
281963
257574
95994
257574
42661
257574
299479
257574
297530
257574
64431
257574
294463
257574
75872
257574
299692
257574
131738
257574
266105
257574
100747
257574
96167
257574
27271
257574
299995
257574
7095
257574
299611
257574
50647
257574
237795
257574
264456
257574
299874
257574
299692
257574
244192
257574
184016
257574
12580
257574
299857
257574
65602
257574
68155
257574
287635
257574
299904
257574
299651
257574
87769
257574
258224
257574
243550
257574
277935
257574
267945
257574
105180
257574
102407
257574
93747
257574
287768
257574
299586
257574
129506
257574
105324
257574
37719
257574
145744
257574
89111
257574
72123
257574
31629
257574
25464
257574
299505
257574
181433
257574
299385
257574
285833
257574
299940
257574
84288
257574
299305
257574
299536
257574
299442
257574
227046
257574
35740
257574
259532
257574
299497
257574
236769
257574
50369
257574
137416
257574
299922
257574
182934
257574
299769
257574
166009
257574
221514
257574
299822
257574
281282
257574
221493
257574
293848
257574
299910
257574
117926
257574
299532
257574
79011
257574
6369
257574
248978
257574
212574
257574
244955
257574
271045
257574
168159
257574
299932
257574
91015
257574
206729
257574
299852
257574
299521
257574
14667
257574
275526
257574
270813
257574
286046
257574
21938
257574
68732
257574
138773
257574
96531
257574
116519
257574
264039
257574
166216
257574
7531
257574
38982
257574
299536
257574
147295
257574
299801
257574
299348
257574
25432
257574
87900
257574
173460
257574
176433
257574
299689
257574
295619
257574
156513
257574
207712
257574
23212
257574
299458
257574
299724
257574
65023
257574
208496
257574
235331
257574
299643
257574
299923
257574
235013
257574
299420
257574
208302
257574
54631
257574
282404
257574
299687
257574
31874
257574
198154
257574
253595
257574
295846
257574
96207
257574
62524
257574
114679
257574
31354
257574
299724
257574
140232
257574
216027
257574
299874
257574
80270
257574
299829
257574
299612
257574
12039
257574
2287
257574
196985
257574
3102
257574
91824
257574
235702
257574
90123
257574
299713
257574
142665
257574
259797
257574
223697
257574
299663
257574
286291
257574
250716
257574
299637
257574
299952
257574
241102
257574
43123
257574
197184
257574
130993
257574
299837
257574
297174
257574
141358
257574
153463
257574
299791
257574
136946
257574
126427
257574
63215
257574
51501
257574
256190
257574
36908
257574
278093
257574
299494
257574
299536
257574
209409
257574
1813
257574
166488
257574
17180
257574
299511
257574
127796
257574
93508
257574
299740
257574
40303
257574
225920
257574
39200
257574
299528
257574
299441
257574
154782
257574
14116
257574
285123
257574
299417
257574
112431
257574
148752
257574
299919
257574
271885
257574
299584
257574
105382
257574
285636
257574
156813
257574
299904
257574
142825
257574
73955
257574
287284
257574
299940
257574
141918
257574
55040
257574
255810
257574
227498
257574
53346
257574
209043
257574
252781
257574
151100
257574
157666
257574
257244
257574
299875
257574
299632
257574
190911
257574
128316
257574
248979
257574
111157
257574
299420
257574
55633
257574
28047
257574
87337
257574
155737
257574
55615
257574
73335
257574
292109
257574
107423
257574
38503
257574
116813
257574
232529
257574
124895
257574
64179
257574
208153
257574
64142
257574
184104
257574
299759
257574
255061
257574
225610
257574
119788
257574
299900
257574
214035
257574
141165
257574
141091
257574
99086
257574
299532
257574
298411
257574
257193
257574
274079
257574
299803
257574
135854
257574
94953
257574
21217
257574
299486
257574
100999
257574
128020
257574
286623
257574
127416
257574
185591
257574
150245
257574
299423
257574
144336
257574
226705
257574
275914
257574
137271
257574
102793
257574
295337
257574
21402
257574
299832
257574
149011
257574
137846
257574
299961
257574
82671
257574
149303
257574
165816
257574
165103
257574
227639
257574
268578
257574
299661
257574
26479
257574
291336
257574
299978
257574
215115
257574
90092
257574
1543
257574
31225
257574
289434
257574
299740
257574
186385
257574
299978
257574
299643
257574
85623
257574
299599
257574
40022
257574
238322
257574
3785
257574
277480
257574
165910
257574
18124
257574
162456
257574
235631
257574
15276
257574
46046
257574
49957
257574
99313
257574
51209
257574
299989
257574
16281
257574
29655
257574
209688
257574
3472
257574
299964
257574
908
257574
83502
257574
231202
257574
7112
257574
211856
257574
146166
257574
299973
257574
86242
257574
293392
257574
147867
257574
299621
257574
266871
257574
38664
257574
271623
257574
222083
257574
154092
257574
166669
257574
74390
257574
17214
257574
299667
257574
221949
257574
299851
257574
299619
257574
243798
257574
97163
257574
299505
257574
33139
257574
299455
257574
101787
257574
238010
257574
233777
257574
67461
257574
122772
257574
299388
257574
102439
257574
200779
257574
235667
257574
299759
257574
269355
257574
94376
257574
299596
257574
175525
257574
181185
257574
120750
257574
200038
257574
275011
257574
60212
257574
53562
257574
192142
257574
76788
257574
23040
257574
6844
257574
237990
257574
46536
257574
137799
257574
232427
257574
109946
257574
200307
257574
299887
257574
288794
257574
139371
257574
281838
257574
172124
257574
16249
257574
135267
257574
173324
257574
261867
257574
261300
257574
299637
257574
109387
257574
23335
257574
284318
257574
146108
257574
182878
257574
287429
257574
296260
257574
42622
257574
279230
257574
260497
257574
299874
257574
109196
257574
86573
257574
299577
257574
30797
257574
112775
257574
299361
257574
299358
257574
111390
257574
76466
257574
203005
257574
299739
257574
82716
257574
41803
257574
10
257574
299952
257574
299891
257574
68994
257574
299675
257574
299904
257574
276804
257574
130044
257574
189221
257574
299385
257574
299511
257574
43661
257574
10311
257574
299486
257574
299874
257574
13094
257574
115283
257574
246603
257574
172531
257574
147135
257574
41180
257574
187628
257574
281418
257574
9664
257574
18088
257574
38669
257574
223329
257574
252053
257574
188986
257574
54916
257574
113357
257574
214425
257574
182295
257574
167003
257574
108918
257574
247767
257574
299858
257574
297682
257574
100727
257574
299354
257574
213167
257574
11210
257574
124844
257574
195689
257574
37953
257574
210856
257574
246997
257574
299822
257574
299906
257574
13758
257574
90807
257574
88147
257574
299837
257574
253157
257574
58821
257574
77338
257574
67400
257574
263794
257574
299336
257574
252874
257574
222335
257574
244169
257574
29066
257574
24356
257574
285633
257574
299923
257574
42049
257574
178710
257574
299596
257574
8934
257574
174129
257574
299940
257574
267408
257574
194411
257574
162239
257574
200671
257574
99483
257574
114723
257574
299801
257574
299584
257574
299759
257574
41811
257574
188128
257574
71960
257574
213856
257574
299643
257574
206852
257574
219820
257574
232555
257574
143620
257574
180053
257574
299949
257574
127285
257574
292357
257574
26147
257574
80323
257574
264986
257574
97600
257574
200028
257574
299801
257574
259013
257574
211
257574
223087
257574
272885
257574
299404
257574
57876
257574
299923
257574
299926
257574
299929
257574
182729
257574
189931
257574
299875
257574
299607
257574
147401
257574
116336
257574
173181
257574
110793
257574
22078
257574
290834
257574
147451
257574
48731
257574
264025
257574
282428
257574
126956
257574
143680
257574
167291
257574
168884
257574
235846
257574
208833
257574
291959
257574
75328
257574
9191
257574
182302
257574
298930
257574
299688
257574
62508
257574
177345
257574
299759
257574
122533
257574
127906
257574
157548
257574
71602
257574
188469
257574
237656
257574
294498
257574
71637
257574
274019
257574
136282
257574
189260
257574
108410
257574
15545
257574
296265
257574
299692
257574
298603
257574
275822
257574
73593
257574
247762
257574
249578
257574
44328
257574
299528
257574
199734
257574
233432
257574
5644
257574
54101
257574
191809
257574
77181
257574
120099
257574
60047
257574
65159
257574
202712
257574
299667
257574
299857
257574
254940
257574
299911
257574
299532
257574
299441
257574
284901
257574
73376
257574
33129
257574
299305
257574
299596
257574
288976
257574
76179
257574
240692
257574
62161
257574
71017
257574
280353
257574
12623
257574
9148
257574
72785
257574
230516
257574
299404
257574
172229
257574
299505
257574
299923
257574
241204
257574
299964
257574
198395
257574
299954
257574
249116
257574
138124
257574
127265
257574
299326
257574
299435
257574
187801
257574
82464
257574
299432
257574
296289
257574
299759
257574
46091
257574
299929
257574
299606
257574
238826
257574
159917
257574
101687
257574
110956
257574
246817
257574
299852
257574
30253
257574
299832
257574
49486
257574
59249
257574
231530
257574
299832
257574
144828
257574
198939
257574
100365
257574
184642
257574
129868
257574
232623
257574
120728
257574
272350
257574
37314
257574
238748
257574
28040
257574
33331
257574
299682
257574
254720
257574
206729
257574
292288
257574
43246
257574
299577
257574
193856
257574
85021
257574
293195
257574
49307
257574
299927
257574
205800
257574
232253
257574
63785
257574
299928
257574
283599
257574
68056
257574
147355
257574
299957
257574
299769
257574
295985
257574
95327
257574
77469
257574
56848
257574
222353
257574
254198
257574
121435
257574
52542
257574
292429
257574
299837
257574
299599
257574
299954
257574
266105
257574
299829
257574
299926
257574
165547
257574
204202
257574
299385
257574
104297
257574
130055
257574
24693
257574
114724
257574
218579
257574
113991
257574
28427
257574
206269
257574
155943
257574
299505
257574
3013
257574
299466
257574
63382
257574
141265
257574
266153
257574
122300
257574
47692
257574
11807
257574
141865
257574
112213
257574
299671
257574
154891
257574
23920
257574
19118
257574
161311
257574
85823
257574
75533
257574
299801
257574
299326
257574
299887
257574
82398
257574
178194
257574
292602
257574
238552
257574
191336
257574
24712
257574
299432
257574
299336
257574
299326
257574
22252
257574
89891
257574
299676
257574
299976
257574
285504
257574
46511
257574
159583
257574
299580
257574
43719
257574
85014
257574
204541
257574
299367
257574
205347
257574
156532
257574
299893
257574
71461
257574
40092
257574
299685
257574
299906
257574
57003
257574
156196
257574
34324
257574
173795
257574
215627
257574
299863
257574
136730
257574
36270
257574
44373
257574
299606
257574
29653
257574
299360
257574
2107
257574
143020
257574
190560
257574
65412
257574
84393
257574
299759
257574
32486
257574
255874
257574
299893
257574
299532
257574
6825
257574
94455
257574
299692
257574
299596
257574
88603
257574
166084
257574
29935
257574
43159
257574
254706
257574
299538
257574
253128
257574
299596
257574
130203
257574
136960
257574
243384
257574
76533
257574
299964
257574
88363
257574
194076
257574
58818
257574
299596
257574
75380
257574
120531
257574
299906
257574
203781
257574
183228
257574
43354
257574
270580
257574
184990
257574
180845
257574
230806
257574
269175
257574
28243
257574
84859
257574
176635
257574
299637
257574
46810
257574
218548
257574
38426
257574
30543
257574
82584
257574
215139
257574
256134
257574
188216
257574
299607
257574
38236
257574
299684
257574
299586
257574
12342
257574
36515
257574
209312
257574
10322
257574
245204
257574
297513
257574
299866
257574
25039
257574
7403
257574
74129
257574
159988
257574
299423
257574
299693
257574
45064
257574
230879
257574
138019
257574
192550
257574
241567
257574
297741
257574
59751
257574
177606
257574
30745
257574
36446
257574
102596
257574
153347
257574
280366
257574
54510
257574
299741
257574
299866
257574
205100
257574
159979
257574
1524
257574
166694
257574
253113
257574
142628
257574
20762
257574
18615
257574
247265
257574
82231
257574
50833
257574
299420
257574
299361
257574
60262
257574
136863
257574
299589
257574
4077
257574
81561
257574
226994
257574
114171
257574
44810
257574
47930
257574
299906
257574
154973
257574
7167
257574
118348
257574
299896
257574
160747
257574
155560
257574
229805
257574
130918
257574
199056
257574
260957
257574
84650
257574
299906
257574
241798
257574
24207
257574
165300
257574
258531
257574
119638
257574
108068
257574
58628
257574
57868
257574
84633
257574
245789
257574
9749
257574
299586
257574
22094
257574
294418
257574
290584
257574
185533
257574
145348
257574
299829
257574
167616
257574
252814
257574
299952
257574
299922
257574
8704
257574
190011
257574
293140
257574
194353
257574
211097
257574
299724
257574
103454
257574
299857
257574
25213
257574
55131
257574
299651
257574
160321
257574
162680
257574
296054
257574
44843
257574
288379
257574
90407
257574
78765
257574
51525
257574
13878
257574
90160
257574
32645
257574
162017
257574
292379
257574
134065
257574
257339
257574
164380
257574
195731
257574
129920
257574
278101
257574
299863
257574
166644
257574
93571
257574
45496
257574
97455
257574
112487
257574
299435
257574
249099
257574
26421
257574
61538
257574
262346
257574
176159
257574
284653
257574
291879
257574
104767
257574
34623
257574
74854
257574
299348
257574
70948
257574
265255
257574
211475
257574
299532
257574
166136
257574
73598
257574
299601
257574
150578
257574
267131
257574
42171
257574
156281
257574
127942
257574
299367
257574
24024
257574
93003
257574
191836
257574
21648
257574
299964
257574
213986
257574
173246
257574
50842
257574
232511
257574
83270
257574
226609
257574
141267
257574
160938
257574
206473
257574
189601
257574
40272
257574
249725
257574
299414
257574
16453
257574
299441
257574
1581
257574
12880
257574
250588
257574
238954
257574
156989
257574
299822
257574
231136
257574
117007
257574
299407
257574
42464
257574
299906
257574
266197
257574
280195
257574
34389
257574
75533
257574
123802
257574
86051
257574
252617
257574
298162
257574
107347
257574
238322
257574
177398
257574
220844
257574
79085
257574
299367
257574
52405
257574
252772
257574
65768
257574
299584
257574
293004
257574
299397
257574
160416
257574
52432
257574
299599
257574
118062
257574
271217
257574
184381
257574
259471
257574
102457
257574
278455
257574
299637
257574
5562
257574
96433
257574
299236
257574
280974
257574
180660
257574
299577
257574
299361
257574
299693
257574
65451
257574
299599
257574
25594
257574
243011
257574
206132
257574
284333
257574
34587
257574
299700
257574
299760
257574
248667
257574
15415
257574
161668
257574
299417
257574
210866
257574
299626
257574
299385
257574
233230
257574
299420
257574
299760
257574
159967
257574
286075
257574
78879
257574
235835
257574
91722
257574
6219
257574
299418
257574
292820
257574
233628
257574
150883
257574
209256
257574
239622
257574
299868
257574
48829
257574
299388
257574
299874
257574
179356
257574
262126
257574
238008
257574
299692
257574
299441
257574
47988
257574
299599
257574
15127
257574
222352
257574
154744
257574
147580
257574
112838
257574
175864
257574
299927
257574
299740
257574
201242
257574
190342
257574
146092
257574
295618
257574
163273
257574
110474
257574
23727
257574
299952
257574
87333
257574
299863
257574
299385
257574
266449
257574
133566
257574
115992
257574
270711
257574
264187
257574
299637
257574
244075
257574
299418
257574
133312
257574
55894
257574
181932
257574
134735
257574
143337
257574
146722
257574
82570
257574
198567
257574
41896
257574
68185
257574
158681
257574
178675
257574
87193
257574
299684
257574
128604
257574
299486
257574
299891
257574
82312
257574
275145
257574
191229
257574
196795
257574
276532
257574
69733
257574
76183
257574
94993
257574
141362
257574
299685
257574
79107
257574
158963
257574
299887
257574
299949
257574
227425
257574
282106
257574
299850
257574
115455
257574
299380
257574
136851
257574
299423
257574
65288
257574
70057
257574
115714
257574
50472
257574
119821
257574
270132
257574
123886
257574
135237
257574
142558
257574
34231
257574
92099
257574
108388
257574
20095
257574
290887
257574
197667
257574
295169
257574
299874
257574
299465
257574
152070
257574
99029
257574
218441
257574
271576
257574
277180
257574
263279
257574
189838
257574
253965
257574
299801
257574
99845
257574
6898
257574
1563
257574
107346
257574
299738
257574
256965
257574
19667
257574
146271
257574
19983
257574
91782
257574
266742
257574
13289
257574
269060
257574
79823
257574
170269
257574
299675
257574
299193
257574
94343
257574
199630
257574
53239
257574
27683
257574
78063
257574
299336
257574
181898
257574
294458
257574
299904
257574
21248
257574
133534
257574
232581
257574
196889
257574
299687
257574
261824
257574
89829
257574
299891
257574
60256
257574
299822
257574
131528
257574
290190
257574
263959
257574
58377
257574
234290
257574
299822
257574
262066
257574
23938
257574
42478
257574
299354
257574
299388
257574
299663
257574
64510
257574
23841
257574
6236
257574
299435
257574
9328
257574
86350
257574
12258
257574
33533
257574
277497
257574
299837
257574
88289
257574
258864
257574
155418
257574
299740
257574
271869
257574
299385
257574
252366
257574
123483
257574
299494
257574
299584
257574
260871
257574
144161
257574
226440
257574
299599
257574
67023
257574
113551
257574
299693
257574
299759
257574
86992
257574
94860
257574
110241
257574
18875
257574
55252
257574
114620
257574
19006
257574
299852
257574
69230
257574
190866
257574
299803
257574
288183
257574
208002
257574
73961
257574
154893
257574
50542
257574
299626
257574
296761
257574
77907
257574
299348
257574
299414
257574
254987
257574
180085
257574
108046
257574
103874
257574
299464
257574
26903
257574
299571
257574
129705
257574
127203
257574
299637
257574
299616
257574
65325
257574
299887
257574
73425
257574
131051
257574
196085
257574
188817
257574
42673
257574
211613
257574
277144
257574
202954
257574
101922
257574
299950
257574
55776
257574
299326
257574
159718
257574
274055
257574
64593
257574
204132
257574
41354
257574
75544
257574
265103
257574
156794
257574
164739
257574
299596
257574
292228
257574
251826
257574
80150
257574
92306
257574
226444
257574
49399
257574
181162
257574
299910
257574
11366
257574
170566
257574
299803
257574
299927
257574
102427
257574
299651
257574
225000
257574
53178
257574
299751
257574
202853
257574
213196
257574
299338
257574
38045
257574
205537
257574
299784
257574
204014
257574
145283
257574
55598
257574
299977
257574
149108
257574
110345
257574
299407
257574
95385
257574
251930
257574
257169
257574
185049
257574
211760
257574
95580
257574
291146
257574
299959
257574
299659
257574
167288
257574
299637
257574
299863
257574
299420
257574
120985
257574
299735
257574
261946
257574
51622
257574
299959
257574
139633
257574
27565
257574
134007
257574
46715
257574
235328
257574
178023
257574
178022
257574
299759
257574
299857
257574
18108
257574
276303
257574
19023
257574
176613
257574
19394
257574
14407
257574
178487
257574
299968
257574
179890
257574
198895
257574
120698
257574
299961
257574
293572
257574
59767
257574
157181
257574
299922
257574
299961
257574
116630
257574
299740
257574
77719
257574
299637
257574
148477
257574
52429
257574
145479
257574
299759
257574
156330
257574
299904
257574
203467
257574
296399
257574
173261
257574
60690
257574
154397
257574
299874
257574
93506
257574
254803
257574
214600
257574
299675
257574
299747
257574
30451
257574
136675
257574
288987
257574
213698
257574
93222
257574
96634
257574
81373
257574
25551
257574
299667
257574
94707
257574
124579
257574
128460
257574
289972
257574
159663
257574
130610
257574
299976
257574
56507
257574
52571
257574
288424
257574
193161
257574
50899
257574
65262
257574
117935
257574
121587
257574
299852
257574
281910
257574
93808
257574
28470
257574
299807
257574
167515
257574
299759
257574
252421
257574
102167
257574
168301
257574
151317
257574
263
257574
299584
257574
299875
257574
198479
257574
143238
257574
14755
257574
128327
257574
253279
257574
299441
257574
46260
257574
278055
257574
290515
257574
274124
257574
27007
257574
138890
257574
177170
257574
42638
257574
98753
257574
67647
257574
53137
257574
232025
257574
29572
257574
299596
257574
299385
257574
288631
257574
104034
257574
170
257574
286563
257574
57017
257574
136714
257574
299911
257574
254124
257574
299747
257574
194907
257574
299759
257574
259337
257574
299593
257574
230308
257574
295306
257574
299580
257574
290791
257574
191394
257574
251252
257574
43976
257574
4555
257574
173563
257574
299514
257574
139614
257574
76333
257574
160848
257574
227542
257574
39149
257574
631
257574
213961
257574
20419
257574
135038
257574
90992
257574
130861
257574
299902
257574
75089
257574
299687
257574
233306
257574
230011
257574
75061
257574
234697
257574
162949
257574
136024
257574
57941
257574
52422
257574
229333
257574
299724
257574
205511
257574
130349
257574
299336
257574
85207
257574
102156
257574
187249
257574
21205
257574
299650
257574
100017
257574
283737
257574
228445
257574
299528
257574
162767
257574
3167
257574
19491
257574
111903
257574
219686
257574
267336
257574
276849
257574
299367
257574
166721
257574
178531
257574
129810
257574
299417
257574
58834
257574
259603
257574
275282
257574
299874
257574
137947
257574
185475
257574
124668
257574
299761
257574
250959
257574
266025
257574
299361
257574
8744
257574
134818
257574
192159
257574
111160
257574
197145
257574
242413
257574
183928
257574
298514
257574
231025
257574
279979
257574
229327
257574
26567
257574
200252
257574
69094
257574
209095
257574
98067
257574
124665
257574
534
257574
299724
257574
299358
257574
7290
257574
104347
257574
116420
257574
32658
257574
219054
257574
281701
257574
58758
257574
75997
257574
299886
257574
207390
257574
209699
257574
299349
257574
299458
257574
125536
257574
299596
257574
169921
257574
244075
257574
107507
257574
128666
257574
299486
257574
293961
257574
223765
257574
57033
257574
276065
257574
41195
257574
299593
257574
38982
257574
209799
257574
278248
257574
82856
257574
181983
257574
26027
257574
299380
257574
283357
257574
180329
257574
122412
257574
55907
257574
119846
257574
220478
257574
5353
257574
217335
257574
299759
257574
255784
257574
299954
257574
55261
257574
299606
257574
246586
257574
117205
257574
299650
257574
299336
257574
159659
257574
254950
257574
44932
257574
45513
257574
299793
257574
158429
257574
88599
257574
299514
257574
299738
257574
270928
257574
299633
257574
299534
257574
250187
257574
115532
257574
75380
257574
236118
257574
84765
257574
73990
257574
145080
257574
299906
257574
81751
257574
299793
257574
299929
257574
299606
257574
299875
257574
228241
257574
56952
257574
299348
257574
247900
257574
12258
257574
299560
257574
71459
257574
206028
257574
246839
257574
255727
257574
41129
257574
144264
257574
3226
257574
162682
257574
279039
257574
299528
257574
299886
257574
2541
257574
24715
257574
147478
257574
291171
257574
132084
257574
252617
257574
142235
257574
109929
257574
54117
257574
299607
257574
189652
257574
270779
257574
145311
257574
283986
257574
254689
257574
34340
257574
203610
257574
280924
257574
41688
257574
299929
257574
113497
257574
279775
257574
82343
257574
213658
257574
43037
257574
299538
257574
286374
257574
70792
257574
193049
257574
242016
257574
15905
257574
104508
257574
299985
257574
161763
257574
299534
257574
299637
257574
299735
257574
59764
257574
185251
257574
1476
257574
35363
257574
299891
257574
60056
257574
18167
257574
255318
257574
134902
257574
61956
257574
299929
257574
106963
257574
183230
257574
136934
257574
299423
257574
211906
257574
299900
257574
1032
257574
146694
257574
173958
257574
271109
257574
152672
257574
296855
257574
238336
257574
190643
257574
98595
257574
104428
257574
299760
257574
23392
257574
156388
257574
270147
257574
158893
257574
194980
257574
81802
257574
267109
257574
270050
257574
85128
257574
92545
257574
16963
257574
195429
257574
109114
257574
299952
257574
142148
257574
254564
257574
63712
257574
15853
257574
80803
257574
207199
257574
271770
257574
99385
257574
299607
257574
5325
257574
164731
257574
16093
257574
100135
257574
56193
257574
12838
257574
296091
257574
255445
257574
299514
257574
222706
257574
60554
257574
299667
257574
293927
257574
10739
257574
253529
257574
299841
257574
299584
257574
261076
257574
299464
257574
4488
257574
201900
257574
185894
257574
91122
257574
299596
257574
258739
257574
161785
257574
299637
257574
27706
257574
180363
257574
46419
257574
186467
257574
299837
257574
187703
257574
299940
257574
27595
257574
63623
257574
262183
257574
299487
257574
299385
257574
21613
257574
132646
257574
82976
257574
149236
257574
299505
257574
82738
257574
261710
257574
232046
257574
87283
257574
220631
257574
185484
257574
25366
257574
270786
257574
226594
257574
167103
257574
127933
257574
224492
257574
288976
257574
119555
257574
170492
257574
277009
257574
197834
257574
296032
257574
257674
257574
299584
257574
78880
257574
275346
257574
160637
257574
84928
257574
72986
257574
43277
257574
299906
257574
169900
257574
299534
257574
135538
257574
299379
257574
299385
257574
299636
257574
154555
257574
299361
257574
188115
257574
195460
257574
60579
257574
46441
257574
253637
257574
269424
257574
260259
257574
51143
257574
299514
257574
299766
257574
133417
257574
86444
257574
299417
257574
51650
257574
299571
257574
26045
257574
173040
257574
183722
257574
192424
257574
107377
257574
98608
257574
128
257574
88845
257574
275853
257574
276350
257574
228559
257574
102110
257574
110106
257574
185356
257574
108009
257574
299961
257574
107527
257574
299487
257574
46239
257574
158578
257574
278060
257574
299837
257574
39705
257574
19376
257574
256644
257574
299902
257574
299532
257574
204505
257574
250053
257574
266042
257574
299919
257574
246658
257574
299906
257574
176317
257574
108874
257574
299906
257574
24396
257574
299741
257574
299929
257574
58033
257574
132790
257574
139650
257574
114994
257574
299532
257574
299724
257574
211179
257574
299700
257574
133237
257574
299676
257574
111259
257574
192497
257574
299857
257574
299568
257574
299801
257574
241342
257574
299926
257574
299999
257574
299667
257574
194488
257574
119321
257574
139936
257574
299571
257574
7759
257574
42640
257574
299858
257574
181495
257574
287762
257574
242654
257574
277971
257574
183649
257574
148335
257574
211666
257574
226560
257574
180281
257574
282948
257574
65394
257574
58965
257574
216392
257574
203268
257574
33134
257574
17899
257574
173250
257574
16494
257574
287231
257574
299349
257574
299791
257574
137705
257574
111204
257574
263725
257574
163740
257574
144048
257574
63100
257574
279464
257574
299407
257574
299420
257574
130855
257574
257285
257574
110926
257574
108741
257574
129813
257574
131937
257574
270035
257574
109725
257574
299651
257574
299320
257574
299893
257574
298713
257574
138687
257574
97592
257574
132401
257574
168451
257574
31825
257574
299511
257574
229328
257574
299822
257574
147962
257574
90366
257574
299956
257574
292649
257574
194429
257574
254928
257574
196473
257574
31723
257574
202961
257574
299893
257574
10267
257574
35350
257574
176522
257574
30751
257574
94348
257574
205494
257574
81213
257574
163467
257574
114224
257574
299917
257574
299380
257574
105398
257574
299367
257574
54625
257574
299986
257574
299637
257574
256853
257574
299580
257574
233654
257574
275450
257574
58669
257574
299837
257574
132046
257574
53770
257574
200202
257574
94860
257574
92220
257574
52837
257574
47041
257574
245171
257574
299837
257574
93604
257574
163449
257574
254148
257574
23964
257574
141378
257574
299442
257574
175207
257574
200240
257574
299923
257574
164721
257574
299978
257574
83580
257574
209523
257574
299428
257574
297464
257574
163253
257574
238877
257574
293360
257574
160623
257574
299931
257574
224838
257574
209471
257574
299929
257574
299689
257574
42485
257574
114506
257574
299415
257574
299426
257574
41126
257574
96124
257574
103452
257574
299354
257574
140279
257574
157334
257574
299822
257574
270486
257574
251139
257574
7055
257574
299875
257574
164555
257574
152864
257574
264014
257574
299385
257574
265724
257574
53242
257574
299725
257574
244386
257574
292703
257574
129288
257574
92953
257574
270940
257574
154946
257574
44973
257574
120098
257574
8073
257574
299538
257574
299822
257574
185410
257574
299514
257574
26641
257574
56865
257574
299931
257574
52023
257574
299689
257574
273803
257574
52851
257574
140377
257574
159670
257574
9886
257574
32083
257574
9212
257574
100448
257574
43829
257574
158681
257574
299650
257574
123080
257574
299989
257574
142332
257574
225548
257574
89371
257574
106056
257574
299857
257574
299676
257574
299536
257574
60169
257574
200011
257574
146664
257574
190813
257574
238958
257574
299599
257574
86103
257574
26791
257574
299794
257574
189603
257574
109058
257574
129644
257574
252603
257574
191749
257574
47725
257574
295736
257574
299336
257574
248249
257574
90259
257574
184656
257574
84906
257574
32559
257574
66814
257574
299361
257574
260738
257574
299857
257574
65629
257574
117143
257574
18886
257574
86746
257574
6891
257574
11784
257574
299458
257574
299785
257574
192216
257574
299964
257574
299893
257574
130054
257574
228989
257574
299336
257574
35714
257574
291699
257574
245384
257574
152383
257574
247939
257574
136317
257574
299692
257574
165246
257574
288694
257574
77845
257574
39060
257574
2542
257574
299272
257574
287889
257574
2914
257574
144833
257574
199508
257574
198538
257574
252746
257574
91888
257574
9766
257574
240320
257574
78978
257574
299336
257574
132731
257574
299919
257574
299580
257574
296296
257574
5961
257574
101599
257574
99001
257574
190911
257574
256308
257574
120478
257574
299931
257574
256983
257574
204010
257574
299404
257574
40924
257574
30273
257574
299786
257574
284222
257574
117071
257574
162833
257574
116429
257574
66905
257574
299857
257574
9644
257574
49700
257574
97151
257574
71459
257574
17637
257574
250088
257574
294047
257574
6084
257574
160864
257574
242488
257574
141646
257574
29881
257574
264302
257574
243941
257574
80848
257574
299571
257574
87358
257574
188648
257574
111355
257574
172207
257574
176984
257574
271206
257574
191918
257574
53608
257574
160848
257574
215924
257574
299682
257574
271455
257574
268585
257574
246607
257574
11192
257574
299922
257574
4509
257574
79758
257574
111765
257574
70376
257574
281664
257574
251372
257574
299611
257574
57166
257574
82486
257574
154707
257574
299532
257574
149026
257574
119122
257574
299735
257574
299367
257574
299616
257574
299622
257574
299973
257574
299786
257574
238723
257574
124276
257574
299922
257574
195362
257574
100130
257574
58704
257574
173755
257574
296996
257574
173051
257574
177471
257574
299643
257574
87431
257574
299426
257574
290331
257574
221464
257574
183286
257574
235112
257574
299479
257574
168678
257574
280681
257574
226290
257574
63352
257574
215053
257574
277148
257574
211642
257574
148830
257574
61543
257574
299929
257574
148513
257574
44358
257574
31459
257574
299536
257574
211048
257574
188745
257574
48002
257574
237743
257574
299397
257574
101227
257574
67898
257574
180388
257574
290516
257574
41976
257574
299893
257574
202384
257574
299929
257574
75190
257574
299700
257574
66744
257574
89245
257574
98702
257574
29389
257574
31133
257574
63279
257574
299637
257574
48618
257574
299917
257574
283923
257574
299407
257574
207174
257574
299326
257574
249641
257574
299671
257574
299485
257574
103716
257574
196750
257574
227770
257574
53107
257574
52078
257574
249029
257574
299915
257574
299989
257574
286653
257574
142605
257574
175784
257574
196486
257574
124299
257574
22209
257574
243140
257574
59606
257574
215487
257574
299305
257574
299643
257574
299637
257574
186711
257574
42085
257574
66034
257574
109619
257574
284076
257574
100340
257574
286828
257574
299637
257574
299747
257574
145568
257574
228962
257574
66224
257574
299906
257574
299724
257574
299841
257574
10313
257574
130321
257574
260432
257574
96453
257574
263268
257574
73393
257574
183942
257574
299336
257574
299801
257574
180195
257574
44993
257574
216338
257574
298597
257574
78315
257574
104415
257574
59473
257574
299536
257574
66514
257574
299922
257574
299724
257574
225995
257574
287647
257574
138969
257574
180982
257574
154713
257574
128833
257574
299643
257574
241973
257574
270042
257574
232921
257574
299643
257574
299926
257574
299928
257574
299932
257574
285418
257574
253889
257574
278187
257574
11314
257574
104258
257574
299724
257574
299919
257574
17578
257574
184990
257574
200934
257574
109119
257574
113020
257574
40597
257574
62015
257574
112447
257574
181894
257574
299688
257574
299407
257574
139395
257574
299536
257574
105047
257574
145540
257574
299667
257574
2060
257574
143890
257574
299458
257574
299622
257574
49080
257574
128769
257574
32756
257574
125833
257574
101007
257574
41759
257574
176224
257574
155176
257574
262462
257574
288818
257574
299916
257574
76152
257574
299626
257574
299536
257574
203360
257574
299671
257574
280494
257574
253351
257574
299417
257574
67400
257574
209507
257574
299832
257574
105032
257574
299964
257574
294151
257574
149015
257574
200079
257574
45153
257574
100692
257574
4415
257574
193205
257574
196976
257574
243222
257574
175322
257574
299718
257574
90093
257574
299837
257574
299798
257574
141110
257574
299599
257574
50978
257574
292795
257574
101764
257574
288791
257574
248603
257574
172477
257574
2541
257574
250654
257574
275453
257574
210155
257574
54218
257574
57223
257574
150929
257574
299798
257574
299536
257574
58406
257574
290111
257574
172550
257574
30099
257574
141056
257574
299725
257574
27250
257574
299361
257574
264623
257574
271260
257574
299857
257574
221044
257574
196546
257574
256957
257574
6108
257574
71241
257574
299940
257574
289612
257574
3217
257574
54201
257574
299751
257574
299637
257574
118673
257574
299688
257574
299676
257574
299676
257574
289971
257574
299906
257574
151787
257574
104481
257574
5164
257574
182065
257574
58482
257574
284663
257574
237069
257574
299637
257574
299643
257574
292195
257574
274333
257574
299919
257574
80201
257574
158960
257574
299832
257574
299326
257574
264834
257574
299354
257574
246178
257574
104451
257574
181248
257574
156173
257574
9620
257574
268866
257574
154243
257574
250596
257574
280641
257574
299354
257574
139916
257574
299487
257574
122726
257574
9445
257574
163101
257574
200179
257574
227812
257574
299891
257574
166397
257574
71960
257574
23932
257574
299385
257574
204849
257574
116616
257574
222279
257574
25507
257574
236089
257574
50021
257574
299926
257574
19474
257574
71263
257574
223957
257574
66941
257574
69992
257574
299246
257574
156002
257574
199309
257574
299973
257574
249038
257574
188221
257574
197125
257574
177412
257574
237801
257574
253319
257574
148477
257574
183255
257574
96413
257574
37764
257574
245070
257574
92221
257574
30871
257574
299354
257574
89385
257574
5949
257574
202813
257574
7057
257574
299479
257574
126157
257574
287774
257574
299740
257574
299954
257574
299923
257574
27741
257574
178401
257574
24409
257574
253733
257574
79140
257574
245887
257574
299887
257574
95730
257574
118314
257574
38807
257574
4994
257574
299751
257574
299919
257574
191569
257574
90102
257574
299336
257574
299354
257574
88115
257574
96857
257574
211365
257574
283545
257574
129642
257574
90445
257574
13666
257574
125491
257574
178156
257574
267246
257574
285896
257574
90362
257574
237764
257574
299336
257574
161597
257574
299822
257574
250717
257574
177176
257574
188950
257574
299367
257574
62884
257574
299870
257574
95941
257574
299650
257574
141791
257574
287330
257574
191491
257574
119144
257574
190540
257574
110156
257574
137590
257574
249473
257574
299851
257574
185158
257574
262623
257574
3301
257574
190502
257574
238108
257574
299367
257574
211246
257574
299910
257574
62355
257574
101798
257574
299349
257574
299801
257574
172612
257574
202730
257574
12927
257574
47208
257574
239153
257574
299407
257574
173259
257574
259717
257574
299596
257574
233147
257574
187625
257574
101986
257574
131062
257574
299464
257574
80889
257574
299356
257574
59577
257574
299910
257574
188628
257574
148257
257574
299675
257574
198561
257574
236914
257574
194417
257574
112967
257574
253798
257574
130305
257574
271104
257574
275200
257574
28766
257574
802
257574
194843
257574
167813
257574
60559
257574
299956
257574
299857
257574
169712
257574
278250
257574
257609
257574
236708
257574
233167
257574
220395
257574
239561
257574
194561
257574
125433
257574
33672
257574
194221
257574
299494
257574
103877
257574
168678
257574
299932
257574
299735
257574
299536
257574
78535
257574
299923
257574
147267
257574
46654
257574
3886
257574
88166
257574
21757
257574
274309
257574
299367
257574
74091
257574
299358
257574
4551
257574
299305
257574
142170
257574
299577
257574
19202
257574
294591
257574
214355
257574
248060
257574
92057
257574
299611
257574
285783
257574
259944
257574
252855
257574
299388
257574
212405
257574
299759
257574
188335
257574
266042
257574
16870
257574
279278
257574
102743
257574
278196
257574
26741
257574
76370
257574
43776
257574
238127
257574
299380
257574
203463
257574
299418
257574
245342
257574
299593
257574
236616
257574
201088
257574
299785
257574
182236
257574
203038
257574
299801
257574
161821
257574
299671
257574
242436
257574
77768
257574
113729
257574
7950
257574
206883
257574
299348
257574
213748
257574
210113
257574
136318
257574
208313
257574
583
257574
261528
257574
299360
257574
28390
257574
299417
257574
260397
257574
69318
257574
135177
257574
96631
257574
299486
257574
111915
257574
98716
257574
299404
257574
138863
257574
104027
257574
97518
257574
233201
257574
119119
257574
299423
257574
60224
257574
293757
257574
210658
257574
119435
257574
299604
257574
288676
257574
252116
257574
223231
257574
27842
257574
299738
257574
83797
257574
107035
257574
269985
257574
191698
257574
146946
257574
299604
257574
33659
257574
225560
257574
189524
257574
299891
257574
233587
257574
299954
257574
24567
257574
297315
257574
299906
257574
65333
257574
299421
257574
225819
257574
70472
257574
7750
257574
287712
257574
148772
257574
161676
257574
33196
257574
299612
257574
134586
257574
215367
257574
238726
257574
299349
257574
133537
257574
47202
257574
94930
257574
41217
257574
299336
257574
220544
257574
299596
257574
78395
257574
240458
257574
18348
257574
115465
257574
216836
257574
299665
257574
22917
257574
39351
257574
88927
257574
199670
257574
299348
257574
299954
257574
39105
257574
299766
257574
106246
257574
299479
257574
283134
257574
180895
257574
197213
257574
260748
257574
299671
257574
299651
257574
176655
257574
60412
257574
235964
257574
299649
257574
201806
257574
299786
257574
225121
257574
202069
257574
191276
257574
165396
257574
114688
257574
76855
257574
105740
257574
