419 58252
1 2
1 3
2 3
1 4
2 4
3 4
1 5
2 5
3 5
4 5
1 6
2 6
3 6
4 6
5 6
1 7
2 7
3 7
4 7
5 7
6 7
1 8
2 8
3 8
4 8
5 8
6 8
7 8
1 9
2 9
3 9
4 9
5 9
6 9
7 9
8 9
1 10
2 10
3 10
4 10
5 10
6 10
7 10
8 10
9 10
1 11
2 11
3 11
4 11
5 11
6 11
7 11
8 11
9 11
10 11
1 12
2 12
3 12
4 12
5 12
6 12
7 12
8 12
9 12
10 12
11 12
1 13
2 13
3 13
4 13
5 13
6 13
7 13
8 13
9 13
10 13
11 13
12 13
1 14
2 14
3 14
4 14
5 14
6 14
7 14
8 14
9 14
10 14
11 14
12 14
13 14
1 15
2 15
3 15
4 15
5 15
6 15
7 15
8 15
9 15
10 15
11 15
12 15
13 15
14 15
1 16
2 16
3 16
4 16
5 16
6 16
7 16
8 16
9 16
10 16
11 16
12 16
13 16
14 16
15 16
1 17
2 17
3 17
4 17
5 17
6 17
7 17
8 17
9 17
10 17
11 17
12 17
13 17
14 17
15 17
16 17
1 18
2 18
3 18
4 18
5 18
6 18
7 18
8 18
9 18
10 18
11 18
12 18
13 18
14 18
15 18
16 18
17 18
1 19
2 19
3 19
4 19
5 19
6 19
7 19
8 19
9 19
10 19
11 19
12 19
13 19
14 19
15 19
16 19
17 19
18 19
1 20
2 20
3 20
4 20
5 20
6 20
7 20
8 20
9 20
10 20
11 20
12 20
13 20
14 20
15 20
16 20
17 20
18 20
19 20
1 21
2 21
3 21
4 21
5 21
6 21
7 21
8 21
9 21
10 21
11 21
12 21
13 21
14 21
15 21
16 21
17 21
18 21
19 21
20 21
1 22
2 22
3 22
4 22
5 22
6 22
7 22
8 22
9 22
10 22
11 22
12 22
13 22
14 22
15 22
16 22
17 22
18 22
19 22
20 22
21 22
1 23
2 23
3 23
4 23
5 23
6 23
7 23
8 23
9 23
10 23
11 23
12 23
13 23
14 23
15 23
16 23
17 23
18 23
19 23
20 23
21 23
22 23
1 24
2 24
3 24
4 24
5 24
6 24
7 24
8 24
9 24
10 24
11 24
12 24
13 24
14 24
15 24
16 24
17 24
18 24
19 24
20 24
21 24
22 24
23 24
1 25
2 25
3 25
4 25
5 25
6 25
7 25
8 25
9 25
10 25
11 25
12 25
13 25
14 25
15 25
16 25
17 25
18 25
19 25
20 25
21 25
22 25
23 25
24 25
1 26
2 26
3 26
4 26
5 26
6 26
7 26
8 26
9 26
10 26
11 26
12 26
13 26
14 26
15 26
16 26
17 26
18 26
19 26
20 26
21 26
22 26
23 26
24 26
25 26
1 27
2 27
3 27
4 27
5 27
6 27
7 27
8 27
9 27
10 27
11 27
12 27
13 27
14 27
15 27
16 27
17 27
18 27
19 27
20 27
21 27
22 27
23 27
24 27
25 27
26 27
1 28
2 28
3 28
4 28
5 28
6 28
7 28
8 28
9 28
10 28
11 28
12 28
13 28
14 28
15 28
16 28
17 28
18 28
19 28
20 28
21 28
22 28
23 28
24 28
25 28
26 28
27 28
1 29
2 29
3 29
4 29
5 29
6 29
7 29
8 29
9 29
10 29
11 29
12 29
13 29
14 29
15 29
16 29
17 29
18 29
19 29
20 29
21 29
22 29
23 29
24 29
25 29
26 29
27 29
28 29
1 30
2 30
3 30
4 30
5 30
6 30
7 30
8 30
9 30
10 30
11 30
12 30
13 30
14 30
15 30
16 30
17 30
18 30
19 30
20 30
21 30
22 30
23 30
24 30
25 30
26 30
27 30
28 30
29 30
1 31
2 31
3 31
4 31
5 31
6 31
7 31
8 31
9 31
10 31
11 31
12 31
13 31
14 31
15 31
16 31
17 31
18 31
19 31
20 31
21 31
22 31
23 31
24 31
25 31
26 31
27 31
28 31
29 31
30 31
1 32
2 32
3 32
4 32
5 32
6 32
7 32
8 32
9 32
10 32
11 32
12 32
13 32
14 32
15 32
16 32
17 32
18 32
19 32
20 32
21 32
22 32
23 32
24 32
25 32
26 32
27 32
28 32
29 32
30 32
31 32
1 33
2 33
3 33
4 33
5 33
6 33
7 33
8 33
9 33
10 33
11 33
12 33
13 33
14 33
15 33
16 33
17 33
18 33
19 33
20 33
21 33
22 33
23 33
24 33
25 33
26 33
27 33
28 33
29 33
30 33
31 33
32 33
1 34
2 34
3 34
4 34
5 34
6 34
7 34
8 34
9 34
10 34
11 34
12 34
13 34
14 34
15 34
16 34
17 34
18 34
19 34
20 34
21 34
22 34
23 34
24 34
25 34
26 34
27 34
28 34
29 34
30 34
31 34
32 34
33 34
1 35
2 35
3 35
4 35
5 35
6 35
7 35
8 35
9 35
10 35
11 35
12 35
13 35
14 35
15 35
16 35
17 35
18 35
19 35
20 35
21 35
22 35
23 35
24 35
25 35
26 35
27 35
28 35
29 35
30 35
31 35
32 35
33 35
34 35
1 36
2 36
3 36
4 36
5 36
6 36
7 36
8 36
9 36
10 36
11 36
12 36
13 36
14 36
15 36
16 36
17 36
18 36
19 36
20 36
21 36
22 36
23 36
24 36
25 36
26 36
27 36
28 36
29 36
30 36
31 36
32 36
33 36
34 36
35 36
1 37
2 37
3 37
4 37
5 37
6 37
7 37
8 37
9 37
10 37
11 37
12 37
13 37
14 37
15 37
16 37
17 37
18 37
19 37
20 37
21 37
22 37
23 37
24 37
25 37
26 37
27 37
28 37
29 37
30 37
31 37
32 37
33 37
34 37
35 37
36 37
1 38
2 38
3 38
4 38
5 38
6 38
7 38
8 38
9 38
10 38
11 38
12 38
13 38
14 38
15 38
16 38
17 38
18 38
19 38
20 38
21 38
22 38
23 38
24 38
25 38
26 38
27 38
28 38
29 38
30 38
31 38
32 38
33 38
34 38
35 38
36 38
37 38
1 39
2 39
3 39
4 39
5 39
6 39
7 39
8 39
9 39
10 39
11 39
12 39
13 39
14 39
15 39
16 39
17 39
18 39
19 39
20 39
21 39
22 39
23 39
24 39
25 39
26 39
27 39
28 39
29 39
30 39
31 39
32 39
33 39
34 39
35 39
36 39
37 39
38 39
1 40
2 40
3 40
4 40
5 40
6 40
7 40
8 40
9 40
10 40
11 40
12 40
13 40
14 40
15 40
16 40
17 40
18 40
19 40
20 40
21 40
22 40
23 40
24 40
25 40
26 40
27 40
28 40
29 40
30 40
31 40
32 40
33 40
34 40
35 40
36 40
37 40
38 40
39 40
1 41
2 41
3 41
4 41
5 41
6 41
7 41
8 41
9 41
10 41
11 41
12 41
13 41
14 41
15 41
16 41
17 41
18 41
19 41
20 41
21 41
22 41
23 41
24 41
25 41
26 41
27 41
28 41
29 41
30 41
31 41
32 41
33 41
34 41
35 41
36 41
37 41
38 41
39 41
40 41
1 42
2 42
3 42
4 42
5 42
6 42
7 42
8 42
9 42
10 42
11 42
12 42
13 42
14 42
15 42
16 42
17 42
18 42
19 42
20 42
21 42
22 42
23 42
24 42
25 42
26 42
27 42
28 42
29 42
30 42
31 42
32 42
33 42
34 42
35 42
36 42
37 42
38 42
39 42
40 42
41 42
1 43
2 43
3 43
4 43
5 43
6 43
7 43
8 43
9 43
10 43
11 43
12 43
13 43
14 43
15 43
16 43
17 43
18 43
19 43
20 43
21 43
22 43
23 43
24 43
25 43
26 43
27 43
28 43
29 43
30 43
31 43
32 43
33 43
34 43
35 43
36 43
37 43
38 43
39 43
40 43
41 43
42 43
1 44
2 44
3 44
4 44
5 44
6 44
7 44
8 44
9 44
10 44
11 44
12 44
13 44
14 44
15 44
16 44
17 44
18 44
19 44
20 44
21 44
22 44
23 44
24 44
25 44
26 44
27 44
28 44
29 44
30 44
31 44
32 44
33 44
34 44
35 44
36 44
37 44
38 44
39 44
40 44
41 44
42 44
43 44
1 45
2 45
3 45
4 45
5 45
6 45
7 45
8 45
9 45
10 45
11 45
12 45
13 45
14 45
15 45
16 45
17 45
18 45
19 45
20 45
21 45
22 45
23 45
24 45
25 45
26 45
27 45
28 45
29 45
30 45
31 45
32 45
33 45
34 45
35 45
36 45
37 45
38 45
39 45
40 45
41 45
42 45
43 45
44 45
1 46
2 46
3 46
4 46
5 46
6 46
7 46
8 46
9 46
10 46
11 46
12 46
13 46
14 46
15 46
16 46
17 46
18 46
19 46
20 46
21 46
22 46
23 46
24 46
25 46
26 46
27 46
28 46
29 46
30 46
31 46
32 46
33 46
34 46
35 46
36 46
37 46
38 46
39 46
40 46
41 46
42 46
43 46
44 46
45 46
27 47
27 48
47 48
1 49
2 49
3 49
4 49
5 49
6 49
7 49
8 49
9 49
10 49
11 49
12 49
13 49
14 49
15 49
16 49
17 49
18 49
19 49
20 49
21 49
22 49
23 49
24 49
25 49
26 49
27 49
28 49
29 49
30 49
31 49
32 49
33 49
34 49
35 49
36 49
37 49
38 49
39 49
40 49
41 49
42 49
43 49
44 49
45 49
46 49
1 50
2 50
3 50
4 50
5 50
6 50
7 50
8 50
9 50
10 50
11 50
12 50
13 50
14 50
15 50
16 50
17 50
18 50
19 50
20 50
21 50
22 50
23 50
24 50
25 50
26 50
27 50
28 50
29 50
30 50
31 50
32 50
33 50
34 50
35 50
36 50
37 50
38 50
39 50
40 50
41 50
42 50
43 50
44 50
45 50
46 50
49 50
1 51
2 51
3 51
4 51
5 51
6 51
7 51
8 51
9 51
10 51
11 51
12 51
13 51
14 51
15 51
16 51
17 51
18 51
19 51
20 51
21 51
22 51
23 51
24 51
25 51
26 51
27 51
28 51
29 51
30 51
31 51
32 51
33 51
34 51
35 51
36 51
37 51
38 51
39 51
40 51
41 51
42 51
43 51
44 51
45 51
46 51
49 51
50 51
1 52
2 52
3 52
4 52
5 52
6 52
7 52
8 52
9 52
10 52
11 52
12 52
13 52
14 52
15 52
16 52
17 52
18 52
19 52
20 52
21 52
22 52
23 52
24 52
25 52
26 52
27 52
28 52
29 52
30 52
31 52
32 52
33 52
34 52
35 52
36 52
37 52
38 52
39 52
40 52
41 52
42 52
43 52
44 52
45 52
46 52
49 52
50 52
51 52
1 53
2 53
3 53
4 53
5 53
6 53
7 53
8 53
9 53
10 53
11 53
12 53
13 53
14 53
15 53
16 53
17 53
18 53
19 53
20 53
21 53
22 53
23 53
24 53
25 53
26 53
27 53
28 53
29 53
30 53
31 53
32 53
33 53
34 53
35 53
36 53
37 53
38 53
39 53
40 53
41 53
42 53
43 53
44 53
45 53
46 53
49 53
50 53
51 53
52 53
1 54
2 54
3 54
4 54
5 54
6 54
7 54
8 54
9 54
10 54
11 54
12 54
13 54
14 54
15 54
16 54
17 54
18 54
19 54
20 54
21 54
22 54
23 54
24 54
25 54
26 54
27 54
28 54
29 54
30 54
31 54
32 54
33 54
34 54
35 54
36 54
37 54
38 54
39 54
40 54
41 54
42 54
43 54
44 54
45 54
46 54
49 54
50 54
51 54
52 54
53 54
1 55
2 55
3 55
4 55
5 55
6 55
7 55
8 55
9 55
10 55
11 55
12 55
13 55
14 55
15 55
16 55
17 55
18 55
19 55
20 55
21 55
22 55
23 55
24 55
25 55
26 55
27 55
28 55
29 55
30 55
31 55
32 55
33 55
34 55
35 55
36 55
37 55
38 55
39 55
40 55
41 55
42 55
43 55
44 55
45 55
46 55
49 55
50 55
51 55
52 55
53 55
54 55
1 56
2 56
3 56
4 56
5 56
6 56
7 56
8 56
9 56
10 56
11 56
12 56
13 56
14 56
15 56
16 56
17 56
18 56
19 56
20 56
21 56
22 56
23 56
24 56
25 56
26 56
27 56
28 56
29 56
30 56
31 56
32 56
33 56
34 56
35 56
36 56
37 56
38 56
39 56
40 56
41 56
42 56
43 56
44 56
45 56
46 56
49 56
50 56
51 56
52 56
53 56
54 56
55 56
1 57
2 57
3 57
4 57
5 57
6 57
7 57
8 57
9 57
10 57
11 57
12 57
13 57
14 57
15 57
16 57
17 57
18 57
19 57
20 57
21 57
22 57
23 57
24 57
25 57
26 57
27 57
28 57
29 57
30 57
31 57
32 57
33 57
34 57
35 57
36 57
37 57
38 57
39 57
40 57
41 57
42 57
43 57
44 57
45 57
46 57
49 57
50 57
51 57
52 57
53 57
54 57
55 57
56 57
1 58
2 58
3 58
4 58
5 58
6 58
7 58
8 58
9 58
10 58
11 58
12 58
13 58
14 58
15 58
16 58
17 58
18 58
19 58
20 58
21 58
22 58
23 58
24 58
25 58
26 58
27 58
28 58
29 58
30 58
31 58
32 58
33 58
34 58
35 58
36 58
37 58
38 58
39 58
40 58
41 58
42 58
43 58
44 58
45 58
46 58
49 58
50 58
51 58
52 58
53 58
54 58
55 58
56 58
57 58
1 59
2 59
3 59
4 59
5 59
6 59
7 59
8 59
9 59
10 59
11 59
12 59
13 59
14 59
15 59
16 59
17 59
18 59
19 59
20 59
21 59
22 59
23 59
24 59
25 59
26 59
27 59
28 59
29 59
30 59
31 59
32 59
33 59
34 59
35 59
36 59
37 59
38 59
39 59
40 59
41 59
42 59
43 59
44 59
45 59
46 59
49 59
50 59
51 59
52 59
53 59
54 59
55 59
56 59
57 59
58 59
1 60
2 60
3 60
4 60
5 60
6 60
7 60
8 60
9 60
10 60
11 60
12 60
13 60
14 60
15 60
16 60
17 60
18 60
19 60
20 60
21 60
22 60
23 60
24 60
25 60
26 60
27 60
28 60
29 60
30 60
31 60
32 60
33 60
34 60
35 60
36 60
37 60
38 60
39 60
40 60
41 60
42 60
43 60
44 60
45 60
46 60
49 60
50 60
51 60
52 60
53 60
54 60
55 60
56 60
57 60
58 60
59 60
1 61
2 61
3 61
4 61
5 61
6 61
7 61
8 61
9 61
10 61
11 61
12 61
13 61
14 61
15 61
16 61
17 61
18 61
19 61
20 61
21 61
22 61
23 61
24 61
25 61
26 61
27 61
28 61
29 61
30 61
31 61
32 61
33 61
34 61
35 61
36 61
37 61
38 61
39 61
40 61
41 61
42 61
43 61
44 61
45 61
46 61
49 61
50 61
51 61
52 61
53 61
54 61
55 61
56 61
57 61
58 61
59 61
60 61
1 62
2 62
3 62
4 62
5 62
6 62
7 62
8 62
9 62
10 62
11 62
12 62
13 62
14 62
15 62
16 62
17 62
18 62
19 62
20 62
21 62
22 62
23 62
24 62
25 62
26 62
27 62
28 62
29 62
30 62
31 62
32 62
33 62
34 62
35 62
36 62
37 62
38 62
39 62
40 62
41 62
42 62
43 62
44 62
45 62
46 62
49 62
50 62
51 62
52 62
53 62
54 62
55 62
56 62
57 62
58 62
59 62
60 62
61 62
1 63
2 63
3 63
4 63
5 63
6 63
7 63
8 63
9 63
10 63
11 63
12 63
13 63
14 63
15 63
16 63
17 63
18 63
19 63
20 63
21 63
22 63
23 63
24 63
25 63
26 63
27 63
28 63
29 63
30 63
31 63
32 63
33 63
34 63
35 63
36 63
37 63
38 63
39 63
40 63
41 63
42 63
43 63
44 63
45 63
46 63
49 63
50 63
51 63
52 63
53 63
54 63
55 63
56 63
57 63
58 63
59 63
60 63
61 63
62 63
1 64
2 64
3 64
4 64
5 64
6 64
7 64
8 64
9 64
10 64
11 64
12 64
13 64
14 64
15 64
16 64
17 64
18 64
19 64
20 64
21 64
22 64
23 64
24 64
25 64
26 64
27 64
28 64
29 64
30 64
31 64
32 64
33 64
34 64
35 64
36 64
37 64
38 64
39 64
40 64
41 64
42 64
43 64
44 64
45 64
46 64
49 64
50 64
51 64
52 64
53 64
54 64
55 64
56 64
57 64
58 64
59 64
60 64
61 64
62 64
63 64
1 65
2 65
3 65
4 65
5 65
6 65
7 65
8 65
9 65
10 65
11 65
12 65
13 65
14 65
15 65
16 65
17 65
18 65
19 65
20 65
21 65
22 65
23 65
24 65
25 65
26 65
27 65
28 65
29 65
30 65
31 65
32 65
33 65
34 65
35 65
36 65
37 65
38 65
39 65
40 65
41 65
42 65
43 65
44 65
45 65
46 65
49 65
50 65
51 65
52 65
53 65
54 65
55 65
56 65
57 65
58 65
59 65
60 65
61 65
62 65
63 65
64 65
1 66
2 66
3 66
4 66
5 66
6 66
7 66
8 66
9 66
10 66
11 66
12 66
13 66
14 66
15 66
16 66
17 66
18 66
19 66
20 66
21 66
22 66
23 66
24 66
25 66
26 66
27 66
28 66
29 66
30 66
31 66
32 66
33 66
34 66
35 66
36 66
37 66
38 66
39 66
40 66
41 66
42 66
43 66
44 66
45 66
46 66
49 66
50 66
51 66
52 66
53 66
54 66
55 66
56 66
57 66
58 66
59 66
60 66
61 66
62 66
63 66
64 66
65 66
1 67
2 67
3 67
4 67
5 67
6 67
7 67
8 67
9 67
10 67
11 67
12 67
13 67
14 67
15 67
16 67
17 67
18 67
19 67
20 67
21 67
22 67
23 67
24 67
25 67
26 67
27 67
28 67
29 67
30 67
31 67
32 67
33 67
34 67
35 67
36 67
37 67
38 67
39 67
40 67
41 67
42 67
43 67
44 67
45 67
46 67
49 67
50 67
51 67
52 67
53 67
54 67
55 67
56 67
57 67
58 67
59 67
60 67
61 67
62 67
63 67
64 67
65 67
66 67
1 68
2 68
3 68
4 68
5 68
6 68
7 68
8 68
9 68
10 68
11 68
12 68
13 68
14 68
15 68
16 68
17 68
18 68
19 68
20 68
21 68
22 68
23 68
24 68
25 68
26 68
27 68
28 68
29 68
30 68
31 68
32 68
33 68
34 68
35 68
36 68
37 68
38 68
39 68
40 68
41 68
42 68
43 68
44 68
45 68
46 68
49 68
50 68
51 68
52 68
53 68
54 68
55 68
56 68
57 68
58 68
59 68
60 68
61 68
62 68
63 68
64 68
65 68
66 68
67 68
1 69
2 69
3 69
4 69
5 69
6 69
7 69
8 69
9 69
10 69
11 69
12 69
13 69
14 69
15 69
16 69
17 69
18 69
19 69
20 69
21 69
22 69
23 69
24 69
25 69
26 69
27 69
28 69
29 69
30 69
31 69
32 69
33 69
34 69
35 69
36 69
37 69
38 69
39 69
40 69
41 69
42 69
43 69
44 69
45 69
46 69
49 69
50 69
51 69
52 69
53 69
54 69
55 69
56 69
57 69
58 69
59 69
60 69
61 69
62 69
63 69
64 69
65 69
66 69
67 69
68 69
1 70
2 70
3 70
4 70
5 70
6 70
7 70
8 70
9 70
10 70
11 70
12 70
13 70
14 70
15 70
16 70
17 70
18 70
19 70
20 70
21 70
22 70
23 70
24 70
25 70
26 70
27 70
28 70
29 70
30 70
31 70
32 70
33 70
34 70
35 70
36 70
37 70
38 70
39 70
40 70
41 70
42 70
43 70
44 70
45 70
46 70
49 70
50 70
51 70
52 70
53 70
54 70
55 70
56 70
57 70
58 70
59 70
60 70
61 70
62 70
63 70
64 70
65 70
66 70
67 70
68 70
69 70
1 71
2 71
3 71
4 71
5 71
6 71
7 71
8 71
9 71
10 71
11 71
12 71
13 71
14 71
15 71
16 71
17 71
18 71
19 71
20 71
21 71
22 71
23 71
24 71
25 71
26 71
27 71
28 71
29 71
30 71
31 71
32 71
33 71
34 71
35 71
36 71
37 71
38 71
39 71
40 71
41 71
42 71
43 71
44 71
45 71
46 71
49 71
50 71
51 71
52 71
53 71
54 71
55 71
56 71
57 71
58 71
59 71
60 71
61 71
62 71
63 71
64 71
65 71
66 71
67 71
68 71
69 71
70 71
1 72
2 72
3 72
4 72
5 72
6 72
7 72
8 72
9 72
10 72
11 72
12 72
13 72
14 72
15 72
16 72
17 72
18 72
19 72
20 72
21 72
22 72
23 72
24 72
25 72
26 72
27 72
28 72
29 72
30 72
31 72
32 72
33 72
34 72
35 72
36 72
37 72
38 72
39 72
40 72
41 72
42 72
43 72
44 72
45 72
46 72
49 72
50 72
51 72
52 72
53 72
54 72
55 72
56 72
57 72
58 72
59 72
60 72
61 72
62 72
63 72
64 72
65 72
66 72
67 72
68 72
69 72
70 72
71 72
1 73
2 73
3 73
4 73
5 73
6 73
7 73
8 73
9 73
10 73
11 73
12 73
13 73
14 73
15 73
16 73
17 73
18 73
19 73
20 73
21 73
22 73
23 73
24 73
25 73
26 73
27 73
28 73
29 73
30 73
31 73
32 73
33 73
34 73
35 73
36 73
37 73
38 73
39 73
40 73
41 73
42 73
43 73
44 73
45 73
46 73
49 73
50 73
51 73
52 73
53 73
54 73
55 73
56 73
57 73
58 73
59 73
60 73
61 73
62 73
63 73
64 73
65 73
66 73
67 73
68 73
69 73
70 73
71 73
72 73
1 74
2 74
3 74
4 74
5 74
6 74
7 74
8 74
9 74
10 74
11 74
12 74
13 74
14 74
15 74
16 74
17 74
18 74
19 74
20 74
21 74
22 74
23 74
24 74
25 74
26 74
27 74
28 74
29 74
30 74
31 74
32 74
33 74
34 74
35 74
36 74
37 74
38 74
39 74
40 74
41 74
42 74
43 74
44 74
45 74
46 74
49 74
50 74
51 74
52 74
53 74
54 74
55 74
56 74
57 74
58 74
59 74
60 74
61 74
62 74
63 74
64 74
65 74
66 74
67 74
68 74
69 74
70 74
71 74
72 74
73 74
1 75
2 75
3 75
4 75
5 75
6 75
7 75
8 75
9 75
10 75
11 75
12 75
13 75
14 75
15 75
16 75
17 75
18 75
19 75
20 75
21 75
22 75
23 75
24 75
25 75
26 75
27 75
28 75
29 75
30 75
31 75
32 75
33 75
34 75
35 75
36 75
37 75
38 75
39 75
40 75
41 75
42 75
43 75
44 75
45 75
46 75
49 75
50 75
51 75
52 75
53 75
54 75
55 75
56 75
57 75
58 75
59 75
60 75
61 75
62 75
63 75
64 75
65 75
66 75
67 75
68 75
69 75
70 75
71 75
72 75
73 75
74 75
1 76
2 76
3 76
4 76
5 76
6 76
7 76
8 76
9 76
10 76
11 76
12 76
13 76
14 76
15 76
16 76
17 76
18 76
19 76
20 76
21 76
22 76
23 76
24 76
25 76
26 76
27 76
28 76
29 76
30 76
31 76
32 76
33 76
34 76
35 76
36 76
37 76
38 76
39 76
40 76
41 76
42 76
43 76
44 76
45 76
46 76
49 76
50 76
51 76
52 76
53 76
54 76
55 76
56 76
57 76
58 76
59 76
60 76
61 76
62 76
63 76
64 76
65 76
66 76
67 76
68 76
69 76
70 76
71 76
72 76
73 76
74 76
75 76
1 77
2 77
3 77
4 77
5 77
6 77
7 77
8 77
9 77
10 77
11 77
12 77
13 77
14 77
15 77
16 77
17 77
18 77
19 77
20 77
21 77
22 77
23 77
24 77
25 77
26 77
27 77
28 77
29 77
30 77
31 77
32 77
33 77
34 77
35 77
36 77
37 77
38 77
39 77
40 77
41 77
42 77
43 77
44 77
45 77
46 77
49 77
50 77
51 77
52 77
53 77
54 77
55 77
56 77
57 77
58 77
59 77
60 77
61 77
62 77
63 77
64 77
65 77
66 77
67 77
68 77
69 77
70 77
71 77
72 77
73 77
74 77
75 77
76 77
1 78
2 78
3 78
4 78
5 78
6 78
7 78
8 78
9 78
10 78
11 78
12 78
13 78
14 78
15 78
16 78
17 78
18 78
19 78
20 78
21 78
22 78
23 78
24 78
25 78
26 78
27 78
28 78
29 78
30 78
31 78
32 78
33 78
34 78
35 78
36 78
37 78
38 78
39 78
40 78
41 78
42 78
43 78
44 78
45 78
46 78
49 78
50 78
51 78
52 78
53 78
54 78
55 78
56 78
57 78
58 78
59 78
60 78
61 78
62 78
63 78
64 78
65 78
66 78
67 78
68 78
69 78
70 78
71 78
72 78
73 78
74 78
75 78
76 78
77 78
1 79
2 79
3 79
4 79
5 79
6 79
7 79
8 79
9 79
10 79
11 79
12 79
13 79
14 79
15 79
16 79
17 79
18 79
19 79
20 79
21 79
22 79
23 79
24 79
25 79
26 79
27 79
28 79
29 79
30 79
31 79
32 79
33 79
34 79
35 79
36 79
37 79
38 79
39 79
40 79
41 79
42 79
43 79
44 79
45 79
46 79
49 79
50 79
51 79
52 79
53 79
54 79
55 79
56 79
57 79
58 79
59 79
60 79
61 79
62 79
63 79
64 79
65 79
66 79
67 79
68 79
69 79
70 79
71 79
72 79
73 79
74 79
75 79
76 79
77 79
78 79
1 80
2 80
3 80
4 80
5 80
6 80
7 80
8 80
9 80
10 80
11 80
12 80
13 80
14 80
15 80
16 80
17 80
18 80
19 80
20 80
21 80
22 80
23 80
24 80
25 80
26 80
27 80
28 80
29 80
30 80
31 80
32 80
33 80
34 80
35 80
36 80
37 80
38 80
39 80
40 80
41 80
42 80
43 80
44 80
45 80
46 80
49 80
50 80
51 80
52 80
53 80
54 80
55 80
56 80
57 80
58 80
59 80
60 80
61 80
62 80
63 80
64 80
65 80
66 80
67 80
68 80
69 80
70 80
71 80
72 80
73 80
74 80
75 80
76 80
77 80
78 80
79 80
1 81
2 81
3 81
4 81
5 81
6 81
7 81
8 81
9 81
10 81
11 81
12 81
13 81
14 81
15 81
16 81
17 81
18 81
19 81
20 81
21 81
22 81
23 81
24 81
25 81
26 81
27 81
28 81
29 81
30 81
31 81
32 81
33 81
34 81
35 81
36 81
37 81
38 81
39 81
40 81
41 81
42 81
43 81
44 81
45 81
46 81
49 81
50 81
51 81
52 81
53 81
54 81
55 81
56 81
57 81
58 81
59 81
60 81
61 81
62 81
63 81
64 81
65 81
66 81
67 81
68 81
69 81
70 81
71 81
72 81
73 81
74 81
75 81
76 81
77 81
78 81
79 81
80 81
1 82
2 82
3 82
4 82
5 82
6 82
7 82
8 82
9 82
10 82
11 82
12 82
13 82
14 82
15 82
16 82
17 82
18 82
19 82
20 82
21 82
22 82
23 82
24 82
25 82
26 82
27 82
28 82
29 82
30 82
31 82
32 82
33 82
34 82
35 82
36 82
37 82
38 82
39 82
40 82
41 82
42 82
43 82
44 82
45 82
46 82
49 82
50 82
51 82
52 82
53 82
54 82
55 82
56 82
57 82
58 82
59 82
60 82
61 82
62 82
63 82
64 82
65 82
66 82
67 82
68 82
69 82
70 82
71 82
72 82
73 82
74 82
75 82
76 82
77 82
78 82
79 82
80 82
81 82
1 83
2 83
3 83
4 83
5 83
6 83
7 83
8 83
9 83
10 83
11 83
12 83
13 83
14 83
15 83
16 83
17 83
18 83
19 83
20 83
21 83
22 83
23 83
24 83
25 83
26 83
27 83
28 83
29 83
30 83
31 83
32 83
33 83
34 83
35 83
36 83
37 83
38 83
39 83
40 83
41 83
42 83
43 83
44 83
45 83
46 83
49 83
50 83
51 83
52 83
53 83
54 83
55 83
56 83
57 83
58 83
59 83
60 83
61 83
62 83
63 83
64 83
65 83
66 83
67 83
68 83
69 83
70 83
71 83
72 83
73 83
74 83
75 83
76 83
77 83
78 83
79 83
80 83
81 83
82 83
1 84
2 84
3 84
4 84
5 84
6 84
7 84
8 84
9 84
10 84
11 84
12 84
13 84
14 84
15 84
16 84
17 84
18 84
19 84
20 84
21 84
22 84
23 84
24 84
25 84
26 84
27 84
28 84
29 84
30 84
31 84
32 84
33 84
34 84
35 84
36 84
37 84
38 84
39 84
40 84
41 84
42 84
43 84
44 84
45 84
46 84
49 84
50 84
51 84
52 84
53 84
54 84
55 84
56 84
57 84
58 84
59 84
60 84
61 84
62 84
63 84
64 84
65 84
66 84
67 84
68 84
69 84
70 84
71 84
72 84
73 84
74 84
75 84
76 84
77 84
78 84
79 84
80 84
81 84
82 84
83 84
1 85
2 85
3 85
4 85
5 85
6 85
7 85
8 85
9 85
10 85
11 85
12 85
13 85
14 85
15 85
16 85
17 85
18 85
19 85
20 85
21 85
22 85
23 85
24 85
25 85
26 85
27 85
28 85
29 85
30 85
31 85
32 85
33 85
34 85
35 85
36 85
37 85
38 85
39 85
40 85
41 85
42 85
43 85
44 85
45 85
46 85
49 85
50 85
51 85
52 85
53 85
54 85
55 85
56 85
57 85
58 85
59 85
60 85
61 85
62 85
63 85
64 85
65 85
66 85
67 85
68 85
69 85
70 85
71 85
72 85
73 85
74 85
75 85
76 85
77 85
78 85
79 85
80 85
81 85
82 85
83 85
84 85
1 86
2 86
3 86
4 86
5 86
6 86
7 86
8 86
9 86
10 86
11 86
12 86
13 86
14 86
15 86
16 86
17 86
18 86
19 86
20 86
21 86
22 86
23 86
24 86
25 86
26 86
27 86
28 86
29 86
30 86
31 86
32 86
33 86
34 86
35 86
36 86
37 86
38 86
39 86
40 86
41 86
42 86
43 86
44 86
45 86
46 86
49 86
50 86
51 86
52 86
53 86
54 86
55 86
56 86
57 86
58 86
59 86
60 86
61 86
62 86
63 86
64 86
65 86
66 86
67 86
68 86
69 86
70 86
71 86
72 86
73 86
74 86
75 86
76 86
77 86
78 86
79 86
80 86
81 86
82 86
83 86
84 86
85 86
1 87
2 87
3 87
4 87
5 87
6 87
7 87
8 87
9 87
10 87
11 87
12 87
13 87
14 87
15 87
16 87
17 87
18 87
19 87
20 87
21 87
22 87
23 87
24 87
25 87
26 87
27 87
28 87
29 87
30 87
31 87
32 87
33 87
34 87
35 87
36 87
37 87
38 87
39 87
40 87
41 87
42 87
43 87
44 87
45 87
46 87
49 87
50 87
51 87
52 87
53 87
54 87
55 87
56 87
57 87
58 87
59 87
60 87
61 87
62 87
63 87
64 87
65 87
66 87
67 87
68 87
69 87
70 87
71 87
72 87
73 87
74 87
75 87
76 87
77 87
78 87
79 87
80 87
81 87
82 87
83 87
84 87
85 87
86 87
1 88
2 88
3 88
4 88
5 88
6 88
7 88
8 88
9 88
10 88
11 88
12 88
13 88
14 88
15 88
16 88
17 88
18 88
19 88
20 88
21 88
22 88
23 88
24 88
25 88
26 88
27 88
28 88
29 88
30 88
31 88
32 88
33 88
34 88
35 88
36 88
37 88
38 88
39 88
40 88
41 88
42 88
43 88
44 88
45 88
46 88
49 88
50 88
51 88
52 88
53 88
54 88
55 88
56 88
57 88
58 88
59 88
60 88
61 88
62 88
63 88
64 88
65 88
66 88
67 88
68 88
69 88
70 88
71 88
72 88
73 88
74 88
75 88
76 88
77 88
78 88
79 88
80 88
81 88
82 88
83 88
84 88
85 88
86 88
87 88
1 89
2 89
3 89
4 89
5 89
6 89
7 89
8 89
9 89
10 89
11 89
12 89
13 89
14 89
15 89
16 89
17 89
18 89
19 89
20 89
21 89
22 89
23 89
24 89
25 89
26 89
27 89
28 89
29 89
30 89
31 89
32 89
33 89
34 89
35 89
36 89
37 89
38 89
39 89
40 89
41 89
42 89
43 89
44 89
45 89
46 89
49 89
50 89
51 89
52 89
53 89
54 89
55 89
56 89
57 89
58 89
59 89
60 89
61 89
62 89
63 89
64 89
65 89
66 89
67 89
68 89
69 89
70 89
71 89
72 89
73 89
74 89
75 89
76 89
77 89
78 89
79 89
80 89
81 89
82 89
83 89
84 89
85 89
86 89
87 89
88 89
1 90
2 90
3 90
4 90
5 90
6 90
7 90
8 90
9 90
10 90
11 90
12 90
13 90
14 90
15 90
16 90
17 90
18 90
19 90
20 90
21 90
22 90
23 90
24 90
25 90
26 90
27 90
28 90
29 90
30 90
31 90
32 90
33 90
34 90
35 90
36 90
37 90
38 90
39 90
40 90
41 90
42 90
43 90
44 90
45 90
46 90
49 90
50 90
51 90
52 90
53 90
54 90
55 90
56 90
57 90
58 90
59 90
60 90
61 90
62 90
63 90
64 90
65 90
66 90
67 90
68 90
69 90
70 90
71 90
72 90
73 90
74 90
75 90
76 90
77 90
78 90
79 90
80 90
81 90
82 90
83 90
84 90
85 90
86 90
87 90
88 90
89 90
1 91
2 91
3 91
4 91
5 91
6 91
7 91
8 91
9 91
10 91
11 91
12 91
13 91
14 91
15 91
16 91
17 91
18 91
19 91
20 91
21 91
22 91
23 91
24 91
25 91
26 91
27 91
28 91
29 91
30 91
31 91
32 91
33 91
34 91
35 91
36 91
37 91
38 91
39 91
40 91
41 91
42 91
43 91
44 91
45 91
46 91
49 91
50 91
51 91
52 91
53 91
54 91
55 91
56 91
57 91
58 91
59 91
60 91
61 91
62 91
63 91
64 91
65 91
66 91
67 91
68 91
69 91
70 91
71 91
72 91
73 91
74 91
75 91
76 91
77 91
78 91
79 91
80 91
81 91
82 91
83 91
84 91
85 91
86 91
87 91
88 91
89 91
90 91
1 92
2 92
3 92
4 92
5 92
6 92
7 92
8 92
9 92
10 92
11 92
12 92
13 92
14 92
15 92
16 92
17 92
18 92
19 92
20 92
21 92
22 92
23 92
24 92
25 92
26 92
27 92
28 92
29 92
30 92
31 92
32 92
33 92
34 92
35 92
36 92
37 92
38 92
39 92
40 92
41 92
42 92
43 92
44 92
45 92
46 92
49 92
50 92
51 92
52 92
53 92
54 92
55 92
56 92
57 92
58 92
59 92
60 92
61 92
62 92
63 92
64 92
65 92
66 92
67 92
68 92
69 92
70 92
71 92
72 92
73 92
74 92
75 92
76 92
77 92
78 92
79 92
80 92
81 92
82 92
83 92
84 92
85 92
86 92
87 92
88 92
89 92
90 92
91 92
1 93
2 93
3 93
4 93
5 93
6 93
7 93
8 93
9 93
10 93
11 93
12 93
13 93
14 93
15 93
16 93
17 93
18 93
19 93
20 93
21 93
22 93
23 93
24 93
25 93
26 93
27 93
28 93
29 93
30 93
31 93
32 93
33 93
34 93
35 93
36 93
37 93
38 93
39 93
40 93
41 93
42 93
43 93
44 93
45 93
46 93
49 93
50 93
51 93
52 93
53 93
54 93
55 93
56 93
57 93
58 93
59 93
60 93
61 93
62 93
63 93
64 93
65 93
66 93
67 93
68 93
69 93
70 93
71 93
72 93
73 93
74 93
75 93
76 93
77 93
78 93
79 93
80 93
81 93
82 93
83 93
84 93
85 93
86 93
87 93
88 93
89 93
90 93
91 93
92 93
1 94
2 94
3 94
4 94
5 94
6 94
7 94
8 94
9 94
10 94
11 94
12 94
13 94
14 94
15 94
16 94
17 94
18 94
19 94
20 94
21 94
22 94
23 94
24 94
25 94
26 94
27 94
28 94
29 94
30 94
31 94
32 94
33 94
34 94
35 94
36 94
37 94
38 94
39 94
40 94
41 94
42 94
43 94
44 94
45 94
46 94
49 94
50 94
51 94
52 94
53 94
54 94
55 94
56 94
57 94
58 94
59 94
60 94
61 94
62 94
63 94
64 94
65 94
66 94
67 94
68 94
69 94
70 94
71 94
72 94
73 94
74 94
75 94
76 94
77 94
78 94
79 94
80 94
81 94
82 94
83 94
84 94
85 94
86 94
87 94
88 94
89 94
90 94
91 94
92 94
93 94
1 95
2 95
3 95
4 95
5 95
6 95
7 95
8 95
9 95
10 95
11 95
12 95
13 95
14 95
15 95
16 95
17 95
18 95
19 95
20 95
21 95
22 95
23 95
24 95
25 95
26 95
27 95
28 95
29 95
30 95
31 95
32 95
33 95
34 95
35 95
36 95
37 95
38 95
39 95
40 95
41 95
42 95
43 95
44 95
45 95
46 95
49 95
50 95
51 95
52 95
53 95
54 95
55 95
56 95
57 95
58 95
59 95
60 95
61 95
62 95
63 95
64 95
65 95
66 95
67 95
68 95
69 95
70 95
71 95
72 95
73 95
74 95
75 95
76 95
77 95
78 95
79 95
80 95
81 95
82 95
83 95
84 95
85 95
86 95
87 95
88 95
89 95
90 95
91 95
92 95
93 95
94 95
1 96
2 96
3 96
4 96
5 96
6 96
7 96
8 96
9 96
10 96
11 96
12 96
13 96
14 96
15 96
16 96
17 96
18 96
19 96
20 96
21 96
22 96
23 96
24 96
25 96
26 96
27 96
28 96
29 96
30 96
31 96
32 96
33 96
34 96
35 96
36 96
37 96
38 96
39 96
40 96
41 96
42 96
43 96
44 96
45 96
46 96
49 96
50 96
51 96
52 96
53 96
54 96
55 96
56 96
57 96
58 96
59 96
60 96
61 96
62 96
63 96
64 96
65 96
66 96
67 96
68 96
69 96
70 96
71 96
72 96
73 96
74 96
75 96
76 96
77 96
78 96
79 96
80 96
81 96
82 96
83 96
84 96
85 96
86 96
87 96
88 96
89 96
90 96
91 96
92 96
93 96
94 96
95 96
1 97
2 97
3 97
4 97
5 97
6 97
7 97
8 97
9 97
10 97
11 97
12 97
13 97
14 97
15 97
16 97
17 97
18 97
19 97
20 97
21 97
22 97
23 97
24 97
25 97
26 97
27 97
28 97
29 97
30 97
31 97
32 97
33 97
34 97
35 97
36 97
37 97
38 97
39 97
40 97
41 97
42 97
43 97
44 97
45 97
46 97
49 97
50 97
51 97
52 97
53 97
54 97
55 97
56 97
57 97
58 97
59 97
60 97
61 97
62 97
63 97
64 97
65 97
66 97
67 97
68 97
69 97
70 97
71 97
72 97
73 97
74 97
75 97
76 97
77 97
78 97
79 97
80 97
81 97
82 97
83 97
84 97
85 97
86 97
87 97
88 97
89 97
90 97
91 97
92 97
93 97
94 97
95 97
96 97
1 98
2 98
3 98
4 98
5 98
6 98
7 98
8 98
9 98
10 98
11 98
12 98
13 98
14 98
15 98
16 98
17 98
18 98
19 98
20 98
21 98
22 98
23 98
24 98
25 98
26 98
27 98
28 98
29 98
30 98
31 98
32 98
33 98
34 98
35 98
36 98
37 98
38 98
39 98
40 98
41 98
42 98
43 98
44 98
45 98
46 98
49 98
50 98
51 98
52 98
53 98
54 98
55 98
56 98
57 98
58 98
59 98
60 98
61 98
62 98
63 98
64 98
65 98
66 98
67 98
68 98
69 98
70 98
71 98
72 98
73 98
74 98
75 98
76 98
77 98
78 98
79 98
80 98
81 98
82 98
83 98
84 98
85 98
86 98
87 98
88 98
89 98
90 98
91 98
92 98
93 98
94 98
95 98
96 98
97 98
1 99
2 99
3 99
4 99
5 99
6 99
7 99
8 99
9 99
10 99
11 99
12 99
13 99
14 99
15 99
16 99
17 99
18 99
19 99
20 99
21 99
22 99
23 99
24 99
25 99
26 99
27 99
28 99
29 99
30 99
31 99
32 99
33 99
34 99
35 99
36 99
37 99
38 99
39 99
40 99
41 99
42 99
43 99
44 99
45 99
46 99
49 99
50 99
51 99
52 99
53 99
54 99
55 99
56 99
57 99
58 99
59 99
60 99
61 99
62 99
63 99
64 99
65 99
66 99
67 99
68 99
69 99
70 99
71 99
72 99
73 99
74 99
75 99
76 99
77 99
78 99
79 99
80 99
81 99
82 99
83 99
84 99
85 99
86 99
87 99
88 99
89 99
90 99
91 99
92 99
93 99
94 99
95 99
96 99
97 99
98 99
1 100
2 100
3 100
4 100
5 100
6 100
7 100
8 100
9 100
10 100
11 100
12 100
13 100
14 100
15 100
16 100
17 100
18 100
19 100
20 100
21 100
22 100
23 100
24 100
25 100
26 100
27 100
28 100
29 100
30 100
31 100
32 100
33 100
34 100
35 100
36 100
37 100
38 100
39 100
40 100
41 100
42 100
43 100
44 100
45 100
46 100
49 100
50 100
51 100
52 100
53 100
54 100
55 100
56 100
57 100
58 100
59 100
60 100
61 100
62 100
63 100
64 100
65 100
66 100
67 100
68 100
69 100
70 100
71 100
72 100
73 100
74 100
75 100
76 100
77 100
78 100
79 100
80 100
81 100
82 100
83 100
84 100
85 100
86 100
87 100
88 100
89 100
90 100
91 100
92 100
93 100
94 100
95 100
96 100
97 100
98 100
99 100
1 101
2 101
3 101
4 101
5 101
6 101
7 101
8 101
9 101
10 101
11 101
12 101
13 101
14 101
15 101
16 101
17 101
18 101
19 101
20 101
21 101
22 101
23 101
24 101
25 101
26 101
27 101
28 101
29 101
30 101
31 101
32 101
33 101
34 101
35 101
36 101
37 101
38 101
39 101
40 101
41 101
42 101
43 101
44 101
45 101
46 101
49 101
50 101
51 101
52 101
53 101
54 101
55 101
56 101
57 101
58 101
59 101
60 101
61 101
62 101
63 101
64 101
65 101
66 101
67 101
68 101
69 101
70 101
71 101
72 101
73 101
74 101
75 101
76 101
77 101
78 101
79 101
80 101
81 101
82 101
83 101
84 101
85 101
86 101
87 101
88 101
89 101
90 101
91 101
92 101
93 101
94 101
95 101
96 101
97 101
98 101
99 101
100 101
1 102
2 102
3 102
4 102
5 102
6 102
7 102
8 102
9 102
10 102
11 102
12 102
13 102
14 102
15 102
16 102
17 102
18 102
19 102
20 102
21 102
22 102
23 102
24 102
25 102
26 102
27 102
28 102
29 102
30 102
31 102
32 102
33 102
34 102
35 102
36 102
37 102
38 102
39 102
40 102
41 102
42 102
43 102
44 102
45 102
46 102
49 102
50 102
51 102
52 102
53 102
54 102
55 102
56 102
57 102
58 102
59 102
60 102
61 102
62 102
63 102
64 102
65 102
66 102
67 102
68 102
69 102
70 102
71 102
72 102
73 102
74 102
75 102
76 102
77 102
78 102
79 102
80 102
81 102
82 102
83 102
84 102
85 102
86 102
87 102
88 102
89 102
90 102
91 102
92 102
93 102
94 102
95 102
96 102
97 102
98 102
99 102
100 102
101 102
1 103
2 103
3 103
4 103
5 103
6 103
7 103
8 103
9 103
10 103
11 103
12 103
13 103
14 103
15 103
16 103
17 103
18 103
19 103
20 103
21 103
22 103
23 103
24 103
25 103
26 103
27 103
28 103
29 103
30 103
31 103
32 103
33 103
34 103
35 103
36 103
37 103
38 103
39 103
40 103
41 103
42 103
43 103
44 103
45 103
46 103
49 103
50 103
51 103
52 103
53 103
54 103
55 103
56 103
57 103
58 103
59 103
60 103
61 103
62 103
63 103
64 103
65 103
66 103
67 103
68 103
69 103
70 103
71 103
72 103
73 103
74 103
75 103
76 103
77 103
78 103
79 103
80 103
81 103
82 103
83 103
84 103
85 103
86 103
87 103
88 103
89 103
90 103
91 103
92 103
93 103
94 103
95 103
96 103
97 103
98 103
99 103
100 103
101 103
102 103
1 104
2 104
3 104
4 104
5 104
6 104
7 104
8 104
9 104
10 104
11 104
12 104
13 104
14 104
15 104
16 104
17 104
18 104
19 104
20 104
21 104
22 104
23 104
24 104
25 104
26 104
27 104
28 104
29 104
30 104
31 104
32 104
33 104
34 104
35 104
36 104
37 104
38 104
39 104
40 104
41 104
42 104
43 104
44 104
45 104
46 104
49 104
50 104
51 104
52 104
53 104
54 104
55 104
56 104
57 104
58 104
59 104
60 104
61 104
62 104
63 104
64 104
65 104
66 104
67 104
68 104
69 104
70 104
71 104
72 104
73 104
74 104
75 104
76 104
77 104
78 104
79 104
80 104
81 104
82 104
83 104
84 104
85 104
86 104
87 104
88 104
89 104
90 104
91 104
92 104
93 104
94 104
95 104
96 104
97 104
98 104
99 104
100 104
101 104
102 104
103 104
1 105
2 105
3 105
4 105
5 105
6 105
7 105
8 105
9 105
10 105
11 105
12 105
13 105
14 105
15 105
16 105
17 105
18 105
19 105
20 105
21 105
22 105
23 105
24 105
25 105
26 105
27 105
28 105
29 105
30 105
31 105
32 105
33 105
34 105
35 105
36 105
37 105
38 105
39 105
40 105
41 105
42 105
43 105
44 105
45 105
46 105
49 105
50 105
51 105
52 105
53 105
54 105
55 105
56 105
57 105
58 105
59 105
60 105
61 105
62 105
63 105
64 105
65 105
66 105
67 105
68 105
69 105
70 105
71 105
72 105
73 105
74 105
75 105
76 105
77 105
78 105
79 105
80 105
81 105
82 105
83 105
84 105
85 105
86 105
87 105
88 105
89 105
90 105
91 105
92 105
93 105
94 105
95 105
96 105
97 105
98 105
99 105
100 105
101 105
102 105
103 105
104 105
1 106
2 106
3 106
4 106
5 106
6 106
7 106
8 106
9 106
10 106
11 106
12 106
13 106
14 106
15 106
16 106
17 106
18 106
19 106
20 106
21 106
22 106
23 106
24 106
25 106
26 106
27 106
28 106
29 106
30 106
31 106
32 106
33 106
34 106
35 106
36 106
37 106
38 106
39 106
40 106
41 106
42 106
43 106
44 106
45 106
46 106
49 106
50 106
51 106
52 106
53 106
54 106
55 106
56 106
57 106
58 106
59 106
60 106
61 106
62 106
63 106
64 106
65 106
66 106
67 106
68 106
69 106
70 106
71 106
72 106
73 106
74 106
75 106
76 106
77 106
78 106
79 106
80 106
81 106
82 106
83 106
84 106
85 106
86 106
87 106
88 106
89 106
90 106
91 106
92 106
93 106
94 106
95 106
96 106
97 106
98 106
99 106
100 106
101 106
102 106
103 106
104 106
105 106
1 107
2 107
3 107
4 107
5 107
6 107
7 107
8 107
9 107
10 107
11 107
12 107
13 107
14 107
15 107
16 107
17 107
18 107
19 107
20 107
21 107
22 107
23 107
24 107
25 107
26 107
27 107
28 107
29 107
30 107
31 107
32 107
33 107
34 107
35 107
36 107
37 107
38 107
39 107
40 107
41 107
42 107
43 107
44 107
45 107
46 107
49 107
50 107
51 107
52 107
53 107
54 107
55 107
56 107
57 107
58 107
59 107
60 107
61 107
62 107
63 107
64 107
65 107
66 107
67 107
68 107
69 107
70 107
71 107
72 107
73 107
74 107
75 107
76 107
77 107
78 107
79 107
80 107
81 107
82 107
83 107
84 107
85 107
86 107
87 107
88 107
89 107
90 107
91 107
92 107
93 107
94 107
95 107
96 107
97 107
98 107
99 107
100 107
101 107
102 107
103 107
104 107
105 107
106 107
1 108
2 108
3 108
4 108
5 108
6 108
7 108
8 108
9 108
10 108
11 108
12 108
13 108
14 108
15 108
16 108
17 108
18 108
19 108
20 108
21 108
22 108
23 108
24 108
25 108
26 108
27 108
28 108
29 108
30 108
31 108
32 108
33 108
34 108
35 108
36 108
37 108
38 108
39 108
40 108
41 108
42 108
43 108
44 108
45 108
46 108
49 108
50 108
51 108
52 108
53 108
54 108
55 108
56 108
57 108
58 108
59 108
60 108
61 108
62 108
63 108
64 108
65 108
66 108
67 108
68 108
69 108
70 108
71 108
72 108
73 108
74 108
75 108
76 108
77 108
78 108
79 108
80 108
81 108
82 108
83 108
84 108
85 108
86 108
87 108
88 108
89 108
90 108
91 108
92 108
93 108
94 108
95 108
96 108
97 108
98 108
99 108
100 108
101 108
102 108
103 108
104 108
105 108
106 108
107 108
1 109
2 109
3 109
4 109
5 109
6 109
7 109
8 109
9 109
10 109
11 109
12 109
13 109
14 109
15 109
16 109
17 109
18 109
19 109
20 109
21 109
22 109
23 109
24 109
25 109
26 109
27 109
28 109
29 109
30 109
31 109
32 109
33 109
34 109
35 109
36 109
37 109
38 109
39 109
40 109
41 109
42 109
43 109
44 109
45 109
46 109
49 109
50 109
51 109
52 109
53 109
54 109
55 109
56 109
57 109
58 109
59 109
60 109
61 109
62 109
63 109
64 109
65 109
66 109
67 109
68 109
69 109
70 109
71 109
72 109
73 109
74 109
75 109
76 109
77 109
78 109
79 109
80 109
81 109
82 109
83 109
84 109
85 109
86 109
87 109
88 109
89 109
90 109
91 109
92 109
93 109
94 109
95 109
96 109
97 109
98 109
99 109
100 109
101 109
102 109
103 109
104 109
105 109
106 109
107 109
108 109
1 110
2 110
3 110
4 110
5 110
6 110
7 110
8 110
9 110
10 110
11 110
12 110
13 110
14 110
15 110
16 110
17 110
18 110
19 110
20 110
21 110
22 110
23 110
24 110
25 110
26 110
27 110
28 110
29 110
30 110
31 110
32 110
33 110
34 110
35 110
36 110
37 110
38 110
39 110
40 110
41 110
42 110
43 110
44 110
45 110
46 110
49 110
50 110
51 110
52 110
53 110
54 110
55 110
56 110
57 110
58 110
59 110
60 110
61 110
62 110
63 110
64 110
65 110
66 110
67 110
68 110
69 110
70 110
71 110
72 110
73 110
74 110
75 110
76 110
77 110
78 110
79 110
80 110
81 110
82 110
83 110
84 110
85 110
86 110
87 110
88 110
89 110
90 110
91 110
92 110
93 110
94 110
95 110
96 110
97 110
98 110
99 110
100 110
101 110
102 110
103 110
104 110
105 110
106 110
107 110
108 110
109 110
1 111
2 111
3 111
4 111
5 111
6 111
7 111
8 111
9 111
10 111
11 111
12 111
13 111
14 111
15 111
16 111
17 111
18 111
19 111
20 111
21 111
22 111
23 111
24 111
25 111
26 111
27 111
28 111
29 111
30 111
31 111
32 111
33 111
34 111
35 111
36 111
37 111
38 111
39 111
40 111
41 111
42 111
43 111
44 111
45 111
46 111
49 111
50 111
51 111
52 111
53 111
54 111
55 111
56 111
57 111
58 111
59 111
60 111
61 111
62 111
63 111
64 111
65 111
66 111
67 111
68 111
69 111
70 111
71 111
72 111
73 111
74 111
75 111
76 111
77 111
78 111
79 111
80 111
81 111
82 111
83 111
84 111
85 111
86 111
87 111
88 111
89 111
90 111
91 111
92 111
93 111
94 111
95 111
96 111
97 111
98 111
99 111
100 111
101 111
102 111
103 111
104 111
105 111
106 111
107 111
108 111
109 111
110 111
1 112
2 112
3 112
4 112
5 112
6 112
7 112
8 112
9 112
10 112
11 112
12 112
13 112
14 112
15 112
16 112
17 112
18 112
19 112
20 112
21 112
22 112
23 112
24 112
25 112
26 112
27 112
28 112
29 112
30 112
31 112
32 112
33 112
34 112
35 112
36 112
37 112
38 112
39 112
40 112
41 112
42 112
43 112
44 112
45 112
46 112
49 112
50 112
51 112
52 112
53 112
54 112
55 112
56 112
57 112
58 112
59 112
60 112
61 112
62 112
63 112
64 112
65 112
66 112
67 112
68 112
69 112
70 112
71 112
72 112
73 112
74 112
75 112
76 112
77 112
78 112
79 112
80 112
81 112
82 112
83 112
84 112
85 112
86 112
87 112
88 112
89 112
90 112
91 112
92 112
93 112
94 112
95 112
96 112
97 112
98 112
99 112
100 112
101 112
102 112
103 112
104 112
105 112
106 112
107 112
108 112
109 112
110 112
111 112
1 113
2 113
3 113
4 113
5 113
6 113
7 113
8 113
9 113
10 113
11 113
12 113
13 113
14 113
15 113
16 113
17 113
18 113
19 113
20 113
21 113
22 113
23 113
24 113
25 113
26 113
27 113
28 113
29 113
30 113
31 113
32 113
33 113
34 113
35 113
36 113
37 113
38 113
39 113
40 113
41 113
42 113
43 113
44 113
45 113
46 113
49 113
50 113
51 113
52 113
53 113
54 113
55 113
56 113
57 113
58 113
59 113
60 113
61 113
62 113
63 113
64 113
65 113
66 113
67 113
68 113
69 113
70 113
71 113
72 113
73 113
74 113
75 113
76 113
77 113
78 113
79 113
80 113
81 113
82 113
83 113
84 113
85 113
86 113
87 113
88 113
89 113
90 113
91 113
92 113
93 113
94 113
95 113
96 113
97 113
98 113
99 113
100 113
101 113
102 113
103 113
104 113
105 113
106 113
107 113
108 113
109 113
110 113
111 113
112 113
1 114
2 114
3 114
4 114
5 114
6 114
7 114
8 114
9 114
10 114
11 114
12 114
13 114
14 114
15 114
16 114
17 114
18 114
19 114
20 114
21 114
22 114
23 114
24 114
25 114
26 114
27 114
28 114
29 114
30 114
31 114
32 114
33 114
34 114
35 114
36 114
37 114
38 114
39 114
40 114
41 114
42 114
43 114
44 114
45 114
46 114
49 114
50 114
51 114
52 114
53 114
54 114
55 114
56 114
57 114
58 114
59 114
60 114
61 114
62 114
63 114
64 114
65 114
66 114
67 114
68 114
69 114
70 114
71 114
72 114
73 114
74 114
75 114
76 114
77 114
78 114
79 114
80 114
81 114
82 114
83 114
84 114
85 114
86 114
87 114
88 114
89 114
90 114
91 114
92 114
93 114
94 114
95 114
96 114
97 114
98 114
99 114
100 114
101 114
102 114
103 114
104 114
105 114
106 114
107 114
108 114
109 114
110 114
111 114
112 114
113 114
1 115
2 115
3 115
4 115
5 115
6 115
7 115
8 115
9 115
10 115
11 115
12 115
13 115
14 115
15 115
16 115
17 115
18 115
19 115
20 115
21 115
22 115
23 115
24 115
25 115
26 115
27 115
28 115
29 115
30 115
31 115
32 115
33 115
34 115
35 115
36 115
37 115
38 115
39 115
40 115
41 115
42 115
43 115
44 115
45 115
46 115
49 115
50 115
51 115
52 115
53 115
54 115
55 115
56 115
57 115
58 115
59 115
60 115
61 115
62 115
63 115
64 115
65 115
66 115
67 115
68 115
69 115
70 115
71 115
72 115
73 115
74 115
75 115
76 115
77 115
78 115
79 115
80 115
81 115
82 115
83 115
84 115
85 115
86 115
87 115
88 115
89 115
90 115
91 115
92 115
93 115
94 115
95 115
96 115
97 115
98 115
99 115
100 115
101 115
102 115
103 115
104 115
105 115
106 115
107 115
108 115
109 115
110 115
111 115
112 115
113 115
114 115
1 116
2 116
3 116
4 116
5 116
6 116
7 116
8 116
9 116
10 116
11 116
12 116
13 116
14 116
15 116
16 116
17 116
18 116
19 116
20 116
21 116
22 116
23 116
24 116
25 116
26 116
27 116
28 116
29 116
30 116
31 116
32 116
33 116
34 116
35 116
36 116
37 116
38 116
39 116
40 116
41 116
42 116
43 116
44 116
45 116
46 116
49 116
50 116
51 116
52 116
53 116
54 116
55 116
56 116
57 116
58 116
59 116
60 116
61 116
62 116
63 116
64 116
65 116
66 116
67 116
68 116
69 116
70 116
71 116
72 116
73 116
74 116
75 116
76 116
77 116
78 116
79 116
80 116
81 116
82 116
83 116
84 116
85 116
86 116
87 116
88 116
89 116
90 116
91 116
92 116
93 116
94 116
95 116
96 116
97 116
98 116
99 116
100 116
101 116
102 116
103 116
104 116
105 116
106 116
107 116
108 116
109 116
110 116
111 116
112 116
113 116
114 116
115 116
1 117
2 117
3 117
4 117
5 117
6 117
7 117
8 117
9 117
10 117
11 117
12 117
13 117
14 117
15 117
16 117
17 117
18 117
19 117
20 117
21 117
22 117
23 117
24 117
25 117
26 117
27 117
28 117
29 117
30 117
31 117
32 117
33 117
34 117
35 117
36 117
37 117
38 117
39 117
40 117
41 117
42 117
43 117
44 117
45 117
46 117
49 117
50 117
51 117
52 117
53 117
54 117
55 117
56 117
57 117
58 117
59 117
60 117
61 117
62 117
63 117
64 117
65 117
66 117
67 117
68 117
69 117
70 117
71 117
72 117
73 117
74 117
75 117
76 117
77 117
78 117
79 117
80 117
81 117
82 117
83 117
84 117
85 117
86 117
87 117
88 117
89 117
90 117
91 117
92 117
93 117
94 117
95 117
96 117
97 117
98 117
99 117
100 117
101 117
102 117
103 117
104 117
105 117
106 117
107 117
108 117
109 117
110 117
111 117
112 117
113 117
114 117
115 117
116 117
1 118
2 118
3 118
4 118
5 118
6 118
7 118
8 118
9 118
10 118
11 118
12 118
13 118
14 118
15 118
16 118
17 118
18 118
19 118
20 118
21 118
22 118
23 118
24 118
25 118
26 118
27 118
28 118
29 118
30 118
31 118
32 118
33 118
34 118
35 118
36 118
37 118
38 118
39 118
40 118
41 118
42 118
43 118
44 118
45 118
46 118
49 118
50 118
51 118
52 118
53 118
54 118
55 118
56 118
57 118
58 118
59 118
60 118
61 118
62 118
63 118
64 118
65 118
66 118
67 118
68 118
69 118
70 118
71 118
72 118
73 118
74 118
75 118
76 118
77 118
78 118
79 118
80 118
81 118
82 118
83 118
84 118
85 118
86 118
87 118
88 118
89 118
90 118
91 118
92 118
93 118
94 118
95 118
96 118
97 118
98 118
99 118
100 118
101 118
102 118
103 118
104 118
105 118
106 118
107 118
108 118
109 118
110 118
111 118
112 118
113 118
114 118
115 118
116 118
117 118
1 119
2 119
3 119
4 119
5 119
6 119
7 119
8 119
9 119
10 119
11 119
12 119
13 119
14 119
15 119
16 119
17 119
18 119
19 119
20 119
21 119
22 119
23 119
24 119
25 119
26 119
27 119
28 119
29 119
30 119
31 119
32 119
33 119
34 119
35 119
36 119
37 119
38 119
39 119
40 119
41 119
42 119
43 119
44 119
45 119
46 119
49 119
50 119
51 119
52 119
53 119
54 119
55 119
56 119
57 119
58 119
59 119
60 119
61 119
62 119
63 119
64 119
65 119
66 119
67 119
68 119
69 119
70 119
71 119
72 119
73 119
74 119
75 119
76 119
77 119
78 119
79 119
80 119
81 119
82 119
83 119
84 119
85 119
86 119
87 119
88 119
89 119
90 119
91 119
92 119
93 119
94 119
95 119
96 119
97 119
98 119
99 119
100 119
101 119
102 119
103 119
104 119
105 119
106 119
107 119
108 119
109 119
110 119
111 119
112 119
113 119
114 119
115 119
116 119
117 119
118 119
1 120
2 120
3 120
4 120
5 120
6 120
7 120
8 120
9 120
10 120
11 120
12 120
13 120
14 120
15 120
16 120
17 120
18 120
19 120
20 120
21 120
22 120
23 120
24 120
25 120
26 120
27 120
28 120
29 120
30 120
31 120
32 120
33 120
34 120
35 120
36 120
37 120
38 120
39 120
40 120
41 120
42 120
43 120
44 120
45 120
46 120
49 120
50 120
51 120
52 120
53 120
54 120
55 120
56 120
57 120
58 120
59 120
60 120
61 120
62 120
63 120
64 120
65 120
66 120
67 120
68 120
69 120
70 120
71 120
72 120
73 120
74 120
75 120
76 120
77 120
78 120
79 120
80 120
81 120
82 120
83 120
84 120
85 120
86 120
87 120
88 120
89 120
90 120
91 120
92 120
93 120
94 120
95 120
96 120
97 120
98 120
99 120
100 120
101 120
102 120
103 120
104 120
105 120
106 120
107 120
108 120
109 120
110 120
111 120
112 120
113 120
114 120
115 120
116 120
117 120
118 120
119 120
1 121
2 121
3 121
4 121
5 121
6 121
7 121
8 121
9 121
10 121
11 121
12 121
13 121
14 121
15 121
16 121
17 121
18 121
19 121
20 121
21 121
22 121
23 121
24 121
25 121
26 121
27 121
28 121
29 121
30 121
31 121
32 121
33 121
34 121
35 121
36 121
37 121
38 121
39 121
40 121
41 121
42 121
43 121
44 121
45 121
46 121
49 121
50 121
51 121
52 121
53 121
54 121
55 121
56 121
57 121
58 121
59 121
60 121
61 121
62 121
63 121
64 121
65 121
66 121
67 121
68 121
69 121
70 121
71 121
72 121
73 121
74 121
75 121
76 121
77 121
78 121
79 121
80 121
81 121
82 121
83 121
84 121
85 121
86 121
87 121
88 121
89 121
90 121
91 121
92 121
93 121
94 121
95 121
96 121
97 121
98 121
99 121
100 121
101 121
102 121
103 121
104 121
105 121
106 121
107 121
108 121
109 121
110 121
111 121
112 121
113 121
114 121
115 121
116 121
117 121
118 121
119 121
120 121
1 122
2 122
3 122
4 122
5 122
6 122
7 122
8 122
9 122
10 122
11 122
12 122
13 122
14 122
15 122
16 122
17 122
18 122
19 122
20 122
21 122
22 122
23 122
24 122
25 122
26 122
27 122
28 122
29 122
30 122
31 122
32 122
33 122
34 122
35 122
36 122
37 122
38 122
39 122
40 122
41 122
42 122
43 122
44 122
45 122
46 122
49 122
50 122
51 122
52 122
53 122
54 122
55 122
56 122
57 122
58 122
59 122
60 122
61 122
62 122
63 122
64 122
65 122
66 122
67 122
68 122
69 122
70 122
71 122
72 122
73 122
74 122
75 122
76 122
77 122
78 122
79 122
80 122
81 122
82 122
83 122
84 122
85 122
86 122
87 122
88 122
89 122
90 122
91 122
92 122
93 122
94 122
95 122
96 122
97 122
98 122
99 122
100 122
101 122
102 122
103 122
104 122
105 122
106 122
107 122
108 122
109 122
110 122
111 122
112 122
113 122
114 122
115 122
116 122
117 122
118 122
119 122
120 122
121 122
1 123
2 123
3 123
4 123
5 123
6 123
7 123
8 123
9 123
10 123
11 123
12 123
13 123
14 123
15 123
16 123
17 123
18 123
19 123
20 123
21 123
22 123
23 123
24 123
25 123
26 123
27 123
28 123
29 123
30 123
31 123
32 123
33 123
34 123
35 123
36 123
37 123
38 123
39 123
40 123
41 123
42 123
43 123
44 123
45 123
46 123
49 123
50 123
51 123
52 123
53 123
54 123
55 123
56 123
57 123
58 123
59 123
60 123
61 123
62 123
63 123
64 123
65 123
66 123
67 123
68 123
69 123
70 123
71 123
72 123
73 123
74 123
75 123
76 123
77 123
78 123
79 123
80 123
81 123
82 123
83 123
84 123
85 123
86 123
87 123
88 123
89 123
90 123
91 123
92 123
93 123
94 123
95 123
96 123
97 123
98 123
99 123
100 123
101 123
102 123
103 123
104 123
105 123
106 123
107 123
108 123
109 123
110 123
111 123
112 123
113 123
114 123
115 123
116 123
117 123
118 123
119 123
120 123
121 123
122 123
1 124
2 124
3 124
4 124
5 124
6 124
7 124
8 124
9 124
10 124
11 124
12 124
13 124
14 124
15 124
16 124
17 124
18 124
19 124
20 124
21 124
22 124
23 124
24 124
25 124
26 124
27 124
28 124
29 124
30 124
31 124
32 124
33 124
34 124
35 124
36 124
37 124
38 124
39 124
40 124
41 124
42 124
43 124
44 124
45 124
46 124
49 124
50 124
51 124
52 124
53 124
54 124
55 124
56 124
57 124
58 124
59 124
60 124
61 124
62 124
63 124
64 124
65 124
66 124
67 124
68 124
69 124
70 124
71 124
72 124
73 124
74 124
75 124
76 124
77 124
78 124
79 124
80 124
81 124
82 124
83 124
84 124
85 124
86 124
87 124
88 124
89 124
90 124
91 124
92 124
93 124
94 124
95 124
96 124
97 124
98 124
99 124
100 124
101 124
102 124
103 124
104 124
105 124
106 124
107 124
108 124
109 124
110 124
111 124
112 124
113 124
114 124
115 124
116 124
117 124
118 124
119 124
120 124
121 124
122 124
123 124
1 125
2 125
3 125
4 125
5 125
6 125
7 125
8 125
9 125
10 125
11 125
12 125
13 125
14 125
15 125
16 125
17 125
18 125
19 125
20 125
21 125
22 125
23 125
24 125
25 125
26 125
27 125
28 125
29 125
30 125
31 125
32 125
33 125
34 125
35 125
36 125
37 125
38 125
39 125
40 125
41 125
42 125
43 125
44 125
45 125
46 125
49 125
50 125
51 125
52 125
53 125
54 125
55 125
56 125
57 125
58 125
59 125
60 125
61 125
62 125
63 125
64 125
65 125
66 125
67 125
68 125
69 125
70 125
71 125
72 125
73 125
74 125
75 125
76 125
77 125
78 125
79 125
80 125
81 125
82 125
83 125
84 125
85 125
86 125
87 125
88 125
89 125
90 125
91 125
92 125
93 125
94 125
95 125
96 125
97 125
98 125
99 125
100 125
101 125
102 125
103 125
104 125
105 125
106 125
107 125
108 125
109 125
110 125
111 125
112 125
113 125
114 125
115 125
116 125
117 125
118 125
119 125
120 125
121 125
122 125
123 125
124 125
1 126
2 126
3 126
4 126
5 126
6 126
7 126
8 126
9 126
10 126
11 126
12 126
13 126
14 126
15 126
16 126
17 126
18 126
19 126
20 126
21 126
22 126
23 126
24 126
25 126
26 126
27 126
28 126
29 126
30 126
31 126
32 126
33 126
34 126
35 126
36 126
37 126
38 126
39 126
40 126
41 126
42 126
43 126
44 126
45 126
46 126
49 126
50 126
51 126
52 126
53 126
54 126
55 126
56 126
57 126
58 126
59 126
60 126
61 126
62 126
63 126
64 126
65 126
66 126
67 126
68 126
69 126
70 126
71 126
72 126
73 126
74 126
75 126
76 126
77 126
78 126
79 126
80 126
81 126
82 126
83 126
84 126
85 126
86 126
87 126
88 126
89 126
90 126
91 126
92 126
93 126
94 126
95 126
96 126
97 126
98 126
99 126
100 126
101 126
102 126
103 126
104 126
105 126
106 126
107 126
108 126
109 126
110 126
111 126
112 126
113 126
114 126
115 126
116 126
117 126
118 126
119 126
120 126
121 126
122 126
123 126
124 126
125 126
1 127
2 127
3 127
4 127
5 127
6 127
7 127
8 127
9 127
10 127
11 127
12 127
13 127
14 127
15 127
16 127
17 127
18 127
19 127
20 127
21 127
22 127
23 127
24 127
25 127
26 127
27 127
28 127
29 127
30 127
31 127
32 127
33 127
34 127
35 127
36 127
37 127
38 127
39 127
40 127
41 127
42 127
43 127
44 127
45 127
46 127
49 127
50 127
51 127
52 127
53 127
54 127
55 127
56 127
57 127
58 127
59 127
60 127
61 127
62 127
63 127
64 127
65 127
66 127
67 127
68 127
69 127
70 127
71 127
72 127
73 127
74 127
75 127
76 127
77 127
78 127
79 127
80 127
81 127
82 127
83 127
84 127
85 127
86 127
87 127
88 127
89 127
90 127
91 127
92 127
93 127
94 127
95 127
96 127
97 127
98 127
99 127
100 127
101 127
102 127
103 127
104 127
105 127
106 127
107 127
108 127
109 127
110 127
111 127
112 127
113 127
114 127
115 127
116 127
117 127
118 127
119 127
120 127
121 127
122 127
123 127
124 127
125 127
126 127
1 128
2 128
3 128
4 128
5 128
6 128
7 128
8 128
9 128
10 128
11 128
12 128
13 128
14 128
15 128
16 128
17 128
18 128
19 128
20 128
21 128
22 128
23 128
24 128
25 128
26 128
27 128
28 128
29 128
30 128
31 128
32 128
33 128
34 128
35 128
36 128
37 128
38 128
39 128
40 128
41 128
42 128
43 128
44 128
45 128
46 128
49 128
50 128
51 128
52 128
53 128
54 128
55 128
56 128
57 128
58 128
59 128
60 128
61 128
62 128
63 128
64 128
65 128
66 128
67 128
68 128
69 128
70 128
71 128
72 128
73 128
74 128
75 128
76 128
77 128
78 128
79 128
80 128
81 128
82 128
83 128
84 128
85 128
86 128
87 128
88 128
89 128
90 128
91 128
92 128
93 128
94 128
95 128
96 128
97 128
98 128
99 128
100 128
101 128
102 128
103 128
104 128
105 128
106 128
107 128
108 128
109 128
110 128
111 128
112 128
113 128
114 128
115 128
116 128
117 128
118 128
119 128
120 128
121 128
122 128
123 128
124 128
125 128
126 128
127 128
1 129
2 129
3 129
4 129
5 129
6 129
7 129
8 129
9 129
10 129
11 129
12 129
13 129
14 129
15 129
16 129
17 129
18 129
19 129
20 129
21 129
22 129
23 129
24 129
25 129
26 129
27 129
28 129
29 129
30 129
31 129
32 129
33 129
34 129
35 129
36 129
37 129
38 129
39 129
40 129
41 129
42 129
43 129
44 129
45 129
46 129
49 129
50 129
51 129
52 129
53 129
54 129
55 129
56 129
57 129
58 129
59 129
60 129
61 129
62 129
63 129
64 129
65 129
66 129
67 129
68 129
69 129
70 129
71 129
72 129
73 129
74 129
75 129
76 129
77 129
78 129
79 129
80 129
81 129
82 129
83 129
84 129
85 129
86 129
87 129
88 129
89 129
90 129
91 129
92 129
93 129
94 129
95 129
96 129
97 129
98 129
99 129
100 129
101 129
102 129
103 129
104 129
105 129
106 129
107 129
108 129
109 129
110 129
111 129
112 129
113 129
114 129
115 129
116 129
117 129
118 129
119 129
120 129
121 129
122 129
123 129
124 129
125 129
126 129
127 129
128 129
1 130
2 130
3 130
4 130
5 130
6 130
7 130
8 130
9 130
10 130
11 130
12 130
13 130
14 130
15 130
16 130
17 130
18 130
19 130
20 130
21 130
22 130
23 130
24 130
25 130
26 130
27 130
28 130
29 130
30 130
31 130
32 130
33 130
34 130
35 130
36 130
37 130
38 130
39 130
40 130
41 130
42 130
43 130
44 130
45 130
46 130
49 130
50 130
51 130
52 130
53 130
54 130
55 130
56 130
57 130
58 130
59 130
60 130
61 130
62 130
63 130
64 130
65 130
66 130
67 130
68 130
69 130
70 130
71 130
72 130
73 130
74 130
75 130
76 130
77 130
78 130
79 130
80 130
81 130
82 130
83 130
84 130
85 130
86 130
87 130
88 130
89 130
90 130
91 130
92 130
93 130
94 130
95 130
96 130
97 130
98 130
99 130
100 130
101 130
102 130
103 130
104 130
105 130
106 130
107 130
108 130
109 130
110 130
111 130
112 130
113 130
114 130
115 130
116 130
117 130
118 130
119 130
120 130
121 130
122 130
123 130
124 130
125 130
126 130
127 130
128 130
129 130
1 131
2 131
3 131
4 131
5 131
6 131
7 131
8 131
9 131
10 131
11 131
12 131
13 131
14 131
15 131
16 131
17 131
18 131
19 131
20 131
21 131
22 131
23 131
24 131
25 131
26 131
27 131
28 131
29 131
30 131
31 131
32 131
33 131
34 131
35 131
36 131
37 131
38 131
39 131
40 131
41 131
42 131
43 131
44 131
45 131
46 131
49 131
50 131
51 131
52 131
53 131
54 131
55 131
56 131
57 131
58 131
59 131
60 131
61 131
62 131
63 131
64 131
65 131
66 131
67 131
68 131
69 131
70 131
71 131
72 131
73 131
74 131
75 131
76 131
77 131
78 131
79 131
80 131
81 131
82 131
83 131
84 131
85 131
86 131
87 131
88 131
89 131
90 131
91 131
92 131
93 131
94 131
95 131
96 131
97 131
98 131
99 131
100 131
101 131
102 131
103 131
104 131
105 131
106 131
107 131
108 131
109 131
110 131
111 131
112 131
113 131
114 131
115 131
116 131
117 131
118 131
119 131
120 131
121 131
122 131
123 131
124 131
125 131
126 131
127 131
128 131
129 131
130 131
1 132
2 132
3 132
4 132
5 132
6 132
7 132
8 132
9 132
10 132
11 132
12 132
13 132
14 132
15 132
16 132
17 132
18 132
19 132
20 132
21 132
22 132
23 132
24 132
25 132
26 132
27 132
28 132
29 132
30 132
31 132
32 132
33 132
34 132
35 132
36 132
37 132
38 132
39 132
40 132
41 132
42 132
43 132
44 132
45 132
46 132
49 132
50 132
51 132
52 132
53 132
54 132
55 132
56 132
57 132
58 132
59 132
60 132
61 132
62 132
63 132
64 132
65 132
66 132
67 132
68 132
69 132
70 132
71 132
72 132
73 132
74 132
75 132
76 132
77 132
78 132
79 132
80 132
81 132
82 132
83 132
84 132
85 132
86 132
87 132
88 132
89 132
90 132
91 132
92 132
93 132
94 132
95 132
96 132
97 132
98 132
99 132
100 132
101 132
102 132
103 132
104 132
105 132
106 132
107 132
108 132
109 132
110 132
111 132
112 132
113 132
114 132
115 132
116 132
117 132
118 132
119 132
120 132
121 132
122 132
123 132
124 132
125 132
126 132
127 132
128 132
129 132
130 132
131 132
1 133
2 133
3 133
4 133
5 133
6 133
7 133
8 133
9 133
10 133
11 133
12 133
13 133
14 133
15 133
16 133
17 133
18 133
19 133
20 133
21 133
22 133
23 133
24 133
25 133
26 133
27 133
28 133
29 133
30 133
31 133
32 133
33 133
34 133
35 133
36 133
37 133
38 133
39 133
40 133
41 133
42 133
43 133
44 133
45 133
46 133
49 133
50 133
51 133
52 133
53 133
54 133
55 133
56 133
57 133
58 133
59 133
60 133
61 133
62 133
63 133
64 133
65 133
66 133
67 133
68 133
69 133
70 133
71 133
72 133
73 133
74 133
75 133
76 133
77 133
78 133
79 133
80 133
81 133
82 133
83 133
84 133
85 133
86 133
87 133
88 133
89 133
90 133
91 133
92 133
93 133
94 133
95 133
96 133
97 133
98 133
99 133
100 133
101 133
102 133
103 133
104 133
105 133
106 133
107 133
108 133
109 133
110 133
111 133
112 133
113 133
114 133
115 133
116 133
117 133
118 133
119 133
120 133
121 133
122 133
123 133
124 133
125 133
126 133
127 133
128 133
129 133
130 133
131 133
132 133
1 134
2 134
3 134
4 134
5 134
6 134
7 134
8 134
9 134
10 134
11 134
12 134
13 134
14 134
15 134
16 134
17 134
18 134
19 134
20 134
21 134
22 134
23 134
24 134
25 134
26 134
27 134
28 134
29 134
30 134
31 134
32 134
33 134
34 134
35 134
36 134
37 134
38 134
39 134
40 134
41 134
42 134
43 134
44 134
45 134
46 134
49 134
50 134
51 134
52 134
53 134
54 134
55 134
56 134
57 134
58 134
59 134
60 134
61 134
62 134
63 134
64 134
65 134
66 134
67 134
68 134
69 134
70 134
71 134
72 134
73 134
74 134
75 134
76 134
77 134
78 134
79 134
80 134
81 134
82 134
83 134
84 134
85 134
86 134
87 134
88 134
89 134
90 134
91 134
92 134
93 134
94 134
95 134
96 134
97 134
98 134
99 134
100 134
101 134
102 134
103 134
104 134
105 134
106 134
107 134
108 134
109 134
110 134
111 134
112 134
113 134
114 134
115 134
116 134
117 134
118 134
119 134
120 134
121 134
122 134
123 134
124 134
125 134
126 134
127 134
128 134
129 134
130 134
131 134
132 134
133 134
1 135
2 135
3 135
4 135
5 135
6 135
7 135
8 135
9 135
10 135
11 135
12 135
13 135
14 135
15 135
16 135
17 135
18 135
19 135
20 135
21 135
22 135
23 135
24 135
25 135
26 135
27 135
28 135
29 135
30 135
31 135
32 135
33 135
34 135
35 135
36 135
37 135
38 135
39 135
40 135
41 135
42 135
43 135
44 135
45 135
46 135
49 135
50 135
51 135
52 135
53 135
54 135
55 135
56 135
57 135
58 135
59 135
60 135
61 135
62 135
63 135
64 135
65 135
66 135
67 135
68 135
69 135
70 135
71 135
72 135
73 135
74 135
75 135
76 135
77 135
78 135
79 135
80 135
81 135
82 135
83 135
84 135
85 135
86 135
87 135
88 135
89 135
90 135
91 135
92 135
93 135
94 135
95 135
96 135
97 135
98 135
99 135
100 135
101 135
102 135
103 135
104 135
105 135
106 135
107 135
108 135
109 135
110 135
111 135
112 135
113 135
114 135
115 135
116 135
117 135
118 135
119 135
120 135
121 135
122 135
123 135
124 135
125 135
126 135
127 135
128 135
129 135
130 135
131 135
132 135
133 135
134 135
1 136
2 136
3 136
4 136
5 136
6 136
7 136
8 136
9 136
10 136
11 136
12 136
13 136
14 136
15 136
16 136
17 136
18 136
19 136
20 136
21 136
22 136
23 136
24 136
25 136
26 136
27 136
28 136
29 136
30 136
31 136
32 136
33 136
34 136
35 136
36 136
37 136
38 136
39 136
40 136
41 136
42 136
43 136
44 136
45 136
46 136
49 136
50 136
51 136
52 136
53 136
54 136
55 136
56 136
57 136
58 136
59 136
60 136
61 136
62 136
63 136
64 136
65 136
66 136
67 136
68 136
69 136
70 136
71 136
72 136
73 136
74 136
75 136
76 136
77 136
78 136
79 136
80 136
81 136
82 136
83 136
84 136
85 136
86 136
87 136
88 136
89 136
90 136
91 136
92 136
93 136
94 136
95 136
96 136
97 136
98 136
99 136
100 136
101 136
102 136
103 136
104 136
105 136
106 136
107 136
108 136
109 136
110 136
111 136
112 136
113 136
114 136
115 136
116 136
117 136
118 136
119 136
120 136
121 136
122 136
123 136
124 136
125 136
126 136
127 136
128 136
129 136
130 136
131 136
132 136
133 136
134 136
135 136
1 137
2 137
3 137
4 137
5 137
6 137
7 137
8 137
9 137
10 137
11 137
12 137
13 137
14 137
15 137
16 137
17 137
18 137
19 137
20 137
21 137
22 137
23 137
24 137
25 137
26 137
27 137
28 137
29 137
30 137
31 137
32 137
33 137
34 137
35 137
36 137
37 137
38 137
39 137
40 137
41 137
42 137
43 137
44 137
45 137
46 137
49 137
50 137
51 137
52 137
53 137
54 137
55 137
56 137
57 137
58 137
59 137
60 137
61 137
62 137
63 137
64 137
65 137
66 137
67 137
68 137
69 137
70 137
71 137
72 137
73 137
74 137
75 137
76 137
77 137
78 137
79 137
80 137
81 137
82 137
83 137
84 137
85 137
86 137
87 137
88 137
89 137
90 137
91 137
92 137
93 137
94 137
95 137
96 137
97 137
98 137
99 137
100 137
101 137
102 137
103 137
104 137
105 137
106 137
107 137
108 137
109 137
110 137
111 137
112 137
113 137
114 137
115 137
116 137
117 137
118 137
119 137
120 137
121 137
122 137
123 137
124 137
125 137
126 137
127 137
128 137
129 137
130 137
131 137
132 137
133 137
134 137
135 137
136 137
1 138
2 138
3 138
4 138
5 138
6 138
7 138
8 138
9 138
10 138
11 138
12 138
13 138
14 138
15 138
16 138
17 138
18 138
19 138
20 138
21 138
22 138
23 138
24 138
25 138
26 138
27 138
28 138
29 138
30 138
31 138
32 138
33 138
34 138
35 138
36 138
37 138
38 138
39 138
40 138
41 138
42 138
43 138
44 138
45 138
46 138
49 138
50 138
51 138
52 138
53 138
54 138
55 138
56 138
57 138
58 138
59 138
60 138
61 138
62 138
63 138
64 138
65 138
66 138
67 138
68 138
69 138
70 138
71 138
72 138
73 138
74 138
75 138
76 138
77 138
78 138
79 138
80 138
81 138
82 138
83 138
84 138
85 138
86 138
87 138
88 138
89 138
90 138
91 138
92 138
93 138
94 138
95 138
96 138
97 138
98 138
99 138
100 138
101 138
102 138
103 138
104 138
105 138
106 138
107 138
108 138
109 138
110 138
111 138
112 138
113 138
114 138
115 138
116 138
117 138
118 138
119 138
120 138
121 138
122 138
123 138
124 138
125 138
126 138
127 138
128 138
129 138
130 138
131 138
132 138
133 138
134 138
135 138
136 138
137 138
1 139
2 139
3 139
4 139
5 139
6 139
7 139
8 139
9 139
10 139
11 139
12 139
13 139
14 139
15 139
16 139
17 139
18 139
19 139
20 139
21 139
22 139
23 139
24 139
25 139
26 139
27 139
28 139
29 139
30 139
31 139
32 139
33 139
34 139
35 139
36 139
37 139
38 139
39 139
40 139
41 139
42 139
43 139
44 139
45 139
46 139
49 139
50 139
51 139
52 139
53 139
54 139
55 139
56 139
57 139
58 139
59 139
60 139
61 139
62 139
63 139
64 139
65 139
66 139
67 139
68 139
69 139
70 139
71 139
72 139
73 139
74 139
75 139
76 139
77 139
78 139
79 139
80 139
81 139
82 139
83 139
84 139
85 139
86 139
87 139
88 139
89 139
90 139
91 139
92 139
93 139
94 139
95 139
96 139
97 139
98 139
99 139
100 139
101 139
102 139
103 139
104 139
105 139
106 139
107 139
108 139
109 139
110 139
111 139
112 139
113 139
114 139
115 139
116 139
117 139
118 139
119 139
120 139
121 139
122 139
123 139
124 139
125 139
126 139
127 139
128 139
129 139
130 139
131 139
132 139
133 139
134 139
135 139
136 139
137 139
138 139
1 140
2 140
3 140
4 140
5 140
6 140
7 140
8 140
9 140
10 140
11 140
12 140
13 140
14 140
15 140
16 140
17 140
18 140
19 140
20 140
21 140
22 140
23 140
24 140
25 140
26 140
27 140
28 140
29 140
30 140
31 140
32 140
33 140
34 140
35 140
36 140
37 140
38 140
39 140
40 140
41 140
42 140
43 140
44 140
45 140
46 140
49 140
50 140
51 140
52 140
53 140
54 140
55 140
56 140
57 140
58 140
59 140
60 140
61 140
62 140
63 140
64 140
65 140
66 140
67 140
68 140
69 140
70 140
71 140
72 140
73 140
74 140
75 140
76 140
77 140
78 140
79 140
80 140
81 140
82 140
83 140
84 140
85 140
86 140
87 140
88 140
89 140
90 140
91 140
92 140
93 140
94 140
95 140
96 140
97 140
98 140
99 140
100 140
101 140
102 140
103 140
104 140
105 140
106 140
107 140
108 140
109 140
110 140
111 140
112 140
113 140
114 140
115 140
116 140
117 140
118 140
119 140
120 140
121 140
122 140
123 140
124 140
125 140
126 140
127 140
128 140
129 140
130 140
131 140
132 140
133 140
134 140
135 140
136 140
137 140
138 140
139 140
1 141
2 141
3 141
4 141
5 141
6 141
7 141
8 141
9 141
10 141
11 141
12 141
13 141
14 141
15 141
16 141
17 141
18 141
19 141
20 141
21 141
22 141
23 141
24 141
25 141
26 141
27 141
28 141
29 141
30 141
31 141
32 141
33 141
34 141
35 141
36 141
37 141
38 141
39 141
40 141
41 141
42 141
43 141
44 141
45 141
46 141
49 141
50 141
51 141
52 141
53 141
54 141
55 141
56 141
57 141
58 141
59 141
60 141
61 141
62 141
63 141
64 141
65 141
66 141
67 141
68 141
69 141
70 141
71 141
72 141
73 141
74 141
75 141
76 141
77 141
78 141
79 141
80 141
81 141
82 141
83 141
84 141
85 141
86 141
87 141
88 141
89 141
90 141
91 141
92 141
93 141
94 141
95 141
96 141
97 141
98 141
99 141
100 141
101 141
102 141
103 141
104 141
105 141
106 141
107 141
108 141
109 141
110 141
111 141
112 141
113 141
114 141
115 141
116 141
117 141
118 141
119 141
120 141
121 141
122 141
123 141
124 141
125 141
126 141
127 141
128 141
129 141
130 141
131 141
132 141
133 141
134 141
135 141
136 141
137 141
138 141
139 141
140 141
1 142
2 142
3 142
4 142
5 142
6 142
7 142
8 142
9 142
10 142
11 142
12 142
13 142
14 142
15 142
16 142
17 142
18 142
19 142
20 142
21 142
22 142
23 142
24 142
25 142
26 142
27 142
28 142
29 142
30 142
31 142
32 142
33 142
34 142
35 142
36 142
37 142
38 142
39 142
40 142
41 142
42 142
43 142
44 142
45 142
46 142
49 142
50 142
51 142
52 142
53 142
54 142
55 142
56 142
57 142
58 142
59 142
60 142
61 142
62 142
63 142
64 142
65 142
66 142
67 142
68 142
69 142
70 142
71 142
72 142
73 142
74 142
75 142
76 142
77 142
78 142
79 142
80 142
81 142
82 142
83 142
84 142
85 142
86 142
87 142
88 142
89 142
90 142
91 142
92 142
93 142
94 142
95 142
96 142
97 142
98 142
99 142
100 142
101 142
102 142
103 142
104 142
105 142
106 142
107 142
108 142
109 142
110 142
111 142
112 142
113 142
114 142
115 142
116 142
117 142
118 142
119 142
120 142
121 142
122 142
123 142
124 142
125 142
126 142
127 142
128 142
129 142
130 142
131 142
132 142
133 142
134 142
135 142
136 142
137 142
138 142
139 142
140 142
141 142
1 143
2 143
3 143
4 143
5 143
6 143
7 143
8 143
9 143
10 143
11 143
12 143
13 143
14 143
15 143
16 143
17 143
18 143
19 143
20 143
21 143
22 143
23 143
24 143
25 143
26 143
27 143
28 143
29 143
30 143
31 143
32 143
33 143
34 143
35 143
36 143
37 143
38 143
39 143
40 143
41 143
42 143
43 143
44 143
45 143
46 143
49 143
50 143
51 143
52 143
53 143
54 143
55 143
56 143
57 143
58 143
59 143
60 143
61 143
62 143
63 143
64 143
65 143
66 143
67 143
68 143
69 143
70 143
71 143
72 143
73 143
74 143
75 143
76 143
77 143
78 143
79 143
80 143
81 143
82 143
83 143
84 143
85 143
86 143
87 143
88 143
89 143
90 143
91 143
92 143
93 143
94 143
95 143
96 143
97 143
98 143
99 143
100 143
101 143
102 143
103 143
104 143
105 143
106 143
107 143
108 143
109 143
110 143
111 143
112 143
113 143
114 143
115 143
116 143
117 143
118 143
119 143
120 143
121 143
122 143
123 143
124 143
125 143
126 143
127 143
128 143
129 143
130 143
131 143
132 143
133 143
134 143
135 143
136 143
137 143
138 143
139 143
140 143
141 143
142 143
1 144
2 144
3 144
4 144
5 144
6 144
7 144
8 144
9 144
10 144
11 144
12 144
13 144
14 144
15 144
16 144
17 144
18 144
19 144
20 144
21 144
22 144
23 144
24 144
25 144
26 144
27 144
28 144
29 144
30 144
31 144
32 144
33 144
34 144
35 144
36 144
37 144
38 144
39 144
40 144
41 144
42 144
43 144
44 144
45 144
46 144
49 144
50 144
51 144
52 144
53 144
54 144
55 144
56 144
57 144
58 144
59 144
60 144
61 144
62 144
63 144
64 144
65 144
66 144
67 144
68 144
69 144
70 144
71 144
72 144
73 144
74 144
75 144
76 144
77 144
78 144
79 144
80 144
81 144
82 144
83 144
84 144
85 144
86 144
87 144
88 144
89 144
90 144
91 144
92 144
93 144
94 144
95 144
96 144
97 144
98 144
99 144
100 144
101 144
102 144
103 144
104 144
105 144
106 144
107 144
108 144
109 144
110 144
111 144
112 144
113 144
114 144
115 144
116 144
117 144
118 144
119 144
120 144
121 144
122 144
123 144
124 144
125 144
126 144
127 144
128 144
129 144
130 144
131 144
132 144
133 144
134 144
135 144
136 144
137 144
138 144
139 144
140 144
141 144
142 144
143 144
1 145
2 145
3 145
4 145
5 145
6 145
7 145
8 145
9 145
10 145
11 145
12 145
13 145
14 145
15 145
16 145
17 145
18 145
19 145
20 145
21 145
22 145
23 145
24 145
25 145
26 145
27 145
28 145
29 145
30 145
31 145
32 145
33 145
34 145
35 145
36 145
37 145
38 145
39 145
40 145
41 145
42 145
43 145
44 145
45 145
46 145
49 145
50 145
51 145
52 145
53 145
54 145
55 145
56 145
57 145
58 145
59 145
60 145
61 145
62 145
63 145
64 145
65 145
66 145
67 145
68 145
69 145
70 145
71 145
72 145
73 145
74 145
75 145
76 145
77 145
78 145
79 145
80 145
81 145
82 145
83 145
84 145
85 145
86 145
87 145
88 145
89 145
90 145
91 145
92 145
93 145
94 145
95 145
96 145
97 145
98 145
99 145
100 145
101 145
102 145
103 145
104 145
105 145
106 145
107 145
108 145
109 145
110 145
111 145
112 145
113 145
114 145
115 145
116 145
117 145
118 145
119 145
120 145
121 145
122 145
123 145
124 145
125 145
126 145
127 145
128 145
129 145
130 145
131 145
132 145
133 145
134 145
135 145
136 145
137 145
138 145
139 145
140 145
141 145
142 145
143 145
144 145
1 146
2 146
3 146
4 146
5 146
6 146
7 146
8 146
9 146
10 146
11 146
12 146
13 146
14 146
15 146
16 146
17 146
18 146
19 146
20 146
21 146
22 146
23 146
24 146
25 146
26 146
27 146
28 146
29 146
30 146
31 146
32 146
33 146
34 146
35 146
36 146
37 146
38 146
39 146
40 146
41 146
42 146
43 146
44 146
45 146
46 146
49 146
50 146
51 146
52 146
53 146
54 146
55 146
56 146
57 146
58 146
59 146
60 146
61 146
62 146
63 146
64 146
65 146
66 146
67 146
68 146
69 146
70 146
71 146
72 146
73 146
74 146
75 146
76 146
77 146
78 146
79 146
80 146
81 146
82 146
83 146
84 146
85 146
86 146
87 146
88 146
89 146
90 146
91 146
92 146
93 146
94 146
95 146
96 146
97 146
98 146
99 146
100 146
101 146
102 146
103 146
104 146
105 146
106 146
107 146
108 146
109 146
110 146
111 146
112 146
113 146
114 146
115 146
116 146
117 146
118 146
119 146
120 146
121 146
122 146
123 146
124 146
125 146
126 146
127 146
128 146
129 146
130 146
131 146
132 146
133 146
134 146
135 146
136 146
137 146
138 146
139 146
140 146
141 146
142 146
143 146
144 146
145 146
1 147
2 147
3 147
4 147
5 147
6 147
7 147
8 147
9 147
10 147
11 147
12 147
13 147
14 147
15 147
16 147
17 147
18 147
19 147
20 147
21 147
22 147
23 147
24 147
25 147
26 147
27 147
28 147
29 147
30 147
31 147
32 147
33 147
34 147
35 147
36 147
37 147
38 147
39 147
40 147
41 147
42 147
43 147
44 147
45 147
46 147
49 147
50 147
51 147
52 147
53 147
54 147
55 147
56 147
57 147
58 147
59 147
60 147
61 147
62 147
63 147
64 147
65 147
66 147
67 147
68 147
69 147
70 147
71 147
72 147
73 147
74 147
75 147
76 147
77 147
78 147
79 147
80 147
81 147
82 147
83 147
84 147
85 147
86 147
87 147
88 147
89 147
90 147
91 147
92 147
93 147
94 147
95 147
96 147
97 147
98 147
99 147
100 147
101 147
102 147
103 147
104 147
105 147
106 147
107 147
108 147
109 147
110 147
111 147
112 147
113 147
114 147
115 147
116 147
117 147
118 147
119 147
120 147
121 147
122 147
123 147
124 147
125 147
126 147
127 147
128 147
129 147
130 147
131 147
132 147
133 147
134 147
135 147
136 147
137 147
138 147
139 147
140 147
141 147
142 147
143 147
144 147
145 147
146 147
1 148
2 148
3 148
4 148
5 148
6 148
7 148
8 148
9 148
10 148
11 148
12 148
13 148
14 148
15 148
16 148
17 148
18 148
19 148
20 148
21 148
22 148
23 148
24 148
25 148
26 148
27 148
28 148
29 148
30 148
31 148
32 148
33 148
34 148
35 148
36 148
37 148
38 148
39 148
40 148
41 148
42 148
43 148
44 148
45 148
46 148
49 148
50 148
51 148
52 148
53 148
54 148
55 148
56 148
57 148
58 148
59 148
60 148
61 148
62 148
63 148
64 148
65 148
66 148
67 148
68 148
69 148
70 148
71 148
72 148
73 148
74 148
75 148
76 148
77 148
78 148
79 148
80 148
81 148
82 148
83 148
84 148
85 148
86 148
87 148
88 148
89 148
90 148
91 148
92 148
93 148
94 148
95 148
96 148
97 148
98 148
99 148
100 148
101 148
102 148
103 148
104 148
105 148
106 148
107 148
108 148
109 148
110 148
111 148
112 148
113 148
114 148
115 148
116 148
117 148
118 148
119 148
120 148
121 148
122 148
123 148
124 148
125 148
126 148
127 148
128 148
129 148
130 148
131 148
132 148
133 148
134 148
135 148
136 148
137 148
138 148
139 148
140 148
141 148
142 148
143 148
144 148
145 148
146 148
147 148
1 149
2 149
3 149
4 149
5 149
6 149
7 149
8 149
9 149
10 149
11 149
12 149
13 149
14 149
15 149
16 149
17 149
18 149
19 149
20 149
21 149
22 149
23 149
24 149
25 149
26 149
27 149
28 149
29 149
30 149
31 149
32 149
33 149
34 149
35 149
36 149
37 149
38 149
39 149
40 149
41 149
42 149
43 149
44 149
45 149
46 149
49 149
50 149
51 149
52 149
53 149
54 149
55 149
56 149
57 149
58 149
59 149
60 149
61 149
62 149
63 149
64 149
65 149
66 149
67 149
68 149
69 149
70 149
71 149
72 149
73 149
74 149
75 149
76 149
77 149
78 149
79 149
80 149
81 149
82 149
83 149
84 149
85 149
86 149
87 149
88 149
89 149
90 149
91 149
92 149
93 149
94 149
95 149
96 149
97 149
98 149
99 149
100 149
101 149
102 149
103 149
104 149
105 149
106 149
107 149
108 149
109 149
110 149
111 149
112 149
113 149
114 149
115 149
116 149
117 149
118 149
119 149
120 149
121 149
122 149
123 149
124 149
125 149
126 149
127 149
128 149
129 149
130 149
131 149
132 149
133 149
134 149
135 149
136 149
137 149
138 149
139 149
140 149
141 149
142 149
143 149
144 149
145 149
146 149
147 149
148 149
1 150
2 150
3 150
4 150
5 150
6 150
7 150
8 150
9 150
10 150
11 150
12 150
13 150
14 150
15 150
16 150
17 150
18 150
19 150
20 150
21 150
22 150
23 150
24 150
25 150
26 150
27 150
28 150
29 150
30 150
31 150
32 150
33 150
34 150
35 150
36 150
37 150
38 150
39 150
40 150
41 150
42 150
43 150
44 150
45 150
46 150
49 150
50 150
51 150
52 150
53 150
54 150
55 150
56 150
57 150
58 150
59 150
60 150
61 150
62 150
63 150
64 150
65 150
66 150
67 150
68 150
69 150
70 150
71 150
72 150
73 150
74 150
75 150
76 150
77 150
78 150
79 150
80 150
81 150
82 150
83 150
84 150
85 150
86 150
87 150
88 150
89 150
90 150
91 150
92 150
93 150
94 150
95 150
96 150
97 150
98 150
99 150
100 150
101 150
102 150
103 150
104 150
105 150
106 150
107 150
108 150
109 150
110 150
111 150
112 150
113 150
114 150
115 150
116 150
117 150
118 150
119 150
120 150
121 150
122 150
123 150
124 150
125 150
126 150
127 150
128 150
129 150
130 150
131 150
132 150
133 150
134 150
135 150
136 150
137 150
138 150
139 150
140 150
141 150
142 150
143 150
144 150
145 150
146 150
147 150
148 150
149 150
1 151
2 151
3 151
4 151
5 151
6 151
7 151
8 151
9 151
10 151
11 151
12 151
13 151
14 151
15 151
16 151
17 151
18 151
19 151
20 151
21 151
22 151
23 151
24 151
25 151
26 151
27 151
28 151
29 151
30 151
31 151
32 151
33 151
34 151
35 151
36 151
37 151
38 151
39 151
40 151
41 151
42 151
43 151
44 151
45 151
46 151
49 151
50 151
51 151
52 151
53 151
54 151
55 151
56 151
57 151
58 151
59 151
60 151
61 151
62 151
63 151
64 151
65 151
66 151
67 151
68 151
69 151
70 151
71 151
72 151
73 151
74 151
75 151
76 151
77 151
78 151
79 151
80 151
81 151
82 151
83 151
84 151
85 151
86 151
87 151
88 151
89 151
90 151
91 151
92 151
93 151
94 151
95 151
96 151
97 151
98 151
99 151
100 151
101 151
102 151
103 151
104 151
105 151
106 151
107 151
108 151
109 151
110 151
111 151
112 151
113 151
114 151
115 151
116 151
117 151
118 151
119 151
120 151
121 151
122 151
123 151
124 151
125 151
126 151
127 151
128 151
129 151
130 151
131 151
132 151
133 151
134 151
135 151
136 151
137 151
138 151
139 151
140 151
141 151
142 151
143 151
144 151
145 151
146 151
147 151
148 151
149 151
150 151
1 152
2 152
3 152
4 152
5 152
6 152
7 152
8 152
9 152
10 152
11 152
12 152
13 152
14 152
15 152
16 152
17 152
18 152
19 152
20 152
21 152
22 152
23 152
24 152
25 152
26 152
27 152
28 152
29 152
30 152
31 152
32 152
33 152
34 152
35 152
36 152
37 152
38 152
39 152
40 152
41 152
42 152
43 152
44 152
45 152
46 152
49 152
50 152
51 152
52 152
53 152
54 152
55 152
56 152
57 152
58 152
59 152
60 152
61 152
62 152
63 152
64 152
65 152
66 152
67 152
68 152
69 152
70 152
71 152
72 152
73 152
74 152
75 152
76 152
77 152
78 152
79 152
80 152
81 152
82 152
83 152
84 152
85 152
86 152
87 152
88 152
89 152
90 152
91 152
92 152
93 152
94 152
95 152
96 152
97 152
98 152
99 152
100 152
101 152
102 152
103 152
104 152
105 152
106 152
107 152
108 152
109 152
110 152
111 152
112 152
113 152
114 152
115 152
116 152
117 152
118 152
119 152
120 152
121 152
122 152
123 152
124 152
125 152
126 152
127 152
128 152
129 152
130 152
131 152
132 152
133 152
134 152
135 152
136 152
137 152
138 152
139 152
140 152
141 152
142 152
143 152
144 152
145 152
146 152
147 152
148 152
149 152
150 152
151 152
1 153
2 153
3 153
4 153
5 153
6 153
7 153
8 153
9 153
10 153
11 153
12 153
13 153
14 153
15 153
16 153
17 153
18 153
19 153
20 153
21 153
22 153
23 153
24 153
25 153
26 153
27 153
28 153
29 153
30 153
31 153
32 153
33 153
34 153
35 153
36 153
37 153
38 153
39 153
40 153
41 153
42 153
43 153
44 153
45 153
46 153
49 153
50 153
51 153
52 153
53 153
54 153
55 153
56 153
57 153
58 153
59 153
60 153
61 153
62 153
63 153
64 153
65 153
66 153
67 153
68 153
69 153
70 153
71 153
72 153
73 153
74 153
75 153
76 153
77 153
78 153
79 153
80 153
81 153
82 153
83 153
84 153
85 153
86 153
87 153
88 153
89 153
90 153
91 153
92 153
93 153
94 153
95 153
96 153
97 153
98 153
99 153
100 153
101 153
102 153
103 153
104 153
105 153
106 153
107 153
108 153
109 153
110 153
111 153
112 153
113 153
114 153
115 153
116 153
117 153
118 153
119 153
120 153
121 153
122 153
123 153
124 153
125 153
126 153
127 153
128 153
129 153
130 153
131 153
132 153
133 153
134 153
135 153
136 153
137 153
138 153
139 153
140 153
141 153
142 153
143 153
144 153
145 153
146 153
147 153
148 153
149 153
150 153
151 153
152 153
1 154
2 154
3 154
4 154
5 154
6 154
7 154
8 154
9 154
10 154
11 154
12 154
13 154
14 154
15 154
16 154
17 154
18 154
19 154
20 154
21 154
22 154
23 154
24 154
25 154
26 154
27 154
28 154
29 154
30 154
31 154
32 154
33 154
34 154
35 154
36 154
37 154
38 154
39 154
40 154
41 154
42 154
43 154
44 154
45 154
46 154
49 154
50 154
51 154
52 154
53 154
54 154
55 154
56 154
57 154
58 154
59 154
60 154
61 154
62 154
63 154
64 154
65 154
66 154
67 154
68 154
69 154
70 154
71 154
72 154
73 154
74 154
75 154
76 154
77 154
78 154
79 154
80 154
81 154
82 154
83 154
84 154
85 154
86 154
87 154
88 154
89 154
90 154
91 154
92 154
93 154
94 154
95 154
96 154
97 154
98 154
99 154
100 154
101 154
102 154
103 154
104 154
105 154
106 154
107 154
108 154
109 154
110 154
111 154
112 154
113 154
114 154
115 154
116 154
117 154
118 154
119 154
120 154
121 154
122 154
123 154
124 154
125 154
126 154
127 154
128 154
129 154
130 154
131 154
132 154
133 154
134 154
135 154
136 154
137 154
138 154
139 154
140 154
141 154
142 154
143 154
144 154
145 154
146 154
147 154
148 154
149 154
150 154
151 154
152 154
153 154
1 155
2 155
3 155
4 155
5 155
6 155
7 155
8 155
9 155
10 155
11 155
12 155
13 155
14 155
15 155
16 155
17 155
18 155
19 155
20 155
21 155
22 155
23 155
24 155
25 155
26 155
27 155
28 155
29 155
30 155
31 155
32 155
33 155
34 155
35 155
36 155
37 155
38 155
39 155
40 155
41 155
42 155
43 155
44 155
45 155
46 155
49 155
50 155
51 155
52 155
53 155
54 155
55 155
56 155
57 155
58 155
59 155
60 155
61 155
62 155
63 155
64 155
65 155
66 155
67 155
68 155
69 155
70 155
71 155
72 155
73 155
74 155
75 155
76 155
77 155
78 155
79 155
80 155
81 155
82 155
83 155
84 155
85 155
86 155
87 155
88 155
89 155
90 155
91 155
92 155
93 155
94 155
95 155
96 155
97 155
98 155
99 155
100 155
101 155
102 155
103 155
104 155
105 155
106 155
107 155
108 155
109 155
110 155
111 155
112 155
113 155
114 155
115 155
116 155
117 155
118 155
119 155
120 155
121 155
122 155
123 155
124 155
125 155
126 155
127 155
128 155
129 155
130 155
131 155
132 155
133 155
134 155
135 155
136 155
137 155
138 155
139 155
140 155
141 155
142 155
143 155
144 155
145 155
146 155
147 155
148 155
149 155
150 155
151 155
152 155
153 155
154 155
1 156
2 156
3 156
4 156
5 156
6 156
7 156
8 156
9 156
10 156
11 156
12 156
13 156
14 156
15 156
16 156
17 156
18 156
19 156
20 156
21 156
22 156
23 156
24 156
25 156
26 156
27 156
28 156
29 156
30 156
31 156
32 156
33 156
34 156
35 156
36 156
37 156
38 156
39 156
40 156
41 156
42 156
43 156
44 156
45 156
46 156
49 156
50 156
51 156
52 156
53 156
54 156
55 156
56 156
57 156
58 156
59 156
60 156
61 156
62 156
63 156
64 156
65 156
66 156
67 156
68 156
69 156
70 156
71 156
72 156
73 156
74 156
75 156
76 156
77 156
78 156
79 156
80 156
81 156
82 156
83 156
84 156
85 156
86 156
87 156
88 156
89 156
90 156
91 156
92 156
93 156
94 156
95 156
96 156
97 156
98 156
99 156
100 156
101 156
102 156
103 156
104 156
105 156
106 156
107 156
108 156
109 156
110 156
111 156
112 156
113 156
114 156
115 156
116 156
117 156
118 156
119 156
120 156
121 156
122 156
123 156
124 156
125 156
126 156
127 156
128 156
129 156
130 156
131 156
132 156
133 156
134 156
135 156
136 156
137 156
138 156
139 156
140 156
141 156
142 156
143 156
144 156
145 156
146 156
147 156
148 156
149 156
150 156
151 156
152 156
153 156
154 156
155 156
1 157
2 157
3 157
4 157
5 157
6 157
7 157
8 157
9 157
10 157
11 157
12 157
13 157
14 157
15 157
16 157
17 157
18 157
19 157
20 157
21 157
22 157
23 157
24 157
25 157
26 157
27 157
28 157
29 157
30 157
31 157
32 157
33 157
34 157
35 157
36 157
37 157
38 157
39 157
40 157
41 157
42 157
43 157
44 157
45 157
46 157
49 157
50 157
51 157
52 157
53 157
54 157
55 157
56 157
57 157
58 157
59 157
60 157
61 157
62 157
63 157
64 157
65 157
66 157
67 157
68 157
69 157
70 157
71 157
72 157
73 157
74 157
75 157
76 157
77 157
78 157
79 157
80 157
81 157
82 157
83 157
84 157
85 157
86 157
87 157
88 157
89 157
90 157
91 157
92 157
93 157
94 157
95 157
96 157
97 157
98 157
99 157
100 157
101 157
102 157
103 157
104 157
105 157
106 157
107 157
108 157
109 157
110 157
111 157
112 157
113 157
114 157
115 157
116 157
117 157
118 157
119 157
120 157
121 157
122 157
123 157
124 157
125 157
126 157
127 157
128 157
129 157
130 157
131 157
132 157
133 157
134 157
135 157
136 157
137 157
138 157
139 157
140 157
141 157
142 157
143 157
144 157
145 157
146 157
147 157
148 157
149 157
150 157
151 157
152 157
153 157
154 157
155 157
156 157
1 158
2 158
3 158
4 158
5 158
6 158
7 158
8 158
9 158
10 158
11 158
12 158
13 158
14 158
15 158
16 158
17 158
18 158
19 158
20 158
21 158
22 158
23 158
24 158
25 158
26 158
27 158
28 158
29 158
30 158
31 158
32 158
33 158
34 158
35 158
36 158
37 158
38 158
39 158
40 158
41 158
42 158
43 158
44 158
45 158
46 158
49 158
50 158
51 158
52 158
53 158
54 158
55 158
56 158
57 158
58 158
59 158
60 158
61 158
62 158
63 158
64 158
65 158
66 158
67 158
68 158
69 158
70 158
71 158
72 158
73 158
74 158
75 158
76 158
77 158
78 158
79 158
80 158
81 158
82 158
83 158
84 158
85 158
86 158
87 158
88 158
89 158
90 158
91 158
92 158
93 158
94 158
95 158
96 158
97 158
98 158
99 158
100 158
101 158
102 158
103 158
104 158
105 158
106 158
107 158
108 158
109 158
110 158
111 158
112 158
113 158
114 158
115 158
116 158
117 158
118 158
119 158
120 158
121 158
122 158
123 158
124 158
125 158
126 158
127 158
128 158
129 158
130 158
131 158
132 158
133 158
134 158
135 158
136 158
137 158
138 158
139 158
140 158
141 158
142 158
143 158
144 158
145 158
146 158
147 158
148 158
149 158
150 158
151 158
152 158
153 158
154 158
155 158
156 158
157 158
1 159
2 159
3 159
4 159
5 159
6 159
7 159
8 159
9 159
10 159
11 159
12 159
13 159
14 159
15 159
16 159
17 159
18 159
19 159
20 159
21 159
22 159
23 159
24 159
25 159
26 159
27 159
28 159
29 159
30 159
31 159
32 159
33 159
34 159
35 159
36 159
37 159
38 159
39 159
40 159
41 159
42 159
43 159
44 159
45 159
46 159
49 159
50 159
51 159
52 159
53 159
54 159
55 159
56 159
57 159
58 159
59 159
60 159
61 159
62 159
63 159
64 159
65 159
66 159
67 159
68 159
69 159
70 159
71 159
72 159
73 159
74 159
75 159
76 159
77 159
78 159
79 159
80 159
81 159
82 159
83 159
84 159
85 159
86 159
87 159
88 159
89 159
90 159
91 159
92 159
93 159
94 159
95 159
96 159
97 159
98 159
99 159
100 159
101 159
102 159
103 159
104 159
105 159
106 159
107 159
108 159
109 159
110 159
111 159
112 159
113 159
114 159
115 159
116 159
117 159
118 159
119 159
120 159
121 159
122 159
123 159
124 159
125 159
126 159
127 159
128 159
129 159
130 159
131 159
132 159
133 159
134 159
135 159
136 159
137 159
138 159
139 159
140 159
141 159
142 159
143 159
144 159
145 159
146 159
147 159
148 159
149 159
150 159
151 159
152 159
153 159
154 159
155 159
156 159
157 159
158 159
1 160
2 160
3 160
4 160
5 160
6 160
7 160
8 160
9 160
10 160
11 160
12 160
13 160
14 160
15 160
16 160
17 160
18 160
19 160
20 160
21 160
22 160
23 160
24 160
25 160
26 160
27 160
28 160
29 160
30 160
31 160
32 160
33 160
34 160
35 160
36 160
37 160
38 160
39 160
40 160
41 160
42 160
43 160
44 160
45 160
46 160
49 160
50 160
51 160
52 160
53 160
54 160
55 160
56 160
57 160
58 160
59 160
60 160
61 160
62 160
63 160
64 160
65 160
66 160
67 160
68 160
69 160
70 160
71 160
72 160
73 160
74 160
75 160
76 160
77 160
78 160
79 160
80 160
81 160
82 160
83 160
84 160
85 160
86 160
87 160
88 160
89 160
90 160
91 160
92 160
93 160
94 160
95 160
96 160
97 160
98 160
99 160
100 160
101 160
102 160
103 160
104 160
105 160
106 160
107 160
108 160
109 160
110 160
111 160
112 160
113 160
114 160
115 160
116 160
117 160
118 160
119 160
120 160
121 160
122 160
123 160
124 160
125 160
126 160
127 160
128 160
129 160
130 160
131 160
132 160
133 160
134 160
135 160
136 160
137 160
138 160
139 160
140 160
141 160
142 160
143 160
144 160
145 160
146 160
147 160
148 160
149 160
150 160
151 160
152 160
153 160
154 160
155 160
156 160
157 160
158 160
159 160
1 161
2 161
3 161
4 161
5 161
6 161
7 161
8 161
9 161
10 161
11 161
12 161
13 161
14 161
15 161
16 161
17 161
18 161
19 161
20 161
21 161
22 161
23 161
24 161
25 161
26 161
27 161
28 161
29 161
30 161
31 161
32 161
33 161
34 161
35 161
36 161
37 161
38 161
39 161
40 161
41 161
42 161
43 161
44 161
45 161
46 161
49 161
50 161
51 161
52 161
53 161
54 161
55 161
56 161
57 161
58 161
59 161
60 161
61 161
62 161
63 161
64 161
65 161
66 161
67 161
68 161
69 161
70 161
71 161
72 161
73 161
74 161
75 161
76 161
77 161
78 161
79 161
80 161
81 161
82 161
83 161
84 161
85 161
86 161
87 161
88 161
89 161
90 161
91 161
92 161
93 161
94 161
95 161
96 161
97 161
98 161
99 161
100 161
101 161
102 161
103 161
104 161
105 161
106 161
107 161
108 161
109 161
110 161
111 161
112 161
113 161
114 161
115 161
116 161
117 161
118 161
119 161
120 161
121 161
122 161
123 161
124 161
125 161
126 161
127 161
128 161
129 161
130 161
131 161
132 161
133 161
134 161
135 161
136 161
137 161
138 161
139 161
140 161
141 161
142 161
143 161
144 161
145 161
146 161
147 161
148 161
149 161
150 161
151 161
152 161
153 161
154 161
155 161
156 161
157 161
158 161
159 161
160 161
1 162
2 162
3 162
4 162
5 162
6 162
7 162
8 162
9 162
10 162
11 162
12 162
13 162
14 162
15 162
16 162
17 162
18 162
19 162
20 162
21 162
22 162
23 162
24 162
25 162
26 162
27 162
28 162
29 162
30 162
31 162
32 162
33 162
34 162
35 162
36 162
37 162
38 162
39 162
40 162
41 162
42 162
43 162
44 162
45 162
46 162
49 162
50 162
51 162
52 162
53 162
54 162
55 162
56 162
57 162
58 162
59 162
60 162
61 162
62 162
63 162
64 162
65 162
66 162
67 162
68 162
69 162
70 162
71 162
72 162
73 162
74 162
75 162
76 162
77 162
78 162
79 162
80 162
81 162
82 162
83 162
84 162
85 162
86 162
87 162
88 162
89 162
90 162
91 162
92 162
93 162
94 162
95 162
96 162
97 162
98 162
99 162
100 162
101 162
102 162
103 162
104 162
105 162
106 162
107 162
108 162
109 162
110 162
111 162
112 162
113 162
114 162
115 162
116 162
117 162
118 162
119 162
120 162
121 162
122 162
123 162
124 162
125 162
126 162
127 162
128 162
129 162
130 162
131 162
132 162
133 162
134 162
135 162
136 162
137 162
138 162
139 162
140 162
141 162
142 162
143 162
144 162
145 162
146 162
147 162
148 162
149 162
150 162
151 162
152 162
153 162
154 162
155 162
156 162
157 162
158 162
159 162
160 162
161 162
113 163
113 164
163 164
113 165
163 165
164 165
113 166
163 166
164 166
165 166
113 167
163 167
164 167
165 167
166 167
1 168
2 168
3 168
4 168
5 168
6 168
7 168
8 168
9 168
10 168
11 168
12 168
13 168
14 168
15 168
16 168
17 168
18 168
19 168
20 168
21 168
22 168
23 168
24 168
25 168
26 168
27 168
28 168
29 168
30 168
31 168
32 168
33 168
34 168
35 168
36 168
37 168
38 168
39 168
40 168
41 168
42 168
43 168
44 168
45 168
46 168
49 168
50 168
51 168
52 168
53 168
54 168
55 168
56 168
57 168
58 168
59 168
60 168
61 168
62 168
63 168
64 168
65 168
66 168
67 168
68 168
69 168
70 168
71 168
72 168
73 168
74 168
75 168
76 168
77 168
78 168
79 168
80 168
81 168
82 168
83 168
84 168
85 168
86 168
87 168
88 168
89 168
90 168
91 168
92 168
93 168
94 168
95 168
96 168
97 168
98 168
99 168
100 168
101 168
102 168
103 168
104 168
105 168
106 168
107 168
108 168
109 168
110 168
111 168
112 168
113 168
114 168
115 168
116 168
117 168
118 168
119 168
120 168
121 168
122 168
123 168
124 168
125 168
126 168
127 168
128 168
129 168
130 168
131 168
132 168
133 168
134 168
135 168
136 168
137 168
138 168
139 168
140 168
141 168
142 168
143 168
144 168
145 168
146 168
147 168
148 168
149 168
150 168
151 168
152 168
153 168
154 168
155 168
156 168
157 168
158 168
159 168
160 168
161 168
162 168
1 169
2 169
3 169
4 169
5 169
6 169
7 169
8 169
9 169
10 169
11 169
12 169
13 169
14 169
15 169
16 169
17 169
18 169
19 169
20 169
21 169
22 169
23 169
24 169
25 169
26 169
27 169
28 169
29 169
30 169
31 169
32 169
33 169
34 169
35 169
36 169
37 169
38 169
39 169
40 169
41 169
42 169
43 169
44 169
45 169
46 169
49 169
50 169
51 169
52 169
53 169
54 169
55 169
56 169
57 169
58 169
59 169
60 169
61 169
62 169
63 169
64 169
65 169
66 169
67 169
68 169
69 169
70 169
71 169
72 169
73 169
74 169
75 169
76 169
77 169
78 169
79 169
80 169
81 169
82 169
83 169
84 169
85 169
86 169
87 169
88 169
89 169
90 169
91 169
92 169
93 169
94 169
95 169
96 169
97 169
98 169
99 169
100 169
101 169
102 169
103 169
104 169
105 169
106 169
107 169
108 169
109 169
110 169
111 169
112 169
113 169
114 169
115 169
116 169
117 169
118 169
119 169
120 169
121 169
122 169
123 169
124 169
125 169
126 169
127 169
128 169
129 169
130 169
131 169
132 169
133 169
134 169
135 169
136 169
137 169
138 169
139 169
140 169
141 169
142 169
143 169
144 169
145 169
146 169
147 169
148 169
149 169
150 169
151 169
152 169
153 169
154 169
155 169
156 169
157 169
158 169
159 169
160 169
161 169
162 169
168 169
1 170
2 170
3 170
4 170
5 170
6 170
7 170
8 170
9 170
10 170
11 170
12 170
13 170
14 170
15 170
16 170
17 170
18 170
19 170
20 170
21 170
22 170
23 170
24 170
25 170
26 170
27 170
28 170
29 170
30 170
31 170
32 170
33 170
34 170
35 170
36 170
37 170
38 170
39 170
40 170
41 170
42 170
43 170
44 170
45 170
46 170
49 170
50 170
51 170
52 170
53 170
54 170
55 170
56 170
57 170
58 170
59 170
60 170
61 170
62 170
63 170
64 170
65 170
66 170
67 170
68 170
69 170
70 170
71 170
72 170
73 170
74 170
75 170
76 170
77 170
78 170
79 170
80 170
81 170
82 170
83 170
84 170
85 170
86 170
87 170
88 170
89 170
90 170
91 170
92 170
93 170
94 170
95 170
96 170
97 170
98 170
99 170
100 170
101 170
102 170
103 170
104 170
105 170
106 170
107 170
108 170
109 170
110 170
111 170
112 170
113 170
114 170
115 170
116 170
117 170
118 170
119 170
120 170
121 170
122 170
123 170
124 170
125 170
126 170
127 170
128 170
129 170
130 170
131 170
132 170
133 170
134 170
135 170
136 170
137 170
138 170
139 170
140 170
141 170
142 170
143 170
144 170
145 170
146 170
147 170
148 170
149 170
150 170
151 170
152 170
153 170
154 170
155 170
156 170
157 170
158 170
159 170
160 170
161 170
162 170
168 170
169 170
1 171
2 171
3 171
4 171
5 171
6 171
7 171
8 171
9 171
10 171
11 171
12 171
13 171
14 171
15 171
16 171
17 171
18 171
19 171
20 171
21 171
22 171
23 171
24 171
25 171
26 171
27 171
28 171
29 171
30 171
31 171
32 171
33 171
34 171
35 171
36 171
37 171
38 171
39 171
40 171
41 171
42 171
43 171
44 171
45 171
46 171
49 171
50 171
51 171
52 171
53 171
54 171
55 171
56 171
57 171
58 171
59 171
60 171
61 171
62 171
63 171
64 171
65 171
66 171
67 171
68 171
69 171
70 171
71 171
72 171
73 171
74 171
75 171
76 171
77 171
78 171
79 171
80 171
81 171
82 171
83 171
84 171
85 171
86 171
87 171
88 171
89 171
90 171
91 171
92 171
93 171
94 171
95 171
96 171
97 171
98 171
99 171
100 171
101 171
102 171
103 171
104 171
105 171
106 171
107 171
108 171
109 171
110 171
111 171
112 171
113 171
114 171
115 171
116 171
117 171
118 171
119 171
120 171
121 171
122 171
123 171
124 171
125 171
126 171
127 171
128 171
129 171
130 171
131 171
132 171
133 171
134 171
135 171
136 171
137 171
138 171
139 171
140 171
141 171
142 171
143 171
144 171
145 171
146 171
147 171
148 171
149 171
150 171
151 171
152 171
153 171
154 171
155 171
156 171
157 171
158 171
159 171
160 171
161 171
162 171
168 171
169 171
170 171
1 172
2 172
3 172
4 172
5 172
6 172
7 172
8 172
9 172
10 172
11 172
12 172
13 172
14 172
15 172
16 172
17 172
18 172
19 172
20 172
21 172
22 172
23 172
24 172
25 172
26 172
27 172
28 172
29 172
30 172
31 172
32 172
33 172
34 172
35 172
36 172
37 172
38 172
39 172
40 172
41 172
42 172
43 172
44 172
45 172
46 172
49 172
50 172
51 172
52 172
53 172
54 172
55 172
56 172
57 172
58 172
59 172
60 172
61 172
62 172
63 172
64 172
65 172
66 172
67 172
68 172
69 172
70 172
71 172
72 172
73 172
74 172
75 172
76 172
77 172
78 172
79 172
80 172
81 172
82 172
83 172
84 172
85 172
86 172
87 172
88 172
89 172
90 172
91 172
92 172
93 172
94 172
95 172
96 172
97 172
98 172
99 172
100 172
101 172
102 172
103 172
104 172
105 172
106 172
107 172
108 172
109 172
110 172
111 172
112 172
113 172
114 172
115 172
116 172
117 172
118 172
119 172
120 172
121 172
122 172
123 172
124 172
125 172
126 172
127 172
128 172
129 172
130 172
131 172
132 172
133 172
134 172
135 172
136 172
137 172
138 172
139 172
140 172
141 172
142 172
143 172
144 172
145 172
146 172
147 172
148 172
149 172
150 172
151 172
152 172
153 172
154 172
155 172
156 172
157 172
158 172
159 172
160 172
161 172
162 172
168 172
169 172
170 172
171 172
1 173
2 173
3 173
4 173
5 173
6 173
7 173
8 173
9 173
10 173
11 173
12 173
13 173
14 173
15 173
16 173
17 173
18 173
19 173
20 173
21 173
22 173
23 173
24 173
25 173
26 173
27 173
28 173
29 173
30 173
31 173
32 173
33 173
34 173
35 173
36 173
37 173
38 173
39 173
40 173
41 173
42 173
43 173
44 173
45 173
46 173
49 173
50 173
51 173
52 173
53 173
54 173
55 173
56 173
57 173
58 173
59 173
60 173
61 173
62 173
63 173
64 173
65 173
66 173
67 173
68 173
69 173
70 173
71 173
72 173
73 173
74 173
75 173
76 173
77 173
78 173
79 173
80 173
81 173
82 173
83 173
84 173
85 173
86 173
87 173
88 173
89 173
90 173
91 173
92 173
93 173
94 173
95 173
96 173
97 173
98 173
99 173
100 173
101 173
102 173
103 173
104 173
105 173
106 173
107 173
108 173
109 173
110 173
111 173
112 173
113 173
114 173
115 173
116 173
117 173
118 173
119 173
120 173
121 173
122 173
123 173
124 173
125 173
126 173
127 173
128 173
129 173
130 173
131 173
132 173
133 173
134 173
135 173
136 173
137 173
138 173
139 173
140 173
141 173
142 173
143 173
144 173
145 173
146 173
147 173
148 173
149 173
150 173
151 173
152 173
153 173
154 173
155 173
156 173
157 173
158 173
159 173
160 173
161 173
162 173
168 173
169 173
170 173
171 173
172 173
1 174
2 174
3 174
4 174
5 174
6 174
7 174
8 174
9 174
10 174
11 174
12 174
13 174
14 174
15 174
16 174
17 174
18 174
19 174
20 174
21 174
22 174
23 174
24 174
25 174
26 174
27 174
28 174
29 174
30 174
31 174
32 174
33 174
34 174
35 174
36 174
37 174
38 174
39 174
40 174
41 174
42 174
43 174
44 174
45 174
46 174
49 174
50 174
51 174
52 174
53 174
54 174
55 174
56 174
57 174
58 174
59 174
60 174
61 174
62 174
63 174
64 174
65 174
66 174
67 174
68 174
69 174
70 174
71 174
72 174
73 174
74 174
75 174
76 174
77 174
78 174
79 174
80 174
81 174
82 174
83 174
84 174
85 174
86 174
87 174
88 174
89 174
90 174
91 174
92 174
93 174
94 174
95 174
96 174
97 174
98 174
99 174
100 174
101 174
102 174
103 174
104 174
105 174
106 174
107 174
108 174
109 174
110 174
111 174
112 174
113 174
114 174
115 174
116 174
117 174
118 174
119 174
120 174
121 174
122 174
123 174
124 174
125 174
126 174
127 174
128 174
129 174
130 174
131 174
132 174
133 174
134 174
135 174
136 174
137 174
138 174
139 174
140 174
141 174
142 174
143 174
144 174
145 174
146 174
147 174
148 174
149 174
150 174
151 174
152 174
153 174
154 174
155 174
156 174
157 174
158 174
159 174
160 174
161 174
162 174
168 174
169 174
170 174
171 174
172 174
173 174
1 175
2 175
3 175
4 175
5 175
6 175
7 175
8 175
9 175
10 175
11 175
12 175
13 175
14 175
15 175
16 175
17 175
18 175
19 175
20 175
21 175
22 175
23 175
24 175
25 175
26 175
27 175
28 175
29 175
30 175
31 175
32 175
33 175
34 175
35 175
36 175
37 175
38 175
39 175
40 175
41 175
42 175
43 175
44 175
45 175
46 175
49 175
50 175
51 175
52 175
53 175
54 175
55 175
56 175
57 175
58 175
59 175
60 175
61 175
62 175
63 175
64 175
65 175
66 175
67 175
68 175
69 175
70 175
71 175
72 175
73 175
74 175
75 175
76 175
77 175
78 175
79 175
80 175
81 175
82 175
83 175
84 175
85 175
86 175
87 175
88 175
89 175
90 175
91 175
92 175
93 175
94 175
95 175
96 175
97 175
98 175
99 175
100 175
101 175
102 175
103 175
104 175
105 175
106 175
107 175
108 175
109 175
110 175
111 175
112 175
113 175
114 175
115 175
116 175
117 175
118 175
119 175
120 175
121 175
122 175
123 175
124 175
125 175
126 175
127 175
128 175
129 175
130 175
131 175
132 175
133 175
134 175
135 175
136 175
137 175
138 175
139 175
140 175
141 175
142 175
143 175
144 175
145 175
146 175
147 175
148 175
149 175
150 175
151 175
152 175
153 175
154 175
155 175
156 175
157 175
158 175
159 175
160 175
161 175
162 175
168 175
169 175
170 175
171 175
172 175
173 175
174 175
1 176
2 176
3 176
4 176
5 176
6 176
7 176
8 176
9 176
10 176
11 176
12 176
13 176
14 176
15 176
16 176
17 176
18 176
19 176
20 176
21 176
22 176
23 176
24 176
25 176
26 176
27 176
28 176
29 176
30 176
31 176
32 176
33 176
34 176
35 176
36 176
37 176
38 176
39 176
40 176
41 176
42 176
43 176
44 176
45 176
46 176
49 176
50 176
51 176
52 176
53 176
54 176
55 176
56 176
57 176
58 176
59 176
60 176
61 176
62 176
63 176
64 176
65 176
66 176
67 176
68 176
69 176
70 176
71 176
72 176
73 176
74 176
75 176
76 176
77 176
78 176
79 176
80 176
81 176
82 176
83 176
84 176
85 176
86 176
87 176
88 176
89 176
90 176
91 176
92 176
93 176
94 176
95 176
96 176
97 176
98 176
99 176
100 176
101 176
102 176
103 176
104 176
105 176
106 176
107 176
108 176
109 176
110 176
111 176
112 176
113 176
114 176
115 176
116 176
117 176
118 176
119 176
120 176
121 176
122 176
123 176
124 176
125 176
126 176
127 176
128 176
129 176
130 176
131 176
132 176
133 176
134 176
135 176
136 176
137 176
138 176
139 176
140 176
141 176
142 176
143 176
144 176
145 176
146 176
147 176
148 176
149 176
150 176
151 176
152 176
153 176
154 176
155 176
156 176
157 176
158 176
159 176
160 176
161 176
162 176
168 176
169 176
170 176
171 176
172 176
173 176
174 176
175 176
1 177
2 177
3 177
4 177
5 177
6 177
7 177
8 177
9 177
10 177
11 177
12 177
13 177
14 177
15 177
16 177
17 177
18 177
19 177
20 177
21 177
22 177
23 177
24 177
25 177
26 177
27 177
28 177
29 177
30 177
31 177
32 177
33 177
34 177
35 177
36 177
37 177
38 177
39 177
40 177
41 177
42 177
43 177
44 177
45 177
46 177
49 177
50 177
51 177
52 177
53 177
54 177
55 177
56 177
57 177
58 177
59 177
60 177
61 177
62 177
63 177
64 177
65 177
66 177
67 177
68 177
69 177
70 177
71 177
72 177
73 177
74 177
75 177
76 177
77 177
78 177
79 177
80 177
81 177
82 177
83 177
84 177
85 177
86 177
87 177
88 177
89 177
90 177
91 177
92 177
93 177
94 177
95 177
96 177
97 177
98 177
99 177
100 177
101 177
102 177
103 177
104 177
105 177
106 177
107 177
108 177
109 177
110 177
111 177
112 177
113 177
114 177
115 177
116 177
117 177
118 177
119 177
120 177
121 177
122 177
123 177
124 177
125 177
126 177
127 177
128 177
129 177
130 177
131 177
132 177
133 177
134 177
135 177
136 177
137 177
138 177
139 177
140 177
141 177
142 177
143 177
144 177
145 177
146 177
147 177
148 177
149 177
150 177
151 177
152 177
153 177
154 177
155 177
156 177
157 177
158 177
159 177
160 177
161 177
162 177
168 177
169 177
170 177
171 177
172 177
173 177
174 177
175 177
176 177
1 178
2 178
3 178
4 178
5 178
6 178
7 178
8 178
9 178
10 178
11 178
12 178
13 178
14 178
15 178
16 178
17 178
18 178
19 178
20 178
21 178
22 178
23 178
24 178
25 178
26 178
27 178
28 178
29 178
30 178
31 178
32 178
33 178
34 178
35 178
36 178
37 178
38 178
39 178
40 178
41 178
42 178
43 178
44 178
45 178
46 178
49 178
50 178
51 178
52 178
53 178
54 178
55 178
56 178
57 178
58 178
59 178
60 178
61 178
62 178
63 178
64 178
65 178
66 178
67 178
68 178
69 178
70 178
71 178
72 178
73 178
74 178
75 178
76 178
77 178
78 178
79 178
80 178
81 178
82 178
83 178
84 178
85 178
86 178
87 178
88 178
89 178
90 178
91 178
92 178
93 178
94 178
95 178
96 178
97 178
98 178
99 178
100 178
101 178
102 178
103 178
104 178
105 178
106 178
107 178
108 178
109 178
110 178
111 178
112 178
113 178
114 178
115 178
116 178
117 178
118 178
119 178
120 178
121 178
122 178
123 178
124 178
125 178
126 178
127 178
128 178
129 178
130 178
131 178
132 178
133 178
134 178
135 178
136 178
137 178
138 178
139 178
140 178
141 178
142 178
143 178
144 178
145 178
146 178
147 178
148 178
149 178
150 178
151 178
152 178
153 178
154 178
155 178
156 178
157 178
158 178
159 178
160 178
161 178
162 178
168 178
169 178
170 178
171 178
172 178
173 178
174 178
175 178
176 178
177 178
1 179
2 179
3 179
4 179
5 179
6 179
7 179
8 179
9 179
10 179
11 179
12 179
13 179
14 179
15 179
16 179
17 179
18 179
19 179
20 179
21 179
22 179
23 179
24 179
25 179
26 179
27 179
28 179
29 179
30 179
31 179
32 179
33 179
34 179
35 179
36 179
37 179
38 179
39 179
40 179
41 179
42 179
43 179
44 179
45 179
46 179
49 179
50 179
51 179
52 179
53 179
54 179
55 179
56 179
57 179
58 179
59 179
60 179
61 179
62 179
63 179
64 179
65 179
66 179
67 179
68 179
69 179
70 179
71 179
72 179
73 179
74 179
75 179
76 179
77 179
78 179
79 179
80 179
81 179
82 179
83 179
84 179
85 179
86 179
87 179
88 179
89 179
90 179
91 179
92 179
93 179
94 179
95 179
96 179
97 179
98 179
99 179
100 179
101 179
102 179
103 179
104 179
105 179
106 179
107 179
108 179
109 179
110 179
111 179
112 179
113 179
114 179
115 179
116 179
117 179
118 179
119 179
120 179
121 179
122 179
123 179
124 179
125 179
126 179
127 179
128 179
129 179
130 179
131 179
132 179
133 179
134 179
135 179
136 179
137 179
138 179
139 179
140 179
141 179
142 179
143 179
144 179
145 179
146 179
147 179
148 179
149 179
150 179
151 179
152 179
153 179
154 179
155 179
156 179
157 179
158 179
159 179
160 179
161 179
162 179
168 179
169 179
170 179
171 179
172 179
173 179
174 179
175 179
176 179
177 179
178 179
1 180
2 180
3 180
4 180
5 180
6 180
7 180
8 180
9 180
10 180
11 180
12 180
13 180
14 180
15 180
16 180
17 180
18 180
19 180
20 180
21 180
22 180
23 180
24 180
25 180
26 180
27 180
28 180
29 180
30 180
31 180
32 180
33 180
34 180
35 180
36 180
37 180
38 180
39 180
40 180
41 180
42 180
43 180
44 180
45 180
46 180
49 180
50 180
51 180
52 180
53 180
54 180
55 180
56 180
57 180
58 180
59 180
60 180
61 180
62 180
63 180
64 180
65 180
66 180
67 180
68 180
69 180
70 180
71 180
72 180
73 180
74 180
75 180
76 180
77 180
78 180
79 180
80 180
81 180
82 180
83 180
84 180
85 180
86 180
87 180
88 180
89 180
90 180
91 180
92 180
93 180
94 180
95 180
96 180
97 180
98 180
99 180
100 180
101 180
102 180
103 180
104 180
105 180
106 180
107 180
108 180
109 180
110 180
111 180
112 180
113 180
114 180
115 180
116 180
117 180
118 180
119 180
120 180
121 180
122 180
123 180
124 180
125 180
126 180
127 180
128 180
129 180
130 180
131 180
132 180
133 180
134 180
135 180
136 180
137 180
138 180
139 180
140 180
141 180
142 180
143 180
144 180
145 180
146 180
147 180
148 180
149 180
150 180
151 180
152 180
153 180
154 180
155 180
156 180
157 180
158 180
159 180
160 180
161 180
162 180
168 180
169 180
170 180
171 180
172 180
173 180
174 180
175 180
176 180
177 180
178 180
179 180
1 181
2 181
3 181
4 181
5 181
6 181
7 181
8 181
9 181
10 181
11 181
12 181
13 181
14 181
15 181
16 181
17 181
18 181
19 181
20 181
21 181
22 181
23 181
24 181
25 181
26 181
27 181
28 181
29 181
30 181
31 181
32 181
33 181
34 181
35 181
36 181
37 181
38 181
39 181
40 181
41 181
42 181
43 181
44 181
45 181
46 181
49 181
50 181
51 181
52 181
53 181
54 181
55 181
56 181
57 181
58 181
59 181
60 181
61 181
62 181
63 181
64 181
65 181
66 181
67 181
68 181
69 181
70 181
71 181
72 181
73 181
74 181
75 181
76 181
77 181
78 181
79 181
80 181
81 181
82 181
83 181
84 181
85 181
86 181
87 181
88 181
89 181
90 181
91 181
92 181
93 181
94 181
95 181
96 181
97 181
98 181
99 181
100 181
101 181
102 181
103 181
104 181
105 181
106 181
107 181
108 181
109 181
110 181
111 181
112 181
113 181
114 181
115 181
116 181
117 181
118 181
119 181
120 181
121 181
122 181
123 181
124 181
125 181
126 181
127 181
128 181
129 181
130 181
131 181
132 181
133 181
134 181
135 181
136 181
137 181
138 181
139 181
140 181
141 181
142 181
143 181
144 181
145 181
146 181
147 181
148 181
149 181
150 181
151 181
152 181
153 181
154 181
155 181
156 181
157 181
158 181
159 181
160 181
161 181
162 181
168 181
169 181
170 181
171 181
172 181
173 181
174 181
175 181
176 181
177 181
178 181
179 181
180 181
1 182
2 182
3 182
4 182
5 182
6 182
7 182
8 182
9 182
10 182
11 182
12 182
13 182
14 182
15 182
16 182
17 182
18 182
19 182
20 182
21 182
22 182
23 182
24 182
25 182
26 182
27 182
28 182
29 182
30 182
31 182
32 182
33 182
34 182
35 182
36 182
37 182
38 182
39 182
40 182
41 182
42 182
43 182
44 182
45 182
46 182
49 182
50 182
51 182
52 182
53 182
54 182
55 182
56 182
57 182
58 182
59 182
60 182
61 182
62 182
63 182
64 182
65 182
66 182
67 182
68 182
69 182
70 182
71 182
72 182
73 182
74 182
75 182
76 182
77 182
78 182
79 182
80 182
81 182
82 182
83 182
84 182
85 182
86 182
87 182
88 182
89 182
90 182
91 182
92 182
93 182
94 182
95 182
96 182
97 182
98 182
99 182
100 182
101 182
102 182
103 182
104 182
105 182
106 182
107 182
108 182
109 182
110 182
111 182
112 182
113 182
114 182
115 182
116 182
117 182
118 182
119 182
120 182
121 182
122 182
123 182
124 182
125 182
126 182
127 182
128 182
129 182
130 182
131 182
132 182
133 182
134 182
135 182
136 182
137 182
138 182
139 182
140 182
141 182
142 182
143 182
144 182
145 182
146 182
147 182
148 182
149 182
150 182
151 182
152 182
153 182
154 182
155 182
156 182
157 182
158 182
159 182
160 182
161 182
162 182
168 182
169 182
170 182
171 182
172 182
173 182
174 182
175 182
176 182
177 182
178 182
179 182
180 182
181 182
1 183
2 183
3 183
4 183
5 183
6 183
7 183
8 183
9 183
10 183
11 183
12 183
13 183
14 183
15 183
16 183
17 183
18 183
19 183
20 183
21 183
22 183
23 183
24 183
25 183
26 183
27 183
28 183
29 183
30 183
31 183
32 183
33 183
34 183
35 183
36 183
37 183
38 183
39 183
40 183
41 183
42 183
43 183
44 183
45 183
46 183
49 183
50 183
51 183
52 183
53 183
54 183
55 183
56 183
57 183
58 183
59 183
60 183
61 183
62 183
63 183
64 183
65 183
66 183
67 183
68 183
69 183
70 183
71 183
72 183
73 183
74 183
75 183
76 183
77 183
78 183
79 183
80 183
81 183
82 183
83 183
84 183
85 183
86 183
87 183
88 183
89 183
90 183
91 183
92 183
93 183
94 183
95 183
96 183
97 183
98 183
99 183
100 183
101 183
102 183
103 183
104 183
105 183
106 183
107 183
108 183
109 183
110 183
111 183
112 183
113 183
114 183
115 183
116 183
117 183
118 183
119 183
120 183
121 183
122 183
123 183
124 183
125 183
126 183
127 183
128 183
129 183
130 183
131 183
132 183
133 183
134 183
135 183
136 183
137 183
138 183
139 183
140 183
141 183
142 183
143 183
144 183
145 183
146 183
147 183
148 183
149 183
150 183
151 183
152 183
153 183
154 183
155 183
156 183
157 183
158 183
159 183
160 183
161 183
162 183
168 183
169 183
170 183
171 183
172 183
173 183
174 183
175 183
176 183
177 183
178 183
179 183
180 183
181 183
182 183
1 184
2 184
3 184
4 184
5 184
6 184
7 184
8 184
9 184
10 184
11 184
12 184
13 184
14 184
15 184
16 184
17 184
18 184
19 184
20 184
21 184
22 184
23 184
24 184
25 184
26 184
27 184
28 184
29 184
30 184
31 184
32 184
33 184
34 184
35 184
36 184
37 184
38 184
39 184
40 184
41 184
42 184
43 184
44 184
45 184
46 184
49 184
50 184
51 184
52 184
53 184
54 184
55 184
56 184
57 184
58 184
59 184
60 184
61 184
62 184
63 184
64 184
65 184
66 184
67 184
68 184
69 184
70 184
71 184
72 184
73 184
74 184
75 184
76 184
77 184
78 184
79 184
80 184
81 184
82 184
83 184
84 184
85 184
86 184
87 184
88 184
89 184
90 184
91 184
92 184
93 184
94 184
95 184
96 184
97 184
98 184
99 184
100 184
101 184
102 184
103 184
104 184
105 184
106 184
107 184
108 184
109 184
110 184
111 184
112 184
113 184
114 184
115 184
116 184
117 184
118 184
119 184
120 184
121 184
122 184
123 184
124 184
125 184
126 184
127 184
128 184
129 184
130 184
131 184
132 184
133 184
134 184
135 184
136 184
137 184
138 184
139 184
140 184
141 184
142 184
143 184
144 184
145 184
146 184
147 184
148 184
149 184
150 184
151 184
152 184
153 184
154 184
155 184
156 184
157 184
158 184
159 184
160 184
161 184
162 184
168 184
169 184
170 184
171 184
172 184
173 184
174 184
175 184
176 184
177 184
178 184
179 184
180 184
181 184
182 184
183 184
1 185
2 185
3 185
4 185
5 185
6 185
7 185
8 185
9 185
10 185
11 185
12 185
13 185
14 185
15 185
16 185
17 185
18 185
19 185
20 185
21 185
22 185
23 185
24 185
25 185
26 185
27 185
28 185
29 185
30 185
31 185
32 185
33 185
34 185
35 185
36 185
37 185
38 185
39 185
40 185
41 185
42 185
43 185
44 185
45 185
46 185
49 185
50 185
51 185
52 185
53 185
54 185
55 185
56 185
57 185
58 185
59 185
60 185
61 185
62 185
63 185
64 185
65 185
66 185
67 185
68 185
69 185
70 185
71 185
72 185
73 185
74 185
75 185
76 185
77 185
78 185
79 185
80 185
81 185
82 185
83 185
84 185
85 185
86 185
87 185
88 185
89 185
90 185
91 185
92 185
93 185
94 185
95 185
96 185
97 185
98 185
99 185
100 185
101 185
102 185
103 185
104 185
105 185
106 185
107 185
108 185
109 185
110 185
111 185
112 185
113 185
114 185
115 185
116 185
117 185
118 185
119 185
120 185
121 185
122 185
123 185
124 185
125 185
126 185
127 185
128 185
129 185
130 185
131 185
132 185
133 185
134 185
135 185
136 185
137 185
138 185
139 185
140 185
141 185
142 185
143 185
144 185
145 185
146 185
147 185
148 185
149 185
150 185
151 185
152 185
153 185
154 185
155 185
156 185
157 185
158 185
159 185
160 185
161 185
162 185
168 185
169 185
170 185
171 185
172 185
173 185
174 185
175 185
176 185
177 185
178 185
179 185
180 185
181 185
182 185
183 185
184 185
1 186
2 186
3 186
4 186
5 186
6 186
7 186
8 186
9 186
10 186
11 186
12 186
13 186
14 186
15 186
16 186
17 186
18 186
19 186
20 186
21 186
22 186
23 186
24 186
25 186
26 186
27 186
28 186
29 186
30 186
31 186
32 186
33 186
34 186
35 186
36 186
37 186
38 186
39 186
40 186
41 186
42 186
43 186
44 186
45 186
46 186
49 186
50 186
51 186
52 186
53 186
54 186
55 186
56 186
57 186
58 186
59 186
60 186
61 186
62 186
63 186
64 186
65 186
66 186
67 186
68 186
69 186
70 186
71 186
72 186
73 186
74 186
75 186
76 186
77 186
78 186
79 186
80 186
81 186
82 186
83 186
84 186
85 186
86 186
87 186
88 186
89 186
90 186
91 186
92 186
93 186
94 186
95 186
96 186
97 186
98 186
99 186
100 186
101 186
102 186
103 186
104 186
105 186
106 186
107 186
108 186
109 186
110 186
111 186
112 186
113 186
114 186
115 186
116 186
117 186
118 186
119 186
120 186
121 186
122 186
123 186
124 186
125 186
126 186
127 186
128 186
129 186
130 186
131 186
132 186
133 186
134 186
135 186
136 186
137 186
138 186
139 186
140 186
141 186
142 186
143 186
144 186
145 186
146 186
147 186
148 186
149 186
150 186
151 186
152 186
153 186
154 186
155 186
156 186
157 186
158 186
159 186
160 186
161 186
162 186
168 186
169 186
170 186
171 186
172 186
173 186
174 186
175 186
176 186
177 186
178 186
179 186
180 186
181 186
182 186
183 186
184 186
185 186
1 187
2 187
3 187
4 187
5 187
6 187
7 187
8 187
9 187
10 187
11 187
12 187
13 187
14 187
15 187
16 187
17 187
18 187
19 187
20 187
21 187
22 187
23 187
24 187
25 187
26 187
27 187
28 187
29 187
30 187
31 187
32 187
33 187
34 187
35 187
36 187
37 187
38 187
39 187
40 187
41 187
42 187
43 187
44 187
45 187
46 187
49 187
50 187
51 187
52 187
53 187
54 187
55 187
56 187
57 187
58 187
59 187
60 187
61 187
62 187
63 187
64 187
65 187
66 187
67 187
68 187
69 187
70 187
71 187
72 187
73 187
74 187
75 187
76 187
77 187
78 187
79 187
80 187
81 187
82 187
83 187
84 187
85 187
86 187
87 187
88 187
89 187
90 187
91 187
92 187
93 187
94 187
95 187
96 187
97 187
98 187
99 187
100 187
101 187
102 187
103 187
104 187
105 187
106 187
107 187
108 187
109 187
110 187
111 187
112 187
113 187
114 187
115 187
116 187
117 187
118 187
119 187
120 187
121 187
122 187
123 187
124 187
125 187
126 187
127 187
128 187
129 187
130 187
131 187
132 187
133 187
134 187
135 187
136 187
137 187
138 187
139 187
140 187
141 187
142 187
143 187
144 187
145 187
146 187
147 187
148 187
149 187
150 187
151 187
152 187
153 187
154 187
155 187
156 187
157 187
158 187
159 187
160 187
161 187
162 187
168 187
169 187
170 187
171 187
172 187
173 187
174 187
175 187
176 187
177 187
178 187
179 187
180 187
181 187
182 187
183 187
184 187
185 187
186 187
148 188
148 189
188 189
1 190
2 190
3 190
4 190
5 190
6 190
7 190
8 190
9 190
10 190
11 190
12 190
13 190
14 190
15 190
16 190
17 190
18 190
19 190
20 190
21 190
22 190
23 190
24 190
25 190
26 190
27 190
28 190
29 190
30 190
31 190
32 190
33 190
34 190
35 190
36 190
37 190
38 190
39 190
40 190
41 190
42 190
43 190
44 190
45 190
46 190
49 190
50 190
51 190
52 190
53 190
54 190
55 190
56 190
57 190
58 190
59 190
60 190
61 190
62 190
63 190
64 190
65 190
66 190
67 190
68 190
69 190
70 190
71 190
72 190
73 190
74 190
75 190
76 190
77 190
78 190
79 190
80 190
81 190
82 190
83 190
84 190
85 190
86 190
87 190
88 190
89 190
90 190
91 190
92 190
93 190
94 190
95 190
96 190
97 190
98 190
99 190
100 190
101 190
102 190
103 190
104 190
105 190
106 190
107 190
108 190
109 190
110 190
111 190
112 190
113 190
114 190
115 190
116 190
117 190
118 190
119 190
120 190
121 190
122 190
123 190
124 190
125 190
126 190
127 190
128 190
129 190
130 190
131 190
132 190
133 190
134 190
135 190
136 190
137 190
138 190
139 190
140 190
141 190
142 190
143 190
144 190
145 190
146 190
147 190
148 190
149 190
150 190
151 190
152 190
153 190
154 190
155 190
156 190
157 190
158 190
159 190
160 190
161 190
162 190
168 190
169 190
170 190
171 190
172 190
173 190
174 190
175 190
176 190
177 190
178 190
179 190
180 190
181 190
182 190
183 190
184 190
185 190
186 190
187 190
1 191
2 191
3 191
4 191
5 191
6 191
7 191
8 191
9 191
10 191
11 191
12 191
13 191
14 191
15 191
16 191
17 191
18 191
19 191
20 191
21 191
22 191
23 191
24 191
25 191
26 191
27 191
28 191
29 191
30 191
31 191
32 191
33 191
34 191
35 191
36 191
37 191
38 191
39 191
40 191
41 191
42 191
43 191
44 191
45 191
46 191
49 191
50 191
51 191
52 191
53 191
54 191
55 191
56 191
57 191
58 191
59 191
60 191
61 191
62 191
63 191
64 191
65 191
66 191
67 191
68 191
69 191
70 191
71 191
72 191
73 191
74 191
75 191
76 191
77 191
78 191
79 191
80 191
81 191
82 191
83 191
84 191
85 191
86 191
87 191
88 191
89 191
90 191
91 191
92 191
93 191
94 191
95 191
96 191
97 191
98 191
99 191
100 191
101 191
102 191
103 191
104 191
105 191
106 191
107 191
108 191
109 191
110 191
111 191
112 191
113 191
114 191
115 191
116 191
117 191
118 191
119 191
120 191
121 191
122 191
123 191
124 191
125 191
126 191
127 191
128 191
129 191
130 191
131 191
132 191
133 191
134 191
135 191
136 191
137 191
138 191
139 191
140 191
141 191
142 191
143 191
144 191
145 191
146 191
147 191
148 191
149 191
150 191
151 191
152 191
153 191
154 191
155 191
156 191
157 191
158 191
159 191
160 191
161 191
162 191
168 191
169 191
170 191
171 191
172 191
173 191
174 191
175 191
176 191
177 191
178 191
179 191
180 191
181 191
182 191
183 191
184 191
185 191
186 191
187 191
190 191
1 192
2 192
3 192
4 192
5 192
6 192
7 192
8 192
9 192
10 192
11 192
12 192
13 192
14 192
15 192
16 192
17 192
18 192
19 192
20 192
21 192
22 192
23 192
24 192
25 192
26 192
27 192
28 192
29 192
30 192
31 192
32 192
33 192
34 192
35 192
36 192
37 192
38 192
39 192
40 192
41 192
42 192
43 192
44 192
45 192
46 192
49 192
50 192
51 192
52 192
53 192
54 192
55 192
56 192
57 192
58 192
59 192
60 192
61 192
62 192
63 192
64 192
65 192
66 192
67 192
68 192
69 192
70 192
71 192
72 192
73 192
74 192
75 192
76 192
77 192
78 192
79 192
80 192
81 192
82 192
83 192
84 192
85 192
86 192
87 192
88 192
89 192
90 192
91 192
92 192
93 192
94 192
95 192
96 192
97 192
98 192
99 192
100 192
101 192
102 192
103 192
104 192
105 192
106 192
107 192
108 192
109 192
110 192
111 192
112 192
113 192
114 192
115 192
116 192
117 192
118 192
119 192
120 192
121 192
122 192
123 192
124 192
125 192
126 192
127 192
128 192
129 192
130 192
131 192
132 192
133 192
134 192
135 192
136 192
137 192
138 192
139 192
140 192
141 192
142 192
143 192
144 192
145 192
146 192
147 192
148 192
149 192
150 192
151 192
152 192
153 192
154 192
155 192
156 192
157 192
158 192
159 192
160 192
161 192
162 192
168 192
169 192
170 192
171 192
172 192
173 192
174 192
175 192
176 192
177 192
178 192
179 192
180 192
181 192
182 192
183 192
184 192
185 192
186 192
187 192
190 192
191 192
1 193
2 193
3 193
4 193
5 193
6 193
7 193
8 193
9 193
10 193
11 193
12 193
13 193
14 193
15 193
16 193
17 193
18 193
19 193
20 193
21 193
22 193
23 193
24 193
25 193
26 193
27 193
28 193
29 193
30 193
31 193
32 193
33 193
34 193
35 193
36 193
37 193
38 193
39 193
40 193
41 193
42 193
43 193
44 193
45 193
46 193
49 193
50 193
51 193
52 193
53 193
54 193
55 193
56 193
57 193
58 193
59 193
60 193
61 193
62 193
63 193
64 193
65 193
66 193
67 193
68 193
69 193
70 193
71 193
72 193
73 193
74 193
75 193
76 193
77 193
78 193
79 193
80 193
81 193
82 193
83 193
84 193
85 193
86 193
87 193
88 193
89 193
90 193
91 193
92 193
93 193
94 193
95 193
96 193
97 193
98 193
99 193
100 193
101 193
102 193
103 193
104 193
105 193
106 193
107 193
108 193
109 193
110 193
111 193
112 193
113 193
114 193
115 193
116 193
117 193
118 193
119 193
120 193
121 193
122 193
123 193
124 193
125 193
126 193
127 193
128 193
129 193
130 193
131 193
132 193
133 193
134 193
135 193
136 193
137 193
138 193
139 193
140 193
141 193
142 193
143 193
144 193
145 193
146 193
147 193
148 193
149 193
150 193
151 193
152 193
153 193
154 193
155 193
156 193
157 193
158 193
159 193
160 193
161 193
162 193
168 193
169 193
170 193
171 193
172 193
173 193
174 193
175 193
176 193
177 193
178 193
179 193
180 193
181 193
182 193
183 193
184 193
185 193
186 193
187 193
190 193
191 193
192 193
1 194
2 194
3 194
4 194
5 194
6 194
7 194
8 194
9 194
10 194
11 194
12 194
13 194
14 194
15 194
16 194
17 194
18 194
19 194
20 194
21 194
22 194
23 194
24 194
25 194
26 194
27 194
28 194
29 194
30 194
31 194
32 194
33 194
34 194
35 194
36 194
37 194
38 194
39 194
40 194
41 194
42 194
43 194
44 194
45 194
46 194
49 194
50 194
51 194
52 194
53 194
54 194
55 194
56 194
57 194
58 194
59 194
60 194
61 194
62 194
63 194
64 194
65 194
66 194
67 194
68 194
69 194
70 194
71 194
72 194
73 194
74 194
75 194
76 194
77 194
78 194
79 194
80 194
81 194
82 194
83 194
84 194
85 194
86 194
87 194
88 194
89 194
90 194
91 194
92 194
93 194
94 194
95 194
96 194
97 194
98 194
99 194
100 194
101 194
102 194
103 194
104 194
105 194
106 194
107 194
108 194
109 194
110 194
111 194
112 194
113 194
114 194
115 194
116 194
117 194
118 194
119 194
120 194
121 194
122 194
123 194
124 194
125 194
126 194
127 194
128 194
129 194
130 194
131 194
132 194
133 194
134 194
135 194
136 194
137 194
138 194
139 194
140 194
141 194
142 194
143 194
144 194
145 194
146 194
147 194
148 194
149 194
150 194
151 194
152 194
153 194
154 194
155 194
156 194
157 194
158 194
159 194
160 194
161 194
162 194
168 194
169 194
170 194
171 194
172 194
173 194
174 194
175 194
176 194
177 194
178 194
179 194
180 194
181 194
182 194
183 194
184 194
185 194
186 194
187 194
190 194
191 194
192 194
193 194
1 195
2 195
3 195
4 195
5 195
6 195
7 195
8 195
9 195
10 195
11 195
12 195
13 195
14 195
15 195
16 195
17 195
18 195
19 195
20 195
21 195
22 195
23 195
24 195
25 195
26 195
27 195
28 195
29 195
30 195
31 195
32 195
33 195
34 195
35 195
36 195
37 195
38 195
39 195
40 195
41 195
42 195
43 195
44 195
45 195
46 195
49 195
50 195
51 195
52 195
53 195
54 195
55 195
56 195
57 195
58 195
59 195
60 195
61 195
62 195
63 195
64 195
65 195
66 195
67 195
68 195
69 195
70 195
71 195
72 195
73 195
74 195
75 195
76 195
77 195
78 195
79 195
80 195
81 195
82 195
83 195
84 195
85 195
86 195
87 195
88 195
89 195
90 195
91 195
92 195
93 195
94 195
95 195
96 195
97 195
98 195
99 195
100 195
101 195
102 195
103 195
104 195
105 195
106 195
107 195
108 195
109 195
110 195
111 195
112 195
113 195
114 195
115 195
116 195
117 195
118 195
119 195
120 195
121 195
122 195
123 195
124 195
125 195
126 195
127 195
128 195
129 195
130 195
131 195
132 195
133 195
134 195
135 195
136 195
137 195
138 195
139 195
140 195
141 195
142 195
143 195
144 195
145 195
146 195
147 195
148 195
149 195
150 195
151 195
152 195
153 195
154 195
155 195
156 195
157 195
158 195
159 195
160 195
161 195
162 195
168 195
169 195
170 195
171 195
172 195
173 195
174 195
175 195
176 195
177 195
178 195
179 195
180 195
181 195
182 195
183 195
184 195
185 195
186 195
187 195
190 195
191 195
192 195
193 195
194 195
1 196
2 196
3 196
4 196
5 196
6 196
7 196
8 196
9 196
10 196
11 196
12 196
13 196
14 196
15 196
16 196
17 196
18 196
19 196
20 196
21 196
22 196
23 196
24 196
25 196
26 196
27 196
28 196
29 196
30 196
31 196
32 196
33 196
34 196
35 196
36 196
37 196
38 196
39 196
40 196
41 196
42 196
43 196
44 196
45 196
46 196
49 196
50 196
51 196
52 196
53 196
54 196
55 196
56 196
57 196
58 196
59 196
60 196
61 196
62 196
63 196
64 196
65 196
66 196
67 196
68 196
69 196
70 196
71 196
72 196
73 196
74 196
75 196
76 196
77 196
78 196
79 196
80 196
81 196
82 196
83 196
84 196
85 196
86 196
87 196
88 196
89 196
90 196
91 196
92 196
93 196
94 196
95 196
96 196
97 196
98 196
99 196
100 196
101 196
102 196
103 196
104 196
105 196
106 196
107 196
108 196
109 196
110 196
111 196
112 196
113 196
114 196
115 196
116 196
117 196
118 196
119 196
120 196
121 196
122 196
123 196
124 196
125 196
126 196
127 196
128 196
129 196
130 196
131 196
132 196
133 196
134 196
135 196
136 196
137 196
138 196
139 196
140 196
141 196
142 196
143 196
144 196
145 196
146 196
147 196
148 196
149 196
150 196
151 196
152 196
153 196
154 196
155 196
156 196
157 196
158 196
159 196
160 196
161 196
162 196
168 196
169 196
170 196
171 196
172 196
173 196
174 196
175 196
176 196
177 196
178 196
179 196
180 196
181 196
182 196
183 196
184 196
185 196
186 196
187 196
190 196
191 196
192 196
193 196
194 196
195 196
1 197
2 197
3 197
4 197
5 197
6 197
7 197
8 197
9 197
10 197
11 197
12 197
13 197
14 197
15 197
16 197
17 197
18 197
19 197
20 197
21 197
22 197
23 197
24 197
25 197
26 197
27 197
28 197
29 197
30 197
31 197
32 197
33 197
34 197
35 197
36 197
37 197
38 197
39 197
40 197
41 197
42 197
43 197
44 197
45 197
46 197
49 197
50 197
51 197
52 197
53 197
54 197
55 197
56 197
57 197
58 197
59 197
60 197
61 197
62 197
63 197
64 197
65 197
66 197
67 197
68 197
69 197
70 197
71 197
72 197
73 197
74 197
75 197
76 197
77 197
78 197
79 197
80 197
81 197
82 197
83 197
84 197
85 197
86 197
87 197
88 197
89 197
90 197
91 197
92 197
93 197
94 197
95 197
96 197
97 197
98 197
99 197
100 197
101 197
102 197
103 197
104 197
105 197
106 197
107 197
108 197
109 197
110 197
111 197
112 197
113 197
114 197
115 197
116 197
117 197
118 197
119 197
120 197
121 197
122 197
123 197
124 197
125 197
126 197
127 197
128 197
129 197
130 197
131 197
132 197
133 197
134 197
135 197
136 197
137 197
138 197
139 197
140 197
141 197
142 197
143 197
144 197
145 197
146 197
147 197
148 197
149 197
150 197
151 197
152 197
153 197
154 197
155 197
156 197
157 197
158 197
159 197
160 197
161 197
162 197
168 197
169 197
170 197
171 197
172 197
173 197
174 197
175 197
176 197
177 197
178 197
179 197
180 197
181 197
182 197
183 197
184 197
185 197
186 197
187 197
190 197
191 197
192 197
193 197
194 197
195 197
196 197
1 198
2 198
3 198
4 198
5 198
6 198
7 198
8 198
9 198
10 198
11 198
12 198
13 198
14 198
15 198
16 198
17 198
18 198
19 198
20 198
21 198
22 198
23 198
24 198
25 198
26 198
27 198
28 198
29 198
30 198
31 198
32 198
33 198
34 198
35 198
36 198
37 198
38 198
39 198
40 198
41 198
42 198
43 198
44 198
45 198
46 198
49 198
50 198
51 198
52 198
53 198
54 198
55 198
56 198
57 198
58 198
59 198
60 198
61 198
62 198
63 198
64 198
65 198
66 198
67 198
68 198
69 198
70 198
71 198
72 198
73 198
74 198
75 198
76 198
77 198
78 198
79 198
80 198
81 198
82 198
83 198
84 198
85 198
86 198
87 198
88 198
89 198
90 198
91 198
92 198
93 198
94 198
95 198
96 198
97 198
98 198
99 198
100 198
101 198
102 198
103 198
104 198
105 198
106 198
107 198
108 198
109 198
110 198
111 198
112 198
113 198
114 198
115 198
116 198
117 198
118 198
119 198
120 198
121 198
122 198
123 198
124 198
125 198
126 198
127 198
128 198
129 198
130 198
131 198
132 198
133 198
134 198
135 198
136 198
137 198
138 198
139 198
140 198
141 198
142 198
143 198
144 198
145 198
146 198
147 198
148 198
149 198
150 198
151 198
152 198
153 198
154 198
155 198
156 198
157 198
158 198
159 198
160 198
161 198
162 198
168 198
169 198
170 198
171 198
172 198
173 198
174 198
175 198
176 198
177 198
178 198
179 198
180 198
181 198
182 198
183 198
184 198
185 198
186 198
187 198
190 198
191 198
192 198
193 198
194 198
195 198
196 198
197 198
1 199
2 199
3 199
4 199
5 199
6 199
7 199
8 199
9 199
10 199
11 199
12 199
13 199
14 199
15 199
16 199
17 199
18 199
19 199
20 199
21 199
22 199
23 199
24 199
25 199
26 199
27 199
28 199
29 199
30 199
31 199
32 199
33 199
34 199
35 199
36 199
37 199
38 199
39 199
40 199
41 199
42 199
43 199
44 199
45 199
46 199
49 199
50 199
51 199
52 199
53 199
54 199
55 199
56 199
57 199
58 199
59 199
60 199
61 199
62 199
63 199
64 199
65 199
66 199
67 199
68 199
69 199
70 199
71 199
72 199
73 199
74 199
75 199
76 199
77 199
78 199
79 199
80 199
81 199
82 199
83 199
84 199
85 199
86 199
87 199
88 199
89 199
90 199
91 199
92 199
93 199
94 199
95 199
96 199
97 199
98 199
99 199
100 199
101 199
102 199
103 199
104 199
105 199
106 199
107 199
108 199
109 199
110 199
111 199
112 199
113 199
114 199
115 199
116 199
117 199
118 199
119 199
120 199
121 199
122 199
123 199
124 199
125 199
126 199
127 199
128 199
129 199
130 199
131 199
132 199
133 199
134 199
135 199
136 199
137 199
138 199
139 199
140 199
141 199
142 199
143 199
144 199
145 199
146 199
147 199
148 199
149 199
150 199
151 199
152 199
153 199
154 199
155 199
156 199
157 199
158 199
159 199
160 199
161 199
162 199
168 199
169 199
170 199
171 199
172 199
173 199
174 199
175 199
176 199
177 199
178 199
179 199
180 199
181 199
182 199
183 199
184 199
185 199
186 199
187 199
190 199
191 199
192 199
193 199
194 199
195 199
196 199
197 199
198 199
1 200
2 200
3 200
4 200
5 200
6 200
7 200
8 200
9 200
10 200
11 200
12 200
13 200
14 200
15 200
16 200
17 200
18 200
19 200
20 200
21 200
22 200
23 200
24 200
25 200
26 200
27 200
28 200
29 200
30 200
31 200
32 200
33 200
34 200
35 200
36 200
37 200
38 200
39 200
40 200
41 200
42 200
43 200
44 200
45 200
46 200
49 200
50 200
51 200
52 200
53 200
54 200
55 200
56 200
57 200
58 200
59 200
60 200
61 200
62 200
63 200
64 200
65 200
66 200
67 200
68 200
69 200
70 200
71 200
72 200
73 200
74 200
75 200
76 200
77 200
78 200
79 200
80 200
81 200
82 200
83 200
84 200
85 200
86 200
87 200
88 200
89 200
90 200
91 200
92 200
93 200
94 200
95 200
96 200
97 200
98 200
99 200
100 200
101 200
102 200
103 200
104 200
105 200
106 200
107 200
108 200
109 200
110 200
111 200
112 200
113 200
114 200
115 200
116 200
117 200
118 200
119 200
120 200
121 200
122 200
123 200
124 200
125 200
126 200
127 200
128 200
129 200
130 200
131 200
132 200
133 200
134 200
135 200
136 200
137 200
138 200
139 200
140 200
141 200
142 200
143 200
144 200
145 200
146 200
147 200
148 200
149 200
150 200
151 200
152 200
153 200
154 200
155 200
156 200
157 200
158 200
159 200
160 200
161 200
162 200
168 200
169 200
170 200
171 200
172 200
173 200
174 200
175 200
176 200
177 200
178 200
179 200
180 200
181 200
182 200
183 200
184 200
185 200
186 200
187 200
190 200
191 200
192 200
193 200
194 200
195 200
196 200
197 200
198 200
199 200
1 201
2 201
3 201
4 201
5 201
6 201
7 201
8 201
9 201
10 201
11 201
12 201
13 201
14 201
15 201
16 201
17 201
18 201
19 201
20 201
21 201
22 201
23 201
24 201
25 201
26 201
27 201
28 201
29 201
30 201
31 201
32 201
33 201
34 201
35 201
36 201
37 201
38 201
39 201
40 201
41 201
42 201
43 201
44 201
45 201
46 201
49 201
50 201
51 201
52 201
53 201
54 201
55 201
56 201
57 201
58 201
59 201
60 201
61 201
62 201
63 201
64 201
65 201
66 201
67 201
68 201
69 201
70 201
71 201
72 201
73 201
74 201
75 201
76 201
77 201
78 201
79 201
80 201
81 201
82 201
83 201
84 201
85 201
86 201
87 201
88 201
89 201
90 201
91 201
92 201
93 201
94 201
95 201
96 201
97 201
98 201
99 201
100 201
101 201
102 201
103 201
104 201
105 201
106 201
107 201
108 201
109 201
110 201
111 201
112 201
113 201
114 201
115 201
116 201
117 201
118 201
119 201
120 201
121 201
122 201
123 201
124 201
125 201
126 201
127 201
128 201
129 201
130 201
131 201
132 201
133 201
134 201
135 201
136 201
137 201
138 201
139 201
140 201
141 201
142 201
143 201
144 201
145 201
146 201
147 201
148 201
149 201
150 201
151 201
152 201
153 201
154 201
155 201
156 201
157 201
158 201
159 201
160 201
161 201
162 201
168 201
169 201
170 201
171 201
172 201
173 201
174 201
175 201
176 201
177 201
178 201
179 201
180 201
181 201
182 201
183 201
184 201
185 201
186 201
187 201
190 201
191 201
192 201
193 201
194 201
195 201
196 201
197 201
198 201
199 201
200 201
1 202
2 202
3 202
4 202
5 202
6 202
7 202
8 202
9 202
10 202
11 202
12 202
13 202
14 202
15 202
16 202
17 202
18 202
19 202
20 202
21 202
22 202
23 202
24 202
25 202
26 202
27 202
28 202
29 202
30 202
31 202
32 202
33 202
34 202
35 202
36 202
37 202
38 202
39 202
40 202
41 202
42 202
43 202
44 202
45 202
46 202
49 202
50 202
51 202
52 202
53 202
54 202
55 202
56 202
57 202
58 202
59 202
60 202
61 202
62 202
63 202
64 202
65 202
66 202
67 202
68 202
69 202
70 202
71 202
72 202
73 202
74 202
75 202
76 202
77 202
78 202
79 202
80 202
81 202
82 202
83 202
84 202
85 202
86 202
87 202
88 202
89 202
90 202
91 202
92 202
93 202
94 202
95 202
96 202
97 202
98 202
99 202
100 202
101 202
102 202
103 202
104 202
105 202
106 202
107 202
108 202
109 202
110 202
111 202
112 202
113 202
114 202
115 202
116 202
117 202
118 202
119 202
120 202
121 202
122 202
123 202
124 202
125 202
126 202
127 202
128 202
129 202
130 202
131 202
132 202
133 202
134 202
135 202
136 202
137 202
138 202
139 202
140 202
141 202
142 202
143 202
144 202
145 202
146 202
147 202
148 202
149 202
150 202
151 202
152 202
153 202
154 202
155 202
156 202
157 202
158 202
159 202
160 202
161 202
162 202
168 202
169 202
170 202
171 202
172 202
173 202
174 202
175 202
176 202
177 202
178 202
179 202
180 202
181 202
182 202
183 202
184 202
185 202
186 202
187 202
190 202
191 202
192 202
193 202
194 202
195 202
196 202
197 202
198 202
199 202
200 202
201 202
1 203
2 203
3 203
4 203
5 203
6 203
7 203
8 203
9 203
10 203
11 203
12 203
13 203
14 203
15 203
16 203
17 203
18 203
19 203
20 203
21 203
22 203
23 203
24 203
25 203
26 203
27 203
28 203
29 203
30 203
31 203
32 203
33 203
34 203
35 203
36 203
37 203
38 203
39 203
40 203
41 203
42 203
43 203
44 203
45 203
46 203
49 203
50 203
51 203
52 203
53 203
54 203
55 203
56 203
57 203
58 203
59 203
60 203
61 203
62 203
63 203
64 203
65 203
66 203
67 203
68 203
69 203
70 203
71 203
72 203
73 203
74 203
75 203
76 203
77 203
78 203
79 203
80 203
81 203
82 203
83 203
84 203
85 203
86 203
87 203
88 203
89 203
90 203
91 203
92 203
93 203
94 203
95 203
96 203
97 203
98 203
99 203
100 203
101 203
102 203
103 203
104 203
105 203
106 203
107 203
108 203
109 203
110 203
111 203
112 203
113 203
114 203
115 203
116 203
117 203
118 203
119 203
120 203
121 203
122 203
123 203
124 203
125 203
126 203
127 203
128 203
129 203
130 203
131 203
132 203
133 203
134 203
135 203
136 203
137 203
138 203
139 203
140 203
141 203
142 203
143 203
144 203
145 203
146 203
147 203
148 203
149 203
150 203
151 203
152 203
153 203
154 203
155 203
156 203
157 203
158 203
159 203
160 203
161 203
162 203
168 203
169 203
170 203
171 203
172 203
173 203
174 203
175 203
176 203
177 203
178 203
179 203
180 203
181 203
182 203
183 203
184 203
185 203
186 203
187 203
190 203
191 203
192 203
193 203
194 203
195 203
196 203
197 203
198 203
199 203
200 203
201 203
202 203
1 204
2 204
3 204
4 204
5 204
6 204
7 204
8 204
9 204
10 204
11 204
12 204
13 204
14 204
15 204
16 204
17 204
18 204
19 204
20 204
21 204
22 204
23 204
24 204
25 204
26 204
27 204
28 204
29 204
30 204
31 204
32 204
33 204
34 204
35 204
36 204
37 204
38 204
39 204
40 204
41 204
42 204
43 204
44 204
45 204
46 204
49 204
50 204
51 204
52 204
53 204
54 204
55 204
56 204
57 204
58 204
59 204
60 204
61 204
62 204
63 204
64 204
65 204
66 204
67 204
68 204
69 204
70 204
71 204
72 204
73 204
74 204
75 204
76 204
77 204
78 204
79 204
80 204
81 204
82 204
83 204
84 204
85 204
86 204
87 204
88 204
89 204
90 204
91 204
92 204
93 204
94 204
95 204
96 204
97 204
98 204
99 204
100 204
101 204
102 204
103 204
104 204
105 204
106 204
107 204
108 204
109 204
110 204
111 204
112 204
113 204
114 204
115 204
116 204
117 204
118 204
119 204
120 204
121 204
122 204
123 204
124 204
125 204
126 204
127 204
128 204
129 204
130 204
131 204
132 204
133 204
134 204
135 204
136 204
137 204
138 204
139 204
140 204
141 204
142 204
143 204
144 204
145 204
146 204
147 204
148 204
149 204
150 204
151 204
152 204
153 204
154 204
155 204
156 204
157 204
158 204
159 204
160 204
161 204
162 204
168 204
169 204
170 204
171 204
172 204
173 204
174 204
175 204
176 204
177 204
178 204
179 204
180 204
181 204
182 204
183 204
184 204
185 204
186 204
187 204
190 204
191 204
192 204
193 204
194 204
195 204
196 204
197 204
198 204
199 204
200 204
201 204
202 204
203 204
1 205
2 205
3 205
4 205
5 205
6 205
7 205
8 205
9 205
10 205
11 205
12 205
13 205
14 205
15 205
16 205
17 205
18 205
19 205
20 205
21 205
22 205
23 205
24 205
25 205
26 205
27 205
28 205
29 205
30 205
31 205
32 205
33 205
34 205
35 205
36 205
37 205
38 205
39 205
40 205
41 205
42 205
43 205
44 205
45 205
46 205
49 205
50 205
51 205
52 205
53 205
54 205
55 205
56 205
57 205
58 205
59 205
60 205
61 205
62 205
63 205
64 205
65 205
66 205
67 205
68 205
69 205
70 205
71 205
72 205
73 205
74 205
75 205
76 205
77 205
78 205
79 205
80 205
81 205
82 205
83 205
84 205
85 205
86 205
87 205
88 205
89 205
90 205
91 205
92 205
93 205
94 205
95 205
96 205
97 205
98 205
99 205
100 205
101 205
102 205
103 205
104 205
105 205
106 205
107 205
108 205
109 205
110 205
111 205
112 205
113 205
114 205
115 205
116 205
117 205
118 205
119 205
120 205
121 205
122 205
123 205
124 205
125 205
126 205
127 205
128 205
129 205
130 205
131 205
132 205
133 205
134 205
135 205
136 205
137 205
138 205
139 205
140 205
141 205
142 205
143 205
144 205
145 205
146 205
147 205
148 205
149 205
150 205
151 205
152 205
153 205
154 205
155 205
156 205
157 205
158 205
159 205
160 205
161 205
162 205
168 205
169 205
170 205
171 205
172 205
173 205
174 205
175 205
176 205
177 205
178 205
179 205
180 205
181 205
182 205
183 205
184 205
185 205
186 205
187 205
190 205
191 205
192 205
193 205
194 205
195 205
196 205
197 205
198 205
199 205
200 205
201 205
202 205
203 205
204 205
1 206
2 206
3 206
4 206
5 206
6 206
7 206
8 206
9 206
10 206
11 206
12 206
13 206
14 206
15 206
16 206
17 206
18 206
19 206
20 206
21 206
22 206
23 206
24 206
25 206
26 206
27 206
28 206
29 206
30 206
31 206
32 206
33 206
34 206
35 206
36 206
37 206
38 206
39 206
40 206
41 206
42 206
43 206
44 206
45 206
46 206
49 206
50 206
51 206
52 206
53 206
54 206
55 206
56 206
57 206
58 206
59 206
60 206
61 206
62 206
63 206
64 206
65 206
66 206
67 206
68 206
69 206
70 206
71 206
72 206
73 206
74 206
75 206
76 206
77 206
78 206
79 206
80 206
81 206
82 206
83 206
84 206
85 206
86 206
87 206
88 206
89 206
90 206
91 206
92 206
93 206
94 206
95 206
96 206
97 206
98 206
99 206
100 206
101 206
102 206
103 206
104 206
105 206
106 206
107 206
108 206
109 206
110 206
111 206
112 206
113 206
114 206
115 206
116 206
117 206
118 206
119 206
120 206
121 206
122 206
123 206
124 206
125 206
126 206
127 206
128 206
129 206
130 206
131 206
132 206
133 206
134 206
135 206
136 206
137 206
138 206
139 206
140 206
141 206
142 206
143 206
144 206
145 206
146 206
147 206
148 206
149 206
150 206
151 206
152 206
153 206
154 206
155 206
156 206
157 206
158 206
159 206
160 206
161 206
162 206
168 206
169 206
170 206
171 206
172 206
173 206
174 206
175 206
176 206
177 206
178 206
179 206
180 206
181 206
182 206
183 206
184 206
185 206
186 206
187 206
190 206
191 206
192 206
193 206
194 206
195 206
196 206
197 206
198 206
199 206
200 206
201 206
202 206
203 206
204 206
205 206
1 207
2 207
3 207
4 207
5 207
6 207
7 207
8 207
9 207
10 207
11 207
12 207
13 207
14 207
15 207
16 207
17 207
18 207
19 207
20 207
21 207
22 207
23 207
24 207
25 207
26 207
27 207
28 207
29 207
30 207
31 207
32 207
33 207
34 207
35 207
36 207
37 207
38 207
39 207
40 207
41 207
42 207
43 207
44 207
45 207
46 207
49 207
50 207
51 207
52 207
53 207
54 207
55 207
56 207
57 207
58 207
59 207
60 207
61 207
62 207
63 207
64 207
65 207
66 207
67 207
68 207
69 207
70 207
71 207
72 207
73 207
74 207
75 207
76 207
77 207
78 207
79 207
80 207
81 207
82 207
83 207
84 207
85 207
86 207
87 207
88 207
89 207
90 207
91 207
92 207
93 207
94 207
95 207
96 207
97 207
98 207
99 207
100 207
101 207
102 207
103 207
104 207
105 207
106 207
107 207
108 207
109 207
110 207
111 207
112 207
113 207
114 207
115 207
116 207
117 207
118 207
119 207
120 207
121 207
122 207
123 207
124 207
125 207
126 207
127 207
128 207
129 207
130 207
131 207
132 207
133 207
134 207
135 207
136 207
137 207
138 207
139 207
140 207
141 207
142 207
143 207
144 207
145 207
146 207
147 207
148 207
149 207
150 207
151 207
152 207
153 207
154 207
155 207
156 207
157 207
158 207
159 207
160 207
161 207
162 207
168 207
169 207
170 207
171 207
172 207
173 207
174 207
175 207
176 207
177 207
178 207
179 207
180 207
181 207
182 207
183 207
184 207
185 207
186 207
187 207
190 207
191 207
192 207
193 207
194 207
195 207
196 207
197 207
198 207
199 207
200 207
201 207
202 207
203 207
204 207
205 207
206 207
1 208
2 208
3 208
4 208
5 208
6 208
7 208
8 208
9 208
10 208
11 208
12 208
13 208
14 208
15 208
16 208
17 208
18 208
19 208
20 208
21 208
22 208
23 208
24 208
25 208
26 208
27 208
28 208
29 208
30 208
31 208
32 208
33 208
34 208
35 208
36 208
37 208
38 208
39 208
40 208
41 208
42 208
43 208
44 208
45 208
46 208
49 208
50 208
51 208
52 208
53 208
54 208
55 208
56 208
57 208
58 208
59 208
60 208
61 208
62 208
63 208
64 208
65 208
66 208
67 208
68 208
69 208
70 208
71 208
72 208
73 208
74 208
75 208
76 208
77 208
78 208
79 208
80 208
81 208
82 208
83 208
84 208
85 208
86 208
87 208
88 208
89 208
90 208
91 208
92 208
93 208
94 208
95 208
96 208
97 208
98 208
99 208
100 208
101 208
102 208
103 208
104 208
105 208
106 208
107 208
108 208
109 208
110 208
111 208
112 208
113 208
114 208
115 208
116 208
117 208
118 208
119 208
120 208
121 208
122 208
123 208
124 208
125 208
126 208
127 208
128 208
129 208
130 208
131 208
132 208
133 208
134 208
135 208
136 208
137 208
138 208
139 208
140 208
141 208
142 208
143 208
144 208
145 208
146 208
147 208
148 208
149 208
150 208
151 208
152 208
153 208
154 208
155 208
156 208
157 208
158 208
159 208
160 208
161 208
162 208
168 208
169 208
170 208
171 208
172 208
173 208
174 208
175 208
176 208
177 208
178 208
179 208
180 208
181 208
182 208
183 208
184 208
185 208
186 208
187 208
190 208
191 208
192 208
193 208
194 208
195 208
196 208
197 208
198 208
199 208
200 208
201 208
202 208
203 208
204 208
205 208
206 208
207 208
1 209
2 209
3 209
4 209
5 209
6 209
7 209
8 209
9 209
10 209
11 209
12 209
13 209
14 209
15 209
16 209
17 209
18 209
19 209
20 209
21 209
22 209
23 209
24 209
25 209
26 209
27 209
28 209
29 209
30 209
31 209
32 209
33 209
34 209
35 209
36 209
37 209
38 209
39 209
40 209
41 209
42 209
43 209
44 209
45 209
46 209
49 209
50 209
51 209
52 209
53 209
54 209
55 209
56 209
57 209
58 209
59 209
60 209
61 209
62 209
63 209
64 209
65 209
66 209
67 209
68 209
69 209
70 209
71 209
72 209
73 209
74 209
75 209
76 209
77 209
78 209
79 209
80 209
81 209
82 209
83 209
84 209
85 209
86 209
87 209
88 209
89 209
90 209
91 209
92 209
93 209
94 209
95 209
96 209
97 209
98 209
99 209
100 209
101 209
102 209
103 209
104 209
105 209
106 209
107 209
108 209
109 209
110 209
111 209
112 209
113 209
114 209
115 209
116 209
117 209
118 209
119 209
120 209
121 209
122 209
123 209
124 209
125 209
126 209
127 209
128 209
129 209
130 209
131 209
132 209
133 209
134 209
135 209
136 209
137 209
138 209
139 209
140 209
141 209
142 209
143 209
144 209
145 209
146 209
147 209
148 209
149 209
150 209
151 209
152 209
153 209
154 209
155 209
156 209
157 209
158 209
159 209
160 209
161 209
162 209
168 209
169 209
170 209
171 209
172 209
173 209
174 209
175 209
176 209
177 209
178 209
179 209
180 209
181 209
182 209
183 209
184 209
185 209
186 209
187 209
190 209
191 209
192 209
193 209
194 209
195 209
196 209
197 209
198 209
199 209
200 209
201 209
202 209
203 209
204 209
205 209
206 209
207 209
208 209
1 210
2 210
3 210
4 210
5 210
6 210
7 210
8 210
9 210
10 210
11 210
12 210
13 210
14 210
15 210
16 210
17 210
18 210
19 210
20 210
21 210
22 210
23 210
24 210
25 210
26 210
27 210
28 210
29 210
30 210
31 210
32 210
33 210
34 210
35 210
36 210
37 210
38 210
39 210
40 210
41 210
42 210
43 210
44 210
45 210
46 210
49 210
50 210
51 210
52 210
53 210
54 210
55 210
56 210
57 210
58 210
59 210
60 210
61 210
62 210
63 210
64 210
65 210
66 210
67 210
68 210
69 210
70 210
71 210
72 210
73 210
74 210
75 210
76 210
77 210
78 210
79 210
80 210
81 210
82 210
83 210
84 210
85 210
86 210
87 210
88 210
89 210
90 210
91 210
92 210
93 210
94 210
95 210
96 210
97 210
98 210
99 210
100 210
101 210
102 210
103 210
104 210
105 210
106 210
107 210
108 210
109 210
110 210
111 210
112 210
113 210
114 210
115 210
116 210
117 210
118 210
119 210
120 210
121 210
122 210
123 210
124 210
125 210
126 210
127 210
128 210
129 210
130 210
131 210
132 210
133 210
134 210
135 210
136 210
137 210
138 210
139 210
140 210
141 210
142 210
143 210
144 210
145 210
146 210
147 210
148 210
149 210
150 210
151 210
152 210
153 210
154 210
155 210
156 210
157 210
158 210
159 210
160 210
161 210
162 210
168 210
169 210
170 210
171 210
172 210
173 210
174 210
175 210
176 210
177 210
178 210
179 210
180 210
181 210
182 210
183 210
184 210
185 210
186 210
187 210
190 210
191 210
192 210
193 210
194 210
195 210
196 210
197 210
198 210
199 210
200 210
201 210
202 210
203 210
204 210
205 210
206 210
207 210
208 210
209 210
1 211
2 211
3 211
4 211
5 211
6 211
7 211
8 211
9 211
10 211
11 211
12 211
13 211
14 211
15 211
16 211
17 211
18 211
19 211
20 211
21 211
22 211
23 211
24 211
25 211
26 211
27 211
28 211
29 211
30 211
31 211
32 211
33 211
34 211
35 211
36 211
37 211
38 211
39 211
40 211
41 211
42 211
43 211
44 211
45 211
46 211
49 211
50 211
51 211
52 211
53 211
54 211
55 211
56 211
57 211
58 211
59 211
60 211
61 211
62 211
63 211
64 211
65 211
66 211
67 211
68 211
69 211
70 211
71 211
72 211
73 211
74 211
75 211
76 211
77 211
78 211
79 211
80 211
81 211
82 211
83 211
84 211
85 211
86 211
87 211
88 211
89 211
90 211
91 211
92 211
93 211
94 211
95 211
96 211
97 211
98 211
99 211
100 211
101 211
102 211
103 211
104 211
105 211
106 211
107 211
108 211
109 211
110 211
111 211
112 211
113 211
114 211
115 211
116 211
117 211
118 211
119 211
120 211
121 211
122 211
123 211
124 211
125 211
126 211
127 211
128 211
129 211
130 211
131 211
132 211
133 211
134 211
135 211
136 211
137 211
138 211
139 211
140 211
141 211
142 211
143 211
144 211
145 211
146 211
147 211
148 211
149 211
150 211
151 211
152 211
153 211
154 211
155 211
156 211
157 211
158 211
159 211
160 211
161 211
162 211
168 211
169 211
170 211
171 211
172 211
173 211
174 211
175 211
176 211
177 211
178 211
179 211
180 211
181 211
182 211
183 211
184 211
185 211
186 211
187 211
190 211
191 211
192 211
193 211
194 211
195 211
196 211
197 211
198 211
199 211
200 211
201 211
202 211
203 211
204 211
205 211
206 211
207 211
208 211
209 211
210 211
1 212
2 212
3 212
4 212
5 212
6 212
7 212
8 212
9 212
10 212
11 212
12 212
13 212
14 212
15 212
16 212
17 212
18 212
19 212
20 212
21 212
22 212
23 212
24 212
25 212
26 212
27 212
28 212
29 212
30 212
31 212
32 212
33 212
34 212
35 212
36 212
37 212
38 212
39 212
40 212
41 212
42 212
43 212
44 212
45 212
46 212
49 212
50 212
51 212
52 212
53 212
54 212
55 212
56 212
57 212
58 212
59 212
60 212
61 212
62 212
63 212
64 212
65 212
66 212
67 212
68 212
69 212
70 212
71 212
72 212
73 212
74 212
75 212
76 212
77 212
78 212
79 212
80 212
81 212
82 212
83 212
84 212
85 212
86 212
87 212
88 212
89 212
90 212
91 212
92 212
93 212
94 212
95 212
96 212
97 212
98 212
99 212
100 212
101 212
102 212
103 212
104 212
105 212
106 212
107 212
108 212
109 212
110 212
111 212
112 212
113 212
114 212
115 212
116 212
117 212
118 212
119 212
120 212
121 212
122 212
123 212
124 212
125 212
126 212
127 212
128 212
129 212
130 212
131 212
132 212
133 212
134 212
135 212
136 212
137 212
138 212
139 212
140 212
141 212
142 212
143 212
144 212
145 212
146 212
147 212
148 212
149 212
150 212
151 212
152 212
153 212
154 212
155 212
156 212
157 212
158 212
159 212
160 212
161 212
162 212
168 212
169 212
170 212
171 212
172 212
173 212
174 212
175 212
176 212
177 212
178 212
179 212
180 212
181 212
182 212
183 212
184 212
185 212
186 212
187 212
190 212
191 212
192 212
193 212
194 212
195 212
196 212
197 212
198 212
199 212
200 212
201 212
202 212
203 212
204 212
205 212
206 212
207 212
208 212
209 212
210 212
211 212
1 213
2 213
3 213
4 213
5 213
6 213
7 213
8 213
9 213
10 213
11 213
12 213
13 213
14 213
15 213
16 213
17 213
18 213
19 213
20 213
21 213
22 213
23 213
24 213
25 213
26 213
27 213
28 213
29 213
30 213
31 213
32 213
33 213
34 213
35 213
36 213
37 213
38 213
39 213
40 213
41 213
42 213
43 213
44 213
45 213
46 213
49 213
50 213
51 213
52 213
53 213
54 213
55 213
56 213
57 213
58 213
59 213
60 213
61 213
62 213
63 213
64 213
65 213
66 213
67 213
68 213
69 213
70 213
71 213
72 213
73 213
74 213
75 213
76 213
77 213
78 213
79 213
80 213
81 213
82 213
83 213
84 213
85 213
86 213
87 213
88 213
89 213
90 213
91 213
92 213
93 213
94 213
95 213
96 213
97 213
98 213
99 213
100 213
101 213
102 213
103 213
104 213
105 213
106 213
107 213
108 213
109 213
110 213
111 213
112 213
113 213
114 213
115 213
116 213
117 213
118 213
119 213
120 213
121 213
122 213
123 213
124 213
125 213
126 213
127 213
128 213
129 213
130 213
131 213
132 213
133 213
134 213
135 213
136 213
137 213
138 213
139 213
140 213
141 213
142 213
143 213
144 213
145 213
146 213
147 213
148 213
149 213
150 213
151 213
152 213
153 213
154 213
155 213
156 213
157 213
158 213
159 213
160 213
161 213
162 213
168 213
169 213
170 213
171 213
172 213
173 213
174 213
175 213
176 213
177 213
178 213
179 213
180 213
181 213
182 213
183 213
184 213
185 213
186 213
187 213
190 213
191 213
192 213
193 213
194 213
195 213
196 213
197 213
198 213
199 213
200 213
201 213
202 213
203 213
204 213
205 213
206 213
207 213
208 213
209 213
210 213
211 213
212 213
1 214
2 214
3 214
4 214
5 214
6 214
7 214
8 214
9 214
10 214
11 214
12 214
13 214
14 214
15 214
16 214
17 214
18 214
19 214
20 214
21 214
22 214
23 214
24 214
25 214
26 214
27 214
28 214
29 214
30 214
31 214
32 214
33 214
34 214
35 214
36 214
37 214
38 214
39 214
40 214
41 214
42 214
43 214
44 214
45 214
46 214
49 214
50 214
51 214
52 214
53 214
54 214
55 214
56 214
57 214
58 214
59 214
60 214
61 214
62 214
63 214
64 214
65 214
66 214
67 214
68 214
69 214
70 214
71 214
72 214
73 214
74 214
75 214
76 214
77 214
78 214
79 214
80 214
81 214
82 214
83 214
84 214
85 214
86 214
87 214
88 214
89 214
90 214
91 214
92 214
93 214
94 214
95 214
96 214
97 214
98 214
99 214
100 214
101 214
102 214
103 214
104 214
105 214
106 214
107 214
108 214
109 214
110 214
111 214
112 214
113 214
114 214
115 214
116 214
117 214
118 214
119 214
120 214
121 214
122 214
123 214
124 214
125 214
126 214
127 214
128 214
129 214
130 214
131 214
132 214
133 214
134 214
135 214
136 214
137 214
138 214
139 214
140 214
141 214
142 214
143 214
144 214
145 214
146 214
147 214
148 214
149 214
150 214
151 214
152 214
153 214
154 214
155 214
156 214
157 214
158 214
159 214
160 214
161 214
162 214
168 214
169 214
170 214
171 214
172 214
173 214
174 214
175 214
176 214
177 214
178 214
179 214
180 214
181 214
182 214
183 214
184 214
185 214
186 214
187 214
190 214
191 214
192 214
193 214
194 214
195 214
196 214
197 214
198 214
199 214
200 214
201 214
202 214
203 214
204 214
205 214
206 214
207 214
208 214
209 214
210 214
211 214
212 214
213 214
1 215
2 215
3 215
4 215
5 215
6 215
7 215
8 215
9 215
10 215
11 215
12 215
13 215
14 215
15 215
16 215
17 215
18 215
19 215
20 215
21 215
22 215
23 215
24 215
25 215
26 215
27 215
28 215
29 215
30 215
31 215
32 215
33 215
34 215
35 215
36 215
37 215
38 215
39 215
40 215
41 215
42 215
43 215
44 215
45 215
46 215
49 215
50 215
51 215
52 215
53 215
54 215
55 215
56 215
57 215
58 215
59 215
60 215
61 215
62 215
63 215
64 215
65 215
66 215
67 215
68 215
69 215
70 215
71 215
72 215
73 215
74 215
75 215
76 215
77 215
78 215
79 215
80 215
81 215
82 215
83 215
84 215
85 215
86 215
87 215
88 215
89 215
90 215
91 215
92 215
93 215
94 215
95 215
96 215
97 215
98 215
99 215
100 215
101 215
102 215
103 215
104 215
105 215
106 215
107 215
108 215
109 215
110 215
111 215
112 215
113 215
114 215
115 215
116 215
117 215
118 215
119 215
120 215
121 215
122 215
123 215
124 215
125 215
126 215
127 215
128 215
129 215
130 215
131 215
132 215
133 215
134 215
135 215
136 215
137 215
138 215
139 215
140 215
141 215
142 215
143 215
144 215
145 215
146 215
147 215
148 215
149 215
150 215
151 215
152 215
153 215
154 215
155 215
156 215
157 215
158 215
159 215
160 215
161 215
162 215
168 215
169 215
170 215
171 215
172 215
173 215
174 215
175 215
176 215
177 215
178 215
179 215
180 215
181 215
182 215
183 215
184 215
185 215
186 215
187 215
190 215
191 215
192 215
193 215
194 215
195 215
196 215
197 215
198 215
199 215
200 215
201 215
202 215
203 215
204 215
205 215
206 215
207 215
208 215
209 215
210 215
211 215
212 215
213 215
214 215
19 216
19 217
216 217
19 218
216 218
217 218
19 219
216 219
217 219
218 219
19 220
216 220
217 220
218 220
219 220
1 221
2 221
3 221
4 221
5 221
6 221
7 221
8 221
9 221
10 221
11 221
12 221
13 221
14 221
15 221
16 221
17 221
18 221
19 221
20 221
21 221
22 221
23 221
24 221
25 221
26 221
27 221
28 221
29 221
30 221
31 221
32 221
33 221
34 221
35 221
36 221
37 221
38 221
39 221
40 221
41 221
42 221
43 221
44 221
45 221
46 221
49 221
50 221
51 221
52 221
53 221
54 221
55 221
56 221
57 221
58 221
59 221
60 221
61 221
62 221
63 221
64 221
65 221
66 221
67 221
68 221
69 221
70 221
71 221
72 221
73 221
74 221
75 221
76 221
77 221
78 221
79 221
80 221
81 221
82 221
83 221
84 221
85 221
86 221
87 221
88 221
89 221
90 221
91 221
92 221
93 221
94 221
95 221
96 221
97 221
98 221
99 221
100 221
101 221
102 221
103 221
104 221
105 221
106 221
107 221
108 221
109 221
110 221
111 221
112 221
113 221
114 221
115 221
116 221
117 221
118 221
119 221
120 221
121 221
122 221
123 221
124 221
125 221
126 221
127 221
128 221
129 221
130 221
131 221
132 221
133 221
134 221
135 221
136 221
137 221
138 221
139 221
140 221
141 221
142 221
143 221
144 221
145 221
146 221
147 221
148 221
149 221
150 221
151 221
152 221
153 221
154 221
155 221
156 221
157 221
158 221
159 221
160 221
161 221
162 221
168 221
169 221
170 221
171 221
172 221
173 221
174 221
175 221
176 221
177 221
178 221
179 221
180 221
181 221
182 221
183 221
184 221
185 221
186 221
187 221
190 221
191 221
192 221
193 221
194 221
195 221
196 221
197 221
198 221
199 221
200 221
201 221
202 221
203 221
204 221
205 221
206 221
207 221
208 221
209 221
210 221
211 221
212 221
213 221
214 221
215 221
1 222
2 222
3 222
4 222
5 222
6 222
7 222
8 222
9 222
10 222
11 222
12 222
13 222
14 222
15 222
16 222
17 222
18 222
19 222
20 222
21 222
22 222
23 222
24 222
25 222
26 222
27 222
28 222
29 222
30 222
31 222
32 222
33 222
34 222
35 222
36 222
37 222
38 222
39 222
40 222
41 222
42 222
43 222
44 222
45 222
46 222
49 222
50 222
51 222
52 222
53 222
54 222
55 222
56 222
57 222
58 222
59 222
60 222
61 222
62 222
63 222
64 222
65 222
66 222
67 222
68 222
69 222
70 222
71 222
72 222
73 222
74 222
75 222
76 222
77 222
78 222
79 222
80 222
81 222
82 222
83 222
84 222
85 222
86 222
87 222
88 222
89 222
90 222
91 222
92 222
93 222
94 222
95 222
96 222
97 222
98 222
99 222
100 222
101 222
102 222
103 222
104 222
105 222
106 222
107 222
108 222
109 222
110 222
111 222
112 222
113 222
114 222
115 222
116 222
117 222
118 222
119 222
120 222
121 222
122 222
123 222
124 222
125 222
126 222
127 222
128 222
129 222
130 222
131 222
132 222
133 222
134 222
135 222
136 222
137 222
138 222
139 222
140 222
141 222
142 222
143 222
144 222
145 222
146 222
147 222
148 222
149 222
150 222
151 222
152 222
153 222
154 222
155 222
156 222
157 222
158 222
159 222
160 222
161 222
162 222
168 222
169 222
170 222
171 222
172 222
173 222
174 222
175 222
176 222
177 222
178 222
179 222
180 222
181 222
182 222
183 222
184 222
185 222
186 222
187 222
190 222
191 222
192 222
193 222
194 222
195 222
196 222
197 222
198 222
199 222
200 222
201 222
202 222
203 222
204 222
205 222
206 222
207 222
208 222
209 222
210 222
211 222
212 222
213 222
214 222
215 222
221 222
1 223
2 223
3 223
4 223
5 223
6 223
7 223
8 223
9 223
10 223
11 223
12 223
13 223
14 223
15 223
16 223
17 223
18 223
19 223
20 223
21 223
22 223
23 223
24 223
25 223
26 223
27 223
28 223
29 223
30 223
31 223
32 223
33 223
34 223
35 223
36 223
37 223
38 223
39 223
40 223
41 223
42 223
43 223
44 223
45 223
46 223
49 223
50 223
51 223
52 223
53 223
54 223
55 223
56 223
57 223
58 223
59 223
60 223
61 223
62 223
63 223
64 223
65 223
66 223
67 223
68 223
69 223
70 223
71 223
72 223
73 223
74 223
75 223
76 223
77 223
78 223
79 223
80 223
81 223
82 223
83 223
84 223
85 223
86 223
87 223
88 223
89 223
90 223
91 223
92 223
93 223
94 223
95 223
96 223
97 223
98 223
99 223
100 223
101 223
102 223
103 223
104 223
105 223
106 223
107 223
108 223
109 223
110 223
111 223
112 223
113 223
114 223
115 223
116 223
117 223
118 223
119 223
120 223
121 223
122 223
123 223
124 223
125 223
126 223
127 223
128 223
129 223
130 223
131 223
132 223
133 223
134 223
135 223
136 223
137 223
138 223
139 223
140 223
141 223
142 223
143 223
144 223
145 223
146 223
147 223
148 223
149 223
150 223
151 223
152 223
153 223
154 223
155 223
156 223
157 223
158 223
159 223
160 223
161 223
162 223
168 223
169 223
170 223
171 223
172 223
173 223
174 223
175 223
176 223
177 223
178 223
179 223
180 223
181 223
182 223
183 223
184 223
185 223
186 223
187 223
190 223
191 223
192 223
193 223
194 223
195 223
196 223
197 223
198 223
199 223
200 223
201 223
202 223
203 223
204 223
205 223
206 223
207 223
208 223
209 223
210 223
211 223
212 223
213 223
214 223
215 223
221 223
222 223
1 224
2 224
3 224
4 224
5 224
6 224
7 224
8 224
9 224
10 224
11 224
12 224
13 224
14 224
15 224
16 224
17 224
18 224
19 224
20 224
21 224
22 224
23 224
24 224
25 224
26 224
27 224
28 224
29 224
30 224
31 224
32 224
33 224
34 224
35 224
36 224
37 224
38 224
39 224
40 224
41 224
42 224
43 224
44 224
45 224
46 224
49 224
50 224
51 224
52 224
53 224
54 224
55 224
56 224
57 224
58 224
59 224
60 224
61 224
62 224
63 224
64 224
65 224
66 224
67 224
68 224
69 224
70 224
71 224
72 224
73 224
74 224
75 224
76 224
77 224
78 224
79 224
80 224
81 224
82 224
83 224
84 224
85 224
86 224
87 224
88 224
89 224
90 224
91 224
92 224
93 224
94 224
95 224
96 224
97 224
98 224
99 224
100 224
101 224
102 224
103 224
104 224
105 224
106 224
107 224
108 224
109 224
110 224
111 224
112 224
113 224
114 224
115 224
116 224
117 224
118 224
119 224
120 224
121 224
122 224
123 224
124 224
125 224
126 224
127 224
128 224
129 224
130 224
131 224
132 224
133 224
134 224
135 224
136 224
137 224
138 224
139 224
140 224
141 224
142 224
143 224
144 224
145 224
146 224
147 224
148 224
149 224
150 224
151 224
152 224
153 224
154 224
155 224
156 224
157 224
158 224
159 224
160 224
161 224
162 224
168 224
169 224
170 224
171 224
172 224
173 224
174 224
175 224
176 224
177 224
178 224
179 224
180 224
181 224
182 224
183 224
184 224
185 224
186 224
187 224
190 224
191 224
192 224
193 224
194 224
195 224
196 224
197 224
198 224
199 224
200 224
201 224
202 224
203 224
204 224
205 224
206 224
207 224
208 224
209 224
210 224
211 224
212 224
213 224
214 224
215 224
221 224
222 224
223 224
1 225
2 225
3 225
4 225
5 225
6 225
7 225
8 225
9 225
10 225
11 225
12 225
13 225
14 225
15 225
16 225
17 225
18 225
19 225
20 225
21 225
22 225
23 225
24 225
25 225
26 225
27 225
28 225
29 225
30 225
31 225
32 225
33 225
34 225
35 225
36 225
37 225
38 225
39 225
40 225
41 225
42 225
43 225
44 225
45 225
46 225
49 225
50 225
51 225
52 225
53 225
54 225
55 225
56 225
57 225
58 225
59 225
60 225
61 225
62 225
63 225
64 225
65 225
66 225
67 225
68 225
69 225
70 225
71 225
72 225
73 225
74 225
75 225
76 225
77 225
78 225
79 225
80 225
81 225
82 225
83 225
84 225
85 225
86 225
87 225
88 225
89 225
90 225
91 225
92 225
93 225
94 225
95 225
96 225
97 225
98 225
99 225
100 225
101 225
102 225
103 225
104 225
105 225
106 225
107 225
108 225
109 225
110 225
111 225
112 225
113 225
114 225
115 225
116 225
117 225
118 225
119 225
120 225
121 225
122 225
123 225
124 225
125 225
126 225
127 225
128 225
129 225
130 225
131 225
132 225
133 225
134 225
135 225
136 225
137 225
138 225
139 225
140 225
141 225
142 225
143 225
144 225
145 225
146 225
147 225
148 225
149 225
150 225
151 225
152 225
153 225
154 225
155 225
156 225
157 225
158 225
159 225
160 225
161 225
162 225
168 225
169 225
170 225
171 225
172 225
173 225
174 225
175 225
176 225
177 225
178 225
179 225
180 225
181 225
182 225
183 225
184 225
185 225
186 225
187 225
190 225
191 225
192 225
193 225
194 225
195 225
196 225
197 225
198 225
199 225
200 225
201 225
202 225
203 225
204 225
205 225
206 225
207 225
208 225
209 225
210 225
211 225
212 225
213 225
214 225
215 225
221 225
222 225
223 225
224 225
1 226
2 226
3 226
4 226
5 226
6 226
7 226
8 226
9 226
10 226
11 226
12 226
13 226
14 226
15 226
16 226
17 226
18 226
19 226
20 226
21 226
22 226
23 226
24 226
25 226
26 226
27 226
28 226
29 226
30 226
31 226
32 226
33 226
34 226
35 226
36 226
37 226
38 226
39 226
40 226
41 226
42 226
43 226
44 226
45 226
46 226
49 226
50 226
51 226
52 226
53 226
54 226
55 226
56 226
57 226
58 226
59 226
60 226
61 226
62 226
63 226
64 226
65 226
66 226
67 226
68 226
69 226
70 226
71 226
72 226
73 226
74 226
75 226
76 226
77 226
78 226
79 226
80 226
81 226
82 226
83 226
84 226
85 226
86 226
87 226
88 226
89 226
90 226
91 226
92 226
93 226
94 226
95 226
96 226
97 226
98 226
99 226
100 226
101 226
102 226
103 226
104 226
105 226
106 226
107 226
108 226
109 226
110 226
111 226
112 226
113 226
114 226
115 226
116 226
117 226
118 226
119 226
120 226
121 226
122 226
123 226
124 226
125 226
126 226
127 226
128 226
129 226
130 226
131 226
132 226
133 226
134 226
135 226
136 226
137 226
138 226
139 226
140 226
141 226
142 226
143 226
144 226
145 226
146 226
147 226
148 226
149 226
150 226
151 226
152 226
153 226
154 226
155 226
156 226
157 226
158 226
159 226
160 226
161 226
162 226
168 226
169 226
170 226
171 226
172 226
173 226
174 226
175 226
176 226
177 226
178 226
179 226
180 226
181 226
182 226
183 226
184 226
185 226
186 226
187 226
190 226
191 226
192 226
193 226
194 226
195 226
196 226
197 226
198 226
199 226
200 226
201 226
202 226
203 226
204 226
205 226
206 226
207 226
208 226
209 226
210 226
211 226
212 226
213 226
214 226
215 226
221 226
222 226
223 226
224 226
225 226
1 227
2 227
3 227
4 227
5 227
6 227
7 227
8 227
9 227
10 227
11 227
12 227
13 227
14 227
15 227
16 227
17 227
18 227
19 227
20 227
21 227
22 227
23 227
24 227
25 227
26 227
27 227
28 227
29 227
30 227
31 227
32 227
33 227
34 227
35 227
36 227
37 227
38 227
39 227
40 227
41 227
42 227
43 227
44 227
45 227
46 227
49 227
50 227
51 227
52 227
53 227
54 227
55 227
56 227
57 227
58 227
59 227
60 227
61 227
62 227
63 227
64 227
65 227
66 227
67 227
68 227
69 227
70 227
71 227
72 227
73 227
74 227
75 227
76 227
77 227
78 227
79 227
80 227
81 227
82 227
83 227
84 227
85 227
86 227
87 227
88 227
89 227
90 227
91 227
92 227
93 227
94 227
95 227
96 227
97 227
98 227
99 227
100 227
101 227
102 227
103 227
104 227
105 227
106 227
107 227
108 227
109 227
110 227
111 227
112 227
113 227
114 227
115 227
116 227
117 227
118 227
119 227
120 227
121 227
122 227
123 227
124 227
125 227
126 227
127 227
128 227
129 227
130 227
131 227
132 227
133 227
134 227
135 227
136 227
137 227
138 227
139 227
140 227
141 227
142 227
143 227
144 227
145 227
146 227
147 227
148 227
149 227
150 227
151 227
152 227
153 227
154 227
155 227
156 227
157 227
158 227
159 227
160 227
161 227
162 227
168 227
169 227
170 227
171 227
172 227
173 227
174 227
175 227
176 227
177 227
178 227
179 227
180 227
181 227
182 227
183 227
184 227
185 227
186 227
187 227
190 227
191 227
192 227
193 227
194 227
195 227
196 227
197 227
198 227
199 227
200 227
201 227
202 227
203 227
204 227
205 227
206 227
207 227
208 227
209 227
210 227
211 227
212 227
213 227
214 227
215 227
221 227
222 227
223 227
224 227
225 227
226 227
1 228
2 228
3 228
4 228
5 228
6 228
7 228
8 228
9 228
10 228
11 228
12 228
13 228
14 228
15 228
16 228
17 228
18 228
19 228
20 228
21 228
22 228
23 228
24 228
25 228
26 228
27 228
28 228
29 228
30 228
31 228
32 228
33 228
34 228
35 228
36 228
37 228
38 228
39 228
40 228
41 228
42 228
43 228
44 228
45 228
46 228
49 228
50 228
51 228
52 228
53 228
54 228
55 228
56 228
57 228
58 228
59 228
60 228
61 228
62 228
63 228
64 228
65 228
66 228
67 228
68 228
69 228
70 228
71 228
72 228
73 228
74 228
75 228
76 228
77 228
78 228
79 228
80 228
81 228
82 228
83 228
84 228
85 228
86 228
87 228
88 228
89 228
90 228
91 228
92 228
93 228
94 228
95 228
96 228
97 228
98 228
99 228
100 228
101 228
102 228
103 228
104 228
105 228
106 228
107 228
108 228
109 228
110 228
111 228
112 228
113 228
114 228
115 228
116 228
117 228
118 228
119 228
120 228
121 228
122 228
123 228
124 228
125 228
126 228
127 228
128 228
129 228
130 228
131 228
132 228
133 228
134 228
135 228
136 228
137 228
138 228
139 228
140 228
141 228
142 228
143 228
144 228
145 228
146 228
147 228
148 228
149 228
150 228
151 228
152 228
153 228
154 228
155 228
156 228
157 228
158 228
159 228
160 228
161 228
162 228
168 228
169 228
170 228
171 228
172 228
173 228
174 228
175 228
176 228
177 228
178 228
179 228
180 228
181 228
182 228
183 228
184 228
185 228
186 228
187 228
190 228
191 228
192 228
193 228
194 228
195 228
196 228
197 228
198 228
199 228
200 228
201 228
202 228
203 228
204 228
205 228
206 228
207 228
208 228
209 228
210 228
211 228
212 228
213 228
214 228
215 228
221 228
222 228
223 228
224 228
225 228
226 228
227 228
1 229
2 229
3 229
4 229
5 229
6 229
7 229
8 229
9 229
10 229
11 229
12 229
13 229
14 229
15 229
16 229
17 229
18 229
19 229
20 229
21 229
22 229
23 229
24 229
25 229
26 229
27 229
28 229
29 229
30 229
31 229
32 229
33 229
34 229
35 229
36 229
37 229
38 229
39 229
40 229
41 229
42 229
43 229
44 229
45 229
46 229
49 229
50 229
51 229
52 229
53 229
54 229
55 229
56 229
57 229
58 229
59 229
60 229
61 229
62 229
63 229
64 229
65 229
66 229
67 229
68 229
69 229
70 229
71 229
72 229
73 229
74 229
75 229
76 229
77 229
78 229
79 229
80 229
81 229
82 229
83 229
84 229
85 229
86 229
87 229
88 229
89 229
90 229
91 229
92 229
93 229
94 229
95 229
96 229
97 229
98 229
99 229
100 229
101 229
102 229
103 229
104 229
105 229
106 229
107 229
108 229
109 229
110 229
111 229
112 229
113 229
114 229
115 229
116 229
117 229
118 229
119 229
120 229
121 229
122 229
123 229
124 229
125 229
126 229
127 229
128 229
129 229
130 229
131 229
132 229
133 229
134 229
135 229
136 229
137 229
138 229
139 229
140 229
141 229
142 229
143 229
144 229
145 229
146 229
147 229
148 229
149 229
150 229
151 229
152 229
153 229
154 229
155 229
156 229
157 229
158 229
159 229
160 229
161 229
162 229
168 229
169 229
170 229
171 229
172 229
173 229
174 229
175 229
176 229
177 229
178 229
179 229
180 229
181 229
182 229
183 229
184 229
185 229
186 229
187 229
190 229
191 229
192 229
193 229
194 229
195 229
196 229
197 229
198 229
199 229
200 229
201 229
202 229
203 229
204 229
205 229
206 229
207 229
208 229
209 229
210 229
211 229
212 229
213 229
214 229
215 229
221 229
222 229
223 229
224 229
225 229
226 229
227 229
228 229
1 230
2 230
3 230
4 230
5 230
6 230
7 230
8 230
9 230
10 230
11 230
12 230
13 230
14 230
15 230
16 230
17 230
18 230
19 230
20 230
21 230
22 230
23 230
24 230
25 230
26 230
27 230
28 230
29 230
30 230
31 230
32 230
33 230
34 230
35 230
36 230
37 230
38 230
39 230
40 230
41 230
42 230
43 230
44 230
45 230
46 230
49 230
50 230
51 230
52 230
53 230
54 230
55 230
56 230
57 230
58 230
59 230
60 230
61 230
62 230
63 230
64 230
65 230
66 230
67 230
68 230
69 230
70 230
71 230
72 230
73 230
74 230
75 230
76 230
77 230
78 230
79 230
80 230
81 230
82 230
83 230
84 230
85 230
86 230
87 230
88 230
89 230
90 230
91 230
92 230
93 230
94 230
95 230
96 230
97 230
98 230
99 230
100 230
101 230
102 230
103 230
104 230
105 230
106 230
107 230
108 230
109 230
110 230
111 230
112 230
113 230
114 230
115 230
116 230
117 230
118 230
119 230
120 230
121 230
122 230
123 230
124 230
125 230
126 230
127 230
128 230
129 230
130 230
131 230
132 230
133 230
134 230
135 230
136 230
137 230
138 230
139 230
140 230
141 230
142 230
143 230
144 230
145 230
146 230
147 230
148 230
149 230
150 230
151 230
152 230
153 230
154 230
155 230
156 230
157 230
158 230
159 230
160 230
161 230
162 230
168 230
169 230
170 230
171 230
172 230
173 230
174 230
175 230
176 230
177 230
178 230
179 230
180 230
181 230
182 230
183 230
184 230
185 230
186 230
187 230
190 230
191 230
192 230
193 230
194 230
195 230
196 230
197 230
198 230
199 230
200 230
201 230
202 230
203 230
204 230
205 230
206 230
207 230
208 230
209 230
210 230
211 230
212 230
213 230
214 230
215 230
221 230
222 230
223 230
224 230
225 230
226 230
227 230
228 230
229 230
1 231
2 231
3 231
4 231
5 231
6 231
7 231
8 231
9 231
10 231
11 231
12 231
13 231
14 231
15 231
16 231
17 231
18 231
19 231
20 231
21 231
22 231
23 231
24 231
25 231
26 231
27 231
28 231
29 231
30 231
31 231
32 231
33 231
34 231
35 231
36 231
37 231
38 231
39 231
40 231
41 231
42 231
43 231
44 231
45 231
46 231
49 231
50 231
51 231
52 231
53 231
54 231
55 231
56 231
57 231
58 231
59 231
60 231
61 231
62 231
63 231
64 231
65 231
66 231
67 231
68 231
69 231
70 231
71 231
72 231
73 231
74 231
75 231
76 231
77 231
78 231
79 231
80 231
81 231
82 231
83 231
84 231
85 231
86 231
87 231
88 231
89 231
90 231
91 231
92 231
93 231
94 231
95 231
96 231
97 231
98 231
99 231
100 231
101 231
102 231
103 231
104 231
105 231
106 231
107 231
108 231
109 231
110 231
111 231
112 231
113 231
114 231
115 231
116 231
117 231
118 231
119 231
120 231
121 231
122 231
123 231
124 231
125 231
126 231
127 231
128 231
129 231
130 231
131 231
132 231
133 231
134 231
135 231
136 231
137 231
138 231
139 231
140 231
141 231
142 231
143 231
144 231
145 231
146 231
147 231
148 231
149 231
150 231
151 231
152 231
153 231
154 231
155 231
156 231
157 231
158 231
159 231
160 231
161 231
162 231
168 231
169 231
170 231
171 231
172 231
173 231
174 231
175 231
176 231
177 231
178 231
179 231
180 231
181 231
182 231
183 231
184 231
185 231
186 231
187 231
190 231
191 231
192 231
193 231
194 231
195 231
196 231
197 231
198 231
199 231
200 231
201 231
202 231
203 231
204 231
205 231
206 231
207 231
208 231
209 231
210 231
211 231
212 231
213 231
214 231
215 231
221 231
222 231
223 231
224 231
225 231
226 231
227 231
228 231
229 231
230 231
1 232
2 232
3 232
4 232
5 232
6 232
7 232
8 232
9 232
10 232
11 232
12 232
13 232
14 232
15 232
16 232
17 232
18 232
19 232
20 232
21 232
22 232
23 232
24 232
25 232
26 232
27 232
28 232
29 232
30 232
31 232
32 232
33 232
34 232
35 232
36 232
37 232
38 232
39 232
40 232
41 232
42 232
43 232
44 232
45 232
46 232
49 232
50 232
51 232
52 232
53 232
54 232
55 232
56 232
57 232
58 232
59 232
60 232
61 232
62 232
63 232
64 232
65 232
66 232
67 232
68 232
69 232
70 232
71 232
72 232
73 232
74 232
75 232
76 232
77 232
78 232
79 232
80 232
81 232
82 232
83 232
84 232
85 232
86 232
87 232
88 232
89 232
90 232
91 232
92 232
93 232
94 232
95 232
96 232
97 232
98 232
99 232
100 232
101 232
102 232
103 232
104 232
105 232
106 232
107 232
108 232
109 232
110 232
111 232
112 232
113 232
114 232
115 232
116 232
117 232
118 232
119 232
120 232
121 232
122 232
123 232
124 232
125 232
126 232
127 232
128 232
129 232
130 232
131 232
132 232
133 232
134 232
135 232
136 232
137 232
138 232
139 232
140 232
141 232
142 232
143 232
144 232
145 232
146 232
147 232
148 232
149 232
150 232
151 232
152 232
153 232
154 232
155 232
156 232
157 232
158 232
159 232
160 232
161 232
162 232
168 232
169 232
170 232
171 232
172 232
173 232
174 232
175 232
176 232
177 232
178 232
179 232
180 232
181 232
182 232
183 232
184 232
185 232
186 232
187 232
190 232
191 232
192 232
193 232
194 232
195 232
196 232
197 232
198 232
199 232
200 232
201 232
202 232
203 232
204 232
205 232
206 232
207 232
208 232
209 232
210 232
211 232
212 232
213 232
214 232
215 232
221 232
222 232
223 232
224 232
225 232
226 232
227 232
228 232
229 232
230 232
231 232
1 233
2 233
3 233
4 233
5 233
6 233
7 233
8 233
9 233
10 233
11 233
12 233
13 233
14 233
15 233
16 233
17 233
18 233
19 233
20 233
21 233
22 233
23 233
24 233
25 233
26 233
27 233
28 233
29 233
30 233
31 233
32 233
33 233
34 233
35 233
36 233
37 233
38 233
39 233
40 233
41 233
42 233
43 233
44 233
45 233
46 233
49 233
50 233
51 233
52 233
53 233
54 233
55 233
56 233
57 233
58 233
59 233
60 233
61 233
62 233
63 233
64 233
65 233
66 233
67 233
68 233
69 233
70 233
71 233
72 233
73 233
74 233
75 233
76 233
77 233
78 233
79 233
80 233
81 233
82 233
83 233
84 233
85 233
86 233
87 233
88 233
89 233
90 233
91 233
92 233
93 233
94 233
95 233
96 233
97 233
98 233
99 233
100 233
101 233
102 233
103 233
104 233
105 233
106 233
107 233
108 233
109 233
110 233
111 233
112 233
113 233
114 233
115 233
116 233
117 233
118 233
119 233
120 233
121 233
122 233
123 233
124 233
125 233
126 233
127 233
128 233
129 233
130 233
131 233
132 233
133 233
134 233
135 233
136 233
137 233
138 233
139 233
140 233
141 233
142 233
143 233
144 233
145 233
146 233
147 233
148 233
149 233
150 233
151 233
152 233
153 233
154 233
155 233
156 233
157 233
158 233
159 233
160 233
161 233
162 233
168 233
169 233
170 233
171 233
172 233
173 233
174 233
175 233
176 233
177 233
178 233
179 233
180 233
181 233
182 233
183 233
184 233
185 233
186 233
187 233
190 233
191 233
192 233
193 233
194 233
195 233
196 233
197 233
198 233
199 233
200 233
201 233
202 233
203 233
204 233
205 233
206 233
207 233
208 233
209 233
210 233
211 233
212 233
213 233
214 233
215 233
221 233
222 233
223 233
224 233
225 233
226 233
227 233
228 233
229 233
230 233
231 233
232 233
1 234
2 234
3 234
4 234
5 234
6 234
7 234
8 234
9 234
10 234
11 234
12 234
13 234
14 234
15 234
16 234
17 234
18 234
19 234
20 234
21 234
22 234
23 234
24 234
25 234
26 234
27 234
28 234
29 234
30 234
31 234
32 234
33 234
34 234
35 234
36 234
37 234
38 234
39 234
40 234
41 234
42 234
43 234
44 234
45 234
46 234
49 234
50 234
51 234
52 234
53 234
54 234
55 234
56 234
57 234
58 234
59 234
60 234
61 234
62 234
63 234
64 234
65 234
66 234
67 234
68 234
69 234
70 234
71 234
72 234
73 234
74 234
75 234
76 234
77 234
78 234
79 234
80 234
81 234
82 234
83 234
84 234
85 234
86 234
87 234
88 234
89 234
90 234
91 234
92 234
93 234
94 234
95 234
96 234
97 234
98 234
99 234
100 234
101 234
102 234
103 234
104 234
105 234
106 234
107 234
108 234
109 234
110 234
111 234
112 234
113 234
114 234
115 234
116 234
117 234
118 234
119 234
120 234
121 234
122 234
123 234
124 234
125 234
126 234
127 234
128 234
129 234
130 234
131 234
132 234
133 234
134 234
135 234
136 234
137 234
138 234
139 234
140 234
141 234
142 234
143 234
144 234
145 234
146 234
147 234
148 234
149 234
150 234
151 234
152 234
153 234
154 234
155 234
156 234
157 234
158 234
159 234
160 234
161 234
162 234
168 234
169 234
170 234
171 234
172 234
173 234
174 234
175 234
176 234
177 234
178 234
179 234
180 234
181 234
182 234
183 234
184 234
185 234
186 234
187 234
190 234
191 234
192 234
193 234
194 234
195 234
196 234
197 234
198 234
199 234
200 234
201 234
202 234
203 234
204 234
205 234
206 234
207 234
208 234
209 234
210 234
211 234
212 234
213 234
214 234
215 234
221 234
222 234
223 234
224 234
225 234
226 234
227 234
228 234
229 234
230 234
231 234
232 234
233 234
1 235
2 235
3 235
4 235
5 235
6 235
7 235
8 235
9 235
10 235
11 235
12 235
13 235
14 235
15 235
16 235
17 235
18 235
19 235
20 235
21 235
22 235
23 235
24 235
25 235
26 235
27 235
28 235
29 235
30 235
31 235
32 235
33 235
34 235
35 235
36 235
37 235
38 235
39 235
40 235
41 235
42 235
43 235
44 235
45 235
46 235
49 235
50 235
51 235
52 235
53 235
54 235
55 235
56 235
57 235
58 235
59 235
60 235
61 235
62 235
63 235
64 235
65 235
66 235
67 235
68 235
69 235
70 235
71 235
72 235
73 235
74 235
75 235
76 235
77 235
78 235
79 235
80 235
81 235
82 235
83 235
84 235
85 235
86 235
87 235
88 235
89 235
90 235
91 235
92 235
93 235
94 235
95 235
96 235
97 235
98 235
99 235
100 235
101 235
102 235
103 235
104 235
105 235
106 235
107 235
108 235
109 235
110 235
111 235
112 235
113 235
114 235
115 235
116 235
117 235
118 235
119 235
120 235
121 235
122 235
123 235
124 235
125 235
126 235
127 235
128 235
129 235
130 235
131 235
132 235
133 235
134 235
135 235
136 235
137 235
138 235
139 235
140 235
141 235
142 235
143 235
144 235
145 235
146 235
147 235
148 235
149 235
150 235
151 235
152 235
153 235
154 235
155 235
156 235
157 235
158 235
159 235
160 235
161 235
162 235
168 235
169 235
170 235
171 235
172 235
173 235
174 235
175 235
176 235
177 235
178 235
179 235
180 235
181 235
182 235
183 235
184 235
185 235
186 235
187 235
190 235
191 235
192 235
193 235
194 235
195 235
196 235
197 235
198 235
199 235
200 235
201 235
202 235
203 235
204 235
205 235
206 235
207 235
208 235
209 235
210 235
211 235
212 235
213 235
214 235
215 235
221 235
222 235
223 235
224 235
225 235
226 235
227 235
228 235
229 235
230 235
231 235
232 235
233 235
234 235
1 236
2 236
3 236
4 236
5 236
6 236
7 236
8 236
9 236
10 236
11 236
12 236
13 236
14 236
15 236
16 236
17 236
18 236
19 236
20 236
21 236
22 236
23 236
24 236
25 236
26 236
27 236
28 236
29 236
30 236
31 236
32 236
33 236
34 236
35 236
36 236
37 236
38 236
39 236
40 236
41 236
42 236
43 236
44 236
45 236
46 236
49 236
50 236
51 236
52 236
53 236
54 236
55 236
56 236
57 236
58 236
59 236
60 236
61 236
62 236
63 236
64 236
65 236
66 236
67 236
68 236
69 236
70 236
71 236
72 236
73 236
74 236
75 236
76 236
77 236
78 236
79 236
80 236
81 236
82 236
83 236
84 236
85 236
86 236
87 236
88 236
89 236
90 236
91 236
92 236
93 236
94 236
95 236
96 236
97 236
98 236
99 236
100 236
101 236
102 236
103 236
104 236
105 236
106 236
107 236
108 236
109 236
110 236
111 236
112 236
113 236
114 236
115 236
116 236
117 236
118 236
119 236
120 236
121 236
122 236
123 236
124 236
125 236
126 236
127 236
128 236
129 236
130 236
131 236
132 236
133 236
134 236
135 236
136 236
137 236
138 236
139 236
140 236
141 236
142 236
143 236
144 236
145 236
146 236
147 236
148 236
149 236
150 236
151 236
152 236
153 236
154 236
155 236
156 236
157 236
158 236
159 236
160 236
161 236
162 236
168 236
169 236
170 236
171 236
172 236
173 236
174 236
175 236
176 236
177 236
178 236
179 236
180 236
181 236
182 236
183 236
184 236
185 236
186 236
187 236
190 236
191 236
192 236
193 236
194 236
195 236
196 236
197 236
198 236
199 236
200 236
201 236
202 236
203 236
204 236
205 236
206 236
207 236
208 236
209 236
210 236
211 236
212 236
213 236
214 236
215 236
221 236
222 236
223 236
224 236
225 236
226 236
227 236
228 236
229 236
230 236
231 236
232 236
233 236
234 236
235 236
1 237
2 237
3 237
4 237
5 237
6 237
7 237
8 237
9 237
10 237
11 237
12 237
13 237
14 237
15 237
16 237
17 237
18 237
19 237
20 237
21 237
22 237
23 237
24 237
25 237
26 237
27 237
28 237
29 237
30 237
31 237
32 237
33 237
34 237
35 237
36 237
37 237
38 237
39 237
40 237
41 237
42 237
43 237
44 237
45 237
46 237
49 237
50 237
51 237
52 237
53 237
54 237
55 237
56 237
57 237
58 237
59 237
60 237
61 237
62 237
63 237
64 237
65 237
66 237
67 237
68 237
69 237
70 237
71 237
72 237
73 237
74 237
75 237
76 237
77 237
78 237
79 237
80 237
81 237
82 237
83 237
84 237
85 237
86 237
87 237
88 237
89 237
90 237
91 237
92 237
93 237
94 237
95 237
96 237
97 237
98 237
99 237
100 237
101 237
102 237
103 237
104 237
105 237
106 237
107 237
108 237
109 237
110 237
111 237
112 237
113 237
114 237
115 237
116 237
117 237
118 237
119 237
120 237
121 237
122 237
123 237
124 237
125 237
126 237
127 237
128 237
129 237
130 237
131 237
132 237
133 237
134 237
135 237
136 237
137 237
138 237
139 237
140 237
141 237
142 237
143 237
144 237
145 237
146 237
147 237
148 237
149 237
150 237
151 237
152 237
153 237
154 237
155 237
156 237
157 237
158 237
159 237
160 237
161 237
162 237
168 237
169 237
170 237
171 237
172 237
173 237
174 237
175 237
176 237
177 237
178 237
179 237
180 237
181 237
182 237
183 237
184 237
185 237
186 237
187 237
190 237
191 237
192 237
193 237
194 237
195 237
196 237
197 237
198 237
199 237
200 237
201 237
202 237
203 237
204 237
205 237
206 237
207 237
208 237
209 237
210 237
211 237
212 237
213 237
214 237
215 237
221 237
222 237
223 237
224 237
225 237
226 237
227 237
228 237
229 237
230 237
231 237
232 237
233 237
234 237
235 237
236 237
1 238
2 238
3 238
4 238
5 238
6 238
7 238
8 238
9 238
10 238
11 238
12 238
13 238
14 238
15 238
16 238
17 238
18 238
19 238
20 238
21 238
22 238
23 238
24 238
25 238
26 238
27 238
28 238
29 238
30 238
31 238
32 238
33 238
34 238
35 238
36 238
37 238
38 238
39 238
40 238
41 238
42 238
43 238
44 238
45 238
46 238
49 238
50 238
51 238
52 238
53 238
54 238
55 238
56 238
57 238
58 238
59 238
60 238
61 238
62 238
63 238
64 238
65 238
66 238
67 238
68 238
69 238
70 238
71 238
72 238
73 238
74 238
75 238
76 238
77 238
78 238
79 238
80 238
81 238
82 238
83 238
84 238
85 238
86 238
87 238
88 238
89 238
90 238
91 238
92 238
93 238
94 238
95 238
96 238
97 238
98 238
99 238
100 238
101 238
102 238
103 238
104 238
105 238
106 238
107 238
108 238
109 238
110 238
111 238
112 238
113 238
114 238
115 238
116 238
117 238
118 238
119 238
120 238
121 238
122 238
123 238
124 238
125 238
126 238
127 238
128 238
129 238
130 238
131 238
132 238
133 238
134 238
135 238
136 238
137 238
138 238
139 238
140 238
141 238
142 238
143 238
144 238
145 238
146 238
147 238
148 238
149 238
150 238
151 238
152 238
153 238
154 238
155 238
156 238
157 238
158 238
159 238
160 238
161 238
162 238
168 238
169 238
170 238
171 238
172 238
173 238
174 238
175 238
176 238
177 238
178 238
179 238
180 238
181 238
182 238
183 238
184 238
185 238
186 238
187 238
190 238
191 238
192 238
193 238
194 238
195 238
196 238
197 238
198 238
199 238
200 238
201 238
202 238
203 238
204 238
205 238
206 238
207 238
208 238
209 238
210 238
211 238
212 238
213 238
214 238
215 238
221 238
222 238
223 238
224 238
225 238
226 238
227 238
228 238
229 238
230 238
231 238
232 238
233 238
234 238
235 238
236 238
237 238
1 239
2 239
3 239
4 239
5 239
6 239
7 239
8 239
9 239
10 239
11 239
12 239
13 239
14 239
15 239
16 239
17 239
18 239
19 239
20 239
21 239
22 239
23 239
24 239
25 239
26 239
27 239
28 239
29 239
30 239
31 239
32 239
33 239
34 239
35 239
36 239
37 239
38 239
39 239
40 239
41 239
42 239
43 239
44 239
45 239
46 239
49 239
50 239
51 239
52 239
53 239
54 239
55 239
56 239
57 239
58 239
59 239
60 239
61 239
62 239
63 239
64 239
65 239
66 239
67 239
68 239
69 239
70 239
71 239
72 239
73 239
74 239
75 239
76 239
77 239
78 239
79 239
80 239
81 239
82 239
83 239
84 239
85 239
86 239
87 239
88 239
89 239
90 239
91 239
92 239
93 239
94 239
95 239
96 239
97 239
98 239
99 239
100 239
101 239
102 239
103 239
104 239
105 239
106 239
107 239
108 239
109 239
110 239
111 239
112 239
113 239
114 239
115 239
116 239
117 239
118 239
119 239
120 239
121 239
122 239
123 239
124 239
125 239
126 239
127 239
128 239
129 239
130 239
131 239
132 239
133 239
134 239
135 239
136 239
137 239
138 239
139 239
140 239
141 239
142 239
143 239
144 239
145 239
146 239
147 239
148 239
149 239
150 239
151 239
152 239
153 239
154 239
155 239
156 239
157 239
158 239
159 239
160 239
161 239
162 239
168 239
169 239
170 239
171 239
172 239
173 239
174 239
175 239
176 239
177 239
178 239
179 239
180 239
181 239
182 239
183 239
184 239
185 239
186 239
187 239
190 239
191 239
192 239
193 239
194 239
195 239
196 239
197 239
198 239
199 239
200 239
201 239
202 239
203 239
204 239
205 239
206 239
207 239
208 239
209 239
210 239
211 239
212 239
213 239
214 239
215 239
221 239
222 239
223 239
224 239
225 239
226 239
227 239
228 239
229 239
230 239
231 239
232 239
233 239
234 239
235 239
236 239
237 239
238 239
1 240
2 240
3 240
4 240
5 240
6 240
7 240
8 240
9 240
10 240
11 240
12 240
13 240
14 240
15 240
16 240
17 240
18 240
19 240
20 240
21 240
22 240
23 240
24 240
25 240
26 240
27 240
28 240
29 240
30 240
31 240
32 240
33 240
34 240
35 240
36 240
37 240
38 240
39 240
40 240
41 240
42 240
43 240
44 240
45 240
46 240
49 240
50 240
51 240
52 240
53 240
54 240
55 240
56 240
57 240
58 240
59 240
60 240
61 240
62 240
63 240
64 240
65 240
66 240
67 240
68 240
69 240
70 240
71 240
72 240
73 240
74 240
75 240
76 240
77 240
78 240
79 240
80 240
81 240
82 240
83 240
84 240
85 240
86 240
87 240
88 240
89 240
90 240
91 240
92 240
93 240
94 240
95 240
96 240
97 240
98 240
99 240
100 240
101 240
102 240
103 240
104 240
105 240
106 240
107 240
108 240
109 240
110 240
111 240
112 240
113 240
114 240
115 240
116 240
117 240
118 240
119 240
120 240
121 240
122 240
123 240
124 240
125 240
126 240
127 240
128 240
129 240
130 240
131 240
132 240
133 240
134 240
135 240
136 240
137 240
138 240
139 240
140 240
141 240
142 240
143 240
144 240
145 240
146 240
147 240
148 240
149 240
150 240
151 240
152 240
153 240
154 240
155 240
156 240
157 240
158 240
159 240
160 240
161 240
162 240
168 240
169 240
170 240
171 240
172 240
173 240
174 240
175 240
176 240
177 240
178 240
179 240
180 240
181 240
182 240
183 240
184 240
185 240
186 240
187 240
190 240
191 240
192 240
193 240
194 240
195 240
196 240
197 240
198 240
199 240
200 240
201 240
202 240
203 240
204 240
205 240
206 240
207 240
208 240
209 240
210 240
211 240
212 240
213 240
214 240
215 240
221 240
222 240
223 240
224 240
225 240
226 240
227 240
228 240
229 240
230 240
231 240
232 240
233 240
234 240
235 240
236 240
237 240
238 240
239 240
1 241
2 241
3 241
4 241
5 241
6 241
7 241
8 241
9 241
10 241
11 241
12 241
13 241
14 241
15 241
16 241
17 241
18 241
19 241
20 241
21 241
22 241
23 241
24 241
25 241
26 241
27 241
28 241
29 241
30 241
31 241
32 241
33 241
34 241
35 241
36 241
37 241
38 241
39 241
40 241
41 241
42 241
43 241
44 241
45 241
46 241
49 241
50 241
51 241
52 241
53 241
54 241
55 241
56 241
57 241
58 241
59 241
60 241
61 241
62 241
63 241
64 241
65 241
66 241
67 241
68 241
69 241
70 241
71 241
72 241
73 241
74 241
75 241
76 241
77 241
78 241
79 241
80 241
81 241
82 241
83 241
84 241
85 241
86 241
87 241
88 241
89 241
90 241
91 241
92 241
93 241
94 241
95 241
96 241
97 241
98 241
99 241
100 241
101 241
102 241
103 241
104 241
105 241
106 241
107 241
108 241
109 241
110 241
111 241
112 241
113 241
114 241
115 241
116 241
117 241
118 241
119 241
120 241
121 241
122 241
123 241
124 241
125 241
126 241
127 241
128 241
129 241
130 241
131 241
132 241
133 241
134 241
135 241
136 241
137 241
138 241
139 241
140 241
141 241
142 241
143 241
144 241
145 241
146 241
147 241
148 241
149 241
150 241
151 241
152 241
153 241
154 241
155 241
156 241
157 241
158 241
159 241
160 241
161 241
162 241
168 241
169 241
170 241
171 241
172 241
173 241
174 241
175 241
176 241
177 241
178 241
179 241
180 241
181 241
182 241
183 241
184 241
185 241
186 241
187 241
190 241
191 241
192 241
193 241
194 241
195 241
196 241
197 241
198 241
199 241
200 241
201 241
202 241
203 241
204 241
205 241
206 241
207 241
208 241
209 241
210 241
211 241
212 241
213 241
214 241
215 241
221 241
222 241
223 241
224 241
225 241
226 241
227 241
228 241
229 241
230 241
231 241
232 241
233 241
234 241
235 241
236 241
237 241
238 241
239 241
240 241
1 242
2 242
3 242
4 242
5 242
6 242
7 242
8 242
9 242
10 242
11 242
12 242
13 242
14 242
15 242
16 242
17 242
18 242
19 242
20 242
21 242
22 242
23 242
24 242
25 242
26 242
27 242
28 242
29 242
30 242
31 242
32 242
33 242
34 242
35 242
36 242
37 242
38 242
39 242
40 242
41 242
42 242
43 242
44 242
45 242
46 242
49 242
50 242
51 242
52 242
53 242
54 242
55 242
56 242
57 242
58 242
59 242
60 242
61 242
62 242
63 242
64 242
65 242
66 242
67 242
68 242
69 242
70 242
71 242
72 242
73 242
74 242
75 242
76 242
77 242
78 242
79 242
80 242
81 242
82 242
83 242
84 242
85 242
86 242
87 242
88 242
89 242
90 242
91 242
92 242
93 242
94 242
95 242
96 242
97 242
98 242
99 242
100 242
101 242
102 242
103 242
104 242
105 242
106 242
107 242
108 242
109 242
110 242
111 242
112 242
113 242
114 242
115 242
116 242
117 242
118 242
119 242
120 242
121 242
122 242
123 242
124 242
125 242
126 242
127 242
128 242
129 242
130 242
131 242
132 242
133 242
134 242
135 242
136 242
137 242
138 242
139 242
140 242
141 242
142 242
143 242
144 242
145 242
146 242
147 242
148 242
149 242
150 242
151 242
152 242
153 242
154 242
155 242
156 242
157 242
158 242
159 242
160 242
161 242
162 242
168 242
169 242
170 242
171 242
172 242
173 242
174 242
175 242
176 242
177 242
178 242
179 242
180 242
181 242
182 242
183 242
184 242
185 242
186 242
187 242
190 242
191 242
192 242
193 242
194 242
195 242
196 242
197 242
198 242
199 242
200 242
201 242
202 242
203 242
204 242
205 242
206 242
207 242
208 242
209 242
210 242
211 242
212 242
213 242
214 242
215 242
221 242
222 242
223 242
224 242
225 242
226 242
227 242
228 242
229 242
230 242
231 242
232 242
233 242
234 242
235 242
236 242
237 242
238 242
239 242
240 242
241 242
1 243
2 243
3 243
4 243
5 243
6 243
7 243
8 243
9 243
10 243
11 243
12 243
13 243
14 243
15 243
16 243
17 243
18 243
19 243
20 243
21 243
22 243
23 243
24 243
25 243
26 243
27 243
28 243
29 243
30 243
31 243
32 243
33 243
34 243
35 243
36 243
37 243
38 243
39 243
40 243
41 243
42 243
43 243
44 243
45 243
46 243
49 243
50 243
51 243
52 243
53 243
54 243
55 243
56 243
57 243
58 243
59 243
60 243
61 243
62 243
63 243
64 243
65 243
66 243
67 243
68 243
69 243
70 243
71 243
72 243
73 243
74 243
75 243
76 243
77 243
78 243
79 243
80 243
81 243
82 243
83 243
84 243
85 243
86 243
87 243
88 243
89 243
90 243
91 243
92 243
93 243
94 243
95 243
96 243
97 243
98 243
99 243
100 243
101 243
102 243
103 243
104 243
105 243
106 243
107 243
108 243
109 243
110 243
111 243
112 243
113 243
114 243
115 243
116 243
117 243
118 243
119 243
120 243
121 243
122 243
123 243
124 243
125 243
126 243
127 243
128 243
129 243
130 243
131 243
132 243
133 243
134 243
135 243
136 243
137 243
138 243
139 243
140 243
141 243
142 243
143 243
144 243
145 243
146 243
147 243
148 243
149 243
150 243
151 243
152 243
153 243
154 243
155 243
156 243
157 243
158 243
159 243
160 243
161 243
162 243
168 243
169 243
170 243
171 243
172 243
173 243
174 243
175 243
176 243
177 243
178 243
179 243
180 243
181 243
182 243
183 243
184 243
185 243
186 243
187 243
190 243
191 243
192 243
193 243
194 243
195 243
196 243
197 243
198 243
199 243
200 243
201 243
202 243
203 243
204 243
205 243
206 243
207 243
208 243
209 243
210 243
211 243
212 243
213 243
214 243
215 243
221 243
222 243
223 243
224 243
225 243
226 243
227 243
228 243
229 243
230 243
231 243
232 243
233 243
234 243
235 243
236 243
237 243
238 243
239 243
240 243
241 243
242 243
1 244
2 244
3 244
4 244
5 244
6 244
7 244
8 244
9 244
10 244
11 244
12 244
13 244
14 244
15 244
16 244
17 244
18 244
19 244
20 244
21 244
22 244
23 244
24 244
25 244
26 244
27 244
28 244
29 244
30 244
31 244
32 244
33 244
34 244
35 244
36 244
37 244
38 244
39 244
40 244
41 244
42 244
43 244
44 244
45 244
46 244
49 244
50 244
51 244
52 244
53 244
54 244
55 244
56 244
57 244
58 244
59 244
60 244
61 244
62 244
63 244
64 244
65 244
66 244
67 244
68 244
69 244
70 244
71 244
72 244
73 244
74 244
75 244
76 244
77 244
78 244
79 244
80 244
81 244
82 244
83 244
84 244
85 244
86 244
87 244
88 244
89 244
90 244
91 244
92 244
93 244
94 244
95 244
96 244
97 244
98 244
99 244
100 244
101 244
102 244
103 244
104 244
105 244
106 244
107 244
108 244
109 244
110 244
111 244
112 244
113 244
114 244
115 244
116 244
117 244
118 244
119 244
120 244
121 244
122 244
123 244
124 244
125 244
126 244
127 244
128 244
129 244
130 244
131 244
132 244
133 244
134 244
135 244
136 244
137 244
138 244
139 244
140 244
141 244
142 244
143 244
144 244
145 244
146 244
147 244
148 244
149 244
150 244
151 244
152 244
153 244
154 244
155 244
156 244
157 244
158 244
159 244
160 244
161 244
162 244
168 244
169 244
170 244
171 244
172 244
173 244
174 244
175 244
176 244
177 244
178 244
179 244
180 244
181 244
182 244
183 244
184 244
185 244
186 244
187 244
190 244
191 244
192 244
193 244
194 244
195 244
196 244
197 244
198 244
199 244
200 244
201 244
202 244
203 244
204 244
205 244
206 244
207 244
208 244
209 244
210 244
211 244
212 244
213 244
214 244
215 244
221 244
222 244
223 244
224 244
225 244
226 244
227 244
228 244
229 244
230 244
231 244
232 244
233 244
234 244
235 244
236 244
237 244
238 244
239 244
240 244
241 244
242 244
243 244
1 245
2 245
3 245
4 245
5 245
6 245
7 245
8 245
9 245
10 245
11 245
12 245
13 245
14 245
15 245
16 245
17 245
18 245
19 245
20 245
21 245
22 245
23 245
24 245
25 245
26 245
27 245
28 245
29 245
30 245
31 245
32 245
33 245
34 245
35 245
36 245
37 245
38 245
39 245
40 245
41 245
42 245
43 245
44 245
45 245
46 245
49 245
50 245
51 245
52 245
53 245
54 245
55 245
56 245
57 245
58 245
59 245
60 245
61 245
62 245
63 245
64 245
65 245
66 245
67 245
68 245
69 245
70 245
71 245
72 245
73 245
74 245
75 245
76 245
77 245
78 245
79 245
80 245
81 245
82 245
83 245
84 245
85 245
86 245
87 245
88 245
89 245
90 245
91 245
92 245
93 245
94 245
95 245
96 245
97 245
98 245
99 245
100 245
101 245
102 245
103 245
104 245
105 245
106 245
107 245
108 245
109 245
110 245
111 245
112 245
113 245
114 245
115 245
116 245
117 245
118 245
119 245
120 245
121 245
122 245
123 245
124 245
125 245
126 245
127 245
128 245
129 245
130 245
131 245
132 245
133 245
134 245
135 245
136 245
137 245
138 245
139 245
140 245
141 245
142 245
143 245
144 245
145 245
146 245
147 245
148 245
149 245
150 245
151 245
152 245
153 245
154 245
155 245
156 245
157 245
158 245
159 245
160 245
161 245
162 245
168 245
169 245
170 245
171 245
172 245
173 245
174 245
175 245
176 245
177 245
178 245
179 245
180 245
181 245
182 245
183 245
184 245
185 245
186 245
187 245
190 245
191 245
192 245
193 245
194 245
195 245
196 245
197 245
198 245
199 245
200 245
201 245
202 245
203 245
204 245
205 245
206 245
207 245
208 245
209 245
210 245
211 245
212 245
213 245
214 245
215 245
221 245
222 245
223 245
224 245
225 245
226 245
227 245
228 245
229 245
230 245
231 245
232 245
233 245
234 245
235 245
236 245
237 245
238 245
239 245
240 245
241 245
242 245
243 245
244 245
1 246
2 246
3 246
4 246
5 246
6 246
7 246
8 246
9 246
10 246
11 246
12 246
13 246
14 246
15 246
16 246
17 246
18 246
19 246
20 246
21 246
22 246
23 246
24 246
25 246
26 246
27 246
28 246
29 246
30 246
31 246
32 246
33 246
34 246
35 246
36 246
37 246
38 246
39 246
40 246
41 246
42 246
43 246
44 246
45 246
46 246
49 246
50 246
51 246
52 246
53 246
54 246
55 246
56 246
57 246
58 246
59 246
60 246
61 246
62 246
63 246
64 246
65 246
66 246
67 246
68 246
69 246
70 246
71 246
72 246
73 246
74 246
75 246
76 246
77 246
78 246
79 246
80 246
81 246
82 246
83 246
84 246
85 246
86 246
87 246
88 246
89 246
90 246
91 246
92 246
93 246
94 246
95 246
96 246
97 246
98 246
99 246
100 246
101 246
102 246
103 246
104 246
105 246
106 246
107 246
108 246
109 246
110 246
111 246
112 246
113 246
114 246
115 246
116 246
117 246
118 246
119 246
120 246
121 246
122 246
123 246
124 246
125 246
126 246
127 246
128 246
129 246
130 246
131 246
132 246
133 246
134 246
135 246
136 246
137 246
138 246
139 246
140 246
141 246
142 246
143 246
144 246
145 246
146 246
147 246
148 246
149 246
150 246
151 246
152 246
153 246
154 246
155 246
156 246
157 246
158 246
159 246
160 246
161 246
162 246
168 246
169 246
170 246
171 246
172 246
173 246
174 246
175 246
176 246
177 246
178 246
179 246
180 246
181 246
182 246
183 246
184 246
185 246
186 246
187 246
190 246
191 246
192 246
193 246
194 246
195 246
196 246
197 246
198 246
199 246
200 246
201 246
202 246
203 246
204 246
205 246
206 246
207 246
208 246
209 246
210 246
211 246
212 246
213 246
214 246
215 246
221 246
222 246
223 246
224 246
225 246
226 246
227 246
228 246
229 246
230 246
231 246
232 246
233 246
234 246
235 246
236 246
237 246
238 246
239 246
240 246
241 246
242 246
243 246
244 246
245 246
1 247
2 247
3 247
4 247
5 247
6 247
7 247
8 247
9 247
10 247
11 247
12 247
13 247
14 247
15 247
16 247
17 247
18 247
19 247
20 247
21 247
22 247
23 247
24 247
25 247
26 247
27 247
28 247
29 247
30 247
31 247
32 247
33 247
34 247
35 247
36 247
37 247
38 247
39 247
40 247
41 247
42 247
43 247
44 247
45 247
46 247
49 247
50 247
51 247
52 247
53 247
54 247
55 247
56 247
57 247
58 247
59 247
60 247
61 247
62 247
63 247
64 247
65 247
66 247
67 247
68 247
69 247
70 247
71 247
72 247
73 247
74 247
75 247
76 247
77 247
78 247
79 247
80 247
81 247
82 247
83 247
84 247
85 247
86 247
87 247
88 247
89 247
90 247
91 247
92 247
93 247
94 247
95 247
96 247
97 247
98 247
99 247
100 247
101 247
102 247
103 247
104 247
105 247
106 247
107 247
108 247
109 247
110 247
111 247
112 247
113 247
114 247
115 247
116 247
117 247
118 247
119 247
120 247
121 247
122 247
123 247
124 247
125 247
126 247
127 247
128 247
129 247
130 247
131 247
132 247
133 247
134 247
135 247
136 247
137 247
138 247
139 247
140 247
141 247
142 247
143 247
144 247
145 247
146 247
147 247
148 247
149 247
150 247
151 247
152 247
153 247
154 247
155 247
156 247
157 247
158 247
159 247
160 247
161 247
162 247
168 247
169 247
170 247
171 247
172 247
173 247
174 247
175 247
176 247
177 247
178 247
179 247
180 247
181 247
182 247
183 247
184 247
185 247
186 247
187 247
190 247
191 247
192 247
193 247
194 247
195 247
196 247
197 247
198 247
199 247
200 247
201 247
202 247
203 247
204 247
205 247
206 247
207 247
208 247
209 247
210 247
211 247
212 247
213 247
214 247
215 247
221 247
222 247
223 247
224 247
225 247
226 247
227 247
228 247
229 247
230 247
231 247
232 247
233 247
234 247
235 247
236 247
237 247
238 247
239 247
240 247
241 247
242 247
243 247
244 247
245 247
246 247
1 248
2 248
3 248
4 248
5 248
6 248
7 248
8 248
9 248
10 248
11 248
12 248
13 248
14 248
15 248
16 248
17 248
18 248
19 248
20 248
21 248
22 248
23 248
24 248
25 248
26 248
27 248
28 248
29 248
30 248
31 248
32 248
33 248
34 248
35 248
36 248
37 248
38 248
39 248
40 248
41 248
42 248
43 248
44 248
45 248
46 248
49 248
50 248
51 248
52 248
53 248
54 248
55 248
56 248
57 248
58 248
59 248
60 248
61 248
62 248
63 248
64 248
65 248
66 248
67 248
68 248
69 248
70 248
71 248
72 248
73 248
74 248
75 248
76 248
77 248
78 248
79 248
80 248
81 248
82 248
83 248
84 248
85 248
86 248
87 248
88 248
89 248
90 248
91 248
92 248
93 248
94 248
95 248
96 248
97 248
98 248
99 248
100 248
101 248
102 248
103 248
104 248
105 248
106 248
107 248
108 248
109 248
110 248
111 248
112 248
113 248
114 248
115 248
116 248
117 248
118 248
119 248
120 248
121 248
122 248
123 248
124 248
125 248
126 248
127 248
128 248
129 248
130 248
131 248
132 248
133 248
134 248
135 248
136 248
137 248
138 248
139 248
140 248
141 248
142 248
143 248
144 248
145 248
146 248
147 248
148 248
149 248
150 248
151 248
152 248
153 248
154 248
155 248
156 248
157 248
158 248
159 248
160 248
161 248
162 248
168 248
169 248
170 248
171 248
172 248
173 248
174 248
175 248
176 248
177 248
178 248
179 248
180 248
181 248
182 248
183 248
184 248
185 248
186 248
187 248
190 248
191 248
192 248
193 248
194 248
195 248
196 248
197 248
198 248
199 248
200 248
201 248
202 248
203 248
204 248
205 248
206 248
207 248
208 248
209 248
210 248
211 248
212 248
213 248
214 248
215 248
221 248
222 248
223 248
224 248
225 248
226 248
227 248
228 248
229 248
230 248
231 248
232 248
233 248
234 248
235 248
236 248
237 248
238 248
239 248
240 248
241 248
242 248
243 248
244 248
245 248
246 248
247 248
1 249
2 249
3 249
4 249
5 249
6 249
7 249
8 249
9 249
10 249
11 249
12 249
13 249
14 249
15 249
16 249
17 249
18 249
19 249
20 249
21 249
22 249
23 249
24 249
25 249
26 249
27 249
28 249
29 249
30 249
31 249
32 249
33 249
34 249
35 249
36 249
37 249
38 249
39 249
40 249
41 249
42 249
43 249
44 249
45 249
46 249
49 249
50 249
51 249
52 249
53 249
54 249
55 249
56 249
57 249
58 249
59 249
60 249
61 249
62 249
63 249
64 249
65 249
66 249
67 249
68 249
69 249
70 249
71 249
72 249
73 249
74 249
75 249
76 249
77 249
78 249
79 249
80 249
81 249
82 249
83 249
84 249
85 249
86 249
87 249
88 249
89 249
90 249
91 249
92 249
93 249
94 249
95 249
96 249
97 249
98 249
99 249
100 249
101 249
102 249
103 249
104 249
105 249
106 249
107 249
108 249
109 249
110 249
111 249
112 249
113 249
114 249
115 249
116 249
117 249
118 249
119 249
120 249
121 249
122 249
123 249
124 249
125 249
126 249
127 249
128 249
129 249
130 249
131 249
132 249
133 249
134 249
135 249
136 249
137 249
138 249
139 249
140 249
141 249
142 249
143 249
144 249
145 249
146 249
147 249
148 249
149 249
150 249
151 249
152 249
153 249
154 249
155 249
156 249
157 249
158 249
159 249
160 249
161 249
162 249
168 249
169 249
170 249
171 249
172 249
173 249
174 249
175 249
176 249
177 249
178 249
179 249
180 249
181 249
182 249
183 249
184 249
185 249
186 249
187 249
190 249
191 249
192 249
193 249
194 249
195 249
196 249
197 249
198 249
199 249
200 249
201 249
202 249
203 249
204 249
205 249
206 249
207 249
208 249
209 249
210 249
211 249
212 249
213 249
214 249
215 249
221 249
222 249
223 249
224 249
225 249
226 249
227 249
228 249
229 249
230 249
231 249
232 249
233 249
234 249
235 249
236 249
237 249
238 249
239 249
240 249
241 249
242 249
243 249
244 249
245 249
246 249
247 249
248 249
243 250
243 251
250 251
1 252
2 252
3 252
4 252
5 252
6 252
7 252
8 252
9 252
10 252
11 252
12 252
13 252
14 252
15 252
16 252
17 252
18 252
19 252
20 252
21 252
22 252
23 252
24 252
25 252
26 252
27 252
28 252
29 252
30 252
31 252
32 252
33 252
34 252
35 252
36 252
37 252
38 252
39 252
40 252
41 252
42 252
43 252
44 252
45 252
46 252
49 252
50 252
51 252
52 252
53 252
54 252
55 252
56 252
57 252
58 252
59 252
60 252
61 252
62 252
63 252
64 252
65 252
66 252
67 252
68 252
69 252
70 252
71 252
72 252
73 252
74 252
75 252
76 252
77 252
78 252
79 252
80 252
81 252
82 252
83 252
84 252
85 252
86 252
87 252
88 252
89 252
90 252
91 252
92 252
93 252
94 252
95 252
96 252
97 252
98 252
99 252
100 252
101 252
102 252
103 252
104 252
105 252
106 252
107 252
108 252
109 252
110 252
111 252
112 252
113 252
114 252
115 252
116 252
117 252
118 252
119 252
120 252
121 252
122 252
123 252
124 252
125 252
126 252
127 252
128 252
129 252
130 252
131 252
132 252
133 252
134 252
135 252
136 252
137 252
138 252
139 252
140 252
141 252
142 252
143 252
144 252
145 252
146 252
147 252
148 252
149 252
150 252
151 252
152 252
153 252
154 252
155 252
156 252
157 252
158 252
159 252
160 252
161 252
162 252
168 252
169 252
170 252
171 252
172 252
173 252
174 252
175 252
176 252
177 252
178 252
179 252
180 252
181 252
182 252
183 252
184 252
185 252
186 252
187 252
190 252
191 252
192 252
193 252
194 252
195 252
196 252
197 252
198 252
199 252
200 252
201 252
202 252
203 252
204 252
205 252
206 252
207 252
208 252
209 252
210 252
211 252
212 252
213 252
214 252
215 252
221 252
222 252
223 252
224 252
225 252
226 252
227 252
228 252
229 252
230 252
231 252
232 252
233 252
234 252
235 252
236 252
237 252
238 252
239 252
240 252
241 252
242 252
243 252
244 252
245 252
246 252
247 252
248 252
249 252
1 253
2 253
3 253
4 253
5 253
6 253
7 253
8 253
9 253
10 253
11 253
12 253
13 253
14 253
15 253
16 253
17 253
18 253
19 253
20 253
21 253
22 253
23 253
24 253
25 253
26 253
27 253
28 253
29 253
30 253
31 253
32 253
33 253
34 253
35 253
36 253
37 253
38 253
39 253
40 253
41 253
42 253
43 253
44 253
45 253
46 253
49 253
50 253
51 253
52 253
53 253
54 253
55 253
56 253
57 253
58 253
59 253
60 253
61 253
62 253
63 253
64 253
65 253
66 253
67 253
68 253
69 253
70 253
71 253
72 253
73 253
74 253
75 253
76 253
77 253
78 253
79 253
80 253
81 253
82 253
83 253
84 253
85 253
86 253
87 253
88 253
89 253
90 253
91 253
92 253
93 253
94 253
95 253
96 253
97 253
98 253
99 253
100 253
101 253
102 253
103 253
104 253
105 253
106 253
107 253
108 253
109 253
110 253
111 253
112 253
113 253
114 253
115 253
116 253
117 253
118 253
119 253
120 253
121 253
122 253
123 253
124 253
125 253
126 253
127 253
128 253
129 253
130 253
131 253
132 253
133 253
134 253
135 253
136 253
137 253
138 253
139 253
140 253
141 253
142 253
143 253
144 253
145 253
146 253
147 253
148 253
149 253
150 253
151 253
152 253
153 253
154 253
155 253
156 253
157 253
158 253
159 253
160 253
161 253
162 253
168 253
169 253
170 253
171 253
172 253
173 253
174 253
175 253
176 253
177 253
178 253
179 253
180 253
181 253
182 253
183 253
184 253
185 253
186 253
187 253
190 253
191 253
192 253
193 253
194 253
195 253
196 253
197 253
198 253
199 253
200 253
201 253
202 253
203 253
204 253
205 253
206 253
207 253
208 253
209 253
210 253
211 253
212 253
213 253
214 253
215 253
221 253
222 253
223 253
224 253
225 253
226 253
227 253
228 253
229 253
230 253
231 253
232 253
233 253
234 253
235 253
236 253
237 253
238 253
239 253
240 253
241 253
242 253
243 253
244 253
245 253
246 253
247 253
248 253
249 253
252 253
1 254
2 254
3 254
4 254
5 254
6 254
7 254
8 254
9 254
10 254
11 254
12 254
13 254
14 254
15 254
16 254
17 254
18 254
19 254
20 254
21 254
22 254
23 254
24 254
25 254
26 254
27 254
28 254
29 254
30 254
31 254
32 254
33 254
34 254
35 254
36 254
37 254
38 254
39 254
40 254
41 254
42 254
43 254
44 254
45 254
46 254
49 254
50 254
51 254
52 254
53 254
54 254
55 254
56 254
57 254
58 254
59 254
60 254
61 254
62 254
63 254
64 254
65 254
66 254
67 254
68 254
69 254
70 254
71 254
72 254
73 254
74 254
75 254
76 254
77 254
78 254
79 254
80 254
81 254
82 254
83 254
84 254
85 254
86 254
87 254
88 254
89 254
90 254
91 254
92 254
93 254
94 254
95 254
96 254
97 254
98 254
99 254
100 254
101 254
102 254
103 254
104 254
105 254
106 254
107 254
108 254
109 254
110 254
111 254
112 254
113 254
114 254
115 254
116 254
117 254
118 254
119 254
120 254
121 254
122 254
123 254
124 254
125 254
126 254
127 254
128 254
129 254
130 254
131 254
132 254
133 254
134 254
135 254
136 254
137 254
138 254
139 254
140 254
141 254
142 254
143 254
144 254
145 254
146 254
147 254
148 254
149 254
150 254
151 254
152 254
153 254
154 254
155 254
156 254
157 254
158 254
159 254
160 254
161 254
162 254
168 254
169 254
170 254
171 254
172 254
173 254
174 254
175 254
176 254
177 254
178 254
179 254
180 254
181 254
182 254
183 254
184 254
185 254
186 254
187 254
190 254
191 254
192 254
193 254
194 254
195 254
196 254
197 254
198 254
199 254
200 254
201 254
202 254
203 254
204 254
205 254
206 254
207 254
208 254
209 254
210 254
211 254
212 254
213 254
214 254
215 254
221 254
222 254
223 254
224 254
225 254
226 254
227 254
228 254
229 254
230 254
231 254
232 254
233 254
234 254
235 254
236 254
237 254
238 254
239 254
240 254
241 254
242 254
243 254
244 254
245 254
246 254
247 254
248 254
249 254
252 254
253 254
1 255
2 255
3 255
4 255
5 255
6 255
7 255
8 255
9 255
10 255
11 255
12 255
13 255
14 255
15 255
16 255
17 255
18 255
19 255
20 255
21 255
22 255
23 255
24 255
25 255
26 255
27 255
28 255
29 255
30 255
31 255
32 255
33 255
34 255
35 255
36 255
37 255
38 255
39 255
40 255
41 255
42 255
43 255
44 255
45 255
46 255
49 255
50 255
51 255
52 255
53 255
54 255
55 255
56 255
57 255
58 255
59 255
60 255
61 255
62 255
63 255
64 255
65 255
66 255
67 255
68 255
69 255
70 255
71 255
72 255
73 255
74 255
75 255
76 255
77 255
78 255
79 255
80 255
81 255
82 255
83 255
84 255
85 255
86 255
87 255
88 255
89 255
90 255
91 255
92 255
93 255
94 255
95 255
96 255
97 255
98 255
99 255
100 255
101 255
102 255
103 255
104 255
105 255
106 255
107 255
108 255
109 255
110 255
111 255
112 255
113 255
114 255
115 255
116 255
117 255
118 255
119 255
120 255
121 255
122 255
123 255
124 255
125 255
126 255
127 255
128 255
129 255
130 255
131 255
132 255
133 255
134 255
135 255
136 255
137 255
138 255
139 255
140 255
141 255
142 255
143 255
144 255
145 255
146 255
147 255
148 255
149 255
150 255
151 255
152 255
153 255
154 255
155 255
156 255
157 255
158 255
159 255
160 255
161 255
162 255
168 255
169 255
170 255
171 255
172 255
173 255
174 255
175 255
176 255
177 255
178 255
179 255
180 255
181 255
182 255
183 255
184 255
185 255
186 255
187 255
190 255
191 255
192 255
193 255
194 255
195 255
196 255
197 255
198 255
199 255
200 255
201 255
202 255
203 255
204 255
205 255
206 255
207 255
208 255
209 255
210 255
211 255
212 255
213 255
214 255
215 255
221 255
222 255
223 255
224 255
225 255
226 255
227 255
228 255
229 255
230 255
231 255
232 255
233 255
234 255
235 255
236 255
237 255
238 255
239 255
240 255
241 255
242 255
243 255
244 255
245 255
246 255
247 255
248 255
249 255
252 255
253 255
254 255
1 256
2 256
3 256
4 256
5 256
6 256
7 256
8 256
9 256
10 256
11 256
12 256
13 256
14 256
15 256
16 256
17 256
18 256
19 256
20 256
21 256
22 256
23 256
24 256
25 256
26 256
27 256
28 256
29 256
30 256
31 256
32 256
33 256
34 256
35 256
36 256
37 256
38 256
39 256
40 256
41 256
42 256
43 256
44 256
45 256
46 256
49 256
50 256
51 256
52 256
53 256
54 256
55 256
56 256
57 256
58 256
59 256
60 256
61 256
62 256
63 256
64 256
65 256
66 256
67 256
68 256
69 256
70 256
71 256
72 256
73 256
74 256
75 256
76 256
77 256
78 256
79 256
80 256
81 256
82 256
83 256
84 256
85 256
86 256
87 256
88 256
89 256
90 256
91 256
92 256
93 256
94 256
95 256
96 256
97 256
98 256
99 256
100 256
101 256
102 256
103 256
104 256
105 256
106 256
107 256
108 256
109 256
110 256
111 256
112 256
113 256
114 256
115 256
116 256
117 256
118 256
119 256
120 256
121 256
122 256
123 256
124 256
125 256
126 256
127 256
128 256
129 256
130 256
131 256
132 256
133 256
134 256
135 256
136 256
137 256
138 256
139 256
140 256
141 256
142 256
143 256
144 256
145 256
146 256
147 256
148 256
149 256
150 256
151 256
152 256
153 256
154 256
155 256
156 256
157 256
158 256
159 256
160 256
161 256
162 256
168 256
169 256
170 256
171 256
172 256
173 256
174 256
175 256
176 256
177 256
178 256
179 256
180 256
181 256
182 256
183 256
184 256
185 256
186 256
187 256
190 256
191 256
192 256
193 256
194 256
195 256
196 256
197 256
198 256
199 256
200 256
201 256
202 256
203 256
204 256
205 256
206 256
207 256
208 256
209 256
210 256
211 256
212 256
213 256
214 256
215 256
221 256
222 256
223 256
224 256
225 256
226 256
227 256
228 256
229 256
230 256
231 256
232 256
233 256
234 256
235 256
236 256
237 256
238 256
239 256
240 256
241 256
242 256
243 256
244 256
245 256
246 256
247 256
248 256
249 256
252 256
253 256
254 256
255 256
1 257
2 257
3 257
4 257
5 257
6 257
7 257
8 257
9 257
10 257
11 257
12 257
13 257
14 257
15 257
16 257
17 257
18 257
19 257
20 257
21 257
22 257
23 257
24 257
25 257
26 257
27 257
28 257
29 257
30 257
31 257
32 257
33 257
34 257
35 257
36 257
37 257
38 257
39 257
40 257
41 257
42 257
43 257
44 257
45 257
46 257
49 257
50 257
51 257
52 257
53 257
54 257
55 257
56 257
57 257
58 257
59 257
60 257
61 257
62 257
63 257
64 257
65 257
66 257
67 257
68 257
69 257
70 257
71 257
72 257
73 257
74 257
75 257
76 257
77 257
78 257
79 257
80 257
81 257
82 257
83 257
84 257
85 257
86 257
87 257
88 257
89 257
90 257
91 257
92 257
93 257
94 257
95 257
96 257
97 257
98 257
99 257
100 257
101 257
102 257
103 257
104 257
105 257
106 257
107 257
108 257
109 257
110 257
111 257
112 257
113 257
114 257
115 257
116 257
117 257
118 257
119 257
120 257
121 257
122 257
123 257
124 257
125 257
126 257
127 257
128 257
129 257
130 257
131 257
132 257
133 257
134 257
135 257
136 257
137 257
138 257
139 257
140 257
141 257
142 257
143 257
144 257
145 257
146 257
147 257
148 257
149 257
150 257
151 257
152 257
153 257
154 257
155 257
156 257
157 257
158 257
159 257
160 257
161 257
162 257
168 257
169 257
170 257
171 257
172 257
173 257
174 257
175 257
176 257
177 257
178 257
179 257
180 257
181 257
182 257
183 257
184 257
185 257
186 257
187 257
190 257
191 257
192 257
193 257
194 257
195 257
196 257
197 257
198 257
199 257
200 257
201 257
202 257
203 257
204 257
205 257
206 257
207 257
208 257
209 257
210 257
211 257
212 257
213 257
214 257
215 257
221 257
222 257
223 257
224 257
225 257
226 257
227 257
228 257
229 257
230 257
231 257
232 257
233 257
234 257
235 257
236 257
237 257
238 257
239 257
240 257
241 257
242 257
243 257
244 257
245 257
246 257
247 257
248 257
249 257
252 257
253 257
254 257
255 257
256 257
1 258
2 258
3 258
4 258
5 258
6 258
7 258
8 258
9 258
10 258
11 258
12 258
13 258
14 258
15 258
16 258
17 258
18 258
19 258
20 258
21 258
22 258
23 258
24 258
25 258
26 258
27 258
28 258
29 258
30 258
31 258
32 258
33 258
34 258
35 258
36 258
37 258
38 258
39 258
40 258
41 258
42 258
43 258
44 258
45 258
46 258
49 258
50 258
51 258
52 258
53 258
54 258
55 258
56 258
57 258
58 258
59 258
60 258
61 258
62 258
63 258
64 258
65 258
66 258
67 258
68 258
69 258
70 258
71 258
72 258
73 258
74 258
75 258
76 258
77 258
78 258
79 258
80 258
81 258
82 258
83 258
84 258
85 258
86 258
87 258
88 258
89 258
90 258
91 258
92 258
93 258
94 258
95 258
96 258
97 258
98 258
99 258
100 258
101 258
102 258
103 258
104 258
105 258
106 258
107 258
108 258
109 258
110 258
111 258
112 258
113 258
114 258
115 258
116 258
117 258
118 258
119 258
120 258
121 258
122 258
123 258
124 258
125 258
126 258
127 258
128 258
129 258
130 258
131 258
132 258
133 258
134 258
135 258
136 258
137 258
138 258
139 258
140 258
141 258
142 258
143 258
144 258
145 258
146 258
147 258
148 258
149 258
150 258
151 258
152 258
153 258
154 258
155 258
156 258
157 258
158 258
159 258
160 258
161 258
162 258
168 258
169 258
170 258
171 258
172 258
173 258
174 258
175 258
176 258
177 258
178 258
179 258
180 258
181 258
182 258
183 258
184 258
185 258
186 258
187 258
190 258
191 258
192 258
193 258
194 258
195 258
196 258
197 258
198 258
199 258
200 258
201 258
202 258
203 258
204 258
205 258
206 258
207 258
208 258
209 258
210 258
211 258
212 258
213 258
214 258
215 258
221 258
222 258
223 258
224 258
225 258
226 258
227 258
228 258
229 258
230 258
231 258
232 258
233 258
234 258
235 258
236 258
237 258
238 258
239 258
240 258
241 258
242 258
243 258
244 258
245 258
246 258
247 258
248 258
249 258
252 258
253 258
254 258
255 258
256 258
257 258
1 259
2 259
3 259
4 259
5 259
6 259
7 259
8 259
9 259
10 259
11 259
12 259
13 259
14 259
15 259
16 259
17 259
18 259
19 259
20 259
21 259
22 259
23 259
24 259
25 259
26 259
27 259
28 259
29 259
30 259
31 259
32 259
33 259
34 259
35 259
36 259
37 259
38 259
39 259
40 259
41 259
42 259
43 259
44 259
45 259
46 259
49 259
50 259
51 259
52 259
53 259
54 259
55 259
56 259
57 259
58 259
59 259
60 259
61 259
62 259
63 259
64 259
65 259
66 259
67 259
68 259
69 259
70 259
71 259
72 259
73 259
74 259
75 259
76 259
77 259
78 259
79 259
80 259
81 259
82 259
83 259
84 259
85 259
86 259
87 259
88 259
89 259
90 259
91 259
92 259
93 259
94 259
95 259
96 259
97 259
98 259
99 259
100 259
101 259
102 259
103 259
104 259
105 259
106 259
107 259
108 259
109 259
110 259
111 259
112 259
113 259
114 259
115 259
116 259
117 259
118 259
119 259
120 259
121 259
122 259
123 259
124 259
125 259
126 259
127 259
128 259
129 259
130 259
131 259
132 259
133 259
134 259
135 259
136 259
137 259
138 259
139 259
140 259
141 259
142 259
143 259
144 259
145 259
146 259
147 259
148 259
149 259
150 259
151 259
152 259
153 259
154 259
155 259
156 259
157 259
158 259
159 259
160 259
161 259
162 259
168 259
169 259
170 259
171 259
172 259
173 259
174 259
175 259
176 259
177 259
178 259
179 259
180 259
181 259
182 259
183 259
184 259
185 259
186 259
187 259
190 259
191 259
192 259
193 259
194 259
195 259
196 259
197 259
198 259
199 259
200 259
201 259
202 259
203 259
204 259
205 259
206 259
207 259
208 259
209 259
210 259
211 259
212 259
213 259
214 259
215 259
221 259
222 259
223 259
224 259
225 259
226 259
227 259
228 259
229 259
230 259
231 259
232 259
233 259
234 259
235 259
236 259
237 259
238 259
239 259
240 259
241 259
242 259
243 259
244 259
245 259
246 259
247 259
248 259
249 259
252 259
253 259
254 259
255 259
256 259
257 259
258 259
1 260
2 260
3 260
4 260
5 260
6 260
7 260
8 260
9 260
10 260
11 260
12 260
13 260
14 260
15 260
16 260
17 260
18 260
19 260
20 260
21 260
22 260
23 260
24 260
25 260
26 260
27 260
28 260
29 260
30 260
31 260
32 260
33 260
34 260
35 260
36 260
37 260
38 260
39 260
40 260
41 260
42 260
43 260
44 260
45 260
46 260
49 260
50 260
51 260
52 260
53 260
54 260
55 260
56 260
57 260
58 260
59 260
60 260
61 260
62 260
63 260
64 260
65 260
66 260
67 260
68 260
69 260
70 260
71 260
72 260
73 260
74 260
75 260
76 260
77 260
78 260
79 260
80 260
81 260
82 260
83 260
84 260
85 260
86 260
87 260
88 260
89 260
90 260
91 260
92 260
93 260
94 260
95 260
96 260
97 260
98 260
99 260
100 260
101 260
102 260
103 260
104 260
105 260
106 260
107 260
108 260
109 260
110 260
111 260
112 260
113 260
114 260
115 260
116 260
117 260
118 260
119 260
120 260
121 260
122 260
123 260
124 260
125 260
126 260
127 260
128 260
129 260
130 260
131 260
132 260
133 260
134 260
135 260
136 260
137 260
138 260
139 260
140 260
141 260
142 260
143 260
144 260
145 260
146 260
147 260
148 260
149 260
150 260
151 260
152 260
153 260
154 260
155 260
156 260
157 260
158 260
159 260
160 260
161 260
162 260
168 260
169 260
170 260
171 260
172 260
173 260
174 260
175 260
176 260
177 260
178 260
179 260
180 260
181 260
182 260
183 260
184 260
185 260
186 260
187 260
190 260
191 260
192 260
193 260
194 260
195 260
196 260
197 260
198 260
199 260
200 260
201 260
202 260
203 260
204 260
205 260
206 260
207 260
208 260
209 260
210 260
211 260
212 260
213 260
214 260
215 260
221 260
222 260
223 260
224 260
225 260
226 260
227 260
228 260
229 260
230 260
231 260
232 260
233 260
234 260
235 260
236 260
237 260
238 260
239 260
240 260
241 260
242 260
243 260
244 260
245 260
246 260
247 260
248 260
249 260
252 260
253 260
254 260
255 260
256 260
257 260
258 260
259 260
1 261
2 261
3 261
4 261
5 261
6 261
7 261
8 261
9 261
10 261
11 261
12 261
13 261
14 261
15 261
16 261
17 261
18 261
19 261
20 261
21 261
22 261
23 261
24 261
25 261
26 261
27 261
28 261
29 261
30 261
31 261
32 261
33 261
34 261
35 261
36 261
37 261
38 261
39 261
40 261
41 261
42 261
43 261
44 261
45 261
46 261
49 261
50 261
51 261
52 261
53 261
54 261
55 261
56 261
57 261
58 261
59 261
60 261
61 261
62 261
63 261
64 261
65 261
66 261
67 261
68 261
69 261
70 261
71 261
72 261
73 261
74 261
75 261
76 261
77 261
78 261
79 261
80 261
81 261
82 261
83 261
84 261
85 261
86 261
87 261
88 261
89 261
90 261
91 261
92 261
93 261
94 261
95 261
96 261
97 261
98 261
99 261
100 261
101 261
102 261
103 261
104 261
105 261
106 261
107 261
108 261
109 261
110 261
111 261
112 261
113 261
114 261
115 261
116 261
117 261
118 261
119 261
120 261
121 261
122 261
123 261
124 261
125 261
126 261
127 261
128 261
129 261
130 261
131 261
132 261
133 261
134 261
135 261
136 261
137 261
138 261
139 261
140 261
141 261
142 261
143 261
144 261
145 261
146 261
147 261
148 261
149 261
150 261
151 261
152 261
153 261
154 261
155 261
156 261
157 261
158 261
159 261
160 261
161 261
162 261
168 261
169 261
170 261
171 261
172 261
173 261
174 261
175 261
176 261
177 261
178 261
179 261
180 261
181 261
182 261
183 261
184 261
185 261
186 261
187 261
190 261
191 261
192 261
193 261
194 261
195 261
196 261
197 261
198 261
199 261
200 261
201 261
202 261
203 261
204 261
205 261
206 261
207 261
208 261
209 261
210 261
211 261
212 261
213 261
214 261
215 261
221 261
222 261
223 261
224 261
225 261
226 261
227 261
228 261
229 261
230 261
231 261
232 261
233 261
234 261
235 261
236 261
237 261
238 261
239 261
240 261
241 261
242 261
243 261
244 261
245 261
246 261
247 261
248 261
249 261
252 261
253 261
254 261
255 261
256 261
257 261
258 261
259 261
260 261
1 262
2 262
3 262
4 262
5 262
6 262
7 262
8 262
9 262
10 262
11 262
12 262
13 262
14 262
15 262
16 262
17 262
18 262
19 262
20 262
21 262
22 262
23 262
24 262
25 262
26 262
27 262
28 262
29 262
30 262
31 262
32 262
33 262
34 262
35 262
36 262
37 262
38 262
39 262
40 262
41 262
42 262
43 262
44 262
45 262
46 262
49 262
50 262
51 262
52 262
53 262
54 262
55 262
56 262
57 262
58 262
59 262
60 262
61 262
62 262
63 262
64 262
65 262
66 262
67 262
68 262
69 262
70 262
71 262
72 262
73 262
74 262
75 262
76 262
77 262
78 262
79 262
80 262
81 262
82 262
83 262
84 262
85 262
86 262
87 262
88 262
89 262
90 262
91 262
92 262
93 262
94 262
95 262
96 262
97 262
98 262
99 262
100 262
101 262
102 262
103 262
104 262
105 262
106 262
107 262
108 262
109 262
110 262
111 262
112 262
113 262
114 262
115 262
116 262
117 262
118 262
119 262
120 262
121 262
122 262
123 262
124 262
125 262
126 262
127 262
128 262
129 262
130 262
131 262
132 262
133 262
134 262
135 262
136 262
137 262
138 262
139 262
140 262
141 262
142 262
143 262
144 262
145 262
146 262
147 262
148 262
149 262
150 262
151 262
152 262
153 262
154 262
155 262
156 262
157 262
158 262
159 262
160 262
161 262
162 262
168 262
169 262
170 262
171 262
172 262
173 262
174 262
175 262
176 262
177 262
178 262
179 262
180 262
181 262
182 262
183 262
184 262
185 262
186 262
187 262
190 262
191 262
192 262
193 262
194 262
195 262
196 262
197 262
198 262
199 262
200 262
201 262
202 262
203 262
204 262
205 262
206 262
207 262
208 262
209 262
210 262
211 262
212 262
213 262
214 262
215 262
221 262
222 262
223 262
224 262
225 262
226 262
227 262
228 262
229 262
230 262
231 262
232 262
233 262
234 262
235 262
236 262
237 262
238 262
239 262
240 262
241 262
242 262
243 262
244 262
245 262
246 262
247 262
248 262
249 262
252 262
253 262
254 262
255 262
256 262
257 262
258 262
259 262
260 262
261 262
1 263
2 263
3 263
4 263
5 263
6 263
7 263
8 263
9 263
10 263
11 263
12 263
13 263
14 263
15 263
16 263
17 263
18 263
19 263
20 263
21 263
22 263
23 263
24 263
25 263
26 263
27 263
28 263
29 263
30 263
31 263
32 263
33 263
34 263
35 263
36 263
37 263
38 263
39 263
40 263
41 263
42 263
43 263
44 263
45 263
46 263
49 263
50 263
51 263
52 263
53 263
54 263
55 263
56 263
57 263
58 263
59 263
60 263
61 263
62 263
63 263
64 263
65 263
66 263
67 263
68 263
69 263
70 263
71 263
72 263
73 263
74 263
75 263
76 263
77 263
78 263
79 263
80 263
81 263
82 263
83 263
84 263
85 263
86 263
87 263
88 263
89 263
90 263
91 263
92 263
93 263
94 263
95 263
96 263
97 263
98 263
99 263
100 263
101 263
102 263
103 263
104 263
105 263
106 263
107 263
108 263
109 263
110 263
111 263
112 263
113 263
114 263
115 263
116 263
117 263
118 263
119 263
120 263
121 263
122 263
123 263
124 263
125 263
126 263
127 263
128 263
129 263
130 263
131 263
132 263
133 263
134 263
135 263
136 263
137 263
138 263
139 263
140 263
141 263
142 263
143 263
144 263
145 263
146 263
147 263
148 263
149 263
150 263
151 263
152 263
153 263
154 263
155 263
156 263
157 263
158 263
159 263
160 263
161 263
162 263
168 263
169 263
170 263
171 263
172 263
173 263
174 263
175 263
176 263
177 263
178 263
179 263
180 263
181 263
182 263
183 263
184 263
185 263
186 263
187 263
190 263
191 263
192 263
193 263
194 263
195 263
196 263
197 263
198 263
199 263
200 263
201 263
202 263
203 263
204 263
205 263
206 263
207 263
208 263
209 263
210 263
211 263
212 263
213 263
214 263
215 263
221 263
222 263
223 263
224 263
225 263
226 263
227 263
228 263
229 263
230 263
231 263
232 263
233 263
234 263
235 263
236 263
237 263
238 263
239 263
240 263
241 263
242 263
243 263
244 263
245 263
246 263
247 263
248 263
249 263
252 263
253 263
254 263
255 263
256 263
257 263
258 263
259 263
260 263
261 263
262 263
1 264
2 264
3 264
4 264
5 264
6 264
7 264
8 264
9 264
10 264
11 264
12 264
13 264
14 264
15 264
16 264
17 264
18 264
19 264
20 264
21 264
22 264
23 264
24 264
25 264
26 264
27 264
28 264
29 264
30 264
31 264
32 264
33 264
34 264
35 264
36 264
37 264
38 264
39 264
40 264
41 264
42 264
43 264
44 264
45 264
46 264
49 264
50 264
51 264
52 264
53 264
54 264
55 264
56 264
57 264
58 264
59 264
60 264
61 264
62 264
63 264
64 264
65 264
66 264
67 264
68 264
69 264
70 264
71 264
72 264
73 264
74 264
75 264
76 264
77 264
78 264
79 264
80 264
81 264
82 264
83 264
84 264
85 264
86 264
87 264
88 264
89 264
90 264
91 264
92 264
93 264
94 264
95 264
96 264
97 264
98 264
99 264
100 264
101 264
102 264
103 264
104 264
105 264
106 264
107 264
108 264
109 264
110 264
111 264
112 264
113 264
114 264
115 264
116 264
117 264
118 264
119 264
120 264
121 264
122 264
123 264
124 264
125 264
126 264
127 264
128 264
129 264
130 264
131 264
132 264
133 264
134 264
135 264
136 264
137 264
138 264
139 264
140 264
141 264
142 264
143 264
144 264
145 264
146 264
147 264
148 264
149 264
150 264
151 264
152 264
153 264
154 264
155 264
156 264
157 264
158 264
159 264
160 264
161 264
162 264
168 264
169 264
170 264
171 264
172 264
173 264
174 264
175 264
176 264
177 264
178 264
179 264
180 264
181 264
182 264
183 264
184 264
185 264
186 264
187 264
190 264
191 264
192 264
193 264
194 264
195 264
196 264
197 264
198 264
199 264
200 264
201 264
202 264
203 264
204 264
205 264
206 264
207 264
208 264
209 264
210 264
211 264
212 264
213 264
214 264
215 264
221 264
222 264
223 264
224 264
225 264
226 264
227 264
228 264
229 264
230 264
231 264
232 264
233 264
234 264
235 264
236 264
237 264
238 264
239 264
240 264
241 264
242 264
243 264
244 264
245 264
246 264
247 264
248 264
249 264
252 264
253 264
254 264
255 264
256 264
257 264
258 264
259 264
260 264
261 264
262 264
263 264
1 265
2 265
3 265
4 265
5 265
6 265
7 265
8 265
9 265
10 265
11 265
12 265
13 265
14 265
15 265
16 265
17 265
18 265
19 265
20 265
21 265
22 265
23 265
24 265
25 265
26 265
27 265
28 265
29 265
30 265
31 265
32 265
33 265
34 265
35 265
36 265
37 265
38 265
39 265
40 265
41 265
42 265
43 265
44 265
45 265
46 265
49 265
50 265
51 265
52 265
53 265
54 265
55 265
56 265
57 265
58 265
59 265
60 265
61 265
62 265
63 265
64 265
65 265
66 265
67 265
68 265
69 265
70 265
71 265
72 265
73 265
74 265
75 265
76 265
77 265
78 265
79 265
80 265
81 265
82 265
83 265
84 265
85 265
86 265
87 265
88 265
89 265
90 265
91 265
92 265
93 265
94 265
95 265
96 265
97 265
98 265
99 265
100 265
101 265
102 265
103 265
104 265
105 265
106 265
107 265
108 265
109 265
110 265
111 265
112 265
113 265
114 265
115 265
116 265
117 265
118 265
119 265
120 265
121 265
122 265
123 265
124 265
125 265
126 265
127 265
128 265
129 265
130 265
131 265
132 265
133 265
134 265
135 265
136 265
137 265
138 265
139 265
140 265
141 265
142 265
143 265
144 265
145 265
146 265
147 265
148 265
149 265
150 265
151 265
152 265
153 265
154 265
155 265
156 265
157 265
158 265
159 265
160 265
161 265
162 265
168 265
169 265
170 265
171 265
172 265
173 265
174 265
175 265
176 265
177 265
178 265
179 265
180 265
181 265
182 265
183 265
184 265
185 265
186 265
187 265
190 265
191 265
192 265
193 265
194 265
195 265
196 265
197 265
198 265
199 265
200 265
201 265
202 265
203 265
204 265
205 265
206 265
207 265
208 265
209 265
210 265
211 265
212 265
213 265
214 265
215 265
221 265
222 265
223 265
224 265
225 265
226 265
227 265
228 265
229 265
230 265
231 265
232 265
233 265
234 265
235 265
236 265
237 265
238 265
239 265
240 265
241 265
242 265
243 265
244 265
245 265
246 265
247 265
248 265
249 265
252 265
253 265
254 265
255 265
256 265
257 265
258 265
259 265
260 265
261 265
262 265
263 265
264 265
1 266
2 266
3 266
4 266
5 266
6 266
7 266
8 266
9 266
10 266
11 266
12 266
13 266
14 266
15 266
16 266
17 266
18 266
19 266
20 266
21 266
22 266
23 266
24 266
25 266
26 266
27 266
28 266
29 266
30 266
31 266
32 266
33 266
34 266
35 266
36 266
37 266
38 266
39 266
40 266
41 266
42 266
43 266
44 266
45 266
46 266
49 266
50 266
51 266
52 266
53 266
54 266
55 266
56 266
57 266
58 266
59 266
60 266
61 266
62 266
63 266
64 266
65 266
66 266
67 266
68 266
69 266
70 266
71 266
72 266
73 266
74 266
75 266
76 266
77 266
78 266
79 266
80 266
81 266
82 266
83 266
84 266
85 266
86 266
87 266
88 266
89 266
90 266
91 266
92 266
93 266
94 266
95 266
96 266
97 266
98 266
99 266
100 266
101 266
102 266
103 266
104 266
105 266
106 266
107 266
108 266
109 266
110 266
111 266
112 266
113 266
114 266
115 266
116 266
117 266
118 266
119 266
120 266
121 266
122 266
123 266
124 266
125 266
126 266
127 266
128 266
129 266
130 266
131 266
132 266
133 266
134 266
135 266
136 266
137 266
138 266
139 266
140 266
141 266
142 266
143 266
144 266
145 266
146 266
147 266
148 266
149 266
150 266
151 266
152 266
153 266
154 266
155 266
156 266
157 266
158 266
159 266
160 266
161 266
162 266
168 266
169 266
170 266
171 266
172 266
173 266
174 266
175 266
176 266
177 266
178 266
179 266
180 266
181 266
182 266
183 266
184 266
185 266
186 266
187 266
190 266
191 266
192 266
193 266
194 266
195 266
196 266
197 266
198 266
199 266
200 266
201 266
202 266
203 266
204 266
205 266
206 266
207 266
208 266
209 266
210 266
211 266
212 266
213 266
214 266
215 266
221 266
222 266
223 266
224 266
225 266
226 266
227 266
228 266
229 266
230 266
231 266
232 266
233 266
234 266
235 266
236 266
237 266
238 266
239 266
240 266
241 266
242 266
243 266
244 266
245 266
246 266
247 266
248 266
249 266
252 266
253 266
254 266
255 266
256 266
257 266
258 266
259 266
260 266
261 266
262 266
263 266
264 266
265 266
1 267
2 267
3 267
4 267
5 267
6 267
7 267
8 267
9 267
10 267
11 267
12 267
13 267
14 267
15 267
16 267
17 267
18 267
19 267
20 267
21 267
22 267
23 267
24 267
25 267
26 267
27 267
28 267
29 267
30 267
31 267
32 267
33 267
34 267
35 267
36 267
37 267
38 267
39 267
40 267
41 267
42 267
43 267
44 267
45 267
46 267
49 267
50 267
51 267
52 267
53 267
54 267
55 267
56 267
57 267
58 267
59 267
60 267
61 267
62 267
63 267
64 267
65 267
66 267
67 267
68 267
69 267
70 267
71 267
72 267
73 267
74 267
75 267
76 267
77 267
78 267
79 267
80 267
81 267
82 267
83 267
84 267
85 267
86 267
87 267
88 267
89 267
90 267
91 267
92 267
93 267
94 267
95 267
96 267
97 267
98 267
99 267
100 267
101 267
102 267
103 267
104 267
105 267
106 267
107 267
108 267
109 267
110 267
111 267
112 267
113 267
114 267
115 267
116 267
117 267
118 267
119 267
120 267
121 267
122 267
123 267
124 267
125 267
126 267
127 267
128 267
129 267
130 267
131 267
132 267
133 267
134 267
135 267
136 267
137 267
138 267
139 267
140 267
141 267
142 267
143 267
144 267
145 267
146 267
147 267
148 267
149 267
150 267
151 267
152 267
153 267
154 267
155 267
156 267
157 267
158 267
159 267
160 267
161 267
162 267
168 267
169 267
170 267
171 267
172 267
173 267
174 267
175 267
176 267
177 267
178 267
179 267
180 267
181 267
182 267
183 267
184 267
185 267
186 267
187 267
190 267
191 267
192 267
193 267
194 267
195 267
196 267
197 267
198 267
199 267
200 267
201 267
202 267
203 267
204 267
205 267
206 267
207 267
208 267
209 267
210 267
211 267
212 267
213 267
214 267
215 267
221 267
222 267
223 267
224 267
225 267
226 267
227 267
228 267
229 267
230 267
231 267
232 267
233 267
234 267
235 267
236 267
237 267
238 267
239 267
240 267
241 267
242 267
243 267
244 267
245 267
246 267
247 267
248 267
249 267
252 267
253 267
254 267
255 267
256 267
257 267
258 267
259 267
260 267
261 267
262 267
263 267
264 267
265 267
266 267
1 268
2 268
3 268
4 268
5 268
6 268
7 268
8 268
9 268
10 268
11 268
12 268
13 268
14 268
15 268
16 268
17 268
18 268
19 268
20 268
21 268
22 268
23 268
24 268
25 268
26 268
27 268
28 268
29 268
30 268
31 268
32 268
33 268
34 268
35 268
36 268
37 268
38 268
39 268
40 268
41 268
42 268
43 268
44 268
45 268
46 268
49 268
50 268
51 268
52 268
53 268
54 268
55 268
56 268
57 268
58 268
59 268
60 268
61 268
62 268
63 268
64 268
65 268
66 268
67 268
68 268
69 268
70 268
71 268
72 268
73 268
74 268
75 268
76 268
77 268
78 268
79 268
80 268
81 268
82 268
83 268
84 268
85 268
86 268
87 268
88 268
89 268
90 268
91 268
92 268
93 268
94 268
95 268
96 268
97 268
98 268
99 268
100 268
101 268
102 268
103 268
104 268
105 268
106 268
107 268
108 268
109 268
110 268
111 268
112 268
113 268
114 268
115 268
116 268
117 268
118 268
119 268
120 268
121 268
122 268
123 268
124 268
125 268
126 268
127 268
128 268
129 268
130 268
131 268
132 268
133 268
134 268
135 268
136 268
137 268
138 268
139 268
140 268
141 268
142 268
143 268
144 268
145 268
146 268
147 268
148 268
149 268
150 268
151 268
152 268
153 268
154 268
155 268
156 268
157 268
158 268
159 268
160 268
161 268
162 268
168 268
169 268
170 268
171 268
172 268
173 268
174 268
175 268
176 268
177 268
178 268
179 268
180 268
181 268
182 268
183 268
184 268
185 268
186 268
187 268
190 268
191 268
192 268
193 268
194 268
195 268
196 268
197 268
198 268
199 268
200 268
201 268
202 268
203 268
204 268
205 268
206 268
207 268
208 268
209 268
210 268
211 268
212 268
213 268
214 268
215 268
221 268
222 268
223 268
224 268
225 268
226 268
227 268
228 268
229 268
230 268
231 268
232 268
233 268
234 268
235 268
236 268
237 268
238 268
239 268
240 268
241 268
242 268
243 268
244 268
245 268
246 268
247 268
248 268
249 268
252 268
253 268
254 268
255 268
256 268
257 268
258 268
259 268
260 268
261 268
262 268
263 268
264 268
265 268
266 268
267 268
192 269
1 270
2 270
3 270
4 270
5 270
6 270
7 270
8 270
9 270
10 270
11 270
12 270
13 270
14 270
15 270
16 270
17 270
18 270
19 270
20 270
21 270
22 270
23 270
24 270
25 270
26 270
27 270
28 270
29 270
30 270
31 270
32 270
33 270
34 270
35 270
36 270
37 270
38 270
39 270
40 270
41 270
42 270
43 270
44 270
45 270
46 270
49 270
50 270
51 270
52 270
53 270
54 270
55 270
56 270
57 270
58 270
59 270
60 270
61 270
62 270
63 270
64 270
65 270
66 270
67 270
68 270
69 270
70 270
71 270
72 270
73 270
74 270
75 270
76 270
77 270
78 270
79 270
80 270
81 270
82 270
83 270
84 270
85 270
86 270
87 270
88 270
89 270
90 270
91 270
92 270
93 270
94 270
95 270
96 270
97 270
98 270
99 270
100 270
101 270
102 270
103 270
104 270
105 270
106 270
107 270
108 270
109 270
110 270
111 270
112 270
113 270
114 270
115 270
116 270
117 270
118 270
119 270
120 270
121 270
122 270
123 270
124 270
125 270
126 270
127 270
128 270
129 270
130 270
131 270
132 270
133 270
134 270
135 270
136 270
137 270
138 270
139 270
140 270
141 270
142 270
143 270
144 270
145 270
146 270
147 270
148 270
149 270
150 270
151 270
152 270
153 270
154 270
155 270
156 270
157 270
158 270
159 270
160 270
161 270
162 270
168 270
169 270
170 270
171 270
172 270
173 270
174 270
175 270
176 270
177 270
178 270
179 270
180 270
181 270
182 270
183 270
184 270
185 270
186 270
187 270
190 270
191 270
192 270
193 270
194 270
195 270
196 270
197 270
198 270
199 270
200 270
201 270
202 270
203 270
204 270
205 270
206 270
207 270
208 270
209 270
210 270
211 270
212 270
213 270
214 270
215 270
221 270
222 270
223 270
224 270
225 270
226 270
227 270
228 270
229 270
230 270
231 270
232 270
233 270
234 270
235 270
236 270
237 270
238 270
239 270
240 270
241 270
242 270
243 270
244 270
245 270
246 270
247 270
248 270
249 270
252 270
253 270
254 270
255 270
256 270
257 270
258 270
259 270
260 270
261 270
262 270
263 270
264 270
265 270
266 270
267 270
268 270
1 271
2 271
3 271
4 271
5 271
6 271
7 271
8 271
9 271
10 271
11 271
12 271
13 271
14 271
15 271
16 271
17 271
18 271
19 271
20 271
21 271
22 271
23 271
24 271
25 271
26 271
27 271
28 271
29 271
30 271
31 271
32 271
33 271
34 271
35 271
36 271
37 271
38 271
39 271
40 271
41 271
42 271
43 271
44 271
45 271
46 271
49 271
50 271
51 271
52 271
53 271
54 271
55 271
56 271
57 271
58 271
59 271
60 271
61 271
62 271
63 271
64 271
65 271
66 271
67 271
68 271
69 271
70 271
71 271
72 271
73 271
74 271
75 271
76 271
77 271
78 271
79 271
80 271
81 271
82 271
83 271
84 271
85 271
86 271
87 271
88 271
89 271
90 271
91 271
92 271
93 271
94 271
95 271
96 271
97 271
98 271
99 271
100 271
101 271
102 271
103 271
104 271
105 271
106 271
107 271
108 271
109 271
110 271
111 271
112 271
113 271
114 271
115 271
116 271
117 271
118 271
119 271
120 271
121 271
122 271
123 271
124 271
125 271
126 271
127 271
128 271
129 271
130 271
131 271
132 271
133 271
134 271
135 271
136 271
137 271
138 271
139 271
140 271
141 271
142 271
143 271
144 271
145 271
146 271
147 271
148 271
149 271
150 271
151 271
152 271
153 271
154 271
155 271
156 271
157 271
158 271
159 271
160 271
161 271
162 271
168 271
169 271
170 271
171 271
172 271
173 271
174 271
175 271
176 271
177 271
178 271
179 271
180 271
181 271
182 271
183 271
184 271
185 271
186 271
187 271
190 271
191 271
192 271
193 271
194 271
195 271
196 271
197 271
198 271
199 271
200 271
201 271
202 271
203 271
204 271
205 271
206 271
207 271
208 271
209 271
210 271
211 271
212 271
213 271
214 271
215 271
221 271
222 271
223 271
224 271
225 271
226 271
227 271
228 271
229 271
230 271
231 271
232 271
233 271
234 271
235 271
236 271
237 271
238 271
239 271
240 271
241 271
242 271
243 271
244 271
245 271
246 271
247 271
248 271
249 271
252 271
253 271
254 271
255 271
256 271
257 271
258 271
259 271
260 271
261 271
262 271
263 271
264 271
265 271
266 271
267 271
268 271
270 271
1 272
2 272
3 272
4 272
5 272
6 272
7 272
8 272
9 272
10 272
11 272
12 272
13 272
14 272
15 272
16 272
17 272
18 272
19 272
20 272
21 272
22 272
23 272
24 272
25 272
26 272
27 272
28 272
29 272
30 272
31 272
32 272
33 272
34 272
35 272
36 272
37 272
38 272
39 272
40 272
41 272
42 272
43 272
44 272
45 272
46 272
49 272
50 272
51 272
52 272
53 272
54 272
55 272
56 272
57 272
58 272
59 272
60 272
61 272
62 272
63 272
64 272
65 272
66 272
67 272
68 272
69 272
70 272
71 272
72 272
73 272
74 272
75 272
76 272
77 272
78 272
79 272
80 272
81 272
82 272
83 272
84 272
85 272
86 272
87 272
88 272
89 272
90 272
91 272
92 272
93 272
94 272
95 272
96 272
97 272
98 272
99 272
100 272
101 272
102 272
103 272
104 272
105 272
106 272
107 272
108 272
109 272
110 272
111 272
112 272
113 272
114 272
115 272
116 272
117 272
118 272
119 272
120 272
121 272
122 272
123 272
124 272
125 272
126 272
127 272
128 272
129 272
130 272
131 272
132 272
133 272
134 272
135 272
136 272
137 272
138 272
139 272
140 272
141 272
142 272
143 272
144 272
145 272
146 272
147 272
148 272
149 272
150 272
151 272
152 272
153 272
154 272
155 272
156 272
157 272
158 272
159 272
160 272
161 272
162 272
168 272
169 272
170 272
171 272
172 272
173 272
174 272
175 272
176 272
177 272
178 272
179 272
180 272
181 272
182 272
183 272
184 272
185 272
186 272
187 272
190 272
191 272
192 272
193 272
194 272
195 272
196 272
197 272
198 272
199 272
200 272
201 272
202 272
203 272
204 272
205 272
206 272
207 272
208 272
209 272
210 272
211 272
212 272
213 272
214 272
215 272
221 272
222 272
223 272
224 272
225 272
226 272
227 272
228 272
229 272
230 272
231 272
232 272
233 272
234 272
235 272
236 272
237 272
238 272
239 272
240 272
241 272
242 272
243 272
244 272
245 272
246 272
247 272
248 272
249 272
252 272
253 272
254 272
255 272
256 272
257 272
258 272
259 272
260 272
261 272
262 272
263 272
264 272
265 272
266 272
267 272
268 272
270 272
271 272
1 273
2 273
3 273
4 273
5 273
6 273
7 273
8 273
9 273
10 273
11 273
12 273
13 273
14 273
15 273
16 273
17 273
18 273
19 273
20 273
21 273
22 273
23 273
24 273
25 273
26 273
27 273
28 273
29 273
30 273
31 273
32 273
33 273
34 273
35 273
36 273
37 273
38 273
39 273
40 273
41 273
42 273
43 273
44 273
45 273
46 273
49 273
50 273
51 273
52 273
53 273
54 273
55 273
56 273
57 273
58 273
59 273
60 273
61 273
62 273
63 273
64 273
65 273
66 273
67 273
68 273
69 273
70 273
71 273
72 273
73 273
74 273
75 273
76 273
77 273
78 273
79 273
80 273
81 273
82 273
83 273
84 273
85 273
86 273
87 273
88 273
89 273
90 273
91 273
92 273
93 273
94 273
95 273
96 273
97 273
98 273
99 273
100 273
101 273
102 273
103 273
104 273
105 273
106 273
107 273
108 273
109 273
110 273
111 273
112 273
113 273
114 273
115 273
116 273
117 273
118 273
119 273
120 273
121 273
122 273
123 273
124 273
125 273
126 273
127 273
128 273
129 273
130 273
131 273
132 273
133 273
134 273
135 273
136 273
137 273
138 273
139 273
140 273
141 273
142 273
143 273
144 273
145 273
146 273
147 273
148 273
149 273
150 273
151 273
152 273
153 273
154 273
155 273
156 273
157 273
158 273
159 273
160 273
161 273
162 273
168 273
169 273
170 273
171 273
172 273
173 273
174 273
175 273
176 273
177 273
178 273
179 273
180 273
181 273
182 273
183 273
184 273
185 273
186 273
187 273
190 273
191 273
192 273
193 273
194 273
195 273
196 273
197 273
198 273
199 273
200 273
201 273
202 273
203 273
204 273
205 273
206 273
207 273
208 273
209 273
210 273
211 273
212 273
213 273
214 273
215 273
221 273
222 273
223 273
224 273
225 273
226 273
227 273
228 273
229 273
230 273
231 273
232 273
233 273
234 273
235 273
236 273
237 273
238 273
239 273
240 273
241 273
242 273
243 273
244 273
245 273
246 273
247 273
248 273
249 273
252 273
253 273
254 273
255 273
256 273
257 273
258 273
259 273
260 273
261 273
262 273
263 273
264 273
265 273
266 273
267 273
268 273
270 273
271 273
272 273
1 274
2 274
3 274
4 274
5 274
6 274
7 274
8 274
9 274
10 274
11 274
12 274
13 274
14 274
15 274
16 274
17 274
18 274
19 274
20 274
21 274
22 274
23 274
24 274
25 274
26 274
27 274
28 274
29 274
30 274
31 274
32 274
33 274
34 274
35 274
36 274
37 274
38 274
39 274
40 274
41 274
42 274
43 274
44 274
45 274
46 274
49 274
50 274
51 274
52 274
53 274
54 274
55 274
56 274
57 274
58 274
59 274
60 274
61 274
62 274
63 274
64 274
65 274
66 274
67 274
68 274
69 274
70 274
71 274
72 274
73 274
74 274
75 274
76 274
77 274
78 274
79 274
80 274
81 274
82 274
83 274
84 274
85 274
86 274
87 274
88 274
89 274
90 274
91 274
92 274
93 274
94 274
95 274
96 274
97 274
98 274
99 274
100 274
101 274
102 274
103 274
104 274
105 274
106 274
107 274
108 274
109 274
110 274
111 274
112 274
113 274
114 274
115 274
116 274
117 274
118 274
119 274
120 274
121 274
122 274
123 274
124 274
125 274
126 274
127 274
128 274
129 274
130 274
131 274
132 274
133 274
134 274
135 274
136 274
137 274
138 274
139 274
140 274
141 274
142 274
143 274
144 274
145 274
146 274
147 274
148 274
149 274
150 274
151 274
152 274
153 274
154 274
155 274
156 274
157 274
158 274
159 274
160 274
161 274
162 274
168 274
169 274
170 274
171 274
172 274
173 274
174 274
175 274
176 274
177 274
178 274
179 274
180 274
181 274
182 274
183 274
184 274
185 274
186 274
187 274
190 274
191 274
192 274
193 274
194 274
195 274
196 274
197 274
198 274
199 274
200 274
201 274
202 274
203 274
204 274
205 274
206 274
207 274
208 274
209 274
210 274
211 274
212 274
213 274
214 274
215 274
221 274
222 274
223 274
224 274
225 274
226 274
227 274
228 274
229 274
230 274
231 274
232 274
233 274
234 274
235 274
236 274
237 274
238 274
239 274
240 274
241 274
242 274
243 274
244 274
245 274
246 274
247 274
248 274
249 274
252 274
253 274
254 274
255 274
256 274
257 274
258 274
259 274
260 274
261 274
262 274
263 274
264 274
265 274
266 274
267 274
268 274
270 274
271 274
272 274
273 274
1 275
2 275
3 275
4 275
5 275
6 275
7 275
8 275
9 275
10 275
11 275
12 275
13 275
14 275
15 275
16 275
17 275
18 275
19 275
20 275
21 275
22 275
23 275
24 275
25 275
26 275
27 275
28 275
29 275
30 275
31 275
32 275
33 275
34 275
35 275
36 275
37 275
38 275
39 275
40 275
41 275
42 275
43 275
44 275
45 275
46 275
49 275
50 275
51 275
52 275
53 275
54 275
55 275
56 275
57 275
58 275
59 275
60 275
61 275
62 275
63 275
64 275
65 275
66 275
67 275
68 275
69 275
70 275
71 275
72 275
73 275
74 275
75 275
76 275
77 275
78 275
79 275
80 275
81 275
82 275
83 275
84 275
85 275
86 275
87 275
88 275
89 275
90 275
91 275
92 275
93 275
94 275
95 275
96 275
97 275
98 275
99 275
100 275
101 275
102 275
103 275
104 275
105 275
106 275
107 275
108 275
109 275
110 275
111 275
112 275
113 275
114 275
115 275
116 275
117 275
118 275
119 275
120 275
121 275
122 275
123 275
124 275
125 275
126 275
127 275
128 275
129 275
130 275
131 275
132 275
133 275
134 275
135 275
136 275
137 275
138 275
139 275
140 275
141 275
142 275
143 275
144 275
145 275
146 275
147 275
148 275
149 275
150 275
151 275
152 275
153 275
154 275
155 275
156 275
157 275
158 275
159 275
160 275
161 275
162 275
168 275
169 275
170 275
171 275
172 275
173 275
174 275
175 275
176 275
177 275
178 275
179 275
180 275
181 275
182 275
183 275
184 275
185 275
186 275
187 275
190 275
191 275
192 275
193 275
194 275
195 275
196 275
197 275
198 275
199 275
200 275
201 275
202 275
203 275
204 275
205 275
206 275
207 275
208 275
209 275
210 275
211 275
212 275
213 275
214 275
215 275
221 275
222 275
223 275
224 275
225 275
226 275
227 275
228 275
229 275
230 275
231 275
232 275
233 275
234 275
235 275
236 275
237 275
238 275
239 275
240 275
241 275
242 275
243 275
244 275
245 275
246 275
247 275
248 275
249 275
252 275
253 275
254 275
255 275
256 275
257 275
258 275
259 275
260 275
261 275
262 275
263 275
264 275
265 275
266 275
267 275
268 275
270 275
271 275
272 275
273 275
274 275
1 276
2 276
3 276
4 276
5 276
6 276
7 276
8 276
9 276
10 276
11 276
12 276
13 276
14 276
15 276
16 276
17 276
18 276
19 276
20 276
21 276
22 276
23 276
24 276
25 276
26 276
27 276
28 276
29 276
30 276
31 276
32 276
33 276
34 276
35 276
36 276
37 276
38 276
39 276
40 276
41 276
42 276
43 276
44 276
45 276
46 276
49 276
50 276
51 276
52 276
53 276
54 276
55 276
56 276
57 276
58 276
59 276
60 276
61 276
62 276
63 276
64 276
65 276
66 276
67 276
68 276
69 276
70 276
71 276
72 276
73 276
74 276
75 276
76 276
77 276
78 276
79 276
80 276
81 276
82 276
83 276
84 276
85 276
86 276
87 276
88 276
89 276
90 276
91 276
92 276
93 276
94 276
95 276
96 276
97 276
98 276
99 276
100 276
101 276
102 276
103 276
104 276
105 276
106 276
107 276
108 276
109 276
110 276
111 276
112 276
113 276
114 276
115 276
116 276
117 276
118 276
119 276
120 276
121 276
122 276
123 276
124 276
125 276
126 276
127 276
128 276
129 276
130 276
131 276
132 276
133 276
134 276
135 276
136 276
137 276
138 276
139 276
140 276
141 276
142 276
143 276
144 276
145 276
146 276
147 276
148 276
149 276
150 276
151 276
152 276
153 276
154 276
155 276
156 276
157 276
158 276
159 276
160 276
161 276
162 276
168 276
169 276
170 276
171 276
172 276
173 276
174 276
175 276
176 276
177 276
178 276
179 276
180 276
181 276
182 276
183 276
184 276
185 276
186 276
187 276
190 276
191 276
192 276
193 276
194 276
195 276
196 276
197 276
198 276
199 276
200 276
201 276
202 276
203 276
204 276
205 276
206 276
207 276
208 276
209 276
210 276
211 276
212 276
213 276
214 276
215 276
221 276
222 276
223 276
224 276
225 276
226 276
227 276
228 276
229 276
230 276
231 276
232 276
233 276
234 276
235 276
236 276
237 276
238 276
239 276
240 276
241 276
242 276
243 276
244 276
245 276
246 276
247 276
248 276
249 276
252 276
253 276
254 276
255 276
256 276
257 276
258 276
259 276
260 276
261 276
262 276
263 276
264 276
265 276
266 276
267 276
268 276
270 276
271 276
272 276
273 276
274 276
275 276
1 277
2 277
3 277
4 277
5 277
6 277
7 277
8 277
9 277
10 277
11 277
12 277
13 277
14 277
15 277
16 277
17 277
18 277
19 277
20 277
21 277
22 277
23 277
24 277
25 277
26 277
27 277
28 277
29 277
30 277
31 277
32 277
33 277
34 277
35 277
36 277
37 277
38 277
39 277
40 277
41 277
42 277
43 277
44 277
45 277
46 277
49 277
50 277
51 277
52 277
53 277
54 277
55 277
56 277
57 277
58 277
59 277
60 277
61 277
62 277
63 277
64 277
65 277
66 277
67 277
68 277
69 277
70 277
71 277
72 277
73 277
74 277
75 277
76 277
77 277
78 277
79 277
80 277
81 277
82 277
83 277
84 277
85 277
86 277
87 277
88 277
89 277
90 277
91 277
92 277
93 277
94 277
95 277
96 277
97 277
98 277
99 277
100 277
101 277
102 277
103 277
104 277
105 277
106 277
107 277
108 277
109 277
110 277
111 277
112 277
113 277
114 277
115 277
116 277
117 277
118 277
119 277
120 277
121 277
122 277
123 277
124 277
125 277
126 277
127 277
128 277
129 277
130 277
131 277
132 277
133 277
134 277
135 277
136 277
137 277
138 277
139 277
140 277
141 277
142 277
143 277
144 277
145 277
146 277
147 277
148 277
149 277
150 277
151 277
152 277
153 277
154 277
155 277
156 277
157 277
158 277
159 277
160 277
161 277
162 277
168 277
169 277
170 277
171 277
172 277
173 277
174 277
175 277
176 277
177 277
178 277
179 277
180 277
181 277
182 277
183 277
184 277
185 277
186 277
187 277
190 277
191 277
192 277
193 277
194 277
195 277
196 277
197 277
198 277
199 277
200 277
201 277
202 277
203 277
204 277
205 277
206 277
207 277
208 277
209 277
210 277
211 277
212 277
213 277
214 277
215 277
221 277
222 277
223 277
224 277
225 277
226 277
227 277
228 277
229 277
230 277
231 277
232 277
233 277
234 277
235 277
236 277
237 277
238 277
239 277
240 277
241 277
242 277
243 277
244 277
245 277
246 277
247 277
248 277
249 277
252 277
253 277
254 277
255 277
256 277
257 277
258 277
259 277
260 277
261 277
262 277
263 277
264 277
265 277
266 277
267 277
268 277
270 277
271 277
272 277
273 277
274 277
275 277
276 277
1 278
2 278
3 278
4 278
5 278
6 278
7 278
8 278
9 278
10 278
11 278
12 278
13 278
14 278
15 278
16 278
17 278
18 278
19 278
20 278
21 278
22 278
23 278
24 278
25 278
26 278
27 278
28 278
29 278
30 278
31 278
32 278
33 278
34 278
35 278
36 278
37 278
38 278
39 278
40 278
41 278
42 278
43 278
44 278
45 278
46 278
49 278
50 278
51 278
52 278
53 278
54 278
55 278
56 278
57 278
58 278
59 278
60 278
61 278
62 278
63 278
64 278
65 278
66 278
67 278
68 278
69 278
70 278
71 278
72 278
73 278
74 278
75 278
76 278
77 278
78 278
79 278
80 278
81 278
82 278
83 278
84 278
85 278
86 278
87 278
88 278
89 278
90 278
91 278
92 278
93 278
94 278
95 278
96 278
97 278
98 278
99 278
100 278
101 278
102 278
103 278
104 278
105 278
106 278
107 278
108 278
109 278
110 278
111 278
112 278
113 278
114 278
115 278
116 278
117 278
118 278
119 278
120 278
121 278
122 278
123 278
124 278
125 278
126 278
127 278
128 278
129 278
130 278
131 278
132 278
133 278
134 278
135 278
136 278
137 278
138 278
139 278
140 278
141 278
142 278
143 278
144 278
145 278
146 278
147 278
148 278
149 278
150 278
151 278
152 278
153 278
154 278
155 278
156 278
157 278
158 278
159 278
160 278
161 278
162 278
168 278
169 278
170 278
171 278
172 278
173 278
174 278
175 278
176 278
177 278
178 278
179 278
180 278
181 278
182 278
183 278
184 278
185 278
186 278
187 278
190 278
191 278
192 278
193 278
194 278
195 278
196 278
197 278
198 278
199 278
200 278
201 278
202 278
203 278
204 278
205 278
206 278
207 278
208 278
209 278
210 278
211 278
212 278
213 278
214 278
215 278
221 278
222 278
223 278
224 278
225 278
226 278
227 278
228 278
229 278
230 278
231 278
232 278
233 278
234 278
235 278
236 278
237 278
238 278
239 278
240 278
241 278
242 278
243 278
244 278
245 278
246 278
247 278
248 278
249 278
252 278
253 278
254 278
255 278
256 278
257 278
258 278
259 278
260 278
261 278
262 278
263 278
264 278
265 278
266 278
267 278
268 278
270 278
271 278
272 278
273 278
274 278
275 278
276 278
277 278
1 279
2 279
3 279
4 279
5 279
6 279
7 279
8 279
9 279
10 279
11 279
12 279
13 279
14 279
15 279
16 279
17 279
18 279
19 279
20 279
21 279
22 279
23 279
24 279
25 279
26 279
27 279
28 279
29 279
30 279
31 279
32 279
33 279
34 279
35 279
36 279
37 279
38 279
39 279
40 279
41 279
42 279
43 279
44 279
45 279
46 279
49 279
50 279
51 279
52 279
53 279
54 279
55 279
56 279
57 279
58 279
59 279
60 279
61 279
62 279
63 279
64 279
65 279
66 279
67 279
68 279
69 279
70 279
71 279
72 279
73 279
74 279
75 279
76 279
77 279
78 279
79 279
80 279
81 279
82 279
83 279
84 279
85 279
86 279
87 279
88 279
89 279
90 279
91 279
92 279
93 279
94 279
95 279
96 279
97 279
98 279
99 279
100 279
101 279
102 279
103 279
104 279
105 279
106 279
107 279
108 279
109 279
110 279
111 279
112 279
113 279
114 279
115 279
116 279
117 279
118 279
119 279
120 279
121 279
122 279
123 279
124 279
125 279
126 279
127 279
128 279
129 279
130 279
131 279
132 279
133 279
134 279
135 279
136 279
137 279
138 279
139 279
140 279
141 279
142 279
143 279
144 279
145 279
146 279
147 279
148 279
149 279
150 279
151 279
152 279
153 279
154 279
155 279
156 279
157 279
158 279
159 279
160 279
161 279
162 279
168 279
169 279
170 279
171 279
172 279
173 279
174 279
175 279
176 279
177 279
178 279
179 279
180 279
181 279
182 279
183 279
184 279
185 279
186 279
187 279
190 279
191 279
192 279
193 279
194 279
195 279
196 279
197 279
198 279
199 279
200 279
201 279
202 279
203 279
204 279
205 279
206 279
207 279
208 279
209 279
210 279
211 279
212 279
213 279
214 279
215 279
221 279
222 279
223 279
224 279
225 279
226 279
227 279
228 279
229 279
230 279
231 279
232 279
233 279
234 279
235 279
236 279
237 279
238 279
239 279
240 279
241 279
242 279
243 279
244 279
245 279
246 279
247 279
248 279
249 279
252 279
253 279
254 279
255 279
256 279
257 279
258 279
259 279
260 279
261 279
262 279
263 279
264 279
265 279
266 279
267 279
268 279
270 279
271 279
272 279
273 279
274 279
275 279
276 279
277 279
278 279
1 280
2 280
3 280
4 280
5 280
6 280
7 280
8 280
9 280
10 280
11 280
12 280
13 280
14 280
15 280
16 280
17 280
18 280
19 280
20 280
21 280
22 280
23 280
24 280
25 280
26 280
27 280
28 280
29 280
30 280
31 280
32 280
33 280
34 280
35 280
36 280
37 280
38 280
39 280
40 280
41 280
42 280
43 280
44 280
45 280
46 280
49 280
50 280
51 280
52 280
53 280
54 280
55 280
56 280
57 280
58 280
59 280
60 280
61 280
62 280
63 280
64 280
65 280
66 280
67 280
68 280
69 280
70 280
71 280
72 280
73 280
74 280
75 280
76 280
77 280
78 280
79 280
80 280
81 280
82 280
83 280
84 280
85 280
86 280
87 280
88 280
89 280
90 280
91 280
92 280
93 280
94 280
95 280
96 280
97 280
98 280
99 280
100 280
101 280
102 280
103 280
104 280
105 280
106 280
107 280
108 280
109 280
110 280
111 280
112 280
113 280
114 280
115 280
116 280
117 280
118 280
119 280
120 280
121 280
122 280
123 280
124 280
125 280
126 280
127 280
128 280
129 280
130 280
131 280
132 280
133 280
134 280
135 280
136 280
137 280
138 280
139 280
140 280
141 280
142 280
143 280
144 280
145 280
146 280
147 280
148 280
149 280
150 280
151 280
152 280
153 280
154 280
155 280
156 280
157 280
158 280
159 280
160 280
161 280
162 280
168 280
169 280
170 280
171 280
172 280
173 280
174 280
175 280
176 280
177 280
178 280
179 280
180 280
181 280
182 280
183 280
184 280
185 280
186 280
187 280
190 280
191 280
192 280
193 280
194 280
195 280
196 280
197 280
198 280
199 280
200 280
201 280
202 280
203 280
204 280
205 280
206 280
207 280
208 280
209 280
210 280
211 280
212 280
213 280
214 280
215 280
221 280
222 280
223 280
224 280
225 280
226 280
227 280
228 280
229 280
230 280
231 280
232 280
233 280
234 280
235 280
236 280
237 280
238 280
239 280
240 280
241 280
242 280
243 280
244 280
245 280
246 280
247 280
248 280
249 280
252 280
253 280
254 280
255 280
256 280
257 280
258 280
259 280
260 280
261 280
262 280
263 280
264 280
265 280
266 280
267 280
268 280
270 280
271 280
272 280
273 280
274 280
275 280
276 280
277 280
278 280
279 280
1 281
2 281
3 281
4 281
5 281
6 281
7 281
8 281
9 281
10 281
11 281
12 281
13 281
14 281
15 281
16 281
17 281
18 281
19 281
20 281
21 281
22 281
23 281
24 281
25 281
26 281
27 281
28 281
29 281
30 281
31 281
32 281
33 281
34 281
35 281
36 281
37 281
38 281
39 281
40 281
41 281
42 281
43 281
44 281
45 281
46 281
49 281
50 281
51 281
52 281
53 281
54 281
55 281
56 281
57 281
58 281
59 281
60 281
61 281
62 281
63 281
64 281
65 281
66 281
67 281
68 281
69 281
70 281
71 281
72 281
73 281
74 281
75 281
76 281
77 281
78 281
79 281
80 281
81 281
82 281
83 281
84 281
85 281
86 281
87 281
88 281
89 281
90 281
91 281
92 281
93 281
94 281
95 281
96 281
97 281
98 281
99 281
100 281
101 281
102 281
103 281
104 281
105 281
106 281
107 281
108 281
109 281
110 281
111 281
112 281
113 281
114 281
115 281
116 281
117 281
118 281
119 281
120 281
121 281
122 281
123 281
124 281
125 281
126 281
127 281
128 281
129 281
130 281
131 281
132 281
133 281
134 281
135 281
136 281
137 281
138 281
139 281
140 281
141 281
142 281
143 281
144 281
145 281
146 281
147 281
148 281
149 281
150 281
151 281
152 281
153 281
154 281
155 281
156 281
157 281
158 281
159 281
160 281
161 281
162 281
168 281
169 281
170 281
171 281
172 281
173 281
174 281
175 281
176 281
177 281
178 281
179 281
180 281
181 281
182 281
183 281
184 281
185 281
186 281
187 281
190 281
191 281
192 281
193 281
194 281
195 281
196 281
197 281
198 281
199 281
200 281
201 281
202 281
203 281
204 281
205 281
206 281
207 281
208 281
209 281
210 281
211 281
212 281
213 281
214 281
215 281
221 281
222 281
223 281
224 281
225 281
226 281
227 281
228 281
229 281
230 281
231 281
232 281
233 281
234 281
235 281
236 281
237 281
238 281
239 281
240 281
241 281
242 281
243 281
244 281
245 281
246 281
247 281
248 281
249 281
252 281
253 281
254 281
255 281
256 281
257 281
258 281
259 281
260 281
261 281
262 281
263 281
264 281
265 281
266 281
267 281
268 281
270 281
271 281
272 281
273 281
274 281
275 281
276 281
277 281
278 281
279 281
280 281
1 282
2 282
3 282
4 282
5 282
6 282
7 282
8 282
9 282
10 282
11 282
12 282
13 282
14 282
15 282
16 282
17 282
18 282
19 282
20 282
21 282
22 282
23 282
24 282
25 282
26 282
27 282
28 282
29 282
30 282
31 282
32 282
33 282
34 282
35 282
36 282
37 282
38 282
39 282
40 282
41 282
42 282
43 282
44 282
45 282
46 282
49 282
50 282
51 282
52 282
53 282
54 282
55 282
56 282
57 282
58 282
59 282
60 282
61 282
62 282
63 282
64 282
65 282
66 282
67 282
68 282
69 282
70 282
71 282
72 282
73 282
74 282
75 282
76 282
77 282
78 282
79 282
80 282
81 282
82 282
83 282
84 282
85 282
86 282
87 282
88 282
89 282
90 282
91 282
92 282
93 282
94 282
95 282
96 282
97 282
98 282
99 282
100 282
101 282
102 282
103 282
104 282
105 282
106 282
107 282
108 282
109 282
110 282
111 282
112 282
113 282
114 282
115 282
116 282
117 282
118 282
119 282
120 282
121 282
122 282
123 282
124 282
125 282
126 282
127 282
128 282
129 282
130 282
131 282
132 282
133 282
134 282
135 282
136 282
137 282
138 282
139 282
140 282
141 282
142 282
143 282
144 282
145 282
146 282
147 282
148 282
149 282
150 282
151 282
152 282
153 282
154 282
155 282
156 282
157 282
158 282
159 282
160 282
161 282
162 282
168 282
169 282
170 282
171 282
172 282
173 282
174 282
175 282
176 282
177 282
178 282
179 282
180 282
181 282
182 282
183 282
184 282
185 282
186 282
187 282
190 282
191 282
192 282
193 282
194 282
195 282
196 282
197 282
198 282
199 282
200 282
201 282
202 282
203 282
204 282
205 282
206 282
207 282
208 282
209 282
210 282
211 282
212 282
213 282
214 282
215 282
221 282
222 282
223 282
224 282
225 282
226 282
227 282
228 282
229 282
230 282
231 282
232 282
233 282
234 282
235 282
236 282
237 282
238 282
239 282
240 282
241 282
242 282
243 282
244 282
245 282
246 282
247 282
248 282
249 282
252 282
253 282
254 282
255 282
256 282
257 282
258 282
259 282
260 282
261 282
262 282
263 282
264 282
265 282
266 282
267 282
268 282
270 282
271 282
272 282
273 282
274 282
275 282
276 282
277 282
278 282
279 282
280 282
281 282
1 283
2 283
3 283
4 283
5 283
6 283
7 283
8 283
9 283
10 283
11 283
12 283
13 283
14 283
15 283
16 283
17 283
18 283
19 283
20 283
21 283
22 283
23 283
24 283
25 283
26 283
27 283
28 283
29 283
30 283
31 283
32 283
33 283
34 283
35 283
36 283
37 283
38 283
39 283
40 283
41 283
42 283
43 283
44 283
45 283
46 283
49 283
50 283
51 283
52 283
53 283
54 283
55 283
56 283
57 283
58 283
59 283
60 283
61 283
62 283
63 283
64 283
65 283
66 283
67 283
68 283
69 283
70 283
71 283
72 283
73 283
74 283
75 283
76 283
77 283
78 283
79 283
80 283
81 283
82 283
83 283
84 283
85 283
86 283
87 283
88 283
89 283
90 283
91 283
92 283
93 283
94 283
95 283
96 283
97 283
98 283
99 283
100 283
101 283
102 283
103 283
104 283
105 283
106 283
107 283
108 283
109 283
110 283
111 283
112 283
113 283
114 283
115 283
116 283
117 283
118 283
119 283
120 283
121 283
122 283
123 283
124 283
125 283
126 283
127 283
128 283
129 283
130 283
131 283
132 283
133 283
134 283
135 283
136 283
137 283
138 283
139 283
140 283
141 283
142 283
143 283
144 283
145 283
146 283
147 283
148 283
149 283
150 283
151 283
152 283
153 283
154 283
155 283
156 283
157 283
158 283
159 283
160 283
161 283
162 283
168 283
169 283
170 283
171 283
172 283
173 283
174 283
175 283
176 283
177 283
178 283
179 283
180 283
181 283
182 283
183 283
184 283
185 283
186 283
187 283
190 283
191 283
192 283
193 283
194 283
195 283
196 283
197 283
198 283
199 283
200 283
201 283
202 283
203 283
204 283
205 283
206 283
207 283
208 283
209 283
210 283
211 283
212 283
213 283
214 283
215 283
221 283
222 283
223 283
224 283
225 283
226 283
227 283
228 283
229 283
230 283
231 283
232 283
233 283
234 283
235 283
236 283
237 283
238 283
239 283
240 283
241 283
242 283
243 283
244 283
245 283
246 283
247 283
248 283
249 283
252 283
253 283
254 283
255 283
256 283
257 283
258 283
259 283
260 283
261 283
262 283
263 283
264 283
265 283
266 283
267 283
268 283
270 283
271 283
272 283
273 283
274 283
275 283
276 283
277 283
278 283
279 283
280 283
281 283
282 283
1 284
2 284
3 284
4 284
5 284
6 284
7 284
8 284
9 284
10 284
11 284
12 284
13 284
14 284
15 284
16 284
17 284
18 284
19 284
20 284
21 284
22 284
23 284
24 284
25 284
26 284
27 284
28 284
29 284
30 284
31 284
32 284
33 284
34 284
35 284
36 284
37 284
38 284
39 284
40 284
41 284
42 284
43 284
44 284
45 284
46 284
49 284
50 284
51 284
52 284
53 284
54 284
55 284
56 284
57 284
58 284
59 284
60 284
61 284
62 284
63 284
64 284
65 284
66 284
67 284
68 284
69 284
70 284
71 284
72 284
73 284
74 284
75 284
76 284
77 284
78 284
79 284
80 284
81 284
82 284
83 284
84 284
85 284
86 284
87 284
88 284
89 284
90 284
91 284
92 284
93 284
94 284
95 284
96 284
97 284
98 284
99 284
100 284
101 284
102 284
103 284
104 284
105 284
106 284
107 284
108 284
109 284
110 284
111 284
112 284
113 284
114 284
115 284
116 284
117 284
118 284
119 284
120 284
121 284
122 284
123 284
124 284
125 284
126 284
127 284
128 284
129 284
130 284
131 284
132 284
133 284
134 284
135 284
136 284
137 284
138 284
139 284
140 284
141 284
142 284
143 284
144 284
145 284
146 284
147 284
148 284
149 284
150 284
151 284
152 284
153 284
154 284
155 284
156 284
157 284
158 284
159 284
160 284
161 284
162 284
168 284
169 284
170 284
171 284
172 284
173 284
174 284
175 284
176 284
177 284
178 284
179 284
180 284
181 284
182 284
183 284
184 284
185 284
186 284
187 284
190 284
191 284
192 284
193 284
194 284
195 284
196 284
197 284
198 284
199 284
200 284
201 284
202 284
203 284
204 284
205 284
206 284
207 284
208 284
209 284
210 284
211 284
212 284
213 284
214 284
215 284
221 284
222 284
223 284
224 284
225 284
226 284
227 284
228 284
229 284
230 284
231 284
232 284
233 284
234 284
235 284
236 284
237 284
238 284
239 284
240 284
241 284
242 284
243 284
244 284
245 284
246 284
247 284
248 284
249 284
252 284
253 284
254 284
255 284
256 284
257 284
258 284
259 284
260 284
261 284
262 284
263 284
264 284
265 284
266 284
267 284
268 284
270 284
271 284
272 284
273 284
274 284
275 284
276 284
277 284
278 284
279 284
280 284
281 284
282 284
283 284
1 285
2 285
3 285
4 285
5 285
6 285
7 285
8 285
9 285
10 285
11 285
12 285
13 285
14 285
15 285
16 285
17 285
18 285
19 285
20 285
21 285
22 285
23 285
24 285
25 285
26 285
27 285
28 285
29 285
30 285
31 285
32 285
33 285
34 285
35 285
36 285
37 285
38 285
39 285
40 285
41 285
42 285
43 285
44 285
45 285
46 285
49 285
50 285
51 285
52 285
53 285
54 285
55 285
56 285
57 285
58 285
59 285
60 285
61 285
62 285
63 285
64 285
65 285
66 285
67 285
68 285
69 285
70 285
71 285
72 285
73 285
74 285
75 285
76 285
77 285
78 285
79 285
80 285
81 285
82 285
83 285
84 285
85 285
86 285
87 285
88 285
89 285
90 285
91 285
92 285
93 285
94 285
95 285
96 285
97 285
98 285
99 285
100 285
101 285
102 285
103 285
104 285
105 285
106 285
107 285
108 285
109 285
110 285
111 285
112 285
113 285
114 285
115 285
116 285
117 285
118 285
119 285
120 285
121 285
122 285
123 285
124 285
125 285
126 285
127 285
128 285
129 285
130 285
131 285
132 285
133 285
134 285
135 285
136 285
137 285
138 285
139 285
140 285
141 285
142 285
143 285
144 285
145 285
146 285
147 285
148 285
149 285
150 285
151 285
152 285
153 285
154 285
155 285
156 285
157 285
158 285
159 285
160 285
161 285
162 285
168 285
169 285
170 285
171 285
172 285
173 285
174 285
175 285
176 285
177 285
178 285
179 285
180 285
181 285
182 285
183 285
184 285
185 285
186 285
187 285
190 285
191 285
192 285
193 285
194 285
195 285
196 285
197 285
198 285
199 285
200 285
201 285
202 285
203 285
204 285
205 285
206 285
207 285
208 285
209 285
210 285
211 285
212 285
213 285
214 285
215 285
221 285
222 285
223 285
224 285
225 285
226 285
227 285
228 285
229 285
230 285
231 285
232 285
233 285
234 285
235 285
236 285
237 285
238 285
239 285
240 285
241 285
242 285
243 285
244 285
245 285
246 285
247 285
248 285
249 285
252 285
253 285
254 285
255 285
256 285
257 285
258 285
259 285
260 285
261 285
262 285
263 285
264 285
265 285
266 285
267 285
268 285
270 285
271 285
272 285
273 285
274 285
275 285
276 285
277 285
278 285
279 285
280 285
281 285
282 285
283 285
284 285
1 286
2 286
3 286
4 286
5 286
6 286
7 286
8 286
9 286
10 286
11 286
12 286
13 286
14 286
15 286
16 286
17 286
18 286
19 286
20 286
21 286
22 286
23 286
24 286
25 286
26 286
27 286
28 286
29 286
30 286
31 286
32 286
33 286
34 286
35 286
36 286
37 286
38 286
39 286
40 286
41 286
42 286
43 286
44 286
45 286
46 286
49 286
50 286
51 286
52 286
53 286
54 286
55 286
56 286
57 286
58 286
59 286
60 286
61 286
62 286
63 286
64 286
65 286
66 286
67 286
68 286
69 286
70 286
71 286
72 286
73 286
74 286
75 286
76 286
77 286
78 286
79 286
80 286
81 286
82 286
83 286
84 286
85 286
86 286
87 286
88 286
89 286
90 286
91 286
92 286
93 286
94 286
95 286
96 286
97 286
98 286
99 286
100 286
101 286
102 286
103 286
104 286
105 286
106 286
107 286
108 286
109 286
110 286
111 286
112 286
113 286
114 286
115 286
116 286
117 286
118 286
119 286
120 286
121 286
122 286
123 286
124 286
125 286
126 286
127 286
128 286
129 286
130 286
131 286
132 286
133 286
134 286
135 286
136 286
137 286
138 286
139 286
140 286
141 286
142 286
143 286
144 286
145 286
146 286
147 286
148 286
149 286
150 286
151 286
152 286
153 286
154 286
155 286
156 286
157 286
158 286
159 286
160 286
161 286
162 286
168 286
169 286
170 286
171 286
172 286
173 286
174 286
175 286
176 286
177 286
178 286
179 286
180 286
181 286
182 286
183 286
184 286
185 286
186 286
187 286
190 286
191 286
192 286
193 286
194 286
195 286
196 286
197 286
198 286
199 286
200 286
201 286
202 286
203 286
204 286
205 286
206 286
207 286
208 286
209 286
210 286
211 286
212 286
213 286
214 286
215 286
221 286
222 286
223 286
224 286
225 286
226 286
227 286
228 286
229 286
230 286
231 286
232 286
233 286
234 286
235 286
236 286
237 286
238 286
239 286
240 286
241 286
242 286
243 286
244 286
245 286
246 286
247 286
248 286
249 286
252 286
253 286
254 286
255 286
256 286
257 286
258 286
259 286
260 286
261 286
262 286
263 286
264 286
265 286
266 286
267 286
268 286
270 286
271 286
272 286
273 286
274 286
275 286
276 286
277 286
278 286
279 286
280 286
281 286
282 286
283 286
284 286
285 286
254 287
254 288
287 288
254 289
287 289
288 289
254 290
287 290
288 290
289 290
254 291
287 291
288 291
289 291
290 291
254 292
287 292
288 292
289 292
290 292
291 292
254 293
287 293
288 293
289 293
290 293
291 293
292 293
254 294
287 294
288 294
289 294
290 294
291 294
292 294
293 294
259 295
259 296
295 296
259 297
295 297
296 297
259 298
295 298
296 298
297 298
259 299
295 299
296 299
297 299
298 299
259 300
295 300
296 300
297 300
298 300
299 300
259 301
295 301
296 301
297 301
298 301
299 301
300 301
259 302
295 302
296 302
297 302
298 302
299 302
300 302
301 302
259 303
295 303
296 303
297 303
298 303
299 303
300 303
301 303
302 303
1 304
2 304
3 304
4 304
5 304
6 304
7 304
8 304
9 304
10 304
11 304
12 304
13 304
14 304
15 304
16 304
17 304
18 304
19 304
20 304
21 304
22 304
23 304
24 304
25 304
26 304
27 304
28 304
29 304
30 304
31 304
32 304
33 304
34 304
35 304
36 304
37 304
38 304
39 304
40 304
41 304
42 304
43 304
44 304
45 304
46 304
49 304
50 304
51 304
52 304
53 304
54 304
55 304
56 304
57 304
58 304
59 304
60 304
61 304
62 304
63 304
64 304
65 304
66 304
67 304
68 304
69 304
70 304
71 304
72 304
73 304
74 304
75 304
76 304
77 304
78 304
79 304
80 304
81 304
82 304
83 304
84 304
85 304
86 304
87 304
88 304
89 304
90 304
91 304
92 304
93 304
94 304
95 304
96 304
97 304
98 304
99 304
100 304
101 304
102 304
103 304
104 304
105 304
106 304
107 304
108 304
109 304
110 304
111 304
112 304
113 304
114 304
115 304
116 304
117 304
118 304
119 304
120 304
121 304
122 304
123 304
124 304
125 304
126 304
127 304
128 304
129 304
130 304
131 304
132 304
133 304
134 304
135 304
136 304
137 304
138 304
139 304
140 304
141 304
142 304
143 304
144 304
145 304
146 304
147 304
148 304
149 304
150 304
151 304
152 304
153 304
154 304
155 304
156 304
157 304
158 304
159 304
160 304
161 304
162 304
168 304
169 304
170 304
171 304
172 304
173 304
174 304
175 304
176 304
177 304
178 304
179 304
180 304
181 304
182 304
183 304
184 304
185 304
186 304
187 304
190 304
191 304
192 304
193 304
194 304
195 304
196 304
197 304
198 304
199 304
200 304
201 304
202 304
203 304
204 304
205 304
206 304
207 304
208 304
209 304
210 304
211 304
212 304
213 304
214 304
215 304
221 304
222 304
223 304
224 304
225 304
226 304
227 304
228 304
229 304
230 304
231 304
232 304
233 304
234 304
235 304
236 304
237 304
238 304
239 304
240 304
241 304
242 304
243 304
244 304
245 304
246 304
247 304
248 304
249 304
252 304
253 304
254 304
255 304
256 304
257 304
258 304
259 304
260 304
261 304
262 304
263 304
264 304
265 304
266 304
267 304
268 304
270 304
271 304
272 304
273 304
274 304
275 304
276 304
277 304
278 304
279 304
280 304
281 304
282 304
283 304
284 304
285 304
286 304
1 305
2 305
3 305
4 305
5 305
6 305
7 305
8 305
9 305
10 305
11 305
12 305
13 305
14 305
15 305
16 305
17 305
18 305
19 305
20 305
21 305
22 305
23 305
24 305
25 305
26 305
27 305
28 305
29 305
30 305
31 305
32 305
33 305
34 305
35 305
36 305
37 305
38 305
39 305
40 305
41 305
42 305
43 305
44 305
45 305
46 305
49 305
50 305
51 305
52 305
53 305
54 305
55 305
56 305
57 305
58 305
59 305
60 305
61 305
62 305
63 305
64 305
65 305
66 305
67 305
68 305
69 305
70 305
71 305
72 305
73 305
74 305
75 305
76 305
77 305
78 305
79 305
80 305
81 305
82 305
83 305
84 305
85 305
86 305
87 305
88 305
89 305
90 305
91 305
92 305
93 305
94 305
95 305
96 305
97 305
98 305
99 305
100 305
101 305
102 305
103 305
104 305
105 305
106 305
107 305
108 305
109 305
110 305
111 305
112 305
113 305
114 305
115 305
116 305
117 305
118 305
119 305
120 305
121 305
122 305
123 305
124 305
125 305
126 305
127 305
128 305
129 305
130 305
131 305
132 305
133 305
134 305
135 305
136 305
137 305
138 305
139 305
140 305
141 305
142 305
143 305
144 305
145 305
146 305
147 305
148 305
149 305
150 305
151 305
152 305
153 305
154 305
155 305
156 305
157 305
158 305
159 305
160 305
161 305
162 305
168 305
169 305
170 305
171 305
172 305
173 305
174 305
175 305
176 305
177 305
178 305
179 305
180 305
181 305
182 305
183 305
184 305
185 305
186 305
187 305
190 305
191 305
192 305
193 305
194 305
195 305
196 305
197 305
198 305
199 305
200 305
201 305
202 305
203 305
204 305
205 305
206 305
207 305
208 305
209 305
210 305
211 305
212 305
213 305
214 305
215 305
221 305
222 305
223 305
224 305
225 305
226 305
227 305
228 305
229 305
230 305
231 305
232 305
233 305
234 305
235 305
236 305
237 305
238 305
239 305
240 305
241 305
242 305
243 305
244 305
245 305
246 305
247 305
248 305
249 305
252 305
253 305
254 305
255 305
256 305
257 305
258 305
259 305
260 305
261 305
262 305
263 305
264 305
265 305
266 305
267 305
268 305
270 305
271 305
272 305
273 305
274 305
275 305
276 305
277 305
278 305
279 305
280 305
281 305
282 305
283 305
284 305
285 305
286 305
304 305
1 306
2 306
3 306
4 306
5 306
6 306
7 306
8 306
9 306
10 306
11 306
12 306
13 306
14 306
15 306
16 306
17 306
18 306
19 306
20 306
21 306
22 306
23 306
24 306
25 306
26 306
27 306
28 306
29 306
30 306
31 306
32 306
33 306
34 306
35 306
36 306
37 306
38 306
39 306
40 306
41 306
42 306
43 306
44 306
45 306
46 306
49 306
50 306
51 306
52 306
53 306
54 306
55 306
56 306
57 306
58 306
59 306
60 306
61 306
62 306
63 306
64 306
65 306
66 306
67 306
68 306
69 306
70 306
71 306
72 306
73 306
74 306
75 306
76 306
77 306
78 306
79 306
80 306
81 306
82 306
83 306
84 306
85 306
86 306
87 306
88 306
89 306
90 306
91 306
92 306
93 306
94 306
95 306
96 306
97 306
98 306
99 306
100 306
101 306
102 306
103 306
104 306
105 306
106 306
107 306
108 306
109 306
110 306
111 306
112 306
113 306
114 306
115 306
116 306
117 306
118 306
119 306
120 306
121 306
122 306
123 306
124 306
125 306
126 306
127 306
128 306
129 306
130 306
131 306
132 306
133 306
134 306
135 306
136 306
137 306
138 306
139 306
140 306
141 306
142 306
143 306
144 306
145 306
146 306
147 306
148 306
149 306
150 306
151 306
152 306
153 306
154 306
155 306
156 306
157 306
158 306
159 306
160 306
161 306
162 306
168 306
169 306
170 306
171 306
172 306
173 306
174 306
175 306
176 306
177 306
178 306
179 306
180 306
181 306
182 306
183 306
184 306
185 306
186 306
187 306
190 306
191 306
192 306
193 306
194 306
195 306
196 306
197 306
198 306
199 306
200 306
201 306
202 306
203 306
204 306
205 306
206 306
207 306
208 306
209 306
210 306
211 306
212 306
213 306
214 306
215 306
221 306
222 306
223 306
224 306
225 306
226 306
227 306
228 306
229 306
230 306
231 306
232 306
233 306
234 306
235 306
236 306
237 306
238 306
239 306
240 306
241 306
242 306
243 306
244 306
245 306
246 306
247 306
248 306
249 306
252 306
253 306
254 306
255 306
256 306
257 306
258 306
259 306
260 306
261 306
262 306
263 306
264 306
265 306
266 306
267 306
268 306
270 306
271 306
272 306
273 306
274 306
275 306
276 306
277 306
278 306
279 306
280 306
281 306
282 306
283 306
284 306
285 306
286 306
304 306
305 306
1 307
2 307
3 307
4 307
5 307
6 307
7 307
8 307
9 307
10 307
11 307
12 307
13 307
14 307
15 307
16 307
17 307
18 307
19 307
20 307
21 307
22 307
23 307
24 307
25 307
26 307
27 307
28 307
29 307
30 307
31 307
32 307
33 307
34 307
35 307
36 307
37 307
38 307
39 307
40 307
41 307
42 307
43 307
44 307
45 307
46 307
49 307
50 307
51 307
52 307
53 307
54 307
55 307
56 307
57 307
58 307
59 307
60 307
61 307
62 307
63 307
64 307
65 307
66 307
67 307
68 307
69 307
70 307
71 307
72 307
73 307
74 307
75 307
76 307
77 307
78 307
79 307
80 307
81 307
82 307
83 307
84 307
85 307
86 307
87 307
88 307
89 307
90 307
91 307
92 307
93 307
94 307
95 307
96 307
97 307
98 307
99 307
100 307
101 307
102 307
103 307
104 307
105 307
106 307
107 307
108 307
109 307
110 307
111 307
112 307
113 307
114 307
115 307
116 307
117 307
118 307
119 307
120 307
121 307
122 307
123 307
124 307
125 307
126 307
127 307
128 307
129 307
130 307
131 307
132 307
133 307
134 307
135 307
136 307
137 307
138 307
139 307
140 307
141 307
142 307
143 307
144 307
145 307
146 307
147 307
148 307
149 307
150 307
151 307
152 307
153 307
154 307
155 307
156 307
157 307
158 307
159 307
160 307
161 307
162 307
168 307
169 307
170 307
171 307
172 307
173 307
174 307
175 307
176 307
177 307
178 307
179 307
180 307
181 307
182 307
183 307
184 307
185 307
186 307
187 307
190 307
191 307
192 307
193 307
194 307
195 307
196 307
197 307
198 307
199 307
200 307
201 307
202 307
203 307
204 307
205 307
206 307
207 307
208 307
209 307
210 307
211 307
212 307
213 307
214 307
215 307
221 307
222 307
223 307
224 307
225 307
226 307
227 307
228 307
229 307
230 307
231 307
232 307
233 307
234 307
235 307
236 307
237 307
238 307
239 307
240 307
241 307
242 307
243 307
244 307
245 307
246 307
247 307
248 307
249 307
252 307
253 307
254 307
255 307
256 307
257 307
258 307
259 307
260 307
261 307
262 307
263 307
264 307
265 307
266 307
267 307
268 307
270 307
271 307
272 307
273 307
274 307
275 307
276 307
277 307
278 307
279 307
280 307
281 307
282 307
283 307
284 307
285 307
286 307
304 307
305 307
306 307
1 308
2 308
3 308
4 308
5 308
6 308
7 308
8 308
9 308
10 308
11 308
12 308
13 308
14 308
15 308
16 308
17 308
18 308
19 308
20 308
21 308
22 308
23 308
24 308
25 308
26 308
27 308
28 308
29 308
30 308
31 308
32 308
33 308
34 308
35 308
36 308
37 308
38 308
39 308
40 308
41 308
42 308
43 308
44 308
45 308
46 308
49 308
50 308
51 308
52 308
53 308
54 308
55 308
56 308
57 308
58 308
59 308
60 308
61 308
62 308
63 308
64 308
65 308
66 308
67 308
68 308
69 308
70 308
71 308
72 308
73 308
74 308
75 308
76 308
77 308
78 308
79 308
80 308
81 308
82 308
83 308
84 308
85 308
86 308
87 308
88 308
89 308
90 308
91 308
92 308
93 308
94 308
95 308
96 308
97 308
98 308
99 308
100 308
101 308
102 308
103 308
104 308
105 308
106 308
107 308
108 308
109 308
110 308
111 308
112 308
113 308
114 308
115 308
116 308
117 308
118 308
119 308
120 308
121 308
122 308
123 308
124 308
125 308
126 308
127 308
128 308
129 308
130 308
131 308
132 308
133 308
134 308
135 308
136 308
137 308
138 308
139 308
140 308
141 308
142 308
143 308
144 308
145 308
146 308
147 308
148 308
149 308
150 308
151 308
152 308
153 308
154 308
155 308
156 308
157 308
158 308
159 308
160 308
161 308
162 308
168 308
169 308
170 308
171 308
172 308
173 308
174 308
175 308
176 308
177 308
178 308
179 308
180 308
181 308
182 308
183 308
184 308
185 308
186 308
187 308
190 308
191 308
192 308
193 308
194 308
195 308
196 308
197 308
198 308
199 308
200 308
201 308
202 308
203 308
204 308
205 308
206 308
207 308
208 308
209 308
210 308
211 308
212 308
213 308
214 308
215 308
221 308
222 308
223 308
224 308
225 308
226 308
227 308
228 308
229 308
230 308
231 308
232 308
233 308
234 308
235 308
236 308
237 308
238 308
239 308
240 308
241 308
242 308
243 308
244 308
245 308
246 308
247 308
248 308
249 308
252 308
253 308
254 308
255 308
256 308
257 308
258 308
259 308
260 308
261 308
262 308
263 308
264 308
265 308
266 308
267 308
268 308
270 308
271 308
272 308
273 308
274 308
275 308
276 308
277 308
278 308
279 308
280 308
281 308
282 308
283 308
284 308
285 308
286 308
304 308
305 308
306 308
307 308
1 309
2 309
3 309
4 309
5 309
6 309
7 309
8 309
9 309
10 309
11 309
12 309
13 309
14 309
15 309
16 309
17 309
18 309
19 309
20 309
21 309
22 309
23 309
24 309
25 309
26 309
27 309
28 309
29 309
30 309
31 309
32 309
33 309
34 309
35 309
36 309
37 309
38 309
39 309
40 309
41 309
42 309
43 309
44 309
45 309
46 309
49 309
50 309
51 309
52 309
53 309
54 309
55 309
56 309
57 309
58 309
59 309
60 309
61 309
62 309
63 309
64 309
65 309
66 309
67 309
68 309
69 309
70 309
71 309
72 309
73 309
74 309
75 309
76 309
77 309
78 309
79 309
80 309
81 309
82 309
83 309
84 309
85 309
86 309
87 309
88 309
89 309
90 309
91 309
92 309
93 309
94 309
95 309
96 309
97 309
98 309
99 309
100 309
101 309
102 309
103 309
104 309
105 309
106 309
107 309
108 309
109 309
110 309
111 309
112 309
113 309
114 309
115 309
116 309
117 309
118 309
119 309
120 309
121 309
122 309
123 309
124 309
125 309
126 309
127 309
128 309
129 309
130 309
131 309
132 309
133 309
134 309
135 309
136 309
137 309
138 309
139 309
140 309
141 309
142 309
143 309
144 309
145 309
146 309
147 309
148 309
149 309
150 309
151 309
152 309
153 309
154 309
155 309
156 309
157 309
158 309
159 309
160 309
161 309
162 309
168 309
169 309
170 309
171 309
172 309
173 309
174 309
175 309
176 309
177 309
178 309
179 309
180 309
181 309
182 309
183 309
184 309
185 309
186 309
187 309
190 309
191 309
192 309
193 309
194 309
195 309
196 309
197 309
198 309
199 309
200 309
201 309
202 309
203 309
204 309
205 309
206 309
207 309
208 309
209 309
210 309
211 309
212 309
213 309
214 309
215 309
221 309
222 309
223 309
224 309
225 309
226 309
227 309
228 309
229 309
230 309
231 309
232 309
233 309
234 309
235 309
236 309
237 309
238 309
239 309
240 309
241 309
242 309
243 309
244 309
245 309
246 309
247 309
248 309
249 309
252 309
253 309
254 309
255 309
256 309
257 309
258 309
259 309
260 309
261 309
262 309
263 309
264 309
265 309
266 309
267 309
268 309
270 309
271 309
272 309
273 309
274 309
275 309
276 309
277 309
278 309
279 309
280 309
281 309
282 309
283 309
284 309
285 309
286 309
304 309
305 309
306 309
307 309
308 309
1 310
2 310
3 310
4 310
5 310
6 310
7 310
8 310
9 310
10 310
11 310
12 310
13 310
14 310
15 310
16 310
17 310
18 310
19 310
20 310
21 310
22 310
23 310
24 310
25 310
26 310
27 310
28 310
29 310
30 310
31 310
32 310
33 310
34 310
35 310
36 310
37 310
38 310
39 310
40 310
41 310
42 310
43 310
44 310
45 310
46 310
49 310
50 310
51 310
52 310
53 310
54 310
55 310
56 310
57 310
58 310
59 310
60 310
61 310
62 310
63 310
64 310
65 310
66 310
67 310
68 310
69 310
70 310
71 310
72 310
73 310
74 310
75 310
76 310
77 310
78 310
79 310
80 310
81 310
82 310
83 310
84 310
85 310
86 310
87 310
88 310
89 310
90 310
91 310
92 310
93 310
94 310
95 310
96 310
97 310
98 310
99 310
100 310
101 310
102 310
103 310
104 310
105 310
106 310
107 310
108 310
109 310
110 310
111 310
112 310
113 310
114 310
115 310
116 310
117 310
118 310
119 310
120 310
121 310
122 310
123 310
124 310
125 310
126 310
127 310
128 310
129 310
130 310
131 310
132 310
133 310
134 310
135 310
136 310
137 310
138 310
139 310
140 310
141 310
142 310
143 310
144 310
145 310
146 310
147 310
148 310
149 310
150 310
151 310
152 310
153 310
154 310
155 310
156 310
157 310
158 310
159 310
160 310
161 310
162 310
168 310
169 310
170 310
171 310
172 310
173 310
174 310
175 310
176 310
177 310
178 310
179 310
180 310
181 310
182 310
183 310
184 310
185 310
186 310
187 310
190 310
191 310
192 310
193 310
194 310
195 310
196 310
197 310
198 310
199 310
200 310
201 310
202 310
203 310
204 310
205 310
206 310
207 310
208 310
209 310
210 310
211 310
212 310
213 310
214 310
215 310
221 310
222 310
223 310
224 310
225 310
226 310
227 310
228 310
229 310
230 310
231 310
232 310
233 310
234 310
235 310
236 310
237 310
238 310
239 310
240 310
241 310
242 310
243 310
244 310
245 310
246 310
247 310
248 310
249 310
252 310
253 310
254 310
255 310
256 310
257 310
258 310
259 310
260 310
261 310
262 310
263 310
264 310
265 310
266 310
267 310
268 310
270 310
271 310
272 310
273 310
274 310
275 310
276 310
277 310
278 310
279 310
280 310
281 310
282 310
283 310
284 310
285 310
286 310
304 310
305 310
306 310
307 310
308 310
309 310
1 311
2 311
3 311
4 311
5 311
6 311
7 311
8 311
9 311
10 311
11 311
12 311
13 311
14 311
15 311
16 311
17 311
18 311
19 311
20 311
21 311
22 311
23 311
24 311
25 311
26 311
27 311
28 311
29 311
30 311
31 311
32 311
33 311
34 311
35 311
36 311
37 311
38 311
39 311
40 311
41 311
42 311
43 311
44 311
45 311
46 311
49 311
50 311
51 311
52 311
53 311
54 311
55 311
56 311
57 311
58 311
59 311
60 311
61 311
62 311
63 311
64 311
65 311
66 311
67 311
68 311
69 311
70 311
71 311
72 311
73 311
74 311
75 311
76 311
77 311
78 311
79 311
80 311
81 311
82 311
83 311
84 311
85 311
86 311
87 311
88 311
89 311
90 311
91 311
92 311
93 311
94 311
95 311
96 311
97 311
98 311
99 311
100 311
101 311
102 311
103 311
104 311
105 311
106 311
107 311
108 311
109 311
110 311
111 311
112 311
113 311
114 311
115 311
116 311
117 311
118 311
119 311
120 311
121 311
122 311
123 311
124 311
125 311
126 311
127 311
128 311
129 311
130 311
131 311
132 311
133 311
134 311
135 311
136 311
137 311
138 311
139 311
140 311
141 311
142 311
143 311
144 311
145 311
146 311
147 311
148 311
149 311
150 311
151 311
152 311
153 311
154 311
155 311
156 311
157 311
158 311
159 311
160 311
161 311
162 311
168 311
169 311
170 311
171 311
172 311
173 311
174 311
175 311
176 311
177 311
178 311
179 311
180 311
181 311
182 311
183 311
184 311
185 311
186 311
187 311
190 311
191 311
192 311
193 311
194 311
195 311
196 311
197 311
198 311
199 311
200 311
201 311
202 311
203 311
204 311
205 311
206 311
207 311
208 311
209 311
210 311
211 311
212 311
213 311
214 311
215 311
221 311
222 311
223 311
224 311
225 311
226 311
227 311
228 311
229 311
230 311
231 311
232 311
233 311
234 311
235 311
236 311
237 311
238 311
239 311
240 311
241 311
242 311
243 311
244 311
245 311
246 311
247 311
248 311
249 311
252 311
253 311
254 311
255 311
256 311
257 311
258 311
259 311
260 311
261 311
262 311
263 311
264 311
265 311
266 311
267 311
268 311
270 311
271 311
272 311
273 311
274 311
275 311
276 311
277 311
278 311
279 311
280 311
281 311
282 311
283 311
284 311
285 311
286 311
304 311
305 311
306 311
307 311
308 311
309 311
310 311
1 312
2 312
3 312
4 312
5 312
6 312
7 312
8 312
9 312
10 312
11 312
12 312
13 312
14 312
15 312
16 312
17 312
18 312
19 312
20 312
21 312
22 312
23 312
24 312
25 312
26 312
27 312
28 312
29 312
30 312
31 312
32 312
33 312
34 312
35 312
36 312
37 312
38 312
39 312
40 312
41 312
42 312
43 312
44 312
45 312
46 312
49 312
50 312
51 312
52 312
53 312
54 312
55 312
56 312
57 312
58 312
59 312
60 312
61 312
62 312
63 312
64 312
65 312
66 312
67 312
68 312
69 312
70 312
71 312
72 312
73 312
74 312
75 312
76 312
77 312
78 312
79 312
80 312
81 312
82 312
83 312
84 312
85 312
86 312
87 312
88 312
89 312
90 312
91 312
92 312
93 312
94 312
95 312
96 312
97 312
98 312
99 312
100 312
101 312
102 312
103 312
104 312
105 312
106 312
107 312
108 312
109 312
110 312
111 312
112 312
113 312
114 312
115 312
116 312
117 312
118 312
119 312
120 312
121 312
122 312
123 312
124 312
125 312
126 312
127 312
128 312
129 312
130 312
131 312
132 312
133 312
134 312
135 312
136 312
137 312
138 312
139 312
140 312
141 312
142 312
143 312
144 312
145 312
146 312
147 312
148 312
149 312
150 312
151 312
152 312
153 312
154 312
155 312
156 312
157 312
158 312
159 312
160 312
161 312
162 312
168 312
169 312
170 312
171 312
172 312
173 312
174 312
175 312
176 312
177 312
178 312
179 312
180 312
181 312
182 312
183 312
184 312
185 312
186 312
187 312
190 312
191 312
192 312
193 312
194 312
195 312
196 312
197 312
198 312
199 312
200 312
201 312
202 312
203 312
204 312
205 312
206 312
207 312
208 312
209 312
210 312
211 312
212 312
213 312
214 312
215 312
221 312
222 312
223 312
224 312
225 312
226 312
227 312
228 312
229 312
230 312
231 312
232 312
233 312
234 312
235 312
236 312
237 312
238 312
239 312
240 312
241 312
242 312
243 312
244 312
245 312
246 312
247 312
248 312
249 312
252 312
253 312
254 312
255 312
256 312
257 312
258 312
259 312
260 312
261 312
262 312
263 312
264 312
265 312
266 312
267 312
268 312
270 312
271 312
272 312
273 312
274 312
275 312
276 312
277 312
278 312
279 312
280 312
281 312
282 312
283 312
284 312
285 312
286 312
304 312
305 312
306 312
307 312
308 312
309 312
310 312
311 312
1 313
2 313
3 313
4 313
5 313
6 313
7 313
8 313
9 313
10 313
11 313
12 313
13 313
14 313
15 313
16 313
17 313
18 313
19 313
20 313
21 313
22 313
23 313
24 313
25 313
26 313
27 313
28 313
29 313
30 313
31 313
32 313
33 313
34 313
35 313
36 313
37 313
38 313
39 313
40 313
41 313
42 313
43 313
44 313
45 313
46 313
49 313
50 313
51 313
52 313
53 313
54 313
55 313
56 313
57 313
58 313
59 313
60 313
61 313
62 313
63 313
64 313
65 313
66 313
67 313
68 313
69 313
70 313
71 313
72 313
73 313
74 313
75 313
76 313
77 313
78 313
79 313
80 313
81 313
82 313
83 313
84 313
85 313
86 313
87 313
88 313
89 313
90 313
91 313
92 313
93 313
94 313
95 313
96 313
97 313
98 313
99 313
100 313
101 313
102 313
103 313
104 313
105 313
106 313
107 313
108 313
109 313
110 313
111 313
112 313
113 313
114 313
115 313
116 313
117 313
118 313
119 313
120 313
121 313
122 313
123 313
124 313
125 313
126 313
127 313
128 313
129 313
130 313
131 313
132 313
133 313
134 313
135 313
136 313
137 313
138 313
139 313
140 313
141 313
142 313
143 313
144 313
145 313
146 313
147 313
148 313
149 313
150 313
151 313
152 313
153 313
154 313
155 313
156 313
157 313
158 313
159 313
160 313
161 313
162 313
168 313
169 313
170 313
171 313
172 313
173 313
174 313
175 313
176 313
177 313
178 313
179 313
180 313
181 313
182 313
183 313
184 313
185 313
186 313
187 313
190 313
191 313
192 313
193 313
194 313
195 313
196 313
197 313
198 313
199 313
200 313
201 313
202 313
203 313
204 313
205 313
206 313
207 313
208 313
209 313
210 313
211 313
212 313
213 313
214 313
215 313
221 313
222 313
223 313
224 313
225 313
226 313
227 313
228 313
229 313
230 313
231 313
232 313
233 313
234 313
235 313
236 313
237 313
238 313
239 313
240 313
241 313
242 313
243 313
244 313
245 313
246 313
247 313
248 313
249 313
252 313
253 313
254 313
255 313
256 313
257 313
258 313
259 313
260 313
261 313
262 313
263 313
264 313
265 313
266 313
267 313
268 313
270 313
271 313
272 313
273 313
274 313
275 313
276 313
277 313
278 313
279 313
280 313
281 313
282 313
283 313
284 313
285 313
286 313
304 313
305 313
306 313
307 313
308 313
309 313
310 313
311 313
312 313
1 314
2 314
3 314
4 314
5 314
6 314
7 314
8 314
9 314
10 314
11 314
12 314
13 314
14 314
15 314
16 314
17 314
18 314
19 314
20 314
21 314
22 314
23 314
24 314
25 314
26 314
27 314
28 314
29 314
30 314
31 314
32 314
33 314
34 314
35 314
36 314
37 314
38 314
39 314
40 314
41 314
42 314
43 314
44 314
45 314
46 314
49 314
50 314
51 314
52 314
53 314
54 314
55 314
56 314
57 314
58 314
59 314
60 314
61 314
62 314
63 314
64 314
65 314
66 314
67 314
68 314
69 314
70 314
71 314
72 314
73 314
74 314
75 314
76 314
77 314
78 314
79 314
80 314
81 314
82 314
83 314
84 314
85 314
86 314
87 314
88 314
89 314
90 314
91 314
92 314
93 314
94 314
95 314
96 314
97 314
98 314
99 314
100 314
101 314
102 314
103 314
104 314
105 314
106 314
107 314
108 314
109 314
110 314
111 314
112 314
113 314
114 314
115 314
116 314
117 314
118 314
119 314
120 314
121 314
122 314
123 314
124 314
125 314
126 314
127 314
128 314
129 314
130 314
131 314
132 314
133 314
134 314
135 314
136 314
137 314
138 314
139 314
140 314
141 314
142 314
143 314
144 314
145 314
146 314
147 314
148 314
149 314
150 314
151 314
152 314
153 314
154 314
155 314
156 314
157 314
158 314
159 314
160 314
161 314
162 314
168 314
169 314
170 314
171 314
172 314
173 314
174 314
175 314
176 314
177 314
178 314
179 314
180 314
181 314
182 314
183 314
184 314
185 314
186 314
187 314
190 314
191 314
192 314
193 314
194 314
195 314
196 314
197 314
198 314
199 314
200 314
201 314
202 314
203 314
204 314
205 314
206 314
207 314
208 314
209 314
210 314
211 314
212 314
213 314
214 314
215 314
221 314
222 314
223 314
224 314
225 314
226 314
227 314
228 314
229 314
230 314
231 314
232 314
233 314
234 314
235 314
236 314
237 314
238 314
239 314
240 314
241 314
242 314
243 314
244 314
245 314
246 314
247 314
248 314
249 314
252 314
253 314
254 314
255 314
256 314
257 314
258 314
259 314
260 314
261 314
262 314
263 314
264 314
265 314
266 314
267 314
268 314
270 314
271 314
272 314
273 314
274 314
275 314
276 314
277 314
278 314
279 314
280 314
281 314
282 314
283 314
284 314
285 314
286 314
304 314
305 314
306 314
307 314
308 314
309 314
310 314
311 314
312 314
313 314
1 315
2 315
3 315
4 315
5 315
6 315
7 315
8 315
9 315
10 315
11 315
12 315
13 315
14 315
15 315
16 315
17 315
18 315
19 315
20 315
21 315
22 315
23 315
24 315
25 315
26 315
27 315
28 315
29 315
30 315
31 315
32 315
33 315
34 315
35 315
36 315
37 315
38 315
39 315
40 315
41 315
42 315
43 315
44 315
45 315
46 315
49 315
50 315
51 315
52 315
53 315
54 315
55 315
56 315
57 315
58 315
59 315
60 315
61 315
62 315
63 315
64 315
65 315
66 315
67 315
68 315
69 315
70 315
71 315
72 315
73 315
74 315
75 315
76 315
77 315
78 315
79 315
80 315
81 315
82 315
83 315
84 315
85 315
86 315
87 315
88 315
89 315
90 315
91 315
92 315
93 315
94 315
95 315
96 315
97 315
98 315
99 315
100 315
101 315
102 315
103 315
104 315
105 315
106 315
107 315
108 315
109 315
110 315
111 315
112 315
113 315
114 315
115 315
116 315
117 315
118 315
119 315
120 315
121 315
122 315
123 315
124 315
125 315
126 315
127 315
128 315
129 315
130 315
131 315
132 315
133 315
134 315
135 315
136 315
137 315
138 315
139 315
140 315
141 315
142 315
143 315
144 315
145 315
146 315
147 315
148 315
149 315
150 315
151 315
152 315
153 315
154 315
155 315
156 315
157 315
158 315
159 315
160 315
161 315
162 315
168 315
169 315
170 315
171 315
172 315
173 315
174 315
175 315
176 315
177 315
178 315
179 315
180 315
181 315
182 315
183 315
184 315
185 315
186 315
187 315
190 315
191 315
192 315
193 315
194 315
195 315
196 315
197 315
198 315
199 315
200 315
201 315
202 315
203 315
204 315
205 315
206 315
207 315
208 315
209 315
210 315
211 315
212 315
213 315
214 315
215 315
221 315
222 315
223 315
224 315
225 315
226 315
227 315
228 315
229 315
230 315
231 315
232 315
233 315
234 315
235 315
236 315
237 315
238 315
239 315
240 315
241 315
242 315
243 315
244 315
245 315
246 315
247 315
248 315
249 315
252 315
253 315
254 315
255 315
256 315
257 315
258 315
259 315
260 315
261 315
262 315
263 315
264 315
265 315
266 315
267 315
268 315
270 315
271 315
272 315
273 315
274 315
275 315
276 315
277 315
278 315
279 315
280 315
281 315
282 315
283 315
284 315
285 315
286 315
304 315
305 315
306 315
307 315
308 315
309 315
310 315
311 315
312 315
313 315
314 315
1 316
2 316
3 316
4 316
5 316
6 316
7 316
8 316
9 316
10 316
11 316
12 316
13 316
14 316
15 316
16 316
17 316
18 316
19 316
20 316
21 316
22 316
23 316
24 316
25 316
26 316
27 316
28 316
29 316
30 316
31 316
32 316
33 316
34 316
35 316
36 316
37 316
38 316
39 316
40 316
41 316
42 316
43 316
44 316
45 316
46 316
49 316
50 316
51 316
52 316
53 316
54 316
55 316
56 316
57 316
58 316
59 316
60 316
61 316
62 316
63 316
64 316
65 316
66 316
67 316
68 316
69 316
70 316
71 316
72 316
73 316
74 316
75 316
76 316
77 316
78 316
79 316
80 316
81 316
82 316
83 316
84 316
85 316
86 316
87 316
88 316
89 316
90 316
91 316
92 316
93 316
94 316
95 316
96 316
97 316
98 316
99 316
100 316
101 316
102 316
103 316
104 316
105 316
106 316
107 316
108 316
109 316
110 316
111 316
112 316
113 316
114 316
115 316
116 316
117 316
118 316
119 316
120 316
121 316
122 316
123 316
124 316
125 316
126 316
127 316
128 316
129 316
130 316
131 316
132 316
133 316
134 316
135 316
136 316
137 316
138 316
139 316
140 316
141 316
142 316
143 316
144 316
145 316
146 316
147 316
148 316
149 316
150 316
151 316
152 316
153 316
154 316
155 316
156 316
157 316
158 316
159 316
160 316
161 316
162 316
168 316
169 316
170 316
171 316
172 316
173 316
174 316
175 316
176 316
177 316
178 316
179 316
180 316
181 316
182 316
183 316
184 316
185 316
186 316
187 316
190 316
191 316
192 316
193 316
194 316
195 316
196 316
197 316
198 316
199 316
200 316
201 316
202 316
203 316
204 316
205 316
206 316
207 316
208 316
209 316
210 316
211 316
212 316
213 316
214 316
215 316
221 316
222 316
223 316
224 316
225 316
226 316
227 316
228 316
229 316
230 316
231 316
232 316
233 316
234 316
235 316
236 316
237 316
238 316
239 316
240 316
241 316
242 316
243 316
244 316
245 316
246 316
247 316
248 316
249 316
252 316
253 316
254 316
255 316
256 316
257 316
258 316
259 316
260 316
261 316
262 316
263 316
264 316
265 316
266 316
267 316
268 316
270 316
271 316
272 316
273 316
274 316
275 316
276 316
277 316
278 316
279 316
280 316
281 316
282 316
283 316
284 316
285 316
286 316
304 316
305 316
306 316
307 316
308 316
309 316
310 316
311 316
312 316
313 316
314 316
315 316
49 317
49 318
317 318
49 319
317 319
318 319
49 320
317 320
318 320
319 320
1 321
2 321
3 321
4 321
5 321
6 321
7 321
8 321
9 321
10 321
11 321
12 321
13 321
14 321
15 321
16 321
17 321
18 321
19 321
20 321
21 321
22 321
23 321
24 321
25 321
26 321
27 321
28 321
29 321
30 321
31 321
32 321
33 321
34 321
35 321
36 321
37 321
38 321
39 321
40 321
41 321
42 321
43 321
44 321
45 321
46 321
49 321
50 321
51 321
52 321
53 321
54 321
55 321
56 321
57 321
58 321
59 321
60 321
61 321
62 321
63 321
64 321
65 321
66 321
67 321
68 321
69 321
70 321
71 321
72 321
73 321
74 321
75 321
76 321
77 321
78 321
79 321
80 321
81 321
82 321
83 321
84 321
85 321
86 321
87 321
88 321
89 321
90 321
91 321
92 321
93 321
94 321
95 321
96 321
97 321
98 321
99 321
100 321
101 321
102 321
103 321
104 321
105 321
106 321
107 321
108 321
109 321
110 321
111 321
112 321
113 321
114 321
115 321
116 321
117 321
118 321
119 321
120 321
121 321
122 321
123 321
124 321
125 321
126 321
127 321
128 321
129 321
130 321
131 321
132 321
133 321
134 321
135 321
136 321
137 321
138 321
139 321
140 321
141 321
142 321
143 321
144 321
145 321
146 321
147 321
148 321
149 321
150 321
151 321
152 321
153 321
154 321
155 321
156 321
157 321
158 321
159 321
160 321
161 321
162 321
168 321
169 321
170 321
171 321
172 321
173 321
174 321
175 321
176 321
177 321
178 321
179 321
180 321
181 321
182 321
183 321
184 321
185 321
186 321
187 321
190 321
191 321
192 321
193 321
194 321
195 321
196 321
197 321
198 321
199 321
200 321
201 321
202 321
203 321
204 321
205 321
206 321
207 321
208 321
209 321
210 321
211 321
212 321
213 321
214 321
215 321
221 321
222 321
223 321
224 321
225 321
226 321
227 321
228 321
229 321
230 321
231 321
232 321
233 321
234 321
235 321
236 321
237 321
238 321
239 321
240 321
241 321
242 321
243 321
244 321
245 321
246 321
247 321
248 321
249 321
252 321
253 321
254 321
255 321
256 321
257 321
258 321
259 321
260 321
261 321
262 321
263 321
264 321
265 321
266 321
267 321
268 321
270 321
271 321
272 321
273 321
274 321
275 321
276 321
277 321
278 321
279 321
280 321
281 321
282 321
283 321
284 321
285 321
286 321
304 321
305 321
306 321
307 321
308 321
309 321
310 321
311 321
312 321
313 321
314 321
315 321
316 321
1 322
2 322
3 322
4 322
5 322
6 322
7 322
8 322
9 322
10 322
11 322
12 322
13 322
14 322
15 322
16 322
17 322
18 322
19 322
20 322
21 322
22 322
23 322
24 322
25 322
26 322
27 322
28 322
29 322
30 322
31 322
32 322
33 322
34 322
35 322
36 322
37 322
38 322
39 322
40 322
41 322
42 322
43 322
44 322
45 322
46 322
49 322
50 322
51 322
52 322
53 322
54 322
55 322
56 322
57 322
58 322
59 322
60 322
61 322
62 322
63 322
64 322
65 322
66 322
67 322
68 322
69 322
70 322
71 322
72 322
73 322
74 322
75 322
76 322
77 322
78 322
79 322
80 322
81 322
82 322
83 322
84 322
85 322
86 322
87 322
88 322
89 322
90 322
91 322
92 322
93 322
94 322
95 322
96 322
97 322
98 322
99 322
100 322
101 322
102 322
103 322
104 322
105 322
106 322
107 322
108 322
109 322
110 322
111 322
112 322
113 322
114 322
115 322
116 322
117 322
118 322
119 322
120 322
121 322
122 322
123 322
124 322
125 322
126 322
127 322
128 322
129 322
130 322
131 322
132 322
133 322
134 322
135 322
136 322
137 322
138 322
139 322
140 322
141 322
142 322
143 322
144 322
145 322
146 322
147 322
148 322
149 322
150 322
151 322
152 322
153 322
154 322
155 322
156 322
157 322
158 322
159 322
160 322
161 322
162 322
168 322
169 322
170 322
171 322
172 322
173 322
174 322
175 322
176 322
177 322
178 322
179 322
180 322
181 322
182 322
183 322
184 322
185 322
186 322
187 322
190 322
191 322
192 322
193 322
194 322
195 322
196 322
197 322
198 322
199 322
200 322
201 322
202 322
203 322
204 322
205 322
206 322
207 322
208 322
209 322
210 322
211 322
212 322
213 322
214 322
215 322
221 322
222 322
223 322
224 322
225 322
226 322
227 322
228 322
229 322
230 322
231 322
232 322
233 322
234 322
235 322
236 322
237 322
238 322
239 322
240 322
241 322
242 322
243 322
244 322
245 322
246 322
247 322
248 322
249 322
252 322
253 322
254 322
255 322
256 322
257 322
258 322
259 322
260 322
261 322
262 322
263 322
264 322
265 322
266 322
267 322
268 322
270 322
271 322
272 322
273 322
274 322
275 322
276 322
277 322
278 322
279 322
280 322
281 322
282 322
283 322
284 322
285 322
286 322
304 322
305 322
306 322
307 322
308 322
309 322
310 322
311 322
312 322
313 322
314 322
315 322
316 322
321 322
1 323
2 323
3 323
4 323
5 323
6 323
7 323
8 323
9 323
10 323
11 323
12 323
13 323
14 323
15 323
16 323
17 323
18 323
19 323
20 323
21 323
22 323
23 323
24 323
25 323
26 323
27 323
28 323
29 323
30 323
31 323
32 323
33 323
34 323
35 323
36 323
37 323
38 323
39 323
40 323
41 323
42 323
43 323
44 323
45 323
46 323
49 323
50 323
51 323
52 323
53 323
54 323
55 323
56 323
57 323
58 323
59 323
60 323
61 323
62 323
63 323
64 323
65 323
66 323
67 323
68 323
69 323
70 323
71 323
72 323
73 323
74 323
75 323
76 323
77 323
78 323
79 323
80 323
81 323
82 323
83 323
84 323
85 323
86 323
87 323
88 323
89 323
90 323
91 323
92 323
93 323
94 323
95 323
96 323
97 323
98 323
99 323
100 323
101 323
102 323
103 323
104 323
105 323
106 323
107 323
108 323
109 323
110 323
111 323
112 323
113 323
114 323
115 323
116 323
117 323
118 323
119 323
120 323
121 323
122 323
123 323
124 323
125 323
126 323
127 323
128 323
129 323
130 323
131 323
132 323
133 323
134 323
135 323
136 323
137 323
138 323
139 323
140 323
141 323
142 323
143 323
144 323
145 323
146 323
147 323
148 323
149 323
150 323
151 323
152 323
153 323
154 323
155 323
156 323
157 323
158 323
159 323
160 323
161 323
162 323
168 323
169 323
170 323
171 323
172 323
173 323
174 323
175 323
176 323
177 323
178 323
179 323
180 323
181 323
182 323
183 323
184 323
185 323
186 323
187 323
190 323
191 323
192 323
193 323
194 323
195 323
196 323
197 323
198 323
199 323
200 323
201 323
202 323
203 323
204 323
205 323
206 323
207 323
208 323
209 323
210 323
211 323
212 323
213 323
214 323
215 323
221 323
222 323
223 323
224 323
225 323
226 323
227 323
228 323
229 323
230 323
231 323
232 323
233 323
234 323
235 323
236 323
237 323
238 323
239 323
240 323
241 323
242 323
243 323
244 323
245 323
246 323
247 323
248 323
249 323
252 323
253 323
254 323
255 323
256 323
257 323
258 323
259 323
260 323
261 323
262 323
263 323
264 323
265 323
266 323
267 323
268 323
270 323
271 323
272 323
273 323
274 323
275 323
276 323
277 323
278 323
279 323
280 323
281 323
282 323
283 323
284 323
285 323
286 323
304 323
305 323
306 323
307 323
308 323
309 323
310 323
311 323
312 323
313 323
314 323
315 323
316 323
321 323
322 323
1 324
2 324
3 324
4 324
5 324
6 324
7 324
8 324
9 324
10 324
11 324
12 324
13 324
14 324
15 324
16 324
17 324
18 324
19 324
20 324
21 324
22 324
23 324
24 324
25 324
26 324
27 324
28 324
29 324
30 324
31 324
32 324
33 324
34 324
35 324
36 324
37 324
38 324
39 324
40 324
41 324
42 324
43 324
44 324
45 324
46 324
49 324
50 324
51 324
52 324
53 324
54 324
55 324
56 324
57 324
58 324
59 324
60 324
61 324
62 324
63 324
64 324
65 324
66 324
67 324
68 324
69 324
70 324
71 324
72 324
73 324
74 324
75 324
76 324
77 324
78 324
79 324
80 324
81 324
82 324
83 324
84 324
85 324
86 324
87 324
88 324
89 324
90 324
91 324
92 324
93 324
94 324
95 324
96 324
97 324
98 324
99 324
100 324
101 324
102 324
103 324
104 324
105 324
106 324
107 324
108 324
109 324
110 324
111 324
112 324
113 324
114 324
115 324
116 324
117 324
118 324
119 324
120 324
121 324
122 324
123 324
124 324
125 324
126 324
127 324
128 324
129 324
130 324
131 324
132 324
133 324
134 324
135 324
136 324
137 324
138 324
139 324
140 324
141 324
142 324
143 324
144 324
145 324
146 324
147 324
148 324
149 324
150 324
151 324
152 324
153 324
154 324
155 324
156 324
157 324
158 324
159 324
160 324
161 324
162 324
168 324
169 324
170 324
171 324
172 324
173 324
174 324
175 324
176 324
177 324
178 324
179 324
180 324
181 324
182 324
183 324
184 324
185 324
186 324
187 324
190 324
191 324
192 324
193 324
194 324
195 324
196 324
197 324
198 324
199 324
200 324
201 324
202 324
203 324
204 324
205 324
206 324
207 324
208 324
209 324
210 324
211 324
212 324
213 324
214 324
215 324
221 324
222 324
223 324
224 324
225 324
226 324
227 324
228 324
229 324
230 324
231 324
232 324
233 324
234 324
235 324
236 324
237 324
238 324
239 324
240 324
241 324
242 324
243 324
244 324
245 324
246 324
247 324
248 324
249 324
252 324
253 324
254 324
255 324
256 324
257 324
258 324
259 324
260 324
261 324
262 324
263 324
264 324
265 324
266 324
267 324
268 324
270 324
271 324
272 324
273 324
274 324
275 324
276 324
277 324
278 324
279 324
280 324
281 324
282 324
283 324
284 324
285 324
286 324
304 324
305 324
306 324
307 324
308 324
309 324
310 324
311 324
312 324
313 324
314 324
315 324
316 324
321 324
322 324
323 324
1 325
2 325
3 325
4 325
5 325
6 325
7 325
8 325
9 325
10 325
11 325
12 325
13 325
14 325
15 325
16 325
17 325
18 325
19 325
20 325
21 325
22 325
23 325
24 325
25 325
26 325
27 325
28 325
29 325
30 325
31 325
32 325
33 325
34 325
35 325
36 325
37 325
38 325
39 325
40 325
41 325
42 325
43 325
44 325
45 325
46 325
49 325
50 325
51 325
52 325
53 325
54 325
55 325
56 325
57 325
58 325
59 325
60 325
61 325
62 325
63 325
64 325
65 325
66 325
67 325
68 325
69 325
70 325
71 325
72 325
73 325
74 325
75 325
76 325
77 325
78 325
79 325
80 325
81 325
82 325
83 325
84 325
85 325
86 325
87 325
88 325
89 325
90 325
91 325
92 325
93 325
94 325
95 325
96 325
97 325
98 325
99 325
100 325
101 325
102 325
103 325
104 325
105 325
106 325
107 325
108 325
109 325
110 325
111 325
112 325
113 325
114 325
115 325
116 325
117 325
118 325
119 325
120 325
121 325
122 325
123 325
124 325
125 325
126 325
127 325
128 325
129 325
130 325
131 325
132 325
133 325
134 325
135 325
136 325
137 325
138 325
139 325
140 325
141 325
142 325
143 325
144 325
145 325
146 325
147 325
148 325
149 325
150 325
151 325
152 325
153 325
154 325
155 325
156 325
157 325
158 325
159 325
160 325
161 325
162 325
168 325
169 325
170 325
171 325
172 325
173 325
174 325
175 325
176 325
177 325
178 325
179 325
180 325
181 325
182 325
183 325
184 325
185 325
186 325
187 325
190 325
191 325
192 325
193 325
194 325
195 325
196 325
197 325
198 325
199 325
200 325
201 325
202 325
203 325
204 325
205 325
206 325
207 325
208 325
209 325
210 325
211 325
212 325
213 325
214 325
215 325
221 325
222 325
223 325
224 325
225 325
226 325
227 325
228 325
229 325
230 325
231 325
232 325
233 325
234 325
235 325
236 325
237 325
238 325
239 325
240 325
241 325
242 325
243 325
244 325
245 325
246 325
247 325
248 325
249 325
252 325
253 325
254 325
255 325
256 325
257 325
258 325
259 325
260 325
261 325
262 325
263 325
264 325
265 325
266 325
267 325
268 325
270 325
271 325
272 325
273 325
274 325
275 325
276 325
277 325
278 325
279 325
280 325
281 325
282 325
283 325
284 325
285 325
286 325
304 325
305 325
306 325
307 325
308 325
309 325
310 325
311 325
312 325
313 325
314 325
315 325
316 325
321 325
322 325
323 325
324 325
125 326
8 327
8 328
327 328
8 329
327 329
328 329
8 330
327 330
328 330
329 330
8 331
327 331
328 331
329 331
330 331
8 332
327 332
328 332
329 332
330 332
331 332
8 333
327 333
328 333
329 333
330 333
331 333
332 333
153 334
30 335
30 336
335 336
30 337
335 337
336 337
30 338
335 338
336 338
337 338
30 339
335 339
336 339
337 339
338 339
30 340
335 340
336 340
337 340
338 340
339 340
30 341
335 341
336 341
337 341
338 341
339 341
340 341
30 342
335 342
336 342
337 342
338 342
339 342
340 342
341 342
1 343
2 343
3 343
4 343
5 343
6 343
7 343
8 343
9 343
10 343
11 343
12 343
13 343
14 343
15 343
16 343
17 343
18 343
19 343
20 343
21 343
22 343
23 343
24 343
25 343
26 343
27 343
28 343
29 343
30 343
31 343
32 343
33 343
34 343
35 343
36 343
37 343
38 343
39 343
40 343
41 343
42 343
43 343
44 343
45 343
46 343
49 343
50 343
51 343
52 343
53 343
54 343
55 343
56 343
57 343
58 343
59 343
60 343
61 343
62 343
63 343
64 343
65 343
66 343
67 343
68 343
69 343
70 343
71 343
72 343
73 343
74 343
75 343
76 343
77 343
78 343
79 343
80 343
81 343
82 343
83 343
84 343
85 343
86 343
87 343
88 343
89 343
90 343
91 343
92 343
93 343
94 343
95 343
96 343
97 343
98 343
99 343
100 343
101 343
102 343
103 343
104 343
105 343
106 343
107 343
108 343
109 343
110 343
111 343
112 343
113 343
114 343
115 343
116 343
117 343
118 343
119 343
120 343
121 343
122 343
123 343
124 343
125 343
126 343
127 343
128 343
129 343
130 343
131 343
132 343
133 343
134 343
135 343
136 343
137 343
138 343
139 343
140 343
141 343
142 343
143 343
144 343
145 343
146 343
147 343
148 343
149 343
150 343
151 343
152 343
153 343
154 343
155 343
156 343
157 343
158 343
159 343
160 343
161 343
162 343
168 343
169 343
170 343
171 343
172 343
173 343
174 343
175 343
176 343
177 343
178 343
179 343
180 343
181 343
182 343
183 343
184 343
185 343
186 343
187 343
190 343
191 343
192 343
193 343
194 343
195 343
196 343
197 343
198 343
199 343
200 343
201 343
202 343
203 343
204 343
205 343
206 343
207 343
208 343
209 343
210 343
211 343
212 343
213 343
214 343
215 343
221 343
222 343
223 343
224 343
225 343
226 343
227 343
228 343
229 343
230 343
231 343
232 343
233 343
234 343
235 343
236 343
237 343
238 343
239 343
240 343
241 343
242 343
243 343
244 343
245 343
246 343
247 343
248 343
249 343
252 343
253 343
254 343
255 343
256 343
257 343
258 343
259 343
260 343
261 343
262 343
263 343
264 343
265 343
266 343
267 343
268 343
270 343
271 343
272 343
273 343
274 343
275 343
276 343
277 343
278 343
279 343
280 343
281 343
282 343
283 343
284 343
285 343
286 343
304 343
305 343
306 343
307 343
308 343
309 343
310 343
311 343
312 343
313 343
314 343
315 343
316 343
321 343
322 343
323 343
324 343
325 343
1 344
2 344
3 344
4 344
5 344
6 344
7 344
8 344
9 344
10 344
11 344
12 344
13 344
14 344
15 344
16 344
17 344
18 344
19 344
20 344
21 344
22 344
23 344
24 344
25 344
26 344
27 344
28 344
29 344
30 344
31 344
32 344
33 344
34 344
35 344
36 344
37 344
38 344
39 344
40 344
41 344
42 344
43 344
44 344
45 344
46 344
49 344
50 344
51 344
52 344
53 344
54 344
55 344
56 344
57 344
58 344
59 344
60 344
61 344
62 344
63 344
64 344
65 344
66 344
67 344
68 344
69 344
70 344
71 344
72 344
73 344
74 344
75 344
76 344
77 344
78 344
79 344
80 344
81 344
82 344
83 344
84 344
85 344
86 344
87 344
88 344
89 344
90 344
91 344
92 344
93 344
94 344
95 344
96 344
97 344
98 344
99 344
100 344
101 344
102 344
103 344
104 344
105 344
106 344
107 344
108 344
109 344
110 344
111 344
112 344
113 344
114 344
115 344
116 344
117 344
118 344
119 344
120 344
121 344
122 344
123 344
124 344
125 344
126 344
127 344
128 344
129 344
130 344
131 344
132 344
133 344
134 344
135 344
136 344
137 344
138 344
139 344
140 344
141 344
142 344
143 344
144 344
145 344
146 344
147 344
148 344
149 344
150 344
151 344
152 344
153 344
154 344
155 344
156 344
157 344
158 344
159 344
160 344
161 344
162 344
168 344
169 344
170 344
171 344
172 344
173 344
174 344
175 344
176 344
177 344
178 344
179 344
180 344
181 344
182 344
183 344
184 344
185 344
186 344
187 344
190 344
191 344
192 344
193 344
194 344
195 344
196 344
197 344
198 344
199 344
200 344
201 344
202 344
203 344
204 344
205 344
206 344
207 344
208 344
209 344
210 344
211 344
212 344
213 344
214 344
215 344
221 344
222 344
223 344
224 344
225 344
226 344
227 344
228 344
229 344
230 344
231 344
232 344
233 344
234 344
235 344
236 344
237 344
238 344
239 344
240 344
241 344
242 344
243 344
244 344
245 344
246 344
247 344
248 344
249 344
252 344
253 344
254 344
255 344
256 344
257 344
258 344
259 344
260 344
261 344
262 344
263 344
264 344
265 344
266 344
267 344
268 344
270 344
271 344
272 344
273 344
274 344
275 344
276 344
277 344
278 344
279 344
280 344
281 344
282 344
283 344
284 344
285 344
286 344
304 344
305 344
306 344
307 344
308 344
309 344
310 344
311 344
312 344
313 344
314 344
315 344
316 344
321 344
322 344
323 344
324 344
325 344
343 344
1 345
2 345
3 345
4 345
5 345
6 345
7 345
8 345
9 345
10 345
11 345
12 345
13 345
14 345
15 345
16 345
17 345
18 345
19 345
20 345
21 345
22 345
23 345
24 345
25 345
26 345
27 345
28 345
29 345
30 345
31 345
32 345
33 345
34 345
35 345
36 345
37 345
38 345
39 345
40 345
41 345
42 345
43 345
44 345
45 345
46 345
49 345
50 345
51 345
52 345
53 345
54 345
55 345
56 345
57 345
58 345
59 345
60 345
61 345
62 345
63 345
64 345
65 345
66 345
67 345
68 345
69 345
70 345
71 345
72 345
73 345
74 345
75 345
76 345
77 345
78 345
79 345
80 345
81 345
82 345
83 345
84 345
85 345
86 345
87 345
88 345
89 345
90 345
91 345
92 345
93 345
94 345
95 345
96 345
97 345
98 345
99 345
100 345
101 345
102 345
103 345
104 345
105 345
106 345
107 345
108 345
109 345
110 345
111 345
112 345
113 345
114 345
115 345
116 345
117 345
118 345
119 345
120 345
121 345
122 345
123 345
124 345
125 345
126 345
127 345
128 345
129 345
130 345
131 345
132 345
133 345
134 345
135 345
136 345
137 345
138 345
139 345
140 345
141 345
142 345
143 345
144 345
145 345
146 345
147 345
148 345
149 345
150 345
151 345
152 345
153 345
154 345
155 345
156 345
157 345
158 345
159 345
160 345
161 345
162 345
168 345
169 345
170 345
171 345
172 345
173 345
174 345
175 345
176 345
177 345
178 345
179 345
180 345
181 345
182 345
183 345
184 345
185 345
186 345
187 345
190 345
191 345
192 345
193 345
194 345
195 345
196 345
197 345
198 345
199 345
200 345
201 345
202 345
203 345
204 345
205 345
206 345
207 345
208 345
209 345
210 345
211 345
212 345
213 345
214 345
215 345
221 345
222 345
223 345
224 345
225 345
226 345
227 345
228 345
229 345
230 345
231 345
232 345
233 345
234 345
235 345
236 345
237 345
238 345
239 345
240 345
241 345
242 345
243 345
244 345
245 345
246 345
247 345
248 345
249 345
252 345
253 345
254 345
255 345
256 345
257 345
258 345
259 345
260 345
261 345
262 345
263 345
264 345
265 345
266 345
267 345
268 345
270 345
271 345
272 345
273 345
274 345
275 345
276 345
277 345
278 345
279 345
280 345
281 345
282 345
283 345
284 345
285 345
286 345
304 345
305 345
306 345
307 345
308 345
309 345
310 345
311 345
312 345
313 345
314 345
315 345
316 345
321 345
322 345
323 345
324 345
325 345
343 345
344 345
1 346
2 346
3 346
4 346
5 346
6 346
7 346
8 346
9 346
10 346
11 346
12 346
13 346
14 346
15 346
16 346
17 346
18 346
19 346
20 346
21 346
22 346
23 346
24 346
25 346
26 346
27 346
28 346
29 346
30 346
31 346
32 346
33 346
34 346
35 346
36 346
37 346
38 346
39 346
40 346
41 346
42 346
43 346
44 346
45 346
46 346
49 346
50 346
51 346
52 346
53 346
54 346
55 346
56 346
57 346
58 346
59 346
60 346
61 346
62 346
63 346
64 346
65 346
66 346
67 346
68 346
69 346
70 346
71 346
72 346
73 346
74 346
75 346
76 346
77 346
78 346
79 346
80 346
81 346
82 346
83 346
84 346
85 346
86 346
87 346
88 346
89 346
90 346
91 346
92 346
93 346
94 346
95 346
96 346
97 346
98 346
99 346
100 346
101 346
102 346
103 346
104 346
105 346
106 346
107 346
108 346
109 346
110 346
111 346
112 346
113 346
114 346
115 346
116 346
117 346
118 346
119 346
120 346
121 346
122 346
123 346
124 346
125 346
126 346
127 346
128 346
129 346
130 346
131 346
132 346
133 346
134 346
135 346
136 346
137 346
138 346
139 346
140 346
141 346
142 346
143 346
144 346
145 346
146 346
147 346
148 346
149 346
150 346
151 346
152 346
153 346
154 346
155 346
156 346
157 346
158 346
159 346
160 346
161 346
162 346
168 346
169 346
170 346
171 346
172 346
173 346
174 346
175 346
176 346
177 346
178 346
179 346
180 346
181 346
182 346
183 346
184 346
185 346
186 346
187 346
190 346
191 346
192 346
193 346
194 346
195 346
196 346
197 346
198 346
199 346
200 346
201 346
202 346
203 346
204 346
205 346
206 346
207 346
208 346
209 346
210 346
211 346
212 346
213 346
214 346
215 346
221 346
222 346
223 346
224 346
225 346
226 346
227 346
228 346
229 346
230 346
231 346
232 346
233 346
234 346
235 346
236 346
237 346
238 346
239 346
240 346
241 346
242 346
243 346
244 346
245 346
246 346
247 346
248 346
249 346
252 346
253 346
254 346
255 346
256 346
257 346
258 346
259 346
260 346
261 346
262 346
263 346
264 346
265 346
266 346
267 346
268 346
270 346
271 346
272 346
273 346
274 346
275 346
276 346
277 346
278 346
279 346
280 346
281 346
282 346
283 346
284 346
285 346
286 346
304 346
305 346
306 346
307 346
308 346
309 346
310 346
311 346
312 346
313 346
314 346
315 346
316 346
321 346
322 346
323 346
324 346
325 346
343 346
344 346
345 346
131 347
131 348
347 348
1 349
2 349
3 349
4 349
5 349
6 349
7 349
8 349
9 349
10 349
11 349
12 349
13 349
14 349
15 349
16 349
17 349
18 349
19 349
20 349
21 349
22 349
23 349
24 349
25 349
26 349
27 349
28 349
29 349
30 349
31 349
32 349
33 349
34 349
35 349
36 349
37 349
38 349
39 349
40 349
41 349
42 349
43 349
44 349
45 349
46 349
49 349
50 349
51 349
52 349
53 349
54 349
55 349
56 349
57 349
58 349
59 349
60 349
61 349
62 349
63 349
64 349
65 349
66 349
67 349
68 349
69 349
70 349
71 349
72 349
73 349
74 349
75 349
76 349
77 349
78 349
79 349
80 349
81 349
82 349
83 349
84 349
85 349
86 349
87 349
88 349
89 349
90 349
91 349
92 349
93 349
94 349
95 349
96 349
97 349
98 349
99 349
100 349
101 349
102 349
103 349
104 349
105 349
106 349
107 349
108 349
109 349
110 349
111 349
112 349
113 349
114 349
115 349
116 349
117 349
118 349
119 349
120 349
121 349
122 349
123 349
124 349
125 349
126 349
127 349
128 349
129 349
130 349
131 349
132 349
133 349
134 349
135 349
136 349
137 349
138 349
139 349
140 349
141 349
142 349
143 349
144 349
145 349
146 349
147 349
148 349
149 349
150 349
151 349
152 349
153 349
154 349
155 349
156 349
157 349
158 349
159 349
160 349
161 349
162 349
168 349
169 349
170 349
171 349
172 349
173 349
174 349
175 349
176 349
177 349
178 349
179 349
180 349
181 349
182 349
183 349
184 349
185 349
186 349
187 349
190 349
191 349
192 349
193 349
194 349
195 349
196 349
197 349
198 349
199 349
200 349
201 349
202 349
203 349
204 349
205 349
206 349
207 349
208 349
209 349
210 349
211 349
212 349
213 349
214 349
215 349
221 349
222 349
223 349
224 349
225 349
226 349
227 349
228 349
229 349
230 349
231 349
232 349
233 349
234 349
235 349
236 349
237 349
238 349
239 349
240 349
241 349
242 349
243 349
244 349
245 349
246 349
247 349
248 349
249 349
252 349
253 349
254 349
255 349
256 349
257 349
258 349
259 349
260 349
261 349
262 349
263 349
264 349
265 349
266 349
267 349
268 349
270 349
271 349
272 349
273 349
274 349
275 349
276 349
277 349
278 349
279 349
280 349
281 349
282 349
283 349
284 349
285 349
286 349
304 349
305 349
306 349
307 349
308 349
309 349
310 349
311 349
312 349
313 349
314 349
315 349
316 349
321 349
322 349
323 349
324 349
325 349
343 349
344 349
345 349
346 349
1 350
2 350
3 350
4 350
5 350
6 350
7 350
8 350
9 350
10 350
11 350
12 350
13 350
14 350
15 350
16 350
17 350
18 350
19 350
20 350
21 350
22 350
23 350
24 350
25 350
26 350
27 350
28 350
29 350
30 350
31 350
32 350
33 350
34 350
35 350
36 350
37 350
38 350
39 350
40 350
41 350
42 350
43 350
44 350
45 350
46 350
49 350
50 350
51 350
52 350
53 350
54 350
55 350
56 350
57 350
58 350
59 350
60 350
61 350
62 350
63 350
64 350
65 350
66 350
67 350
68 350
69 350
70 350
71 350
72 350
73 350
74 350
75 350
76 350
77 350
78 350
79 350
80 350
81 350
82 350
83 350
84 350
85 350
86 350
87 350
88 350
89 350
90 350
91 350
92 350
93 350
94 350
95 350
96 350
97 350
98 350
99 350
100 350
101 350
102 350
103 350
104 350
105 350
106 350
107 350
108 350
109 350
110 350
111 350
112 350
113 350
114 350
115 350
116 350
117 350
118 350
119 350
120 350
121 350
122 350
123 350
124 350
125 350
126 350
127 350
128 350
129 350
130 350
131 350
132 350
133 350
134 350
135 350
136 350
137 350
138 350
139 350
140 350
141 350
142 350
143 350
144 350
145 350
146 350
147 350
148 350
149 350
150 350
151 350
152 350
153 350
154 350
155 350
156 350
157 350
158 350
159 350
160 350
161 350
162 350
168 350
169 350
170 350
171 350
172 350
173 350
174 350
175 350
176 350
177 350
178 350
179 350
180 350
181 350
182 350
183 350
184 350
185 350
186 350
187 350
190 350
191 350
192 350
193 350
194 350
195 350
196 350
197 350
198 350
199 350
200 350
201 350
202 350
203 350
204 350
205 350
206 350
207 350
208 350
209 350
210 350
211 350
212 350
213 350
214 350
215 350
221 350
222 350
223 350
224 350
225 350
226 350
227 350
228 350
229 350
230 350
231 350
232 350
233 350
234 350
235 350
236 350
237 350
238 350
239 350
240 350
241 350
242 350
243 350
244 350
245 350
246 350
247 350
248 350
249 350
252 350
253 350
254 350
255 350
256 350
257 350
258 350
259 350
260 350
261 350
262 350
263 350
264 350
265 350
266 350
267 350
268 350
270 350
271 350
272 350
273 350
274 350
275 350
276 350
277 350
278 350
279 350
280 350
281 350
282 350
283 350
284 350
285 350
286 350
304 350
305 350
306 350
307 350
308 350
309 350
310 350
311 350
312 350
313 350
314 350
315 350
316 350
321 350
322 350
323 350
324 350
325 350
343 350
344 350
345 350
346 350
349 350
1 351
2 351
3 351
4 351
5 351
6 351
7 351
8 351
9 351
10 351
11 351
12 351
13 351
14 351
15 351
16 351
17 351
18 351
19 351
20 351
21 351
22 351
23 351
24 351
25 351
26 351
27 351
28 351
29 351
30 351
31 351
32 351
33 351
34 351
35 351
36 351
37 351
38 351
39 351
40 351
41 351
42 351
43 351
44 351
45 351
46 351
49 351
50 351
51 351
52 351
53 351
54 351
55 351
56 351
57 351
58 351
59 351
60 351
61 351
62 351
63 351
64 351
65 351
66 351
67 351
68 351
69 351
70 351
71 351
72 351
73 351
74 351
75 351
76 351
77 351
78 351
79 351
80 351
81 351
82 351
83 351
84 351
85 351
86 351
87 351
88 351
89 351
90 351
91 351
92 351
93 351
94 351
95 351
96 351
97 351
98 351
99 351
100 351
101 351
102 351
103 351
104 351
105 351
106 351
107 351
108 351
109 351
110 351
111 351
112 351
113 351
114 351
115 351
116 351
117 351
118 351
119 351
120 351
121 351
122 351
123 351
124 351
125 351
126 351
127 351
128 351
129 351
130 351
131 351
132 351
133 351
134 351
135 351
136 351
137 351
138 351
139 351
140 351
141 351
142 351
143 351
144 351
145 351
146 351
147 351
148 351
149 351
150 351
151 351
152 351
153 351
154 351
155 351
156 351
157 351
158 351
159 351
160 351
161 351
162 351
168 351
169 351
170 351
171 351
172 351
173 351
174 351
175 351
176 351
177 351
178 351
179 351
180 351
181 351
182 351
183 351
184 351
185 351
186 351
187 351
190 351
191 351
192 351
193 351
194 351
195 351
196 351
197 351
198 351
199 351
200 351
201 351
202 351
203 351
204 351
205 351
206 351
207 351
208 351
209 351
210 351
211 351
212 351
213 351
214 351
215 351
221 351
222 351
223 351
224 351
225 351
226 351
227 351
228 351
229 351
230 351
231 351
232 351
233 351
234 351
235 351
236 351
237 351
238 351
239 351
240 351
241 351
242 351
243 351
244 351
245 351
246 351
247 351
248 351
249 351
252 351
253 351
254 351
255 351
256 351
257 351
258 351
259 351
260 351
261 351
262 351
263 351
264 351
265 351
266 351
267 351
268 351
270 351
271 351
272 351
273 351
274 351
275 351
276 351
277 351
278 351
279 351
280 351
281 351
282 351
283 351
284 351
285 351
286 351
304 351
305 351
306 351
307 351
308 351
309 351
310 351
311 351
312 351
313 351
314 351
315 351
316 351
321 351
322 351
323 351
324 351
325 351
343 351
344 351
345 351
346 351
349 351
350 351
1 352
2 352
3 352
4 352
5 352
6 352
7 352
8 352
9 352
10 352
11 352
12 352
13 352
14 352
15 352
16 352
17 352
18 352
19 352
20 352
21 352
22 352
23 352
24 352
25 352
26 352
27 352
28 352
29 352
30 352
31 352
32 352
33 352
34 352
35 352
36 352
37 352
38 352
39 352
40 352
41 352
42 352
43 352
44 352
45 352
46 352
49 352
50 352
51 352
52 352
53 352
54 352
55 352
56 352
57 352
58 352
59 352
60 352
61 352
62 352
63 352
64 352
65 352
66 352
67 352
68 352
69 352
70 352
71 352
72 352
73 352
74 352
75 352
76 352
77 352
78 352
79 352
80 352
81 352
82 352
83 352
84 352
85 352
86 352
87 352
88 352
89 352
90 352
91 352
92 352
93 352
94 352
95 352
96 352
97 352
98 352
99 352
100 352
101 352
102 352
103 352
104 352
105 352
106 352
107 352
108 352
109 352
110 352
111 352
112 352
113 352
114 352
115 352
116 352
117 352
118 352
119 352
120 352
121 352
122 352
123 352
124 352
125 352
126 352
127 352
128 352
129 352
130 352
131 352
132 352
133 352
134 352
135 352
136 352
137 352
138 352
139 352
140 352
141 352
142 352
143 352
144 352
145 352
146 352
147 352
148 352
149 352
150 352
151 352
152 352
153 352
154 352
155 352
156 352
157 352
158 352
159 352
160 352
161 352
162 352
168 352
169 352
170 352
171 352
172 352
173 352
174 352
175 352
176 352
177 352
178 352
179 352
180 352
181 352
182 352
183 352
184 352
185 352
186 352
187 352
190 352
191 352
192 352
193 352
194 352
195 352
196 352
197 352
198 352
199 352
200 352
201 352
202 352
203 352
204 352
205 352
206 352
207 352
208 352
209 352
210 352
211 352
212 352
213 352
214 352
215 352
221 352
222 352
223 352
224 352
225 352
226 352
227 352
228 352
229 352
230 352
231 352
232 352
233 352
234 352
235 352
236 352
237 352
238 352
239 352
240 352
241 352
242 352
243 352
244 352
245 352
246 352
247 352
248 352
249 352
252 352
253 352
254 352
255 352
256 352
257 352
258 352
259 352
260 352
261 352
262 352
263 352
264 352
265 352
266 352
267 352
268 352
270 352
271 352
272 352
273 352
274 352
275 352
276 352
277 352
278 352
279 352
280 352
281 352
282 352
283 352
284 352
285 352
286 352
304 352
305 352
306 352
307 352
308 352
309 352
310 352
311 352
312 352
313 352
314 352
315 352
316 352
321 352
322 352
323 352
324 352
325 352
343 352
344 352
345 352
346 352
349 352
350 352
351 352
1 353
2 353
3 353
4 353
5 353
6 353
7 353
8 353
9 353
10 353
11 353
12 353
13 353
14 353
15 353
16 353
17 353
18 353
19 353
20 353
21 353
22 353
23 353
24 353
25 353
26 353
27 353
28 353
29 353
30 353
31 353
32 353
33 353
34 353
35 353
36 353
37 353
38 353
39 353
40 353
41 353
42 353
43 353
44 353
45 353
46 353
49 353
50 353
51 353
52 353
53 353
54 353
55 353
56 353
57 353
58 353
59 353
60 353
61 353
62 353
63 353
64 353
65 353
66 353
67 353
68 353
69 353
70 353
71 353
72 353
73 353
74 353
75 353
76 353
77 353
78 353
79 353
80 353
81 353
82 353
83 353
84 353
85 353
86 353
87 353
88 353
89 353
90 353
91 353
92 353
93 353
94 353
95 353
96 353
97 353
98 353
99 353
100 353
101 353
102 353
103 353
104 353
105 353
106 353
107 353
108 353
109 353
110 353
111 353
112 353
113 353
114 353
115 353
116 353
117 353
118 353
119 353
120 353
121 353
122 353
123 353
124 353
125 353
126 353
127 353
128 353
129 353
130 353
131 353
132 353
133 353
134 353
135 353
136 353
137 353
138 353
139 353
140 353
141 353
142 353
143 353
144 353
145 353
146 353
147 353
148 353
149 353
150 353
151 353
152 353
153 353
154 353
155 353
156 353
157 353
158 353
159 353
160 353
161 353
162 353
168 353
169 353
170 353
171 353
172 353
173 353
174 353
175 353
176 353
177 353
178 353
179 353
180 353
181 353
182 353
183 353
184 353
185 353
186 353
187 353
190 353
191 353
192 353
193 353
194 353
195 353
196 353
197 353
198 353
199 353
200 353
201 353
202 353
203 353
204 353
205 353
206 353
207 353
208 353
209 353
210 353
211 353
212 353
213 353
214 353
215 353
221 353
222 353
223 353
224 353
225 353
226 353
227 353
228 353
229 353
230 353
231 353
232 353
233 353
234 353
235 353
236 353
237 353
238 353
239 353
240 353
241 353
242 353
243 353
244 353
245 353
246 353
247 353
248 353
249 353
252 353
253 353
254 353
255 353
256 353
257 353
258 353
259 353
260 353
261 353
262 353
263 353
264 353
265 353
266 353
267 353
268 353
270 353
271 353
272 353
273 353
274 353
275 353
276 353
277 353
278 353
279 353
280 353
281 353
282 353
283 353
284 353
285 353
286 353
304 353
305 353
306 353
307 353
308 353
309 353
310 353
311 353
312 353
313 353
314 353
315 353
316 353
321 353
322 353
323 353
324 353
325 353
343 353
344 353
345 353
346 353
349 353
350 353
351 353
352 353
1 354
2 354
3 354
4 354
5 354
6 354
7 354
8 354
9 354
10 354
11 354
12 354
13 354
14 354
15 354
16 354
17 354
18 354
19 354
20 354
21 354
22 354
23 354
24 354
25 354
26 354
27 354
28 354
29 354
30 354
31 354
32 354
33 354
34 354
35 354
36 354
37 354
38 354
39 354
40 354
41 354
42 354
43 354
44 354
45 354
46 354
49 354
50 354
51 354
52 354
53 354
54 354
55 354
56 354
57 354
58 354
59 354
60 354
61 354
62 354
63 354
64 354
65 354
66 354
67 354
68 354
69 354
70 354
71 354
72 354
73 354
74 354
75 354
76 354
77 354
78 354
79 354
80 354
81 354
82 354
83 354
84 354
85 354
86 354
87 354
88 354
89 354
90 354
91 354
92 354
93 354
94 354
95 354
96 354
97 354
98 354
99 354
100 354
101 354
102 354
103 354
104 354
105 354
106 354
107 354
108 354
109 354
110 354
111 354
112 354
113 354
114 354
115 354
116 354
117 354
118 354
119 354
120 354
121 354
122 354
123 354
124 354
125 354
126 354
127 354
128 354
129 354
130 354
131 354
132 354
133 354
134 354
135 354
136 354
137 354
138 354
139 354
140 354
141 354
142 354
143 354
144 354
145 354
146 354
147 354
148 354
149 354
150 354
151 354
152 354
153 354
154 354
155 354
156 354
157 354
158 354
159 354
160 354
161 354
162 354
168 354
169 354
170 354
171 354
172 354
173 354
174 354
175 354
176 354
177 354
178 354
179 354
180 354
181 354
182 354
183 354
184 354
185 354
186 354
187 354
190 354
191 354
192 354
193 354
194 354
195 354
196 354
197 354
198 354
199 354
200 354
201 354
202 354
203 354
204 354
205 354
206 354
207 354
208 354
209 354
210 354
211 354
212 354
213 354
214 354
215 354
221 354
222 354
223 354
224 354
225 354
226 354
227 354
228 354
229 354
230 354
231 354
232 354
233 354
234 354
235 354
236 354
237 354
238 354
239 354
240 354
241 354
242 354
243 354
244 354
245 354
246 354
247 354
248 354
249 354
252 354
253 354
254 354
255 354
256 354
257 354
258 354
259 354
260 354
261 354
262 354
263 354
264 354
265 354
266 354
267 354
268 354
270 354
271 354
272 354
273 354
274 354
275 354
276 354
277 354
278 354
279 354
280 354
281 354
282 354
283 354
284 354
285 354
286 354
304 354
305 354
306 354
307 354
308 354
309 354
310 354
311 354
312 354
313 354
314 354
315 354
316 354
321 354
322 354
323 354
324 354
325 354
343 354
344 354
345 354
346 354
349 354
350 354
351 354
352 354
353 354
1 355
2 355
3 355
4 355
5 355
6 355
7 355
8 355
9 355
10 355
11 355
12 355
13 355
14 355
15 355
16 355
17 355
18 355
19 355
20 355
21 355
22 355
23 355
24 355
25 355
26 355
27 355
28 355
29 355
30 355
31 355
32 355
33 355
34 355
35 355
36 355
37 355
38 355
39 355
40 355
41 355
42 355
43 355
44 355
45 355
46 355
49 355
50 355
51 355
52 355
53 355
54 355
55 355
56 355
57 355
58 355
59 355
60 355
61 355
62 355
63 355
64 355
65 355
66 355
67 355
68 355
69 355
70 355
71 355
72 355
73 355
74 355
75 355
76 355
77 355
78 355
79 355
80 355
81 355
82 355
83 355
84 355
85 355
86 355
87 355
88 355
89 355
90 355
91 355
92 355
93 355
94 355
95 355
96 355
97 355
98 355
99 355
100 355
101 355
102 355
103 355
104 355
105 355
106 355
107 355
108 355
109 355
110 355
111 355
112 355
113 355
114 355
115 355
116 355
117 355
118 355
119 355
120 355
121 355
122 355
123 355
124 355
125 355
126 355
127 355
128 355
129 355
130 355
131 355
132 355
133 355
134 355
135 355
136 355
137 355
138 355
139 355
140 355
141 355
142 355
143 355
144 355
145 355
146 355
147 355
148 355
149 355
150 355
151 355
152 355
153 355
154 355
155 355
156 355
157 355
158 355
159 355
160 355
161 355
162 355
168 355
169 355
170 355
171 355
172 355
173 355
174 355
175 355
176 355
177 355
178 355
179 355
180 355
181 355
182 355
183 355
184 355
185 355
186 355
187 355
190 355
191 355
192 355
193 355
194 355
195 355
196 355
197 355
198 355
199 355
200 355
201 355
202 355
203 355
204 355
205 355
206 355
207 355
208 355
209 355
210 355
211 355
212 355
213 355
214 355
215 355
221 355
222 355
223 355
224 355
225 355
226 355
227 355
228 355
229 355
230 355
231 355
232 355
233 355
234 355
235 355
236 355
237 355
238 355
239 355
240 355
241 355
242 355
243 355
244 355
245 355
246 355
247 355
248 355
249 355
252 355
253 355
254 355
255 355
256 355
257 355
258 355
259 355
260 355
261 355
262 355
263 355
264 355
265 355
266 355
267 355
268 355
270 355
271 355
272 355
273 355
274 355
275 355
276 355
277 355
278 355
279 355
280 355
281 355
282 355
283 355
284 355
285 355
286 355
304 355
305 355
306 355
307 355
308 355
309 355
310 355
311 355
312 355
313 355
314 355
315 355
316 355
321 355
322 355
323 355
324 355
325 355
343 355
344 355
345 355
346 355
349 355
350 355
351 355
352 355
353 355
354 355
1 356
2 356
3 356
4 356
5 356
6 356
7 356
8 356
9 356
10 356
11 356
12 356
13 356
14 356
15 356
16 356
17 356
18 356
19 356
20 356
21 356
22 356
23 356
24 356
25 356
26 356
27 356
28 356
29 356
30 356
31 356
32 356
33 356
34 356
35 356
36 356
37 356
38 356
39 356
40 356
41 356
42 356
43 356
44 356
45 356
46 356
49 356
50 356
51 356
52 356
53 356
54 356
55 356
56 356
57 356
58 356
59 356
60 356
61 356
62 356
63 356
64 356
65 356
66 356
67 356
68 356
69 356
70 356
71 356
72 356
73 356
74 356
75 356
76 356
77 356
78 356
79 356
80 356
81 356
82 356
83 356
84 356
85 356
86 356
87 356
88 356
89 356
90 356
91 356
92 356
93 356
94 356
95 356
96 356
97 356
98 356
99 356
100 356
101 356
102 356
103 356
104 356
105 356
106 356
107 356
108 356
109 356
110 356
111 356
112 356
113 356
114 356
115 356
116 356
117 356
118 356
119 356
120 356
121 356
122 356
123 356
124 356
125 356
126 356
127 356
128 356
129 356
130 356
131 356
132 356
133 356
134 356
135 356
136 356
137 356
138 356
139 356
140 356
141 356
142 356
143 356
144 356
145 356
146 356
147 356
148 356
149 356
150 356
151 356
152 356
153 356
154 356
155 356
156 356
157 356
158 356
159 356
160 356
161 356
162 356
168 356
169 356
170 356
171 356
172 356
173 356
174 356
175 356
176 356
177 356
178 356
179 356
180 356
181 356
182 356
183 356
184 356
185 356
186 356
187 356
190 356
191 356
192 356
193 356
194 356
195 356
196 356
197 356
198 356
199 356
200 356
201 356
202 356
203 356
204 356
205 356
206 356
207 356
208 356
209 356
210 356
211 356
212 356
213 356
214 356
215 356
221 356
222 356
223 356
224 356
225 356
226 356
227 356
228 356
229 356
230 356
231 356
232 356
233 356
234 356
235 356
236 356
237 356
238 356
239 356
240 356
241 356
242 356
243 356
244 356
245 356
246 356
247 356
248 356
249 356
252 356
253 356
254 356
255 356
256 356
257 356
258 356
259 356
260 356
261 356
262 356
263 356
264 356
265 356
266 356
267 356
268 356
270 356
271 356
272 356
273 356
274 356
275 356
276 356
277 356
278 356
279 356
280 356
281 356
282 356
283 356
284 356
285 356
286 356
304 356
305 356
306 356
307 356
308 356
309 356
310 356
311 356
312 356
313 356
314 356
315 356
316 356
321 356
322 356
323 356
324 356
325 356
343 356
344 356
345 356
346 356
349 356
350 356
351 356
352 356
353 356
354 356
355 356
1 357
2 357
3 357
4 357
5 357
6 357
7 357
8 357
9 357
10 357
11 357
12 357
13 357
14 357
15 357
16 357
17 357
18 357
19 357
20 357
21 357
22 357
23 357
24 357
25 357
26 357
27 357
28 357
29 357
30 357
31 357
32 357
33 357
34 357
35 357
36 357
37 357
38 357
39 357
40 357
41 357
42 357
43 357
44 357
45 357
46 357
49 357
50 357
51 357
52 357
53 357
54 357
55 357
56 357
57 357
58 357
59 357
60 357
61 357
62 357
63 357
64 357
65 357
66 357
67 357
68 357
69 357
70 357
71 357
72 357
73 357
74 357
75 357
76 357
77 357
78 357
79 357
80 357
81 357
82 357
83 357
84 357
85 357
86 357
87 357
88 357
89 357
90 357
91 357
92 357
93 357
94 357
95 357
96 357
97 357
98 357
99 357
100 357
101 357
102 357
103 357
104 357
105 357
106 357
107 357
108 357
109 357
110 357
111 357
112 357
113 357
114 357
115 357
116 357
117 357
118 357
119 357
120 357
121 357
122 357
123 357
124 357
125 357
126 357
127 357
128 357
129 357
130 357
131 357
132 357
133 357
134 357
135 357
136 357
137 357
138 357
139 357
140 357
141 357
142 357
143 357
144 357
145 357
146 357
147 357
148 357
149 357
150 357
151 357
152 357
153 357
154 357
155 357
156 357
157 357
158 357
159 357
160 357
161 357
162 357
168 357
169 357
170 357
171 357
172 357
173 357
174 357
175 357
176 357
177 357
178 357
179 357
180 357
181 357
182 357
183 357
184 357
185 357
186 357
187 357
190 357
191 357
192 357
193 357
194 357
195 357
196 357
197 357
198 357
199 357
200 357
201 357
202 357
203 357
204 357
205 357
206 357
207 357
208 357
209 357
210 357
211 357
212 357
213 357
214 357
215 357
221 357
222 357
223 357
224 357
225 357
226 357
227 357
228 357
229 357
230 357
231 357
232 357
233 357
234 357
235 357
236 357
237 357
238 357
239 357
240 357
241 357
242 357
243 357
244 357
245 357
246 357
247 357
248 357
249 357
252 357
253 357
254 357
255 357
256 357
257 357
258 357
259 357
260 357
261 357
262 357
263 357
264 357
265 357
266 357
267 357
268 357
270 357
271 357
272 357
273 357
274 357
275 357
276 357
277 357
278 357
279 357
280 357
281 357
282 357
283 357
284 357
285 357
286 357
304 357
305 357
306 357
307 357
308 357
309 357
310 357
311 357
312 357
313 357
314 357
315 357
316 357
321 357
322 357
323 357
324 357
325 357
343 357
344 357
345 357
346 357
349 357
350 357
351 357
352 357
353 357
354 357
355 357
356 357
1 358
2 358
3 358
4 358
5 358
6 358
7 358
8 358
9 358
10 358
11 358
12 358
13 358
14 358
15 358
16 358
17 358
18 358
19 358
20 358
21 358
22 358
23 358
24 358
25 358
26 358
27 358
28 358
29 358
30 358
31 358
32 358
33 358
34 358
35 358
36 358
37 358
38 358
39 358
40 358
41 358
42 358
43 358
44 358
45 358
46 358
49 358
50 358
51 358
52 358
53 358
54 358
55 358
56 358
57 358
58 358
59 358
60 358
61 358
62 358
63 358
64 358
65 358
66 358
67 358
68 358
69 358
70 358
71 358
72 358
73 358
74 358
75 358
76 358
77 358
78 358
79 358
80 358
81 358
82 358
83 358
84 358
85 358
86 358
87 358
88 358
89 358
90 358
91 358
92 358
93 358
94 358
95 358
96 358
97 358
98 358
99 358
100 358
101 358
102 358
103 358
104 358
105 358
106 358
107 358
108 358
109 358
110 358
111 358
112 358
113 358
114 358
115 358
116 358
117 358
118 358
119 358
120 358
121 358
122 358
123 358
124 358
125 358
126 358
127 358
128 358
129 358
130 358
131 358
132 358
133 358
134 358
135 358
136 358
137 358
138 358
139 358
140 358
141 358
142 358
143 358
144 358
145 358
146 358
147 358
148 358
149 358
150 358
151 358
152 358
153 358
154 358
155 358
156 358
157 358
158 358
159 358
160 358
161 358
162 358
168 358
169 358
170 358
171 358
172 358
173 358
174 358
175 358
176 358
177 358
178 358
179 358
180 358
181 358
182 358
183 358
184 358
185 358
186 358
187 358
190 358
191 358
192 358
193 358
194 358
195 358
196 358
197 358
198 358
199 358
200 358
201 358
202 358
203 358
204 358
205 358
206 358
207 358
208 358
209 358
210 358
211 358
212 358
213 358
214 358
215 358
221 358
222 358
223 358
224 358
225 358
226 358
227 358
228 358
229 358
230 358
231 358
232 358
233 358
234 358
235 358
236 358
237 358
238 358
239 358
240 358
241 358
242 358
243 358
244 358
245 358
246 358
247 358
248 358
249 358
252 358
253 358
254 358
255 358
256 358
257 358
258 358
259 358
260 358
261 358
262 358
263 358
264 358
265 358
266 358
267 358
268 358
270 358
271 358
272 358
273 358
274 358
275 358
276 358
277 358
278 358
279 358
280 358
281 358
282 358
283 358
284 358
285 358
286 358
304 358
305 358
306 358
307 358
308 358
309 358
310 358
311 358
312 358
313 358
314 358
315 358
316 358
321 358
322 358
323 358
324 358
325 358
343 358
344 358
345 358
346 358
349 358
350 358
351 358
352 358
353 358
354 358
355 358
356 358
357 358
1 359
2 359
3 359
4 359
5 359
6 359
7 359
8 359
9 359
10 359
11 359
12 359
13 359
14 359
15 359
16 359
17 359
18 359
19 359
20 359
21 359
22 359
23 359
24 359
25 359
26 359
27 359
28 359
29 359
30 359
31 359
32 359
33 359
34 359
35 359
36 359
37 359
38 359
39 359
40 359
41 359
42 359
43 359
44 359
45 359
46 359
49 359
50 359
51 359
52 359
53 359
54 359
55 359
56 359
57 359
58 359
59 359
60 359
61 359
62 359
63 359
64 359
65 359
66 359
67 359
68 359
69 359
70 359
71 359
72 359
73 359
74 359
75 359
76 359
77 359
78 359
79 359
80 359
81 359
82 359
83 359
84 359
85 359
86 359
87 359
88 359
89 359
90 359
91 359
92 359
93 359
94 359
95 359
96 359
97 359
98 359
99 359
100 359
101 359
102 359
103 359
104 359
105 359
106 359
107 359
108 359
109 359
110 359
111 359
112 359
113 359
114 359
115 359
116 359
117 359
118 359
119 359
120 359
121 359
122 359
123 359
124 359
125 359
126 359
127 359
128 359
129 359
130 359
131 359
132 359
133 359
134 359
135 359
136 359
137 359
138 359
139 359
140 359
141 359
142 359
143 359
144 359
145 359
146 359
147 359
148 359
149 359
150 359
151 359
152 359
153 359
154 359
155 359
156 359
157 359
158 359
159 359
160 359
161 359
162 359
168 359
169 359
170 359
171 359
172 359
173 359
174 359
175 359
176 359
177 359
178 359
179 359
180 359
181 359
182 359
183 359
184 359
185 359
186 359
187 359
190 359
191 359
192 359
193 359
194 359
195 359
196 359
197 359
198 359
199 359
200 359
201 359
202 359
203 359
204 359
205 359
206 359
207 359
208 359
209 359
210 359
211 359
212 359
213 359
214 359
215 359
221 359
222 359
223 359
224 359
225 359
226 359
227 359
228 359
229 359
230 359
231 359
232 359
233 359
234 359
235 359
236 359
237 359
238 359
239 359
240 359
241 359
242 359
243 359
244 359
245 359
246 359
247 359
248 359
249 359
252 359
253 359
254 359
255 359
256 359
257 359
258 359
259 359
260 359
261 359
262 359
263 359
264 359
265 359
266 359
267 359
268 359
270 359
271 359
272 359
273 359
274 359
275 359
276 359
277 359
278 359
279 359
280 359
281 359
282 359
283 359
284 359
285 359
286 359
304 359
305 359
306 359
307 359
308 359
309 359
310 359
311 359
312 359
313 359
314 359
315 359
316 359
321 359
322 359
323 359
324 359
325 359
343 359
344 359
345 359
346 359
349 359
350 359
351 359
352 359
353 359
354 359
355 359
356 359
357 359
358 359
1 360
2 360
3 360
4 360
5 360
6 360
7 360
8 360
9 360
10 360
11 360
12 360
13 360
14 360
15 360
16 360
17 360
18 360
19 360
20 360
21 360
22 360
23 360
24 360
25 360
26 360
27 360
28 360
29 360
30 360
31 360
32 360
33 360
34 360
35 360
36 360
37 360
38 360
39 360
40 360
41 360
42 360
43 360
44 360
45 360
46 360
49 360
50 360
51 360
52 360
53 360
54 360
55 360
56 360
57 360
58 360
59 360
60 360
61 360
62 360
63 360
64 360
65 360
66 360
67 360
68 360
69 360
70 360
71 360
72 360
73 360
74 360
75 360
76 360
77 360
78 360
79 360
80 360
81 360
82 360
83 360
84 360
85 360
86 360
87 360
88 360
89 360
90 360
91 360
92 360
93 360
94 360
95 360
96 360
97 360
98 360
99 360
100 360
101 360
102 360
103 360
104 360
105 360
106 360
107 360
108 360
109 360
110 360
111 360
112 360
113 360
114 360
115 360
116 360
117 360
118 360
119 360
120 360
121 360
122 360
123 360
124 360
125 360
126 360
127 360
128 360
129 360
130 360
131 360
132 360
133 360
134 360
135 360
136 360
137 360
138 360
139 360
140 360
141 360
142 360
143 360
144 360
145 360
146 360
147 360
148 360
149 360
150 360
151 360
152 360
153 360
154 360
155 360
156 360
157 360
158 360
159 360
160 360
161 360
162 360
168 360
169 360
170 360
171 360
172 360
173 360
174 360
175 360
176 360
177 360
178 360
179 360
180 360
181 360
182 360
183 360
184 360
185 360
186 360
187 360
190 360
191 360
192 360
193 360
194 360
195 360
196 360
197 360
198 360
199 360
200 360
201 360
202 360
203 360
204 360
205 360
206 360
207 360
208 360
209 360
210 360
211 360
212 360
213 360
214 360
215 360
221 360
222 360
223 360
224 360
225 360
226 360
227 360
228 360
229 360
230 360
231 360
232 360
233 360
234 360
235 360
236 360
237 360
238 360
239 360
240 360
241 360
242 360
243 360
244 360
245 360
246 360
247 360
248 360
249 360
252 360
253 360
254 360
255 360
256 360
257 360
258 360
259 360
260 360
261 360
262 360
263 360
264 360
265 360
266 360
267 360
268 360
270 360
271 360
272 360
273 360
274 360
275 360
276 360
277 360
278 360
279 360
280 360
281 360
282 360
283 360
284 360
285 360
286 360
304 360
305 360
306 360
307 360
308 360
309 360
310 360
311 360
312 360
313 360
314 360
315 360
316 360
321 360
322 360
323 360
324 360
325 360
343 360
344 360
345 360
346 360
349 360
350 360
351 360
352 360
353 360
354 360
355 360
356 360
357 360
358 360
359 360
1 361
2 361
3 361
4 361
5 361
6 361
7 361
8 361
9 361
10 361
11 361
12 361
13 361
14 361
15 361
16 361
17 361
18 361
19 361
20 361
21 361
22 361
23 361
24 361
25 361
26 361
27 361
28 361
29 361
30 361
31 361
32 361
33 361
34 361
35 361
36 361
37 361
38 361
39 361
40 361
41 361
42 361
43 361
44 361
45 361
46 361
49 361
50 361
51 361
52 361
53 361
54 361
55 361
56 361
57 361
58 361
59 361
60 361
61 361
62 361
63 361
64 361
65 361
66 361
67 361
68 361
69 361
70 361
71 361
72 361
73 361
74 361
75 361
76 361
77 361
78 361
79 361
80 361
81 361
82 361
83 361
84 361
85 361
86 361
87 361
88 361
89 361
90 361
91 361
92 361
93 361
94 361
95 361
96 361
97 361
98 361
99 361
100 361
101 361
102 361
103 361
104 361
105 361
106 361
107 361
108 361
109 361
110 361
111 361
112 361
113 361
114 361
115 361
116 361
117 361
118 361
119 361
120 361
121 361
122 361
123 361
124 361
125 361
126 361
127 361
128 361
129 361
130 361
131 361
132 361
133 361
134 361
135 361
136 361
137 361
138 361
139 361
140 361
141 361
142 361
143 361
144 361
145 361
146 361
147 361
148 361
149 361
150 361
151 361
152 361
153 361
154 361
155 361
156 361
157 361
158 361
159 361
160 361
161 361
162 361
168 361
169 361
170 361
171 361
172 361
173 361
174 361
175 361
176 361
177 361
178 361
179 361
180 361
181 361
182 361
183 361
184 361
185 361
186 361
187 361
190 361
191 361
192 361
193 361
194 361
195 361
196 361
197 361
198 361
199 361
200 361
201 361
202 361
203 361
204 361
205 361
206 361
207 361
208 361
209 361
210 361
211 361
212 361
213 361
214 361
215 361
221 361
222 361
223 361
224 361
225 361
226 361
227 361
228 361
229 361
230 361
231 361
232 361
233 361
234 361
235 361
236 361
237 361
238 361
239 361
240 361
241 361
242 361
243 361
244 361
245 361
246 361
247 361
248 361
249 361
252 361
253 361
254 361
255 361
256 361
257 361
258 361
259 361
260 361
261 361
262 361
263 361
264 361
265 361
266 361
267 361
268 361
270 361
271 361
272 361
273 361
274 361
275 361
276 361
277 361
278 361
279 361
280 361
281 361
282 361
283 361
284 361
285 361
286 361
304 361
305 361
306 361
307 361
308 361
309 361
310 361
311 361
312 361
313 361
314 361
315 361
316 361
321 361
322 361
323 361
324 361
325 361
343 361
344 361
345 361
346 361
349 361
350 361
351 361
352 361
353 361
354 361
355 361
356 361
357 361
358 361
359 361
360 361
1 362
2 362
3 362
4 362
5 362
6 362
7 362
8 362
9 362
10 362
11 362
12 362
13 362
14 362
15 362
16 362
17 362
18 362
19 362
20 362
21 362
22 362
23 362
24 362
25 362
26 362
27 362
28 362
29 362
30 362
31 362
32 362
33 362
34 362
35 362
36 362
37 362
38 362
39 362
40 362
41 362
42 362
43 362
44 362
45 362
46 362
49 362
50 362
51 362
52 362
53 362
54 362
55 362
56 362
57 362
58 362
59 362
60 362
61 362
62 362
63 362
64 362
65 362
66 362
67 362
68 362
69 362
70 362
71 362
72 362
73 362
74 362
75 362
76 362
77 362
78 362
79 362
80 362
81 362
82 362
83 362
84 362
85 362
86 362
87 362
88 362
89 362
90 362
91 362
92 362
93 362
94 362
95 362
96 362
97 362
98 362
99 362
100 362
101 362
102 362
103 362
104 362
105 362
106 362
107 362
108 362
109 362
110 362
111 362
112 362
113 362
114 362
115 362
116 362
117 362
118 362
119 362
120 362
121 362
122 362
123 362
124 362
125 362
126 362
127 362
128 362
129 362
130 362
131 362
132 362
133 362
134 362
135 362
136 362
137 362
138 362
139 362
140 362
141 362
142 362
143 362
144 362
145 362
146 362
147 362
148 362
149 362
150 362
151 362
152 362
153 362
154 362
155 362
156 362
157 362
158 362
159 362
160 362
161 362
162 362
168 362
169 362
170 362
171 362
172 362
173 362
174 362
175 362
176 362
177 362
178 362
179 362
180 362
181 362
182 362
183 362
184 362
185 362
186 362
187 362
190 362
191 362
192 362
193 362
194 362
195 362
196 362
197 362
198 362
199 362
200 362
201 362
202 362
203 362
204 362
205 362
206 362
207 362
208 362
209 362
210 362
211 362
212 362
213 362
214 362
215 362
221 362
222 362
223 362
224 362
225 362
226 362
227 362
228 362
229 362
230 362
231 362
232 362
233 362
234 362
235 362
236 362
237 362
238 362
239 362
240 362
241 362
242 362
243 362
244 362
245 362
246 362
247 362
248 362
249 362
252 362
253 362
254 362
255 362
256 362
257 362
258 362
259 362
260 362
261 362
262 362
263 362
264 362
265 362
266 362
267 362
268 362
270 362
271 362
272 362
273 362
274 362
275 362
276 362
277 362
278 362
279 362
280 362
281 362
282 362
283 362
284 362
285 362
286 362
304 362
305 362
306 362
307 362
308 362
309 362
310 362
311 362
312 362
313 362
314 362
315 362
316 362
321 362
322 362
323 362
324 362
325 362
343 362
344 362
345 362
346 362
349 362
350 362
351 362
352 362
353 362
354 362
355 362
356 362
357 362
358 362
359 362
360 362
361 362
1 363
2 363
3 363
4 363
5 363
6 363
7 363
8 363
9 363
10 363
11 363
12 363
13 363
14 363
15 363
16 363
17 363
18 363
19 363
20 363
21 363
22 363
23 363
24 363
25 363
26 363
27 363
28 363
29 363
30 363
31 363
32 363
33 363
34 363
35 363
36 363
37 363
38 363
39 363
40 363
41 363
42 363
43 363
44 363
45 363
46 363
49 363
50 363
51 363
52 363
53 363
54 363
55 363
56 363
57 363
58 363
59 363
60 363
61 363
62 363
63 363
64 363
65 363
66 363
67 363
68 363
69 363
70 363
71 363
72 363
73 363
74 363
75 363
76 363
77 363
78 363
79 363
80 363
81 363
82 363
83 363
84 363
85 363
86 363
87 363
88 363
89 363
90 363
91 363
92 363
93 363
94 363
95 363
96 363
97 363
98 363
99 363
100 363
101 363
102 363
103 363
104 363
105 363
106 363
107 363
108 363
109 363
110 363
111 363
112 363
113 363
114 363
115 363
116 363
117 363
118 363
119 363
120 363
121 363
122 363
123 363
124 363
125 363
126 363
127 363
128 363
129 363
130 363
131 363
132 363
133 363
134 363
135 363
136 363
137 363
138 363
139 363
140 363
141 363
142 363
143 363
144 363
145 363
146 363
147 363
148 363
149 363
150 363
151 363
152 363
153 363
154 363
155 363
156 363
157 363
158 363
159 363
160 363
161 363
162 363
168 363
169 363
170 363
171 363
172 363
173 363
174 363
175 363
176 363
177 363
178 363
179 363
180 363
181 363
182 363
183 363
184 363
185 363
186 363
187 363
190 363
191 363
192 363
193 363
194 363
195 363
196 363
197 363
198 363
199 363
200 363
201 363
202 363
203 363
204 363
205 363
206 363
207 363
208 363
209 363
210 363
211 363
212 363
213 363
214 363
215 363
221 363
222 363
223 363
224 363
225 363
226 363
227 363
228 363
229 363
230 363
231 363
232 363
233 363
234 363
235 363
236 363
237 363
238 363
239 363
240 363
241 363
242 363
243 363
244 363
245 363
246 363
247 363
248 363
249 363
252 363
253 363
254 363
255 363
256 363
257 363
258 363
259 363
260 363
261 363
262 363
263 363
264 363
265 363
266 363
267 363
268 363
270 363
271 363
272 363
273 363
274 363
275 363
276 363
277 363
278 363
279 363
280 363
281 363
282 363
283 363
284 363
285 363
286 363
304 363
305 363
306 363
307 363
308 363
309 363
310 363
311 363
312 363
313 363
314 363
315 363
316 363
321 363
322 363
323 363
324 363
325 363
343 363
344 363
345 363
346 363
349 363
350 363
351 363
352 363
353 363
354 363
355 363
356 363
357 363
358 363
359 363
360 363
361 363
362 363
1 364
2 364
3 364
4 364
5 364
6 364
7 364
8 364
9 364
10 364
11 364
12 364
13 364
14 364
15 364
16 364
17 364
18 364
19 364
20 364
21 364
22 364
23 364
24 364
25 364
26 364
27 364
28 364
29 364
30 364
31 364
32 364
33 364
34 364
35 364
36 364
37 364
38 364
39 364
40 364
41 364
42 364
43 364
44 364
45 364
46 364
49 364
50 364
51 364
52 364
53 364
54 364
55 364
56 364
57 364
58 364
59 364
60 364
61 364
62 364
63 364
64 364
65 364
66 364
67 364
68 364
69 364
70 364
71 364
72 364
73 364
74 364
75 364
76 364
77 364
78 364
79 364
80 364
81 364
82 364
83 364
84 364
85 364
86 364
87 364
88 364
89 364
90 364
91 364
92 364
93 364
94 364
95 364
96 364
97 364
98 364
99 364
100 364
101 364
102 364
103 364
104 364
105 364
106 364
107 364
108 364
109 364
110 364
111 364
112 364
113 364
114 364
115 364
116 364
117 364
118 364
119 364
120 364
121 364
122 364
123 364
124 364
125 364
126 364
127 364
128 364
129 364
130 364
131 364
132 364
133 364
134 364
135 364
136 364
137 364
138 364
139 364
140 364
141 364
142 364
143 364
144 364
145 364
146 364
147 364
148 364
149 364
150 364
151 364
152 364
153 364
154 364
155 364
156 364
157 364
158 364
159 364
160 364
161 364
162 364
168 364
169 364
170 364
171 364
172 364
173 364
174 364
175 364
176 364
177 364
178 364
179 364
180 364
181 364
182 364
183 364
184 364
185 364
186 364
187 364
190 364
191 364
192 364
193 364
194 364
195 364
196 364
197 364
198 364
199 364
200 364
201 364
202 364
203 364
204 364
205 364
206 364
207 364
208 364
209 364
210 364
211 364
212 364
213 364
214 364
215 364
221 364
222 364
223 364
224 364
225 364
226 364
227 364
228 364
229 364
230 364
231 364
232 364
233 364
234 364
235 364
236 364
237 364
238 364
239 364
240 364
241 364
242 364
243 364
244 364
245 364
246 364
247 364
248 364
249 364
252 364
253 364
254 364
255 364
256 364
257 364
258 364
259 364
260 364
261 364
262 364
263 364
264 364
265 364
266 364
267 364
268 364
270 364
271 364
272 364
273 364
274 364
275 364
276 364
277 364
278 364
279 364
280 364
281 364
282 364
283 364
284 364
285 364
286 364
304 364
305 364
306 364
307 364
308 364
309 364
310 364
311 364
312 364
313 364
314 364
315 364
316 364
321 364
322 364
323 364
324 364
325 364
343 364
344 364
345 364
346 364
349 364
350 364
351 364
352 364
353 364
354 364
355 364
356 364
357 364
358 364
359 364
360 364
361 364
362 364
363 364
1 365
2 365
3 365
4 365
5 365
6 365
7 365
8 365
9 365
10 365
11 365
12 365
13 365
14 365
15 365
16 365
17 365
18 365
19 365
20 365
21 365
22 365
23 365
24 365
25 365
26 365
27 365
28 365
29 365
30 365
31 365
32 365
33 365
34 365
35 365
36 365
37 365
38 365
39 365
40 365
41 365
42 365
43 365
44 365
45 365
46 365
49 365
50 365
51 365
52 365
53 365
54 365
55 365
56 365
57 365
58 365
59 365
60 365
61 365
62 365
63 365
64 365
65 365
66 365
67 365
68 365
69 365
70 365
71 365
72 365
73 365
74 365
75 365
76 365
77 365
78 365
79 365
80 365
81 365
82 365
83 365
84 365
85 365
86 365
87 365
88 365
89 365
90 365
91 365
92 365
93 365
94 365
95 365
96 365
97 365
98 365
99 365
100 365
101 365
102 365
103 365
104 365
105 365
106 365
107 365
108 365
109 365
110 365
111 365
112 365
113 365
114 365
115 365
116 365
117 365
118 365
119 365
120 365
121 365
122 365
123 365
124 365
125 365
126 365
127 365
128 365
129 365
130 365
131 365
132 365
133 365
134 365
135 365
136 365
137 365
138 365
139 365
140 365
141 365
142 365
143 365
144 365
145 365
146 365
147 365
148 365
149 365
150 365
151 365
152 365
153 365
154 365
155 365
156 365
157 365
158 365
159 365
160 365
161 365
162 365
168 365
169 365
170 365
171 365
172 365
173 365
174 365
175 365
176 365
177 365
178 365
179 365
180 365
181 365
182 365
183 365
184 365
185 365
186 365
187 365
190 365
191 365
192 365
193 365
194 365
195 365
196 365
197 365
198 365
199 365
200 365
201 365
202 365
203 365
204 365
205 365
206 365
207 365
208 365
209 365
210 365
211 365
212 365
213 365
214 365
215 365
221 365
222 365
223 365
224 365
225 365
226 365
227 365
228 365
229 365
230 365
231 365
232 365
233 365
234 365
235 365
236 365
237 365
238 365
239 365
240 365
241 365
242 365
243 365
244 365
245 365
246 365
247 365
248 365
249 365
252 365
253 365
254 365
255 365
256 365
257 365
258 365
259 365
260 365
261 365
262 365
263 365
264 365
265 365
266 365
267 365
268 365
270 365
271 365
272 365
273 365
274 365
275 365
276 365
277 365
278 365
279 365
280 365
281 365
282 365
283 365
284 365
285 365
286 365
304 365
305 365
306 365
307 365
308 365
309 365
310 365
311 365
312 365
313 365
314 365
315 365
316 365
321 365
322 365
323 365
324 365
325 365
343 365
344 365
345 365
346 365
349 365
350 365
351 365
352 365
353 365
354 365
355 365
356 365
357 365
358 365
359 365
360 365
361 365
362 365
363 365
364 365
1 366
2 366
3 366
4 366
5 366
6 366
7 366
8 366
9 366
10 366
11 366
12 366
13 366
14 366
15 366
16 366
17 366
18 366
19 366
20 366
21 366
22 366
23 366
24 366
25 366
26 366
27 366
28 366
29 366
30 366
31 366
32 366
33 366
34 366
35 366
36 366
37 366
38 366
39 366
40 366
41 366
42 366
43 366
44 366
45 366
46 366
49 366
50 366
51 366
52 366
53 366
54 366
55 366
56 366
57 366
58 366
59 366
60 366
61 366
62 366
63 366
64 366
65 366
66 366
67 366
68 366
69 366
70 366
71 366
72 366
73 366
74 366
75 366
76 366
77 366
78 366
79 366
80 366
81 366
82 366
83 366
84 366
85 366
86 366
87 366
88 366
89 366
90 366
91 366
92 366
93 366
94 366
95 366
96 366
97 366
98 366
99 366
100 366
101 366
102 366
103 366
104 366
105 366
106 366
107 366
108 366
109 366
110 366
111 366
112 366
113 366
114 366
115 366
116 366
117 366
118 366
119 366
120 366
121 366
122 366
123 366
124 366
125 366
126 366
127 366
128 366
129 366
130 366
131 366
132 366
133 366
134 366
135 366
136 366
137 366
138 366
139 366
140 366
141 366
142 366
143 366
144 366
145 366
146 366
147 366
148 366
149 366
150 366
151 366
152 366
153 366
154 366
155 366
156 366
157 366
158 366
159 366
160 366
161 366
162 366
168 366
169 366
170 366
171 366
172 366
173 366
174 366
175 366
176 366
177 366
178 366
179 366
180 366
181 366
182 366
183 366
184 366
185 366
186 366
187 366
190 366
191 366
192 366
193 366
194 366
195 366
196 366
197 366
198 366
199 366
200 366
201 366
202 366
203 366
204 366
205 366
206 366
207 366
208 366
209 366
210 366
211 366
212 366
213 366
214 366
215 366
221 366
222 366
223 366
224 366
225 366
226 366
227 366
228 366
229 366
230 366
231 366
232 366
233 366
234 366
235 366
236 366
237 366
238 366
239 366
240 366
241 366
242 366
243 366
244 366
245 366
246 366
247 366
248 366
249 366
252 366
253 366
254 366
255 366
256 366
257 366
258 366
259 366
260 366
261 366
262 366
263 366
264 366
265 366
266 366
267 366
268 366
270 366
271 366
272 366
273 366
274 366
275 366
276 366
277 366
278 366
279 366
280 366
281 366
282 366
283 366
284 366
285 366
286 366
304 366
305 366
306 366
307 366
308 366
309 366
310 366
311 366
312 366
313 366
314 366
315 366
316 366
321 366
322 366
323 366
324 366
325 366
343 366
344 366
345 366
346 366
349 366
350 366
351 366
352 366
353 366
354 366
355 366
356 366
357 366
358 366
359 366
360 366
361 366
362 366
363 366
364 366
365 366
1 367
2 367
3 367
4 367
5 367
6 367
7 367
8 367
9 367
10 367
11 367
12 367
13 367
14 367
15 367
16 367
17 367
18 367
19 367
20 367
21 367
22 367
23 367
24 367
25 367
26 367
27 367
28 367
29 367
30 367
31 367
32 367
33 367
34 367
35 367
36 367
37 367
38 367
39 367
40 367
41 367
42 367
43 367
44 367
45 367
46 367
49 367
50 367
51 367
52 367
53 367
54 367
55 367
56 367
57 367
58 367
59 367
60 367
61 367
62 367
63 367
64 367
65 367
66 367
67 367
68 367
69 367
70 367
71 367
72 367
73 367
74 367
75 367
76 367
77 367
78 367
79 367
80 367
81 367
82 367
83 367
84 367
85 367
86 367
87 367
88 367
89 367
90 367
91 367
92 367
93 367
94 367
95 367
96 367
97 367
98 367
99 367
100 367
101 367
102 367
103 367
104 367
105 367
106 367
107 367
108 367
109 367
110 367
111 367
112 367
113 367
114 367
115 367
116 367
117 367
118 367
119 367
120 367
121 367
122 367
123 367
124 367
125 367
126 367
127 367
128 367
129 367
130 367
131 367
132 367
133 367
134 367
135 367
136 367
137 367
138 367
139 367
140 367
141 367
142 367
143 367
144 367
145 367
146 367
147 367
148 367
149 367
150 367
151 367
152 367
153 367
154 367
155 367
156 367
157 367
158 367
159 367
160 367
161 367
162 367
168 367
169 367
170 367
171 367
172 367
173 367
174 367
175 367
176 367
177 367
178 367
179 367
180 367
181 367
182 367
183 367
184 367
185 367
186 367
187 367
190 367
191 367
192 367
193 367
194 367
195 367
196 367
197 367
198 367
199 367
200 367
201 367
202 367
203 367
204 367
205 367
206 367
207 367
208 367
209 367
210 367
211 367
212 367
213 367
214 367
215 367
221 367
222 367
223 367
224 367
225 367
226 367
227 367
228 367
229 367
230 367
231 367
232 367
233 367
234 367
235 367
236 367
237 367
238 367
239 367
240 367
241 367
242 367
243 367
244 367
245 367
246 367
247 367
248 367
249 367
252 367
253 367
254 367
255 367
256 367
257 367
258 367
259 367
260 367
261 367
262 367
263 367
264 367
265 367
266 367
267 367
268 367
270 367
271 367
272 367
273 367
274 367
275 367
276 367
277 367
278 367
279 367
280 367
281 367
282 367
283 367
284 367
285 367
286 367
304 367
305 367
306 367
307 367
308 367
309 367
310 367
311 367
312 367
313 367
314 367
315 367
316 367
321 367
322 367
323 367
324 367
325 367
343 367
344 367
345 367
346 367
349 367
350 367
351 367
352 367
353 367
354 367
355 367
356 367
357 367
358 367
359 367
360 367
361 367
362 367
363 367
364 367
365 367
366 367
1 368
2 368
3 368
4 368
5 368
6 368
7 368
8 368
9 368
10 368
11 368
12 368
13 368
14 368
15 368
16 368
17 368
18 368
19 368
20 368
21 368
22 368
23 368
24 368
25 368
26 368
27 368
28 368
29 368
30 368
31 368
32 368
33 368
34 368
35 368
36 368
37 368
38 368
39 368
40 368
41 368
42 368
43 368
44 368
45 368
46 368
49 368
50 368
51 368
52 368
53 368
54 368
55 368
56 368
57 368
58 368
59 368
60 368
61 368
62 368
63 368
64 368
65 368
66 368
67 368
68 368
69 368
70 368
71 368
72 368
73 368
74 368
75 368
76 368
77 368
78 368
79 368
80 368
81 368
82 368
83 368
84 368
85 368
86 368
87 368
88 368
89 368
90 368
91 368
92 368
93 368
94 368
95 368
96 368
97 368
98 368
99 368
100 368
101 368
102 368
103 368
104 368
105 368
106 368
107 368
108 368
109 368
110 368
111 368
112 368
113 368
114 368
115 368
116 368
117 368
118 368
119 368
120 368
121 368
122 368
123 368
124 368
125 368
126 368
127 368
128 368
129 368
130 368
131 368
132 368
133 368
134 368
135 368
136 368
137 368
138 368
139 368
140 368
141 368
142 368
143 368
144 368
145 368
146 368
147 368
148 368
149 368
150 368
151 368
152 368
153 368
154 368
155 368
156 368
157 368
158 368
159 368
160 368
161 368
162 368
168 368
169 368
170 368
171 368
172 368
173 368
174 368
175 368
176 368
177 368
178 368
179 368
180 368
181 368
182 368
183 368
184 368
185 368
186 368
187 368
190 368
191 368
192 368
193 368
194 368
195 368
196 368
197 368
198 368
199 368
200 368
201 368
202 368
203 368
204 368
205 368
206 368
207 368
208 368
209 368
210 368
211 368
212 368
213 368
214 368
215 368
221 368
222 368
223 368
224 368
225 368
226 368
227 368
228 368
229 368
230 368
231 368
232 368
233 368
234 368
235 368
236 368
237 368
238 368
239 368
240 368
241 368
242 368
243 368
244 368
245 368
246 368
247 368
248 368
249 368
252 368
253 368
254 368
255 368
256 368
257 368
258 368
259 368
260 368
261 368
262 368
263 368
264 368
265 368
266 368
267 368
268 368
270 368
271 368
272 368
273 368
274 368
275 368
276 368
277 368
278 368
279 368
280 368
281 368
282 368
283 368
284 368
285 368
286 368
304 368
305 368
306 368
307 368
308 368
309 368
310 368
311 368
312 368
313 368
314 368
315 368
316 368
321 368
322 368
323 368
324 368
325 368
343 368
344 368
345 368
346 368
349 368
350 368
351 368
352 368
353 368
354 368
355 368
356 368
357 368
358 368
359 368
360 368
361 368
362 368
363 368
364 368
365 368
366 368
367 368
1 369
2 369
3 369
4 369
5 369
6 369
7 369
8 369
9 369
10 369
11 369
12 369
13 369
14 369
15 369
16 369
17 369
18 369
19 369
20 369
21 369
22 369
23 369
24 369
25 369
26 369
27 369
28 369
29 369
30 369
31 369
32 369
33 369
34 369
35 369
36 369
37 369
38 369
39 369
40 369
41 369
42 369
43 369
44 369
45 369
46 369
49 369
50 369
51 369
52 369
53 369
54 369
55 369
56 369
57 369
58 369
59 369
60 369
61 369
62 369
63 369
64 369
65 369
66 369
67 369
68 369
69 369
70 369
71 369
72 369
73 369
74 369
75 369
76 369
77 369
78 369
79 369
80 369
81 369
82 369
83 369
84 369
85 369
86 369
87 369
88 369
89 369
90 369
91 369
92 369
93 369
94 369
95 369
96 369
97 369
98 369
99 369
100 369
101 369
102 369
103 369
104 369
105 369
106 369
107 369
108 369
109 369
110 369
111 369
112 369
113 369
114 369
115 369
116 369
117 369
118 369
119 369
120 369
121 369
122 369
123 369
124 369
125 369
126 369
127 369
128 369
129 369
130 369
131 369
132 369
133 369
134 369
135 369
136 369
137 369
138 369
139 369
140 369
141 369
142 369
143 369
144 369
145 369
146 369
147 369
148 369
149 369
150 369
151 369
152 369
153 369
154 369
155 369
156 369
157 369
158 369
159 369
160 369
161 369
162 369
168 369
169 369
170 369
171 369
172 369
173 369
174 369
175 369
176 369
177 369
178 369
179 369
180 369
181 369
182 369
183 369
184 369
185 369
186 369
187 369
190 369
191 369
192 369
193 369
194 369
195 369
196 369
197 369
198 369
199 369
200 369
201 369
202 369
203 369
204 369
205 369
206 369
207 369
208 369
209 369
210 369
211 369
212 369
213 369
214 369
215 369
221 369
222 369
223 369
224 369
225 369
226 369
227 369
228 369
229 369
230 369
231 369
232 369
233 369
234 369
235 369
236 369
237 369
238 369
239 369
240 369
241 369
242 369
243 369
244 369
245 369
246 369
247 369
248 369
249 369
252 369
253 369
254 369
255 369
256 369
257 369
258 369
259 369
260 369
261 369
262 369
263 369
264 369
265 369
266 369
267 369
268 369
270 369
271 369
272 369
273 369
274 369
275 369
276 369
277 369
278 369
279 369
280 369
281 369
282 369
283 369
284 369
285 369
286 369
304 369
305 369
306 369
307 369
308 369
309 369
310 369
311 369
312 369
313 369
314 369
315 369
316 369
321 369
322 369
323 369
324 369
325 369
343 369
344 369
345 369
346 369
349 369
350 369
351 369
352 369
353 369
354 369
355 369
356 369
357 369
358 369
359 369
360 369
361 369
362 369
363 369
364 369
365 369
366 369
367 369
368 369
6 370
6 371
370 371
6 372
370 372
371 372
6 373
370 373
371 373
372 373
6 374
370 374
371 374
372 374
373 374
6 375
370 375
371 375
372 375
373 375
374 375
6 376
370 376
371 376
372 376
373 376
374 376
375 376
6 377
370 377
371 377
372 377
373 377
374 377
375 377
376 377
6 378
370 378
371 378
372 378
373 378
374 378
375 378
376 378
377 378
85 379
85 380
379 380
85 381
379 381
380 381
85 382
379 382
380 382
381 382
85 383
379 383
380 383
381 383
382 383
85 384
379 384
380 384
381 384
382 384
383 384
1 385
2 385
3 385
4 385
5 385
6 385
7 385
8 385
9 385
10 385
11 385
12 385
13 385
14 385
15 385
16 385
17 385
18 385
19 385
20 385
21 385
22 385
23 385
24 385
25 385
26 385
27 385
28 385
29 385
30 385
31 385
32 385
33 385
34 385
35 385
36 385
37 385
38 385
39 385
40 385
41 385
42 385
43 385
44 385
45 385
46 385
49 385
50 385
51 385
52 385
53 385
54 385
55 385
56 385
57 385
58 385
59 385
60 385
61 385
62 385
63 385
64 385
65 385
66 385
67 385
68 385
69 385
70 385
71 385
72 385
73 385
74 385
75 385
76 385
77 385
78 385
79 385
80 385
81 385
82 385
83 385
84 385
85 385
86 385
87 385
88 385
89 385
90 385
91 385
92 385
93 385
94 385
95 385
96 385
97 385
98 385
99 385
100 385
101 385
102 385
103 385
104 385
105 385
106 385
107 385
108 385
109 385
110 385
111 385
112 385
113 385
114 385
115 385
116 385
117 385
118 385
119 385
120 385
121 385
122 385
123 385
124 385
125 385
126 385
127 385
128 385
129 385
130 385
131 385
132 385
133 385
134 385
135 385
136 385
137 385
138 385
139 385
140 385
141 385
142 385
143 385
144 385
145 385
146 385
147 385
148 385
149 385
150 385
151 385
152 385
153 385
154 385
155 385
156 385
157 385
158 385
159 385
160 385
161 385
162 385
168 385
169 385
170 385
171 385
172 385
173 385
174 385
175 385
176 385
177 385
178 385
179 385
180 385
181 385
182 385
183 385
184 385
185 385
186 385
187 385
190 385
191 385
192 385
193 385
194 385
195 385
196 385
197 385
198 385
199 385
200 385
201 385
202 385
203 385
204 385
205 385
206 385
207 385
208 385
209 385
210 385
211 385
212 385
213 385
214 385
215 385
221 385
222 385
223 385
224 385
225 385
226 385
227 385
228 385
229 385
230 385
231 385
232 385
233 385
234 385
235 385
236 385
237 385
238 385
239 385
240 385
241 385
242 385
243 385
244 385
245 385
246 385
247 385
248 385
249 385
252 385
253 385
254 385
255 385
256 385
257 385
258 385
259 385
260 385
261 385
262 385
263 385
264 385
265 385
266 385
267 385
268 385
270 385
271 385
272 385
273 385
274 385
275 385
276 385
277 385
278 385
279 385
280 385
281 385
282 385
283 385
284 385
285 385
286 385
304 385
305 385
306 385
307 385
308 385
309 385
310 385
311 385
312 385
313 385
314 385
315 385
316 385
321 385
322 385
323 385
324 385
325 385
343 385
344 385
345 385
346 385
349 385
350 385
351 385
352 385
353 385
354 385
355 385
356 385
357 385
358 385
359 385
360 385
361 385
362 385
363 385
364 385
365 385
366 385
367 385
368 385
369 385
1 386
2 386
3 386
4 386
5 386
6 386
7 386
8 386
9 386
10 386
11 386
12 386
13 386
14 386
15 386
16 386
17 386
18 386
19 386
20 386
21 386
22 386
23 386
24 386
25 386
26 386
27 386
28 386
29 386
30 386
31 386
32 386
33 386
34 386
35 386
36 386
37 386
38 386
39 386
40 386
41 386
42 386
43 386
44 386
45 386
46 386
49 386
50 386
51 386
52 386
53 386
54 386
55 386
56 386
57 386
58 386
59 386
60 386
61 386
62 386
63 386
64 386
65 386
66 386
67 386
68 386
69 386
70 386
71 386
72 386
73 386
74 386
75 386
76 386
77 386
78 386
79 386
80 386
81 386
82 386
83 386
84 386
85 386
86 386
87 386
88 386
89 386
90 386
91 386
92 386
93 386
94 386
95 386
96 386
97 386
98 386
99 386
100 386
101 386
102 386
103 386
104 386
105 386
106 386
107 386
108 386
109 386
110 386
111 386
112 386
113 386
114 386
115 386
116 386
117 386
118 386
119 386
120 386
121 386
122 386
123 386
124 386
125 386
126 386
127 386
128 386
129 386
130 386
131 386
132 386
133 386
134 386
135 386
136 386
137 386
138 386
139 386
140 386
141 386
142 386
143 386
144 386
145 386
146 386
147 386
148 386
149 386
150 386
151 386
152 386
153 386
154 386
155 386
156 386
157 386
158 386
159 386
160 386
161 386
162 386
168 386
169 386
170 386
171 386
172 386
173 386
174 386
175 386
176 386
177 386
178 386
179 386
180 386
181 386
182 386
183 386
184 386
185 386
186 386
187 386
190 386
191 386
192 386
193 386
194 386
195 386
196 386
197 386
198 386
199 386
200 386
201 386
202 386
203 386
204 386
205 386
206 386
207 386
208 386
209 386
210 386
211 386
212 386
213 386
214 386
215 386
221 386
222 386
223 386
224 386
225 386
226 386
227 386
228 386
229 386
230 386
231 386
232 386
233 386
234 386
235 386
236 386
237 386
238 386
239 386
240 386
241 386
242 386
243 386
244 386
245 386
246 386
247 386
248 386
249 386
252 386
253 386
254 386
255 386
256 386
257 386
258 386
259 386
260 386
261 386
262 386
263 386
264 386
265 386
266 386
267 386
268 386
270 386
271 386
272 386
273 386
274 386
275 386
276 386
277 386
278 386
279 386
280 386
281 386
282 386
283 386
284 386
285 386
286 386
304 386
305 386
306 386
307 386
308 386
309 386
310 386
311 386
312 386
313 386
314 386
315 386
316 386
321 386
322 386
323 386
324 386
325 386
343 386
344 386
345 386
346 386
349 386
350 386
351 386
352 386
353 386
354 386
355 386
356 386
357 386
358 386
359 386
360 386
361 386
362 386
363 386
364 386
365 386
366 386
367 386
368 386
369 386
385 386
1 387
2 387
3 387
4 387
5 387
6 387
7 387
8 387
9 387
10 387
11 387
12 387
13 387
14 387
15 387
16 387
17 387
18 387
19 387
20 387
21 387
22 387
23 387
24 387
25 387
26 387
27 387
28 387
29 387
30 387
31 387
32 387
33 387
34 387
35 387
36 387
37 387
38 387
39 387
40 387
41 387
42 387
43 387
44 387
45 387
46 387
49 387
50 387
51 387
52 387
53 387
54 387
55 387
56 387
57 387
58 387
59 387
60 387
61 387
62 387
63 387
64 387
65 387
66 387
67 387
68 387
69 387
70 387
71 387
72 387
73 387
74 387
75 387
76 387
77 387
78 387
79 387
80 387
81 387
82 387
83 387
84 387
85 387
86 387
87 387
88 387
89 387
90 387
91 387
92 387
93 387
94 387
95 387
96 387
97 387
98 387
99 387
100 387
101 387
102 387
103 387
104 387
105 387
106 387
107 387
108 387
109 387
110 387
111 387
112 387
113 387
114 387
115 387
116 387
117 387
118 387
119 387
120 387
121 387
122 387
123 387
124 387
125 387
126 387
127 387
128 387
129 387
130 387
131 387
132 387
133 387
134 387
135 387
136 387
137 387
138 387
139 387
140 387
141 387
142 387
143 387
144 387
145 387
146 387
147 387
148 387
149 387
150 387
151 387
152 387
153 387
154 387
155 387
156 387
157 387
158 387
159 387
160 387
161 387
162 387
168 387
169 387
170 387
171 387
172 387
173 387
174 387
175 387
176 387
177 387
178 387
179 387
180 387
181 387
182 387
183 387
184 387
185 387
186 387
187 387
190 387
191 387
192 387
193 387
194 387
195 387
196 387
197 387
198 387
199 387
200 387
201 387
202 387
203 387
204 387
205 387
206 387
207 387
208 387
209 387
210 387
211 387
212 387
213 387
214 387
215 387
221 387
222 387
223 387
224 387
225 387
226 387
227 387
228 387
229 387
230 387
231 387
232 387
233 387
234 387
235 387
236 387
237 387
238 387
239 387
240 387
241 387
242 387
243 387
244 387
245 387
246 387
247 387
248 387
249 387
252 387
253 387
254 387
255 387
256 387
257 387
258 387
259 387
260 387
261 387
262 387
263 387
264 387
265 387
266 387
267 387
268 387
270 387
271 387
272 387
273 387
274 387
275 387
276 387
277 387
278 387
279 387
280 387
281 387
282 387
283 387
284 387
285 387
286 387
304 387
305 387
306 387
307 387
308 387
309 387
310 387
311 387
312 387
313 387
314 387
315 387
316 387
321 387
322 387
323 387
324 387
325 387
343 387
344 387
345 387
346 387
349 387
350 387
351 387
352 387
353 387
354 387
355 387
356 387
357 387
358 387
359 387
360 387
361 387
362 387
363 387
364 387
365 387
366 387
367 387
368 387
369 387
385 387
386 387
1 388
2 388
3 388
4 388
5 388
6 388
7 388
8 388
9 388
10 388
11 388
12 388
13 388
14 388
15 388
16 388
17 388
18 388
19 388
20 388
21 388
22 388
23 388
24 388
25 388
26 388
27 388
28 388
29 388
30 388
31 388
32 388
33 388
34 388
35 388
36 388
37 388
38 388
39 388
40 388
41 388
42 388
43 388
44 388
45 388
46 388
49 388
50 388
51 388
52 388
53 388
54 388
55 388
56 388
57 388
58 388
59 388
60 388
61 388
62 388
63 388
64 388
65 388
66 388
67 388
68 388
69 388
70 388
71 388
72 388
73 388
74 388
75 388
76 388
77 388
78 388
79 388
80 388
81 388
82 388
83 388
84 388
85 388
86 388
87 388
88 388
89 388
90 388
91 388
92 388
93 388
94 388
95 388
96 388
97 388
98 388
99 388
100 388
101 388
102 388
103 388
104 388
105 388
106 388
107 388
108 388
109 388
110 388
111 388
112 388
113 388
114 388
115 388
116 388
117 388
118 388
119 388
120 388
121 388
122 388
123 388
124 388
125 388
126 388
127 388
128 388
129 388
130 388
131 388
132 388
133 388
134 388
135 388
136 388
137 388
138 388
139 388
140 388
141 388
142 388
143 388
144 388
145 388
146 388
147 388
148 388
149 388
150 388
151 388
152 388
153 388
154 388
155 388
156 388
157 388
158 388
159 388
160 388
161 388
162 388
168 388
169 388
170 388
171 388
172 388
173 388
174 388
175 388
176 388
177 388
178 388
179 388
180 388
181 388
182 388
183 388
184 388
185 388
186 388
187 388
190 388
191 388
192 388
193 388
194 388
195 388
196 388
197 388
198 388
199 388
200 388
201 388
202 388
203 388
204 388
205 388
206 388
207 388
208 388
209 388
210 388
211 388
212 388
213 388
214 388
215 388
221 388
222 388
223 388
224 388
225 388
226 388
227 388
228 388
229 388
230 388
231 388
232 388
233 388
234 388
235 388
236 388
237 388
238 388
239 388
240 388
241 388
242 388
243 388
244 388
245 388
246 388
247 388
248 388
249 388
252 388
253 388
254 388
255 388
256 388
257 388
258 388
259 388
260 388
261 388
262 388
263 388
264 388
265 388
266 388
267 388
268 388
270 388
271 388
272 388
273 388
274 388
275 388
276 388
277 388
278 388
279 388
280 388
281 388
282 388
283 388
284 388
285 388
286 388
304 388
305 388
306 388
307 388
308 388
309 388
310 388
311 388
312 388
313 388
314 388
315 388
316 388
321 388
322 388
323 388
324 388
325 388
343 388
344 388
345 388
346 388
349 388
350 388
351 388
352 388
353 388
354 388
355 388
356 388
357 388
358 388
359 388
360 388
361 388
362 388
363 388
364 388
365 388
366 388
367 388
368 388
369 388
385 388
386 388
387 388
1 389
2 389
3 389
4 389
5 389
6 389
7 389
8 389
9 389
10 389
11 389
12 389
13 389
14 389
15 389
16 389
17 389
18 389
19 389
20 389
21 389
22 389
23 389
24 389
25 389
26 389
27 389
28 389
29 389
30 389
31 389
32 389
33 389
34 389
35 389
36 389
37 389
38 389
39 389
40 389
41 389
42 389
43 389
44 389
45 389
46 389
49 389
50 389
51 389
52 389
53 389
54 389
55 389
56 389
57 389
58 389
59 389
60 389
61 389
62 389
63 389
64 389
65 389
66 389
67 389
68 389
69 389
70 389
71 389
72 389
73 389
74 389
75 389
76 389
77 389
78 389
79 389
80 389
81 389
82 389
83 389
84 389
85 389
86 389
87 389
88 389
89 389
90 389
91 389
92 389
93 389
94 389
95 389
96 389
97 389
98 389
99 389
100 389
101 389
102 389
103 389
104 389
105 389
106 389
107 389
108 389
109 389
110 389
111 389
112 389
113 389
114 389
115 389
116 389
117 389
118 389
119 389
120 389
121 389
122 389
123 389
124 389
125 389
126 389
127 389
128 389
129 389
130 389
131 389
132 389
133 389
134 389
135 389
136 389
137 389
138 389
139 389
140 389
141 389
142 389
143 389
144 389
145 389
146 389
147 389
148 389
149 389
150 389
151 389
152 389
153 389
154 389
155 389
156 389
157 389
158 389
159 389
160 389
161 389
162 389
168 389
169 389
170 389
171 389
172 389
173 389
174 389
175 389
176 389
177 389
178 389
179 389
180 389
181 389
182 389
183 389
184 389
185 389
186 389
187 389
190 389
191 389
192 389
193 389
194 389
195 389
196 389
197 389
198 389
199 389
200 389
201 389
202 389
203 389
204 389
205 389
206 389
207 389
208 389
209 389
210 389
211 389
212 389
213 389
214 389
215 389
221 389
222 389
223 389
224 389
225 389
226 389
227 389
228 389
229 389
230 389
231 389
232 389
233 389
234 389
235 389
236 389
237 389
238 389
239 389
240 389
241 389
242 389
243 389
244 389
245 389
246 389
247 389
248 389
249 389
252 389
253 389
254 389
255 389
256 389
257 389
258 389
259 389
260 389
261 389
262 389
263 389
264 389
265 389
266 389
267 389
268 389
270 389
271 389
272 389
273 389
274 389
275 389
276 389
277 389
278 389
279 389
280 389
281 389
282 389
283 389
284 389
285 389
286 389
304 389
305 389
306 389
307 389
308 389
309 389
310 389
311 389
312 389
313 389
314 389
315 389
316 389
321 389
322 389
323 389
324 389
325 389
343 389
344 389
345 389
346 389
349 389
350 389
351 389
352 389
353 389
354 389
355 389
356 389
357 389
358 389
359 389
360 389
361 389
362 389
363 389
364 389
365 389
366 389
367 389
368 389
369 389
385 389
386 389
387 389
388 389
1 390
2 390
3 390
4 390
5 390
6 390
7 390
8 390
9 390
10 390
11 390
12 390
13 390
14 390
15 390
16 390
17 390
18 390
19 390
20 390
21 390
22 390
23 390
24 390
25 390
26 390
27 390
28 390
29 390
30 390
31 390
32 390
33 390
34 390
35 390
36 390
37 390
38 390
39 390
40 390
41 390
42 390
43 390
44 390
45 390
46 390
49 390
50 390
51 390
52 390
53 390
54 390
55 390
56 390
57 390
58 390
59 390
60 390
61 390
62 390
63 390
64 390
65 390
66 390
67 390
68 390
69 390
70 390
71 390
72 390
73 390
74 390
75 390
76 390
77 390
78 390
79 390
80 390
81 390
82 390
83 390
84 390
85 390
86 390
87 390
88 390
89 390
90 390
91 390
92 390
93 390
94 390
95 390
96 390
97 390
98 390
99 390
100 390
101 390
102 390
103 390
104 390
105 390
106 390
107 390
108 390
109 390
110 390
111 390
112 390
113 390
114 390
115 390
116 390
117 390
118 390
119 390
120 390
121 390
122 390
123 390
124 390
125 390
126 390
127 390
128 390
129 390
130 390
131 390
132 390
133 390
134 390
135 390
136 390
137 390
138 390
139 390
140 390
141 390
142 390
143 390
144 390
145 390
146 390
147 390
148 390
149 390
150 390
151 390
152 390
153 390
154 390
155 390
156 390
157 390
158 390
159 390
160 390
161 390
162 390
168 390
169 390
170 390
171 390
172 390
173 390
174 390
175 390
176 390
177 390
178 390
179 390
180 390
181 390
182 390
183 390
184 390
185 390
186 390
187 390
190 390
191 390
192 390
193 390
194 390
195 390
196 390
197 390
198 390
199 390
200 390
201 390
202 390
203 390
204 390
205 390
206 390
207 390
208 390
209 390
210 390
211 390
212 390
213 390
214 390
215 390
221 390
222 390
223 390
224 390
225 390
226 390
227 390
228 390
229 390
230 390
231 390
232 390
233 390
234 390
235 390
236 390
237 390
238 390
239 390
240 390
241 390
242 390
243 390
244 390
245 390
246 390
247 390
248 390
249 390
252 390
253 390
254 390
255 390
256 390
257 390
258 390
259 390
260 390
261 390
262 390
263 390
264 390
265 390
266 390
267 390
268 390
270 390
271 390
272 390
273 390
274 390
275 390
276 390
277 390
278 390
279 390
280 390
281 390
282 390
283 390
284 390
285 390
286 390
304 390
305 390
306 390
307 390
308 390
309 390
310 390
311 390
312 390
313 390
314 390
315 390
316 390
321 390
322 390
323 390
324 390
325 390
343 390
344 390
345 390
346 390
349 390
350 390
351 390
352 390
353 390
354 390
355 390
356 390
357 390
358 390
359 390
360 390
361 390
362 390
363 390
364 390
365 390
366 390
367 390
368 390
369 390
385 390
386 390
387 390
388 390
389 390
1 391
2 391
3 391
4 391
5 391
6 391
7 391
8 391
9 391
10 391
11 391
12 391
13 391
14 391
15 391
16 391
17 391
18 391
19 391
20 391
21 391
22 391
23 391
24 391
25 391
26 391
27 391
28 391
29 391
30 391
31 391
32 391
33 391
34 391
35 391
36 391
37 391
38 391
39 391
40 391
41 391
42 391
43 391
44 391
45 391
46 391
49 391
50 391
51 391
52 391
53 391
54 391
55 391
56 391
57 391
58 391
59 391
60 391
61 391
62 391
63 391
64 391
65 391
66 391
67 391
68 391
69 391
70 391
71 391
72 391
73 391
74 391
75 391
76 391
77 391
78 391
79 391
80 391
81 391
82 391
83 391
84 391
85 391
86 391
87 391
88 391
89 391
90 391
91 391
92 391
93 391
94 391
95 391
96 391
97 391
98 391
99 391
100 391
101 391
102 391
103 391
104 391
105 391
106 391
107 391
108 391
109 391
110 391
111 391
112 391
113 391
114 391
115 391
116 391
117 391
118 391
119 391
120 391
121 391
122 391
123 391
124 391
125 391
126 391
127 391
128 391
129 391
130 391
131 391
132 391
133 391
134 391
135 391
136 391
137 391
138 391
139 391
140 391
141 391
142 391
143 391
144 391
145 391
146 391
147 391
148 391
149 391
150 391
151 391
152 391
153 391
154 391
155 391
156 391
157 391
158 391
159 391
160 391
161 391
162 391
168 391
169 391
170 391
171 391
172 391
173 391
174 391
175 391
176 391
177 391
178 391
179 391
180 391
181 391
182 391
183 391
184 391
185 391
186 391
187 391
190 391
191 391
192 391
193 391
194 391
195 391
196 391
197 391
198 391
199 391
200 391
201 391
202 391
203 391
204 391
205 391
206 391
207 391
208 391
209 391
210 391
211 391
212 391
213 391
214 391
215 391
221 391
222 391
223 391
224 391
225 391
226 391
227 391
228 391
229 391
230 391
231 391
232 391
233 391
234 391
235 391
236 391
237 391
238 391
239 391
240 391
241 391
242 391
243 391
244 391
245 391
246 391
247 391
248 391
249 391
252 391
253 391
254 391
255 391
256 391
257 391
258 391
259 391
260 391
261 391
262 391
263 391
264 391
265 391
266 391
267 391
268 391
270 391
271 391
272 391
273 391
274 391
275 391
276 391
277 391
278 391
279 391
280 391
281 391
282 391
283 391
284 391
285 391
286 391
304 391
305 391
306 391
307 391
308 391
309 391
310 391
311 391
312 391
313 391
314 391
315 391
316 391
321 391
322 391
323 391
324 391
325 391
343 391
344 391
345 391
346 391
349 391
350 391
351 391
352 391
353 391
354 391
355 391
356 391
357 391
358 391
359 391
360 391
361 391
362 391
363 391
364 391
365 391
366 391
367 391
368 391
369 391
385 391
386 391
387 391
388 391
389 391
390 391
1 392
2 392
3 392
4 392
5 392
6 392
7 392
8 392
9 392
10 392
11 392
12 392
13 392
14 392
15 392
16 392
17 392
18 392
19 392
20 392
21 392
22 392
23 392
24 392
25 392
26 392
27 392
28 392
29 392
30 392
31 392
32 392
33 392
34 392
35 392
36 392
37 392
38 392
39 392
40 392
41 392
42 392
43 392
44 392
45 392
46 392
49 392
50 392
51 392
52 392
53 392
54 392
55 392
56 392
57 392
58 392
59 392
60 392
61 392
62 392
63 392
64 392
65 392
66 392
67 392
68 392
69 392
70 392
71 392
72 392
73 392
74 392
75 392
76 392
77 392
78 392
79 392
80 392
81 392
82 392
83 392
84 392
85 392
86 392
87 392
88 392
89 392
90 392
91 392
92 392
93 392
94 392
95 392
96 392
97 392
98 392
99 392
100 392
101 392
102 392
103 392
104 392
105 392
106 392
107 392
108 392
109 392
110 392
111 392
112 392
113 392
114 392
115 392
116 392
117 392
118 392
119 392
120 392
121 392
122 392
123 392
124 392
125 392
126 392
127 392
128 392
129 392
130 392
131 392
132 392
133 392
134 392
135 392
136 392
137 392
138 392
139 392
140 392
141 392
142 392
143 392
144 392
145 392
146 392
147 392
148 392
149 392
150 392
151 392
152 392
153 392
154 392
155 392
156 392
157 392
158 392
159 392
160 392
161 392
162 392
168 392
169 392
170 392
171 392
172 392
173 392
174 392
175 392
176 392
177 392
178 392
179 392
180 392
181 392
182 392
183 392
184 392
185 392
186 392
187 392
190 392
191 392
192 392
193 392
194 392
195 392
196 392
197 392
198 392
199 392
200 392
201 392
202 392
203 392
204 392
205 392
206 392
207 392
208 392
209 392
210 392
211 392
212 392
213 392
214 392
215 392
221 392
222 392
223 392
224 392
225 392
226 392
227 392
228 392
229 392
230 392
231 392
232 392
233 392
234 392
235 392
236 392
237 392
238 392
239 392
240 392
241 392
242 392
243 392
244 392
245 392
246 392
247 392
248 392
249 392
252 392
253 392
254 392
255 392
256 392
257 392
258 392
259 392
260 392
261 392
262 392
263 392
264 392
265 392
266 392
267 392
268 392
270 392
271 392
272 392
273 392
274 392
275 392
276 392
277 392
278 392
279 392
280 392
281 392
282 392
283 392
284 392
285 392
286 392
304 392
305 392
306 392
307 392
308 392
309 392
310 392
311 392
312 392
313 392
314 392
315 392
316 392
321 392
322 392
323 392
324 392
325 392
343 392
344 392
345 392
346 392
349 392
350 392
351 392
352 392
353 392
354 392
355 392
356 392
357 392
358 392
359 392
360 392
361 392
362 392
363 392
364 392
365 392
366 392
367 392
368 392
369 392
385 392
386 392
387 392
388 392
389 392
390 392
391 392
1 393
2 393
3 393
4 393
5 393
6 393
7 393
8 393
9 393
10 393
11 393
12 393
13 393
14 393
15 393
16 393
17 393
18 393
19 393
20 393
21 393
22 393
23 393
24 393
25 393
26 393
27 393
28 393
29 393
30 393
31 393
32 393
33 393
34 393
35 393
36 393
37 393
38 393
39 393
40 393
41 393
42 393
43 393
44 393
45 393
46 393
49 393
50 393
51 393
52 393
53 393
54 393
55 393
56 393
57 393
58 393
59 393
60 393
61 393
62 393
63 393
64 393
65 393
66 393
67 393
68 393
69 393
70 393
71 393
72 393
73 393
74 393
75 393
76 393
77 393
78 393
79 393
80 393
81 393
82 393
83 393
84 393
85 393
86 393
87 393
88 393
89 393
90 393
91 393
92 393
93 393
94 393
95 393
96 393
97 393
98 393
99 393
100 393
101 393
102 393
103 393
104 393
105 393
106 393
107 393
108 393
109 393
110 393
111 393
112 393
113 393
114 393
115 393
116 393
117 393
118 393
119 393
120 393
121 393
122 393
123 393
124 393
125 393
126 393
127 393
128 393
129 393
130 393
131 393
132 393
133 393
134 393
135 393
136 393
137 393
138 393
139 393
140 393
141 393
142 393
143 393
144 393
145 393
146 393
147 393
148 393
149 393
150 393
151 393
152 393
153 393
154 393
155 393
156 393
157 393
158 393
159 393
160 393
161 393
162 393
168 393
169 393
170 393
171 393
172 393
173 393
174 393
175 393
176 393
177 393
178 393
179 393
180 393
181 393
182 393
183 393
184 393
185 393
186 393
187 393
190 393
191 393
192 393
193 393
194 393
195 393
196 393
197 393
198 393
199 393
200 393
201 393
202 393
203 393
204 393
205 393
206 393
207 393
208 393
209 393
210 393
211 393
212 393
213 393
214 393
215 393
221 393
222 393
223 393
224 393
225 393
226 393
227 393
228 393
229 393
230 393
231 393
232 393
233 393
234 393
235 393
236 393
237 393
238 393
239 393
240 393
241 393
242 393
243 393
244 393
245 393
246 393
247 393
248 393
249 393
252 393
253 393
254 393
255 393
256 393
257 393
258 393
259 393
260 393
261 393
262 393
263 393
264 393
265 393
266 393
267 393
268 393
270 393
271 393
272 393
273 393
274 393
275 393
276 393
277 393
278 393
279 393
280 393
281 393
282 393
283 393
284 393
285 393
286 393
304 393
305 393
306 393
307 393
308 393
309 393
310 393
311 393
312 393
313 393
314 393
315 393
316 393
321 393
322 393
323 393
324 393
325 393
343 393
344 393
345 393
346 393
349 393
350 393
351 393
352 393
353 393
354 393
355 393
356 393
357 393
358 393
359 393
360 393
361 393
362 393
363 393
364 393
365 393
366 393
367 393
368 393
369 393
385 393
386 393
387 393
388 393
389 393
390 393
391 393
392 393
310 394
1 395
2 395
3 395
4 395
5 395
6 395
7 395
8 395
9 395
10 395
11 395
12 395
13 395
14 395
15 395
16 395
17 395
18 395
19 395
20 395
21 395
22 395
23 395
24 395
25 395
26 395
27 395
28 395
29 395
30 395
31 395
32 395
33 395
34 395
35 395
36 395
37 395
38 395
39 395
40 395
41 395
42 395
43 395
44 395
45 395
46 395
49 395
50 395
51 395
52 395
53 395
54 395
55 395
56 395
57 395
58 395
59 395
60 395
61 395
62 395
63 395
64 395
65 395
66 395
67 395
68 395
69 395
70 395
71 395
72 395
73 395
74 395
75 395
76 395
77 395
78 395
79 395
80 395
81 395
82 395
83 395
84 395
85 395
86 395
87 395
88 395
89 395
90 395
91 395
92 395
93 395
94 395
95 395
96 395
97 395
98 395
99 395
100 395
101 395
102 395
103 395
104 395
105 395
106 395
107 395
108 395
109 395
110 395
111 395
112 395
113 395
114 395
115 395
116 395
117 395
118 395
119 395
120 395
121 395
122 395
123 395
124 395
125 395
126 395
127 395
128 395
129 395
130 395
131 395
132 395
133 395
134 395
135 395
136 395
137 395
138 395
139 395
140 395
141 395
142 395
143 395
144 395
145 395
146 395
147 395
148 395
149 395
150 395
151 395
152 395
153 395
154 395
155 395
156 395
157 395
158 395
159 395
160 395
161 395
162 395
168 395
169 395
170 395
171 395
172 395
173 395
174 395
175 395
176 395
177 395
178 395
179 395
180 395
181 395
182 395
183 395
184 395
185 395
186 395
187 395
190 395
191 395
192 395
193 395
194 395
195 395
196 395
197 395
198 395
199 395
200 395
201 395
202 395
203 395
204 395
205 395
206 395
207 395
208 395
209 395
210 395
211 395
212 395
213 395
214 395
215 395
221 395
222 395
223 395
224 395
225 395
226 395
227 395
228 395
229 395
230 395
231 395
232 395
233 395
234 395
235 395
236 395
237 395
238 395
239 395
240 395
241 395
242 395
243 395
244 395
245 395
246 395
247 395
248 395
249 395
252 395
253 395
254 395
255 395
256 395
257 395
258 395
259 395
260 395
261 395
262 395
263 395
264 395
265 395
266 395
267 395
268 395
270 395
271 395
272 395
273 395
274 395
275 395
276 395
277 395
278 395
279 395
280 395
281 395
282 395
283 395
284 395
285 395
286 395
304 395
305 395
306 395
307 395
308 395
309 395
310 395
311 395
312 395
313 395
314 395
315 395
316 395
321 395
322 395
323 395
324 395
325 395
343 395
344 395
345 395
346 395
349 395
350 395
351 395
352 395
353 395
354 395
355 395
356 395
357 395
358 395
359 395
360 395
361 395
362 395
363 395
364 395
365 395
366 395
367 395
368 395
369 395
385 395
386 395
387 395
388 395
389 395
390 395
391 395
392 395
393 395
1 396
2 396
3 396
4 396
5 396
6 396
7 396
8 396
9 396
10 396
11 396
12 396
13 396
14 396
15 396
16 396
17 396
18 396
19 396
20 396
21 396
22 396
23 396
24 396
25 396
26 396
27 396
28 396
29 396
30 396
31 396
32 396
33 396
34 396
35 396
36 396
37 396
38 396
39 396
40 396
41 396
42 396
43 396
44 396
45 396
46 396
49 396
50 396
51 396
52 396
53 396
54 396
55 396
56 396
57 396
58 396
59 396
60 396
61 396
62 396
63 396
64 396
65 396
66 396
67 396
68 396
69 396
70 396
71 396
72 396
73 396
74 396
75 396
76 396
77 396
78 396
79 396
80 396
81 396
82 396
83 396
84 396
85 396
86 396
87 396
88 396
89 396
90 396
91 396
92 396
93 396
94 396
95 396
96 396
97 396
98 396
99 396
100 396
101 396
102 396
103 396
104 396
105 396
106 396
107 396
108 396
109 396
110 396
111 396
112 396
113 396
114 396
115 396
116 396
117 396
118 396
119 396
120 396
121 396
122 396
123 396
124 396
125 396
126 396
127 396
128 396
129 396
130 396
131 396
132 396
133 396
134 396
135 396
136 396
137 396
138 396
139 396
140 396
141 396
142 396
143 396
144 396
145 396
146 396
147 396
148 396
149 396
150 396
151 396
152 396
153 396
154 396
155 396
156 396
157 396
158 396
159 396
160 396
161 396
162 396
168 396
169 396
170 396
171 396
172 396
173 396
174 396
175 396
176 396
177 396
178 396
179 396
180 396
181 396
182 396
183 396
184 396
185 396
186 396
187 396
190 396
191 396
192 396
193 396
194 396
195 396
196 396
197 396
198 396
199 396
200 396
201 396
202 396
203 396
204 396
205 396
206 396
207 396
208 396
209 396
210 396
211 396
212 396
213 396
214 396
215 396
221 396
222 396
223 396
224 396
225 396
226 396
227 396
228 396
229 396
230 396
231 396
232 396
233 396
234 396
235 396
236 396
237 396
238 396
239 396
240 396
241 396
242 396
243 396
244 396
245 396
246 396
247 396
248 396
249 396
252 396
253 396
254 396
255 396
256 396
257 396
258 396
259 396
260 396
261 396
262 396
263 396
264 396
265 396
266 396
267 396
268 396
270 396
271 396
272 396
273 396
274 396
275 396
276 396
277 396
278 396
279 396
280 396
281 396
282 396
283 396
284 396
285 396
286 396
304 396
305 396
306 396
307 396
308 396
309 396
310 396
311 396
312 396
313 396
314 396
315 396
316 396
321 396
322 396
323 396
324 396
325 396
343 396
344 396
345 396
346 396
349 396
350 396
351 396
352 396
353 396
354 396
355 396
356 396
357 396
358 396
359 396
360 396
361 396
362 396
363 396
364 396
365 396
366 396
367 396
368 396
369 396
385 396
386 396
387 396
388 396
389 396
390 396
391 396
392 396
393 396
395 396
1 397
2 397
3 397
4 397
5 397
6 397
7 397
8 397
9 397
10 397
11 397
12 397
13 397
14 397
15 397
16 397
17 397
18 397
19 397
20 397
21 397
22 397
23 397
24 397
25 397
26 397
27 397
28 397
29 397
30 397
31 397
32 397
33 397
34 397
35 397
36 397
37 397
38 397
39 397
40 397
41 397
42 397
43 397
44 397
45 397
46 397
49 397
50 397
51 397
52 397
53 397
54 397
55 397
56 397
57 397
58 397
59 397
60 397
61 397
62 397
63 397
64 397
65 397
66 397
67 397
68 397
69 397
70 397
71 397
72 397
73 397
74 397
75 397
76 397
77 397
78 397
79 397
80 397
81 397
82 397
83 397
84 397
85 397
86 397
87 397
88 397
89 397
90 397
91 397
92 397
93 397
94 397
95 397
96 397
97 397
98 397
99 397
100 397
101 397
102 397
103 397
104 397
105 397
106 397
107 397
108 397
109 397
110 397
111 397
112 397
113 397
114 397
115 397
116 397
117 397
118 397
119 397
120 397
121 397
122 397
123 397
124 397
125 397
126 397
127 397
128 397
129 397
130 397
131 397
132 397
133 397
134 397
135 397
136 397
137 397
138 397
139 397
140 397
141 397
142 397
143 397
144 397
145 397
146 397
147 397
148 397
149 397
150 397
151 397
152 397
153 397
154 397
155 397
156 397
157 397
158 397
159 397
160 397
161 397
162 397
168 397
169 397
170 397
171 397
172 397
173 397
174 397
175 397
176 397
177 397
178 397
179 397
180 397
181 397
182 397
183 397
184 397
185 397
186 397
187 397
190 397
191 397
192 397
193 397
194 397
195 397
196 397
197 397
198 397
199 397
200 397
201 397
202 397
203 397
204 397
205 397
206 397
207 397
208 397
209 397
210 397
211 397
212 397
213 397
214 397
215 397
221 397
222 397
223 397
224 397
225 397
226 397
227 397
228 397
229 397
230 397
231 397
232 397
233 397
234 397
235 397
236 397
237 397
238 397
239 397
240 397
241 397
242 397
243 397
244 397
245 397
246 397
247 397
248 397
249 397
252 397
253 397
254 397
255 397
256 397
257 397
258 397
259 397
260 397
261 397
262 397
263 397
264 397
265 397
266 397
267 397
268 397
270 397
271 397
272 397
273 397
274 397
275 397
276 397
277 397
278 397
279 397
280 397
281 397
282 397
283 397
284 397
285 397
286 397
304 397
305 397
306 397
307 397
308 397
309 397
310 397
311 397
312 397
313 397
314 397
315 397
316 397
321 397
322 397
323 397
324 397
325 397
343 397
344 397
345 397
346 397
349 397
350 397
351 397
352 397
353 397
354 397
355 397
356 397
357 397
358 397
359 397
360 397
361 397
362 397
363 397
364 397
365 397
366 397
367 397
368 397
369 397
385 397
386 397
387 397
388 397
389 397
390 397
391 397
392 397
393 397
395 397
396 397
1 398
2 398
3 398
4 398
5 398
6 398
7 398
8 398
9 398
10 398
11 398
12 398
13 398
14 398
15 398
16 398
17 398
18 398
19 398
20 398
21 398
22 398
23 398
24 398
25 398
26 398
27 398
28 398
29 398
30 398
31 398
32 398
33 398
34 398
35 398
36 398
37 398
38 398
39 398
40 398
41 398
42 398
43 398
44 398
45 398
46 398
49 398
50 398
51 398
52 398
53 398
54 398
55 398
56 398
57 398
58 398
59 398
60 398
61 398
62 398
63 398
64 398
65 398
66 398
67 398
68 398
69 398
70 398
71 398
72 398
73 398
74 398
75 398
76 398
77 398
78 398
79 398
80 398
81 398
82 398
83 398
84 398
85 398
86 398
87 398
88 398
89 398
90 398
91 398
92 398
93 398
94 398
95 398
96 398
97 398
98 398
99 398
100 398
101 398
102 398
103 398
104 398
105 398
106 398
107 398
108 398
109 398
110 398
111 398
112 398
113 398
114 398
115 398
116 398
117 398
118 398
119 398
120 398
121 398
122 398
123 398
124 398
125 398
126 398
127 398
128 398
129 398
130 398
131 398
132 398
133 398
134 398
135 398
136 398
137 398
138 398
139 398
140 398
141 398
142 398
143 398
144 398
145 398
146 398
147 398
148 398
149 398
150 398
151 398
152 398
153 398
154 398
155 398
156 398
157 398
158 398
159 398
160 398
161 398
162 398
168 398
169 398
170 398
171 398
172 398
173 398
174 398
175 398
176 398
177 398
178 398
179 398
180 398
181 398
182 398
183 398
184 398
185 398
186 398
187 398
190 398
191 398
192 398
193 398
194 398
195 398
196 398
197 398
198 398
199 398
200 398
201 398
202 398
203 398
204 398
205 398
206 398
207 398
208 398
209 398
210 398
211 398
212 398
213 398
214 398
215 398
221 398
222 398
223 398
224 398
225 398
226 398
227 398
228 398
229 398
230 398
231 398
232 398
233 398
234 398
235 398
236 398
237 398
238 398
239 398
240 398
241 398
242 398
243 398
244 398
245 398
246 398
247 398
248 398
249 398
252 398
253 398
254 398
255 398
256 398
257 398
258 398
259 398
260 398
261 398
262 398
263 398
264 398
265 398
266 398
267 398
268 398
270 398
271 398
272 398
273 398
274 398
275 398
276 398
277 398
278 398
279 398
280 398
281 398
282 398
283 398
284 398
285 398
286 398
304 398
305 398
306 398
307 398
308 398
309 398
310 398
311 398
312 398
313 398
314 398
315 398
316 398
321 398
322 398
323 398
324 398
325 398
343 398
344 398
345 398
346 398
349 398
350 398
351 398
352 398
353 398
354 398
355 398
356 398
357 398
358 398
359 398
360 398
361 398
362 398
363 398
364 398
365 398
366 398
367 398
368 398
369 398
385 398
386 398
387 398
388 398
389 398
390 398
391 398
392 398
393 398
395 398
396 398
397 398
1 399
2 399
3 399
4 399
5 399
6 399
7 399
8 399
9 399
10 399
11 399
12 399
13 399
14 399
15 399
16 399
17 399
18 399
19 399
20 399
21 399
22 399
23 399
24 399
25 399
26 399
27 399
28 399
29 399
30 399
31 399
32 399
33 399
34 399
35 399
36 399
37 399
38 399
39 399
40 399
41 399
42 399
43 399
44 399
45 399
46 399
49 399
50 399
51 399
52 399
53 399
54 399
55 399
56 399
57 399
58 399
59 399
60 399
61 399
62 399
63 399
64 399
65 399
66 399
67 399
68 399
69 399
70 399
71 399
72 399
73 399
74 399
75 399
76 399
77 399
78 399
79 399
80 399
81 399
82 399
83 399
84 399
85 399
86 399
87 399
88 399
89 399
90 399
91 399
92 399
93 399
94 399
95 399
96 399
97 399
98 399
99 399
100 399
101 399
102 399
103 399
104 399
105 399
106 399
107 399
108 399
109 399
110 399
111 399
112 399
113 399
114 399
115 399
116 399
117 399
118 399
119 399
120 399
121 399
122 399
123 399
124 399
125 399
126 399
127 399
128 399
129 399
130 399
131 399
132 399
133 399
134 399
135 399
136 399
137 399
138 399
139 399
140 399
141 399
142 399
143 399
144 399
145 399
146 399
147 399
148 399
149 399
150 399
151 399
152 399
153 399
154 399
155 399
156 399
157 399
158 399
159 399
160 399
161 399
162 399
168 399
169 399
170 399
171 399
172 399
173 399
174 399
175 399
176 399
177 399
178 399
179 399
180 399
181 399
182 399
183 399
184 399
185 399
186 399
187 399
190 399
191 399
192 399
193 399
194 399
195 399
196 399
197 399
198 399
199 399
200 399
201 399
202 399
203 399
204 399
205 399
206 399
207 399
208 399
209 399
210 399
211 399
212 399
213 399
214 399
215 399
221 399
222 399
223 399
224 399
225 399
226 399
227 399
228 399
229 399
230 399
231 399
232 399
233 399
234 399
235 399
236 399
237 399
238 399
239 399
240 399
241 399
242 399
243 399
244 399
245 399
246 399
247 399
248 399
249 399
252 399
253 399
254 399
255 399
256 399
257 399
258 399
259 399
260 399
261 399
262 399
263 399
264 399
265 399
266 399
267 399
268 399
270 399
271 399
272 399
273 399
274 399
275 399
276 399
277 399
278 399
279 399
280 399
281 399
282 399
283 399
284 399
285 399
286 399
304 399
305 399
306 399
307 399
308 399
309 399
310 399
311 399
312 399
313 399
314 399
315 399
316 399
321 399
322 399
323 399
324 399
325 399
343 399
344 399
345 399
346 399
349 399
350 399
351 399
352 399
353 399
354 399
355 399
356 399
357 399
358 399
359 399
360 399
361 399
362 399
363 399
364 399
365 399
366 399
367 399
368 399
369 399
385 399
386 399
387 399
388 399
389 399
390 399
391 399
392 399
393 399
395 399
396 399
397 399
398 399
1 400
2 400
3 400
4 400
5 400
6 400
7 400
8 400
9 400
10 400
11 400
12 400
13 400
14 400
15 400
16 400
17 400
18 400
19 400
20 400
21 400
22 400
23 400
24 400
25 400
26 400
27 400
28 400
29 400
30 400
31 400
32 400
33 400
34 400
35 400
36 400
37 400
38 400
39 400
40 400
41 400
42 400
43 400
44 400
45 400
46 400
49 400
50 400
51 400
52 400
53 400
54 400
55 400
56 400
57 400
58 400
59 400
60 400
61 400
62 400
63 400
64 400
65 400
66 400
67 400
68 400
69 400
70 400
71 400
72 400
73 400
74 400
75 400
76 400
77 400
78 400
79 400
80 400
81 400
82 400
83 400
84 400
85 400
86 400
87 400
88 400
89 400
90 400
91 400
92 400
93 400
94 400
95 400
96 400
97 400
98 400
99 400
100 400
101 400
102 400
103 400
104 400
105 400
106 400
107 400
108 400
109 400
110 400
111 400
112 400
113 400
114 400
115 400
116 400
117 400
118 400
119 400
120 400
121 400
122 400
123 400
124 400
125 400
126 400
127 400
128 400
129 400
130 400
131 400
132 400
133 400
134 400
135 400
136 400
137 400
138 400
139 400
140 400
141 400
142 400
143 400
144 400
145 400
146 400
147 400
148 400
149 400
150 400
151 400
152 400
153 400
154 400
155 400
156 400
157 400
158 400
159 400
160 400
161 400
162 400
168 400
169 400
170 400
171 400
172 400
173 400
174 400
175 400
176 400
177 400
178 400
179 400
180 400
181 400
182 400
183 400
184 400
185 400
186 400
187 400
190 400
191 400
192 400
193 400
194 400
195 400
196 400
197 400
198 400
199 400
200 400
201 400
202 400
203 400
204 400
205 400
206 400
207 400
208 400
209 400
210 400
211 400
212 400
213 400
214 400
215 400
221 400
222 400
223 400
224 400
225 400
226 400
227 400
228 400
229 400
230 400
231 400
232 400
233 400
234 400
235 400
236 400
237 400
238 400
239 400
240 400
241 400
242 400
243 400
244 400
245 400
246 400
247 400
248 400
249 400
252 400
253 400
254 400
255 400
256 400
257 400
258 400
259 400
260 400
261 400
262 400
263 400
264 400
265 400
266 400
267 400
268 400
270 400
271 400
272 400
273 400
274 400
275 400
276 400
277 400
278 400
279 400
280 400
281 400
282 400
283 400
284 400
285 400
286 400
304 400
305 400
306 400
307 400
308 400
309 400
310 400
311 400
312 400
313 400
314 400
315 400
316 400
321 400
322 400
323 400
324 400
325 400
343 400
344 400
345 400
346 400
349 400
350 400
351 400
352 400
353 400
354 400
355 400
356 400
357 400
358 400
359 400
360 400
361 400
362 400
363 400
364 400
365 400
366 400
367 400
368 400
369 400
385 400
386 400
387 400
388 400
389 400
390 400
391 400
392 400
393 400
395 400
396 400
397 400
398 400
399 400
1 401
2 401
3 401
4 401
5 401
6 401
7 401
8 401
9 401
10 401
11 401
12 401
13 401
14 401
15 401
16 401
17 401
18 401
19 401
20 401
21 401
22 401
23 401
24 401
25 401
26 401
27 401
28 401
29 401
30 401
31 401
32 401
33 401
34 401
35 401
36 401
37 401
38 401
39 401
40 401
41 401
42 401
43 401
44 401
45 401
46 401
49 401
50 401
51 401
52 401
53 401
54 401
55 401
56 401
57 401
58 401
59 401
60 401
61 401
62 401
63 401
64 401
65 401
66 401
67 401
68 401
69 401
70 401
71 401
72 401
73 401
74 401
75 401
76 401
77 401
78 401
79 401
80 401
81 401
82 401
83 401
84 401
85 401
86 401
87 401
88 401
89 401
90 401
91 401
92 401
93 401
94 401
95 401
96 401
97 401
98 401
99 401
100 401
101 401
102 401
103 401
104 401
105 401
106 401
107 401
108 401
109 401
110 401
111 401
112 401
113 401
114 401
115 401
116 401
117 401
118 401
119 401
120 401
121 401
122 401
123 401
124 401
125 401
126 401
127 401
128 401
129 401
130 401
131 401
132 401
133 401
134 401
135 401
136 401
137 401
138 401
139 401
140 401
141 401
142 401
143 401
144 401
145 401
146 401
147 401
148 401
149 401
150 401
151 401
152 401
153 401
154 401
155 401
156 401
157 401
158 401
159 401
160 401
161 401
162 401
168 401
169 401
170 401
171 401
172 401
173 401
174 401
175 401
176 401
177 401
178 401
179 401
180 401
181 401
182 401
183 401
184 401
185 401
186 401
187 401
190 401
191 401
192 401
193 401
194 401
195 401
196 401
197 401
198 401
199 401
200 401
201 401
202 401
203 401
204 401
205 401
206 401
207 401
208 401
209 401
210 401
211 401
212 401
213 401
214 401
215 401
221 401
222 401
223 401
224 401
225 401
226 401
227 401
228 401
229 401
230 401
231 401
232 401
233 401
234 401
235 401
236 401
237 401
238 401
239 401
240 401
241 401
242 401
243 401
244 401
245 401
246 401
247 401
248 401
249 401
252 401
253 401
254 401
255 401
256 401
257 401
258 401
259 401
260 401
261 401
262 401
263 401
264 401
265 401
266 401
267 401
268 401
270 401
271 401
272 401
273 401
274 401
275 401
276 401
277 401
278 401
279 401
280 401
281 401
282 401
283 401
284 401
285 401
286 401
304 401
305 401
306 401
307 401
308 401
309 401
310 401
311 401
312 401
313 401
314 401
315 401
316 401
321 401
322 401
323 401
324 401
325 401
343 401
344 401
345 401
346 401
349 401
350 401
351 401
352 401
353 401
354 401
355 401
356 401
357 401
358 401
359 401
360 401
361 401
362 401
363 401
364 401
365 401
366 401
367 401
368 401
369 401
385 401
386 401
387 401
388 401
389 401
390 401
391 401
392 401
393 401
395 401
396 401
397 401
398 401
399 401
400 401
52 402
52 403
402 403
52 404
402 404
403 404
52 405
402 405
403 405
404 405
52 406
402 406
403 406
404 406
405 406
1 407
2 407
3 407
4 407
5 407
6 407
7 407
8 407
9 407
10 407
11 407
12 407
13 407
14 407
15 407
16 407
17 407
18 407
19 407
20 407
21 407
22 407
23 407
24 407
25 407
26 407
27 407
28 407
29 407
30 407
31 407
32 407
33 407
34 407
35 407
36 407
37 407
38 407
39 407
40 407
41 407
42 407
43 407
44 407
45 407
46 407
49 407
50 407
51 407
52 407
53 407
54 407
55 407
56 407
57 407
58 407
59 407
60 407
61 407
62 407
63 407
64 407
65 407
66 407
67 407
68 407
69 407
70 407
71 407
72 407
73 407
74 407
75 407
76 407
77 407
78 407
79 407
80 407
81 407
82 407
83 407
84 407
85 407
86 407
87 407
88 407
89 407
90 407
91 407
92 407
93 407
94 407
95 407
96 407
97 407
98 407
99 407
100 407
101 407
102 407
103 407
104 407
105 407
106 407
107 407
108 407
109 407
110 407
111 407
112 407
113 407
114 407
115 407
116 407
117 407
118 407
119 407
120 407
121 407
122 407
123 407
124 407
125 407
126 407
127 407
128 407
129 407
130 407
131 407
132 407
133 407
134 407
135 407
136 407
137 407
138 407
139 407
140 407
141 407
142 407
143 407
144 407
145 407
146 407
147 407
148 407
149 407
150 407
151 407
152 407
153 407
154 407
155 407
156 407
157 407
158 407
159 407
160 407
161 407
162 407
168 407
169 407
170 407
171 407
172 407
173 407
174 407
175 407
176 407
177 407
178 407
179 407
180 407
181 407
182 407
183 407
184 407
185 407
186 407
187 407
190 407
191 407
192 407
193 407
194 407
195 407
196 407
197 407
198 407
199 407
200 407
201 407
202 407
203 407
204 407
205 407
206 407
207 407
208 407
209 407
210 407
211 407
212 407
213 407
214 407
215 407
221 407
222 407
223 407
224 407
225 407
226 407
227 407
228 407
229 407
230 407
231 407
232 407
233 407
234 407
235 407
236 407
237 407
238 407
239 407
240 407
241 407
242 407
243 407
244 407
245 407
246 407
247 407
248 407
249 407
252 407
253 407
254 407
255 407
256 407
257 407
258 407
259 407
260 407
261 407
262 407
263 407
264 407
265 407
266 407
267 407
268 407
270 407
271 407
272 407
273 407
274 407
275 407
276 407
277 407
278 407
279 407
280 407
281 407
282 407
283 407
284 407
285 407
286 407
304 407
305 407
306 407
307 407
308 407
309 407
310 407
311 407
312 407
313 407
314 407
315 407
316 407
321 407
322 407
323 407
324 407
325 407
343 407
344 407
345 407
346 407
349 407
350 407
351 407
352 407
353 407
354 407
355 407
356 407
357 407
358 407
359 407
360 407
361 407
362 407
363 407
364 407
365 407
366 407
367 407
368 407
369 407
385 407
386 407
387 407
388 407
389 407
390 407
391 407
392 407
393 407
395 407
396 407
397 407
398 407
399 407
400 407
401 407
1 408
2 408
3 408
4 408
5 408
6 408
7 408
8 408
9 408
10 408
11 408
12 408
13 408
14 408
15 408
16 408
17 408
18 408
19 408
20 408
21 408
22 408
23 408
24 408
25 408
26 408
27 408
28 408
29 408
30 408
31 408
32 408
33 408
34 408
35 408
36 408
37 408
38 408
39 408
40 408
41 408
42 408
43 408
44 408
45 408
46 408
49 408
50 408
51 408
52 408
53 408
54 408
55 408
56 408
57 408
58 408
59 408
60 408
61 408
62 408
63 408
64 408
65 408
66 408
67 408
68 408
69 408
70 408
71 408
72 408
73 408
74 408
75 408
76 408
77 408
78 408
79 408
80 408
81 408
82 408
83 408
84 408
85 408
86 408
87 408
88 408
89 408
90 408
91 408
92 408
93 408
94 408
95 408
96 408
97 408
98 408
99 408
100 408
101 408
102 408
103 408
104 408
105 408
106 408
107 408
108 408
109 408
110 408
111 408
112 408
113 408
114 408
115 408
116 408
117 408
118 408
119 408
120 408
121 408
122 408
123 408
124 408
125 408
126 408
127 408
128 408
129 408
130 408
131 408
132 408
133 408
134 408
135 408
136 408
137 408
138 408
139 408
140 408
141 408
142 408
143 408
144 408
145 408
146 408
147 408
148 408
149 408
150 408
151 408
152 408
153 408
154 408
155 408
156 408
157 408
158 408
159 408
160 408
161 408
162 408
168 408
169 408
170 408
171 408
172 408
173 408
174 408
175 408
176 408
177 408
178 408
179 408
180 408
181 408
182 408
183 408
184 408
185 408
186 408
187 408
190 408
191 408
192 408
193 408
194 408
195 408
196 408
197 408
198 408
199 408
200 408
201 408
202 408
203 408
204 408
205 408
206 408
207 408
208 408
209 408
210 408
211 408
212 408
213 408
214 408
215 408
221 408
222 408
223 408
224 408
225 408
226 408
227 408
228 408
229 408
230 408
231 408
232 408
233 408
234 408
235 408
236 408
237 408
238 408
239 408
240 408
241 408
242 408
243 408
244 408
245 408
246 408
247 408
248 408
249 408
252 408
253 408
254 408
255 408
256 408
257 408
258 408
259 408
260 408
261 408
262 408
263 408
264 408
265 408
266 408
267 408
268 408
270 408
271 408
272 408
273 408
274 408
275 408
276 408
277 408
278 408
279 408
280 408
281 408
282 408
283 408
284 408
285 408
286 408
304 408
305 408
306 408
307 408
308 408
309 408
310 408
311 408
312 408
313 408
314 408
315 408
316 408
321 408
322 408
323 408
324 408
325 408
343 408
344 408
345 408
346 408
349 408
350 408
351 408
352 408
353 408
354 408
355 408
356 408
357 408
358 408
359 408
360 408
361 408
362 408
363 408
364 408
365 408
366 408
367 408
368 408
369 408
385 408
386 408
387 408
388 408
389 408
390 408
391 408
392 408
393 408
395 408
396 408
397 408
398 408
399 408
400 408
401 408
407 408
1 409
2 409
3 409
4 409
5 409
6 409
7 409
8 409
9 409
10 409
11 409
12 409
13 409
14 409
15 409
16 409
17 409
18 409
19 409
20 409
21 409
22 409
23 409
24 409
25 409
26 409
27 409
28 409
29 409
30 409
31 409
32 409
33 409
34 409
35 409
36 409
37 409
38 409
39 409
40 409
41 409
42 409
43 409
44 409
45 409
46 409
49 409
50 409
51 409
52 409
53 409
54 409
55 409
56 409
57 409
58 409
59 409
60 409
61 409
62 409
63 409
64 409
65 409
66 409
67 409
68 409
69 409
70 409
71 409
72 409
73 409
74 409
75 409
76 409
77 409
78 409
79 409
80 409
81 409
82 409
83 409
84 409
85 409
86 409
87 409
88 409
89 409
90 409
91 409
92 409
93 409
94 409
95 409
96 409
97 409
98 409
99 409
100 409
101 409
102 409
103 409
104 409
105 409
106 409
107 409
108 409
109 409
110 409
111 409
112 409
113 409
114 409
115 409
116 409
117 409
118 409
119 409
120 409
121 409
122 409
123 409
124 409
125 409
126 409
127 409
128 409
129 409
130 409
131 409
132 409
133 409
134 409
135 409
136 409
137 409
138 409
139 409
140 409
141 409
142 409
143 409
144 409
145 409
146 409
147 409
148 409
149 409
150 409
151 409
152 409
153 409
154 409
155 409
156 409
157 409
158 409
159 409
160 409
161 409
162 409
168 409
169 409
170 409
171 409
172 409
173 409
174 409
175 409
176 409
177 409
178 409
179 409
180 409
181 409
182 409
183 409
184 409
185 409
186 409
187 409
190 409
191 409
192 409
193 409
194 409
195 409
196 409
197 409
198 409
199 409
200 409
201 409
202 409
203 409
204 409
205 409
206 409
207 409
208 409
209 409
210 409
211 409
212 409
213 409
214 409
215 409
221 409
222 409
223 409
224 409
225 409
226 409
227 409
228 409
229 409
230 409
231 409
232 409
233 409
234 409
235 409
236 409
237 409
238 409
239 409
240 409
241 409
242 409
243 409
244 409
245 409
246 409
247 409
248 409
249 409
252 409
253 409
254 409
255 409
256 409
257 409
258 409
259 409
260 409
261 409
262 409
263 409
264 409
265 409
266 409
267 409
268 409
270 409
271 409
272 409
273 409
274 409
275 409
276 409
277 409
278 409
279 409
280 409
281 409
282 409
283 409
284 409
285 409
286 409
304 409
305 409
306 409
307 409
308 409
309 409
310 409
311 409
312 409
313 409
314 409
315 409
316 409
321 409
322 409
323 409
324 409
325 409
343 409
344 409
345 409
346 409
349 409
350 409
351 409
352 409
353 409
354 409
355 409
356 409
357 409
358 409
359 409
360 409
361 409
362 409
363 409
364 409
365 409
366 409
367 409
368 409
369 409
385 409
386 409
387 409
388 409
389 409
390 409
391 409
392 409
393 409
395 409
396 409
397 409
398 409
399 409
400 409
401 409
407 409
408 409
1 410
2 410
3 410
4 410
5 410
6 410
7 410
8 410
9 410
10 410
11 410
12 410
13 410
14 410
15 410
16 410
17 410
18 410
19 410
20 410
21 410
22 410
23 410
24 410
25 410
26 410
27 410
28 410
29 410
30 410
31 410
32 410
33 410
34 410
35 410
36 410
37 410
38 410
39 410
40 410
41 410
42 410
43 410
44 410
45 410
46 410
49 410
50 410
51 410
52 410
53 410
54 410
55 410
56 410
57 410
58 410
59 410
60 410
61 410
62 410
63 410
64 410
65 410
66 410
67 410
68 410
69 410
70 410
71 410
72 410
73 410
74 410
75 410
76 410
77 410
78 410
79 410
80 410
81 410
82 410
83 410
84 410
85 410
86 410
87 410
88 410
89 410
90 410
91 410
92 410
93 410
94 410
95 410
96 410
97 410
98 410
99 410
100 410
101 410
102 410
103 410
104 410
105 410
106 410
107 410
108 410
109 410
110 410
111 410
112 410
113 410
114 410
115 410
116 410
117 410
118 410
119 410
120 410
121 410
122 410
123 410
124 410
125 410
126 410
127 410
128 410
129 410
130 410
131 410
132 410
133 410
134 410
135 410
136 410
137 410
138 410
139 410
140 410
141 410
142 410
143 410
144 410
145 410
146 410
147 410
148 410
149 410
150 410
151 410
152 410
153 410
154 410
155 410
156 410
157 410
158 410
159 410
160 410
161 410
162 410
168 410
169 410
170 410
171 410
172 410
173 410
174 410
175 410
176 410
177 410
178 410
179 410
180 410
181 410
182 410
183 410
184 410
185 410
186 410
187 410
190 410
191 410
192 410
193 410
194 410
195 410
196 410
197 410
198 410
199 410
200 410
201 410
202 410
203 410
204 410
205 410
206 410
207 410
208 410
209 410
210 410
211 410
212 410
213 410
214 410
215 410
221 410
222 410
223 410
224 410
225 410
226 410
227 410
228 410
229 410
230 410
231 410
232 410
233 410
234 410
235 410
236 410
237 410
238 410
239 410
240 410
241 410
242 410
243 410
244 410
245 410
246 410
247 410
248 410
249 410
252 410
253 410
254 410
255 410
256 410
257 410
258 410
259 410
260 410
261 410
262 410
263 410
264 410
265 410
266 410
267 410
268 410
270 410
271 410
272 410
273 410
274 410
275 410
276 410
277 410
278 410
279 410
280 410
281 410
282 410
283 410
284 410
285 410
286 410
304 410
305 410
306 410
307 410
308 410
309 410
310 410
311 410
312 410
313 410
314 410
315 410
316 410
321 410
322 410
323 410
324 410
325 410
343 410
344 410
345 410
346 410
349 410
350 410
351 410
352 410
353 410
354 410
355 410
356 410
357 410
358 410
359 410
360 410
361 410
362 410
363 410
364 410
365 410
366 410
367 410
368 410
369 410
385 410
386 410
387 410
388 410
389 410
390 410
391 410
392 410
393 410
395 410
396 410
397 410
398 410
399 410
400 410
401 410
407 410
408 410
409 410
1 411
2 411
3 411
4 411
5 411
6 411
7 411
8 411
9 411
10 411
11 411
12 411
13 411
14 411
15 411
16 411
17 411
18 411
19 411
20 411
21 411
22 411
23 411
24 411
25 411
26 411
27 411
28 411
29 411
30 411
31 411
32 411
33 411
34 411
35 411
36 411
37 411
38 411
39 411
40 411
41 411
42 411
43 411
44 411
45 411
46 411
49 411
50 411
51 411
52 411
53 411
54 411
55 411
56 411
57 411
58 411
59 411
60 411
61 411
62 411
63 411
64 411
65 411
66 411
67 411
68 411
69 411
70 411
71 411
72 411
73 411
74 411
75 411
76 411
77 411
78 411
79 411
80 411
81 411
82 411
83 411
84 411
85 411
86 411
87 411
88 411
89 411
90 411
91 411
92 411
93 411
94 411
95 411
96 411
97 411
98 411
99 411
100 411
101 411
102 411
103 411
104 411
105 411
106 411
107 411
108 411
109 411
110 411
111 411
112 411
113 411
114 411
115 411
116 411
117 411
118 411
119 411
120 411
121 411
122 411
123 411
124 411
125 411
126 411
127 411
128 411
129 411
130 411
131 411
132 411
133 411
134 411
135 411
136 411
137 411
138 411
139 411
140 411
141 411
142 411
143 411
144 411
145 411
146 411
147 411
148 411
149 411
150 411
151 411
152 411
153 411
154 411
155 411
156 411
157 411
158 411
159 411
160 411
161 411
162 411
168 411
169 411
170 411
171 411
172 411
173 411
174 411
175 411
176 411
177 411
178 411
179 411
180 411
181 411
182 411
183 411
184 411
185 411
186 411
187 411
190 411
191 411
192 411
193 411
194 411
195 411
196 411
197 411
198 411
199 411
200 411
201 411
202 411
203 411
204 411
205 411
206 411
207 411
208 411
209 411
210 411
211 411
212 411
213 411
214 411
215 411
221 411
222 411
223 411
224 411
225 411
226 411
227 411
228 411
229 411
230 411
231 411
232 411
233 411
234 411
235 411
236 411
237 411
238 411
239 411
240 411
241 411
242 411
243 411
244 411
245 411
246 411
247 411
248 411
249 411
252 411
253 411
254 411
255 411
256 411
257 411
258 411
259 411
260 411
261 411
262 411
263 411
264 411
265 411
266 411
267 411
268 411
270 411
271 411
272 411
273 411
274 411
275 411
276 411
277 411
278 411
279 411
280 411
281 411
282 411
283 411
284 411
285 411
286 411
304 411
305 411
306 411
307 411
308 411
309 411
310 411
311 411
312 411
313 411
314 411
315 411
316 411
321 411
322 411
323 411
324 411
325 411
343 411
344 411
345 411
346 411
349 411
350 411
351 411
352 411
353 411
354 411
355 411
356 411
357 411
358 411
359 411
360 411
361 411
362 411
363 411
364 411
365 411
366 411
367 411
368 411
369 411
385 411
386 411
387 411
388 411
389 411
390 411
391 411
392 411
393 411
395 411
396 411
397 411
398 411
399 411
400 411
401 411
407 411
408 411
409 411
410 411
1 412
2 412
3 412
4 412
5 412
6 412
7 412
8 412
9 412
10 412
11 412
12 412
13 412
14 412
15 412
16 412
17 412
18 412
19 412
20 412
21 412
22 412
23 412
24 412
25 412
26 412
27 412
28 412
29 412
30 412
31 412
32 412
33 412
34 412
35 412
36 412
37 412
38 412
39 412
40 412
41 412
42 412
43 412
44 412
45 412
46 412
49 412
50 412
51 412
52 412
53 412
54 412
55 412
56 412
57 412
58 412
59 412
60 412
61 412
62 412
63 412
64 412
65 412
66 412
67 412
68 412
69 412
70 412
71 412
72 412
73 412
74 412
75 412
76 412
77 412
78 412
79 412
80 412
81 412
82 412
83 412
84 412
85 412
86 412
87 412
88 412
89 412
90 412
91 412
92 412
93 412
94 412
95 412
96 412
97 412
98 412
99 412
100 412
101 412
102 412
103 412
104 412
105 412
106 412
107 412
108 412
109 412
110 412
111 412
112 412
113 412
114 412
115 412
116 412
117 412
118 412
119 412
120 412
121 412
122 412
123 412
124 412
125 412
126 412
127 412
128 412
129 412
130 412
131 412
132 412
133 412
134 412
135 412
136 412
137 412
138 412
139 412
140 412
141 412
142 412
143 412
144 412
145 412
146 412
147 412
148 412
149 412
150 412
151 412
152 412
153 412
154 412
155 412
156 412
157 412
158 412
159 412
160 412
161 412
162 412
168 412
169 412
170 412
171 412
172 412
173 412
174 412
175 412
176 412
177 412
178 412
179 412
180 412
181 412
182 412
183 412
184 412
185 412
186 412
187 412
190 412
191 412
192 412
193 412
194 412
195 412
196 412
197 412
198 412
199 412
200 412
201 412
202 412
203 412
204 412
205 412
206 412
207 412
208 412
209 412
210 412
211 412
212 412
213 412
214 412
215 412
221 412
222 412
223 412
224 412
225 412
226 412
227 412
228 412
229 412
230 412
231 412
232 412
233 412
234 412
235 412
236 412
237 412
238 412
239 412
240 412
241 412
242 412
243 412
244 412
245 412
246 412
247 412
248 412
249 412
252 412
253 412
254 412
255 412
256 412
257 412
258 412
259 412
260 412
261 412
262 412
263 412
264 412
265 412
266 412
267 412
268 412
270 412
271 412
272 412
273 412
274 412
275 412
276 412
277 412
278 412
279 412
280 412
281 412
282 412
283 412
284 412
285 412
286 412
304 412
305 412
306 412
307 412
308 412
309 412
310 412
311 412
312 412
313 412
314 412
315 412
316 412
321 412
322 412
323 412
324 412
325 412
343 412
344 412
345 412
346 412
349 412
350 412
351 412
352 412
353 412
354 412
355 412
356 412
357 412
358 412
359 412
360 412
361 412
362 412
363 412
364 412
365 412
366 412
367 412
368 412
369 412
385 412
386 412
387 412
388 412
389 412
390 412
391 412
392 412
393 412
395 412
396 412
397 412
398 412
399 412
400 412
401 412
407 412
408 412
409 412
410 412
411 412
1 413
2 413
3 413
4 413
5 413
6 413
7 413
8 413
9 413
10 413
11 413
12 413
13 413
14 413
15 413
16 413
17 413
18 413
19 413
20 413
21 413
22 413
23 413
24 413
25 413
26 413
27 413
28 413
29 413
30 413
31 413
32 413
33 413
34 413
35 413
36 413
37 413
38 413
39 413
40 413
41 413
42 413
43 413
44 413
45 413
46 413
49 413
50 413
51 413
52 413
53 413
54 413
55 413
56 413
57 413
58 413
59 413
60 413
61 413
62 413
63 413
64 413
65 413
66 413
67 413
68 413
69 413
70 413
71 413
72 413
73 413
74 413
75 413
76 413
77 413
78 413
79 413
80 413
81 413
82 413
83 413
84 413
85 413
86 413
87 413
88 413
89 413
90 413
91 413
92 413
93 413
94 413
95 413
96 413
97 413
98 413
99 413
100 413
101 413
102 413
103 413
104 413
105 413
106 413
107 413
108 413
109 413
110 413
111 413
112 413
113 413
114 413
115 413
116 413
117 413
118 413
119 413
120 413
121 413
122 413
123 413
124 413
125 413
126 413
127 413
128 413
129 413
130 413
131 413
132 413
133 413
134 413
135 413
136 413
137 413
138 413
139 413
140 413
141 413
142 413
143 413
144 413
145 413
146 413
147 413
148 413
149 413
150 413
151 413
152 413
153 413
154 413
155 413
156 413
157 413
158 413
159 413
160 413
161 413
162 413
168 413
169 413
170 413
171 413
172 413
173 413
174 413
175 413
176 413
177 413
178 413
179 413
180 413
181 413
182 413
183 413
184 413
185 413
186 413
187 413
190 413
191 413
192 413
193 413
194 413
195 413
196 413
197 413
198 413
199 413
200 413
201 413
202 413
203 413
204 413
205 413
206 413
207 413
208 413
209 413
210 413
211 413
212 413
213 413
214 413
215 413
221 413
222 413
223 413
224 413
225 413
226 413
227 413
228 413
229 413
230 413
231 413
232 413
233 413
234 413
235 413
236 413
237 413
238 413
239 413
240 413
241 413
242 413
243 413
244 413
245 413
246 413
247 413
248 413
249 413
252 413
253 413
254 413
255 413
256 413
257 413
258 413
259 413
260 413
261 413
262 413
263 413
264 413
265 413
266 413
267 413
268 413
270 413
271 413
272 413
273 413
274 413
275 413
276 413
277 413
278 413
279 413
280 413
281 413
282 413
283 413
284 413
285 413
286 413
304 413
305 413
306 413
307 413
308 413
309 413
310 413
311 413
312 413
313 413
314 413
315 413
316 413
321 413
322 413
323 413
324 413
325 413
343 413
344 413
345 413
346 413
349 413
350 413
351 413
352 413
353 413
354 413
355 413
356 413
357 413
358 413
359 413
360 413
361 413
362 413
363 413
364 413
365 413
366 413
367 413
368 413
369 413
385 413
386 413
387 413
388 413
389 413
390 413
391 413
392 413
393 413
395 413
396 413
397 413
398 413
399 413
400 413
401 413
407 413
408 413
409 413
410 413
411 413
412 413
1 414
2 414
3 414
4 414
5 414
6 414
7 414
8 414
9 414
10 414
11 414
12 414
13 414
14 414
15 414
16 414
17 414
18 414
19 414
20 414
21 414
22 414
23 414
24 414
25 414
26 414
27 414
28 414
29 414
30 414
31 414
32 414
33 414
34 414
35 414
36 414
37 414
38 414
39 414
40 414
41 414
42 414
43 414
44 414
45 414
46 414
49 414
50 414
51 414
52 414
53 414
54 414
55 414
56 414
57 414
58 414
59 414
60 414
61 414
62 414
63 414
64 414
65 414
66 414
67 414
68 414
69 414
70 414
71 414
72 414
73 414
74 414
75 414
76 414
77 414
78 414
79 414
80 414
81 414
82 414
83 414
84 414
85 414
86 414
87 414
88 414
89 414
90 414
91 414
92 414
93 414
94 414
95 414
96 414
97 414
98 414
99 414
100 414
101 414
102 414
103 414
104 414
105 414
106 414
107 414
108 414
109 414
110 414
111 414
112 414
113 414
114 414
115 414
116 414
117 414
118 414
119 414
120 414
121 414
122 414
123 414
124 414
125 414
126 414
127 414
128 414
129 414
130 414
131 414
132 414
133 414
134 414
135 414
136 414
137 414
138 414
139 414
140 414
141 414
142 414
143 414
144 414
145 414
146 414
147 414
148 414
149 414
150 414
151 414
152 414
153 414
154 414
155 414
156 414
157 414
158 414
159 414
160 414
161 414
162 414
168 414
169 414
170 414
171 414
172 414
173 414
174 414
175 414
176 414
177 414
178 414
179 414
180 414
181 414
182 414
183 414
184 414
185 414
186 414
187 414
190 414
191 414
192 414
193 414
194 414
195 414
196 414
197 414
198 414
199 414
200 414
201 414
202 414
203 414
204 414
205 414
206 414
207 414
208 414
209 414
210 414
211 414
212 414
213 414
214 414
215 414
221 414
222 414
223 414
224 414
225 414
226 414
227 414
228 414
229 414
230 414
231 414
232 414
233 414
234 414
235 414
236 414
237 414
238 414
239 414
240 414
241 414
242 414
243 414
244 414
245 414
246 414
247 414
248 414
249 414
252 414
253 414
254 414
255 414
256 414
257 414
258 414
259 414
260 414
261 414
262 414
263 414
264 414
265 414
266 414
267 414
268 414
270 414
271 414
272 414
273 414
274 414
275 414
276 414
277 414
278 414
279 414
280 414
281 414
282 414
283 414
284 414
285 414
286 414
304 414
305 414
306 414
307 414
308 414
309 414
310 414
311 414
312 414
313 414
314 414
315 414
316 414
321 414
322 414
323 414
324 414
325 414
343 414
344 414
345 414
346 414
349 414
350 414
351 414
352 414
353 414
354 414
355 414
356 414
357 414
358 414
359 414
360 414
361 414
362 414
363 414
364 414
365 414
366 414
367 414
368 414
369 414
385 414
386 414
387 414
388 414
389 414
390 414
391 414
392 414
393 414
395 414
396 414
397 414
398 414
399 414
400 414
401 414
407 414
408 414
409 414
410 414
411 414
412 414
413 414
1 415
2 415
3 415
4 415
5 415
6 415
7 415
8 415
9 415
10 415
11 415
12 415
13 415
14 415
15 415
16 415
17 415
18 415
19 415
20 415
21 415
22 415
23 415
24 415
25 415
26 415
27 415
28 415
29 415
30 415
31 415
32 415
33 415
34 415
35 415
36 415
37 415
38 415
39 415
40 415
41 415
42 415
43 415
44 415
45 415
46 415
49 415
50 415
51 415
52 415
53 415
54 415
55 415
56 415
57 415
58 415
59 415
60 415
61 415
62 415
63 415
64 415
65 415
66 415
67 415
68 415
69 415
70 415
71 415
72 415
73 415
74 415
75 415
76 415
77 415
78 415
79 415
80 415
81 415
82 415
83 415
84 415
85 415
86 415
87 415
88 415
89 415
90 415
91 415
92 415
93 415
94 415
95 415
96 415
97 415
98 415
99 415
100 415
101 415
102 415
103 415
104 415
105 415
106 415
107 415
108 415
109 415
110 415
111 415
112 415
113 415
114 415
115 415
116 415
117 415
118 415
119 415
120 415
121 415
122 415
123 415
124 415
125 415
126 415
127 415
128 415
129 415
130 415
131 415
132 415
133 415
134 415
135 415
136 415
137 415
138 415
139 415
140 415
141 415
142 415
143 415
144 415
145 415
146 415
147 415
148 415
149 415
150 415
151 415
152 415
153 415
154 415
155 415
156 415
157 415
158 415
159 415
160 415
161 415
162 415
168 415
169 415
170 415
171 415
172 415
173 415
174 415
175 415
176 415
177 415
178 415
179 415
180 415
181 415
182 415
183 415
184 415
185 415
186 415
187 415
190 415
191 415
192 415
193 415
194 415
195 415
196 415
197 415
198 415
199 415
200 415
201 415
202 415
203 415
204 415
205 415
206 415
207 415
208 415
209 415
210 415
211 415
212 415
213 415
214 415
215 415
221 415
222 415
223 415
224 415
225 415
226 415
227 415
228 415
229 415
230 415
231 415
232 415
233 415
234 415
235 415
236 415
237 415
238 415
239 415
240 415
241 415
242 415
243 415
244 415
245 415
246 415
247 415
248 415
249 415
252 415
253 415
254 415
255 415
256 415
257 415
258 415
259 415
260 415
261 415
262 415
263 415
264 415
265 415
266 415
267 415
268 415
270 415
271 415
272 415
273 415
274 415
275 415
276 415
277 415
278 415
279 415
280 415
281 415
282 415
283 415
284 415
285 415
286 415
304 415
305 415
306 415
307 415
308 415
309 415
310 415
311 415
312 415
313 415
314 415
315 415
316 415
321 415
322 415
323 415
324 415
325 415
343 415
344 415
345 415
346 415
349 415
350 415
351 415
352 415
353 415
354 415
355 415
356 415
357 415
358 415
359 415
360 415
361 415
362 415
363 415
364 415
365 415
366 415
367 415
368 415
369 415
385 415
386 415
387 415
388 415
389 415
390 415
391 415
392 415
393 415
395 415
396 415
397 415
398 415
399 415
400 415
401 415
407 415
408 415
409 415
410 415
411 415
412 415
413 415
414 415
1 416
2 416
3 416
4 416
5 416
6 416
7 416
8 416
9 416
10 416
11 416
12 416
13 416
14 416
15 416
16 416
17 416
18 416
19 416
20 416
21 416
22 416
23 416
24 416
25 416
26 416
27 416
28 416
29 416
30 416
31 416
32 416
33 416
34 416
35 416
36 416
37 416
38 416
39 416
40 416
41 416
42 416
43 416
44 416
45 416
46 416
49 416
50 416
51 416
52 416
53 416
54 416
55 416
56 416
57 416
58 416
59 416
60 416
61 416
62 416
63 416
64 416
65 416
66 416
67 416
68 416
69 416
70 416
71 416
72 416
73 416
74 416
75 416
76 416
77 416
78 416
79 416
80 416
81 416
82 416
83 416
84 416
85 416
86 416
87 416
88 416
89 416
90 416
91 416
92 416
93 416
94 416
95 416
96 416
97 416
98 416
99 416
100 416
101 416
102 416
103 416
104 416
105 416
106 416
107 416
108 416
109 416
110 416
111 416
112 416
113 416
114 416
115 416
116 416
117 416
118 416
119 416
120 416
121 416
122 416
123 416
124 416
125 416
126 416
127 416
128 416
129 416
130 416
131 416
132 416
133 416
134 416
135 416
136 416
137 416
138 416
139 416
140 416
141 416
142 416
143 416
144 416
145 416
146 416
147 416
148 416
149 416
150 416
151 416
152 416
153 416
154 416
155 416
156 416
157 416
158 416
159 416
160 416
161 416
162 416
168 416
169 416
170 416
171 416
172 416
173 416
174 416
175 416
176 416
177 416
178 416
179 416
180 416
181 416
182 416
183 416
184 416
185 416
186 416
187 416
190 416
191 416
192 416
193 416
194 416
195 416
196 416
197 416
198 416
199 416
200 416
201 416
202 416
203 416
204 416
205 416
206 416
207 416
208 416
209 416
210 416
211 416
212 416
213 416
214 416
215 416
221 416
222 416
223 416
224 416
225 416
226 416
227 416
228 416
229 416
230 416
231 416
232 416
233 416
234 416
235 416
236 416
237 416
238 416
239 416
240 416
241 416
242 416
243 416
244 416
245 416
246 416
247 416
248 416
249 416
252 416
253 416
254 416
255 416
256 416
257 416
258 416
259 416
260 416
261 416
262 416
263 416
264 416
265 416
266 416
267 416
268 416
270 416
271 416
272 416
273 416
274 416
275 416
276 416
277 416
278 416
279 416
280 416
281 416
282 416
283 416
284 416
285 416
286 416
304 416
305 416
306 416
307 416
308 416
309 416
310 416
311 416
312 416
313 416
314 416
315 416
316 416
321 416
322 416
323 416
324 416
325 416
343 416
344 416
345 416
346 416
349 416
350 416
351 416
352 416
353 416
354 416
355 416
356 416
357 416
358 416
359 416
360 416
361 416
362 416
363 416
364 416
365 416
366 416
367 416
368 416
369 416
385 416
386 416
387 416
388 416
389 416
390 416
391 416
392 416
393 416
395 416
396 416
397 416
398 416
399 416
400 416
401 416
407 416
408 416
409 416
410 416
411 416
412 416
413 416
414 416
415 416
1 417
2 417
3 417
4 417
5 417
6 417
7 417
8 417
9 417
10 417
11 417
12 417
13 417
14 417
15 417
16 417
17 417
18 417
19 417
20 417
21 417
22 417
23 417
24 417
25 417
26 417
27 417
28 417
29 417
30 417
31 417
32 417
33 417
34 417
35 417
36 417
37 417
38 417
39 417
40 417
41 417
42 417
43 417
44 417
45 417
46 417
49 417
50 417
51 417
52 417
53 417
54 417
55 417
56 417
57 417
58 417
59 417
60 417
61 417
62 417
63 417
64 417
65 417
66 417
67 417
68 417
69 417
70 417
71 417
72 417
73 417
74 417
75 417
76 417
77 417
78 417
79 417
80 417
81 417
82 417
83 417
84 417
85 417
86 417
87 417
88 417
89 417
90 417
91 417
92 417
93 417
94 417
95 417
96 417
97 417
98 417
99 417
100 417
101 417
102 417
103 417
104 417
105 417
106 417
107 417
108 417
109 417
110 417
111 417
112 417
113 417
114 417
115 417
116 417
117 417
118 417
119 417
120 417
121 417
122 417
123 417
124 417
125 417
126 417
127 417
128 417
129 417
130 417
131 417
132 417
133 417
134 417
135 417
136 417
137 417
138 417
139 417
140 417
141 417
142 417
143 417
144 417
145 417
146 417
147 417
148 417
149 417
150 417
151 417
152 417
153 417
154 417
155 417
156 417
157 417
158 417
159 417
160 417
161 417
162 417
168 417
169 417
170 417
171 417
172 417
173 417
174 417
175 417
176 417
177 417
178 417
179 417
180 417
181 417
182 417
183 417
184 417
185 417
186 417
187 417
190 417
191 417
192 417
193 417
194 417
195 417
196 417
197 417
198 417
199 417
200 417
201 417
202 417
203 417
204 417
205 417
206 417
207 417
208 417
209 417
210 417
211 417
212 417
213 417
214 417
215 417
221 417
222 417
223 417
224 417
225 417
226 417
227 417
228 417
229 417
230 417
231 417
232 417
233 417
234 417
235 417
236 417
237 417
238 417
239 417
240 417
241 417
242 417
243 417
244 417
245 417
246 417
247 417
248 417
249 417
252 417
253 417
254 417
255 417
256 417
257 417
258 417
259 417
260 417
261 417
262 417
263 417
264 417
265 417
266 417
267 417
268 417
270 417
271 417
272 417
273 417
274 417
275 417
276 417
277 417
278 417
279 417
280 417
281 417
282 417
283 417
284 417
285 417
286 417
304 417
305 417
306 417
307 417
308 417
309 417
310 417
311 417
312 417
313 417
314 417
315 417
316 417
321 417
322 417
323 417
324 417
325 417
343 417
344 417
345 417
346 417
349 417
350 417
351 417
352 417
353 417
354 417
355 417
356 417
357 417
358 417
359 417
360 417
361 417
362 417
363 417
364 417
365 417
366 417
367 417
368 417
369 417
385 417
386 417
387 417
388 417
389 417
390 417
391 417
392 417
393 417
395 417
396 417
397 417
398 417
399 417
400 417
401 417
407 417
408 417
409 417
410 417
411 417
412 417
413 417
414 417
415 417
416 417
1 418
2 418
3 418
4 418
5 418
6 418
7 418
8 418
9 418
10 418
11 418
12 418
13 418
14 418
15 418
16 418
17 418
18 418
19 418
20 418
21 418
22 418
23 418
24 418
25 418
26 418
27 418
28 418
29 418
30 418
31 418
32 418
33 418
34 418
35 418
36 418
37 418
38 418
39 418
40 418
41 418
42 418
43 418
44 418
45 418
46 418
49 418
50 418
51 418
52 418
53 418
54 418
55 418
56 418
57 418
58 418
59 418
60 418
61 418
62 418
63 418
64 418
65 418
66 418
67 418
68 418
69 418
70 418
71 418
72 418
73 418
74 418
75 418
76 418
77 418
78 418
79 418
80 418
81 418
82 418
83 418
84 418
85 418
86 418
87 418
88 418
89 418
90 418
91 418
92 418
93 418
94 418
95 418
96 418
97 418
98 418
99 418
100 418
101 418
102 418
103 418
104 418
105 418
106 418
107 418
108 418
109 418
110 418
111 418
112 418
113 418
114 418
115 418
116 418
117 418
118 418
119 418
120 418
121 418
122 418
123 418
124 418
125 418
126 418
127 418
128 418
129 418
130 418
131 418
132 418
133 418
134 418
135 418
136 418
137 418
138 418
139 418
140 418
141 418
142 418
143 418
144 418
145 418
146 418
147 418
148 418
149 418
150 418
151 418
152 418
153 418
154 418
155 418
156 418
157 418
158 418
159 418
160 418
161 418
162 418
168 418
169 418
170 418
171 418
172 418
173 418
174 418
175 418
176 418
177 418
178 418
179 418
180 418
181 418
182 418
183 418
184 418
185 418
186 418
187 418
190 418
191 418
192 418
193 418
194 418
195 418
196 418
197 418
198 418
199 418
200 418
201 418
202 418
203 418
204 418
205 418
206 418
207 418
208 418
209 418
210 418
211 418
212 418
213 418
214 418
215 418
221 418
222 418
223 418
224 418
225 418
226 418
227 418
228 418
229 418
230 418
231 418
232 418
233 418
234 418
235 418
236 418
237 418
238 418
239 418
240 418
241 418
242 418
243 418
244 418
245 418
246 418
247 418
248 418
249 418
252 418
253 418
254 418
255 418
256 418
257 418
258 418
259 418
260 418
261 418
262 418
263 418
264 418
265 418
266 418
267 418
268 418
270 418
271 418
272 418
273 418
274 418
275 418
276 418
277 418
278 418
279 418
280 418
281 418
282 418
283 418
284 418
285 418
286 418
304 418
305 418
306 418
307 418
308 418
309 418
310 418
311 418
312 418
313 418
314 418
315 418
316 418
321 418
322 418
323 418
324 418
325 418
343 418
344 418
345 418
346 418
349 418
350 418
351 418
352 418
353 418
354 418
355 418
356 418
357 418
358 418
359 418
360 418
361 418
362 418
363 418
364 418
365 418
366 418
367 418
368 418
369 418
385 418
386 418
387 418
388 418
389 418
390 418
391 418
392 418
393 418
395 418
396 418
397 418
398 418
399 418
400 418
401 418
407 418
408 418
409 418
410 418
411 418
412 418
413 418
414 418
415 418
416 418
417 418
1 419
2 419
3 419
4 419
5 419
6 419
7 419
8 419
9 419
10 419
11 419
12 419
13 419
14 419
15 419
16 419
17 419
18 419
19 419
20 419
21 419
22 419
23 419
24 419
25 419
26 419
27 419
28 419
29 419
30 419
31 419
32 419
33 419
34 419
35 419
36 419
37 419
38 419
39 419
40 419
41 419
42 419
43 419
44 419
45 419
46 419
49 419
50 419
51 419
52 419
53 419
54 419
55 419
56 419
57 419
58 419
59 419
60 419
61 419
62 419
63 419
64 419
65 419
66 419
67 419
68 419
69 419
70 419
71 419
72 419
73 419
74 419
75 419
76 419
77 419
78 419
79 419
80 419
81 419
82 419
83 419
84 419
85 419
86 419
87 419
88 419
89 419
90 419
91 419
92 419
93 419
94 419
95 419
96 419
97 419
98 419
99 419
100 419
101 419
102 419
103 419
104 419
105 419
106 419
107 419
108 419
109 419
110 419
111 419
112 419
113 419
114 419
115 419
116 419
117 419
118 419
119 419
120 419
121 419
122 419
123 419
124 419
125 419
126 419
127 419
128 419
129 419
130 419
131 419
132 419
133 419
134 419
135 419
136 419
137 419
138 419
139 419
140 419
141 419
142 419
143 419
144 419
145 419
146 419
147 419
148 419
149 419
150 419
151 419
152 419
153 419
154 419
155 419
156 419
157 419
158 419
159 419
160 419
161 419
162 419
168 419
169 419
170 419
171 419
172 419
173 419
174 419
175 419
176 419
177 419
178 419
179 419
180 419
181 419
182 419
183 419
184 419
185 419
186 419
187 419
190 419
191 419
192 419
193 419
194 419
195 419
196 419
197 419
198 419
199 419
200 419
201 419
202 419
203 419
204 419
205 419
206 419
207 419
208 419
209 419
210 419
211 419
212 419
213 419
214 419
215 419
221 419
222 419
223 419
224 419
225 419
226 419
227 419
228 419
229 419
230 419
231 419
232 419
233 419
234 419
235 419
236 419
237 419
238 419
239 419
240 419
241 419
242 419
243 419
244 419
245 419
246 419
247 419
248 419
249 419
252 419
253 419
254 419
255 419
256 419
257 419
258 419
259 419
260 419
261 419
262 419
263 419
264 419
265 419
266 419
267 419
268 419
270 419
271 419
272 419
273 419
274 419
275 419
276 419
277 419
278 419
279 419
280 419
281 419
282 419
283 419
284 419
285 419
286 419
304 419
305 419
306 419
307 419
308 419
309 419
310 419
311 419
312 419
313 419
314 419
315 419
316 419
321 419
322 419
323 419
324 419
325 419
343 419
344 419
345 419
346 419
349 419
350 419
351 419
352 419
353 419
354 419
355 419
356 419
357 419
358 419
359 419
360 419
361 419
362 419
363 419
364 419
365 419
366 419
367 419
368 419
369 419
385 419
386 419
387 419
388 419
389 419
390 419
391 419
392 419
393 419
395 419
396 419
397 419
398 419
399 419
400 419
401 419
407 419
408 419
409 419
410 419
411 419
412 419
413 419
414 419
415 419
416 419
417 419
418 419
