100 30000
91 12
5 8
42 12
76 8
72 9
37 9
25 10
82 11
46 12
41 9
91 12
36 9
94 12
24 12
51 12
55 11
60 8
14 11
93 10
2 10
6 9
87 8
80 9
45 10
40 8
54 8
44 9
89 8
12 9
8 11
50 8
47 12
63 11
61 10
10 12
69 10
74 9
53 11
83 11
30 9
38 12
29 12
16 9
66 9
26 8
59 12
21 12
14 12
91 10
13 11
57 8
20 9
90 12
15 11
39 9
96 11
68 10
22 10
28 9
56 10
78 8
31 8
71 10
62 10
91 12
64 11
98 8
52 9
81 8
9 9
100 12
3 9
18 11
1 9
88 12
32 12
86 8
77 11
91 10
48 8
70 8
17 9
75 11
33 12
73 8
43 8
19 9
27 8
35 8
67 12
0 8
84 9
95 8
58 120
11 99
34 104
91 131
4 111
7 126
99 135
6 60
88 91
25 29
95 80
42 17
24 39
51 82
68 42
51 34
16 90
7 59
40 79
24 43
25 7
42 47
94 9
19 47
20 56
33 87
62 45
51 3
39 13
71 3
70 1
51 92
58 32
85 54
30 19
85 35
49 38
13 4
69 6
94 54
39 16
33 31
62 45
56 47
57 25
7 91
15 54
63 47
42 11
46 21
77 64
14 81
32 63
42 59
82 97
42 100
3 18
63 43
19 88
73 65
80 92
32 12
11 72
40 62
77 10
56 92
57 25
71 17
53 84
74 87
94 33
73 3
80 92
94 66
27 4
6 21
88 91
32 65
11 72
6 68
88 91
19 4
20 56
74 92
81 20
63 43
19 88
19 60
20 56
94 38
55 32
63 48
14 83
93 66
26 72
73 4
80 92
74 29
94 33
16 91
24 48
13 48
64 1
16 31
67 91
39 35
3 78
63 21
42 11
51 34
16 90
25 21
3 88
25 35
89 74
71 70
100 31
50 90
90 3
6 48
88 91
72 34
73 57
50 21
90 3
57 21
56 93
50 47
90 3
40 60
8 41
9 12
91 58
8 43
64 36
57 92
64 1
85 29
5 94
50 79
70 83
55 90
56 62
63 68
94 63
61 43
62 73
76 66
21 52
61 81
62 73
55 86
56 62
63 82
42 11
9 35
91 58
13 48
64 1
14 87
26 57
56 43
57 25
7 62
44 83
57 54
2 39
33 65
62 45
45 21
79 76
7 11
40 79
85 12
5 94
93 31
61 7
7 38
40 79
63 65
42 11
42 70
71 86
72 62
9 93
42 20
21 36
80 43
36 92
76 21
21 52
32 43
88 49
16 3
67 91
73 92
80 92
24 65
25 7
36 48
87 2
61 87
62 73
2 38
63 69
42 35
6 21
14 47
66 97
71 48
22 53
36 48
87 2
2 82
19 25
36 90
45 60
33 44
62 45
8 47
60 32
45 4
79 76
76 66
21 52
73 90
80 92
33 31
62 45
33 100
62 45
63 87
75 44
13 82
69 6
71 47
23 54
63 29
42 11
32 62
69 30
32 34
11 72
32 3
11 72
25 20
4 89
24 90
25 7
80 90
89 45
74 59
94 33
33 82
62 45
94 4
93 70
42 79
62 77
45 68
76 73
72 59
73 57
93 59
33 79
63 91
71 40
93 48
44 90
73 87
80 92
57 11
56 93
71 90
80 11
46 35
10 97
24 86
25 7
51 75
39 13
56 3
57 25
19 100
20 56
94 59
34 11
14 20
93 24
39 54
84 59
33 29
62 45
85 17
67 56
16 34
67 91
73 64
80 92
51 12
38 12
80 65
14 70
24 47
25 7
42 26
15 30
42 86
3 18
2 87
14 20
85 60
5 94
16 81
67 91
19 79
20 56
61 79
62 73
72 82
73 57
36 62
73 88
50 66
83 96
32 26
5 66
71 82
88 19
32 86
11 72
40 29
8 41
80 100
79 35
74 12
94 33
63 59
3 72
6 92
88 91
16 35
80 4
24 92
25 7
55 91
63 69
57 20
36 73
94 54
39 16
80 86
93 49
7 38
40 79
14 82
31 62
55 31
56 62
63 54
8 77
7 98
8 47
19 48
20 56
72 90
73 57
2 82
19 25
42 62
79 94
71 4
70 1
42 100
3 18
76 68
21 52
55 81
56 62
71 81
89 20
13 75
69 6
56 47
57 25
74 86
94 33
25 47
77 62
50 12
90 3
39 35
3 78
25 35
89 74
42 35
6 21
39 35
3 78
24 11
25 7
76 87
21 52
9 92
91 58
50 21
90 3
42 20
21 36
2 4
15 21
45 75
79 76
39 17
21 96
36 100
35 50
19 79
20 56
51 3
39 13
2 3
15 21
33 65
62 45
57 98
58 95
80 100
79 35
16 70
45 69
72 75
73 57
55 34
56 62
24 60
25 7
55 12
56 62
19 92
20 56
33 98
34 17
42 17
24 39
72 91
80 64
36 79
56 71
32 100
11 72
46 31
77 64
94 38
55 32
76 75
21 52
93 62
30 76
39 38
57 32
33 81
62 45
8 35
72 44
61 4
62 73
36 26
9 24
42 11
3 18
55 48
56 62
7 4
40 79
8 48
59 31
46 34
77 64
6 75
88 91
32 47
11 72
74 87
94 33
50 47
90 3
74 90
94 33
72 43
73 57
93 12
45 91
7 54
52 91
61 29
62 73
32 12
11 72
13 47
69 6
39 65
57 32
50 26
23 36
25 31
93 78
36 66
69 84
71 17
53 84
93 35
57 3
42 65
76 91
93 79
13 59
16 34
67 91
25 64
60 45
6 21
88 91
71 92
78 9
9 11
91 58
93 65
45 91
8 26
81 53
56 44
57 25
36 31
4 19
56 87
57 25
8 86
21 93
73 98
74 86
50 82
90 3
76 20
21 52
6 86
88 91
61 82
62 73
63 79
83 52
71 54
16 47
40 92
8 41
51 47
3 77
85 100
5 94
42 62
79 94
80 60
19 75
72 4
73 57
2 20
81 87
45 4
79 76
45 92
52 49
42 17
24 39
25 82
42 27
36 91
44 59
9 26
82 49
14 86
31 62
46 11
77 64
7 31
40 79
63 11
42 11
2 12
15 21
85 21
5 94
74 48
25 64
9 11
91 58
74 21
94 33
71 3
70 1
93 47
45 91
42 44
3 18
39 54
84 59
7 79
40 79
32 21
11 72
61 43
62 73
8 12
95 67
51 91
59 33
76 35
21 52
24 60
25 7
85 43
5 94
45 12
79 76
32 44
11 72
61 54
62 73
40 64
8 41
63 11
42 11
71 70
100 31
50 11
90 3
61 92
62 73
8 21
86 58
8 100
7 79
33 70
62 45
55 62
92 98
25 86
38 23
51 3
39 13
40 3
8 41
46 17
28 15
51 47
3 77
33 90
62 45
46 98
47 34
36 17
18 33
6 48
88 91
51 20
30 4
46 64
77 64
45 43
1 98
72 43
73 57
73 26
46 58
42 44
3 18
42 38
3 18
93 26
66 12
93 34
45 91
2 86
15 21
14 43
70 1
74 68
5 44
71 86
70 1
94 75
93 70
13 87
25 62
7 86
40 79
36 17
18 33
80 48
31 87
40 66
73 6
24 31
25 7
33 79
62 45
39 65
57 32
74 81
94 33
63 54
8 77
61 44
62 73
85 12
5 94
63 11
42 11
56 66
57 25
19 21
20 56
72 21
73 57
56 100
57 25
6 87
88 91
39 43
95 70
45 68
76 73
55 20
56 62
73 75
80 92
32 81
11 72
55 47
56 62
94 98
95 72
61 60
62 73
32 62
69 30
25 17
7 92
24 68
25 7
74 31
42 81
63 59
3 72
36 91
44 59
63 4
42 11
32 75
11 72
73 79
80 92
63 65
42 11
7 100
40 79
85 100
5 94
50 3
90 3
72 3
73 57
32 68
63 24
85 43
5 94
24 86
25 7
39 54
84 59
85 20
5 94
19 3
20 56
85 59
5 94
19 70
20 56
72 54
73 57
93 35
57 3
63 12
42 11
6 87
88 91
2 48
53 59
16 79
67 91
76 60
21 52
73 34
80 92
45 100
79 76
85 90
5 94
14 29
31 62
57 86
56 93
6 43
88 91
63 81
42 11
57 12
56 93
32 82
11 72
13 98
14 51
46 59
77 64
6 31
88 91
39 26
12 87
32 29
11 72
9 31
91 58
39 54
84 59
85 17
67 56
9 54
91 58
57 91
65 2
46 90
77 64
76 35
21 52
9 54
91 58
85 34
5 94
74 81
94 33
63 12
42 11
76 21
21 52
40 90
8 41
6 44
88 91
2 92
9 15
14 38
31 62
14 47
66 97
50 35
14 27
14 98
15 46
50 64
90 3
7 35
71 10
40 43
8 41
40 29
8 41
14 100
31 62
46 98
47 34
36 100
35 50
7 54
52 91
9 86
91 58
93 3
45 91
73 59
80 92
33 81
62 45
93 87
5 51
56 65
57 25
57 66
90 27
57 65
91 28
63 34
42 11
39 29
57 32
51 54
96 70
7 29
40 79
46 59
77 64
40 62
77 10
46 92
77 64
45 21
79 76
45 68
76 73
73 21
80 92
39 70
68 43
73 35
37 49
45 65
79 76
36 79
56 71
63 87
75 44
45 44
79 76
13 31
81 18
80 4
45 1
73 64
80 92
63 34
42 11
57 90
66 3
25 11
13 98
7 59
40 79
2 11
15 21
94 48
45 22
33 70
62 45
16 26
89 13
25 60
64 49
16 34
67 91
45 20
24 21
25 11
13 98
19 81
20 56
45 90
54 51
14 91
22 53
80 54
25 81
51 87
63 37
33 64
62 45
61 20
62 73
57 26
30 67
45 70
74 71
36 98
37 52
73 29
80 92
2 87
14 20
40 92
8 41
46 87
77 64
39 75
57 32
19 70
20 56
19 38
20 56
76 90
21 52
80 79
100 56
13 79
33 70
57 70
86 23
71 29
70 1
55 60
56 62
45 31
13 10
45 31
13 10
46 86
77 64
56 65
57 25
56 44
57 25
72 4
73 57
8 98
9 81
9 43
91 58
24 20
25 7
39 79
59 34
40 48
91 24
42 87
54 69
32 100
11 72
45 17
27 24
46 92
77 64
55 47
56 62
13 11
69 6
93 54
38 84
51 68
82 56
6 20
88 91
46 70
77 64
2 43
58 64
13 12
69 6
94 29
93 70
42 20
21 36
19 68
20 56
55 20
56 62
73 64
80 92
80 17
62 18
36 66
69 84
56 43
57 25
85 35
49 38
50 31
18 31
33 62
70 53
50 81
90 3
7 29
40 79
80 87
92 48
56 26
29 97
6 43
88 91
9 66
91 58
33 54
78 61
73 20
80 92
25 64
60 45
2 21
80 86
73 75
80 92
72 12
73 57
25 3
21 6
55 21
56 62
13 54
58 95
85 44
5 94
71 26
44 75
80 60
19 75
51 87
63 37
24 64
25 7
19 90
20 56
19 3
20 56
93 38
45 91
63 92
70 39
56 21
57 25
36 20
15 30
51 66
84 58
24 92
25 7
45 21
79 76
46 43
77 64
56 20
57 25
73 34
80 92
74 59
94 33
72 82
73 57
14 87
26 57
45 54
90 87
71 66
4 35
8 62
45 17
72 34
73 57
56 68
57 25
42 59
82 97
24 29
25 7
63 75
42 11
8 70
37 9
9 59
91 58
45 47
97 94
57 60
56 93
74 65
94 33
25 65
59 44
40 66
73 6
85 43
5 94
16 3
67 91
94 66
27 4
74 90
94 33
9 54
91 58
74 66
7 46
76 87
21 52
9 98
10 77
80 82
97 53
6 17
88 91
6 92
88 91
36 81
54 69
19 91
27 63
55 44
56 62
55 59
56 62
80 21
58 14
14 87
26 57
42 44
3 18
42 47
94 9
2 21
80 86
56 91
64 32
56 59
57 25
16 92
67 91
2 75
15 21
55 20
56 62
72 38
73 57
61 75
62 73
56 59
57 25
45 26
18 15
6 21
88 91
7 91
15 54
56 12
57 25
33 65
62 45
32 91
40 1
85 68
16 5
25 64
60 45
94 17
76 53
85 43
5 94
45 70
74 71
56 68
57 25
45 64
79 76
9 64
91 58
57 29
56 93
14 87
26 57
85 98
86 75
76 81
21 52
85 43
5 94
9 43
91 58
50 43
6 19
9 100
91 58
93 62
30 76
74 92
81 20
42 82
59 74
74 31
42 81
71 64
70 1
55 21
56 62
93 3
45 91
57 48
8 45
76 26
49 80
14 4
31 62
50 12
90 3
19 79
20 56
94 65
28 5
72 62
9 93
61 92
62 73
51 31
19 93
42 100
3 18
55 91
63 69
14 91
22 53
2 4
15 21
6 35
88 91
8 59
48 20
24 91
32 14
94 12
93 70
56 79
57 25
40 35
4 37
73 86
80 92
19 4
20 56
73 43
80 92
61 48
62 73
46 92
77 64
36 62
73 88
50 92
57 70
50 34
90 3
32 20
11 72
61 100
62 73
40 3
8 41
80 48
31 87
14 75
31 62
32 44
11 72
50 35
14 27
33 81
62 45
14 21
31 62
39 54
84 59
36 87
48 63
72 11
73 57
16 60
67 91
56 11
57 25
24 35
25 7
14 68
45 76
8 100
7 79
9 17
91 58
76 43
21 52
45 35
9 6
25 66
58 43
76 38
21 52
42 75
3 18
94 79
14 91
36 81
54 69
74 21
94 33
94 35
58 35
24 98
25 7
63 4
42 11
73 100
80 92
76 11
21 52
55 79
56 62
6 91
14 17
42 17
24 39
93 91
1 47
74 62
11 50
45 70
74 71
56 79
57 25
6 62
43 46
56 60
57 25
51 17
33 7
74 35
38 77
73 43
80 92
36 65
70 85
19 31
20 56
16 38
67 91
55 59
56 62
13 48
64 1
55 82
56 62
25 29
95 80
61 62
98 9
40 38
8 41
42 4
3 18
2 20
81 87
72 62
9 93
36 66
69 84
74 86
94 33
80 62
17 73
19 43
20 56
14 91
22 53
42 66
75 90
8 44
95 67
14 90
23 54
72 29
73 57
6 91
14 17
36 90
45 60
55 17
56 62
32 98
33 94
73 98
74 86
94 26
67 44
61 91
69 80
9 26
82 49
33 87
62 45
6 59
88 91
57 4
56 93
42 48
93 8
73 81
80 92
6 87
88 91
2 66
35 41
19 34
20 56
63 66
96 65
19 86
20 56
32 82
11 72
71 64
70 1
74 75
94 33
85 92
92 81
55 35
56 62
76 60
21 52
33 21
62 45
32 79
52 13
73 12
80 92
33 54
78 61
6 29
88 91
19 70
20 56
57 66
90 27
36 47
88 3
45 81
63 60
6 54
88 91
32 11
11 72
56 62
93 61
63 4
42 11
39 11
57 32
50 21
90 3
74 54
19 58
72 17
73 57
24 98
25 7
24 48
25 7
14 20
93 24
16 17
98 22
61 31
62 73
2 35
66 72
2 100
1 7
39 26
12 87
63 38
42 11
51 86
64 38
80 12
67 23
19 87
20 56
24 87
25 7
32 12
11 72
8 47
60 32
73 38
80 92
32 60
11 72
36 17
18 33
32 21
11 72
32 12
11 72
46 29
77 64
16 62
53 77
42 81
60 75
85 70
14 3
94 70
23 100
14 35
78 9
24 11
25 7
56 62
93 61
51 59
91 65
61 11
62 73
24 65
25 7
80 3
45 1
74 79
94 33
85 81
5 94
9 70
91 58
24 75
25 7
25 62
62 47
2 48
53 59
8 65
42 14
56 64
57 25
63 100
42 11
8 90
17 89
76 60
21 52
40 66
73 6
46 34
77 64
72 44
73 57
14 81
32 63
8 17
90 62
33 29
62 45
7 79
40 79
25 3
21 6
36 86
49 64
57 60
56 93
46 47
77 64
40 20
8 41
16 79
67 91
94 100
93 70
19 87
20 56
7 91
15 54
45 64
79 76
24 38
25 7
25 66
58 43
19 91
27 63
80 62
17 73
16 62
53 77
2 3
15 21
76 92
21 52
8 62
45 17
55 75
56 62
39 87
51 26
55 17
56 62
57 54
2 39
13 59
69 6
16 12
67 91
73 20
80 92
93 11
45 91
7 43
40 79
33 81
62 45
16 38
67 91
63 66
96 65
80 20
59 15
7 20
40 79
76 17
58 89
7 90
40 79
76 60
21 52
55 21
56 62
13 3
69 6
57 47
9 46
42 66
75 90
40 35
4 37
80 79
100 56
76 66
21 52
6 64
88 91
57 38
18 55
39 82
57 32
93 12
45 91
9 87
91 58
14 21
31 62
85 62
22 11
24 59
25 7
45 91
53 50
6 31
88 91
56 81
57 25
45 98
46 43
55 54
56 62
2 21
80 86
19 17
20 56
93 11
45 91
46 11
77 64
36 20
15 30
80 17
62 18
56 21
57 25
13 92
20 57
32 26
5 66
72 70
73 57
73 43
80 92
24 43
25 7
94 44
93 70
19 64
20 56
72 43
73 57
94 54
39 16
36 82
53 68
33 86
62 45
33 47
62 45
61 82
62 73
8 59
48 20
32 79
52 13
7 79
40 79
8 92
15 87
39 20
18 93
72 4
73 57
9 62
46 13
40 35
4 37
9 3
91 58
8 4
95 67
6 44
88 91
39 75
57 32
74 90
94 33
42 100
3 18
25 65
59 44
19 48
20 56
57 65
91 28
93 65
45 91
61 81
62 73
76 38
21 52
36 81
54 69
56 21
57 25
9 81
91 58
39 68
70 45
57 34
56 93
61 90
62 73
61 43
62 73
80 12
67 23
9 70
91 58
85 38
5 94
61 17
62 73
8 47
60 32
25 64
60 45
63 4
42 11
9 79
91 58
2 17
84 90
55 34
56 62
50 4
90 3
33 64
62 45
24 3
25 7
32 92
39 100
2 21
80 86
72 3
73 57
76 4
21 52
40 98
41 74
13 81
69 6
50 75
90 3
2 81
20 26
6 17
88 91
56 65
57 25
93 29
45 91
14 91
22 53
45 20
24 21
45 92
52 49
85 65
5 94
56 70
57 25
2 87
14 20
14 31
82 13
85 12
5 94
14 29
31 62
19 44
20 56
42 91
50 65
57 3
56 93
46 92
77 64
72 64
73 57
36 21
14 29
25 11
13 98
55 66
56 62
61 86
62 73
45 100
79 76
24 26
97 79
8 44
95 67
74 29
94 33
73 100
80 92
71 4
70 1
39 59
79 54
25 90
34 19
32 48
83 44
9 43
91 58
50 29
90 3
16 47
67 91
24 59
25 7
76 98
77 8
94 66
27 4
25 86
38 23
19 62
56 92
71 44
70 1
19 35
20 56
33 3
62 45
72 11
73 57
85 26
58 47
36 75
91 6
74 91
82 21
61 59
62 73
72 100
73 57
76 91
84 15
80 60
19 75
80 48
31 87
94 79
14 91
32 11
11 72
8 100
7 79
94 92
1 78
51 47
3 77
8 64
43 15
7 62
44 83
50 82
90 3
46 3
77 64
24 59
25 7
74 82
94 33
39 87
51 26
33 48
62 45
56 75
57 25
61 82
62 73
55 92
56 62
73 65
80 92
94 17
76 53
80 100
79 35
25 12
12 97
80 44
45 1
94 66
27 4
36 11
91 6
24 29
25 7
32 44
11 72
7 62
44 83
72 81
73 57
57 12
56 93
85 82
5 94
57 59
97 34
61 12
62 73
6 54
88 91
71 34
70 1
24 31
25 7
57 82
74 11
80 43
36 92
14 59
54 85
55 82
56 62
2 68
33 39
55 17
56 62
24 47
25 7
42 81
60 75
24 34
25 7
55 68
56 62
94 4
93 70
71 21
70 1
85 90
5 94
71 60
70 1
80 12
67 23
80 38
41 97
76 20
21 52
80 17
62 18
33 100
62 45
42 87
54 69
42 54
87 2
7 34
40 79
16 29
67 91
63 92
70 39
8 68
39 11
56 21
57 25
55 90
56 62
85 47
5 94
13 82
69 6
39 91
47 22
85 75
5 94
8 79
28 100
94 54
39 16
33 31
62 45
16 29
67 91
50 70
79 92
36 62
73 88
71 79
91 22
50 70
79 92
2 21
80 86
73 35
37 49
25 47
77 62
2 48
53 59
2 64
37 43
33 11
62 45
76 12
21 52
6 20
88 91
73 38
80 92
25 91
33 18
85 86
5 94
57 66
90 27
6 98
7 10
71 60
70 1
51 38
12 86
51 82
68 42
40 66
73 6
93 54
38 84
40 48
91 24
19 21
20 56
13 79
33 70
19 62
56 92
40 70
69 2
24 44
25 7
93 66
26 72
24 35
25 7
14 82
31 62
50 26
23 36
33 34
62 45
6 66
88 91
33 59
62 45
45 11
79 76
56 59
57 25
24 48
25 7
94 65
28 5
50 82
90 3
36 75
91 6
63 68
94 63
57 66
90 27
2 62
39 45
46 60
77 64
56 64
57 25
85 98
86 75
39 31
7 82
36 70
65 80
14 82
31 62
9 62
46 13
19 68
20 56
57 62
94 31
74 12
94 33
72 21
73 57
32 38
11 72
8 38
69 41
73 70
2 14
36 47
88 3
51 11
39 13
93 98
94 40
94 38
55 32
71 86
70 1
85 65
5 94
13 48
64 1
36 47
88 3
63 68
94 63
24 60
25 7
36 90
45 60
74 59
94 33
56 47
57 25
42 54
87 2
57 26
30 67
40 43
8 41
72 62
9 93
85 66
18 7
76 60
21 52
13 26
86 23
24 43
25 7
46 68
77 64
76 70
21 52
50 66
83 96
25 21
3 88
14 86
31 62
42 3
3 18
57 35
21 58
73 79
80 92
33 79
62 45
16 54
61 85
93 62
30 76
40 21
8 41
13 48
64 1
57 31
25 62
61 75
62 73
14 21
31 62
61 82
62 73
19 98
20 56
7 81
40 79
73 60
80 92
40 20
8 41
72 59
73 57
19 17
20 56
94 44
93 70
9 54
91 58
19 64
20 56
7 35
71 10
8 62
45 17
19 48
20 56
2 75
15 21
50 64
90 3
55 29
56 62
40 21
8 41
63 90
42 11
7 90
40 79
56 3
57 25
93 59
33 79
33 64
62 45
72 17
73 57
7 48
40 79
94 47
46 23
2 11
15 21
71 21
70 1
63 43
19 88
51 64
86 60
45 81
63 60
63 38
42 11
32 43
88 49
56 3
57 25
42 20
21 36
73 62
10 22
45 31
13 10
7 59
40 79
45 86
79 76
33 79
62 45
72 90
73 57
85 35
49 38
61 35
62 73
19 35
20 56
94 64
93 70
39 64
57 32
94 11
93 70
39 43
95 70
76 47
21 52
16 38
67 91
94 3
93 70
13 100
69 6
74 48
25 64
93 11
45 91
6 4
88 91
61 20
62 73
46 98
47 34
80 54
25 81
14 48
65 96
61 66
62 73
33 64
62 45
24 92
25 7
24 20
25 7
16 43
67 91
61 60
62 73
46 21
77 64
36 4
91 6
50 31
18 31
55 31
56 62
80 65
14 70
16 65
67 91
32 38
11 72
76 90
21 52
45 91
53 50
7 21
40 79
40 3
8 41
61 87
62 73
13 91
21 58
50 75
90 3
42 87
54 69
80 90
89 45
71 12
70 1
73 34
80 92
74 35
38 77
33 43
62 45
72 60
73 57
7 62
44 83
73 54
18 30
93 100
45 91
94 4
93 70
36 47
88 3
40 3
8 41
94 92
1 78
25 29
95 80
9 79
91 58
76 75
21 52
56 75
57 25
32 4
11 72
14 35
78 9
2 4
15 21
25 44
80 65
50 91
58 71
33 81
62 45
45 3
79 76
13 68
44 81
50 65
90 3
33 70
62 45
61 54
62 73
57 65
91 28
36 43
92 7
14 20
93 24
50 92
57 70
24 31
25 7
9 75
91 58
32 26
5 66
14 44
31 62
2 20
81 87
56 44
57 25
40 64
8 41
7 100
40 79
73 100
80 92
55 20
56 62
45 86
79 76
56 59
57 25
94 17
76 53
8 75
95 67
36 54
81 96
39 38
57 32
14 38
31 62
36 59
76 91
80 47
32 88
51 92
58 32
19 79
20 56
39 60
57 32
25 90
34 19
24 21
25 7
36 82
53 68
74 3
94 33
24 35
25 7
51 98
52 26
33 98
34 17
32 98
33 94
76 4
21 52
94 35
58 35
61 64
62 73
51 64
86 60
50 98
51 64
36 44
91 6
24 68
25 7
36 75
91 6
94 60
93 70
6 75
88 91
46 92
77 64
8 21
86 58
93 98
94 40
9 59
91 58
73 100
80 92
16 12
67 91
71 75
70 1
16 43
67 91
19 75
20 56
63 20
42 11
8 79
28 100
57 44
56 93
51 86
64 38
19 17
20 56
39 3
57 32
63 38
42 11
24 81
25 7
7 81
40 79
46 75
77 64
72 98
73 57
36 31
4 19
25 91
33 18
36 60
75 90
39 79
59 34
51 48
2 76
56 82
57 25
61 26
34 45
51 38
12 86
50 79
70 83
8 81
26 98
24 17
25 7
36 44
91 6
36 35
100 15
73 98
74 86
85 17
67 56
42 66
75 90
51 79
71 45
8 86
21 93
61 100
62 73
8 60
47 19
74 75
94 33
51 81
69 43
40 66
73 6
9 100
91 58
24 17
25 7
93 3
45 91
9 90
91 58
39 47
91 66
25 64
60 45
32 66
65 26
57 21
56 93
40 29
8 41
72 43
73 57
32 34
11 72
76 43
21 52
9 100
91 58
50 64
90 3
50 91
58 71
56 4
57 25
93 65
45 91
93 90
45 91
14 90
23 54
24 91
32 14
55 66
56 62
94 29
93 70
7 4
40 79
33 82
62 45
42 75
3 18
51 21
29 3
74 79
94 33
9 4
91 58
39 92
46 21
93 4
45 91
80 79
100 56
39 64
57 32
25 54
70 55
24 68
25 7
36 35
100 15
72 35
73 57
6 29
88 91
56 3
57 25
8 86
21 93
25 54
70 55
13 60
69 6
24 12
25 7
6 43
88 91
42 79
62 77
6 29
88 91
13 91
21 58
51 26
24 98
40 17
22 55
9 21
91 58
2 81
20 26
94 29
93 70
40 11
8 41
16 91
24 48
36 75
91 6
51 48
2 76
74 3
94 33
50 20
90 3
93 3
45 91
57 70
86 23
80 62
17 73
32 79
52 13
2 34
15 21
74 91
82 21
61 4
62 73
55 92
56 62
74 82
94 33
24 43
25 7
7 68
40 79
45 98
46 43
36 31
4 19
14 21
31 62
80 60
19 75
73 38
80 92
61 65
62 73
16 21
67 91
9 91
17 84
50 62
87 100
16 20
67 91
72 44
73 57
40 92
8 41
55 17
56 62
39 62
76 51
45 87
57 54
57 81
75 12
24 62
61 43
25 100
24 9
19 92
20 56
9 70
91 58
9 68
91 58
85 31
53 42
50 4
90 3
6 86
88 91
33 100
62 45
50 59
90 3
51 90
60 34
50 65
90 3
16 86
67 91
9 12
91 58
74 48
25 64
8 98
9 81
2 54
47 53
42 64
3 18
71 66
4 35
9 17
91 58
50 79
70 83
2 91
10 16
33 90
62 45
50 47
90 3
94 34
93 70
57 62
94 31
72 98
73 57
74 54
19 58
51 54
96 70
61 12
62 73
63 82
42 11
25 59
65 50
19 4
20 56
94 35
58 35
74 100
94 33
72 59
73 57
74 3
94 33
51 64
86 60
33 21
62 45
7 21
40 79
40 47
8 41
85 70
14 3
94 44
93 70
46 59
77 64
45 48
96 93
63 4
42 11
39 59
79 54
46 79
77 64
73 4
80 92
19 17
20 56
46 66
79 66
13 79
33 70
50 75
90 3
51 17
33 7
80 59
20 76
2 98
3 9
85 100
5 94
6 4
88 91
61 11
62 73
14 100
31 62
76 12
21 52
63 29
42 11
14 43
70 1
94 81
12 89
57 29
56 93
16 90
67 91
76 92
21 52
24 86
25 7
45 81
63 60
93 70
22 68
14 70
43 74
16 75
67 91
50 3
90 3
85 59
5 94
46 70
77 64
42 48
93 8
8 90
17 89
45 92
52 49
71 54
16 47
56 54
57 25
32 98
33 94
85 90
5 94
42 98
43 58
51 54
96 70
94 98
95 72
61 21
62 73
63 17
45 14
24 92
25 7
51 34
16 90
72 90
73 57
13 29
69 6
56 44
57 25
93 47
45 91
7 70
40 79
39 47
91 66
73 44
80 92
51 92
58 32
80 64
15 71
39 26
12 87
33 70
62 45
80 90
89 45
19 47
20 56
24 75
25 7
45 70
74 71
8 4
95 67
57 100
56 93
2 59
42 48
42 64
3 18
93 100
45 91
32 92
39 100
16 64
67 91
24 48
25 7
42 4
3 18
50 70
79 92
46 87
77 64
63 79
83 52
40 17
22 55
51 3
39 13
76 90
21 52
39 70
68 43
36 82
53 68
25 11
13 98
50 3
90 3
24 31
25 7
72 35
73 57
8 44
95 67
25 92
32 17
32 68
63 24
42 48
93 8
39 48
90 65
8 100
7 79
73 29
80 92
50 3
90 3
73 38
80 92
7 35
71 10
76 11
21 52
13 66
46 83
32 64
11 72
51 44
6 80
56 17
57 25
93 48
44 90
45 31
13 10
16 75
67 91
80 81
98 54
16 59
67 91
32 29
11 72
80 100
79 35
40 65
8 41
33 31
62 45
24 59
25 7
9 64
91 58
7 31
40 79
6 4
88 91
13 17
95 32
2 17
84 90
55 3
56 62
71 47
23 54
46 62
83 70
45 79
65 62
80 90
89 45
51 82
68 42
57 54
2 39
50 66
83 96
61 29
62 73
32 79
52 13
85 60
5 94
32 70
61 22
36 59
76 91
25 43
81 66
76 4
21 52
7 11
40 79
80 98
81 37
71 3
70 1
8 26
81 53
57 86
56 93
36 75
91 6
9 47
91 58
50 12
90 3
19 4
20 56
6 34
88 91
56 66
57 25
71 62
8 39
2 43
58 64
85 70
14 3
36 65
70 85
46 86
77 64
14 70
43 74
39 43
95 70
71 17
53 84
71 47
23 54
46 87
77 64
74 38
94 33
50 35
14 27
74 20
94 33
36 48
87 2
9 75
91 58
51 92
58 32
40 60
8 41
51 38
12 86
13 54
58 95
7 87
40 79
93 3
45 91
8 54
53 25
50 64
90 3
46 86
77 64
73 48
24 36
14 29
31 62
7 4
40 79
63 92
70 39
85 48
36 25
25 87
37 22
33 82
62 45
7 98
8 47
9 91
17 84
74 34
94 33
42 4
3 18
72 90
73 57
13 75
69 6
71 70
100 31
76 31
21 52
45 54
90 87
7 11
40 79
32 38
11 72
71 4
70 1
7 26
80 19
16 92
67 91
14 82
31 62
51 47
3 77
8 31
76 48
76 66
21 52
6 35
88 91
93 82
45 91
14 12
31 62
80 60
19 75
6 64
88 91
7 100
40 79
85 81
5 94
6 31
88 91
80 68
11 67
16 43
67 91
2 44
15 21
61 4
62 73
74 34
94 33
9 34
91 58
74 43
94 33
25 70
54 39
8 43
64 36
73 29
80 92
93 86
45 91
63 100
42 11
63 48
14 83
45 34
79 76
14 35
78 9
42 79
62 77
19 21
20 56
36 87
48 63
73 98
74 86
76 21
21 52
25 66
58 43
57 100
56 93
51 43
7 81
51 100
50 24
13 17
95 32
40 86
8 41
55 35
56 62
6 100
88 91
39 44
57 32
9 12
91 58
24 60
25 7
73 62
10 22
13 90
69 6
40 34
8 41
7 86
40 79
39 70
68 43
24 60
25 7
13 3
69 6
74 43
94 33
63 20
42 11
55 35
56 62
85 26
58 47
8 65
42 14
40 59
8 41
55 100
56 62
42 38
3 18
46 87
77 64
33 60
62 45
63 35
27 96
50 35
14 27
71 29
70 1
32 62
69 30
76 59
21 52
63 90
42 11
8 26
81 53
56 20
57 25
45 21
79 76
6 38
88 91
33 20
62 45
7 75
40 79
9 21
91 58
76 60
21 52
63 92
70 39
39 65
57 32
50 38
90 3
13 82
69 6
19 82
20 56
6 34
88 91
24 34
25 7
73 11
80 92
76 26
49 80
76 59
21 52
94 92
1 78
40 29
8 41
74 44
94 33
14 17
96 27
16 26
89 13
93 62
30 76
6 91
14 17
2 81
20 26
51 62
88 62
33 66
66 49
93 59
33 79
8 98
9 81
8 54
53 25
16 31
67 91
50 54
95 8
46 62
83 70
45 65
79 76
94 100
93 70
94 47
46 23
72 65
73 57
85 38
5 94
25 66
58 43
76 62
13 44
36 92
43 58
2 38
63 69
61 44
62 73
72 62
9 93
85 64
5 94
25 60
64 49
16 38
67 91
36 44
91 6
32 64
11 72
56 34
57 25
45 66
78 75
16 87
67 91
55 26
28 34
19 12
20 56
74 82
94 33
6 21
88 91
72 26
45 29
32 75
11 72
45 54
90 87
72 59
73 57
9 34
91 58
25 17
7 92
19 87
20 56
76 66
21 52
73 65
80 92
16 20
67 91
56 29
57 25
33 87
62 45
72 70
73 57
85 66
18 7
36 43
92 7
32 68
63 24
2 100
1 7
73 48
24 36
93 54
38 84
40 48
91 24
13 34
69 6
39 98
40 15
2 90
11 17
16 47
67 91
80 66
13 69
9 17
91 58
6 62
43 46
42 12
3 18
2 70
31 37
36 54
81 96
13 87
25 62
8 75
95 67
51 20
30 4
14 92
21 52
76 4
21 52
51 75
39 13
71 34
70 1
46 82
77 64
36 98
37 52
42 31
10 25
2 60
41 47
14 34
31 62
16 26
89 13
6 75
88 91
63 48
14 83
61 60
62 73
73 81
80 92
74 31
42 81
19 92
20 56
56 34
57 25
51 17
33 7
40 62
77 10
14 86
31 62
50 66
83 96
50 87
62 75
39 11
57 32
73 54
18 30
36 64
71 86
57 81
75 12
51 90
60 34
42 81
60 75
50 65
90 3
73 91
81 93
61 44
62 73
39 92
46 21
55 17
56 62
2 44
15 21
63 43
19 88
51 92
58 32
39 17
21 96
33 12
62 45
33 82
62 45
9 43
91 58
13 59
69 6
80 31
48 4
7 44
40 79
7 38
40 79
74 98
75 14
25 4
21 6
51 65
85 59
94 79
14 91
85 59
5 94
7 12
40 79
6 43
88 91
74 12
94 33
33 34
62 45
72 26
45 29
13 64
69 6
72 60
73 57
72 44
73 57
2 92
9 15
93 90
45 91
7 66
40 79
51 4
39 13
63 60
42 11
73 91
81 93
33 43
62 45
71 21
70 1
39 12
57 32
19 64
20 56
32 86
11 72
73 3
80 92
76 82
21 52
7 44
40 79
36 48
87 2
2 44
15 21
51 75
39 13
25 68
56 41
93 47
45 91
57 91
65 2
9 20
91 58
14 3
31 62
9 70
91 58
13 31
81 18
74 11
94 33
51 70
80 54
14 26
87 18
42 43
98 13
63 4
42 11
36 65
70 85
51 44
6 80
25 31
93 78
24 12
25 7
55 43
56 62
56 81
57 25
40 87
8 41
56 12
57 25
56 64
57 25
61 64
62 73
7 87
40 79
42 48
93 8
40 81
8 41
7 70
40 79
8 31
76 48
56 29
57 25
57 100
56 93
50 91
58 71
63 3
42 11
32 29
11 72
71 64
70 1
57 68
88 25
61 34
62 73
36 81
54 69
50 4
90 3
39 91
47 22
85 47
5 94
32 81
11 72
93 17
75 21
2 3
15 21
61 68
62 73
8 43
64 36
51 86
64 38
24 4
25 7
8 60
47 19
51 81
69 43
13 17
95 32
2 98
3 9
9 38
91 58
80 12
67 23
8 66
41 13
40 38
8 41
61 79
62 73
72 60
73 57
56 43
57 25
9 60
91 58
45 44
79 76
33 62
70 53
80 31
48 4
45 21
79 76
94 81
12 89
32 3
11 72
7 34
40 79
63 43
19 88
93 26
66 12
46 3
77 64
8 34
95 67
32 64
11 72
85 11
5 94
9 81
91 58
56 98
57 25
19 65
20 56
32 31
100 61
85 54
30 19
71 34
70 1
76 54
21 52
7 87
40 79
76 29
21 52
72 100
73 57
61 82
62 73
32 66
65 26
14 66
47 78
6 34
88 91
61 79
62 73
61 26
34 45
51 44
6 80
50 82
90 3
80 11
45 1
85 17
67 56
57 48
8 45
46 34
77 64
16 60
67 91
73 91
81 93
50 54
95 8
74 81
94 33
93 65
45 91
63 54
8 77
2 75
15 21
71 48
22 53
55 54
56 62
42 87
54 69
13 35
77 14
7 34
40 79
42 79
62 77
80 3
45 1
7 3
40 79
6 90
88 91
45 100
79 76
85 79
5 94
2 26
75 81
24 20
25 7
85 90
5 94
85 3
5 94
25 60
64 49
24 21
25 7
33 3
62 45
46 54
91 78
50 65
90 3
93 11
45 91
46 81
77 64
13 75
69 6
56 54
57 25
51 87
63 37
40 4
8 41
45 47
97 94
16 86
67 91
19 60
20 56
36 62
73 88
51 62
88 62
46 98
47 34
19 59
20 56
40 70
69 2
13 34
69 6
94 31
62 39
24 35
25 7
40 90
8 41
14 81
32 63
45 34
79 76
13 90
69 6
33 79
62 45
7 82
40 79
2 38
63 69
24 31
25 7
2 26
75 81
36 66
69 84
32 35
96 57
94 48
45 22
6 12
88 91
57 17
39 76
63 35
27 96
33 92
62 45
73 17
55 67
39 26
12 87
57 59
97 34
24 64
25 7
14 100
31 62
39 68
70 45
51 29
21 95
8 91
16 88
13 48
64 1
61 38
62 73
14 87
26 57
8 35
72 44
33 79
62 45
76 3
21 52
19 64
20 56
25 20
4 89
74 81
94 33
8 86
21 93
36 38
97 12
16 66
49 73
42 59
82 97
73 60
80 92
40 82
8 41
9 44
91 58
42 20
21 36
46 35
10 97
25 92
32 17
94 79
14 91
40 60
8 41
14 34
31 62
85 21
5 94
46 35
10 97
72 62
9 93
72 91
80 64
74 59
94 33
74 11
94 33
13 82
69 6
19 79
20 56
46 20
77 64
80 92
87 43
94 43
50 27
80 70
9 65
94 87
6 83
16 62
53 77
73 48
24 36
32 87
44 5
46 66
79 66
19 44
20 56
39 82
57 32
24 65
25 7
36 47
88 3
80 29
45 1
74 34
94 33
24 44
25 7
36 11
91 6
63 100
42 11
32 81
11 72
39 75
57 32
2 11
15 21
19 29
20 56
32 38
11 72
16 17
98 22
7 59
40 79
61 98
62 73
80 70
9 65
46 12
77 64
14 59
54 85
14 54
59 90
85 75
5 94
73 4
80 92
19 4
20 56
76 38
21 52
63 66
96 65
46 82
77 64
51 91
59 33
24 12
25 7
13 12
69 6
93 70
22 68
7 21
40 79
74 82
94 33
50 44
90 3
32 20
11 72
50 3
90 3
94 38
55 32
6 43
88 91
32 75
11 72
36 12
23 38
33 82
62 45
46 75
77 64
73 21
80 92
39 60
57 32
6 82
88 91
50 38
90 3
85 100
5 94
36 11
91 6
36 20
15 30
13 98
14 51
51 20
30 4
42 21
3 18
56 26
29 97
93 79
13 59
61 92
62 73
56 75
57 25
73 29
80 92
6 35
88 91
45 21
79 76
50 11
90 3
7 79
40 79
36 66
69 84
16 98
17 41
24 64
25 7
80 91
88 44
72 35
73 57
61 82
62 73
61 29
62 73
7 68
40 79
74 38
94 33
74 17
56 95
74 91
82 21
93 20
72 18
46 98
47 34
61 48
62 73
73 4
80 92
19 34
20 56
14 86
31 62
19 66
20 56
50 3
90 3
25 86
38 23
93 54
38 84
72 38
73 57
36 92
43 58
73 34
80 92
72 81
73 57
71 62
8 39
32 81
11 72
39 79
59 34
39 34
57 32
14 87
26 57
32 12
11 72
63 92
70 39
85 29
5 94
61 60
62 73
16 17
98 22
56 87
57 25
8 21
86 58
36 12
23 38
2 60
41 47
45 86
79 76
93 64
45 91
74 26
47 86
51 26
24 98
33 75
62 45
93 11
45 91
42 98
43 58
6 65
88 91
24 60
25 7
25 47
77 62
42 12
3 18
32 64
11 72
7 87
40 79
57 34
56 93
55 64
56 62
57 98
58 95
36 3
91 6
9 68
91 58
72 3
73 57
2 65
36 42
72 90
73 57
50 98
51 64
36 35
100 15
2 81
20 26
74 86
94 33
25 11
13 98
61 100
62 73
71 43
27 58
45 59
85 82
63 92
70 39
85 4
5 94
74 60
94 33
7 79
40 79
13 54
58 95
93 48
44 90
73 60
80 92
74 21
94 33
76 29
21 52
51 21
29 3
32 62
69 30
13 65
69 6
25 100
24 9
80 91
88 44
16 43
67 91
71 20
50 81
19 29
20 56
33 60
62 45
63 59
3 72
63 62
100 69
46 79
77 64
19 59
20 56
8 3
95 67
51 3
39 13
9 91
17 84
7 48
40 79
42 75
3 18
51 100
50 24
94 12
93 70
36 3
91 6
39 90
48 23
32 17
14 75
45 47
97 94
51 75
39 13
93 98
94 40
74 59
94 33
16 34
67 91
85 20
5 94
45 79
65 62
93 47
45 91
40 31
8 41
24 79
25 7
61 65
62 73
7 43
40 79
32 20
11 72
33 26
6 89
36 98
37 52
73 48
24 36
39 82
57 32
85 65
5 94
71 64
70 1
33 29
62 45
85 12
5 94
45 21
79 76
61 29
62 73
63 87
75 44
6 65
88 91
94 86
93 70
93 81
45 91
61 4
62 73
46 75
77 64
57 59
97 34
72 29
73 57
7 44
40 79
42 47
94 9
6 21
88 91
56 44
57 25
19 26
92 28
6 70
88 91
85 44
5 94
80 92
87 43
63 82
42 11
33 3
62 45
13 87
25 62
39 68
70 45
56 11
57 25
51 60
90 64
13 91
21 58
57 87
69 6
19 98
20 56
42 47
94 9
80 38
41 97
16 34
67 91
7 100
40 79
36 81
54 69
40 44
8 41
51 60
90 64
74 12
94 33
19 86
20 56
25 91
33 18
14 60
31 62
85 87
5 94
46 20
77 64
73 66
6 18
93 38
45 91
51 82
68 42
76 68
21 52
50 4
90 3
71 59
11 42
80 91
88 44
39 79
59 34
57 35
21 58
2 75
15 21
45 12
79 76
6 26
79 82
33 17
15 98
33 68
64 47
32 34
11 72
19 54
20 56
61 31
62 73
46 98
47 34
80 64
15 71
39 34
57 32
39 59
79 54
56 100
57 25
74 12
94 33
36 4
91 6
61 48
62 73
45 3
79 76
45 70
74 71
9 47
91 58
93 59
33 79
9 62
46 13
93 62
30 76
94 68
25 2
94 11
93 70
36 11
91 6
71 100
70 1
42 66
75 90
40 35
4 37
57 64
56 93
76 31
21 52
72 17
73 57
14 26
87 18
71 66
4 35
2 43
58 64
51 34
16 90
42 31
10 25
14 100
31 62
19 70
20 56
94 100
93 70
76 54
21 52
51 48
2 76
57 92
64 1
24 81
25 7
14 86
31 62
73 68
4 16
80 20
59 15
73 29
80 92
16 90
67 91
24 21
25 7
51 81
69 43
8 31
76 48
56 90
57 25
39 66
72 47
42 91
50 65
85 62
22 11
74 60
94 33
14 87
26 57
39 98
40 15
45 62
82 79
50 31
18 31
9 17
91 58
24 26
97 79
50 65
90 3
94 60
93 70
32 4
11 72
71 64
70 1
24 81
25 7
50 20
90 3
57 79
77 14
50 86
90 3
46 20
77 64
8 3
95 67
8 47
60 32
19 79
20 56
2 82
19 25
42 35
6 21
42 86
3 18
39 38
57 32
25 34
90 75
45 3
79 76
57 91
65 2
93 21
45 91
71 31
39 70
94 26
67 44
57 12
56 93
40 64
8 41
71 62
8 39
63 21
42 11
8 26
81 53
39 62
76 51
61 70
62 73
14 34
31 62
50 70
79 92
74 75
94 33
50 75
90 3
73 87
80 92
74 65
94 33
45 35
9 6
56 65
57 25
32 68
63 24
42 98
43 58
72 29
73 57
46 48
77 64
33 81
62 45
72 44
73 57
9 3
91 58
74 92
81 20
57 3
56 93
80 87
92 48
80 98
81 37
61 20
62 73
56 82
57 25
56 62
93 61
61 59
62 73
2 87
14 20
45 65
79 76
39 20
18 93
57 75
56 93
45 62
82 79
25 11
13 98
24 59
25 7
93 81
45 91
14 4
31 62
46 12
77 64
8 35
72 44
33 98
34 17
2 44
15 21
50 31
18 31
7 81
40 79
6 66
88 91
24 17
25 7
63 34
42 11
33 82
62 45
55 3
56 62
72 54
73 57
63 81
42 11
93 68
24 70
6 29
88 91
9 20
91 58
33 29
62 45
13 38
69 6
32 21
11 72
61 31
62 73
9 81
91 58
72 35
73 57
8 4
95 67
45 91
53 50
45 66
78 75
74 43
94 33
19 64
20 56
57 59
97 34
51 35
15 89
42 11
3 18
45 38
79 76
93 64
45 91
72 21
73 57
80 54
25 81
57 12
56 93
33 20
62 45
93 44
45 91
71 26
44 75
51 47
3 77
19 81
20 56
40 38
8 41
80 48
31 87
32 79
52 13
24 98
25 7
32 100
11 72
2 31
70 76
32 26
5 66
50 21
90 3
2 4
15 21
39 70
68 43
93 54
38 84
72 62
9 93
2 20
81 87
71 87
83 14
7 54
52 91
13 54
58 95
32 75
11 72
16 35
80 4
72 60
73 57
32 90
11 72
32 59
72 33
50 34
90 3
46 81
77 64
72 26
45 29
39 90
48 23
24 44
25 7
74 92
81 20
55 3
56 62
6 44
88 91
25 59
65 50
9 81
91 58
57 62
94 31
32 4
11 72
33 17
15 98
93 75
45 91
50 17
32 45
61 82
62 73
63 65
42 11
39 11
57 32
40 11
8 41
40 86
8 41
73 48
24 36
19 90
20 56
94 90
3 80
2 48
53 59
9 31
91 58
14 98
15 46
6 59
88 91
42 62
79 94
40 31
8 41
72 90
73 57
39 98
40 15
24 47
25 7
63 75
42 11
40 54
85 18
61 31
62 73
6 92
88 91
36 43
92 7
7 59
40 79
74 70
3 42
50 81
90 3
33 75
62 45
2 59
42 48
94 60
93 70
50 64
90 3
57 82
74 11
57 59
97 34
73 34
80 92
7 90
40 79
80 92
87 43
9 54
91 58
7 44
40 79
85 38
5 94
25 62
62 47
55 64
56 62
72 82
73 57
56 48
57 25
74 92
81 20
74 65
94 33
51 31
19 93
6 47
88 91
6 48
88 91
40 29
8 41
13 98
14 51
94 59
34 11
74 21
94 33
74 54
19 58
93 64
45 91
57 87
69 6
42 54
87 2
46 54
91 78
9 60
91 58
55 82
56 62
7 12
40 79
56 87
57 25
76 54
21 52
74 31
42 81
16 68
47 71
25 81
43 28
6 79
88 91
14 60
31 62
16 29
67 91
73 66
6 18
24 70
25 7
80 60
19 75
50 4
90 3
51 48
2 76
55 38
56 62
57 3
56 93
19 92
20 56
2 60
41 47
32 43
88 49
42 75
3 18
80 62
17 73
8 75
95 67
39 12
57 32
19 3
20 56
74 54
19 58
6 47
88 91
24 86
25 7
93 64
45 91
14 100
31 62
32 79
52 13
76 12
21 52
94 26
67 44
32 4
11 72
72 65
73 57
50 79
70 83
19 3
20 56
24 21
25 7
56 79
57 25
74 47
94 33
61 4
62 73
73 75
80 92
32 54
77 38
72 98
73 57
33 38
62 45
42 60
3 18
14 54
59 90
39 81
57 32
24 100
25 7
33 44
62 45
51 86
64 38
33 20
62 45
25 4
21 6
14 100
31 62
33 68
64 47
40 68
71 4
93 34
45 91
36 92
43 58
71 62
8 39
7 3
40 79
19 31
20 56
13 86
69 6
63 17
45 14
73 11
80 92
74 43
94 33
45 75
79 76
19 31
20 56
76 54
21 52
16 35
80 4
80 66
13 69
13 43
69 6
45 68
76 73
39 12
57 32
94 35
58 35
46 90
77 64
13 3
69 6
72 44
73 57
63 44
42 11
6 65
88 91
16 66
49 73
71 54
16 47
32 3
11 72
6 31
88 91
57 17
39 76
51 82
68 42
36 68
67 82
74 35
38 77
25 81
43 28
42 82
59 74
51 87
63 37
85 43
5 94
7 47
40 79
14 59
54 85
57 60
56 93
61 20
62 73
6 66
88 91
19 48
20 56
51 70
80 54
25 21
3 88
94 66
27 4
55 90
56 62
50 17
32 45
80 82
97 53
19 12
20 56
56 91
64 32
6 87
88 91
40 11
8 41
39 26
12 87
19 79
20 56
16 38
67 91
2 65
36 42
76 29
21 52
39 68
70 45
93 26
66 12
33 100
62 45
80 35
44 100
2 86
15 21
33 38
62 45
85 12
5 94
51 60
90 64
76 64
21 52
71 60
70 1
56 66
57 25
45 91
53 50
16 68
47 71
50 87
62 75
74 81
94 33
56 26
29 97
63 87
75 44
14 82
31 62
73 64
80 92
6 81
88 91
7 35
71 10
61 12
62 73
36 29
91 6
74 26
47 86
36 90
45 60
45 87
57 54
72 65
73 57
51 17
33 7
40 12
8 41
73 26
46 58
57 81
75 12
8 87
20 92
80 4
45 1
45 3
79 76
2 35
66 72
51 35
15 89
2 4
15 21
94 59
34 11
56 54
57 25
72 65
73 57
46 90
77 64
94 65
28 5
8 59
48 20
46 87
77 64
7 38
40 79
80 92
87 43
51 66
84 58
16 98
17 41
2 43
58 64
24 4
25 7
7 65
40 79
74 48
25 64
32 87
44 5
2 48
53 59
74 98
75 14
9 98
10 77
76 98
77 8
63 17
45 14
2 4
15 21
57 66
90 27
55 11
56 62
24 38
25 7
85 44
5 94
25 68
56 41
13 29
69 6
32 38
11 72
19 100
20 56
7 62
44 83
13 20
69 6
72 60
73 57
2 31
70 76
94 59
34 11
8 65
42 14
32 21
11 72
7 64
40 79
7 29
40 79
72 62
9 93
72 43
73 57
2 82
19 25
6 70
88 91
32 17
14 75
6 62
43 46
36 92
43 58
55 79
56 62
19 87
20 56
71 90
80 11
80 60
19 75
13 38
69 6
93 90
45 91
19 75
20 56
2 81
20 26
13 3
69 6
50 75
90 3
76 66
21 52
57 64
56 93
7 21
40 79
2 17
84 90
76 54
21 52
7 48
40 79
8 21
86 58
32 82
11 72
56 35
57 25
50 92
57 70
16 21
67 91
85 31
53 42
40 48
91 24
14 35
78 9
36 66
69 84
80 65
14 70
25 12
12 97
36 92
43 58
46 34
77 64
80 82
97 53
51 92
58 32
14 66
47 78
76 44
21 52
24 3
25 7
39 81
57 32
71 4
70 1
71 17
53 84
93 21
45 91
93 66
26 72
57 12
56 93
42 17
24 39
2 47
54 60
19 70
20 56
8 48
59 31
76 34
21 52
46 11
77 64
19 87
20 56
61 68
62 73
73 11
80 92
14 3
31 62
51 79
71 45
85 35
49 38
71 48
22 53
80 65
14 70
85 29
5 94
16 26
89 13
93 26
66 12
2 26
75 81
85 100
5 94
74 38
94 33
85 31
53 42
57 100
56 93
46 26
19 6
57 4
56 93
80 34
45 1
42 81
60 75
24 91
32 14
32 98
33 94
25 79
45 30
14 98
15 46
13 79
33 70
63 11
42 11
42 70
71 86
76 98
77 8
14 75
31 62
61 90
62 73
46 48
77 64
46 86
77 64
80 70
9 65
2 34
15 21
76 82
21 52
93 11
45 91
33 82
62 45
50 91
58 71
25 12
12 97
13 86
69 6
57 3
56 93
9 20
91 58
74 75
94 33
40 68
71 4
76 26
49 80
2 70
31 37
33 17
15 98
9 34
91 58
73 68
4 16
36 44
91 6
39 21
57 32
32 3
11 72
56 65
57 25
72 35
73 57
85 98
86 75
45 91
53 50
51 79
71 45
85 44
5 94
14 59
54 85
42 31
10 25
55 29
56 62
25 59
65 50
16 20
67 91
13 64
69 6
61 66
62 73
45 59
85 82
46 75
77 64
85 29
5 94
32 47
11 72
40 38
8 41
19 79
20 56
14 81
32 63
76 3
21 52
73 31
41 53
24 20
25 7
14 62
51 82
56 54
57 25
8 47
60 32
8 35
72 44
8 86
21 93
93 38
45 91
7 3
40 79
40 31
8 41
45 43
1 98
9 86
91 58
24 34
25 7
94 29
93 70
51 90
60 34
19 20
20 56
72 66
73 57
24 4
25 7
94 12
93 70
85 48
36 25
33 90
62 45
6 26
79 82
55 17
56 62
76 31
21 52
76 26
49 80
71 90
80 11
7 48
40 79
72 86
73 57
93 81
45 91
57 35
21 58
14 34
31 62
36 100
35 50
80 68
11 67
9 86
91 58
42 4
3 18
63 86
42 11
72 87
73 57
61 64
62 73
2 47
54 60
74 90
94 33
13 54
58 95
24 11
25 7
57 54
2 39
36 75
91 6
7 17
89 28
19 70
20 56
85 54
30 19
74 34
94 33
50 48
1 14
25 26
98 83
45 31
13 10
73 81
80 92
93 47
45 91
74 12
94 33
74 59
94 33
42 65
76 91
2 64
37 43
63 98
64 33
8 90
17 89
50 11
90 3
42 31
10 25
33 35
97 80
40 29
8 41
51 20
30 4
2 3
15 21
74 34
94 33
93 68
24 70
56 66
57 25
19 29
20 56
71 65
5 36
32 81
11 72
33 11
62 45
19 26
92 28
94 34
93 70
72 20
73 57
9 75
91 58
51 3
39 13
8 75
95 67
63 20
42 11
8 68
39 11
36 79
56 71
32 64
11 72
2 68
33 39
33 43
62 45
72 65
73 57
42 21
3 18
55 12
56 62
50 31
18 31
51 86
64 38
8 26
81 53
73 35
37 49
56 43
57 25
74 70
3 42
40 75
8 41
7 29
40 79
72 31
73 57
76 86
21 52
25 98
26 11
13 62
50 87
80 3
45 1
19 75
20 56
80 26
53 9
55 3
56 62
57 48
8 45
73 29
80 92
94 31
62 39
73 31
41 53
40 21
8 41
85 21
5 94
13 26
86 23
13 65
69 6
72 34
73 57
74 100
94 33
14 38
31 62
6 47
88 91
6 4
88 91
46 35
10 97
2 21
80 86
36 35
100 15
16 17
98 22
93 60
45 91
94 59
34 11
93 29
45 91
19 4
20 56
33 20
62 45
73 66
6 18
57 34
56 93
55 68
56 62
16 3
67 91
9 21
91 58
42 29
3 18
57 3
56 93
71 82
88 19
85 90
5 94
46 43
77 64
19 66
20 56
74 48
25 64
61 68
62 73
24 43
25 7
56 54
57 25
85 34
5 94
74 34
94 33
51 92
58 32
13 3
69 6
76 17
58 89
6 70
88 91
16 21
67 91
94 79
14 91
73 90
80 92
57 66
90 27
46 91
54 41
51 68
82 56
14 44
31 62
85 20
5 94
45 87
57 54
57 92
64 1
46 20
77 64
6 64
88 91
63 31
31 100
7 92
40 79
46 3
77 64
57 82
74 11
9 79
91 58
32 100
11 72
8 60
47 19
36 92
43 58
73 86
80 92
32 34
11 72
13 70
42 79
56 17
57 25
74 62
11 50
9 70
91 58
51 86
64 38
94 21
93 70
8 60
47 19
57 60
56 93
80 68
11 67
63 92
70 39
73 12
80 92
19 82
20 56
46 29
77 64
33 20
62 45
56 31
57 25
94 26
67 44
33 60
62 45
2 86
15 21
46 100
77 64
16 54
61 85
42 4
3 18
25 62
62 47
7 43
40 79
63 17
45 14
42 79
62 77
56 43
57 25
55 91
63 69
25 68
56 41
16 87
67 91
72 12
73 57
72 12
73 57
42 54
87 2
9 34
91 58
42 17
24 39
50 98
51 64
55 91
63 69
94 62
31 8
40 44
8 41
45 92
52 49
51 98
52 26
85 92
92 81
32 92
39 100
46 20
77 64
46 68
77 64
61 12
62 73
40 90
8 41
36 59
76 91
80 3
45 1
50 68
81 94
57 75
56 93
33 81
62 45
76 43
21 52
39 44
57 32
85 60
5 94
2 92
9 15
50 66
83 96
13 87
25 62
93 48
44 90
63 62
100 69
42 100
3 18
61 31
62 73
24 66
25 7
45 81
63 60
40 47
8 41
13 3
69 6
45 65
79 76
36 62
73 88
85 17
67 56
71 26
44 75
24 54
25 7
76 65
21 52
50 47
90 3
39 43
95 70
46 65
77 64
74 48
25 64
42 100
3 18
24 91
32 14
50 100
90 3
46 54
91 78
24 21
25 7
32 38
11 72
56 98
57 25
61 98
62 73
93 70
22 68
55 64
56 62
57 4
56 93
24 47
25 7
9 48
91 58
71 70
100 31
50 65
90 3
71 44
70 1
80 11
45 1
94 81
12 89
32 47
11 72
57 65
91 28
57 86
56 93
32 47
11 72
73 98
74 86
14 98
15 46
42 48
93 8
56 44
57 25
8 44
95 67
6 100
88 91
71 48
22 53
46 26
19 6
71 75
70 1
32 3
11 72
9 48
91 58
40 79
8 41
14 60
31 62
6 68
88 91
71 79
91 22
72 92
73 57
2 21
80 86
33 4
62 45
51 54
96 70
63 59
3 72
42 70
71 86
19 90
20 56
46 60
77 64
85 60
5 94
51 38
12 86
71 87
83 14
42 64
3 18
42 43
98 13
93 90
45 91
16 82
67 91
80 38
41 97
55 98
56 62
45 60
79 76
24 66
25 7
85 4
5 94
74 82
94 33
36 3
91 6
6 60
88 91
74 31
42 81
2 60
41 47
85 87
5 94
93 12
45 91
2 48
53 59
7 21
40 79
40 3
8 41
14 4
31 62
57 82
74 11
25 100
24 9
56 60
57 25
85 12
5 94
7 34
40 79
63 3
42 11
40 54
85 18
8 29
95 67
33 87
62 45
19 11
20 56
33 34
62 45
72 26
45 29
61 68
62 73
76 34
21 52
8 68
39 11
8 35
72 44
94 47
46 23
72 21
73 57
51 90
60 34
9 38
91 58
2 59
42 48
24 20
25 7
32 47
11 72
56 54
57 25
6 91
14 17
85 26
58 47
55 12
56 62
73 31
41 53
50 68
81 94
74 60
94 33
63 4
42 11
2 20
81 87
80 79
100 56
57 17
39 76
56 59
57 25
19 64
20 56
16 92
67 91
40 35
4 37
71 4
70 1
71 62
8 39
94 100
93 70
6 4
88 91
9 90
91 58
6 91
14 17
16 64
67 91
93 82
45 91
9 90
91 58
56 70
57 25
7 68
40 79
51 59
91 65
71 47
23 54
94 43
50 27
61 86
62 73
42 70
71 86
6 65
88 91
50 29
90 3
42 92
49 64
16 48
67 91
7 59
40 79
46 44
77 64
73 29
80 92
93 98
94 40
63 3
42 11
57 38
18 55
85 34
5 94
7 31
40 79
72 31
73 57
9 87
91 58
45 21
79 76
8 59
48 20
71 70
100 31
45 3
79 76
40 20
8 41
85 54
30 19
76 79
21 52
32 70
61 22
73 38
80 92
63 11
42 11
25 12
12 97
55 54
56 62
8 34
95 67
72 35
73 57
57 68
88 25
25 21
3 88
40 64
8 41
19 20
20 56
51 4
39 13
32 3
11 72
40 47
8 41
76 81
21 52
8 86
21 93
50 87
62 75
72 75
73 57
8 29
95 67
45 48
96 93
9 87
91 58
74 3
94 33
46 43
77 64
63 65
42 11
57 68
88 25
46 64
77 64
6 4
88 91
74 48
25 64
93 26
66 12
72 91
80 64
46 60
77 64
8 54
53 25
8 3
95 67
55 38
56 62
46 86
77 64
33 44
62 45
32 54
77 38
9 11
91 58
63 65
42 11
50 59
90 3
85 65
5 94
57 70
86 23
40 35
4 37
6 17
88 91
33 60
62 45
76 81
21 52
7 48
40 79
76 38
21 52
16 65
67 91
72 34
73 57
8 92
15 87
51 68
82 56
19 70
20 56
57 29
56 93
8 98
9 81
93 4
45 91
16 68
47 71
72 38
73 57
6 70
88 91
25 48
76 61
14 82
31 62
72 26
45 29
85 86
5 94
85 66
18 7
25 44
80 65
14 4
31 62
9 12
91 58
2 90
11 17
93 62
30 76
85 60
5 94
39 86
57 32
8 64
43 15
45 75
79 76
85 82
5 94
80 75
45 1
39 21
57 32
39 3
57 32
85 26
58 47
57 38
18 55
39 79
59 34
36 62
73 88
40 87
8 41
50 44
90 3
13 90
69 6
61 12
62 73
33 98
34 17
25 20
4 89
8 87
20 92
94 91
2 79
73 11
80 92
2 70
31 37
19 75
20 56
36 29
91 6
33 66
66 49
40 21
8 41
39 4
57 32
56 60
57 25
55 92
56 62
14 75
31 62
50 75
90 3
9 100
91 58
33 31
62 45
19 17
20 56
55 38
56 62
36 81
54 69
8 92
15 87
46 31
77 64
74 87
94 33
76 70
21 52
24 100
25 7
33 60
62 45
2 38
63 69
56 20
57 25
56 59
57 25
6 91
14 17
14 98
15 46
16 47
67 91
72 26
45 29
56 48
57 25
80 98
81 37
13 66
46 83
8 60
47 19
94 66
27 4
19 98
20 56
33 12
62 45
57 86
56 93
36 90
45 60
56 66
57 25
16 79
67 91
46 59
77 64
80 65
14 70
9 82
91 58
61 98
62 73
63 54
8 77
63 47
42 11
71 21
70 1
39 66
72 47
33 31
62 45
14 12
31 62
14 3
31 62
24 100
25 7
25 66
58 43
36 21
14 29
55 20
56 62
7 90
40 79
57 43
13 50
57 44
56 93
76 17
58 89
16 3
67 91
16 79
67 91
51 20
30 4
74 26
47 86
46 65
77 64
40 35
4 37
13 68
44 81
19 81
20 56
19 81
20 56
93 35
57 3
46 92
77 64
7 29
40 79
7 86
40 79
14 17
96 27
51 64
86 60
6 20
88 91
46 68
77 64
33 47
62 45
8 98
9 81
14 11
31 62
42 87
54 69
2 26
75 81
80 87
92 48
16 35
80 4
16 66
49 73
73 29
80 92
55 68
56 62
8 59
48 20
71 98
72 3
2 47
54 60
19 38
20 56
9 34
91 58
14 54
59 90
40 54
85 18
6 81
88 91
56 54
57 25
2 68
33 39
55 86
56 62
55 64
56 62
80 82
97 53
55 44
56 62
25 64
60 45
61 54
62 73
42 86
3 18
85 44
5 94
45 68
76 73
61 44
62 73
57 70
86 23
72 48
73 57
71 81
89 20
7 81
40 79
85 100
5 94
72 98
73 57
51 17
33 7
7 62
44 83
13 3
69 6
19 65
20 56
46 75
77 64
61 98
62 73
80 92
87 43
94 26
67 44
50 11
90 3
40 64
8 41
61 87
62 73
32 17
14 75
63 70
92 61
56 54
57 25
14 98
15 46
36 100
35 50
76 82
21 52
19 68
20 56
85 31
53 42
63 4
42 11
9 38
91 58
42 31
10 25
25 43
81 66
46 17
28 15
25 82
42 27
7 62
44 83
55 48
56 62
13 29
69 6
73 44
80 92
55 43
56 62
57 35
21 58
80 59
20 76
80 81
98 54
40 48
91 24
74 48
25 64
42 65
76 91
40 44
8 41
13 43
69 6
25 86
38 23
73 87
80 92
40 86
8 41
51 87
63 37
57 12
56 93
57 21
56 93
13 65
69 6
40 44
8 41
94 31
62 39
85 68
16 5
33 44
62 45
85 62
22 11
14 21
31 62
46 34
77 64
50 47
90 3
40 38
8 41
71 17
53 84
45 48
96 93
33 70
62 45
33 79
62 45
55 68
56 62
57 87
69 6
73 62
10 22
61 98
62 73
46 38
77 64
40 21
8 41
72 79
73 57
45 59
85 82
36 70
65 80
16 92
67 91
33 65
62 45
14 91
22 53
40 34
8 41
94 3
93 70
32 70
61 22
51 91
59 33
46 48
77 64
94 91
2 79
9 31
91 58
2 11
15 21
71 44
70 1
25 29
95 80
85 54
30 19
45 81
63 60
56 82
57 25
71 17
53 84
8 29
95 67
24 31
25 7
46 21
77 64
45 66
78 75
14 64
31 62
42 59
82 97
80 100
79 35
63 87
75 44
16 90
67 91
33 43
62 45
24 66
25 7
74 43
94 33
74 48
25 64
6 48
88 91
25 62
62 47
2 68
33 39
56 34
57 25
42 44
3 18
16 47
67 91
32 79
52 13
13 43
69 6
71 35
35 66
42 60
3 18
14 3
31 62
9 68
91 58
56 87
57 25
40 44
8 41
56 11
57 25
32 68
63 24
50 29
90 3
19 90
20 56
6 87
88 91
32 47
11 72
8 29
95 67
36 66
69 84
72 34
73 57
6 34
88 91
6 86
88 91
72 66
73 57
8 68
39 11
56 64
57 25
7 21
40 79
9 59
91 58
63 68
94 63
42 21
3 18
13 31
81 18
40 29
8 41
19 17
20 56
74 20
94 33
76 54
21 52
39 54
84 59
46 100
77 64
71 86
70 1
85 44
5 94
85 4
5 94
45 38
79 76
85 62
22 11
42 38
3 18
61 31
62 73
71 48
22 53
16 38
67 91
50 34
90 3
7 43
40 79
46 47
77 64
45 43
1 98
33 70
62 45
46 26
19 6
50 98
51 64
80 86
93 49
7 35
71 10
73 68
4 16
73 98
74 86
19 86
20 56
16 86
67 91
74 44
94 33
36 62
73 88
94 92
1 78
9 100
91 58
6 62
43 46
63 31
31 100
45 66
78 75
51 26
24 98
56 44
57 25
56 43
57 25
2 82
19 25
14 34
31 62
76 81
21 52
85 64
5 94
6 34
88 91
61 35
62 73
51 44
6 80
56 44
57 25
8 90
17 89
94 12
93 70
74 29
94 33
14 38
31 62
61 43
62 73
19 70
20 56
93 20
72 18
19 92
20 56
57 81
75 12
2 91
10 16
93 31
61 7
61 79
62 73
14 35
78 9
73 81
80 92
76 3
21 52
51 38
12 86
85 91
93 82
2 59
42 48
36 47
88 3
57 68
88 25
6 66
88 91
56 98
57 25
71 98
72 3
19 66
20 56
6 75
88 91
25 44
80 65
24 26
97 79
19 75
20 56
46 43
77 64
8 87
20 92
14 43
70 1
50 66
83 96
13 54
58 95
6 20
88 91
24 48
25 7
32 54
77 38
94 17
76 53
72 86
73 57
94 64
93 70
9 82
91 58
24 38
25 7
32 62
69 30
71 21
70 1
93 65
45 91
7 100
40 79
56 48
57 25
55 59
56 62
24 20
25 7
39 48
90 65
74 98
75 14
93 21
45 91
45 62
82 79
71 59
11 42
50 65
90 3
32 54
77 38
16 91
24 48
42 34
3 18
63 11
42 11
8 12
95 67
56 68
57 25
85 65
5 94
8 17
90 62
33 91
41 24
9 11
91 58
61 20
62 73
76 75
21 52
25 43
81 66
8 47
60 32
51 54
96 70
51 47
3 77
73 92
80 92
46 68
77 64
39 82
57 32
93 3
45 91
14 82
31 62
80 91
88 44
76 82
21 52
8 70
37 9
94 62
31 8
42 90
51 66
57 44
56 93
51 82
68 42
6 11
88 91
7 54
52 91
72 100
73 57
72 68
73 57
40 92
8 41
73 62
10 22
6 54
88 91
24 17
25 7
45 4
79 76
73 66
6 18
61 12
62 73
39 43
95 70
71 59
11 42
76 81
21 52
2 47
54 60
71 70
100 31
85 75
5 94
45 3
79 76
50 4
90 3
73 3
80 92
42 3
3 18
7 3
40 79
33 66
66 49
50 48
1 14
51 59
91 65
36 86
49 64
51 91
59 33
55 65
56 62
13 62
50 87
94 4
93 70
33 54
78 61
32 21
11 72
13 12
69 6
72 100
73 57
57 34
56 93
76 17
58 89
2 66
35 41
61 92
62 73
76 4
21 52
85 21
5 94
9 47
91 58
63 66
96 65
50 87
62 75
74 81
94 33
14 60
31 62
39 62
76 51
32 20
11 72
80 68
11 67
63 68
94 63
6 92
88 91
94 21
93 70
61 92
62 73
76 62
13 44
7 17
89 28
25 60
64 49
39 59
79 54
80 3
45 1
14 86
31 62
46 44
77 64
50 86
90 3
93 20
72 18
50 11
90 3
14 92
21 52
73 90
80 92
55 12
56 62
33 11
62 45
13 62
50 87
55 79
56 62
24 20
25 7
56 4
57 25
71 79
91 22
56 62
93 61
19 82
20 56
8 90
17 89
61 65
62 73
19 43
20 56
8 64
43 15
25 29
95 80
56 20
57 25
45 44
79 76
36 60
75 90
94 82
11 88
40 35
4 37
7 54
52 91
46 86
77 64
36 98
37 52
61 92
62 73
93 98
94 40
73 4
80 92
8 3
95 67
73 54
18 30
9 86
91 58
42 29
3 18
46 91
54 41
6 90
88 91
73 43
80 92
32 92
39 100
94 44
93 70
13 98
14 51
6 68
88 91
7 29
40 79
73 66
6 18
24 29
25 7
63 47
42 11
9 65
91 58
24 100
25 7
73 59
80 92
16 60
67 91
42 90
51 66
13 43
69 6
25 79
45 30
45 75
79 76
9 29
91 58
51 47
3 77
55 3
56 62
80 68
11 67
74 12
94 33
2 79
22 28
72 86
73 57
19 65
20 56
72 81
73 57
46 26
19 6
80 68
11 67
19 48
20 56
33 60
62 45
9 11
91 58
51 91
59 33
76 34
21 52
50 70
79 92
85 86
5 94
50 3
90 3
33 3
62 45
40 4
8 41
45 62
82 79
57 29
56 93
36 60
75 90
61 4
62 73
45 26
18 15
2 29
15 21
56 29
57 25
85 65
5 94
8 100
7 79
71 90
80 11
72 17
73 57
80 26
53 9
13 11
69 6
57 4
56 93
80 35
44 100
36 92
43 58
50 31
18 31
36 75
91 6
32 35
96 57
94 43
50 27
7 54
52 91
13 29
69 6
8 38
69 41
33 29
62 45
50 91
58 71
9 86
91 58
24 44
25 7
33 29
62 45
50 75
90 3
16 47
67 91
9 4
91 58
51 62
88 62
7 91
15 54
7 26
80 19
7 43
40 79
50 17
32 45
14 35
78 9
25 86
38 23
42 91
50 65
42 48
93 8
50 17
32 45
6 81
88 91
50 87
62 75
50 3
90 3
51 100
50 24
74 81
94 33
71 54
16 47
39 98
40 15
19 20
20 56
61 64
62 73
71 87
83 14
33 90
62 45
73 59
80 92
45 79
65 62
45 47
97 94
56 98
57 25
51 34
16 90
63 38
42 11
36 4
91 6
19 79
20 56
2 65
36 42
46 81
77 64
36 92
43 58
2 47
54 60
55 4
56 62
74 3
94 33
46 64
77 64
19 44
20 56
2 75
15 21
57 64
56 93
45 54
90 87
63 59
3 72
80 66
13 69
94 48
45 22
32 98
33 94
33 81
62 45
51 68
82 56
93 4
45 91
93 20
72 18
50 11
90 3
76 82
21 52
45 20
24 21
76 48
21 52
7 11
40 79
13 43
69 6
94 35
58 35
24 12
25 7
71 92
78 9
73 26
46 58
71 81
89 20
7 21
40 79
13 62
50 87
63 21
42 11
14 82
31 62
25 64
60 45
73 86
80 92
8 98
9 81
6 29
88 91
45 62
82 79
63 86
42 11
93 29
45 91
94 47
46 23
80 31
48 4
7 66
40 79
85 60
5 94
61 59
62 73
36 92
43 58
74 35
38 77
2 91
10 16
51 82
68 42
61 54
62 73
63 21
42 11
50 66
83 96
40 64
8 41
33 35
97 80
9 38
91 58
19 48
20 56
40 20
8 41
33 62
70 53
85 12
5 94
61 60
62 73
6 34
88 91
7 90
40 79
73 98
74 86
80 38
41 97
73 66
6 18
36 12
23 38
7 91
15 54
94 90
3 80
46 79
77 64
56 35
57 25
85 20
5 94
8 98
9 81
72 29
73 57
40 4
8 41
76 59
21 52
13 12
69 6
19 66
20 56
24 4
25 7
93 66
26 72
33 75
62 45
93 86
45 91
42 62
79 94
19 11
20 56
93 79
13 59
7 35
71 10
6 68
88 91
13 21
69 6
40 29
8 41
16 70
45 69
55 38
56 62
72 64
73 57
33 48
62 45
73 86
80 92
80 48
31 87
9 79
91 58
25 81
43 28
16 29
67 91
9 75
91 58
32 79
52 13
8 92
15 87
63 35
27 96
74 86
94 33
73 47
80 92
25 59
65 50
76 64
21 52
24 92
25 7
94 34
93 70
39 35
3 78
9 21
91 58
51 38
12 86
7 26
80 19
19 62
56 92
42 75
3 18
50 62
87 100
39 26
12 87
57 34
56 93
9 29
91 58
61 90
62 73
14 98
15 46
85 43
5 94
74 91
82 21
71 29
70 1
19 98
20 56
46 26
19 6
40 65
8 41
7 92
40 79
8 62
45 17
71 4
70 1
7 64
40 79
24 90
25 7
33 47
62 45
6 20
88 91
80 65
14 70
33 29
62 45
32 35
96 57
6 86
88 91
51 44
6 80
25 79
45 30
72 31
73 57
40 98
41 74
6 98
7 10
19 17
20 56
74 87
94 33
8 70
37 9
94 86
93 70
2 68
33 39
8 11
95 67
74 11
94 33
9 48
91 58
32 65
11 72
61 29
62 73
24 82
25 7
13 11
69 6
13 98
14 51
36 29
91 6
51 60
90 64
71 91
79 10
2 17
84 90
32 12
11 72
51 35
15 89
73 79
80 92
57 65
91 28
32 3
11 72
42 35
6 21
50 90
90 3
76 17
58 89
8 81
26 98
36 92
43 58
51 81
69 43
93 26
66 12
8 92
15 87
32 43
88 49
71 82
88 19
39 29
57 32
25 43
81 66
36 47
88 3
51 44
6 80
36 35
100 15
51 35
15 89
32 62
69 30
56 54
57 25
85 12
5 94
80 75
45 1
76 11
21 52
94 100
93 70
16 17
98 22
61 91
69 80
9 75
91 58
40 60
8 41
42 91
50 65
16 70
45 69
2 20
81 87
63 98
64 33
33 48
62 45
2 38
63 69
13 59
69 6
16 70
45 69
2 79
22 28
57 11
56 93
71 64
70 1
39 79
59 34
72 3
73 57
61 92
62 73
14 98
15 46
76 44
21 52
8 20
87 59
24 59
25 7
55 54
56 62
93 48
44 90
33 91
41 24
85 91
93 82
63 62
100 69
14 65
31 62
16 38
67 91
39 48
90 65
73 62
10 22
63 79
83 52
56 100
57 25
7 68
40 79
93 75
45 91
94 66
27 4
14 60
31 62
2 65
36 42
57 87
69 6
7 70
40 79
33 3
62 45
85 64
5 94
80 54
25 81
2 62
39 45
16 17
98 22
8 82
25 97
19 17
20 56
63 35
27 96
39 43
95 70
25 35
89 74
57 100
56 93
73 44
80 92
9 86
91 58
8 70
37 9
14 26
87 18
63 79
83 52
73 87
80 92
73 26
46 58
46 75
77 64
51 29
21 95
33 86
62 45
16 92
67 91
76 64
21 52
42 87
54 69
7 44
40 79
6 81
88 91
51 87
63 37
85 92
92 81
39 38
57 32
71 43
27 58
72 4
73 57
72 81
73 57
56 91
64 32
51 60
90 64
16 3
67 91
50 81
90 3
63 98
64 33
7 75
40 79
14 29
31 62
2 44
15 21
39 44
57 32
9 47
91 58
16 34
67 91
14 34
31 62
40 87
8 41
55 81
56 62
46 90
77 64
74 79
94 33
42 68
73 88
56 75
57 25
57 44
56 93
42 82
59 74
46 12
77 64
36 79
56 71
51 20
30 4
72 60
73 57
45 100
79 76
40 86
8 41
42 75
3 18
40 68
71 4
46 35
10 97
32 100
11 72
93 98
94 40
19 12
20 56
33 62
70 53
16 38
67 91
16 60
67 91
40 64
8 41
13 4
69 6
39 12
57 32
42 60
3 18
39 90
48 23
93 20
72 18
80 87
92 48
93 3
45 91
73 75
80 92
56 60
57 25
9 86
91 58
16 21
67 91
7 4
40 79
74 91
82 21
93 98
94 40
19 64
20 56
19 21
20 56
76 54
21 52
32 86
11 72
6 48
88 91
71 66
4 35
25 47
77 62
85 4
5 94
40 44
8 41
46 12
77 64
74 66
7 46
39 87
51 26
42 92
49 64
2 86
15 21
73 91
81 93
8 31
76 48
63 38
42 11
85 91
93 82
63 82
42 11
25 65
59 44
57 31
25 62
73 68
4 16
51 21
29 3
36 44
91 6
76 75
21 52
63 21
42 11
45 87
57 54
19 91
27 63
74 34
94 33
32 91
40 1
36 62
73 88
56 62
93 61
94 17
76 53
36 98
37 52
16 31
67 91
50 59
90 3
42 12
3 18
76 87
21 52
9 65
91 58
71 12
70 1
7 82
40 79
72 38
73 57
32 87
44 5
63 60
42 11
71 21
70 1
42 62
79 94
80 79
100 56
36 35
100 15
85 60
5 94
85 11
5 94
25 62
62 47
9 68
91 58
33 92
62 45
7 87
40 79
80 90
89 45
55 70
56 62
7 17
89 28
8 98
9 81
51 82
68 42
6 62
43 46
56 75
57 25
19 35
20 56
2 54
47 53
93 75
45 91
56 82
57 25
50 62
87 100
63 65
42 11
13 81
69 6
32 86
11 72
61 48
62 73
85 70
14 3
6 92
88 91
71 59
11 42
7 60
40 79
51 70
80 54
32 82
11 72
32 68
63 24
76 26
49 80
51 100
50 24
8 65
42 14
2 17
84 90
61 62
98 9
61 90
62 73
42 65
76 91
57 47
9 46
6 87
88 91
39 62
76 51
71 79
91 22
33 12
62 45
94 4
93 70
19 70
20 56
71 59
11 42
57 68
88 25
57 43
13 50
16 3
67 91
56 34
57 25
45 29
79 76
6 35
88 91
73 38
80 92
61 17
62 73
24 35
25 7
93 62
30 76
6 21
88 91
25 60
64 49
16 54
61 85
94 70
23 100
24 20
25 7
6 86
88 91
13 17
95 32
76 20
21 52
19 4
20 56
63 11
42 11
56 60
57 25
72 54
73 57
46 75
77 64
19 47
20 56
6 98
7 10
72 82
73 57
51 47
3 77
14 38
31 62
24 64
25 7
72 11
73 57
39 59
79 54
8 43
64 36
14 70
43 74
50 64
90 3
16 66
49 73
57 44
56 93
63 31
31 100
40 75
8 41
32 31
100 61
74 54
19 58
19 47
20 56
42 31
10 25
40 35
4 37
93 100
45 91
46 38
77 64
40 86
8 41
61 68
62 73
51 34
16 90
7 47
40 79
33 59
62 45
25 48
76 61
72 87
73 57
40 60
8 41
36 29
91 6
80 3
45 1
74 26
47 86
32 31
100 61
45 68
76 73
16 21
67 91
14 82
31 62
42 75
3 18
9 75
91 58
36 65
70 85
76 11
21 52
73 48
24 36
39 48
90 65
80 12
67 23
7 60
40 79
33 90
62 45
32 86
11 72
85 17
67 56
71 60
70 1
55 47
56 62
57 64
56 93
63 35
27 96
45 87
57 54
55 68
56 62
25 26
98 83
46 86
77 64
61 17
62 73
13 100
69 6
32 17
14 75
13 70
42 79
50 65
90 3
73 90
80 92
13 12
69 6
72 48
73 57
56 65
57 25
85 31
53 42
36 68
67 82
24 82
25 7
94 29
93 70
32 34
11 72
32 86
11 72
71 68
2 33
93 20
72 18
57 66
90 27
19 4
20 56
76 29
21 52
61 70
62 73
2 60
41 47
33 68
64 47
50 35
14 27
63 82
42 11
63 79
83 52
46 87
77 64
61 64
62 73
73 12
80 92
19 98
20 56
16 38
67 91
40 38
8 41
71 44
70 1
19 34
20 56
6 75
88 91
55 20
56 62
13 81
69 6
36 21
14 29
74 92
81 20
50 79
70 83
7 65
40 79
13 38
69 6
25 81
43 28
9 31
91 58
46 62
83 70
80 26
53 9
93 4
45 91
33 17
15 98
45 70
74 71
25 34
90 75
36 100
35 50
80 81
98 54
14 82
31 62
40 82
8 41
50 59
90 3
51 79
71 45
76 100
21 52
25 48
76 61
39 68
70 45
6 92
88 91
9 35
91 58
76 82
21 52
55 81
56 62
19 12
20 56
33 86
62 45
63 31
31 100
6 11
88 91
51 91
59 33
51 91
59 33
80 29
45 1
85 47
5 94
55 65
56 62
8 87
20 92
46 60
77 64
16 35
80 4
61 65
62 73
56 100
57 25
85 34
5 94
8 11
95 67
93 62
30 76
16 60
67 91
71 17
53 84
56 98
57 25
61 91
69 80
25 65
59 44
80 62
17 73
74 17
56 95
25 26
98 83
57 100
56 93
51 81
69 43
73 100
80 92
93 75
45 91
46 75
77 64
76 59
21 52
45 64
79 76
73 31
41 53
25 86
38 23
39 12
57 32
94 92
1 78
9 62
46 13
50 20
90 3
57 87
69 6
32 79
52 13
25 26
98 83
56 66
57 25
85 47
5 94
50 66
83 96
2 43
58 64
13 21
69 6
85 62
22 11
76 48
21 52
6 92
88 91
7 79
40 79
25 68
56 41
42 20
21 36
73 34
80 92
14 65
31 62
6 47
88 91
2 100
1 7
57 91
65 2
42 60
3 18
80 79
100 56
40 60
8 41
8 62
45 17
71 4
70 1
55 31
56 62
16 98
17 41
36 17
18 33
9 81
91 58
55 66
56 62
33 82
62 45
63 91
71 40
36 54
81 96
40 75
8 41
19 62
56 92
36 21
14 29
57 3
56 93
94 64
93 70
24 21
25 7
55 38
56 62
33 100
62 45
13 64
69 6
74 21
94 33
71 66
4 35
2 92
9 15
93 35
57 3
51 66
84 58
74 21
94 33
2 91
10 16
51 87
63 37
73 87
80 92
40 62
77 10
16 65
67 91
36 48
87 2
51 48
2 76
2 21
80 86
13 68
44 81
93 48
44 90
57 29
56 93
8 87
20 92
16 81
67 91
19 66
20 56
80 43
36 92
73 12
80 92
94 3
93 70
8 26
81 53
57 65
91 28
76 81
21 52
6 38
88 91
24 91
32 14
13 35
77 14
7 86
40 79
14 59
54 85
72 17
73 57
55 86
56 62
93 59
33 79
19 17
20 56
72 75
73 57
16 38
67 91
73 68
4 16
74 90
94 33
80 26
53 9
19 79
20 56
56 60
57 25
57 98
58 95
57 31
25 62
24 98
25 7
80 87
92 48
36 47
88 3
42 48
93 8
19 79
20 56
56 59
57 25
16 31
67 91
13 4
69 6
39 47
91 66
50 64
90 3
72 12
73 57
71 60
70 1
56 90
57 25
50 11
90 3
72 11
73 57
9 68
91 58
45 21
79 76
13 68
44 81
61 79
62 73
33 54
78 61
73 12
80 92
16 31
67 91
93 20
72 18
74 17
56 95
74 65
94 33
51 87
63 37
61 12
62 73
24 12
25 7
32 79
52 13
9 66
91 58
36 64
71 86
72 34
73 57
2 86
15 21
13 90
69 6
46 86
77 64
76 26
49 80
85 100
5 94
2 26
75 81
19 70
20 56
80 44
45 1
45 68
76 73
40 35
4 37
93 68
24 70
80 35
44 100
32 31
100 61
9 17
91 58
14 21
31 62
13 87
25 62
6 75
88 91
40 100
8 41
24 44
25 7
16 43
67 91
24 59
25 7
42 70
71 86
45 82
62 59
74 60
94 33
63 100
42 11
33 20
62 45
16 4
67 91
80 20
59 15
46 68
77 64
14 87
26 57
6 54
88 91
45 65
79 76
6 34
88 91
73 90
80 92
71 90
80 11
7 26
80 19
57 92
64 1
85 12
5 94
71 43
27 58
16 65
67 91
74 60
94 33
71 21
70 1
80 17
62 18
6 31
88 91
93 82
45 91
74 91
82 21
9 90
91 58
25 31
93 78
45 3
79 76
19 29
20 56
80 100
79 35
56 68
57 25
32 44
11 72
74 47
94 33
8 17
90 62
13 60
69 6
74 31
42 81
9 43
91 58
51 64
86 60
40 44
8 41
57 35
21 58
63 81
42 11
6 35
88 91
61 64
62 73
8 35
72 44
63 60
42 11
7 34
40 79
42 35
6 21
19 81
20 56
74 70
3 42
71 90
80 11
85 35
49 38
85 38
5 94
24 48
25 7
32 90
11 72
63 54
8 77
24 35
25 7
56 43
57 25
74 92
81 20
85 44
5 94
80 4
45 1
6 70
88 91
33 60
62 45
13 68
44 81
71 91
79 10
24 75
25 7
19 68
20 56
25 60
64 49
6 34
88 91
55 47
56 62
93 20
72 18
16 86
67 91
76 43
21 52
93 75
45 91
57 35
21 58
71 100
70 1
36 47
88 3
42 66
75 90
76 11
21 52
74 43
94 33
72 31
73 57
46 48
77 64
73 31
41 53
56 90
57 25
40 75
8 41
42 11
3 18
36 12
23 38
94 17
76 53
13 62
50 87
8 44
95 67
33 54
78 61
16 81
67 91
39 87
51 26
71 81
89 20
40 91
48 81
7 47
40 79
94 82
11 88
71 3
70 1
80 35
44 100
71 43
27 58
76 87
21 52
51 60
90 64
46 62
83 70
50 4
90 3
56 4
57 25
14 54
59 90
40 82
8 41
56 64
57 25
19 79
20 56
19 20
20 56
94 54
39 16
57 3
56 93
24 48
25 7
74 12
94 33
71 91
79 10
13 54
58 95
9 92
91 58
16 17
98 22
57 35
21 58
42 26
15 30
13 48
64 1
63 4
42 11
72 82
73 57
63 98
64 33
25 47
77 62
93 47
45 91
45 47
97 94
39 26
12 87
76 87
21 52
16 100
67 91
55 43
56 62
40 92
8 41
33 20
62 45
55 90
56 62
7 35
71 10
9 59
91 58
56 91
64 32
7 98
8 47
72 81
73 57
63 70
92 61
16 11
67 91
46 48
77 64
85 60
5 94
71 21
70 1
85 66
18 7
63 98
64 33
93 64
45 91
80 21
58 14
50 91
58 71
25 29
95 80
76 90
21 52
33 64
62 45
50 12
90 3
80 62
17 73
16 68
47 71
61 62
98 9
51 64
86 60
39 66
72 47
19 4
20 56
85 62
22 11
19 26
92 28
80 90
89 45
40 20
8 41
76 68
21 52
2 17
84 90
36 91
44 59
32 26
5 66
74 59
94 33
36 11
91 6
57 81
75 12
40 100
8 41
9 29
91 58
85 34
5 94
51 21
29 3
72 92
73 57
71 75
70 1
74 92
81 20
71 91
79 10
40 44
8 41
57 31
25 62
2 68
33 39
33 90
62 45
9 11
91 58
39 62
76 51
33 47
62 45
32 20
11 72
13 12
69 6
25 31
93 78
14 91
22 53
9 12
91 58
63 64
42 11
16 79
67 91
56 54
57 25
8 11
95 67
61 59
62 73
39 75
57 32
25 91
33 18
8 11
95 67
33 11
62 45
36 65
70 85
32 87
44 5
7 3
40 79
24 21
25 7
2 31
70 76
16 75
67 91
42 48
93 8
36 20
15 30
94 29
93 70
94 31
62 39
46 90
77 64
73 35
37 49
50 59
90 3
2 98
3 9
2 59
42 48
74 65
94 33
85 43
5 94
56 21
57 25
94 86
93 70
8 79
28 100
7 34
40 79
19 82
20 56
94 31
62 39
63 11
42 11
72 48
73 57
24 86
25 7
25 100
24 9
9 4
91 58
71 43
27 58
13 35
77 14
8 48
59 31
61 87
62 73
61 68
62 73
9 17
91 58
74 59
94 33
50 12
90 3
39 54
84 59
8 100
7 79
9 48
91 58
16 4
67 91
7 87
40 79
6 68
88 91
9 26
82 49
57 65
91 28
73 59
80 92
32 29
11 72
9 98
10 77
6 82
88 91
36 12
23 38
57 92
64 1
80 35
44 100
16 62
53 77
39 34
57 32
36 66
69 84
36 100
35 50
46 35
10 97
63 35
27 96
85 100
5 94
36 66
69 84
7 68
40 79
39 82
57 32
19 29
20 56
73 44
80 92
9 82
91 58
16 87
67 91
76 82
21 52
33 21
62 45
93 54
38 84
71 12
70 1
40 75
8 41
56 86
57 25
73 82
80 92
6 81
88 91
51 65
85 59
71 44
70 1
7 59
40 79
73 54
18 30
25 75
21 6
14 20
93 24
14 59
54 85
6 75
88 91
45 64
79 76
73 20
80 92
32 17
14 75
56 17
57 25
40 54
85 18
74 91
82 21
14 31
82 13
76 81
21 52
14 21
31 62
46 31
77 64
74 75
94 33
25 21
3 88
16 82
67 91
93 66
26 72
76 79
21 52
7 34
40 79
72 92
73 57
56 11
57 25
24 12
25 7
14 82
31 62
61 70
62 73
2 82
19 25
61 79
62 73
42 64
3 18
2 21
80 86
57 68
88 25
36 38
97 12
51 17
33 7
2 87
14 20
80 66
13 69
85 60
5 94
9 4
91 58
32 90
11 72
36 3
91 6
39 59
79 54
72 11
73 57
57 54
2 39
2 86
15 21
36 35
100 15
71 31
39 70
74 91
82 21
72 38
73 57
85 3
5 94
57 70
86 23
7 62
44 83
8 35
72 44
16 64
67 91
93 4
45 91
76 91
84 15
14 38
31 62
56 70
57 25
74 3
94 33
74 21
94 33
74 48
25 64
24 87
25 7
74 90
94 33
73 68
4 16
72 11
73 57
74 65
94 33
73 90
80 92
36 31
4 19
9 87
91 58
57 92
64 1
50 98
51 64
72 60
73 57
9 68
91 58
55 44
56 62
40 65
8 41
33 47
62 45
24 82
25 7
13 17
95 32
16 21
67 91
36 65
70 85
40 29
8 41
72 20
73 57
73 35
37 49
36 79
56 71
24 82
25 7
16 12
67 91
7 60
40 79
24 29
25 7
80 60
19 75
32 31
100 61
19 81
20 56
61 79
62 73
36 20
15 30
42 64
3 18
80 64
15 71
94 79
14 91
55 64
56 62
80 20
59 15
56 62
93 61
63 65
42 11
16 59
67 91
19 90
20 56
14 43
70 1
13 20
69 6
46 12
77 64
39 70
68 43
42 38
3 18
36 43
92 7
51 100
50 24
61 87
62 73
2 98
3 9
19 66
20 56
7 91
15 54
50 34
90 3
14 60
31 62
33 48
62 45
93 91
1 47
57 34
56 93
36 21
14 29
93 29
45 91
42 21
3 18
13 4
69 6
76 62
13 44
85 87
5 94
61 47
62 73
50 35
14 27
32 68
63 24
24 26
97 79
32 12
11 72
46 64
77 64
73 79
80 92
32 64
11 72
73 48
24 36
2 11
15 21
42 62
79 94
73 47
80 92
63 38
42 11
42 12
3 18
76 60
21 52
73 81
80 92
40 75
8 41
55 59
56 62
36 35
100 15
25 29
95 80
80 66
13 69
42 98
43 58
36 43
92 7
9 82
91 58
24 47
25 7
71 4
70 1
13 66
46 83
16 47
67 91
56 34
57 25
61 20
62 73
9 86
91 58
42 70
71 86
9 91
17 84
94 81
12 89
13 3
69 6
94 92
1 78
72 35
73 57
32 47
11 72
16 59
67 91
19 3
20 56
39 29
57 32
33 11
62 45
9 12
91 58
25 64
60 45
7 59
40 79
39 90
48 23
6 81
88 91
80 29
45 1
9 29
91 58
32 43
88 49
36 65
70 85
8 48
59 31
7 4
40 79
57 11
56 93
73 64
80 92
42 34
3 18
32 3
11 72
39 62
76 51
25 100
24 9
71 17
53 84
45 91
53 50
45 31
13 10
24 12
25 7
25 4
21 6
61 68
62 73
6 44
88 91
46 82
77 64
51 65
85 59
16 35
80 4
94 20
73 50
2 90
11 17
33 44
62 45
36 35
100 15
14 29
31 62
72 70
73 57
36 38
97 12
71 92
78 9
42 81
60 75
14 62
51 82
42 21
3 18
61 31
62 73
71 91
79 10
39 59
79 54
63 98
64 33
50 66
83 96
40 90
8 41
7 68
40 79
93 17
75 21
57 100
56 93
36 43
92 7
9 62
46 13
71 12
70 1
6 90
88 91
93 29
45 91
94 81
12 89
63 70
92 61
40 62
77 10
19 81
20 56
55 75
56 62
72 92
73 57
72 86
73 57
50 29
90 3
45 11
79 76
25 90
34 19
94 92
1 78
33 87
62 45
63 87
75 44
50 35
14 27
51 44
6 80
19 48
20 56
85 79
5 94
80 86
93 49
36 100
35 50
73 68
4 16
72 29
73 57
24 86
25 7
42 100
3 18
33 79
62 45
25 12
12 97
36 17
18 33
33 81
62 45
94 79
14 91
2 29
15 21
56 81
57 25
36 91
44 59
24 31
25 7
25 4
21 6
42 29
3 18
56 12
57 25
9 91
17 84
61 98
62 73
32 66
65 26
50 90
90 3
45 43
1 98
39 54
84 59
39 91
47 22
24 47
25 7
74 3
94 33
71 11
70 1
6 17
88 91
32 75
11 72
36 62
73 88
9 11
91 58
24 79
25 7
50 70
79 92
74 11
94 33
13 81
69 6
24 82
25 7
57 92
64 1
46 82
77 64
85 47
5 94
14 65
31 62
56 29
57 25
6 66
88 91
51 65
85 59
45 81
63 60
61 43
62 73
16 81
67 91
76 100
21 52
74 43
94 33
56 35
57 25
94 81
12 89
74 90
94 33
39 70
68 43
7 54
52 91
71 43
27 58
40 12
8 41
16 44
67 91
7 34
40 79
74 43
94 33
42 31
10 25
76 70
21 52
19 66
20 56
24 60
25 7
72 12
73 57
39 91
47 22
33 20
62 45
74 60
94 33
61 54
62 73
36 3
91 6
51 100
50 24
76 48
21 52
2 81
20 26
32 3
11 72
61 43
62 73
72 35
73 57
40 68
71 4
40 47
8 41
73 87
80 92
16 4
67 91
45 29
79 76
36 12
23 38
19 62
56 92
39 65
57 32
39 59
79 54
80 92
87 43
9 47
91 58
71 44
70 1
8 98
9 81
14 98
15 46
57 75
56 93
56 62
93 61
25 90
34 19
42 34
3 18
80 100
79 35
24 47
25 7
51 65
85 59
13 91
21 58
2 20
81 87
55 68
56 62
32 70
61 22
56 48
57 25
6 31
88 91
45 17
27 24
56 4
57 25
57 59
97 34
19 86
20 56
25 62
62 47
39 64
57 32
74 82
94 33
94 11
93 70
13 86
69 6
51 38
12 86
72 17
73 57
55 79
56 62
74 43
94 33
39 62
76 51
72 43
73 57
39 86
57 32
61 43
62 73
7 35
71 10
19 21
20 56
36 62
73 88
45 47
97 94
46 92
77 64
24 47
25 7
80 29
45 1
57 81
75 12
61 82
62 73
7 38
40 79
32 12
11 72
72 44
73 57
80 20
59 15
8 90
17 89
76 29
21 52
72 87
73 57
80 75
45 1
42 31
10 25
55 75
56 62
76 100
21 52
19 62
56 92
7 4
40 79
85 48
36 25
24 92
25 7
6 86
88 91
6 100
88 91
94 81
12 89
13 59
69 6
14 35
78 9
94 35
58 35
13 91
21 58
19 43
20 56
80 100
79 35
61 82
62 73
39 82
57 32
73 87
80 92
61 82
62 73
13 21
69 6
40 54
85 18
72 17
73 57
51 64
86 60
8 75
95 67
72 62
9 93
36 70
65 80
85 100
5 94
19 86
20 56
40 38
8 41
33 91
41 24
93 100
45 91
71 87
83 14
71 79
91 22
94 47
46 23
24 87
25 7
50 11
90 3
33 38
62 45
61 20
62 73
19 38
20 56
9 92
91 58
8 62
45 17
16 29
67 91
61 82
62 73
73 3
80 92
2 86
15 21
33 90
62 45
8 79
28 100
56 54
57 25
33 87
62 45
36 87
48 63
19 75
20 56
46 31
77 64
9 87
91 58
74 79
94 33
32 3
11 72
2 75
15 21
85 54
30 19
7 35
71 10
33 100
62 45
32 31
100 61
13 68
44 81
76 20
21 52
51 87
63 37
6 91
14 17
7 100
40 79
13 34
69 6
8 90
17 89
25 31
93 78
13 81
69 6
63 90
42 11
9 59
91 58
45 59
85 82
7 26
80 19
7 60
40 79
33 3
62 45
45 34
79 76
2 87
14 20
55 11
56 62
56 70
57 25
50 29
90 3
93 48
44 90
40 81
8 41
42 47
94 9
8 87
20 92
74 35
38 77
13 48
64 1
33 82
62 45
56 43
57 25
7 3
40 79
13 44
69 6
63 38
42 11
74 44
94 33
24 47
25 7
2 44
15 21
71 87
83 14
6 68
88 91
2 86
15 21
72 75
73 57
61 60
62 73
33 90
62 45
16 90
67 91
63 91
71 40
56 20
57 25
85 87
5 94
8 20
87 59
16 98
17 41
42 35
6 21
2 29
15 21
40 20
8 41
32 86
11 72
56 17
57 25
7 12
40 79
14 3
31 62
45 29
79 76
16 62
53 77
63 48
14 83
36 47
88 3
14 98
15 46
39 26
12 87
56 81
57 25
51 100
50 24
76 98
77 8
80 91
88 44
46 60
77 64
46 68
77 64
80 11
45 1
42 81
60 75
42 31
10 25
2 48
53 59
72 81
73 57
13 48
64 1
76 26
49 80
42 12
3 18
13 82
69 6
19 79
20 56
8 100
7 79
80 82
97 53
73 65
80 92
57 35
21 58
25 38
86 71
61 43
62 73
36 31
4 19
74 11
94 33
36 29
91 6
16 68
47 71
25 91
33 18
19 34
20 56
33 31
62 45
8 38
69 41
19 34
20 56
9 70
91 58
63 64
42 11
8 20
87 59
93 4
45 91
32 86
11 72
42 20
21 36
63 70
92 61
74 90
94 33
14 66
47 78
74 21
94 33
36 90
45 60
14 38
31 62
50 70
79 92
9 64
91 58
71 43
27 58
45 62
82 79
33 62
70 53
42 48
93 8
85 17
67 56
76 75
21 52
45 4
79 76
6 98
7 10
13 87
25 62
36 65
70 85
71 31
39 70
72 91
80 64
71 48
22 53
85 92
92 81
14 59
54 85
2 48
53 59
94 81
12 89
39 44
57 32
45 20
24 21
93 81
45 91
45 12
79 76
72 48
73 57
63 31
31 100
45 75
79 76
16 87
67 91
94 59
34 11
63 70
92 61
9 31
91 58
46 70
77 64
51 86
64 38
50 4
90 3
73 17
55 67
8 75
95 67
63 65
42 11
24 100
25 7
19 20
20 56
57 54
2 39
61 65
62 73
7 34
40 79
61 87
62 73
33 29
62 45
39 47
91 66
80 70
9 65
6 86
88 91
94 47
46 23
8 98
9 81
55 20
56 62
71 100
70 1
8 21
86 58
56 3
57 25
19 92
20 56
50 70
79 92
71 29
70 1
56 17
57 25
13 92
20 57
6 38
88 91
42 100
3 18
6 4
88 91
40 31
8 41
74 11
94 33
55 20
56 62
40 82
8 41
50 70
79 92
46 21
77 64
16 86
67 91
72 26
45 29
74 54
19 58
13 60
69 6
6 35
88 91
57 17
39 76
56 59
57 25
85 44
5 94
9 68
91 58
13 79
33 70
71 62
8 39
51 3
39 13
25 54
70 55
24 79
25 7
63 60
42 11
55 100
56 62
72 12
73 57
94 4
93 70
19 4
20 56
19 82
20 56
32 98
33 94
25 21
3 88
45 98
46 43
71 48
22 53
51 34
16 90
42 34
3 18
16 90
67 91
6 65
88 91
85 4
5 94
61 26
34 45
6 98
7 10
93 47
45 91
36 17
18 33
39 3
57 32
80 3
45 1
24 38
25 7
40 70
69 2
8 98
9 81
6 100
88 91
73 3
80 92
93 86
45 91
6 100
88 91
16 86
67 91
51 38
12 86
93 91
1 47
16 86
67 91
57 66
90 27
94 31
62 39
40 29
8 41
61 17
62 73
80 44
45 1
45 79
65 62
71 59
11 42
94 35
58 35
45 86
79 76
76 98
77 8
93 98
94 40
85 64
5 94
14 12
31 62
40 29
8 41
13 4
69 6
85 79
5 94
57 98
58 95
74 65
94 33
13 48
64 1
74 43
94 33
74 12
94 33
39 70
68 43
2 91
10 16
85 38
5 94
50 43
6 19
94 98
95 72
40 29
8 41
6 64
88 91
9 86
91 58
40 60
8 41
80 98
81 37
46 48
77 64
7 68
40 79
6 17
88 91
76 43
21 52
46 86
77 64
61 75
62 73
57 43
13 50
13 34
69 6
16 59
67 91
74 38
94 33
73 90
80 92
45 21
79 76
8 54
53 25
74 20
94 33
24 75
25 7
94 68
25 2
42 31
10 25
73 81
80 92
9 90
91 58
7 91
15 54
76 20
21 52
50 87
62 75
36 98
37 52
46 29
77 64
45 87
57 54
19 44
20 56
57 11
56 93
9 20
91 58
16 81
67 91
6 31
88 91
6 87
88 91
8 3
95 67
46 64
77 64
71 29
70 1
93 75
45 91
55 92
56 62
40 11
8 41
73 3
80 92
32 81
11 72
6 34
88 91
24 12
25 7
76 86
21 52
74 31
42 81
57 70
86 23
94 79
14 91
2 64
37 43
56 64
57 25
57 82
74 11
63 31
31 100
6 17
88 91
71 38
32 63
14 70
43 74
7 68
40 79
33 92
62 45
73 64
80 92
7 87
40 79
25 60
64 49
24 12
25 7
13 11
69 6
40 66
73 6
24 75
25 7
51 59
91 65
39 59
79 54
94 70
23 100
40 29
8 41
33 87
62 45
40 31
8 41
85 65
5 94
61 38
62 73
50 12
90 3
57 21
56 93
39 43
95 70
24 100
25 7
76 82
21 52
19 60
20 56
25 54
70 55
6 79
88 91
24 35
25 7
61 87
62 73
63 31
31 100
63 70
92 61
7 20
40 79
46 81
77 64
73 62
10 22
55 3
56 62
13 21
69 6
42 3
3 18
94 35
58 35
71 34
70 1
80 98
81 37
33 90
62 45
42 66
75 90
46 59
77 64
57 4
56 93
42 21
3 18
93 48
44 90
19 26
92 28
46 91
54 41
36 34
1 16
33 3
62 45
51 66
84 58
57 3
56 93
9 4
91 58
74 64
94 33
33 48
62 45
24 70
25 7
45 21
79 76
14 47
66 97
46 4
77 64
93 64
45 91
46 11
77 64
71 82
88 19
56 20
57 25
13 48
64 1
6 66
88 91
45 44
79 76
45 92
52 49
72 31
73 57
93 3
45 91
51 12
38 12
80 54
25 81
2 17
84 90
6 48
88 91
33 48
62 45
2 21
80 86
19 82
20 56
45 12
79 76
14 3
31 62
16 62
53 77
6 31
88 91
40 70
69 2
56 11
57 25
13 59
69 6
32 100
11 72
57 34
56 93
32 4
11 72
36 21
14 29
63 21
42 11
72 43
73 57
71 47
23 54
93 66
26 72
93 68
24 70
73 90
80 92
61 54
62 73
76 21
21 52
51 26
24 98
39 64
57 32
85 11
5 94
40 79
8 41
76 87
21 52
19 68
20 56
39 75
57 32
51 60
90 64
93 92
100 46
46 43
77 64
7 98
8 47
13 98
14 51
45 43
1 98
16 3
67 91
32 70
61 22
73 44
80 92
74 87
94 33
7 21
40 79
56 82
57 25
13 62
50 87
50 65
90 3
16 64
67 91
61 44
62 73
94 12
93 70
56 79
57 25
6 75
88 91
9 75
91 58
80 68
11 67
6 98
7 10
39 47
91 66
39 64
57 32
16 43
67 91
46 70
77 64
46 82
77 64
46 21
77 64
24 75
25 7
45 17
27 24
73 54
18 30
9 35
91 58
57 48
8 45
24 26
97 79
2 47
54 60
56 17
57 25
42 66
75 90
61 3
62 73
8 43
64 36
50 90
90 3
14 17
96 27
6 47
88 91
76 65
21 52
45 90
54 51
93 87
5 51
51 81
69 43
25 66
58 43
33 98
34 17
25 43
81 66
33 31
62 45
61 64
62 73
33 54
78 61
73 3
80 92
73 54
18 30
45 29
79 76
85 34
5 94
6 86
88 91
2 70
31 37
55 3
56 62
13 31
81 18
85 48
36 25
19 68
20 56
94 66
27 4
63 64
42 11
8 35
72 44
80 60
19 75
71 21
70 1
94 3
93 70
74 48
25 64
85 70
14 3
72 79
73 57
74 12
94 33
19 26
92 28
39 59
79 54
85 100
5 94
73 43
80 92
25 75
21 6
76 92
21 52
72 92
73 57
25 48
76 61
73 87
80 92
19 98
20 56
45 17
27 24
71 70
100 31
32 44
11 72
55 98
56 62
42 17
24 39
25 66
58 43
2 87
14 20
24 17
25 7
19 20
20 56
71 4
70 1
39 91
47 22
71 92
78 9
71 29
70 1
33 17
15 98
76 20
21 52
74 11
94 33
42 54
87 2
36 87
48 63
33 87
62 45
45 21
79 76
94 54
39 16
94 47
46 23
25 75
21 6
61 12
62 73
24 82
25 7
51 68
82 56
76 75
21 52
32 20
11 72
57 86
56 93
71 62
8 39
46 79
77 64
33 65
62 45
39 11
57 32
63 29
42 11
40 79
8 41
51 26
24 98
32 20
11 72
13 60
69 6
73 43
80 92
7 35
71 10
6 48
88 91
51 100
50 24
56 90
57 25
24 59
25 7
42 59
82 97
6 38
88 91
42 34
3 18
50 38
90 3
16 87
67 91
73 92
80 92
8 43
64 36
9 68
91 58
13 66
46 83
2 81
20 26
76 48
21 52
63 31
31 100
93 68
24 70
6 65
88 91
2 20
81 87
94 81
12 89
71 38
32 63
50 64
90 3
93 82
45 91
39 68
70 45
76 60
21 52
39 100
57 32
39 21
57 32
33 43
62 45
14 81
32 63
16 62
53 77
63 68
94 63
74 43
94 33
42 12
3 18
57 47
9 46
42 17
24 39
71 34
70 1
80 66
13 69
9 59
91 58
25 70
54 39
74 44
94 33
39 75
57 32
14 11
31 62
2 26
75 81
80 66
13 69
2 87
14 20
42 21
3 18
61 4
62 73
16 75
67 91
13 20
69 6
39 92
46 21
36 75
91 6
6 79
88 91
40 91
48 81
9 62
46 13
6 38
88 91
46 38
77 64
93 62
30 76
24 21
25 7
85 34
5 94
72 20
73 57
16 98
17 41
32 48
83 44
13 98
14 51
9 81
91 58
39 92
46 21
73 64
80 92
40 34
8 41
42 87
54 69
7 21
40 79
71 86
70 1
56 4
57 25
6 81
88 91
73 17
55 67
42 3
3 18
33 68
64 47
19 54
20 56
2 60
41 47
73 79
80 92
94 86
93 70
14 70
43 74
8 87
20 92
46 31
77 64
51 44
6 80
42 29
3 18
36 65
70 85
71 3
70 1
39 54
84 59
6 11
88 91
6 43
88 91
8 34
95 67
7 82
40 79
94 26
67 44
55 3
56 62
51 68
82 56
71 11
70 1
55 4
56 62
8 34
95 67
40 21
8 41
24 100
25 7
72 11
73 57
7 17
89 28
8 26
81 53
33 92
62 45
74 47
94 33
45 26
18 15
13 17
95 32
76 65
21 52
71 17
53 84
85 47
5 94
74 43
94 33
7 38
40 79
13 26
86 23
16 59
67 91
33 66
66 49
2 54
47 53
55 68
56 62
16 98
17 41
55 91
63 69
72 81
73 57
14 75
31 62
80 75
45 1
57 65
91 28
94 34
93 70
24 60
25 7
33 62
70 53
56 68
57 25
73 59
80 92
19 44
20 56
14 20
93 24
39 44
57 32
7 91
15 54
72 43
73 57
14 26
87 18
6 60
88 91
7 75
40 79
8 43
64 36
36 62
73 88
16 54
61 85
55 47
56 62
71 48
22 53
55 92
56 62
16 68
47 71
80 48
31 87
85 38
5 94
7 75
40 79
16 48
67 91
71 66
4 35
9 90
91 58
25 62
62 47
6 66
88 91
80 68
11 67
73 4
80 92
73 70
2 14
76 4
21 52
57 65
91 28
36 60
75 90
2 21
80 86
14 48
65 96
19 20
20 56
6 66
88 91
76 38
21 52
6 26
79 82
80 48
31 87
32 100
11 72
9 34
91 58
56 26
29 97
25 3
21 6
7 17
89 28
55 4
56 62
73 17
55 67
6 17
88 91
40 81
8 41
61 26
34 45
7 65
40 79
57 4
56 93
51 64
86 60
45 66
78 75
36 48
87 2
45 98
46 43
25 60
64 49
94 62
31 8
2 12
15 21
14 29
31 62
36 54
81 96
94 66
27 4
57 26
30 67
24 35
25 7
56 98
57 25
74 59
94 33
63 11
42 11
24 21
25 7
25 66
58 43
71 86
70 1
76 91
84 15
25 82
42 27
7 90
40 79
40 79
8 41
61 44
62 73
14 79
34 65
71 11
70 1
72 75
73 57
7 59
40 79
9 38
91 58
51 87
63 37
80 17
62 18
2 38
63 69
24 48
25 7
45 59
85 82
56 82
57 25
13 47
69 6
25 62
62 47
6 17
88 91
55 48
56 62
94 65
28 5
9 31
91 58
72 59
73 57
55 100
56 62
19 34
20 56
55 47
56 62
25 54
70 55
13 12
69 6
39 70
68 43
6 34
88 91
76 87
21 52
2 100
1 7
71 3
70 1
50 79
70 83
76 65
21 52
19 81
20 56
2 98
3 9
25 64
60 45
50 29
90 3
56 62
93 61
8 91
16 88
73 68
4 16
19 60
20 56
93 21
45 91
42 54
87 2
61 54
62 73
25 54
70 55
74 100
94 33
2 68
33 39
9 38
91 58
71 47
23 54
50 38
90 3
32 44
11 72
93 86
45 91
94 68
25 2
72 91
80 64
76 4
21 52
76 12
21 52
51 59
91 65
2 79
22 28
33 54
78 61
33 98
34 17
50 20
90 3
85 86
5 94
6 59
88 91
7 86
40 79
16 68
47 71
19 3
20 56
39 43
95 70
56 100
57 25
80 86
93 49
80 48
31 87
19 82
20 56
36 82
53 68
9 65
91 58
33 47
62 45
46 82
77 64
42 75
3 18
13 3
69 6
74 34
94 33
32 64
11 72
14 20
93 24
8 17
90 62
94 62
31 8
63 100
42 11
2 81
20 26
56 47
57 25
14 35
78 9
14 66
47 78
72 31
73 57
32 62
69 30
46 34
77 64
16 81
67 91
46 48
77 64
80 82
97 53
14 64
31 62
63 21
42 11
40 65
8 41
63 43
19 88
13 64
69 6
19 21
20 56
74 79
94 33
72 79
73 57
2 65
36 42
32 92
39 100
7 11
40 79
9 34
91 58
7 62
44 83
40 59
8 41
71 54
16 47
73 87
80 92
57 54
2 39
13 92
20 57
32 92
39 100
55 12
56 62
74 48
25 64
40 87
8 41
94 68
25 2
19 86
20 56
36 64
71 86
45 75
79 76
94 92
1 78
25 92
32 17
46 26
19 6
8 68
39 11
6 34
88 91
14 62
51 82
50 91
58 71
13 79
33 70
39 100
57 32
80 29
45 1
13 59
69 6
76 59
21 52
55 21
56 62
72 3
73 57
50 64
90 3
61 29
62 73
32 47
11 72
39 68
70 45
39 68
70 45
19 31
20 56
7 62
44 83
24 48
25 7
57 60
56 93
71 38
32 63
33 79
62 45
2 3
15 21
25 11
13 98
25 21
3 88
9 68
91 58
16 65
67 91
16 82
67 91
14 3
31 62
16 3
67 91
51 87
63 37
57 17
39 76
6 59
88 91
8 90
17 89
50 60
90 3
74 3
94 33
13 20
69 6
14 26
87 18
2 4
15 21
56 66
57 25
46 79
77 64
6 17
88 91
6 90
88 91
57 100
56 93
16 26
89 13
73 21
80 92
74 81
94 33
6 48
88 91
2 29
15 21
51 98
52 26
13 26
86 23
19 82
20 56
19 48
20 56
55 44
56 62
36 11
91 6
19 4
20 56
40 65
8 41
63 70
92 61
46 62
83 70
51 44
6 80
24 12
25 7
25 100
24 9
33 35
97 80
93 81
45 91
76 62
13 44
39 66
72 47
14 26
87 18
76 100
21 52
72 98
73 57
93 87
5 51
50 44
90 3
63 87
75 44
94 100
93 70
94 79
14 91
8 91
16 88
55 62
92 98
19 3
20 56
40 20
8 41
33 59
62 45
93 48
44 90
42 92
49 64
40 34
8 41
57 81
75 12
93 92
100 46
16 59
67 91
74 47
94 33
72 43
73 57
76 54
21 52
94 11
93 70
13 54
58 95
71 91
79 10
80 59
20 76
80 54
25 81
14 70
43 74
94 31
62 39
6 90
88 91
74 43
94 33
94 60
93 70
76 62
13 44
50 91
58 71
71 43
27 58
93 48
44 90
24 75
25 7
63 100
42 11
50 43
6 19
72 38
73 57
71 64
70 1
25 62
62 47
8 34
95 67
2 20
81 87
63 54
8 77
80 21
58 14
73 59
80 92
9 81
91 58
39 90
48 23
56 21
57 25
8 66
41 13
51 70
80 54
94 17
76 53
61 70
62 73
85 92
92 81
74 82
94 33
8 70
37 9
9 4
91 58
51 75
39 13
94 60
93 70
63 11
42 11
16 3
67 91
46 54
91 78
9 3
91 58
6 48
88 91
55 91
63 69
7 92
40 79
13 29
69 6
55 26
28 34
7 54
52 91
74 38
94 33
55 64
56 62
42 62
79 94
46 62
83 70
36 70
65 80
51 3
39 13
7 20
40 79
24 35
25 7
9 79
91 58
85 35
49 38
72 21
73 57
94 79
14 91
55 98
56 62
71 70
100 31
36 98
37 52
45 68
76 73
61 38
62 73
55 31
56 62
2 91
10 16
19 59
20 56
19 54
20 56
57 82
74 11
73 70
2 14
50 60
90 3
51 44
6 80
16 79
67 91
45 60
79 76
13 47
69 6
46 11
77 64
57 29
56 93
80 3
45 1
8 34
95 67
8 87
20 92
74 91
82 21
94 60
93 70
74 21
94 33
24 26
97 79
25 31
93 78
42 20
21 36
50 4
90 3
56 90
57 25
73 92
80 92
74 65
94 33
6 75
88 91
16 26
89 13
39 3
57 32
72 66
73 57
74 90
94 33
14 82
31 62
46 29
77 64
8 20
87 59
40 47
8 41
42 11
3 18
36 62
73 88
36 34
1 16
9 43
91 58
56 91
64 32
19 59
20 56
80 90
89 45
6 82
88 91
2 44
15 21
50 91
58 71
56 31
57 25
73 38
80 92
36 31
4 19
25 59
65 50
56 81
57 25
2 3
15 21
25 38
86 71
73 68
4 16
57 59
97 34
25 21
3 88
45 75
79 76
94 11
93 70
61 59
62 73
39 35
3 78
55 47
56 62
61 54
62 73
8 47
60 32
71 31
39 70
56 75
57 25
36 87
48 63
74 3
94 33
36 29
91 6
24 54
25 7
63 98
64 33
32 29
11 72
19 79
20 56
8 68
39 11
50 44
90 3
61 62
98 9
8 75
95 67
14 98
15 46
39 60
57 32
57 29
56 93
42 75
3 18
32 3
11 72
94 26
67 44
33 60
62 45
16 26
89 13
2 82
19 25
71 90
80 11
8 59
48 20
51 12
38 12
33 90
62 45
36 92
43 58
50 79
70 83
61 11
62 73
85 26
58 47
51 17
33 7
42 54
87 2
9 65
91 58
13 90
69 6
42 91
50 65
25 4
21 6
39 68
70 45
25 100
24 9
55 91
63 69
74 91
82 21
50 62
87 100
33 92
62 45
55 44
56 62
33 79
62 45
85 26
58 47
16 81
67 91
8 43
64 36
16 70
45 69
73 44
80 92
72 34
73 57
76 100
21 52
71 75
70 1
39 62
76 51
85 54
30 19
93 68
24 70
13 31
81 18
9 68
91 58
42 3
3 18
45 66
78 75
2 26
75 81
80 59
20 76
46 62
83 70
73 62
10 22
74 34
94 33
39 98
40 15
61 79
62 73
39 87
51 26
6 17
88 91
56 81
57 25
57 48
8 45
76 12
21 52
56 79
57 25
24 3
25 7
56 34
57 25
40 11
8 41
32 12
11 72
63 54
8 77
45 47
97 94
9 79
91 58
42 65
76 91
61 44
62 73
80 98
81 37
51 48
2 76
42 70
71 86
71 75
70 1
39 70
68 43
93 66
26 72
74 98
75 14
6 35
88 91
6 4
88 91
13 20
69 6
55 21
56 62
13 59
69 6
55 12
56 62
94 59
34 11
16 98
17 41
57 12
56 93
36 70
65 80
8 82
25 97
2 100
1 7
85 62
22 11
9 38
91 58
7 90
40 79
94 4
93 70
42 47
94 9
7 48
40 79
25 62
62 47
6 12
88 91
57 12
56 93
24 65
25 7
61 11
62 73
8 29
95 67
72 43
73 57
51 82
68 42
72 43
73 57
13 90
69 6
94 54
39 16
93 43
49 95
8 70
37 9
46 48
77 64
46 34
77 64
24 62
61 43
6 65
88 91
36 31
4 19
46 64
77 64
25 87
37 22
50 82
90 3
42 64
3 18
13 44
69 6
19 29
20 56
57 20
36 73
13 68
44 81
40 38
8 41
57 82
74 11
71 59
11 42
73 12
80 92
76 60
21 52
42 66
75 90
57 82
74 11
72 12
73 57
42 43
98 13
55 70
56 62
61 21
62 73
42 34
3 18
76 62
13 44
6 34
88 91
39 98
40 15
63 35
27 96
50 47
90 3
33 35
97 80
24 35
25 7
19 47
20 56
24 35
25 7
25 26
98 83
80 43
36 92
85 87
5 94
33 43
62 45
36 79
56 71
93 86
45 91
56 82
57 25
42 100
3 18
9 44
91 58
56 4
57 25
42 60
3 18
7 44
40 79
50 44
90 3
73 29
80 92
40 86
8 41
6 44
88 91
71 66
4 35
16 90
67 91
39 59
79 54
36 86
49 64
36 20
15 30
94 75
93 70
13 86
69 6
93 20
72 18
39 87
51 26
6 60
88 91
76 75
21 52
45 17
27 24
33 75
62 45
76 68
21 52
6 26
79 82
7 11
40 79
2 100
1 7
76 65
21 52
63 26
36 5
42 60
3 18
93 34
45 91
94 4
93 70
16 48
67 91
45 64
79 76
40 62
77 10
80 64
15 71
71 43
27 58
19 75
20 56
56 35
57 25
94 92
1 78
74 44
94 33
93 62
30 76
74 34
94 33
51 44
6 80
63 82
42 11
42 59
82 97
50 21
90 3
45 64
79 76
76 43
21 52
57 48
8 45
93 11
45 91
46 54
91 78
57 59
97 34
16 44
67 91
61 92
62 73
76 100
21 52
14 65
31 62
46 59
77 64
39 59
79 54
94 34
93 70
42 98
43 58
36 4
91 6
73 98
74 86
39 29
57 32
32 81
11 72
57 20
36 73
8 11
95 67
94 62
31 8
13 17
95 32
85 79
5 94
85 31
53 42
2 47
54 60
14 29
31 62
36 26
9 24
61 75
62 73
13 82
69 6
71 44
70 1
56 59
57 25
32 66
65 26
93 70
22 68
36 47
88 3
7 11
40 79
51 66
84 58
13 62
50 87
76 91
84 15
8 11
95 67
72 17
73 57
7 4
40 79
50 91
58 71
93 26
66 12
25 26
98 83
74 98
75 14
14 17
96 27
76 34
21 52
46 81
77 64
80 48
31 87
46 11
77 64
25 43
81 66
72 64
73 57
14 54
59 90
19 31
20 56
63 38
42 11
36 3
91 6
85 98
86 75
61 21
62 73
7 11
40 79
61 64
62 73
19 48
20 56
72 20
73 57
7 87
40 79
61 98
62 73
72 4
73 57
6 26
79 82
16 21
67 91
71 20
50 81
80 75
45 1
2 47
54 60
2 82
19 25
13 75
69 6
80 65
14 70
56 20
57 25
85 34
5 94
24 65
25 7
13 91
21 58
45 60
79 76
16 81
67 91
7 98
8 47
13 92
20 57
51 26
24 98
46 54
91 78
9 81
91 58
50 81
90 3
42 86
3 18
71 68
2 33
56 79
57 25
94 35
58 35
55 79
56 62
73 38
80 92
9 34
91 58
6 90
88 91
36 4
91 6
39 64
57 32
85 47
5 94
8 62
45 17
74 54
19 58
40 87
8 41
73 82
80 92
61 100
62 73
57 31
25 62
73 91
81 93
94 20
73 50
6 62
43 46
57 29
56 93
24 87
25 7
93 100
45 91
33 65
62 45
76 64
21 52
56 100
57 25
14 92
21 52
36 47
88 3
56 68
57 25
13 65
69 6
25 100
24 9
42 59
82 97
36 60
75 90
13 59
69 6
33 31
62 45
7 87
40 79
16 79
67 91
36 65
70 85
9 66
91 58
36 29
91 6
32 4
11 72
16 12
67 91
6 35
88 91
32 11
11 72
16 59
67 91
13 12
69 6
16 31
67 91
94 11
93 70
36 66
69 84
76 12
21 52
46 75
77 64
51 68
82 56
80 35
44 100
14 11
31 62
72 66
73 57
7 64
40 79
39 48
90 65
24 65
25 7
14 11
31 62
19 62
56 92
6 98
7 10
24 66
25 7
8 29
95 67
39 38
57 32
50 47
90 3
63 11
42 11
74 90
94 33
19 91
27 63
32 81
11 72
76 21
21 52
42 60
3 18
76 60
21 52
94 66
27 4
57 66
90 27
14 29
31 62
16 17
98 22
13 66
46 83
85 3
5 94
32 43
88 49
40 82
8 41
13 59
69 6
85 4
5 94
2 90
11 17
80 91
88 44
74 47
94 33
76 3
21 52
33 3
62 45
24 64
25 7
93 70
22 68
40 29
8 41
61 81
62 73
55 21
56 62
24 54
25 7
76 92
21 52
55 60
56 62
25 21
3 88
2 92
9 15
76 43
21 52
73 48
24 36
13 11
69 6
63 100
42 11
16 66
49 73
14 64
31 62
74 38
94 33
13 3
69 6
40 92
8 41
74 62
11 50
55 59
56 62
76 79
21 52
32 21
11 72
72 17
73 57
19 90
20 56
16 59
67 91
74 91
82 21
2 92
9 15
13 65
69 6
73 38
80 92
42 66
75 90
6 3
88 91
73 20
80 92
61 81
62 73
7 43
40 79
9 43
91 58
13 34
69 6
7 29
40 79
32 34
11 72
42 75
3 18
25 54
70 55
80 11
45 1
73 100
80 92
45 20
24 21
9 47
91 58
13 82
69 6
36 35
100 15
74 68
5 44
25 70
54 39
85 65
5 94
55 91
63 69
63 90
42 11
93 31
61 7
39 91
47 22
6 98
7 10
14 4
31 62
39 90
48 23
94 43
50 27
40 17
22 55
25 54
70 55
45 3
79 76
63 86
42 11
74 11
94 33
32 86
11 72
16 82
67 91
8 35
72 44
76 48
21 52
57 3
56 93
36 11
91 6
25 87
37 22
93 70
22 68
80 20
59 15
50 17
32 45
57 12
56 93
94 87
6 83
61 3
62 73
36 4
91 6
45 21
79 76
39 66
72 47
50 91
58 71
56 86
57 25
32 60
11 72
51 60
90 64
74 64
94 33
14 35
78 9
8 91
16 88
51 70
80 54
63 98
64 33
55 48
56 62
50 34
90 3
9 48
91 58
45 66
78 75
32 20
11 72
80 100
79 35
16 65
67 91
6 62
43 46
8 38
69 41
74 34
94 33
45 54
90 87
73 48
24 36
8 65
42 14
61 70
62 73
93 59
33 79
94 86
93 70
46 81
77 64
8 44
95 67
55 17
56 62
14 3
31 62
2 91
10 16
33 64
62 45
74 35
38 77
16 92
67 91
13 79
33 70
2 81
20 26
24 12
25 7
19 4
20 56
51 3
39 13
24 92
25 7
46 20
77 64
51 86
64 38
76 4
21 52
71 47
23 54
61 35
62 73
45 70
74 71
33 90
62 45
42 79
62 77
8 91
16 88
46 81
77 64
93 12
45 91
94 91
2 79
42 70
71 86
9 26
82 49
7 86
40 79
2 59
42 48
85 44
5 94
16 60
67 91
61 87
62 73
40 35
4 37
39 4
57 32
56 4
57 25
50 98
51 64
50 92
57 70
13 4
69 6
76 29
21 52
61 100
62 73
85 29
5 94
16 21
67 91
7 34
40 79
94 87
6 83
14 68
45 76
80 86
93 49
56 34
57 25
9 62
46 13
42 62
79 94
39 64
57 32
36 66
69 84
6 43
88 91
32 26
5 66
25 4
21 6
24 91
32 14
56 44
57 25
45 98
46 43
50 64
90 3
33 34
62 45
19 65
20 56
74 54
19 58
73 34
80 92
72 48
73 57
36 38
97 12
71 43
27 58
63 44
42 11
24 87
25 7
46 26
19 6
93 64
45 91
6 91
14 17
13 98
14 51
9 60
91 58
7 20
40 79
25 70
54 39
16 54
61 85
16 26
89 13
71 35
35 66
6 86
88 91
7 3
40 79
25 66
58 43
56 90
57 25
55 17
56 62
25 92
32 17
55 87
56 62
63 66
96 65
55 62
92 98
50 43
6 19
94 75
93 70
63 38
42 11
85 87
5 94
9 20
91 58
45 98
46 43
80 31
48 4
33 4
62 45
57 31
25 62
39 65
57 32
57 35
21 58
25 4
21 6
32 90
11 72
63 59
3 72
57 26
30 67
71 4
70 1
36 48
87 2
33 60
62 45
80 20
59 15
7 100
40 79
74 21
94 33
16 66
49 73
19 11
20 56
9 82
91 58
72 81
73 57
51 82
68 42
9 29
91 58
25 17
7 92
73 65
80 92
63 54
8 77
45 34
79 76
71 68
2 33
55 82
56 62
13 3
69 6
61 20
62 73
45 92
52 49
8 3
95 67
7 100
40 79
61 98
62 73
55 3
56 62
14 47
66 97
63 82
42 11
61 35
62 73
45 47
97 94
33 62
70 53
63 98
64 33
33 31
62 45
25 20
4 89
74 34
94 33
93 81
45 91
61 92
62 73
72 79
73 57
93 86
45 91
25 21
3 88
46 87
77 64
71 64
70 1
39 66
72 47
24 47
25 7
25 70
54 39
8 47
60 32
36 31
4 19
46 100
77 64
14 66
47 78
6 34
88 91
19 38
20 56
36 47
88 3
25 92
32 17
24 98
25 7
8 91
16 88
55 59
56 62
14 54
59 90
19 54
20 56
13 38
69 6
14 66
47 78
51 47
3 77
74 20
94 33
72 65
73 57
72 26
45 29
63 65
42 11
50 20
90 3
33 64
62 45
39 48
90 65
33 48
62 45
6 4
88 91
33 62
70 53
72 21
73 57
14 98
15 46
80 12
67 23
24 82
25 7
39 26
12 87
25 59
65 50
2 3
15 21
24 26
97 79
45 44
79 76
16 59
67 91
93 68
24 70
45 21
79 76
51 26
24 98
57 38
18 55
63 60
42 11
19 31
20 56
2 81
20 26
39 64
57 32
9 4
91 58
93 68
24 70
24 90
25 7
24 11
25 7
72 64
73 57
14 21
31 62
55 100
56 62
72 21
73 57
46 54
91 78
55 100
56 62
19 92
20 56
33 86
62 45
32 100
11 72
61 11
62 73
57 64
56 93
25 70
54 39
2 65
36 42
9 98
10 77
73 82
80 92
45 66
78 75
73 98
74 86
8 65
42 14
32 21
11 72
73 82
80 92
72 87
73 57
16 81
67 91
14 86
31 62
40 12
8 41
14 54
59 90
80 81
98 54
9 4
91 58
80 92
87 43
61 64
62 73
6 86
88 91
42 3
3 18
50 54
95 8
85 68
16 5
24 66
25 7
32 21
11 72
8 90
17 89
16 64
67 91
76 66
21 52
55 21
56 62
40 26
13 46
73 90
80 92
71 64
70 1
2 38
63 69
45 70
74 71
19 26
92 28
6 29
88 91
76 38
21 52
61 11
62 73
33 90
62 45
36 26
9 24
7 64
40 79
46 11
77 64
56 48
57 25
36 21
14 29
76 82
21 52
74 59
94 33
73 34
80 92
16 81
67 91
93 44
45 91
80 59
20 76
42 3
3 18
55 54
56 62
93 26
66 12
24 44
25 7
57 34
56 93
42 100
3 18
50 4
90 3
19 66
20 56
72 68
73 57
85 26
58 47
50 44
90 3
76 34
21 52
16 29
67 91
32 21
11 72
74 43
94 33
2 35
66 72
73 59
80 92
8 70
37 9
72 66
73 57
74 35
38 77
85 92
92 81
32 70
61 22
76 60
21 52
19 90
20 56
57 48
8 45
93 20
72 18
8 70
37 9
72 35
73 57
80 91
88 44
55 43
56 62
25 66
58 43
80 17
62 18
74 66
7 46
80 12
67 23
61 79
62 73
51 38
12 86
13 82
69 6
33 60
62 45
8 91
16 88
57 60
56 93
51 62
88 62
55 31
56 62
39 75
57 32
56 65
57 25
32 34
11 72
24 35
25 7
2 90
11 17
50 34
90 3
94 87
6 83
2 60
41 47
39 43
95 70
56 100
57 25
24 48
25 7
2 34
15 21
2 64
37 43
80 100
79 35
24 17
25 7
56 20
57 25
40 17
22 55
94 68
25 2
2 68
33 39
25 17
7 92
39 86
57 32
85 38
5 94
19 60
20 56
94 81
12 89
80 98
81 37
45 65
79 76
45 98
46 43
24 59
25 7
57 21
56 93
33 79
62 45
61 79
62 73
9 60
91 58
57 34
56 93
25 26
98 83
50 29
90 3
19 26
92 28
32 87
44 5
71 79
91 22
42 12
3 18
36 82
53 68
57 34
56 93
19 31
20 56
39 20
18 93
24 31
25 7
74 82
94 33
25 47
77 62
94 92
1 78
42 59
82 97
40 43
8 41
56 65
57 25
93 70
22 68
76 38
21 52
36 31
4 19
63 38
42 11
19 17
20 56
50 34
90 3
13 11
69 6
42 75
3 18
76 64
21 52
9 62
46 13
14 79
34 65
55 44
56 62
16 21
67 91
80 47
32 88
72 82
73 57
50 75
90 3
72 21
73 57
57 86
56 93
6 90
88 91
46 68
77 64
71 44
70 1
51 48
2 76
80 48
31 87
42 43
98 13
40 82
8 41
51 75
39 13
94 75
93 70
74 3
94 33
46 98
47 34
72 21
73 57
46 44
77 64
8 29
95 67
57 75
56 93
13 82
69 6
13 90
69 6
50 70
79 92
40 75
8 41
56 86
57 25
16 66
49 73
45 75
79 76
76 82
21 52
40 91
48 81
14 31
82 13
50 54
95 8
72 38
73 57
45 64
79 76
85 29
5 94
32 35
96 57
73 91
81 93
85 98
86 75
24 98
25 7
61 98
62 73
45 34
79 76
24 98
25 7
8 65
42 14
13 48
64 1
19 79
20 56
46 81
77 64
39 87
51 26
93 43
49 95
6 34
88 91
16 79
67 91
9 43
91 58
50 3
90 3
16 54
61 85
73 43
80 92
36 60
75 90
24 11
25 7
57 65
91 28
25 54
70 55
8 64
43 15
93 20
72 18
71 20
50 81
94 54
39 16
61 82
62 73
74 92
81 20
40 87
8 41
6 43
88 91
63 82
42 11
45 20
24 21
25 98
26 11
72 90
73 57
72 92
73 57
74 44
94 33
33 26
6 89
94 17
76 53
45 59
85 82
74 12
94 33
16 70
45 69
9 90
91 58
71 48
22 53
45 92
52 49
9 11
91 58
40 4
8 41
80 62
17 73
50 82
90 3
74 92
81 20
63 60
42 11
40 98
41 74
80 79
100 56
46 98
47 34
40 4
8 41
57 17
39 76
14 11
31 62
51 12
38 12
40 64
8 41
93 26
66 12
13 82
69 6
50 54
95 8
93 31
61 7
8 38
69 41
24 44
25 7
71 12
70 1
80 11
45 1
14 38
31 62
16 90
67 91
63 98
64 33
39 48
90 65
2 12
15 21
73 35
37 49
14 26
87 18
74 100
94 33
9 44
91 58
45 92
52 49
51 43
7 81
14 87
26 57
14 98
15 46
25 70
54 39
32 43
88 49
9 26
82 49
74 60
94 33
93 4
45 91
74 20
94 33
71 70
100 31
19 90
20 56
16 47
67 91
7 54
52 91
13 4
69 6
56 43
57 25
16 65
67 91
25 70
54 39
55 26
28 34
80 98
81 37
42 17
24 39
46 100
77 64
45 11
79 76
19 64
20 56
14 62
51 82
45 44
79 76
39 70
68 43
2 62
39 45
24 34
25 7
36 82
53 68
42 48
93 8
40 91
48 81
80 48
31 87
24 26
97 79
45 21
79 76
61 11
62 73
76 4
21 52
24 38
25 7
7 87
40 79
39 4
57 32
16 100
67 91
51 54
96 70
73 35
37 49
40 64
8 41
6 4
88 91
61 64
62 73
72 38
73 57
16 31
67 91
8 11
95 67
85 70
14 3
80 92
87 43
73 68
4 16
46 11
77 64
40 3
8 41
33 66
66 49
33 62
70 53
39 65
57 32
14 54
59 90
72 48
73 57
71 64
70 1
72 48
73 57
76 31
21 52
51 11
39 13
45 21
79 76
50 12
90 3
55 12
56 62
32 65
11 72
6 91
14 17
57 26
30 67
80 64
15 71
14 35
78 9
94 59
34 11
76 90
21 52
14 66
47 78
93 90
45 91
51 34
16 90
33 87
62 45
46 11
77 64
25 100
24 9
56 54
57 25
73 11
80 92
51 11
39 13
61 54
62 73
61 90
62 73
42 21
3 18
9 35
91 58
85 68
16 5
55 86
56 62
36 20
15 30
50 60
90 3
24 62
61 43
46 60
77 64
39 26
12 87
19 79
20 56
51 100
50 24
63 34
42 11
73 17
55 67
94 60
93 70
7 48
40 79
8 11
95 67
39 81
57 32
24 81
25 7
36 12
23 38
7 31
40 79
63 100
42 11
8 29
95 67
73 82
80 92
16 66
49 73
85 21
5 94
74 60
94 33
61 47
62 73
50 75
90 3
93 90
45 91
93 81
45 91
32 82
11 72
8 66
41 13
51 4
39 13
14 43
70 1
46 47
77 64
45 29
79 76
76 79
21 52
45 21
79 76
7 26
80 19
36 60
75 90
33 91
41 24
36 66
69 84
16 44
67 91
6 90
88 91
50 98
51 64
74 81
94 33
2 43
58 64
56 59
57 25
50 64
90 3
33 31
62 45
8 21
86 58
45 75
79 76
93 75
45 91
2 81
20 26
93 62
30 76
40 48
91 24
42 20
21 36
25 59
65 50
19 43
20 56
36 90
45 60
42 82
59 74
13 17
95 32
93 66
26 72
25 98
26 11
13 90
69 6
46 43
77 64
72 68
73 57
93 20
72 18
14 48
65 96
61 3
62 73
8 81
26 98
25 59
65 50
6 35
88 91
7 17
89 28
33 70
62 45
94 38
55 32
19 91
27 63
6 66
88 91
80 79
100 56
36 65
70 85
24 47
25 7
39 91
47 22
50 86
90 3
36 21
14 29
71 62
8 39
33 100
62 45
7 98
8 47
25 87
37 22
80 98
81 37
25 86
38 23
16 79
67 91
19 54
20 56
32 29
11 72
63 98
64 33
93 21
45 91
94 47
46 23
45 86
79 76
2 75
15 21
72 92
73 57
14 87
26 57
63 100
42 11
7 11
40 79
42 47
94 9
46 44
77 64
33 86
62 45
57 62
94 31
76 11
21 52
56 92
57 25
13 79
33 70
73 31
41 53
61 43
62 73
36 48
87 2
74 64
94 33
6 35
88 91
93 43
49 95
33 38
62 45
14 66
47 78
74 38
94 33
8 81
26 98
73 65
80 92
55 3
56 62
74 64
94 33
40 98
41 74
33 87
62 45
9 38
91 58
14 66
47 78
55 48
56 62
8 26
81 53
16 91
24 48
71 60
70 1
61 87
62 73
8 87
20 92
76 11
21 52
33 26
6 89
57 31
25 62
13 4
69 6
72 21
73 57
57 68
88 25
16 35
80 4
94 31
62 39
94 29
93 70
25 82
42 27
71 82
88 19
94 4
93 70
55 34
56 62
16 12
67 91
40 35
4 37
16 20
67 91
55 44
56 62
25 29
95 80
8 59
48 20
8 11
95 67
93 11
45 91
57 54
2 39
50 79
70 83
2 17
84 90
45 47
97 94
39 21
57 32
8 64
43 15
45 43
1 98
56 26
29 97
61 4
62 73
42 29
3 18
55 29
56 62
39 81
57 32
42 59
82 97
6 82
88 91
42 4
3 18
50 100
90 3
80 65
14 70
40 29
8 41
55 98
56 62
14 91
22 53
9 11
91 58
63 60
42 11
46 4
77 64
25 82
42 27
13 54
58 95
13 43
69 6
50 26
23 36
42 82
59 74
57 81
75 12
61 91
69 80
39 62
76 51
9 21
91 58
76 68
21 52
45 48
96 93
14 21
31 62
74 59
94 33
85 26
58 47
7 47
40 79
36 48
87 2
93 68
24 70
2 12
15 21
50 98
51 64
40 44
8 41
73 70
2 14
16 62
53 77
19 12
20 56
85 4
5 94
74 34
94 33
42 54
87 2
7 79
40 79
33 44
62 45
74 20
94 33
16 54
61 85
76 59
21 52
93 91
1 47
9 29
91 58
33 35
97 80
42 38
3 18
76 66
21 52
80 29
45 1
13 100
69 6
74 4
94 33
8 90
17 89
16 47
67 91
33 65
62 45
93 75
45 91
16 66
49 73
76 81
21 52
55 91
63 69
71 59
11 42
8 59
48 20
72 66
73 57
19 47
20 56
71 11
70 1
42 86
3 18
24 17
25 7
32 86
11 72
72 79
73 57
51 26
24 98
76 47
21 52
8 98
9 81
56 91
64 32
25 21
3 88
56 62
93 61
33 34
62 45
46 82
77 64
93 34
45 91
32 38
11 72
24 38
25 7
19 98
20 56
72 59
73 57
25 100
24 9
63 64
42 11
57 11
56 93
24 48
25 7
42 66
75 90
25 60
64 49
63 11
42 11
57 100
56 93
85 60
5 94
51 34
16 90
6 11
88 91
33 82
62 45
46 4
77 64
51 70
80 54
74 44
94 33
76 70
21 52
74 21
94 33
50 12
90 3
72 20
73 57
33 21
62 45
80 98
81 37
50 59
90 3
6 29
88 91
71 38
32 63
14 29
31 62
6 17
88 91
93 98
94 40
61 60
62 73
56 38
57 25
45 4
79 76
72 81
73 57
25 91
33 18
16 60
67 91
19 48
20 56
24 34
25 7
39 92
46 21
45 54
90 87
25 75
21 6
2 87
14 20
63 44
42 11
57 82
74 11
45 31
13 10
14 34
31 62
8 70
37 9
71 65
5 36
94 29
93 70
40 65
8 41
94 86
93 70
8 54
53 25
63 59
3 72
45 12
79 76
55 3
56 62
14 3
31 62
74 11
94 33
7 31
40 79
2 35
66 72
46 98
47 34
14 59
54 85
33 68
64 47
63 54
8 77
56 3
57 25
61 100
62 73
24 43
25 7
46 64
77 64
13 98
14 51
16 48
67 91
55 66
56 62
24 21
25 7
63 34
42 11
19 31
20 56
71 29
70 1
24 43
25 7
40 59
8 41
36 64
71 86
50 65
90 3
6 79
88 91
6 60
88 91
42 11
3 18
25 54
70 55
13 82
69 6
74 44
94 33
55 82
56 62
39 75
57 32
71 26
44 75
39 75
57 32
63 81
42 11
45 98
46 43
6 60
88 91
9 90
91 58
25 47
77 62
72 66
73 57
45 70
74 71
45 92
52 49
24 3
25 7
94 3
93 70
73 65
80 92
32 26
5 66
2 68
33 39
19 66
20 56
40 4
8 41
33 86
62 45
56 38
57 25
55 82
56 62
6 65
88 91
16 54
61 85
72 100
73 57
13 66
46 83
45 44
79 76
36 62
73 88
80 48
31 87
85 75
5 94
71 62
8 39
56 66
57 25
51 75
39 13
7 90
40 79
71 100
70 1
33 38
62 45
25 4
21 6
25 59
65 50
40 44
8 41
61 87
62 73
19 47
20 56
61 68
62 73
7 90
40 79
33 59
62 45
61 68
62 73
63 66
96 65
7 44
40 79
63 17
45 14
36 66
69 84
14 65
31 62
61 79
62 73
85 98
86 75
25 11
13 98
8 90
17 89
55 38
56 62
33 3
62 45
56 4
57 25
45 70
74 71
25 90
34 19
61 20
62 73
36 20
15 30
46 11
77 64
85 35
49 38
56 79
57 25
55 38
56 62
16 29
67 91
51 20
30 4
9 54
91 58
9 59
91 58
14 17
96 27
85 82
5 94
94 34
93 70
32 26
5 66
45 54
90 87
85 35
49 38
61 98
62 73
45 48
96 93
19 82
20 56
42 90
51 66
39 20
18 93
24 38
25 7
7 31
40 79
51 82
68 42
39 21
57 32
94 11
93 70
6 43
88 91
16 47
67 91
50 91
58 71
51 70
80 54
16 60
67 91
94 3
93 70
85 68
16 5
13 48
64 1
42 62
79 94
7 26
80 19
50 44
90 3
40 98
41 74
32 34
11 72
45 4
79 76
74 17
56 95
2 81
20 26
40 48
91 24
16 75
67 91
46 29
77 64
93 54
38 84
2 43
58 64
56 75
57 25
74 11
94 33
61 92
62 73
73 38
80 92
32 87
44 5
42 26
15 30
61 100
62 73
74 65
94 33
72 98
73 57
40 86
8 41
57 60
56 93
2 62
39 45
32 82
11 72
85 70
14 3
42 47
94 9
40 35
4 37
71 44
70 1
19 38
20 56
85 64
5 94
8 82
25 97
63 98
64 33
13 17
95 32
14 44
31 62
46 21
77 64
51 82
68 42
76 62
13 44
63 54
8 77
42 60
3 18
40 26
13 46
56 65
57 25
14 38
31 62
57 59
97 34
9 60
91 58
55 26
28 34
36 38
97 12
32 48
83 44
85 48
36 25
2 35
66 72
73 65
80 92
33 21
62 45
2 59
42 48
25 66
58 43
50 35
14 27
39 17
21 96
13 3
69 6
76 54
21 52
6 92
88 91
50 44
90 3
13 48
64 1
94 70
23 100
25 100
24 9
50 29
90 3
2 21
80 86
71 75
70 1
72 20
73 57
39 17
21 96
33 98
34 17
33 87
62 45
61 34
62 73
14 82
31 62
80 68
11 67
76 90
21 52
63 3
42 11
85 86
5 94
85 17
67 56
73 47
80 92
74 81
94 33
63 68
94 63
74 79
94 33
9 26
82 49
72 17
73 57
57 3
56 93
36 59
76 91
19 68
20 56
63 65
42 11
71 86
70 1
71 86
70 1
80 81
98 54
25 11
13 98
6 48
88 91
76 17
58 89
93 29
45 91
61 29
62 73
25 59
65 50
46 60
77 64
16 20
67 91
45 21
79 76
61 65
62 73
8 90
17 89
63 98
64 33
7 64
40 79
42 92
49 64
72 26
45 29
45 43
1 98
85 31
53 42
40 68
71 4
56 62
93 61
76 38
21 52
46 60
77 64
57 29
56 93
6 31
88 91
2 82
19 25
72 91
80 64
8 31
76 48
63 17
45 14
45 79
65 62
80 87
92 48
16 75
67 91
56 87
57 25
16 48
67 91
7 17
89 28
14 54
59 90
46 12
77 64
80 64
15 71
32 82
11 72
93 12
45 91
74 60
94 33
76 79
21 52
24 48
25 7
80 48
31 87
24 75
25 7
13 59
69 6
61 48
62 73
76 79
21 52
56 79
57 25
7 11
40 79
80 21
58 14
71 59
11 42
76 66
21 52
63 70
92 61
93 91
1 47
46 4
77 64
25 81
43 28
8 59
48 20
56 34
57 25
2 81
20 26
93 21
45 91
50 90
90 3
13 92
20 57
80 100
79 35
7 20
40 79
56 20
57 25
9 11
91 58
6 43
88 91
72 86
73 57
94 92
1 78
7 29
40 79
13 100
69 6
85 81
5 94
55 12
56 62
8 66
41 13
57 65
91 28
9 70
91 58
6 87
88 91
55 91
63 69
56 64
57 25
73 65
80 92
42 31
10 25
2 68
33 39
76 75
21 52
19 62
56 92
45 87
57 54
24 35
25 7
57 60
56 93
19 20
20 56
25 48
76 61
80 12
67 23
24 21
25 7
74 35
38 77
72 91
80 64
72 21
73 57
61 12
62 73
14 64
31 62
93 21
45 91
24 59
25 7
16 60
67 91
76 81
21 52
42 54
87 2
85 82
5 94
45 35
9 6
25 62
62 47
36 48
87 2
63 79
83 52
45 90
54 51
25 4
21 6
45 79
65 62
76 79
21 52
32 81
11 72
14 26
87 18
93 75
45 91
14 34
31 62
94 91
2 79
7 90
40 79
71 62
8 39
56 82
57 25
2 11
15 21
93 70
22 68
25 11
13 98
9 59
91 58
40 59
8 41
45 91
53 50
45 21
79 76
14 82
31 62
6 17
88 91
80 47
32 88
36 75
91 6
56 11
57 25
45 11
79 76
72 64
73 57
39 86
57 32
73 29
80 92
73 26
46 58
51 48
2 76
42 68
73 88
71 34
70 1
71 79
91 22
6 100
88 91
39 43
95 70
72 47
73 57
39 3
57 32
8 4
95 67
72 4
73 57
71 86
70 1
2 35
66 72
19 26
92 28
25 68
56 41
46 48
77 64
61 64
62 73
73 29
80 92
94 59
34 11
45 44
79 76
40 75
8 41
94 75
93 70
85 68
16 5
46 48
77 64
19 38
20 56
94 60
93 70
80 64
15 71
57 68
88 25
36 38
97 12
85 86
5 94
6 43
88 91
46 82
77 64
8 92
15 87
33 21
62 45
6 54
88 91
39 3
57 32
71 21
70 1
25 26
98 83
2 48
53 59
63 65
42 11
71 65
5 36
45 47
97 94
14 87
26 57
56 35
57 25
63 91
71 40
50 35
14 27
39 11
57 32
93 38
45 91
73 4
80 92
72 38
73 57
93 11
45 91
45 82
62 59
2 87
14 20
13 4
69 6
6 31
88 91
56 48
57 25
36 100
35 50
8 98
9 81
56 35
57 25
57 59
97 34
7 81
40 79
42 65
76 91
19 3
20 56
32 47
11 72
57 12
56 93
19 98
20 56
72 31
73 57
6 48
88 91
19 62
56 92
63 66
96 65
76 34
21 52
40 20
8 41
36 98
37 52
51 54
96 70
73 29
80 92
32 54
77 38
55 82
56 62
6 100
88 91
51 98
52 26
36 21
14 29
56 64
57 25
40 70
69 2
16 3
67 91
40 34
8 41
25 81
43 28
74 100
94 33
74 64
94 33
61 47
62 73
6 62
43 46
61 70
62 73
61 64
62 73
45 62
82 79
16 21
67 91
46 90
77 64
42 87
54 69
33 59
62 45
56 98
57 25
85 54
30 19
24 3
25 7
32 47
11 72
36 62
73 88
25 62
62 47
7 90
40 79
42 65
76 91
85 82
5 94
94 31
62 39
40 87
8 41
63 92
70 39
57 17
39 76
36 34
1 16
9 44
91 58
56 79
57 25
16 54
61 85
46 86
77 64
9 70
91 58
39 34
57 32
50 38
90 3
94 70
23 100
19 4
20 56
94 29
93 70
16 31
67 91
80 62
17 73
71 66
4 35
63 81
42 11
36 31
4 19
14 31
82 13
80 38
41 97
6 21
88 91
76 11
21 52
80 44
45 1
25 64
60 45
24 3
25 7
9 44
91 58
46 90
77 64
50 17
32 45
2 44
15 21
19 11
20 56
6 44
88 91
50 81
90 3
16 82
67 91
74 92
81 20
36 4
91 6
7 34
40 79
72 70
73 57
14 44
31 62
71 68
2 33
36 59
76 91
36 66
69 84
57 75
56 93
46 43
77 64
85 60
5 94
16 35
80 4
80 47
32 88
36 87
48 63
74 34
94 33
85 70
14 3
71 86
70 1
45 48
96 93
14 98
15 46
85 20
5 94
42 68
73 88
33 54
78 61
85 75
5 94
73 11
80 92
39 68
70 45
39 64
57 32
57 47
9 46
6 17
88 91
94 21
93 70
51 20
30 4
46 35
10 97
33 4
62 45
13 34
69 6
76 92
21 52
74 100
94 33
63 35
27 96
24 48
25 7
19 98
20 56
8 21
86 58
93 4
45 91
40 35
4 37
74 11
94 33
50 92
57 70
32 43
88 49
13 26
86 23
19 20
20 56
55 20
56 62
8 65
42 14
2 100
1 7
25 100
24 9
14 11
31 62
9 35
91 58
73 65
80 92
45 34
79 76
55 62
92 98
19 60
20 56
39 81
57 32
42 59
82 97
39 86
57 32
73 20
80 92
7 86
40 79
46 64
77 64
71 54
16 47
32 3
11 72
50 17
32 45
45 34
79 76
25 54
70 55
56 68
57 25
63 47
42 11
2 43
58 64
94 43
50 27
56 34
57 25
56 62
93 61
36 20
15 30
50 62
87 100
63 43
19 88
24 59
25 7
42 29
3 18
57 60
56 93
51 38
12 86
13 66
46 83
46 38
77 64
61 48
62 73
73 75
80 92
6 48
88 91
16 81
67 91
73 91
81 93
50 66
83 96
19 31
20 56
94 70
23 100
72 48
73 57
19 81
20 56
25 62
62 47
33 75
62 45
46 92
77 64
6 43
88 91
40 54
85 18
36 87
48 63
32 81
11 72
36 62
73 88
14 65
31 62
13 75
69 6
14 29
31 62
57 66
90 27
40 86
8 41
61 70
62 73
33 87
62 45
71 70
100 31
2 87
14 20
85 62
22 11
16 64
67 91
32 11
11 72
42 29
3 18
50 91
58 71
33 21
62 45
74 60
94 33
40 86
8 41
24 87
25 7
13 21
69 6
25 47
77 62
61 34
62 73
56 47
57 25
13 60
69 6
71 11
70 1
32 47
11 72
74 47
94 33
56 47
57 25
50 90
90 3
72 90
73 57
50 35
14 27
57 86
56 93
63 65
42 11
42 43
98 13
24 48
25 7
80 20
59 15
14 91
22 53
80 34
45 1
50 81
90 3
6 29
88 91
40 38
8 41
2 59
42 48
33 54
78 61
63 70
92 61
13 38
69 6
72 66
73 57
16 3
67 91
36 11
91 6
71 54
16 47
76 20
21 52
80 29
45 1
33 68
64 47
14 48
65 96
36 79
56 71
42 44
3 18
9 59
91 58
63 11
42 11
71 70
100 31
85 48
36 25
61 20
62 73
74 81
94 33
39 91
47 22
40 64
8 41
36 3
91 6
8 64
43 15
74 54
19 58
72 4
73 57
19 81
20 56
50 86
90 3
40 31
8 41
56 12
57 25
6 62
43 46
72 86
73 57
25 21
3 88
39 26
12 87
13 60
69 6
72 35
73 57
32 98
33 94
80 75
45 1
73 68
4 16
2 82
19 25
39 11
57 32
74 79
94 33
7 38
40 79
8 31
76 48
71 59
11 42
13 31
81 18
25 43
81 66
14 62
51 82
85 91
93 82
73 64
80 92
33 62
70 53
61 91
69 80
42 79
62 77
57 11
56 93
42 92
49 64
39 91
47 22
73 75
80 92
6 75
88 91
13 66
46 83
36 100
35 50
32 82
11 72
13 11
69 6
61 64
62 73
72 98
73 57
8 21
86 58
73 64
80 92
63 26
36 5
7 43
40 79
45 75
79 76
9 91
17 84
6 48
88 91
94 79
14 91
32 20
11 72
40 4
8 41
56 3
57 25
93 12
45 91
55 60
56 62
9 91
17 84
56 98
57 25
2 3
15 21
32 68
63 24
39 81
57 32
46 81
77 64
76 68
21 52
6 35
88 91
93 31
61 7
85 59
5 94
42 21
3 18
16 59
67 91
19 59
20 56
93 100
45 91
74 44
94 33
33 43
62 45
45 68
76 73
13 31
81 18
40 81
8 41
13 54
58 95
51 90
60 34
2 44
15 21
6 90
88 91
2 82
19 25
24 43
25 7
94 59
34 11
51 34
16 90
55 3
56 62
16 54
61 85
74 35
38 77
55 48
56 62
57 92
64 1
8 43
64 36
16 86
67 91
57 47
9 46
85 92
92 81
71 29
70 1
42 66
75 90
39 60
57 32
40 38
8 41
45 47
97 94
80 64
15 71
51 62
88 62
16 43
67 91
25 21
3 88
40 43
8 41
76 38
21 52
42 91
50 65
55 91
63 69
63 62
100 69
42 20
21 36
45 90
54 51
14 65
31 62
51 75
39 13
50 60
90 3
45 90
54 51
14 3
31 62
8 11
95 67
24 60
25 7
7 17
89 28
55 29
56 62
74 64
94 33
56 31
57 25
42 100
3 18
55 59
56 62
71 11
70 1
94 81
12 89
93 79
13 59
76 35
21 52
39 91
47 22
36 21
14 29
16 60
67 91
2 65
36 42
7 31
40 79
80 87
92 48
45 34
79 76
72 64
73 57
9 91
17 84
73 38
80 92
24 26
97 79
33 4
62 45
14 11
31 62
45 64
79 76
24 65
25 7
2 81
20 26
9 100
91 58
42 60
3 18
93 48
44 90
24 100
25 7
33 12
62 45
73 92
80 92
45 54
90 87
7 48
40 79
36 43
92 7
14 44
31 62
16 29
67 91
16 59
67 91
13 90
69 6
9 91
17 84
72 66
73 57
55 92
56 62
80 11
45 1
16 79
67 91
57 29
56 93
94 91
2 79
63 26
36 5
13 66
46 83
73 38
80 92
63 21
42 11
32 75
11 72
61 68
62 73
6 3
88 91
16 20
67 91
55 59
56 62
63 4
42 11
7 87
40 79
63 26
36 5
33 48
62 45
76 4
21 52
2 98
3 9
42 34
3 18
24 92
25 7
80 59
20 76
55 54
56 62
6 44
88 91
9 91
17 84
45 100
79 76
16 100
67 91
57 66
90 27
16 66
49 73
19 21
20 56
76 12
21 52
45 79
65 62
51 90
60 34
42 38
3 18
32 47
11 72
76 79
21 52
46 75
77 64
36 31
4 19
19 20
20 56
57 65
91 28
73 86
80 92
50 47
90 3
45 92
52 49
32 87
44 5
7 98
8 47
45 20
24 21
14 90
23 54
73 87
80 92
93 35
57 3
73 100
80 92
39 4
57 32
33 90
62 45
71 92
78 9
46 66
79 66
73 64
80 92
16 68
47 71
71 79
91 22
56 59
57 25
76 92
21 52
85 81
5 94
61 20
62 73
8 43
64 36
72 64
73 57
85 65
5 94
72 75
73 57
74 98
75 14
46 11
77 64
16 87
67 91
51 66
84 58
71 31
39 70
45 21
79 76
45 44
79 76
72 70
73 57
25 48
76 61
85 100
5 94
24 100
25 7
13 17
95 32
50 29
90 3
51 35
15 89
8 87
20 92
8 48
59 31
46 59
77 64
25 65
59 44
71 81
89 20
6 20
88 91
93 65
45 91
9 60
91 58
72 29
73 57
16 38
67 91
56 66
57 25
63 92
70 39
85 66
18 7
61 17
62 73
24 92
25 7
80 86
93 49
7 29
40 79
71 79
91 22
14 3
31 62
6 26
79 82
42 26
15 30
6 43
88 91
85 26
58 47
94 4
93 70
13 91
21 58
25 81
43 28
76 66
21 52
25 100
24 9
94 100
93 70
61 34
62 73
57 11
56 93
85 47
5 94
80 44
45 1
14 82
31 62
55 47
56 62
61 44
62 73
74 3
94 33
6 100
88 91
56 98
57 25
42 3
3 18
94 38
55 32
8 62
45 17
55 21
56 62
32 62
69 30
93 26
66 12
9 31
91 58
7 34
40 79
74 12
94 33
9 48
91 58
46 81
77 64
14 82
31 62
19 65
20 56
74 62
11 50
72 35
73 57
25 48
76 61
80 100
79 35
72 34
73 57
9 12
91 58
51 82
68 42
93 60
45 91
57 35
21 58
72 87
73 57
72 98
73 57
45 4
79 76
85 11
5 94
76 17
58 89
36 90
45 60
55 44
56 62
19 44
20 56
63 26
36 5
72 31
73 57
74 38
94 33
85 3
5 94
76 66
21 52
24 64
25 7
73 54
18 30
24 59
25 7
14 12
31 62
73 65
80 92
74 70
3 42
56 20
57 25
32 43
88 49
36 70
65 80
93 47
45 91
73 98
74 86
24 59
25 7
46 86
77 64
36 21
14 29
39 20
18 93
2 90
11 17
74 65
94 33
33 66
66 49
63 29
42 11
32 17
14 75
16 82
67 91
71 70
100 31
13 60
69 6
94 34
93 70
45 11
79 76
93 38
45 91
45 21
79 76
55 75
56 62
9 43
91 58
46 44
77 64
36 4
91 6
94 62
31 8
24 100
25 7
72 12
73 57
36 60
75 90
19 38
20 56
50 60
90 3
6 64
88 91
61 20
62 73
61 62
98 9
55 66
56 62
71 66
4 35
19 21
20 56
61 82
62 73
51 20
30 4
46 35
10 97
9 100
91 58
2 3
15 21
33 86
62 45
55 79
56 62
72 11
73 57
19 48
20 56
25 26
98 83
76 54
21 52
25 29
95 80
73 20
80 92
32 34
11 72
33 34
62 45
76 44
21 52
8 3
95 67
16 70
45 69
8 34
95 67
94 17
76 53
6 98
7 10
8 38
69 41
93 92
100 46
56 17
57 25
40 34
8 41
94 38
55 32
16 65
67 91
61 29
62 73
55 66
56 62
9 82
91 58
40 11
8 41
32 62
69 30
61 100
62 73
24 81
25 7
74 35
38 77
24 75
25 7
6 62
43 46
74 38
94 33
94 34
93 70
16 31
67 91
33 43
62 45
55 66
56 62
61 86
62 73
55 4
56 62
55 86
56 62
72 75
73 57
7 66
40 79
74 65
94 33
14 60
31 62
42 87
54 69
73 54
18 30
24 34
25 7
85 17
67 56
76 20
21 52
45 81
63 60
93 12
45 91
57 44
56 93
36 3
91 6
36 17
18 33
46 100
77 64
57 26
30 67
25 65
59 44
63 26
36 5
94 100
93 70
14 11
31 62
57 64
56 93
32 60
11 72
76 29
21 52
80 47
32 88
80 20
59 15
7 38
40 79
93 43
49 95
32 21
11 72
55 4
56 62
57 92
64 1
45 79
65 62
6 43
88 91
36 59
76 91
14 29
31 62
93 48
44 90
13 38
69 6
36 92
43 58
46 12
77 64
80 79
100 56
19 92
20 56
36 62
73 88
24 90
25 7
50 66
83 96
13 82
69 6
16 91
24 48
36 66
69 84
24 82
25 7
71 82
88 19
39 79
59 34
51 62
88 62
42 91
50 65
32 17
14 75
32 90
11 72
80 17
62 18
71 64
70 1
85 66
18 7
7 20
40 79
74 17
56 95
39 79
59 34
2 65
36 42
2 20
81 87
94 81
12 89
6 48
88 91
32 68
63 24
9 81
91 58
76 29
21 52
25 79
45 30
61 65
62 73
61 20
62 73
55 66
56 62
16 44
67 91
16 91
24 48
46 81
77 64
19 12
20 56
2 47
54 60
45 66
78 75
2 68
33 39
14 20
93 24
72 65
73 57
93 38
45 91
14 31
82 13
61 47
62 73
24 79
25 7
32 66
65 26
57 26
30 67
76 44
21 52
51 26
24 98
45 62
82 79
71 98
72 3
7 59
40 79
45 11
79 76
80 17
62 18
25 86
38 23
93 82
45 91
40 75
8 41
42 31
10 25
33 12
62 45
57 48
8 45
25 75
21 6
51 90
60 34
2 44
15 21
71 47
23 54
56 38
57 25
40 59
8 41
42 3
3 18
85 26
58 47
74 20
94 33
42 62
79 94
80 54
25 81
8 82
25 97
73 75
80 92
7 81
40 79
39 79
59 34
24 98
25 7
42 100
3 18
6 17
88 91
9 82
91 58
55 82
56 62
14 59
54 85
33 12
62 45
63 21
42 11
40 60
8 41
40 87
8 41
19 81
20 56
25 66
58 43
14 12
31 62
61 86
62 73
2 38
63 69
32 11
11 72
36 54
81 96
39 87
51 26
46 35
10 97
56 100
57 25
85 66
18 7
2 64
37 43
13 29
69 6
55 48
56 62
51 31
19 93
9 62
46 13
14 29
31 62
2 43
58 64
45 82
62 59
14 34
31 62
40 66
73 6
71 81
89 20
85 48
36 25
16 43
67 91
14 62
51 82
42 43
98 13
24 82
25 7
25 11
13 98
85 79
5 94
46 59
77 64
39 66
72 47
85 44
5 94
51 87
63 37
93 65
45 91
14 4
31 62
63 90
42 11
80 20
59 15
25 3
21 6
74 20
94 33
2 11
15 21
24 62
61 43
8 65
42 14
74 82
94 33
61 100
62 73
40 44
8 41
6 48
88 91
8 70
37 9
19 82
20 56
14 98
15 46
7 100
40 79
25 17
7 92
57 54
2 39
74 68
5 44
51 81
69 43
42 92
49 64
57 81
75 12
14 70
43 74
73 79
80 92
40 59
8 41
36 17
18 33
94 92
1 78
93 20
72 18
63 21
42 11
55 79
56 62
50 68
81 94
9 70
91 58
74 31
42 81
51 68
82 56
61 26
34 45
24 70
25 7
7 17
89 28
57 64
56 93
19 34
20 56
2 47
54 60
33 70
62 45
39 81
57 32
45 60
79 76
76 79
21 52
74 60
94 33
72 44
73 57
32 60
11 72
40 3
8 41
94 44
93 70
80 91
88 44
80 59
20 76
8 3
95 67
14 34
31 62
72 47
73 57
14 66
47 78
40 65
8 41
2 60
41 47
14 87
26 57
76 12
21 52
6 62
43 46
71 44
70 1
19 91
27 63
8 91
16 88
24 62
61 43
9 29
91 58
25 75
21 6
7 90
40 79
25 20
4 89
19 98
20 56
32 35
96 57
73 75
80 92
50 92
57 70
51 100
50 24
36 75
91 6
50 60
90 3
85 82
5 94
13 12
69 6
14 82
31 62
80 86
93 49
50 43
6 19
14 70
43 74
57 43
13 50
19 86
20 56
56 26
29 97
24 59
25 7
55 11
56 62
6 20
88 91
57 82
74 11
85 66
18 7
73 44
80 92
32 43
88 49
33 64
62 45
50 70
79 92
25 90
34 19
50 98
51 64
39 54
84 59
57 54
2 39
36 47
88 3
51 44
6 80
14 68
45 76
46 86
77 64
45 81
63 60
61 26
34 45
94 75
93 70
25 12
12 97
13 29
69 6
80 11
45 1
57 91
65 2
19 47
20 56
2 43
58 64
25 91
33 18
19 48
20 56
46 54
91 78
73 43
80 92
93 82
45 91
9 91
17 84
72 87
73 57
85 43
5 94
80 34
45 1
56 20
57 25
46 90
77 64
2 17
84 90
57 21
56 93
39 65
57 32
33 34
62 45
63 75
42 11
94 43
50 27
61 100
62 73
39 34
57 32
25 87
37 22
85 98
86 75
51 68
82 56
32 60
11 72
33 43
62 45
57 21
56 93
6 34
88 91
19 66
20 56
45 47
97 94
93 12
45 91
51 3
39 13
71 54
16 47
63 66
96 65
40 29
8 41
93 100
45 91
14 65
31 62
42 20
21 36
9 47
91 58
19 86
20 56
6 48
88 91
76 100
21 52
25 31
93 78
36 54
81 96
19 87
20 56
33 75
62 45
16 68
47 71
25 20
4 89
45 38
79 76
7 62
44 83
9 43
91 58
93 79
13 59
72 98
73 57
45 81
63 60
7 60
40 79
46 90
77 64
16 11
67 91
72 87
73 57
76 3
21 52
46 68
77 64
36 98
37 52
2 75
15 21
9 81
91 58
6 4
88 91
2 17
84 90
71 26
44 75
56 98
57 25
57 31
25 62
51 34
16 90
32 4
11 72
55 90
56 62
14 21
31 62
72 87
73 57
76 65
21 52
24 17
25 7
55 3
56 62
2 66
35 41
19 70
20 56
50 64
90 3
56 11
57 25
46 3
77 64
55 3
56 62
19 90
20 56
94 86
93 70
19 62
56 92
71 34
70 1
55 100
56 62
46 100
77 64
39 66
72 47
73 81
80 92
14 48
65 96
50 91
58 71
42 60
3 18
16 29
67 91
9 60
91 58
19 54
20 56
19 3
20 56
51 75
39 13
14 54
59 90
94 75
93 70
32 70
61 22
16 79
67 91
51 87
63 37
14 100
31 62
94 20
73 50
14 60
31 62
63 35
27 96
46 86
77 64
76 12
21 52
40 47
8 41
16 60
67 91
63 70
92 61
50 44
90 3
39 98
40 15
46 64
77 64
7 43
40 79
74 64
94 33
72 21
73 57
94 62
31 8
19 20
20 56
50 75
90 3
16 86
67 91
76 31
21 52
63 64
42 11
42 86
3 18
73 87
80 92
14 91
22 53
80 47
32 88
61 90
62 73
55 4
56 62
45 82
62 59
8 26
81 53
7 34
40 79
94 38
55 32
57 66
90 27
63 20
42 11
73 79
80 92
72 82
73 57
7 91
15 54
14 92
21 52
80 17
62 18
40 79
8 41
33 21
62 45
50 65
90 3
13 100
69 6
2 4
15 21
13 64
69 6
32 31
100 61
93 68
24 70
93 12
45 91
80 60
19 75
39 34
57 32
39 64
57 32
7 90
40 79
45 98
46 43
63 100
42 11
57 75
56 93
2 68
33 39
94 34
93 70
7 21
40 79
73 54
18 30
57 20
36 73
32 86
11 72
80 20
59 15
71 86
70 1
56 54
57 25
2 64
37 43
13 31
81 18
32 11
11 72
8 21
86 58
25 54
70 55
50 26
23 36
45 20
24 21
16 12
67 91
6 86
88 91
16 47
67 91
46 68
77 64
33 70
62 45
72 60
73 57
14 29
31 62
56 82
57 25
55 17
56 62
19 34
20 56
32 65
11 72
94 54
39 16
63 92
70 39
72 20
73 57
51 34
16 90
24 38
25 7
45 47
97 94
8 34
95 67
72 66
73 57
85 31
53 42
55 20
56 62
56 79
57 25
40 86
8 41
19 91
27 63
55 35
56 62
24 92
25 7
33 31
62 45
73 47
80 92
76 70
21 52
9 21
91 58
93 64
45 91
63 79
83 52
2 47
54 60
33 31
62 45
93 29
45 91
13 68
44 81
36 59
76 91
51 44
6 80
63 65
42 11
39 92
46 21
56 68
57 25
33 90
62 45
85 75
5 94
71 12
70 1
33 90
62 45
94 48
45 22
94 62
31 8
72 75
73 57
32 91
40 1
8 34
95 67
63 91
71 40
13 65
69 6
2 4
15 21
8 91
16 88
16 91
24 48
9 65
91 58
61 92
62 73
8 43
64 36
39 48
90 65
63 12
42 11
19 79
20 56
51 26
24 98
36 3
91 6
9 4
91 58
94 11
93 70
45 68
76 73
71 47
23 54
13 70
42 79
46 34
77 64
45 38
79 76
50 29
90 3
57 81
75 12
25 79
45 30
74 4
94 33
14 11
31 62
74 48
25 64
72 4
73 57
55 12
56 62
7 12
40 79
46 21
77 64
55 60
56 62
76 31
21 52
94 65
28 5
33 66
66 49
16 35
80 4
16 92
67 91
42 75
3 18
71 92
78 9
6 100
88 91
16 54
61 85
93 60
45 91
24 31
25 7
61 91
69 80
14 17
96 27
42 31
10 25
74 44
94 33
76 17
58 89
80 3
45 1
56 47
57 25
72 92
73 57
14 20
93 24
50 62
87 100
9 62
46 13
42 43
98 13
14 86
31 62
36 21
14 29
24 11
25 7
19 31
20 56
50 26
23 36
61 26
34 45
72 98
73 57
24 79
25 7
45 21
79 76
45 64
79 76
74 92
81 20
50 31
18 31
40 4
8 41
13 34
69 6
76 65
21 52
19 79
20 56
94 59
34 11
71 87
83 14
56 79
57 25
40 26
13 46
2 44
15 21
14 79
34 65
7 48
40 79
71 75
70 1
56 35
57 25
45 65
79 76
24 65
25 7
94 100
93 70
16 34
67 91
74 75
94 33
8 20
87 59
36 29
91 6
7 38
40 79
19 65
20 56
46 100
77 64
13 60
69 6
56 48
57 25
39 35
3 78
56 38
57 25
71 64
70 1
19 65
20 56
55 26
28 34
50 4
90 3
76 66
21 52
76 100
21 52
93 59
33 79
50 4
90 3
16 82
67 91
93 60
45 91
24 90
25 7
16 98
17 41
13 38
69 6
93 90
45 91
46 66
79 66
76 92
21 52
32 31
100 61
76 48
21 52
71 87
83 14
51 70
80 54
39 21
57 32
80 92
87 43
51 82
68 42
72 4
73 57
6 66
88 91
50 20
90 3
2 31
70 76
24 68
25 7
7 87
40 79
42 75
3 18
71 79
91 22
50 20
90 3
9 54
91 58
9 91
17 84
16 21
67 91
71 91
79 10
73 48
24 36
50 34
90 3
9 11
91 58
7 48
40 79
2 81
20 26
13 100
69 6
72 3
73 57
50 65
90 3
93 79
13 59
19 65
20 56
40 3
8 41
80 48
31 87
40 31
8 41
73 38
80 92
16 12
67 91
39 38
57 32
8 82
25 97
80 70
9 65
50 44
90 3
93 3
45 91
16 64
67 91
25 64
60 45
40 86
8 41
33 65
62 45
16 70
45 69
6 66
88 91
57 26
30 67
19 4
20 56
25 47
77 62
55 87
56 62
57 47
9 46
9 47
91 58
6 100
88 91
19 64
20 56
76 54
21 52
14 79
34 65
19 12
20 56
57 11
56 93
45 91
53 50
16 82
67 91
7 21
40 79
19 66
20 56
14 44
31 62
46 12
77 64
40 100
8 41
33 91
41 24
8 70
37 9
7 98
8 47
9 12
91 58
13 65
69 6
85 26
58 47
33 59
62 45
76 21
21 52
76 31
21 52
9 38
91 58
73 68
4 16
61 34
62 73
55 11
56 62
76 79
21 52
93 91
1 47
19 65
20 56
19 91
27 63
9 82
91 58
94 92
1 78
6 68
88 91
71 21
70 1
39 65
57 32
93 34
45 91
63 64
42 11
45 92
52 49
7 91
15 54
76 31
21 52
33 43
62 45
9 64
91 58
94 34
93 70
39 12
57 32
46 11
77 64
45 91
53 50
40 44
8 41
9 62
46 13
25 20
4 89
51 11
39 13
36 82
53 68
40 92
8 41
40 98
41 74
56 62
93 61
7 29
40 79
71 4
70 1
94 38
55 32
72 20
73 57
55 21
56 62
2 98
3 9
25 64
60 45
73 17
55 67
76 87
21 52
33 20
62 45
76 44
21 52
74 48
25 64
2 35
66 72
57 31
25 62
46 98
47 34
42 68
73 88
71 47
23 54
19 70
20 56
80 66
13 69
9 98
10 77
51 48
2 76
8 11
95 67
42 26
15 30
51 82
68 42
51 34
16 90
2 4
15 21
40 26
13 46
51 65
85 59
36 68
67 82
94 38
55 32
2 54
47 53
72 100
73 57
32 64
11 72
19 87
20 56
25 59
65 50
46 60
77 64
39 34
57 32
76 35
21 52
51 86
64 38
63 65
42 11
45 38
79 76
2 17
84 90
39 91
47 22
32 90
11 72
2 90
11 17
16 68
47 71
6 86
88 91
94 60
93 70
94 26
67 44
93 20
72 18
19 48
20 56
7 60
40 79
25 48
76 61
6 68
88 91
24 4
25 7
39 54
84 59
55 91
63 69
55 86
56 62
8 90
17 89
71 3
70 1
55 20
56 62
7 38
40 79
85 44
5 94
55 44
56 62
93 62
30 76
56 62
93 61
93 17
75 21
13 35
77 14
33 17
15 98
94 90
3 80
6 20
88 91
57 38
18 55
16 75
67 91
72 21
73 57
73 90
80 92
73 31
41 53
94 3
93 70
56 62
93 61
74 54
19 58
2 43
58 64
33 38
62 45
57 70
86 23
39 91
47 22
9 70
91 58
46 64
77 64
8 26
81 53
13 21
69 6
6 48
88 91
85 43
5 94
42 21
3 18
80 81
98 54
50 4
90 3
16 3
67 91
51 21
29 3
9 81
91 58
71 29
70 1
19 11
20 56
73 92
80 92
2 38
63 69
25 91
33 18
56 4
57 25
50 68
81 94
46 82
77 64
14 44
31 62
73 59
80 92
2 68
33 39
72 44
73 57
8 64
43 15
73 91
81 93
39 92
46 21
9 54
91 58
6 43
88 91
33 90
62 45
80 4
45 1
36 35
100 15
24 31
25 7
25 90
34 19
94 11
93 70
19 81
20 56
63 3
42 11
36 87
48 63
14 44
31 62
32 43
88 49
33 90
62 45
14 65
31 62
7 87
40 79
72 31
73 57
63 44
42 11
9 90
91 58
56 11
57 25
56 21
57 25
9 29
91 58
80 75
45 1
46 60
77 64
73 11
80 92
45 65
79 76
33 11
62 45
33 59
62 45
13 100
69 6
14 20
93 24
9 70
91 58
25 20
4 89
71 21
70 1
36 92
43 58
39 90
48 23
19 98
20 56
72 3
73 57
6 17
88 91
61 44
62 73
9 54
91 58
55 38
56 62
19 12
20 56
50 70
79 92
36 79
56 71
51 3
39 13
24 91
32 14
74 35
38 77
63 47
42 11
33 4
62 45
46 92
77 64
8 91
16 88
33 35
97 80
57 38
18 55
40 4
8 41
94 70
23 100
19 34
20 56
16 65
67 91
51 34
16 90
93 31
61 7
50 54
95 8
8 21
86 58
72 60
73 57
8 20
87 59
55 48
56 62
85 20
5 94
24 59
25 7
13 47
69 6
57 91
65 2
2 48
53 59
36 86
49 64
74 90
94 33
36 79
56 71
80 59
20 76
80 92
87 43
25 44
80 65
33 3
62 45
14 29
31 62
19 54
20 56
33 64
62 45
25 34
90 75
2 65
36 42
8 35
72 44
46 17
28 15
61 34
62 73
16 65
67 91
74 98
75 14
94 4
93 70
8 47
60 32
33 92
62 45
9 12
91 58
45 21
79 76
39 34
57 32
16 70
45 69
50 79
70 83
42 4
3 18
13 66
46 83
8 60
47 19
61 4
62 73
19 35
20 56
51 47
3 77
42 86
3 18
39 90
48 23
56 87
57 25
39 75
57 32
36 11
91 6
50 31
18 31
71 79
91 22
19 66
20 56
40 87
8 41
9 98
10 77
25 43
81 66
50 11
90 3
32 3
11 72
7 64
40 79
13 59
69 6
71 35
35 66
45 4
79 76
50 35
14 27
7 26
80 19
13 70
42 79
16 26
89 13
32 60
11 72
56 48
57 25
13 64
69 6
32 65
11 72
13 86
69 6
50 60
90 3
51 79
71 45
33 86
62 45
80 91
88 44
94 81
12 89
19 70
20 56
19 44
20 56
51 82
68 42
25 60
64 49
32 34
11 72
16 68
47 71
24 79
25 7
93 48
44 90
46 100
77 64
16 17
98 22
32 17
14 75
50 38
90 3
50 4
90 3
36 66
69 84
45 87
57 54
2 98
3 9
24 59
25 7
50 43
6 19
16 62
53 77
7 12
40 79
50 21
90 3
25 66
58 43
93 21
45 91
85 43
5 94
94 34
93 70
71 35
35 66
24 35
25 7
40 3
8 41
76 87
21 52
56 26
29 97
80 60
19 75
24 43
25 7
7 3
40 79
42 17
24 39
25 29
95 80
46 34
77 64
32 65
11 72
42 82
59 74
55 100
56 62
74 31
42 81
14 20
93 24
85 21
5 94
14 47
66 97
42 75
3 18
9 64
91 58
73 90
80 92
33 12
62 45
71 70
100 31
71 44
70 1
71 29
70 1
8 31
76 48
80 11
45 1
94 12
93 70
94 62
31 8
56 17
57 25
45 62
82 79
74 90
94 33
9 90
91 58
74 4
94 33
46 17
28 15
76 44
21 52
63 91
71 40
33 3
62 45
36 4
91 6
85 70
14 3
6 79
88 91
33 62
70 53
42 38
3 18
56 11
57 25
51 100
50 24
74 82
94 33
8 34
95 67
16 34
67 91
8 12
95 67
93 91
1 47
74 70
3 42
40 87
8 41
7 3
40 79
8 60
47 19
63 100
42 11
8 86
21 93
57 100
56 93
72 91
80 64
93 86
45 91
24 4
25 7
73 70
2 14
7 64
40 79
40 65
8 41
42 17
24 39
19 79
20 56
40 75
8 41
45 35
9 6
80 90
89 45
16 29
67 91
8 31
76 48
94 3
93 70
8 47
60 32
40 86
8 41
76 66
21 52
14 70
43 74
39 70
68 43
14 66
47 78
39 75
57 32
2 82
19 25
25 62
62 47
71 100
70 1
57 26
30 67
2 66
35 41
93 65
45 91
25 68
56 41
40 54
85 18
46 11
77 64
57 92
64 1
74 62
11 50
71 92
78 9
14 98
15 46
85 48
36 25
71 20
50 81
14 31
82 13
72 70
73 57
73 12
80 92
55 3
56 62
33 59
62 45
8 87
20 92
63 20
42 11
61 26
34 45
76 60
21 52
6 20
88 91
40 20
8 41
40 54
85 18
51 82
68 42
24 38
25 7
55 31
56 62
8 81
26 98
7 3
40 79
51 86
64 38
24 82
25 7
14 70
43 74
36 87
48 63
32 43
88 49
85 92
92 81
56 21
57 25
6 11
88 91
76 87
21 52
57 62
94 31
57 47
9 46
73 98
74 86
45 90
54 51
36 34
1 16
45 75
79 76
8 38
69 41
63 21
42 11
33 44
62 45
39 82
57 32
32 90
11 72
19 11
20 56
85 75
5 94
73 47
80 92
51 86
64 38
72 12
73 57
13 26
86 23
7 20
40 79
94 86
93 70
33 4
62 45
76 62
13 44
36 100
35 50
8 60
47 19
94 38
55 32
73 100
80 92
33 86
62 45
46 4
77 64
73 43
80 92
24 82
25 7
7 62
44 83
42 87
54 69
55 60
56 62
6 54
88 91
7 35
71 10
94 26
67 44
46 86
77 64
2 43
58 64
32 29
11 72
14 47
66 97
25 91
33 18
55 26
28 34
57 98
58 95
39 81
57 32
45 11
79 76
7 100
40 79
24 82
25 7
16 98
17 41
56 11
57 25
16 3
67 91
57 82
74 11
36 11
91 6
93 86
45 91
46 34
77 64
19 59
20 56
55 20
56 62
14 90
23 54
80 59
20 76
13 98
14 51
33 100
62 45
61 4
62 73
9 60
91 58
85 59
5 94
16 98
17 41
76 43
21 52
56 11
57 25
24 26
97 79
19 34
20 56
76 43
21 52
51 3
39 13
63 38
42 11
40 79
8 41
36 17
18 33
63 38
42 11
33 98
34 17
63 44
42 11
74 47
94 33
71 26
44 75
94 38
55 32
45 47
97 94
50 66
83 96
36 59
76 91
74 34
94 33
71 90
80 11
36 48
87 2
2 17
84 90
73 29
80 92
13 29
69 6
71 3
70 1
40 92
8 41
6 70
88 91
16 75
67 91
40 60
8 41
33 66
66 49
57 29
56 93
2 44
15 21
51 44
6 80
16 21
67 91
73 62
10 22
2 17
84 90
8 43
64 36
25 35
89 74
13 68
44 81
42 98
43 58
32 70
61 22
50 11
90 3
16 34
67 91
94 12
93 70
63 21
42 11
50 38
90 3
24 54
25 7
16 75
67 91
33 11
62 45
40 86
8 41
57 86
56 93
7 90
40 79
24 86
25 7
2 60
41 47
73 98
74 86
16 29
67 91
57 65
91 28
46 47
77 64
33 43
62 45
45 38
79 76
6 62
43 46
80 65
14 70
72 44
73 57
71 11
70 1
24 12
25 7
33 91
41 24
16 66
49 73
94 66
27 4
93 43
49 95
51 54
96 70
56 92
57 25
74 91
82 21
16 4
67 91
63 92
70 39
57 38
18 55
42 98
43 58
51 86
64 38
39 35
3 78
25 68
56 41
93 68
24 70
16 75
67 91
9 91
17 84
55 86
56 62
39 38
57 32
6 44
88 91
57 48
8 45
45 29
79 76
25 92
32 17
8 43
64 36
24 81
25 7
93 91
1 47
9 11
91 58
50 64
90 3
14 60
31 62
61 68
62 73
63 68
94 63
13 82
69 6
6 92
88 91
50 20
90 3
36 60
75 90
16 47
67 91
57 90
66 3
50 26
23 36
2 98
3 9
46 21
77 64
73 79
80 92
93 31
61 7
7 64
40 79
14 75
31 62
2 68
33 39
2 38
63 69
57 60
56 93
73 4
80 92
61 98
62 73
45 21
79 76
16 92
67 91
93 59
33 79
72 79
73 57
40 31
8 41
25 3
21 6
51 43
7 81
94 98
95 72
42 87
54 69
63 12
42 11
9 90
91 58
33 3
62 45
71 4
70 1
85 29
5 94
16 21
67 91
32 43
88 49
25 4
21 6
7 26
80 19
9 91
17 84
9 65
91 58
55 66
56 62
6 20
88 91
14 54
59 90
71 66
4 35
71 4
70 1
16 21
67 91
6 98
7 10
57 54
2 39
42 98
43 58
45 48
96 93
56 11
57 25
8 54
53 25
6 20
88 91
24 3
25 7
55 38
56 62
93 31
61 7
80 17
62 18
25 91
33 18
16 11
67 91
13 3
69 6
61 35
62 73
8 29
95 67
2 92
9 15
93 100
45 91
71 11
70 1
14 44
31 62
24 4
25 7
56 66
57 25
39 64
57 32
76 60
21 52
80 100
79 35
19 47
20 56
40 12
8 41
85 75
5 94
6 4
88 91
42 82
59 74
16 86
67 91
85 66
18 7
61 38
62 73
55 12
56 62
8 60
47 19
9 87
91 58
80 31
48 4
76 20
21 52
6 11
88 91
94 11
93 70
46 79
77 64
6 11
88 91
9 62
46 13
13 65
69 6
45 29
79 76
73 75
80 92
85 70
14 3
36 82
53 68
7 48
40 79
46 11
77 64
36 35
100 15
39 70
68 43
72 3
73 57
80 12
67 23
57 75
56 93
61 3
62 73
61 90
62 73
74 64
94 33
36 3
91 6
71 75
70 1
61 29
62 73
36 65
70 85
46 35
10 97
55 79
56 62
56 66
57 25
42 91
50 65
80 64
15 71
36 12
23 38
24 31
25 7
73 66
6 18
39 62
76 51
40 21
8 41
72 35
73 57
80 12
67 23
36 35
100 15
74 43
94 33
42 65
76 91
51 92
58 32
9 86
91 58
71 87
83 14
32 47
11 72
72 29
73 57
33 82
62 45
57 75
56 93
72 59
73 57
94 64
93 70
63 17
45 14
39 47
91 66
51 44
6 80
32 44
11 72
46 38
77 64
93 21
45 91
51 81
69 43
16 66
49 73
7 48
40 79
14 82
31 62
8 48
59 31
57 59
97 34
56 11
57 25
36 11
91 6
94 26
67 44
85 26
58 47
6 44
88 91
14 64
31 62
71 81
89 20
40 34
8 41
13 48
64 1
71 20
50 81
74 100
94 33
72 98
73 57
94 20
73 50
36 82
53 68
2 11
15 21
45 75
79 76
9 60
91 58
8 35
72 44
74 62
11 50
24 29
25 7
33 12
62 45
39 4
57 32
2 81
20 26
57 82
74 11
9 21
91 58
61 70
62 73
13 82
69 6
61 75
62 73
25 81
43 28
13 44
69 6
16 35
80 4
51 60
90 64
94 59
34 11
9 62
46 13
39 75
57 32
71 3
70 1
72 79
73 57
71 31
39 70
63 75
42 11
8 26
81 53
63 64
42 11
6 48
88 91
7 35
71 10
74 34
94 33
13 62
50 87
72 59
73 57
85 44
5 94
33 70
62 45
51 92
58 32
14 3
31 62
56 59
57 25
55 100
56 62
6 68
88 91
74 87
94 33
25 62
62 47
55 98
56 62
50 66
83 96
57 65
91 28
76 82
21 52
61 86
62 73
9 64
91 58
24 87
25 7
45 90
54 51
8 91
16 88
74 35
38 77
63 90
42 11
14 70
43 74
9 100
91 58
24 62
61 43
16 60
67 91
32 92
39 100
14 68
45 76
73 70
2 14
51 86
64 38
76 35
21 52
72 11
73 57
94 98
95 72
32 54
77 38
45 21
79 76
40 82
8 41
80 11
45 1
39 29
57 32
16 70
45 69
45 38
79 76
73 75
80 92
36 38
97 12
50 81
90 3
85 47
5 94
8 35
72 44
94 60
93 70
36 4
91 6
85 29
5 94
13 59
69 6
25 87
37 22
56 62
93 61
45 35
9 6
39 66
72 47
73 17
55 67
6 11
88 91
6 3
88 91
72 65
73 57
76 4
21 52
61 90
62 73
6 20
88 91
13 98
14 51
94 3
93 70
61 35
62 73
51 79
71 45
73 64
80 92
76 59
21 52
19 68
20 56
39 54
84 59
61 31
62 73
13 79
33 70
72 11
73 57
39 90
48 23
61 98
62 73
55 64
56 62
55 21
56 62
16 68
47 71
72 43
73 57
25 86
38 23
55 21
56 62
73 92
80 92
2 64
37 43
71 29
70 1
72 34
73 57
50 91
58 71
71 29
70 1
93 34
45 91
76 11
21 52
32 3
11 72
8 91
16 88
2 68
33 39
51 79
71 45
19 82
20 56
14 17
96 27
80 54
25 81
45 68
76 73
8 34
95 67
45 68
76 73
50 34
90 3
71 31
39 70
45 12
79 76
7 21
40 79
24 75
25 7
61 31
62 73
63 91
71 40
14 11
31 62
32 81
11 72
16 100
67 91
51 17
33 7
85 21
5 94
36 48
87 2
19 86
20 56
74 98
75 14
93 68
24 70
25 20
4 89
51 86
64 38
40 47
8 41
8 62
45 17
14 64
31 62
14 26
87 18
9 4
91 58
42 75
3 18
51 35
15 89
74 86
94 33
80 21
58 14
40 66
73 6
25 64
60 45
46 82
77 64
63 91
71 40
56 26
29 97
19 20
20 56
24 17
25 7
36 81
54 69
19 26
92 28
39 34
57 32
16 98
17 41
55 12
56 62
19 29
20 56
39 20
18 93
74 100
94 33
85 31
53 42
61 100
62 73
42 68
73 88
93 43
49 95
14 82
31 62
24 12
25 7
74 75
94 33
50 82
90 3
19 44
20 56
73 59
80 92
61 48
62 73
94 66
27 4
33 66
66 49
25 38
86 71
56 70
57 25
74 11
94 33
36 70
65 80
55 12
56 62
76 60
21 52
46 54
91 78
57 75
56 93
55 75
56 62
39 43
95 70
19 60
20 56
61 62
98 9
40 79
8 41
94 64
93 70
36 62
73 88
57 3
56 93
50 29
90 3
74 35
38 77
74 44
94 33
94 68
25 2
56 98
57 25
76 17
58 89
74 100
94 33
94 35
58 35
32 65
11 72
76 54
21 52
93 100
45 91
85 26
58 47
57 4
56 93
7 4
40 79
25 47
77 62
8 65
42 14
32 82
11 72
71 87
83 14
8 17
90 62
39 29
57 32
63 3
42 11
24 91
32 14
50 92
57 70
57 68
88 25
51 17
33 7
40 35
4 37
8 20
87 59
72 44
73 57
39 90
48 23
46 26
19 6
2 81
20 26
76 29
21 52
71 43
27 58
50 29
90 3
72 34
73 57
55 59
56 62
45 60
79 76
50 3
90 3
39 64
57 32
6 43
88 91
32 92
39 100
32 62
69 30
14 4
31 62
56 92
57 25
14 35
78 9
74 100
94 33
9 3
91 58
93 68
24 70
45 86
79 76
56 4
57 25
45 79
65 62
2 68
33 39
63 34
42 11
55 82
56 62
16 17
98 22
14 92
21 52
85 47
5 94
72 81
73 57
40 82
8 41
45 4
79 76
94 68
25 2
73 38
80 92
80 87
92 48
16 3
67 91
57 4
56 93
56 60
57 25
94 35
58 35
16 12
67 91
24 34
25 7
9 44
91 58
7 47
40 79
2 17
84 90
33 35
97 80
36 21
14 29
42 29
3 18
94 92
1 78
13 59
69 6
76 79
21 52
40 91
48 81
93 64
45 91
7 79
40 79
94 31
62 39
93 21
45 91
61 70
62 73
51 43
7 81
93 48
44 90
93 79
13 59
14 34
31 62
7 75
40 79
16 44
67 91
50 70
79 92
32 44
11 72
57 21
56 93
19 68
20 56
24 75
25 7
13 60
69 6
72 20
73 57
50 48
1 14
80 17
62 18
13 17
95 32
7 92
40 79
80 29
45 1
14 44
31 62
33 21
62 45
74 62
11 50
63 60
42 11
46 4
77 64
25 62
62 47
94 90
3 80
13 92
20 57
13 3
69 6
2 86
15 21
55 38
56 62
39 90
48 23
94 70
23 100
42 64
3 18
74 44
94 33
85 100
5 94
85 38
5 94
72 70
73 57
33 65
62 45
63 17
45 14
46 29
77 64
40 62
77 10
93 38
45 91
8 44
95 67
16 90
67 91
71 35
35 66
55 70
56 62
50 38
90 3
42 60
3 18
80 38
41 97
80 64
15 71
71 48
22 53
56 62
93 61
94 60
93 70
24 21
25 7
9 43
91 58
9 17
91 58
14 64
31 62
94 62
31 8
94 35
58 35
13 17
95 32
16 48
67 91
13 31
81 18
39 62
76 51
71 21
70 1
33 81
62 45
32 48
83 44
61 11
62 73
51 90
60 34
63 54
8 77
74 62
11 50
7 66
40 79
61 44
62 73
56 38
57 25
74 86
94 33
71 62
8 39
40 64
8 41
46 81
77 64
9 75
91 58
74 92
81 20
93 12
45 91
57 11
56 93
8 86
21 93
25 3
21 6
63 70
92 61
56 82
57 25
16 35
80 4
13 92
20 57
63 26
36 5
24 70
25 7
61 62
98 9
14 43
70 1
45 66
78 75
6 26
79 82
80 54
25 81
72 65
73 57
19 62
56 92
51 98
52 26
46 4
77 64
46 66
79 66
13 66
46 83
7 100
40 79
36 43
92 7
33 20
62 45
39 12
57 32
33 90
62 45
94 11
93 70
19 87
20 56
39 62
76 51
2 81
20 26
55 79
56 62
40 90
8 41
7 66
40 79
63 91
71 40
46 3
77 64
94 3
93 70
74 75
94 33
24 66
25 7
8 31
76 48
7 82
40 79
57 31
25 62
85 38
5 94
39 29
57 32
19 79
20 56
7 62
44 83
33 90
62 45
73 64
80 92
51 81
69 43
2 21
80 86
13 17
95 32
45 48
96 93
24 29
25 7
16 60
67 91
8 90
17 89
32 43
88 49
24 43
25 7
94 64
93 70
19 12
20 56
56 43
57 25
74 90
94 33
61 3
62 73
94 54
39 16
16 87
67 91
8 34
95 67
14 44
31 62
7 3
40 79
2 70
31 37
46 98
47 34
57 60
56 93
36 20
15 30
57 31
25 62
13 92
20 57
7 34
40 79
33 82
62 45
25 35
89 74
39 87
51 26
33 68
64 47
93 59
33 79
61 31
62 73
24 21
25 7
55 68
56 62
63 47
42 11
16 65
67 91
14 48
65 96
71 11
70 1
33 75
62 45
14 20
93 24
8 31
76 48
85 4
5 94
80 47
32 88
9 70
91 58
7 100
40 79
9 35
91 58
42 90
51 66
7 68
40 79
14 87
26 57
42 38
3 18
63 48
14 83
42 86
3 18
55 75
56 62
72 87
73 57
72 62
9 93
93 48
44 90
51 20
30 4
51 4
39 13
6 100
88 91
14 92
21 52
9 48
91 58
36 34
1 16
46 26
19 6
74 70
3 42
36 59
76 91
7 87
40 79
46 91
54 41
55 17
56 62
45 91
53 50
13 17
95 32
36 70
65 80
45 12
79 76
24 54
25 7
14 87
26 57
25 44
80 65
2 86
15 21
76 87
21 52
76 100
21 52
19 43
20 56
63 75
42 11
32 64
11 72
39 3
57 32
16 66
49 73
51 100
50 24
51 75
39 13
74 12
94 33
42 38
3 18
50 92
57 70
8 90
17 89
63 17
45 14
61 59
62 73
73 11
80 92
32 54
77 38
13 66
46 83
56 11
57 25
61 47
62 73
16 68
47 71
14 92
21 52
9 92
91 58
13 29
69 6
40 81
8 41
45 91
53 50
94 31
62 39
61 54
62 73
32 43
88 49
93 31
61 7
45 91
53 50
45 92
52 49
25 86
38 23
24 70
25 7
9 17
91 58
80 59
20 76
94 79
14 91
55 38
56 62
24 64
25 7
45 59
85 82
8 75
95 67
2 65
36 42
25 90
34 19
94 44
93 70
16 100
67 91
39 34
57 32
85 82
5 94
61 75
62 73
14 11
31 62
9 68
91 58
6 4
88 91
14 64
31 62
71 17
53 84
36 35
100 15
42 66
75 90
85 81
5 94
7 21
40 79
14 59
54 85
40 12
8 41
33 82
62 45
63 65
42 11
14 35
78 9
72 86
73 57
46 26
19 6
7 92
40 79
7 92
40 79
85 64
5 94
50 29
90 3
19 38
20 56
42 92
49 64
50 90
90 3
2 64
37 43
42 26
15 30
57 3
56 93
36 75
91 6
51 26
24 98
57 64
56 93
6 86
88 91
72 59
73 57
45 82
62 59
33 31
62 45
33 92
62 45
14 59
54 85
16 31
67 91
72 26
45 29
24 75
25 7
16 26
89 13
7 86
40 79
6 54
88 91
25 90
34 19
72 79
73 57
85 17
67 56
46 12
77 64
36 3
91 6
16 91
24 48
36 65
70 85
33 70
62 45
7 31
40 79
93 35
57 3
8 82
25 97
63 38
42 11
74 79
94 33
57 79
77 14
93 60
45 91
85 100
5 94
19 31
20 56
57 11
56 93
85 44
5 94
24 38
25 7
19 87
20 56
14 20
93 24
7 21
40 79
46 17
28 15
93 47
45 91
51 90
60 34
13 59
69 6
19 48
20 56
94 44
93 70
51 20
30 4
25 92
32 17
63 48
14 83
2 20
81 87
46 44
77 64
25 34
90 75
7 90
40 79
16 26
89 13
14 70
43 74
57 11
56 93
46 4
77 64
72 35
73 57
94 21
93 70
9 98
10 77
8 11
95 67
13 91
21 58
9 79
91 58
85 79
5 94
50 44
90 3
36 65
70 85
16 92
67 91
71 98
72 3
50 20
90 3
50 65
90 3
85 66
18 7
6 47
88 91
7 92
40 79
33 44
62 45
51 35
15 89
9 29
91 58
7 44
40 79
46 29
77 64
51 60
90 64
24 92
25 7
61 20
62 73
74 82
94 33
6 64
88 91
80 38
41 97
9 38
91 58
80 3
45 1
19 90
20 56
46 86
77 64
36 48
87 2
74 26
47 86
51 100
50 24
71 43
27 58
24 98
25 7
33 20
62 45
74 90
94 33
73 54
18 30
56 20
57 25
9 65
91 58
61 43
62 73
93 34
45 91
14 60
31 62
63 21
42 11
80 44
45 1
33 82
62 45
74 3
94 33
45 70
74 71
71 79
91 22
76 82
21 52
93 75
45 91
8 75
95 67
40 34
8 41
74 60
94 33
2 38
63 69
33 64
62 45
16 100
67 91
46 4
77 64
56 31
57 25
6 11
88 91
7 21
40 79
72 31
73 57
45 44
79 76
24 87
25 7
51 43
7 81
6 34
88 91
50 48
1 14
39 70
68 43
40 48
91 24
25 65
59 44
61 17
62 73
36 62
73 88
16 31
67 91
56 68
57 25
94 62
31 8
36 47
88 3
19 29
20 56
55 98
56 62
46 68
77 64
80 79
100 56
42 98
43 58
85 31
53 42
45 21
79 76
25 86
38 23
6 11
88 91
24 11
25 7
40 65
8 41
51 4
39 13
94 98
95 72
93 98
94 40
6 92
88 91
25 98
26 11
61 54
62 73
73 90
80 92
93 66
26 72
73 21
80 92
36 91
44 59
55 62
92 98
76 75
21 52
42 62
79 94
39 38
57 32
9 4
91 58
25 68
56 41
19 48
20 56
61 64
62 73
71 43
27 58
39 64
57 32
8 60
47 19
45 21
79 76
42 34
3 18
50 48
1 14
80 48
31 87
73 47
80 92
6 47
88 91
39 98
40 15
16 54
61 85
55 65
56 62
72 11
73 57
76 86
21 52
57 79
77 14
6 60
88 91
14 48
65 96
76 20
21 52
2 59
42 48
2 12
15 21
46 31
77 64
46 26
19 6
36 26
9 24
39 34
57 32
40 21
8 41
57 87
69 6
72 26
45 29
25 59
65 50
57 59
97 34
74 92
81 20
13 38
69 6
25 43
81 66
46 90
77 64
36 3
91 6
51 38
12 86
46 20
77 64
24 12
25 7
39 17
21 96
2 59
42 48
33 70
62 45
6 87
88 91
74 75
94 33
39 75
57 32
19 59
20 56
8 47
60 32
94 3
93 70
56 98
57 25
76 4
21 52
36 79
56 71
57 70
86 23
16 44
67 91
74 79
94 33
61 98
62 73
94 79
14 91
24 54
25 7
16 12
67 91
51 90
60 34
50 43
6 19
40 87
8 41
33 54
78 61
25 90
34 19
36 91
44 59
45 17
27 24
2 11
15 21
16 4
67 91
14 79
34 65
39 66
72 47
72 81
73 57
9 66
91 58
61 21
62 73
36 100
35 50
51 4
39 13
93 21
45 91
71 3
70 1
2 60
41 47
40 44
8 41
45 66
78 75
80 98
81 37
13 90
69 6
74 75
94 33
56 91
64 32
72 21
73 57
33 43
62 45
24 92
25 7
7 64
40 79
73 35
37 49
76 70
21 52
16 12
67 91
2 4
15 21
57 48
8 45
63 44
42 11
42 98
43 58
94 38
55 32
19 26
92 28
73 68
4 16
7 66
40 79
2 87
14 20
16 70
45 69
93 47
45 91
7 43
40 79
2 64
37 43
24 60
25 7
71 75
70 1
40 65
8 41
40 48
91 24
16 98
17 41
61 47
62 73
71 90
80 11
93 48
44 90
57 21
56 93
56 12
57 25
61 3
62 73
61 70
62 73
9 26
82 49
2 21
80 86
9 64
91 58
94 92
1 78
73 59
80 92
57 48
8 45
25 54
70 55
45 75
79 76
61 47
62 73
33 92
62 45
6 43
88 91
46 98
47 34
61 64
62 73
39 12
57 32
63 17
45 14
55 59
56 62
40 54
85 18
80 70
9 65
85 4
5 94
85 62
22 11
6 11
88 91
74 92
81 20
36 92
43 58
25 75
21 6
39 48
90 65
50 100
90 3
16 35
80 4
94 79
14 91
33 47
62 45
36 100
35 50
56 65
57 25
39 81
57 32
45 92
52 49
71 90
80 11
55 20
56 62
61 82
62 73
39 59
79 54
16 26
89 13
51 4
39 13
36 43
92 7
40 21
8 41
36 54
81 96
16 82
67 91
6 21
88 91
71 59
11 42
40 98
41 74
40 34
8 41
2 91
10 16
16 17
98 22
94 11
93 70
55 100
56 62
40 21
8 41
80 48
31 87
93 12
45 91
2 82
19 25
8 81
26 98
9 87
91 58
14 86
31 62
94 43
50 27
80 98
81 37
45 86
79 76
16 87
67 91
40 81
8 41
33 59
62 45
13 91
21 58
50 31
18 31
40 3
8 41
45 44
79 76
63 31
31 100
24 86
25 7
45 31
13 10
61 82
62 73
72 79
73 57
32 29
11 72
33 44
62 45
39 86
57 32
7 4
40 79
9 64
91 58
25 68
56 41
76 17
58 89
80 64
15 71
42 60
3 18
42 92
49 64
56 21
57 25
14 91
22 53
63 21
42 11
14 21
31 62
51 29
21 95
40 12
8 41
46 62
83 70
36 11
91 6
9 82
91 58
13 92
20 57
71 35
35 66
94 68
25 2
39 43
95 70
13 66
46 83
32 17
14 75
63 70
92 61
25 70
54 39
50 68
81 94
55 35
56 62
16 82
67 91
93 43
49 95
46 65
77 64
46 20
77 64
16 79
67 91
14 35
78 9
14 3
31 62
71 87
83 14
39 54
84 59
24 86
25 7
8 68
39 11
63 29
42 11
36 66
69 84
73 31
41 53
13 86
69 6
13 98
14 51
93 62
30 76
24 98
25 7
74 70
3 42
6 35
88 91
72 20
73 57
63 17
45 14
40 65
8 41
24 60
25 7
36 75
91 6
57 60
56 93
56 66
57 25
76 59
21 52
36 79
56 71
72 91
80 64
57 17
39 76
85 87
5 94
85 59
5 94
7 79
40 79
9 48
91 58
8 86
21 93
7 34
40 79
8 75
95 67
50 31
18 31
33 29
62 45
63 62
100 69
7 38
40 79
51 92
58 32
85 4
5 94
8 62
45 17
50 65
90 3
46 86
77 64
2 26
75 81
80 48
31 87
80 31
48 4
93 91
1 47
72 3
73 57
46 31
77 64
39 100
57 32
63 81
42 11
50 92
57 70
72 47
73 57
73 11
80 92
94 48
45 22
72 100
73 57
71 20
50 81
76 75
21 52
16 3
67 91
42 11
3 18
61 92
62 73
33 90
62 45
61 34
62 73
6 4
88 91
33 100
62 45
32 68
63 24
71 68
2 33
57 91
65 2
50 4
90 3
72 54
73 57
71 70
100 31
2 62
39 45
76 29
21 52
42 47
94 9
74 62
11 50
7 35
71 10
55 12
56 62
61 60
62 73
45 26
18 15
80 92
87 43
14 44
31 62
94 3
93 70
6 12
88 91
7 75
40 79
16 48
67 91
8 54
53 25
7 90
40 79
72 62
9 93
13 60
69 6
32 70
61 22
6 100
88 91
56 34
57 25
50 98
51 64
51 65
85 59
85 29
5 94
25 68
56 41
85 47
5 94
25 100
24 9
51 70
80 54
13 11
69 6
19 100
20 56
72 64
73 57
9 26
82 49
93 35
57 3
19 11
20 56
40 65
8 41
40 66
73 6
14 35
78 9
2 17
84 90
14 90
23 54
40 91
48 81
16 11
67 91
94 26
67 44
71 31
39 70
6 91
14 17
71 66
4 35
32 3
11 72
19 31
20 56
42 68
73 88
51 98
52 26
40 100
8 41
73 17
55 67
40 90
8 41
74 43
94 33
40 43
8 41
7 81
40 79
42 47
94 9
39 100
57 32
94 79
14 91
56 44
57 25
39 100
57 32
74 100
94 33
51 17
33 7
39 3
57 32
7 100
40 79
32 54
77 38
2 44
15 21
74 12
94 33
8 11
95 67
32 31
100 61
13 11
69 6
80 20
59 15
61 12
62 73
55 34
56 62
93 81
45 91
94 38
55 32
2 70
31 37
9 66
91 58
24 64
25 7
57 31
25 62
25 12
12 97
76 54
21 52
51 82
68 42
9 60
91 58
50 75
90 3
6 31
88 91
57 29
56 93
6 29
88 91
93 43
49 95
45 4
79 76
2 79
22 28
56 3
57 25
51 98
52 26
45 60
79 76
25 92
32 17
40 17
22 55
24 20
25 7
33 44
62 45
39 66
72 47
57 86
56 93
63 31
31 100
45 20
24 21
71 87
83 14
40 60
8 41
9 26
82 49
7 34
40 79
39 75
57 32
63 90
42 11
42 31
10 25
25 86
38 23
76 75
21 52
46 29
77 64
45 38
79 76
61 17
62 73
46 66
79 66
7 98
8 47
13 20
69 6
40 29
8 41
9 75
91 58
32 12
11 72
19 3
20 56
61 90
62 73
51 54
96 70
71 29
70 1
45 82
62 59
57 38
18 55
9 79
91 58
16 4
67 91
40 75
8 41
46 20
77 64
51 92
58 32
32 54
77 38
71 79
91 22
6 4
88 91
93 65
45 91
51 60
90 64
94 65
28 5
55 98
56 62
74 20
94 33
32 86
11 72
13 82
69 6
51 79
71 45
46 47
77 64
33 29
62 45
56 44
57 25
72 44
73 57
94 90
3 80
33 29
62 45
72 20
73 57
55 91
63 69
93 26
66 12
80 70
9 65
50 35
14 27
42 54
87 2
33 79
62 45
33 70
62 45
74 47
94 33
33 90
62 45
85 20
5 94
55 17
56 62
32 90
11 72
45 11
79 76
2 3
15 21
7 38
40 79
55 70
56 62
39 38
57 32
56 60
57 25
55 60
56 62
25 54
70 55
63 29
42 11
50 79
70 83
6 12
88 91
14 48
65 96
76 66
21 52
19 31
20 56
40 21
8 41
39 68
70 45
72 34
73 57
6 11
88 91
8 86
21 93
73 26
46 58
61 34
62 73
19 64
20 56
61 11
62 73
55 91
63 69
55 29
56 62
42 70
71 86
36 75
91 6
56 68
57 25
76 81
21 52
2 75
15 21
71 47
23 54
85 34
5 94
42 35
6 21
56 68
57 25
2 48
53 59
13 62
50 87
46 11
77 64
57 43
13 50
42 90
51 66
2 35
66 72
25 38
86 71
19 66
20 56
63 17
45 14
2 43
58 64
45 12
79 76
45 26
18 15
24 17
25 7
45 12
79 76
85 20
5 94
19 31
20 56
55 31
56 62
94 82
11 88
51 34
16 90
55 68
56 62
74 11
94 33
42 3
3 18
80 100
79 35
45 79
65 62
39 98
40 15
56 44
57 25
7 62
44 83
33 34
62 45
19 98
20 56
16 38
67 91
63 31
31 100
71 54
16 47
61 44
62 73
93 90
45 91
85 59
5 94
33 26
6 89
42 68
73 88
7 82
40 79
57 68
88 25
56 70
57 25
72 12
73 57
7 68
40 79
8 62
45 17
94 3
93 70
73 64
80 92
63 38
42 11
9 86
91 58
63 54
8 77
94 47
46 23
85 64
5 94
46 87
77 64
40 64
8 41
50 54
95 8
25 21
3 88
42 86
3 18
16 79
67 91
55 21
56 62
57 34
56 93
8 82
25 97
39 3
57 32
56 48
57 25
8 54
53 25
19 4
20 56
80 3
45 1
51 47
3 77
25 75
21 6
57 81
75 12
57 81
75 12
63 43
19 88
80 98
81 37
39 79
59 34
63 17
45 14
51 35
15 89
25 79
45 30
16 11
67 91
63 65
42 11
63 82
42 11
55 48
56 62
85 20
5 94
74 82
94 33
85 43
5 94
80 29
45 1
72 26
45 29
14 43
70 1
74 34
94 33
42 31
10 25
40 21
8 41
71 48
22 53
51 62
88 62
51 12
38 12
33 81
62 45
74 12
94 33
50 43
6 19
71 21
70 1
73 26
46 58
71 34
70 1
57 86
56 93
63 66
96 65
14 66
47 78
19 66
20 56
57 54
2 39
19 21
20 56
76 100
21 52
56 60
57 25
39 70
68 43
76 59
21 52
7 21
40 79
76 4
21 52
85 35
49 38
73 90
80 92
40 54
85 18
24 100
25 7
61 20
62 73
57 68
88 25
94 86
93 70
85 44
5 94
94 62
31 8
76 92
21 52
33 75
62 45
32 81
11 72
2 44
15 21
74 98
75 14
19 91
27 63
45 68
76 73
85 62
22 11
19 4
20 56
19 98
20 56
39 90
48 23
32 86
11 72
55 47
56 62
85 17
67 56
76 17
58 89
63 82
42 11
80 81
98 54
24 79
25 7
94 47
46 23
14 98
15 46
74 98
75 14
51 75
39 13
45 4
79 76
24 86
25 7
6 91
14 17
8 64
43 15
24 17
25 7
61 59
62 73
56 20
57 25
33 90
62 45
8 20
87 59
94 12
93 70
14 60
31 62
39 48
90 65
51 66
84 58
13 11
69 6
55 64
56 62
93 12
45 91
57 3
56 93
56 44
57 25
74 44
94 33
25 87
37 22
73 29
80 92
14 47
66 97
39 3
57 32
94 66
27 4
13 35
77 14
7 44
40 79
33 31
62 45
55 12
56 62
45 70
74 71
40 79
8 41
94 75
93 70
63 35
27 96
55 79
56 62
6 92
88 91
94 43
50 27
33 48
62 45
57 100
56 93
94 3
93 70
56 17
57 25
61 65
62 73
76 87
21 52
40 35
4 37
7 92
40 79
24 31
25 7
36 64
71 86
14 64
31 62
16 91
24 48
19 26
92 28
55 4
56 62
7 38
40 79
72 75
73 57
71 3
70 1
50 43
6 19
56 62
93 61
19 26
92 28
72 43
73 57
76 100
21 52
71 29
70 1
56 12
57 25
25 38
86 71
63 47
42 11
9 100
91 58
85 100
5 94
7 60
40 79
36 54
81 96
40 81
8 41
13 75
69 6
33 92
62 45
72 59
73 57
50 29
90 3
42 59
82 97
72 43
73 57
56 70
57 25
74 92
81 20
42 70
71 86
42 65
76 91
2 86
15 21
9 66
91 58
57 68
88 25
72 4
73 57
8 47
60 32
51 59
91 65
36 17
18 33
80 65
14 70
56 68
57 25
76 20
21 52
61 17
62 73
74 43
94 33
72 60
73 57
57 70
86 23
46 70
77 64
73 35
37 49
61 79
62 73
39 87
51 26
85 87
5 94
51 43
7 81
63 31
31 100
40 38
8 41
94 38
55 32
39 29
57 32
7 47
40 79
57 20
36 73
24 90
25 7
46 92
77 64
72 20
73 57
14 4
31 62
80 65
14 70
63 11
42 11
94 62
31 8
14 98
15 46
25 20
4 89
94 31
62 39
50 64
90 3
8 17
90 62
56 44
57 25
42 70
71 86
73 21
80 92
9 70
91 58
94 4
93 70
85 86
5 94
85 65
5 94
39 100
57 32
85 38
5 94
76 68
21 52
93 44
45 91
40 65
8 41
40 31
8 41
8 44
95 67
94 86
93 70
73 79
80 92
56 26
29 97
56 98
57 25
36 12
23 38
46 60
77 64
2 26
75 81
73 86
80 92
71 62
8 39
7 21
40 79
80 87
92 48
42 4
3 18
9 60
91 58
8 43
64 36
45 38
79 76
51 65
85 59
16 47
67 91
71 3
70 1
13 4
69 6
45 90
54 51
74 3
94 33
71 44
70 1
80 65
14 70
46 26
19 6
76 34
21 52
42 98
43 58
63 54
8 77
80 43
36 92
39 62
76 51
7 35
71 10
39 4
57 32
71 70
100 31
73 47
80 92
50 62
87 100
56 35
57 25
33 91
41 24
73 29
80 92
46 47
77 64
74 91
82 21
74 86
94 33
61 86
62 73
33 60
62 45
9 66
91 58
93 62
30 76
80 92
87 43
55 31
56 62
57 4
56 93
71 26
44 75
85 31
53 42
25 43
81 66
76 38
21 52
2 38
63 69
73 38
80 92
45 11
79 76
51 65
85 59
50 12
90 3
14 31
82 13
9 17
91 58
80 3
45 1
7 70
40 79
40 4
8 41
46 98
47 34
6 21
88 91
50 66
83 96
19 38
20 56
80 87
92 48
46 17
28 15
51 79
71 45
63 59
3 72
8 48
59 31
73 100
80 92
19 75
20 56
24 82
25 7
56 66
57 25
80 60
19 75
40 29
8 41
71 12
70 1
63 35
27 96
39 34
57 32
40 17
22 55
93 34
45 91
85 44
5 94
76 26
49 80
39 31
7 82
72 21
73 57
19 100
20 56
36 70
65 80
55 60
56 62
24 92
25 7
55 20
56 62
76 82
21 52
19 62
56 92
2 20
81 87
61 91
69 80
33 65
62 45
74 54
19 58
33 11
62 45
61 100
62 73
76 92
21 52
16 35
80 4
80 31
48 4
6 87
88 91
76 86
21 52
16 29
67 91
85 29
5 94
40 81
8 41
42 100
3 18
33 100
62 45
25 59
65 50
16 20
67 91
72 68
73 57
74 64
94 33
50 81
90 3
45 35
9 6
16 91
24 48
16 70
45 69
72 82
73 57
56 68
57 25
39 98
40 15
39 3
57 32
73 26
46 58
16 75
67 91
9 29
91 58
74 79
94 33
19 91
27 63
19 98
20 56
13 4
69 6
40 34
8 41
61 87
62 73
7 82
40 79
19 21
20 56
76 65
21 52
73 20
80 92
9 100
91 58
6 17
88 91
71 62
8 39
40 98
41 74
73 3
80 92
2 21
80 86
13 17
95 32
14 91
22 53
51 3
39 13
39 12
57 32
55 79
56 62
19 81
20 56
61 100
62 73
6 20
88 91
32 20
11 72
25 91
33 18
85 86
5 94
36 82
53 68
19 48
20 56
73 34
80 92
6 44
88 91
80 98
81 37
32 91
40 1
40 20
8 41
80 60
19 75
13 54
58 95
94 4
93 70
13 29
69 6
74 75
94 33
50 21
90 3
80 60
19 75
14 75
31 62
50 62
87 100
56 4
57 25
76 100
21 52
56 92
57 25
56 35
57 25
19 70
20 56
7 29
40 79
63 26
36 5
55 65
56 62
63 43
19 88
57 62
94 31
74 3
94 33
85 64
5 94
61 91
69 80
80 81
98 54
33 81
62 45
36 98
37 52
94 64
93 70
40 70
69 2
85 43
5 94
24 4
25 7
71 12
70 1
13 20
69 6
2 44
15 21
80 11
45 1
33 91
41 24
57 81
75 12
19 91
27 63
57 17
39 76
33 65
62 45
32 26
5 66
13 64
69 6
93 44
45 91
74 75
94 33
32 34
11 72
14 70
43 74
25 64
60 45
13 38
69 6
25 38
86 71
2 47
54 60
40 26
13 46
42 92
49 64
80 92
87 43
8 26
81 53
19 43
20 56
55 62
92 98
39 100
57 32
2 65
36 42
8 86
21 93
71 65
5 36
51 75
39 13
61 60
62 73
61 92
62 73
93 4
45 91
61 29
62 73
14 87
26 57
8 11
95 67
8 35
72 44
39 81
57 32
71 59
11 42
42 91
50 65
25 35
89 74
36 47
88 3
9 65
91 58
57 17
39 76
40 65
8 41
16 29
67 91
14 100
31 62
61 21
62 73
85 12
5 94
8 21
86 58
13 26
86 23
51 62
88 62
2 90
11 17
71 3
70 1
46 35
10 97
16 43
67 91
40 81
8 41
6 62
43 46
93 66
26 72
9 75
91 58
32 79
52 13
51 100
50 24
13 62
50 87
19 60
20 56
74 66
7 46
55 64
56 62
19 54
20 56
33 90
62 45
73 4
80 92
9 91
17 84
56 90
57 25
80 59
20 76
93 35
57 3
19 98
20 56
55 59
56 62
13 43
69 6
40 66
73 6
9 70
91 58
46 59
77 64
85 47
5 94
45 92
52 49
14 91
22 53
6 48
88 91
45 91
53 50
56 66
57 25
57 11
56 93
45 79
65 62
9 3
91 58
85 48
36 25
72 26
45 29
2 21
80 86
39 34
57 32
46 60
77 64
7 82
40 79
8 26
81 53
8 48
59 31
85 70
14 3
74 34
94 33
57 82
74 11
32 60
11 72
24 47
25 7
61 54
62 73
8 79
28 100
57 68
88 25
85 29
5 94
6 92
88 91
42 3
3 18
7 43
40 79
93 75
45 91
42 38
3 18
73 65
80 92
2 66
35 41
80 17
62 18
42 68
73 88
33 29
62 45
42 44
3 18
25 38
86 71
9 26
82 49
80 3
45 1
55 4
56 62
74 17
56 95
36 31
4 19
42 64
3 18
16 75
67 91
2 79
22 28
46 66
79 66
6 31
88 91
2 12
15 21
76 34
21 52
25 54
70 55
40 66
73 6
14 62
51 82
61 98
62 73
80 98
81 37
63 66
96 65
13 44
69 6
16 17
98 22
16 48
67 91
8 34
95 67
63 60
42 11
2 92
9 15
46 59
77 64
13 98
14 51
51 86
64 38
42 48
93 8
61 38
62 73
56 29
57 25
14 64
31 62
2 86
15 21
32 26
5 66
7 75
40 79
74 44
94 33
42 48
93 8
19 64
20 56
93 82
45 91
7 35
71 10
40 68
71 4
46 4
77 64
55 44
56 62
2 17
84 90
19 20
20 56
85 79
5 94
57 68
88 25
32 100
11 72
16 12
67 91
42 21
3 18
14 3
31 62
61 100
62 73
9 82
91 58
7 62
44 83
33 3
62 45
24 92
25 7
39 65
57 32
73 20
80 92
73 82
80 92
9 90
91 58
57 35
21 58
73 59
80 92
94 29
93 70
42 21
3 18
73 47
80 92
6 87
88 91
57 98
58 95
45 38
79 76
74 100
94 33
74 4
94 33
63 20
42 11
63 21
42 11
80 68
11 67
94 17
76 53
71 34
70 1
33 64
62 45
94 26
67 44
33 87
62 45
2 98
3 9
61 60
62 73
36 81
54 69
7 86
40 79
42 90
51 66
94 20
73 50
50 60
90 3
14 70
43 74
55 47
56 62
74 86
94 33
57 68
88 25
39 31
7 82
51 68
82 56
63 21
42 11
72 81
73 57
40 3
8 41
8 68
39 11
14 4
31 62
16 64
67 91
24 66
25 7
45 65
79 76
85 79
5 94
46 38
77 64
42 62
79 94
50 81
90 3
51 100
50 24
51 98
52 26
46 21
77 64
39 59
79 54
40 20
8 41
80 86
93 49
19 20
20 56
80 21
58 14
16 12
67 91
76 38
21 52
85 3
5 94
57 29
56 93
36 3
91 6
7 64
40 79
85 82
5 94
50 3
90 3
50 43
6 19
24 82
25 7
13 48
64 1
36 11
91 6
57 82
74 11
39 54
84 59
8 68
39 11
71 100
70 1
73 4
80 92
6 66
88 91
42 34
3 18
94 62
31 8
45 3
79 76
25 12
12 97
9 68
91 58
73 59
80 92
73 17
55 67
57 4
56 93
56 98
57 25
13 60
69 6
2 60
41 47
24 82
25 7
94 68
25 2
57 82
74 11
19 75
20 56
94 60
93 70
25 64
60 45
61 82
62 73
76 47
21 52
56 66
57 25
39 47
91 66
14 3
31 62
46 75
77 64
55 81
56 62
42 66
75 90
14 29
31 62
25 98
26 11
50 59
90 3
6 82
88 91
46 90
77 64
16 59
67 91
40 70
69 2
39 87
51 26
63 70
92 61
56 75
57 25
40 92
8 41
33 87
62 45
25 38
86 71
45 47
97 94
13 44
69 6
45 70
74 71
33 4
62 45
14 11
31 62
40 82
8 41
32 82
11 72
13 31
81 18
24 59
25 7
72 86
73 57
6 65
88 91
9 65
91 58
8 44
95 67
63 3
42 11
63 59
3 72
9 3
91 58
14 81
32 63
16 26
89 13
36 12
23 38
9 90
91 58
14 82
31 62
85 70
14 3
33 47
62 45
14 81
32 63
74 81
94 33
2 54
47 53
40 66
73 6
6 11
88 91
16 68
47 71
55 70
56 62
9 64
91 58
93 75
45 91
56 31
57 25
56 54
57 25
36 3
91 6
7 3
40 79
72 34
73 57
14 82
31 62
71 29
70 1
2 81
20 26
85 38
5 94
56 87
57 25
36 4
91 6
94 75
93 70
19 38
20 56
57 100
56 93
2 43
58 64
8 86
21 93
45 59
85 82
39 65
57 32
63 62
100 69
94 86
93 70
7 90
40 79
73 82
80 92
9 62
46 13
40 29
8 41
32 98
33 94
7 4
40 79
71 75
70 1
7 92
40 79
6 54
88 91
94 82
11 88
50 79
70 83
72 3
73 57
63 65
42 11
57 91
65 2
7 29
40 79
2 59
42 48
73 17
55 67
76 86
21 52
32 20
11 72
2 82
19 25
16 34
67 91
45 98
46 43
50 34
90 3
93 75
45 91
19 66
20 56
50 65
90 3
25 20
4 89
50 26
23 36
85 17
67 56
19 43
20 56
46 29
77 64
46 44
77 64
80 29
45 1
8 44
95 67
24 54
25 7
40 21
8 41
45 48
96 93
33 65
62 45
74 60
94 33
94 31
62 39
24 91
32 14
85 75
5 94
32 66
65 26
9 11
91 58
94 62
31 8
42 17
24 39
56 34
57 25
93 91
1 47
55 35
56 62
85 66
18 7
42 21
3 18
25 87
37 22
25 90
34 19
2 87
14 20
25 81
43 28
40 64
8 41
45 64
79 76
71 59
11 42
2 68
33 39
50 44
90 3
33 92
62 45
25 29
95 80
2 54
47 53
33 60
62 45
63 17
45 14
39 68
70 45
8 26
81 53
39 79
59 34
13 43
69 6
50 65
90 3
55 91
63 69
2 75
15 21
42 92
49 64
25 81
43 28
9 86
91 58
2 44
15 21
56 68
57 25
7 98
8 47
61 81
62 73
39 65
57 32
14 75
31 62
24 59
25 7
36 64
71 86
19 48
20 56
42 90
51 66
50 31
18 31
42 12
3 18
16 65
67 91
9 70
91 58
73 48
24 36
42 34
3 18
39 35
3 78
71 64
70 1
6 75
88 91
56 35
57 25
45 47
97 94
32 98
33 94
46 47
77 64
9 62
46 13
76 62
13 44
6 70
88 91
39 98
40 15
94 11
93 70
6 75
88 91
51 92
58 32
94 75
93 70
13 44
69 6
8 79
28 100
24 4
25 7
19 65
20 56
42 38
3 18
36 86
49 64
13 21
69 6
25 100
24 9
94 90
3 80
7 12
40 79
42 38
3 18
6 12
88 91
9 54
91 58
24 98
25 7
63 3
42 11
45 65
79 76
16 43
67 91
6 100
88 91
85 54
30 19
45 20
24 21
16 65
67 91
80 21
58 14
16 91
24 48
14 59
54 85
13 21
69 6
63 26
36 5
36 62
73 88
80 65
14 70
6 87
88 91
8 98
9 81
94 54
39 16
8 64
43 15
9 81
91 58
19 98
20 56
74 38
94 33
13 82
69 6
40 29
8 41
6 60
88 91
2 43
58 64
55 79
56 62
74 66
7 46
85 59
5 94
42 35
6 21
13 68
44 81
94 31
62 39
39 44
57 32
39 100
57 32
76 3
21 52
93 82
45 91
73 68
4 16
39 60
57 32
61 29
62 73
57 81
75 12
61 79
62 73
57 82
74 11
85 35
49 38
94 82
11 88
72 92
73 57
9 38
91 58
93 92
100 46
55 20
56 62
39 54
84 59
61 38
62 73
63 90
42 11
39 35
3 78
57 81
75 12
24 79
25 7
14 43
70 1
56 38
57 25
39 75
57 32
85 66
18 7
19 60
20 56
32 54
77 38
50 17
32 45
46 29
77 64
25 20
4 89
51 31
19 93
76 70
21 52
50 87
62 75
57 75
56 93
56 59
57 25
80 87
92 48
46 87
77 64
8 60
47 19
25 47
77 62
51 4
39 13
76 21
21 52
57 100
56 93
42 26
15 30
7 75
40 79
56 43
57 25
32 17
14 75
63 47
42 11
16 21
67 91
71 65
5 36
94 38
55 32
13 54
58 95
14 20
93 24
9 34
91 58
40 44
8 41
56 91
64 32
50 65
90 3
7 47
40 79
42 64
3 18
45 26
18 15
63 62
100 69
25 43
81 66
9 91
17 84
33 68
64 47
13 62
50 87
93 17
75 21
9 47
91 58
51 82
68 42
61 92
62 73
39 86
57 32
40 75
8 41
72 81
73 57
56 87
57 25
40 90
8 41
19 98
20 56
19 91
27 63
94 92
1 78
50 66
83 96
2 34
15 21
76 70
21 52
73 26
46 58
63 20
42 11
32 21
11 72
13 70
42 79
74 90
94 33
42 34
3 18
42 21
3 18
94 17
76 53
25 92
32 17
33 62
70 53
40 12
8 41
76 86
21 52
94 35
58 35
8 38
69 41
61 86
62 73
46 68
77 64
8 20
87 59
85 34
5 94
25 48
76 61
39 43
95 70
63 79
83 52
72 66
73 57
36 64
71 86
16 65
67 91
24 34
25 7
73 92
80 92
24 90
25 7
36 48
87 2
80 81
98 54
94 54
39 16
2 47
54 60
45 60
79 76
61 87
62 73
13 17
95 32
25 26
98 83
6 38
88 91
6 3
88 91
9 90
91 58
61 100
62 73
76 81
21 52
42 20
21 36
57 87
69 6
25 26
98 83
94 31
62 39
6 86
88 91
50 79
70 83
63 64
42 11
46 87
77 64
25 43
81 66
72 21
73 57
63 4
42 11
45 43
1 98
7 68
40 79
19 44
20 56
57 35
21 58
36 43
92 7
24 86
25 7
39 35
3 78
73 98
74 86
2 59
42 48
76 66
21 52
7 90
40 79
9 59
91 58
24 44
25 7
24 60
25 7
76 21
21 52
7 43
40 79
2 3
15 21
93 70
22 68
93 21
45 91
7 60
40 79
24 47
25 7
74 26
47 86
14 64
31 62
33 38
62 45
7 31
40 79
61 44
62 73
39 17
21 96
55 59
56 62
46 43
77 64
94 20
73 50
63 86
42 11
63 38
42 11
9 81
91 58
33 29
62 45
14 12
31 62
63 92
70 39
71 26
44 75
24 47
25 7
74 87
94 33
46 43
77 64
94 54
39 16
73 86
80 92
16 90
67 91
55 20
56 62
45 26
18 15
72 4
73 57
40 12
8 41
57 60
56 93
25 82
42 27
32 12
11 72
94 91
2 79
73 70
2 14
55 59
56 62
39 38
57 32
39 79
59 34
94 4
93 70
36 92
43 58
36 21
14 29
73 66
6 18
94 87
6 83
50 64
90 3
40 11
8 41
36 70
65 80
93 26
66 12
71 60
70 1
73 44
80 92
74 31
42 81
73 31
41 53
56 43
57 25
32 65
11 72
33 64
62 45
93 20
72 18
8 87
20 92
55 92
56 62
57 79
77 14
76 66
21 52
46 54
91 78
72 17
73 57
76 38
21 52
74 44
94 33
39 17
21 96
14 100
31 62
8 87
20 92
32 11
11 72
94 34
93 70
76 38
21 52
57 17
39 76
50 43
6 19
6 35
88 91
40 11
8 41
19 11
20 56
93 4
45 91
93 31
61 7
72 81
73 57
61 75
62 73
42 3
3 18
45 59
85 82
42 38
3 18
73 98
74 86
51 34
16 90
9 81
91 58
32 3
11 72
14 91
22 53
80 75
45 1
61 70
62 73
51 48
2 76
25 31
93 78
14 70
43 74
33 81
62 45
33 29
62 45
61 68
62 73
36 29
91 6
14 91
22 53
19 59
20 56
24 70
25 7
57 64
56 93
2 38
63 69
46 54
91 78
71 44
70 1
6 70
88 91
25 66
58 43
56 34
57 25
32 62
69 30
32 66
65 26
56 29
57 25
74 91
82 21
76 66
21 52
94 86
93 70
50 29
90 3
85 26
58 47
72 68
73 57
46 70
77 64
6 48
88 91
76 91
84 15
71 21
70 1
40 3
8 41
9 17
91 58
61 12
62 73
13 44
69 6
6 91
14 17
14 79
34 65
9 47
91 58
63 59
3 72
80 31
48 4
45 11
79 76
25 17
7 92
19 12
20 56
25 87
37 22
25 75
21 6
55 70
56 62
19 62
56 92
13 35
77 14
72 54
73 57
25 34
90 75
73 31
41 53
55 87
56 62
51 17
33 7
13 43
69 6
51 21
29 3
24 34
25 7
42 20
21 36
42 44
3 18
42 66
75 90
36 12
23 38
93 90
45 91
45 86
79 76
85 75
5 94
51 44
6 80
6 92
88 91
7 81
40 79
24 79
25 7
7 98
8 47
32 66
65 26
13 29
69 6
71 100
70 1
93 29
45 91
6 65
88 91
56 64
57 25
14 62
51 82
57 82
74 11
71 65
5 36
19 21
20 56
24 35
25 7
46 64
77 64
55 90
56 62
94 35
58 35
8 60
47 19
6 31
88 91
51 26
24 98
25 87
37 22
45 44
79 76
32 90
11 72
50 48
1 14
55 54
56 62
76 81
21 52
74 70
3 42
55 100
56 62
33 48
62 45
57 17
39 76
7 66
40 79
33 92
62 45
76 34
21 52
71 91
79 10
61 100
62 73
16 4
67 91
80 86
93 49
39 44
57 32
61 98
62 73
36 86
49 64
14 48
65 96
45 17
27 24
2 98
3 9
7 21
40 79
16 20
67 91
55 11
56 62
80 87
92 48
9 66
91 58
13 21
69 6
80 29
45 1
36 87
48 63
85 21
5 94
36 60
75 90
33 75
62 45
36 90
45 60
57 35
21 58
74 21
94 33
61 79
62 73
14 60
31 62
76 66
21 52
46 70
77 64
13 86
69 6
14 92
21 52
8 66
41 13
51 59
91 65
9 31
91 58
93 44
45 91
2 90
11 17
8 98
9 81
24 90
25 7
33 43
62 45
61 87
62 73
76 35
21 52
61 87
62 73
40 62
77 10
73 31
41 53
6 3
88 91
45 59
85 82
36 90
45 60
46 3
77 64
72 60
73 57
32 68
63 24
24 68
25 7
80 31
48 4
24 82
25 7
13 92
20 57
63 82
42 11
6 54
88 91
8 35
72 44
24 59
25 7
85 47
5 94
32 92
39 100
25 38
86 71
56 60
57 25
57 20
36 73
32 87
44 5
33 81
62 45
63 92
70 39
51 35
15 89
94 35
58 35
25 20
4 89
61 65
62 73
56 54
57 25
8 65
42 14
74 81
94 33
93 3
45 91
74 75
94 33
14 75
31 62
56 91
64 32
71 87
83 14
16 66
49 73
8 11
95 67
39 3
57 32
33 87
62 45
85 75
5 94
16 79
67 91
19 92
20 56
57 12
56 93
16 48
67 91
93 60
45 91
72 54
73 57
24 62
61 43
80 86
93 49
36 68
67 82
39 17
21 96
51 11
39 13
61 20
62 73
63 29
42 11
56 35
57 25
74 48
25 64
57 38
18 55
93 91
1 47
36 100
35 50
50 68
81 94
14 38
31 62
14 43
70 1
56 65
57 25
2 47
54 60
71 87
83 14
93 20
72 18
19 65
20 56
42 35
6 21
33 90
62 45
46 90
77 64
94 31
62 39
94 35
58 35
57 79
77 14
24 34
25 7
40 4
8 41
6 82
88 91
50 44
90 3
19 44
20 56
6 60
88 91
73 79
80 92
57 29
56 93
72 91
80 64
14 43
70 1
39 86
57 32
39 11
57 32
72 79
73 57
8 100
7 79
25 34
90 75
73 66
6 18
94 17
76 53
80 3
45 1
94 75
93 70
72 31
73 57
33 34
62 45
76 65
21 52
14 11
31 62
72 91
80 64
16 12
67 91
71 44
70 1
85 26
58 47
19 44
20 56
63 75
42 11
46 82
77 64
13 38
69 6
61 3
62 73
13 29
69 6
76 11
21 52
50 35
14 27
73 20
80 92
80 81
98 54
25 48
76 61
14 86
31 62
71 17
53 84
46 3
77 64
51 47
3 77
46 54
91 78
19 91
27 63
24 34
25 7
7 4
40 79
2 47
54 60
63 70
92 61
72 43
73 57
50 81
90 3
45 47
97 94
42 62
79 94
9 64
91 58
14 48
65 96
56 59
57 25
40 31
8 41
74 90
94 33
51 47
3 77
63 20
42 11
16 48
67 91
39 66
72 47
33 100
62 45
32 4
11 72
13 90
69 6
74 64
94 33
45 62
82 79
32 21
11 72
94 81
12 89
9 64
91 58
14 21
31 62
46 75
77 64
25 75
21 6
55 35
56 62
76 35
21 52
93 31
61 7
46 60
77 64
50 100
90 3
85 91
93 82
40 65
8 41
16 31
67 91
33 29
62 45
9 47
91 58
55 20
56 62
51 66
84 58
57 100
56 93
16 4
67 91
13 68
44 81
14 98
15 46
39 48
90 65
42 31
10 25
93 11
45 91
72 48
73 57
50 82
90 3
42 60
3 18
7 48
40 79
71 47
23 54
56 26
29 97
45 44
79 76
72 4
73 57
72 87
73 57
19 68
20 56
72 17
73 57
2 12
15 21
40 4
8 41
76 90
21 52
63 17
45 14
25 26
98 83
32 26
5 66
32 59
72 33
50 60
90 3
19 82
20 56
6 21
88 91
2 86
15 21
45 29
79 76
51 4
39 13
85 70
14 3
13 54
58 95
42 38
3 18
16 38
67 91
14 44
31 62
2 38
63 69
33 86
62 45
36 44
91 6
94 43
50 27
76 54
21 52
14 34
31 62
42 65
76 91
25 98
26 11
46 31
77 64
42 60
3 18
33 66
66 49
14 4
31 62
85 34
5 94
14 65
31 62
55 26
28 34
71 48
22 53
85 75
5 94
73 60
80 92
9 44
91 58
6 87
88 91
72 91
80 64
14 66
47 78
13 68
44 81
74 92
81 20
2 70
31 37
19 92
20 56
73 44
80 92
16 64
67 91
71 79
91 22
46 26
19 6
39 75
57 32
19 90
20 56
9 31
91 58
61 86
62 73
80 68
11 67
25 75
21 6
57 38
18 55
76 98
77 8
36 21
14 29
71 38
32 63
57 64
56 93
40 100
8 41
85 66
18 7
55 79
56 62
8 90
17 89
72 98
73 57
39 21
57 32
24 81
25 7
51 64
86 60
55 86
56 62
42 38
3 18
56 60
57 25
7 98
8 47
45 82
62 59
6 65
88 91
74 87
94 33
57 43
13 50
6 68
88 91
63 79
83 52
13 75
69 6
72 44
73 57
19 59
20 56
13 12
69 6
80 91
88 44
25 34
90 75
9 20
91 58
7 90
40 79
9 98
10 77
42 34
3 18
63 65
42 11
72 17
73 57
55 54
56 62
93 38
45 91
80 11
45 1
9 92
91 58
13 87
25 62
51 3
39 13
73 64
80 92
19 68
20 56
61 100
62 73
25 26
98 83
39 65
57 32
19 44
20 56
57 12
56 93
9 100
91 58
8 48
59 31
25 47
77 62
55 65
56 62
32 38
11 72
36 20
15 30
39 20
18 93
32 87
44 5
94 92
1 78
2 44
15 21
80 75
45 1
2 87
14 20
9 54
91 58
40 60
8 41
14 70
43 74
80 59
20 76
56 11
57 25
50 26
23 36
24 62
61 43
94 92
1 78
7 82
40 79
51 75
39 13
33 35
97 80
94 29
93 70
55 38
56 62
19 29
20 56
40 48
91 24
19 17
20 56
6 29
88 91
71 54
16 47
94 47
46 23
2 87
14 20
72 48
73 57
7 92
40 79
57 59
97 34
2 81
20 26
9 81
91 58
74 38
94 33
73 34
80 92
7 35
71 10
16 54
61 85
93 21
45 91
63 62
100 69
85 90
5 94
50 17
32 45
16 65
67 91
9 82
91 58
42 17
24 39
40 4
8 41
9 44
91 58
14 90
23 54
94 91
2 79
24 29
25 7
57 60
56 93
61 26
34 45
24 59
25 7
24 81
25 7
25 87
37 22
94 26
67 44
73 91
81 93
63 60
42 11
61 82
62 73
6 64
88 91
25 81
43 28
6 90
88 91
73 48
24 36
57 59
97 34
57 81
75 12
19 4
20 56
72 66
73 57
76 66
21 52
46 43
77 64
51 82
68 42
24 62
61 43
57 98
58 95
76 87
21 52
74 79
94 33
40 60
8 41
71 29
70 1
24 75
25 7
8 29
95 67
7 4
40 79
50 12
90 3
2 44
15 21
16 98
17 41
42 34
3 18
7 3
40 79
94 87
6 83
73 87
80 92
76 66
21 52
74 91
82 21
55 48
56 62
72 48
73 57
45 59
85 82
14 34
31 62
39 12
57 32
72 38
73 57
2 79
22 28
76 65
21 52
24 75
25 7
2 87
14 20
85 59
5 94
55 12
56 62
6 17
88 91
39 12
57 32
7 35
71 10
32 48
83 44
40 60
8 41
13 12
69 6
13 98
14 51
9 66
91 58
7 75
40 79
56 79
57 25
6 3
88 91
25 35
89 74
72 26
45 29
72 20
73 57
7 79
40 79
71 60
70 1
7 59
40 79
56 87
57 25
6 29
88 91
45 48
96 93
61 66
62 73
73 81
80 92
51 66
84 58
57 92
64 1
56 92
57 25
57 62
94 31
73 34
80 92
76 17
58 89
56 65
57 25
14 64
31 62
39 66
72 47
71 65
5 36
25 4
21 6
73 75
80 92
25 38
86 71
19 31
20 56
16 100
67 91
7 81
40 79
56 38
57 25
63 43
19 88
80 65
14 70
33 90
62 45
40 70
69 2
80 21
58 14
85 59
5 94
19 70
20 56
19 26
92 28
24 79
25 7
57 35
21 58
74 12
94 33
40 91
48 81
55 65
56 62
45 92
52 49
94 64
93 70
42 35
6 21
72 47
73 57
56 64
57 25
85 26
58 47
71 29
70 1
16 11
67 91
7 29
40 79
76 87
21 52
73 48
24 36
39 54
84 59
45 98
46 43
24 35
25 7
25 35
89 74
76 3
21 52
32 82
11 72
24 59
25 7
93 81
45 91
94 44
93 70
55 35
56 62
55 3
56 62
51 47
3 77
9 75
91 58
8 92
15 87
2 35
66 72
14 82
31 62
7 17
89 28
93 75
45 91
7 65
40 79
55 98
56 62
51 68
82 56
14 91
22 53
94 66
27 4
7 79
40 79
8 11
95 67
76 87
21 52
42 66
75 90
36 54
81 96
6 17
88 91
55 90
56 62
74 79
94 33
40 68
71 4
24 65
25 7
50 70
79 92
71 44
70 1
74 48
25 64
50 12
90 3
56 59
57 25
72 31
73 57
9 48
91 58
16 64
67 91
74 70
3 42
16 17
98 22
50 64
90 3
14 91
22 53
6 87
88 91
42 100
3 18
33 20
62 45
14 100
31 62
57 87
69 6
8 34
95 67
19 100
20 56
42 29
3 18
57 29
56 93
94 79
14 91
32 68
63 24
56 82
57 25
25 3
21 6
72 21
73 57
80 91
88 44
19 65
20 56
6 65
88 91
6 91
14 17
72 90
73 57
2 29
15 21
72 4
73 57
13 47
69 6
39 92
46 21
7 75
40 79
74 62
11 50
73 3
80 92
39 87
51 26
40 82
8 41
36 44
91 6
50 79
70 83
93 44
45 91
13 82
69 6
55 81
56 62
6 17
88 91
45 17
27 24
33 35
97 80
72 3
73 57
13 100
69 6
42 3
3 18
16 79
67 91
40 90
8 41
51 21
29 3
71 29
70 1
19 20
20 56
55 60
56 62
36 62
73 88
8 31
76 48
42 47
94 9
55 87
56 62
93 62
30 76
80 47
32 88
57 82
74 11
9 44
91 58
93 26
66 12
33 3
62 45
46 38
77 64
25 4
21 6
50 43
6 19
51 11
39 13
85 17
67 56
8 29
95 67
40 44
8 41
51 75
39 13
56 75
57 25
85 79
5 94
80 43
36 92
13 62
50 87
19 21
20 56
32 43
88 49
25 60
64 49
80 90
89 45
9 47
91 58
74 29
94 33
8 43
64 36
39 81
57 32
32 100
11 72
14 26
87 18
33 75
62 45
80 66
13 69
51 82
68 42
39 86
57 32
2 81
20 26
42 26
15 30
36 4
91 6
40 35
4 37
56 79
57 25
14 12
31 62
76 38
21 52
39 21
57 32
76 82
21 52
93 75
45 91
94 64
93 70
72 92
73 57
50 75
90 3
32 82
11 72
14 92
21 52
85 47
5 94
24 29
25 7
76 62
13 44
71 29
70 1
19 4
20 56
40 82
8 41
33 35
97 80
2 59
42 48
14 81
32 63
14 44
31 62
7 92
40 79
57 44
56 93
50 48
1 14
19 79
20 56
51 86
64 38
25 31
93 78
61 12
62 73
55 98
56 62
33 59
62 45
14 91
22 53
25 75
21 6
16 91
24 48
93 54
38 84
74 3
94 33
71 29
70 1
25 65
59 44
76 20
21 52
19 75
20 56
13 35
77 14
63 62
100 69
85 43
5 94
55 29
56 62
8 98
9 81
50 68
81 94
16 35
80 4
85 92
92 81
85 75
5 94
61 68
62 73
55 90
56 62
45 26
18 15
25 47
77 62
8 86
21 93
33 60
62 45
73 43
80 92
51 62
88 62
16 75
67 91
57 4
56 93
57 81
75 12
45 65
79 76
73 17
55 67
8 68
39 11
63 92
70 39
51 29
21 95
24 34
25 7
36 68
67 82
76 21
21 52
71 98
72 3
74 87
94 33
50 100
90 3
19 59
20 56
50 100
90 3
73 29
80 92
94 75
93 70
50 91
58 71
25 90
34 19
42 68
73 88
73 64
80 92
50 100
90 3
71 82
88 19
33 21
62 45
93 3
45 91
73 26
46 58
55 21
56 62
14 21
31 62
55 81
56 62
57 34
56 93
50 75
90 3
93 92
100 46
33 91
41 24
56 44
57 25
2 91
10 16
61 54
62 73
36 66
69 84
55 66
56 62
32 34
11 72
9 38
91 58
74 12
94 33
55 59
56 62
76 100
21 52
85 17
67 56
80 17
62 18
57 79
77 14
2 4
15 21
73 65
80 92
56 64
57 25
80 82
97 53
40 11
8 41
85 17
67 56
40 44
8 41
73 91
81 93
80 87
92 48
93 44
45 91
40 65
8 41
57 66
90 27
42 20
21 36
33 87
62 45
46 81
77 64
73 60
80 92
42 98
43 58
16 68
47 71
39 98
40 15
93 59
33 79
76 90
21 52
63 60
42 11
72 35
73 57
16 59
67 91
36 44
91 6
57 79
77 14
36 20
15 30
63 59
3 72
42 12
3 18
9 31
91 58
73 60
80 92
63 3
42 11
8 17
90 62
32 48
83 44
56 47
57 25
80 3
45 1
50 20
90 3
80 62
17 73
80 92
87 43
36 70
65 80
13 34
69 6
73 11
80 92
45 17
27 24
19 92
20 56
56 70
57 25
74 34
94 33
9 81
91 58
50 70
79 92
56 92
57 25
36 68
67 82
94 11
93 70
93 91
1 47
56 26
29 97
9 70
91 58
61 21
62 73
45 34
79 76
74 31
42 81
45 66
78 75
76 17
58 89
32 68
63 24
7 62
44 83
74 87
94 33
57 59
97 34
39 21
57 32
13 38
69 6
85 100
5 94
14 35
78 9
9 60
91 58
63 29
42 11
72 86
73 57
85 75
5 94
33 26
6 89
50 66
83 96
25 21
3 88
72 79
73 57
72 91
80 64
24 86
25 7
74 4
94 33
7 70
40 79
55 11
56 62
36 98
37 52
36 48
87 2
93 65
45 91
50 11
90 3
36 87
48 63
6 92
88 91
76 20
21 52
40 34
8 41
50 82
90 3
13 20
69 6
16 43
67 91
56 44
57 25
32 12
11 72
8 35
72 44
51 38
12 86
19 31
20 56
40 65
8 41
74 44
94 33
51 82
68 42
63 26
36 5
24 11
25 7
76 11
21 52
16 29
67 91
63 35
27 96
76 60
21 52
57 47
9 46
76 66
21 52
45 75
79 76
73 91
81 93
16 81
67 91
2 35
66 72
73 86
80 92
85 62
22 11
24 86
25 7
40 75
8 41
50 26
23 36
93 87
5 51
9 4
91 58
16 62
53 77
51 35
15 89
19 48
20 56
74 31
42 81
63 68
94 63
57 68
88 25
76 59
21 52
19 44
20 56
71 44
70 1
39 79
59 34
45 29
79 76
57 81
75 12
19 82
20 56
46 70
77 64
19 21
20 56
2 75
15 21
42 3
3 18
42 43
98 13
16 47
67 91
9 35
91 58
16 3
67 91
19 34
20 56
56 87
57 25
8 3
95 67
80 54
25 81
16 48
67 91
51 60
90 64
61 12
62 73
73 29
80 92
13 35
77 14
36 66
69 84
2 54
47 53
57 81
75 12
76 38
21 52
63 86
42 11
42 82
59 74
32 64
11 72
93 68
24 70
33 11
62 45
16 35
80 4
36 48
87 2
71 79
91 22
76 59
21 52
55 17
56 62
71 66
4 35
6 91
14 17
8 82
25 97
33 44
62 45
42 82
59 74
61 86
62 73
6 65
88 91
13 4
69 6
40 43
8 41
7 3
40 79
76 65
21 52
61 100
62 73
13 66
46 83
32 59
72 33
94 59
34 11
46 64
77 64
2 3
15 21
80 92
87 43
74 20
94 33
73 21
80 92
74 98
75 14
56 38
57 25
85 44
5 94
13 38
69 6
32 66
65 26
39 82
57 32
71 11
70 1
73 66
6 18
51 48
2 76
56 17
57 25
19 66
20 56
33 59
62 45
33 70
62 45
61 66
62 73
93 4
45 91
14 75
31 62
6 54
88 91
71 86
70 1
61 20
62 73
40 66
73 6
76 75
21 52
2 54
47 53
50 81
90 3
85 26
58 47
2 21
80 86
85 98
86 75
63 3
42 11
51 98
52 26
76 70
21 52
36 47
88 3
71 17
53 84
14 86
31 62
51 65
85 59
32 31
100 61
80 29
45 1
14 4
31 62
51 34
16 90
46 91
54 41
55 44
56 62
16 98
17 41
55 47
56 62
46 62
83 70
42 60
3 18
13 54
58 95
55 11
56 62
36 90
45 60
56 91
64 32
40 12
8 41
2 86
15 21
74 26
47 86
42 90
51 66
16 91
24 48
8 92
15 87
73 43
80 92
36 54
81 96
36 65
70 85
25 11
13 98
39 38
57 32
24 65
25 7
72 65
73 57
36 62
73 88
40 4
8 41
7 68
40 79
57 60
56 93
74 98
75 14
80 64
15 71
57 79
77 14
25 26
98 83
8 3
95 67
55 43
56 62
2 35
66 72
71 34
70 1
73 87
80 92
14 64
31 62
61 11
62 73
57 62
94 31
85 35
49 38
40 3
8 41
16 60
67 91
80 68
11 67
33 87
62 45
73 26
46 58
14 60
31 62
33 12
62 45
93 31
61 7
63 3
42 11
19 90
20 56
25 54
70 55
55 90
56 62
93 98
94 40
85 3
5 94
42 91
50 65
61 86
62 73
46 31
77 64
8 54
53 25
63 62
100 69
61 92
62 73
93 4
45 91
85 43
5 94
50 66
83 96
36 59
76 91
73 81
80 92
50 79
70 83
71 90
80 11
80 82
97 53
93 43
49 95
46 98
47 34
73 59
80 92
46 60
77 64
55 47
56 62
19 12
20 56
6 47
88 91
6 20
88 91
8 44
95 67
13 87
25 62
63 29
42 11
72 26
45 29
74 82
94 33
93 20
72 18
25 98
26 11
74 68
5 44
51 64
86 60
72 12
73 57
14 68
45 76
55 20
56 62
6 35
88 91
45 62
82 79
24 98
25 7
45 48
96 93
9 87
91 58
51 21
29 3
61 31
62 73
13 17
95 32
9 75
91 58
19 4
20 56
7 54
52 91
55 43
56 62
16 90
67 91
46 4
77 64
56 87
57 25
36 68
67 82
8 87
20 92
7 44
40 79
73 38
80 92
51 4
39 13
50 59
90 3
8 66
41 13
40 54
85 18
93 54
38 84
93 59
33 79
71 90
80 11
36 59
76 91
14 20
93 24
33 29
62 45
85 79
5 94
63 26
36 5
80 62
17 73
2 3
15 21
51 81
69 43
72 35
73 57
13 87
25 62
61 81
62 73
39 20
18 93
9 38
91 58
40 34
8 41
39 92
46 21
76 59
21 52
2 92
9 15
33 59
62 45
32 79
52 13
80 91
88 44
73 86
80 92
2 11
15 21
85 54
30 19
94 26
67 44
76 68
21 52
42 75
3 18
71 3
70 1
6 12
88 91
25 59
65 50
25 38
86 71
45 43
1 98
51 48
2 76
57 79
77 14
39 11
57 32
93 81
45 91
55 38
56 62
50 12
90 3
9 68
91 58
50 20
90 3
71 75
70 1
73 60
80 92
6 90
88 91
45 35
9 6
80 86
93 49
39 86
57 32
24 4
25 7
14 21
31 62
9 81
91 58
16 38
67 91
14 11
31 62
7 66
40 79
63 90
42 11
55 100
56 62
40 91
48 81
50 47
90 3
2 82
19 25
42 43
98 13
51 87
63 37
73 35
37 49
13 47
69 6
71 82
88 19
39 81
57 32
73 35
37 49
57 43
13 50
73 92
80 92
33 81
62 45
14 35
78 9
63 54
8 77
19 66
20 56
71 26
44 75
2 3
15 21
56 35
57 25
46 17
28 15
85 68
16 5
8 26
81 53
19 81
20 56
85 79
5 94
40 35
4 37
8 31
76 48
19 79
20 56
14 43
70 1
85 60
5 94
36 11
91 6
13 100
69 6
55 81
56 62
61 38
62 73
9 21
91 58
14 68
45 76
76 35
21 52
14 82
31 62
9 81
91 58
80 86
93 49
42 47
94 9
85 87
5 94
74 70
3 42
33 75
62 45
32 66
65 26
73 31
41 53
36 47
88 3
93 81
45 91
33 21
62 45
25 31
93 78
94 26
67 44
85 100
5 94
32 64
11 72
85 11
5 94
9 4
91 58
13 35
77 14
94 65
28 5
93 20
72 18
45 91
53 50
45 11
79 76
42 87
54 69
46 64
77 64
42 82
59 74
46 4
77 64
40 44
8 41
71 66
4 35
2 62
39 45
16 35
80 4
71 62
8 39
13 62
50 87
56 35
57 25
51 21
29 3
74 86
94 33
2 12
15 21
33 12
62 45
63 75
42 11
71 44
70 1
57 20
36 73
73 87
80 92
56 20
57 25
71 86
70 1
63 11
42 11
39 4
57 32
71 68
2 33
16 11
67 91
42 60
3 18
80 12
67 23
71 92
78 9
93 90
45 91
50 38
90 3
32 75
11 72
45 21
79 76
76 91
84 15
24 44
25 7
74 12
94 33
45 29
79 76
13 75
69 6
72 65
73 57
56 21
57 25
72 3
73 57
13 90
69 6
63 17
45 14
32 31
100 61
40 31
8 41
85 90
5 94
25 54
70 55
32 79
52 13
9 20
91 58
45 60
79 76
19 82
20 56
61 90
62 73
24 38
25 7
72 70
73 57
19 54
20 56
56 75
57 25
9 90
91 58
73 62
10 22
7 64
40 79
13 47
69 6
51 59
91 65
72 4
73 57
7 17
89 28
73 79
80 92
63 26
36 5
19 17
20 56
45 65
79 76
73 87
80 92
50 3
90 3
24 68
25 7
94 79
14 91
85 34
5 94
19 29
20 56
56 31
57 25
94 59
34 11
6 68
88 91
45 59
85 82
63 43
19 88
46 47
77 64
72 91
80 64
16 31
67 91
71 12
70 1
50 75
90 3
32 43
88 49
55 3
56 62
50 64
90 3
72 44
73 57
40 86
8 41
72 34
73 57
13 90
69 6
74 82
94 33
9 34
91 58
72 65
73 57
42 91
50 65
61 12
62 73
19 87
20 56
56 29
57 25
55 92
56 62
85 3
5 94
93 91
1 47
7 11
40 79
51 29
21 95
51 81
69 43
7 35
71 10
13 90
69 6
94 75
93 70
45 12
79 76
51 54
96 70
61 60
62 73
61 64
62 73
2 92
9 15
24 4
25 7
33 38
62 45
40 66
73 6
13 20
69 6
14 21
31 62
71 12
70 1
63 82
42 11
85 92
92 81
50 68
81 94
39 81
57 32
72 87
73 57
42 98
43 58
13 34
69 6
51 4
39 13
45 44
79 76
33 35
97 80
93 43
49 95
7 98
8 47
2 65
36 42
51 20
30 4
8 60
47 19
61 12
62 73
94 4
93 70
85 20
5 94
61 68
62 73
72 38
73 57
32 31
100 61
32 86
11 72
61 4
62 73
72 92
73 57
16 47
67 91
94 81
12 89
8 81
26 98
14 100
31 62
80 3
45 1
50 91
58 71
76 92
21 52
50 54
95 8
57 65
91 28
61 38
62 73
42 75
3 18
45 31
13 10
42 62
79 94
50 31
18 31
19 90
20 56
55 20
56 62
14 100
31 62
72 66
73 57
50 98
51 64
16 31
67 91
7 26
80 19
16 100
67 91
13 75
69 6
55 31
56 62
13 62
50 87
51 86
64 38
19 62
56 92
25 21
3 88
7 90
40 79
74 48
25 64
19 44
20 56
73 44
80 92
57 47
9 46
19 60
20 56
19 75
20 56
63 44
42 11
76 65
21 52
14 35
78 9
39 12
57 32
33 26
6 89
32 68
63 24
72 4
73 57
8 98
9 81
56 17
57 25
33 70
62 45
16 86
67 91
61 75
62 73
45 21
79 76
46 82
77 64
40 90
8 41
73 43
80 92
42 81
60 75
36 66
69 84
16 68
47 71
13 66
46 83
73 86
80 92
55 92
56 62
2 91
10 16
80 21
58 14
71 86
70 1
55 17
56 62
74 62
11 50
42 35
6 21
93 91
1 47
36 65
70 85
2 59
42 48
36 38
97 12
93 79
13 59
36 11
91 6
51 35
15 89
39 98
40 15
9 31
91 58
24 59
25 7
36 43
92 7
9 35
91 58
94 98
95 72
14 44
31 62
13 38
69 6
46 65
77 64
42 47
94 9
80 91
88 44
13 44
69 6
19 43
20 56
73 31
41 53
24 82
25 7
14 26
87 18
61 59
62 73
57 34
56 93
72 92
73 57
61 66
62 73
61 35
62 73
72 79
73 57
42 92
49 64
76 31
21 52
63 29
42 11
63 29
42 11
8 48
59 31
85 35
49 38
19 29
20 56
9 68
91 58
94 75
93 70
57 92
64 1
46 65
77 64
73 34
80 92
13 17
95 32
46 12
77 64
71 92
78 9
61 90
62 73
9 26
82 49
55 62
92 98
57 62
94 31
56 21
57 25
2 31
70 76
6 47
88 91
63 70
92 61
6 12
88 91
63 43
19 88
55 34
56 62
51 86
64 38
85 68
16 5
80 31
48 4
76 17
58 89
63 20
42 11
33 82
62 45
33 38
62 45
16 17
98 22
32 90
11 72
61 98
62 73
55 60
56 62
33 70
62 45
72 60
73 57
25 29
95 80
40 29
8 41
55 35
56 62
33 35
97 80
80 4
45 1
39 20
18 93
16 21
67 91
71 100
70 1
56 98
57 25
71 48
22 53
42 44
3 18
46 92
77 64
93 26
66 12
2 17
84 90
6 79
88 91
14 100
31 62
32 11
11 72
46 26
19 6
42 62
79 94
73 11
80 92
45 82
62 59
19 75
20 56
16 35
80 4
51 79
71 45
6 60
88 91
2 68
33 39
7 31
40 79
56 86
57 25
46 48
77 64
46 87
77 64
45 12
79 76
40 44
8 41
9 3
91 58
74 100
94 33
40 44
8 41
2 92
9 15
16 98
17 41
73 54
18 30
46 91
54 41
19 64
20 56
42 21
3 18
2 79
22 28
74 70
3 42
61 44
62 73
85 66
18 7
19 47
20 56
45 68
76 73
51 44
6 80
93 17
75 21
36 47
88 3
25 11
13 98
45 26
18 15
6 86
88 91
36 92
43 58
72 48
73 57
42 11
3 18
24 66
25 7
61 21
62 73
9 44
91 58
85 29
5 94
46 12
77 64
45 91
53 50
57 20
36 73
33 68
64 47
80 31
48 4
72 20
73 57
14 90
23 54
19 29
20 56
24 100
25 7
73 100
80 92
13 81
69 6
74 47
94 33
61 47
62 73
94 4
93 70
19 48
20 56
94 60
93 70
39 31
7 82
72 20
73 57
63 98
64 33
25 44
80 65
51 60
90 64
56 43
57 25
76 65
21 52
61 64
62 73
2 47
54 60
14 86
31 62
55 64
56 62
74 82
94 33
56 66
57 25
57 87
69 6
13 11
69 6
93 54
38 84
36 64
71 86
55 12
56 62
25 100
24 9
76 54
21 52
24 34
25 7
56 66
57 25
33 34
62 45
94 20
73 50
6 98
7 10
51 79
71 45
73 20
80 92
93 64
45 91
9 21
91 58
61 65
62 73
19 70
20 56
50 54
95 8
85 81
5 94
45 54
90 87
40 17
22 55
16 44
67 91
25 92
32 17
45 98
46 43
46 47
77 64
85 81
5 94
57 44
56 93
72 86
73 57
33 60
62 45
8 60
47 19
25 29
95 80
61 66
62 73
46 54
91 78
8 12
95 67
2 38
63 69
57 4
56 93
46 75
77 64
57 68
88 25
42 17
24 39
24 92
25 7
74 48
25 64
24 68
25 7
72 26
45 29
6 86
88 91
33 38
62 45
14 43
70 1
25 79
45 30
51 82
68 42
57 75
56 93
76 59
21 52
13 20
69 6
55 35
56 62
46 65
77 64
61 4
62 73
19 43
20 56
16 17
98 22
45 100
79 76
42 12
3 18
16 17
98 22
73 81
80 92
85 34
5 94
8 4
95 67
39 31
7 82
33 81
62 45
46 38
77 64
14 35
78 9
72 68
73 57
40 86
8 41
7 3
40 79
40 29
8 41
85 65
5 94
85 34
5 94
19 98
20 56
50 26
23 36
56 43
57 25
2 4
15 21
94 70
23 100
72 3
73 57
25 92
32 17
36 47
88 3
42 81
60 75
8 48
59 31
13 75
69 6
93 48
44 90
50 12
90 3
16 65
67 91
36 47
88 3
9 91
17 84
63 38
42 11
6 47
88 91
36 79
56 71
40 65
8 41
7 44
40 79
46 59
77 64
9 43
91 58
2 70
31 37
2 68
33 39
40 26
13 46
42 62
79 94
45 4
79 76
25 48
76 61
57 59
97 34
6 60
88 91
72 3
73 57
85 29
5 94
19 79
20 56
16 86
67 91
25 35
89 74
8 64
43 15
80 48
31 87
46 64
77 64
63 17
45 14
36 62
73 88
19 60
20 56
16 86
67 91
36 86
49 64
13 4
69 6
93 75
45 91
76 91
84 15
32 70
61 22
73 44
80 92
42 29
3 18
36 59
76 91
9 44
91 58
74 87
94 33
25 81
43 28
45 4
79 76
80 4
45 1
76 86
21 52
7 87
40 79
24 79
25 7
55 60
56 62
13 44
69 6
14 64
31 62
8 70
37 9
19 81
20 56
36 35
100 15
71 29
70 1
33 20
62 45
25 21
3 88
36 12
23 38
73 47
80 92
74 100
94 33
61 86
62 73
25 26
98 83
76 48
21 52
56 92
57 25
7 100
40 79
61 75
62 73
6 20
88 91
80 31
48 4
36 44
91 6
24 43
25 7
13 47
69 6
9 70
91 58
50 68
81 94
76 92
21 52
16 92
67 91
24 3
25 7
14 79
34 65
57 44
56 93
25 82
42 27
25 98
26 11
73 65
80 92
63 26
36 5
42 64
3 18
25 43
81 66
14 100
31 62
32 38
11 72
93 34
45 91
8 44
95 67
55 20
56 62
7 70
40 79
71 92
78 9
14 38
31 62
61 62
98 9
42 21
3 18
55 86
56 62
32 11
11 72
39 81
57 32
14 38
31 62
19 90
20 56
63 82
42 11
19 82
20 56
32 47
11 72
14 79
34 65
56 87
57 25
80 20
59 15
39 20
18 93
80 86
93 49
39 66
72 47
71 48
22 53
55 86
56 62
40 70
69 2
14 26
87 18
46 87
77 64
63 47
42 11
71 34
70 1
45 87
57 54
56 100
57 25
16 21
67 91
40 70
69 2
33 34
62 45
56 3
57 25
94 68
25 2
32 20
11 72
33 3
62 45
56 65
57 25
56 82
57 25
24 34
25 7
19 79
20 56
94 17
76 53
76 91
84 15
36 43
92 7
14 44
31 62
8 35
72 44
33 20
62 45
46 87
77 64
16 86
67 91
6 62
43 46
76 21
21 52
46 64
77 64
85 3
5 94
2 44
15 21
19 90
20 56
6 17
88 91
36 59
76 91
80 92
87 43
73 70
2 14
25 64
60 45
45 64
79 76
8 79
28 100
42 82
59 74
32 38
11 72
71 62
8 39
94 86
93 70
45 65
79 76
51 4
39 13
55 54
56 62
13 17
95 32
46 3
77 64
6 21
88 91
8 87
20 92
85 29
5 94
74 59
94 33
56 21
57 25
76 60
21 52
14 12
31 62
24 11
25 7
55 81
56 62
16 92
67 91
76 70
21 52
74 38
94 33
85 11
5 94
55 60
56 62
2 59
42 48
93 98
94 40
8 92
15 87
2 81
20 26
74 11
94 33
7 98
8 47
94 47
46 23
73 59
80 92
8 87
20 92
25 68
56 41
14 35
78 9
33 60
62 45
63 86
42 11
25 3
21 6
2 82
19 25
7 26
80 19
8 91
16 88
74 81
94 33
8 34
95 67
72 44
73 57
24 75
25 7
42 81
60 75
39 17
21 96
14 62
51 82
55 59
56 62
40 79
8 41
13 20
69 6
93 29
45 91
33 65
62 45
40 81
8 41
13 87
25 62
9 44
91 58
42 82
59 74
36 48
87 2
76 92
21 52
7 3
40 79
39 26
12 87
19 34
20 56
8 29
95 67
56 82
57 25
36 75
91 6
94 100
93 70
51 34
16 90
57 60
56 93
14 44
31 62
36 65
70 85
56 86
57 25
56 68
57 25
56 60
57 25
72 20
73 57
13 70
42 79
63 47
42 11
71 98
72 3
33 21
62 45
80 66
13 69
25 79
45 30
46 35
10 97
56 60
57 25
94 47
46 23
32 87
44 5
25 100
24 9
36 70
65 80
19 98
20 56
72 21
73 57
72 4
73 57
46 66
79 66
76 62
13 44
80 64
15 71
39 81
57 32
94 62
31 8
16 20
67 91
42 29
3 18
2 82
19 25
14 20
93 24
61 11
62 73
42 79
62 77
16 79
67 91
36 34
1 16
39 35
3 78
61 31
62 73
14 34
31 62
85 44
5 94
24 92
25 7
7 82
40 79
45 47
97 94
61 82
62 73
72 11
73 57
9 20
91 58
71 65
5 36
16 47
67 91
61 48
62 73
33 92
62 45
32 38
11 72
40 82
8 41
93 62
30 76
51 21
29 3
76 35
21 52
36 60
75 90
25 68
56 41
76 79
21 52
45 4
79 76
72 64
73 57
74 62
11 50
85 70
14 3
45 70
74 71
45 100
79 76
72 70
73 57
33 26
6 89
40 60
8 41
9 62
46 13
73 60
80 92
13 75
69 6
73 66
6 18
71 29
70 1
93 31
61 7
74 4
94 33
2 87
14 20
56 21
57 25
36 54
81 96
80 47
32 88
51 26
24 98
8 44
95 67
71 38
32 63
63 47
42 11
7 35
71 10
85 11
5 94
61 26
34 45
19 31
20 56
50 17
32 45
32 44
11 72
2 20
81 87
19 64
20 56
2 70
31 37
80 48
31 87
14 100
31 62
19 86
20 56
36 98
37 52
55 34
56 62
32 38
11 72
72 82
73 57
61 65
62 73
57 12
56 93
71 20
50 81
9 11
91 58
74 64
94 33
46 87
77 64
46 4
77 64
85 79
5 94
25 12
12 97
71 43
27 58
80 92
87 43
19 26
92 28
42 62
79 94
56 91
64 32
39 90
48 23
55 92
56 62
71 81
89 20
74 44
94 33
55 54
56 62
80 66
13 69
93 75
45 91
33 62
70 53
8 31
76 48
40 20
8 41
33 17
15 98
94 17
76 53
42 68
73 88
55 68
56 62
33 64
62 45
19 11
20 56
36 98
37 52
14 62
51 82
46 70
77 64
8 86
21 93
94 81
12 89
13 12
69 6
24 100
25 7
80 75
45 1
72 100
73 57
36 43
92 7
85 68
16 5
56 92
57 25
46 75
77 64
40 34
8 41
72 26
45 29
51 47
3 77
13 12
69 6
14 12
31 62
13 43
69 6
9 21
91 58
24 44
25 7
45 47
97 94
9 34
91 58
50 31
18 31
8 44
95 67
73 86
80 92
32 92
39 100
19 75
20 56
19 82
20 56
57 75
56 93
39 68
70 45
24 26
97 79
61 100
62 73
93 38
45 91
24 87
25 7
9 31
91 58
19 98
20 56
45 91
53 50
76 64
21 52
40 11
8 41
94 65
28 5
45 87
57 54
8 82
25 97
50 47
90 3
80 38
41 97
19 11
20 56
71 91
79 10
13 68
44 81
19 86
20 56
50 98
51 64
80 65
14 70
33 29
62 45
36 44
91 6
33 64
62 45
45 62
82 79
74 82
94 33
6 91
14 17
76 60
21 52
13 54
58 95
7 26
80 19
55 44
56 62
63 20
42 11
71 81
89 20
42 92
49 64
32 34
11 72
25 86
38 23
24 17
25 7
9 44
91 58
85 35
49 38
94 66
27 4
9 66
91 58
2 79
22 28
36 100
35 50
19 34
20 56
51 43
7 81
24 70
25 7
42 21
3 18
40 38
8 41
85 90
5 94
74 68
5 44
42 34
3 18
24 34
25 7
39 11
57 32
85 11
5 94
71 34
70 1
94 48
45 22
6 91
14 17
73 60
80 92
73 47
80 92
42 35
6 21
42 90
51 66
32 90
11 72
13 82
69 6
24 20
25 7
24 75
25 7
16 26
89 13
33 20
62 45
8 47
60 32
7 100
40 79
80 75
45 1
61 81
62 73
14 20
93 24
76 31
21 52
36 44
91 6
8 26
81 53
42 86
3 18
6 64
88 91
32 31
100 61
93 44
45 91
72 90
73 57
32 3
11 72
40 17
22 55
85 59
5 94
93 82
45 91
9 48
91 58
42 65
76 91
19 35
20 56
8 44
95 67
13 86
69 6
74 60
94 33
40 86
8 41
9 81
91 58
8 65
42 14
39 20
18 93
63 92
70 39
55 59
56 62
45 70
74 71
9 31
91 58
6 87
88 91
45 82
62 59
51 64
86 60
24 11
25 7
46 98
47 34
24 92
25 7
19 91
27 63
50 92
57 70
36 75
91 6
55 44
56 62
76 17
58 89
85 43
5 94
19 60
20 56
80 31
48 4
56 59
57 25
50 48
1 14
40 17
22 55
71 29
70 1
24 20
25 7
6 65
88 91
42 34
3 18
50 4
90 3
61 35
62 73
19 29
20 56
7 66
40 79
45 11
79 76
8 26
81 53
76 12
21 52
51 4
39 13
45 100
79 76
8 62
45 17
36 87
48 63
36 64
71 86
39 92
46 21
2 48
53 59
19 86
20 56
40 11
8 41
71 82
88 19
73 62
10 22
16 38
67 91
73 81
80 92
80 48
31 87
72 3
73 57
14 54
59 90
80 64
15 71
93 86
45 91
51 64
86 60
61 35
62 73
32 12
11 72
9 64
91 58
93 90
45 91
94 35
58 35
6 43
88 91
71 59
11 42
61 34
62 73
57 38
18 55
93 26
66 12
72 60
73 57
55 17
56 62
45 31
13 10
45 35
9 6
72 79
73 57
55 4
56 62
6 64
88 91
72 26
45 29
36 48
87 2
63 92
70 39
94 82
11 88
76 48
21 52
42 29
3 18
45 17
27 24
51 91
59 33
39 11
57 32
51 82
68 42
25 64
60 45
13 62
50 87
14 64
31 62
9 59
91 58
14 82
31 62
36 87
48 63
57 47
9 46
25 48
76 61
94 44
93 70
50 100
90 3
2 59
42 48
61 66
62 73
32 86
11 72
32 68
63 24
57 81
75 12
73 21
80 92
63 44
42 11
40 70
69 2
63 48
14 83
50 20
90 3
85 81
5 94
55 3
56 62
56 70
57 25
51 3
39 13
36 31
4 19
36 43
92 7
32 62
69 30
6 43
88 91
57 34
56 93
50 11
90 3
94 86
93 70
71 65
5 36
36 82
53 68
74 65
94 33
93 47
45 91
55 3
56 62
46 48
77 64
45 81
63 60
56 26
29 97
33 81
62 45
33 4
62 45
57 65
91 28
7 20
40 79
6 43
88 91
24 38
25 7
73 54
18 30
40 82
8 41
74 87
94 33
40 26
13 46
72 3
73 57
76 12
21 52
93 82
45 91
50 29
90 3
24 34
25 7
8 48
59 31
55 29
56 62
71 12
70 1
76 86
21 52
19 87
20 56
40 48
91 24
55 90
56 62
13 81
69 6
56 81
57 25
32 75
11 72
25 38
86 71
50 44
90 3
6 75
88 91
39 81
57 32
7 48
40 79
19 29
20 56
8 12
95 67
19 12
20 56
61 86
62 73
40 60
8 41
33 38
62 45
76 100
21 52
8 20
87 59
39 81
57 32
7 59
40 79
7 68
40 79
14 48
65 96
45 70
74 71
51 81
69 43
7 48
40 79
73 90
80 92
76 48
21 52
9 12
91 58
9 44
91 58
73 43
80 92
13 66
46 83
61 79
62 73
94 3
93 70
24 90
25 7
8 12
95 67
42 12
3 18
51 81
69 43
6 59
88 91
63 17
45 14
56 35
57 25
51 90
60 34
63 62
100 69
50 86
90 3
85 12
5 94
40 38
8 41
9 90
91 58
71 34
70 1
61 66
62 73
63 75
42 11
36 68
67 82
74 47
94 33
32 31
100 61
33 59
62 45
13 65
69 6
85 44
5 94
55 82
56 62
40 48
91 24
71 64
70 1
50 21
90 3
8 98
9 81
93 34
45 91
73 87
80 92
50 86
90 3
73 82
80 92
55 62
92 98
71 98
72 3
33 34
62 45
51 86
64 38
19 60
20 56
80 31
48 4
50 90
90 3
50 86
90 3
73 65
80 92
85 17
67 56
9 64
91 58
39 86
57 32
32 65
11 72
56 47
57 25
16 60
67 91
39 54
84 59
32 47
11 72
25 81
43 28
2 92
9 15
71 31
39 70
85 64
5 94
85 35
49 38
24 60
25 7
45 92
52 49
56 75
57 25
24 79
25 7
33 62
70 53
19 38
20 56
76 21
21 52
85 75
5 94
45 43
1 98
7 20
40 79
73 20
80 92
25 86
38 23
24 35
25 7
39 59
79 54
57 60
56 93
32 79
52 13
72 11
73 57
74 60
94 33
73 48
24 36
55 21
56 62
7 86
40 79
61 47
62 73
63 86
42 11
57 21
56 93
73 4
80 92
51 44
6 80
76 75
21 52
73 66
6 18
56 81
57 25
13 100
69 6
6 91
14 17
9 21
91 58
6 91
14 17
80 86
93 49
7 17
89 28
46 21
77 64
50 100
90 3
2 64
37 43
46 3
77 64
50 87
62 75
72 91
80 64
55 90
56 62
51 59
91 65
57 48
8 45
6 92
88 91
73 79
80 92
80 44
45 1
