927 29435
74 736
292 274
30 3960
737 696
496 455
759 860
778 1365
706 495
294 2753
801 732
485 3945
318 9323
200 598
526 677
360 59
353 2492
488 885
720 2956
490 3627
565 1441
536 1451
390 943
812 122
221 592
137 889
367 3033
840 28
86 323
708 2237
652 452
210 953
145 1295
590 504
794 453
812 19
414 2304
451 2500
658 1393
779 3313
319 436
871 227
361 167
758 61
263 3748
99 1466
788 1771
140 4064
285 252
191 178
756 1411
719 1241
50 617
1 362
316 1319
374 357
290 571
824 1554
824 93
75 1839
719 2300
574 653
310 54
203 349
423 5414
827 207
197 1808
444 510
682 1574
144 1200
526 603
545 4056
815 687
169 736
403 1424
610 366
118 415
583 498
521 256
438 615
219 597
597 440
670 1428
854 1550
618 987
676 1373
918 2273
910 818
159 709
546 997
792 385
14 12
145 1564
568 1195
871 26
674 1933
137 2962
842 2470
831 314
821 1137
556 535
694 537
307 314
403 95
891 260
202 41
891 782
172 1655
723 710
23 118
113 3060
590 485
35 108
569 483
827 2147
380 278
408 788
177 3580
850 182
379 973
816 270
119 2040
520 164
799 86
395 468
562 63
678 4716
572 114
482 1910
667 1815
701 2317
556 198
444 1921
583 400
836 3191
335 199
896 1322
737 551
872 379
687 1222
179 309
733 1139
280 1154
717 22
254 517
168 2534
447 349
62 290
382 1230
125 510
294 799
424 363
758 1497
43 1798
330 95
569 2290
32 1163
664 220
524 1942
598 724
105 107
393 348
152 1092
430 201
825 49
806 1021
320 647
593 508
370 1019
610 1671
906 2715
313 726
908 587
667 755
831 324
451 1961
52 838
636 204
721 936
470 495
288 375
73 1000
452 1673
401 214
540 700
330 1223
391 328
422 70
438 3159
523 1904
298 310
287 71
473 2576
735 431
148 419
754 617
622 910
889 327
86 4596
569 2759
123 1931
714 1728
78 12
286 460
11 167
682 841
729 142
600 1424
802 120
252 1724
196 268
46 1202
720 915
145 1915
627 493
404 1914
6 376
850 592
674 727
467 2287
579 432
145 247
489 1786
118 87
0 3034
738 1076
476 518
50 3763
372 1192
907 571
832 564
716 1194
910 409
360 698
771 368
925 54
651 717
479 119
850 1642
1 397
624 1589
653 228
882 348
426 288
523 1481
374 59
8 743
87 851
196 1403
483 974
607 96
17 327
22 141
533 559
87 55
716 914
126 1246
925 828
655 2138
362 1696
242 938
644 378
584 33
729 520
360 199
278 415
798 44
422 6
913 1564
583 3291
333 392
663 1144
137 1534
118 1671
423 867
812 1548
698 1999
381 81
390 1624
360 1645
821 1239
520 218
67 295
32 362
212 1857
556 170
90 456
34 575
40 3073
608 2460
855 3
674 631
494 390
579 737
42 745
162 216
632 79
496 2444
444 3570
39 574
590 483
483 140
119 1885
836 801
158 1610
623 151
395 668
185 3481
738 189
395 2346
526 105
225 1958
548 3195
151 1267
385 103
122 3580
306 1126
145 1109
815 585
118 680
8 863
702 1465
245 206
192 229
158 2517
170 1139
789 677
567 182
45 1904
398 944
226 105
444 1187
806 3863
95 535
349 405
182 1328
451 87
907 320
35 206
818 455
316 1040
74 590
836 2184
226 3245
45 2833
489 961
330 596
398 179
186 1629
363 68
371 153
557 232
735 1291
330 389
217 630
460 63
185 14
362 282
538 255
14 1909
564 826
284 2169
481 318
201 707
248 1260
330 566
3 285
711 635
408 740
380 315
99 801
444 814
146 1663
610 2948
704 1171
637 299
35 2991
476 2013
196 114
172 38
854 720
591 121
104 1381
745 570
261 970
920 308
753 162
520 290
709 6765
816 729
196 2404
917 1233
460 2220
539 207
836 150
867 51
507 246
649 1249
248 753
680 3443
409 395
685 2669
836 1395
340 889
763 25
221 1143
177 421
910 1247
361 310
879 1492
486 1583
478 162
344 1422
739 571
811 3356
543 1674
913 497
435 722
199 499
692 310
451 1622
660 1903
380 2209
336 151
431 726
720 356
728 685
775 258
655 206
799 1184
775 56
177 1182
129 319
806 1196
484 575
607 502
901 2982
302 142
49 715
457 466
513 614
658 22
466 1463
431 951
632 746
596 3073
753 1216
95 938
635 1920
420 196
382 138
606 2053
850 53
5 416
595 300
362 980
178 921
788 2112
334 1042
196 102
352 2636
590 2178
574 168
429 906
852 1073
670 109
402 1138
249 637
182 1505
664 3044
448 1717
168 66
768 107
56 5
834 3462
154 574
333 3314
917 160
191 163
22 1474
357 812
640 475
850 1225
60 1616
379 3207
722 259
8 2143
18 1499
530 484
685 4529
477 99
660 526
608 3235
818 943
289 176
81 898
212 1692
613 23
482 1732
37 3114
485 914
408 281
372 1041
636 209
446 393
668 1494
896 3946
451 778
257 138
836 67
185 1072
211 1007
174 4558
158 746
458 997
182 172
338 384
40 982
877 745
248 2321
797 4150
526 35
844 790
596 95
812 4815
178 423
408 990
302 821
83 584
279 3260
313 2119
711 552
119 3226
785 838
403 3543
517 2336
249 1164
302 552
653 2072
131 2767
380 820
51 57
114 1595
737 1467
29 1310
441 8
644 425
507 590
571 405
213 171
466 3054
369 937
519 322
790 1733
200 237
303 3086
223 3898
816 814
873 1190
114 2756
745 1919
333 3248
306 2254
102 177
733 2204
590 522
188 256
310 1014
223 13
469 256
240 163
234 332
685 184
422 196
607 529
855 962
597 339
888 161
600 665
519 382
838 185
451 3157
819 329
616 692
743 209
516 415
629 2741
565 878
230 587
838 1248
361 880
874 269
793 1196
879 1112
768 1860
871 1394
799 1501
438 1182
839 224
415 118
476 1830
534 165
150 10
327 718
907 1552
369 235
812 931
913 775
502 46
700 219
545 1566
354 337
515 745
407 161
441 1725
757 201
919 1719
79 1391
896 4391
869 578
708 438
695 873
135 2477
483 1057
481 5147
447 2499
208 3012
303 4162
245 859
421 2603
257 932
315 496
417 136
892 132
380 226
709 916
780 405
214 1024
63 278
897 454
300 572
39 195
561 1351
886 25
623 335
24 996
298 119
366 652
444 1786
556 141
863 1414
830 427
165 843
748 1836
125 362
306 250
915 180
235 912
694 122
4 648
38 3577
191 5071
324 260
230 269
34 2677
290 362
188 380
771 605
50 338
269 1615
479 676
779 193
562 2185
683 1481
483 1326
282 141
600 1550
864 2411
891 1357
558 319
838 1575
6 532
812 2410
530 1499
267 558
116 127
133 1188
727 513
187 564
777 25
805 365
324 2338
496 399
767 243
221 76
41 1307
402 2471
131 74
211 1339
174 1502
481 1167
168 71
897 793
832 349
738 895
1 1590
771 97
730 1642
38 900
768 31
145 2319
872 948
822 518
393 169
593 772
486 1170
609 460
370 1433
920 158
606 2529
794 605
542 2879
372 235
383 553
834 504
242 220
127 13
156 1550
855 879
417 173
527 1504
85 1031
428 35
797 224
764 223
437 1909
711 266
686 1219
678 608
224 398
896 249
898 1721
527 1040
251 1981
746 89
899 318
454 2611
93 371
866 2219
86 539
119 2442
650 3578
702 546
730 26
24 246
565 432
76 184
205 1471
456 2491
558 173
822 1248
415 186
360 531
170 560
756 648
319 428
516 723
606 845
728 1224
342 439
763 294
146 1728
619 783
723 2199
469 650
531 1928
914 857
348 43
530 1558
460 1572
899 1308
628 521
196 268
598 1720
35 208
574 98
829 2318
58 2472
489 82
379 208
516 1103
250 1138
843 531
429 78
906 890
259 1349
30 267
335 207
421 2549
850 1464
121 398
364 2234
623 452
864 6
509 870
119 119
345 1397
469 1510
541 213
834 347
553 481
338 119
748 2073
207 1391
573 75
872 533
76 574
367 895
138 47
367 777
8 913
363 65
435 441
186 667
196 209
225 625
796 540
236 647
467 998
205 332
413 315
76 754
489 1148
855 382
512 3929
155 216
491 613
803 1897
290 385
178 3411
664 445
122 1245
780 798
349 1124
452 292
745 1024
291 250
319 848
595 438
340 5117
706 41
81 607
154 1256
318 145
531 1010
117 1206
133 425
785 777
280 437
241 1638
588 7912
162 2675
766 2413
896 1548
441 139
466 1076
567 93
906 331
39 2063
509 2887
798 762
671 723
719 728
192 1451
302 503
791 1608
363 215
181 1437
541 241
709 2550
678 2282
227 809
567 1074
307 3327
342 425
442 199
733 1506
870 791
532 945
106 914
778 1015
110 1054
797 332
561 397
646 125
489 805
476 2072
526 616
37 835
162 809
871 245
614 568
623 62
359 758
37 1577
481 1019
583 267
223 3785
709 1117
531 1946
390 1648
895 1869
733 834
483 738
24 199
93 2639
733 3805
60 231
690 19
836 6655
722 441
642 2087
590 907
740 603
61 493
907 1288
553 1513
68 146
536 613
280 755
206 616
101 614
42 421
241 27
140 314
472 770
212 235
771 640
833 130
491 124
81 692
571 801
480 506
868 323
160 205
213 66
549 646
677 678
765 912
387 15
204 130
628 165
454 428
225 146
492 201
402 734
150 513
832 107
84 741
824 775
768 300
621 709
888 680
254 237
247 667
635 136
109 654
354 896
331 273
117 675
843 367
436 525
733 847
753 51
242 622
680 432
794 667
833 801
439 826
120 326
460 402
683 583
201 325
786 547
158 921
314 820
869 217
919 360
20 682
743 140
136 217
39 95
299 193
397 115
290 19
10 882
253 37
897 102
904 807
866 894
568 25
65 26
907 77
727 499
674 906
768 129
377 551
619 22
879 231
152 705
829 161
844 103
264 157
498 323
567 661
335 370
620 324
917 132
244 732
292 687
850 575
883 24
295 654
157 152
580 187
208 839
172 490
334 619
479 409
275 9
431 95
483 876
181 267
789 403
537 356
921 221
668 13
302 200
656 393
787 821
777 635
74 198
910 823
395 148
468 655
155 661
106 12
555 727
750 403
254 428
742 268
589 190
100 470
431 37
342 191
574 532
336 768
136 116
878 141
823 55
290 826
796 474
136 398
513 115
306 659
287 155
356 173
207 873
769 407
629 916
350 41
866 537
567 393
730 786
340 927
174 513
806 613
667 776
423 199
116 243
285 561
572 692
810 94
22 302
427 67
865 917
262 464
235 674
357 133
221 252
426 663
250 18
536 297
554 192
548 747
143 63
225 921
128 528
725 36
889 505
175 772
127 246
150 185
93 34
344 673
540 730
745 577
785 190
713 228
430 261
725 403
728 40
922 330
573 257
279 672
548 743
528 565
588 178
625 53
927 610
513 451
20 562
633 432
199 403
288 302
588 785
915 883
750 580
108 217
391 791
187 767
526 231
632 659
187 845
660 881
262 844
884 293
95 521
803 790
277 282
245 222
253 77
468 89
684 800
855 423
25 181
488 329
869 527
376 132
76 925
875 281
573 494
568 237
640 691
670 444
392 390
436 775
134 186
405 12
923 710
494 655
748 70
324 907
243 620
295 706
681 707
472 634
882 799
569 601
561 187
615 55
186 222
917 16
632 590
382 531
413 280
547 4
490 280
206 716
316 896
376 311
883 450
138 22
119 471
474 818
128 375
661 632
678 72
59 783
208 295
373 667
803 430
682 791
93 399
718 124
610 308
907 762
822 643
675 281
204 29
460 412
514 503
353 736
603 265
871 272
16 603
602 212
279 190
279 443
336 267
37 311
601 727
49 91
594 761
237 480
406 43
431 728
826 172
49 817
699 345
847 706
48 284
380 784
120 420
297 777
49 897
389 709
37 328
144 826
530 784
192 443
325 281
13 470
591 648
679 182
807 258
826 841
573 489
499 633
635 905
254 872
619 419
836 323
159 876
190 271
413 705
506 392
539 257
75 63
585 83
572 166
773 818
556 546
64 735
41 340
160 692
386 878
132 114
360 753
684 415
304 692
643 734
472 901
633 901
594 774
128 584
101 632
836 557
800 557
454 386
778 662
370 121
54 315
263 201
419 57
906 908
889 620
296 45
407 450
148 522
59 717
533 77
575 912
635 569
263 663
518 350
452 352
475 849
189 264
610 437
426 194
884 131
588 892
15 854
302 608
424 657
493 839
252 212
234 375
22 914
55 12
463 614
493 265
457 553
519 448
115 623
801 134
541 261
89 453
923 523
684 239
104 673
902 366
476 315
425 197
766 464
420 430
516 315
83 121
836 404
446 572
675 402
729 852
336 52
413 772
889 199
569 872
695 137
833 744
689 855
800 5
145 301
610 154
579 879
88 303
351 578
224 459
689 85
504 719
387 302
380 659
911 341
641 457
185 874
645 648
30 443
490 131
472 104
610 774
172 160
475 803
786 750
544 91
18 520
564 65
632 380
386 609
555 130
615 686
496 143
716 599
773 291
187 280
239 916
818 901
254 283
9 310
848 554
589 333
344 350
42 629
173 677
803 214
521 659
384 30
581 811
858 348
298 478
14 179
226 156
368 162
74 411
160 334
748 726
5 137
127 872
551 114
359 679
124 818
907 351
463 610
702 897
773 727
476 359
754 495
685 183
700 75
598 915
631 678
748 655
169 375
678 772
534 166
678 472
650 400
829 77
330 927
727 333
731 396
272 65
289 592
71 457
563 883
164 477
556 481
553 356
653 717
770 284
824 842
71 738
596 660
737 806
449 185
566 621
604 879
584 426
397 594
892 676
428 674
236 680
126 404
260 404
272 716
881 662
529 915
747 847
852 679
518 185
908 537
903 123
818 890
52 485
794 725
773 108
650 460
817 778
459 218
860 3
469 60
709 739
305 788
230 563
627 801
505 45
834 525
171 26
287 389
551 371
332 874
230 444
711 66
318 784
667 687
608 164
730 395
831 35
854 592
257 545
106 358
846 608
106 470
677 187
59 154
596 430
619 693
468 734
547 798
188 717
248 56
305 683
706 669
26 775
248 423
397 652
603 725
638 697
838 638
492 518
782 217
159 29
447 621
624 648
668 683
726 904
807 143
659 494
139 710
380 432
129 458
740 859
94 774
464 226
79 113
177 427
542 345
161 712
124 824
211 309
741 192
227 667
364 429
118 212
449 420
62 609
201 94
807 225
542 453
1 891
390 900
712 228
891 609
227 384
208 515
139 429
606 211
251 816
77 608
827 415
407 81
192 876
436 664
55 918
453 518
288 79
240 738
776 360
29 435
789 248
103 886
417 849
316 632
607 108
485 424
37 155
122 798
715 527
832 840
555 494
874 730
285 360
51 702
858 683
614 448
819 141
749 219
901 30
142 722
130 283
184 491
913 15
754 42
584 636
903 349
689 318
527 313
355 129
87 328
55 362
192 873
905 506
289 902
3 28
75 423
735 182
368 151
219 296
168 588
600 625
457 188
498 313
172 803
789 667
689 514
87 172
89 138
112 602
554 626
321 72
820 624
351 31
415 545
776 285
617 766
823 135
718 581
906 381
613 337
608 751
658 443
322 697
383 419
409 457
687 698
70 490
290 710
816 245
608 872
546 762
691 269
283 680
38 702
764 749
430 752
3 217
164 853
873 577
895 227
401 708
779 238
653 756
106 381
851 694
179 194
170 342
918 155
690 676
508 133
549 157
421 238
247 108
634 833
286 668
265 840
884 298
595 434
714 591
661 863
529 385
689 538
845 65
875 296
6 500
791 722
603 445
370 545
867 112
543 817
707 50
668 413
813 153
235 832
187 178
418 784
225 889
348 271
724 79
723 251
738 777
49 549
119 798
35 350
485 185
866 251
188 581
555 252
800 806
793 274
734 444
833 830
72 320
789 514
60 554
89 74
504 863
871 906
470 55
306 199
867 241
908 865
921 801
722 801
853 860
284 201
224 112
148 542
735 41
669 844
454 537
883 107
142 535
192 580
721 388
250 652
749 466
438 653
104 65
49 728
165 739
238 162
56 120
174 895
686 138
880 532
148 913
192 39
561 788
404 538
564 543
876 293
828 697
891 637
22 391
566 581
599 28
766 778
765 266
824 799
68 366
412 752
148 719
610 75
397 730
794 18
853 201
516 520
854 275
698 309
651 7
271 88
805 773
26 414
419 155
831 756
479 822
881 517
462 637
643 405
470 915
625 441
876 202
789 768
45 30
22 855
482 223
263 181
624 591
607 795
606 539
695 796
539 304
517 121
111 99
574 527
916 90
87 678
655 705
568 820
553 110
923 12
661 125
446 334
172 271
33 191
786 691
152 599
267 783
106 559
6 596
233 80
575 686
251 496
192 631
887 423
386 137
300 654
481 728
379 271
21 603
619 67
901 911
389 731
187 67
839 160
727 734
697 881
87 369
340 443
571 307
481 467
450 181
878 716
915 158
722 855
388 526
15 623
914 393
507 76
626 518
546 381
412 493
223 771
267 167
734 464
40 505
33 785
602 327
538 200
176 781
108 826
347 695
181 33
626 488
541 227
575 768
849 29
381 601
134 613
294 350
178 155
590 213
484 187
63 367
13 17
692 651
400 102
270 670
134 692
731 728
438 781
660 283
558 393
869 533
327 825
92 851
561 81
113 752
204 820
444 433
185 189
480 307
132 625
432 541
508 835
921 892
453 370
299 545
124 871
529 509
600 760
851 735
198 446
744 189
878 96
447 71
97 313
432 718
595 105
238 907
300 426
643 846
821 732
204 170
706 447
610 721
378 885
240 133
811 150
835 555
525 512
807 347
561 9
208 656
856 909
761 198
920 770
637 803
580 220
663 99
731 389
812 309
352 899
321 487
396 710
920 833
223 650
462 476
526 434
66 890
402 536
302 54
504 206
222 53
117 661
165 297
347 59
51 923
579 350
179 383
95 85
389 912
921 89
865 368
333 406
509 308
470 82
139 455
333 181
355 297
762 667
340 433
118 238
393 161
739 876
315 825
599 14
15 29
669 711
503 11
917 146
768 421
197 649
563 183
573 758
191 384
767 810
647 290
825 181
644 30
875 338
126 2
401 865
673 258
411 673
827 177
877 688
848 19
2 677
827 396
200 90
373 605
917 837
551 353
679 132
159 689
433 696
267 290
255 46
647 457
571 704
858 379
730 231
409 525
791 923
121 300
255 128
555 46
147 793
492 697
729 301
612 630
326 336
89 10
794 762
570 39
535 785
860 365
502 479
41 508
797 261
174 220
666 853
47 255
684 14
184 472
383 565
192 593
364 152
719 767
304 828
811 174
818 415
550 818
280 848
379 832
336 463
183 447
127 908
242 700
738 595
908 494
648 234
809 209
501 778
582 917
730 653
500 462
99 549
927 302
681 298
248 338
279 862
420 659
774 1
112 355
530 773
78 179
838 868
387 106
901 117
823 648
673 293
562 110
679 7
525 516
877 308
677 496
195 787
584 912
195 338
484 544
337 510
207 582
396 95
921 657
417 784
652 843
327 126
631 657
191 16
319 851
565 181
879 744
767 773
347 649
257 54
835 845
347 729
140 480
344 749
879 608
68 725
585 256
98 770
456 528
708 494
449 924
891 743
612 307
234 95
13 381
448 356
748 655
757 641
498 375
431 433
605 410
373 925
561 747
719 481
713 45
213 6
255 772
852 425
415 105
875 872
349 377
131 691
600 374
861 800
150 871
26 686
807 661
386 262
169 102
771 81
255 423
566 926
515 659
618 322
519 310
623 456
74 234
706 274
508 697
522 336
90 597
310 34
149 384
517 443
642 662
775 816
919 484
86 437
291 322
680 683
899 845
272 140
119 51
670 735
265 636
508 39
604 701
862 76
281 517
757 790
98 57
530 246
651 638
148 803
350 19
736 806
692 113
274 611
212 644
842 648
652 344
455 337
188 841
886 38
350 191
644 903
160 799
276 674
7 344
575 870
255 53
165 510
609 25
217 85
139 182
513 98
831 335
515 124
464 91
845 548
62 350
110 323
440 256
350 733
553 273
919 732
389 898
285 216
777 8
682 32
771 347
36 749
408 698
390 151
647 821
202 853
50 163
20 835
228 216
576 29
9 360
734 695
778 460
208 123
328 784
636 505
900 407
248 26
923 44
276 727
881 317
107 862
202 754
262 29
869 329
719 69
639 712
898 600
645 453
495 169
687 19
921 257
54 63
487 714
158 761
188 503
138 896
74 525
145 214
742 643
46 254
10 125
128 459
645 685
405 315
598 522
88 341
391 446
98 20
787 859
30 826
874 93
747 551
506 491
677 459
129 846
588 621
372 87
749 84
271 760
398 712
294 770
228 37
721 908
19 519
102 571
863 227
128 529
902 250
776 371
605 573
697 581
483 15
757 568
26 98
410 717
108 7
527 317
906 492
351 284
420 278
595 172
696 104
801 211
238 177
483 327
454 247
716 712
520 733
706 210
864 116
384 547
831 129
606 439
555 776
12 388
702 913
393 89
715 411
151 775
371 858
98 891
165 260
280 899
47 315
800 646
388 220
192 861
921 703
223 108
852 349
246 341
126 431
781 272
308 667
762 201
771 741
536 68
176 807
400 453
385 461
361 903
379 148
691 207
720 118
35 193
30 296
754 435
779 739
590 258
106 849
592 151
71 598
113 579
882 680
9 568
409 528
534 894
304 59
15 294
126 718
315 402
283 61
553 795
128 249
344 807
636 466
446 617
7 640
424 484
489 642
256 789
905 632
349 401
359 584
439 589
603 107
866 691
360 882
743 831
38 508
365 478
852 583
546 759
28 919
563 664
884 547
867 366
669 163
213 443
821 146
94 89
763 387
773 281
347 874
591 51
753 804
743 485
304 654
786 123
798 88
770 860
188 281
319 54
877 413
414 767
24 807
335 164
595 126
516 94
700 474
548 749
750 17
420 129
369 292
246 743
77 354
168 373
523 64
319 216
310 384
866 809
55 215
884 303
234 205
201 8
794 186
237 129
737 744
360 478
492 512
243 570
610 645
200 13
536 638
183 448
178 370
716 776
515 497
13 298
176 358
452 520
269 901
574 865
441 506
702 531
307 517
359 331
329 298
778 693
88 832
709 336
866 292
849 103
401 283
80 48
158 866
796 463
406 341
95 304
346 329
109 107
810 893
53 526
825 93
385 637
579 104
867 493
728 909
258 769
568 508
146 525
351 611
563 341
909 88
183 661
615 664
841 773
809 245
825 869
588 879
454 197
97 782
661 297
864 424
673 281
226 596
98 496
338 340
495 269
296 163
138 31
632 208
543 360
402 924
348 260
25 612
700 813
767 4
678 539
745 825
147 852
435 231
687 72
465 659
483 160
596 718
444 331
29 797
304 283
710 696
752 809
500 371
552 522
671 622
146 354
711 105
677 770
467 233
555 69
219 602
668 742
650 805
512 511
467 716
60 169
521 622
220 895
640 651
716 621
78 116
731 403
493 32
722 61
366 677
54 900
265 828
736 811
768 632
193 547
658 695
5 137
769 474
683 769
358 148
718 604
481 184
443 500
529 149
248 694
926 758
513 494
116 773
735 840
649 81
256 233
252 330
144 405
599 672
597 800
323 493
116 545
743 248
257 352
147 34
477 196
587 56
243 363
285 657
924 75
629 106
236 444
916 132
53 854
764 98
414 164
902 332
241 514
246 69
558 496
234 901
96 516
629 67
839 664
811 626
208 279
716 463
52 837
149 226
17 290
331 201
63 348
699 863
718 745
337 668
162 768
152 329
277 567
763 290
150 691
404 21
278 812
351 652
553 666
660 300
516 559
221 360
708 333
378 200
379 206
86 360
502 871
736 260
21 616
879 219
668 108
364 234
666 368
786 521
660 136
9 61
809 363
805 900
161 395
240 468
762 46
854 182
405 432
221 175
61 657
343 124
791 230
729 427
863 828
69 525
847 159
348 197
918 62
24 244
564 141
68 404
268 275
362 874
533 919
692 685
50 559
39 287
412 113
388 765
13 21
739 718
536 353
915 46
103 11
599 815
418 298
843 750
900 38
168 439
327 497
308 566
852 93
76 150
190 2
744 563
461 655
859 566
788 296
245 741
753 741
917 182
133 61
781 662
464 249
436 470
239 831
145 247
230 534
212 23
304 820
746 180
53 554
410 143
388 722
528 802
150 737
835 175
508 335
439 110
181 865
475 805
396 176
860 322
418 835
714 702
333 833
790 128
446 924
784 83
367 845
728 237
579 114
7 736
344 847
12 844
136 671
196 75
341 15
334 207
616 48
568 404
163 700
850 217
275 123
226 300
53 587
462 742
679 551
431 501
259 32
593 527
598 683
906 134
603 573
143 537
13 323
795 846
575 832
517 615
759 486
52 168
522 858
240 92
405 239
663 24
204 421
396 189
674 662
849 411
110 489
801 653
63 616
260 49
763 57
891 303
391 716
152 818
786 262
773 613
75 358
623 786
354 776
282 431
533 861
68 312
463 175
503 830
811 704
651 32
817 725
459 769
810 44
173 470
78 442
586 919
697 426
269 683
78 198
425 147
545 504
184 261
693 84
610 721
447 374
324 461
815 773
538 718
695 654
152 68
258 523
597 696
812 176
841 17
821 908
388 373
445 716
741 913
580 617
575 643
234 690
62 4
89 171
901 501
654 163
696 701
507 538
210 573
472 316
382 598
174 606
615 765
355 772
149 123
792 917
514 554
77 218
329 260
202 443
218 658
290 340
187 793
97 503
63 453
770 486
323 354
355 207
519 884
351 535
383 69
436 603
657 583
653 502
864 18
516 505
304 515
324 57
517 876
4 292
546 763
820 74
211 761
578 293
520 624
716 808
546 292
206 284
925 194
602 467
545 323
108 393
375 889
399 385
638 743
873 355
344 852
358 553
315 340
133 378
550 737
395 490
707 548
681 438
572 276
75 410
77 495
51 43
419 471
508 170
197 148
809 907
288 521
334 734
618 754
288 533
800 74
40 359
20 782
104 833
920 900
677 443
407 164
681 482
232 441
16 365
575 362
357 573
378 320
582 529
812 217
341 373
746 444
719 772
507 97
14 40
834 746
186 519
197 356
553 422
78 872
781 540
208 98
720 925
551 100
726 885
82 25
172 803
113 516
6 118
85 18
387 268
400 306
915 237
649 502
902 653
512 87
708 856
205 879
295 114
858 684
703 209
485 359
363 163
916 844
472 293
603 112
923 171
812 660
515 78
305 529
887 77
94 761
308 838
53 815
540 459
243 687
429 581
103 745
286 266
52 696
100 684
470 392
239 482
801 905
676 502
790 447
619 850
208 135
491 128
479 426
462 45
871 661
245 798
237 913
216 316
271 926
139 377
365 544
436 2
62 291
865 765
407 755
27 202
720 273
410 628
189 225
335 568
478 451
96 488
85 722
157 680
95 597
496 713
130 572
14 779
277 797
84 609
406 449
493 153
414 58
587 138
836 880
829 19
913 457
41 119
926 716
845 768
229 325
567 146
447 619
870 586
721 100
923 710
574 197
640 644
913 78
923 737
365 784
625 174
136 219
782 417
605 913
746 6
430 848
192 200
615 120
368 483
590 252
334 445
18 2
495 837
301 785
49 766
379 61
738 902
215 549
437 406
197 697
717 674
373 568
680 807
613 104
878 904
573 637
176 422
462 505
727 656
812 51
286 829
363 653
220 858
792 409
500 266
294 56
308 820
107 756
548 151
10 901
634 442
814 523
234 806
752 53
350 197
490 749
135 466
599 817
711 384
910 365
68 346
655 160
742 866
729 197
233 165
75 597
403 308
266 124
614 134
426 584
888 402
195 635
324 31
230 353
365 601
820 88
783 20
627 439
472 873
879 753
565 389
816 613
345 782
681 7
759 592
92 595
299 569
211 88
551 511
156 741
30 777
428 815
519 700
422 879
922 594
722 868
461 910
246 611
503 471
306 108
387 447
192 510
94 790
86 310
151 38
599 418
542 869
448 604
466 289
340 364
684 398
452 93
851 435
893 489
704 490
173 321
269 709
415 542
82 841
219 914
724 719
456 272
206 729
235 789
448 897
856 274
68 482
348 17
275 364
896 467
904 455
262 60
63 413
350 596
492 384
349 916
888 517
711 570
243 353
80 16
894 74
9 242
453 919
786 428
303 96
88 232
625 90
720 539
341 539
711 104
616 507
367 390
738 174
427 748
358 530
523 161
801 591
470 859
569 673
233 642
423 248
860 181
236 239
100 724
456 474
394 616
619 683
509 73
563 709
566 356
384 82
160 12
372 533
818 428
807 817
771 602
56 64
515 223
898 791
740 707
394 457
875 390
110 11
135 771
127 229
449 759
299 90
120 659
242 730
259 765
665 289
684 108
392 300
794 495
215 200
330 415
68 13
673 447
608 48
327 235
413 791
523 127
309 192
726 80
719 519
170 786
876 798
201 914
751 507
41 754
852 346
636 475
923 562
573 481
734 570
222 496
295 290
345 368
9 658
432 133
185 897
237 278
142 86
438 112
765 611
340 154
117 919
226 568
453 445
884 349
734 695
504 123
632 428
473 476
382 375
110 362
403 633
637 390
494 479
440 728
782 477
134 332
543 349
142 902
565 40
269 76
174 127
292 884
815 534
599 922
712 472
561 98
607 879
518 651
655 25
218 878
164 843
865 743
310 595
120 491
302 723
297 4
120 176
149 140
607 774
251 352
110 818
349 211
94 774
843 64
399 353
129 546
844 679
557 188
882 734
78 2
430 501
23 459
505 394
296 492
854 207
196 657
611 645
347 184
109 824
301 705
230 446
110 22
553 145
96 872
161 541
529 307
514 521
361 781
306 60
284 424
602 864
795 889
275 353
836 340
118 291
788 521
791 893
380 428
432 424
682 482
835 662
363 354
751 193
580 844
847 47
112 126
500 742
469 3
36 559
215 466
191 879
720 697
771 387
470 122
577 649
326 913
624 260
99 472
799 685
283 11
399 98
603 673
122 193
235 588
419 814
270 484
843 322
914 524
585 639
186 879
14 703
447 678
264 515
31 633
540 126
870 247
592 406
430 403
679 512
225 76
184 271
233 320
522 440
669 185
11 833
53 367
19 705
208 896
790 18
286 779
291 806
176 141
719 549
899 794
701 296
46 340
703 517
674 572
211 360
723 149
325 263
457 703
646 331
285 714
590 829
519 154
586 836
680 223
764 775
927 535
659 323
25 634
381 734
876 750
258 72
539 441
444 791
621 557
220 423
509 869
872 63
896 479
338 421
291 603
905 740
605 196
119 157
176 219
593 807
649 158
441 594
772 32
594 49
427 709
488 925
435 536
72 406
838 901
405 527
514 128
157 672
213 175
348 849
574 771
904 684
306 393
822 787
847 446
777 379
31 428
841 373
142 20
553 649
603 280
372 596
834 106
565 885
688 683
809 51
188 262
433 19
151 7
118 838
286 217
60 912
891 529
706 108
726 195
558 566
431 465
279 46
29 296
103 153
912 407
827 90
152 656
899 263
678 814
927 678
306 150
40 76
516 849
309 511
612 364
174 344
417 760
562 244
524 178
318 617
774 74
849 417
565 157
226 906
667 894
747 6
168 151
768 431
408 593
191 266
752 766
337 134
643 199
350 195
510 205
7 358
501 649
339 416
489 714
196 676
830 211
715 155
419 222
824 217
895 469
656 725
86 293
6 100
522 263
476 110
118 232
114 747
239 883
498 524
651 252
356 644
636 571
551 77
293 613
372 289
835 656
542 193
488 351
497 860
556 834
470 550
595 832
196 435
589 918
882 750
663 420
658 324
695 442
594 471
657 217
229 391
717 906
811 51
805 51
434 491
827 376
679 212
64 335
259 160
231 554
879 606
701 514
778 720
916 866
747 599
745 723
794 865
822 520
273 547
635 60
180 289
766 46
802 453
740 882
729 900
699 566
485 623
222 270
261 673
28 396
759 359
465 610
304 84
689 875
11 850
756 496
786 550
552 396
606 89
634 441
313 752
780 216
798 696
30 17
250 568
232 430
415 888
260 712
874 471
426 110
485 825
227 390
567 3
149 372
885 599
447 882
686 187
266 321
255 94
816 333
452 616
681 201
216 164
537 760
683 272
728 211
910 14
658 319
293 674
290 819
490 5
234 191
283 757
34 627
892 678
394 900
5 504
472 97
667 514
90 682
182 804
922 383
732 8
289 643
288 18
618 576
743 735
403 72
741 810
790 565
43 132
478 830
90 328
332 864
712 775
430 281
760 244
651 202
798 550
633 228
302 309
308 397
176 877
274 50
905 861
363 157
219 461
281 784
532 269
453 465
775 667
781 850
430 42
381 102
829 329
710 344
753 254
887 491
667 171
739 133
740 241
60 239
185 839
397 239
369 809
224 183
101 194
772 250
509 894
375 535
6 470
428 446
849 726
275 334
345 431
737 9
25 898
234 900
508 596
44 133
466 93
559 38
580 205
799 376
77 600
470 807
86 158
426 269
210 4
827 747
140 691
826 924
510 581
27 764
290 175
690 348
109 838
549 56
288 115
688 278
302 254
2 93
897 342
176 405
40 877
234 801
775 884
451 800
854 478
301 521
35 668
819 199
51 523
764 100
178 664
181 922
599 119
134 441
584 800
194 93
817 281
513 462
516 466
326 511
255 474
87 205
789 204
218 918
380 635
80 820
240 857
429 22
532 65
750 558
795 778
106 96
576 426
217 546
471 759
256 44
741 285
174 127
906 711
512 680
336 403
497 92
588 84
351 388
581 502
132 313
10 240
204 469
42 400
620 715
157 770
815 880
256 268
668 182
872 124
303 189
700 796
861 687
396 900
919 786
476 316
772 543
779 204
488 388
380 906
205 684
393 776
697 338
440 268
164 778
927 255
301 276
805 489
341 868
47 914
611 268
401 380
666 35
403 369
811 135
810 863
508 98
728 594
736 380
386 259
417 127
435 124
423 543
531 615
145 414
764 675
128 116
890 596
869 72
708 352
923 114
181 130
310 548
85 630
372 642
224 61
889 906
69 781
449 438
244 93
907 185
597 306
117 444
402 251
323 800
311 674
191 701
491 784
504 885
565 63
352 720
248 554
851 847
28 917
725 882
672 827
277 455
632 613
189 14
122 776
409 712
563 14
797 191
434 881
604 815
399 508
812 809
531 927
298 124
274 201
668 495
48 211
793 430
211 692
491 422
455 528
368 633
555 228
696 241
561 680
192 526
150 370
33 30
827 399
115 450
344 623
748 376
711 576
297 589
873 275
163 481
740 510
13 417
909 491
235 247
679 356
809 397
613 621
743 313
509 871
476 526
836 297
733 686
104 288
533 592
904 288
599 325
605 882
215 101
26 346
420 607
64 224
519 289
83 785
649 81
585 485
755 99
63 280
490 512
419 99
239 242
231 104
314 171
809 166
37 815
874 357
473 807
551 294
402 630
887 503
413 17
219 793
761 238
595 338
839 663
437 790
75 429
695 288
12 380
493 412
255 503
303 184
924 667
650 509
275 741
743 614
98 347
700 921
701 181
195 564
780 439
134 914
390 323
625 40
863 734
826 476
494 661
545 239
37 751
915 286
562 910
131 15
854 908
604 594
445 699
77 458
485 285
15 699
660 636
618 648
265 779
314 623
61 516
10 378
329 878
493 705
804 516
833 56
480 792
336 868
683 706
212 834
450 451
738 341
340 118
478 168
692 450
67 106
96 154
109 166
740 729
139 896
101 626
551 497
890 171
534 329
94 654
149 62
29 675
824 456
532 109
369 879
667 567
705 423
74 905
123 754
474 181
748 672
209 861
266 113
309 830
6 720
354 880
541 460
326 16
443 391
739 30
216 500
344 648
9 629
510 311
343 830
525 316
324 521
785 836
292 52
736 879
873 85
909 543
162 871
573 328
80 374
880 852
224 515
736 440
485 112
626 252
329 676
308 177
241 237
820 70
507 336
64 162
891 561
147 121
847 210
423 150
170 44
393 726
651 243
730 754
703 111
533 731
450 591
546 34
592 56
756 235
122 726
237 706
79 849
460 899
397 479
734 89
884 421
453 615
373 566
625 632
918 40
447 364
184 754
391 381
220 717
237 618
66 471
252 832
299 92
459 409
109 389
899 329
383 338
837 179
563 353
848 804
639 293
93 204
741 475
101 752
833 506
148 462
226 912
235 629
425 835
468 270
784 675
636 292
290 13
51 164
602 317
98 118
111 854
429 261
414 730
499 223
155 435
378 671
869 597
720 771
779 581
162 293
722 690
580 330
64 85
85 621
910 740
575 162
609 155
723 690
578 616
598 513
767 75
209 361
72 593
897 479
669 570
238 604
714 334
600 75
1 567
638 300
806 356
516 630
786 827
871 697
730 81
571 466
607 307
710 546
883 911
770 187
701 202
108 694
54 513
389 1
625 663
300 836
250 224
704 228
613 313
544 298
59 326
51 587
418 364
28 820
589 677
638 138
791 498
856 465
246 738
524 879
830 445
161 525
147 558
229 679
447 374
382 554
683 916
235 517
702 175
212 627
845 86
200 767
776 413
57 221
200 857
407 358
528 673
158 285
447 371
313 272
351 914
777 422
711 81
485 310
597 364
272 804
913 767
843 764
204 729
277 14
34 856
7 155
91 748
143 908
61 410
764 206
884 416
577 307
10 180
814 72
642 285
797 923
374 263
139 571
180 498
344 819
833 123
125 879
142 876
848 842
498 469
463 264
106 276
302 370
332 749
446 273
52 668
193 127
214 730
720 189
349 903
563 858
872 835
585 350
260 72
216 889
93 613
760 750
879 210
716 160
49 380
630 638
218 812
816 552
887 658
382 160
663 520
586 763
290 226
248 749
796 158
448 772
220 366
53 208
386 699
340 829
414 840
423 210
604 515
442 234
828 180
680 168
47 375
641 150
331 884
202 822
509 495
382 237
45 226
873 485
102 267
110 480
643 299
428 683
726 156
243 286
681 692
904 437
356 126
321 548
456 401
456 73
285 417
847 26
912 45
768 862
896 495
761 312
485 860
853 813
62 710
311 290
340 829
527 870
80 337
500 861
63 684
248 243
42 371
18 791
12 277
194 679
664 369
257 710
40 514
327 637
612 699
607 183
598 342
276 861
310 497
438 203
533 499
662 507
835 659
784 860
752 549
152 482
871 573
764 417
650 485
450 918
593 409
853 688
865 17
523 827
454 425
324 430
905 3
442 200
96 748
119 509
728 136
846 764
818 375
245 878
798 581
346 740
370 115
832 849
160 679
231 909
585 749
803 259
473 80
475 26
253 649
586 737
844 205
366 430
471 492
233 92
646 853
488 480
794 500
254 431
411 357
754 410
148 85
609 297
470 686
570 885
912 633
415 897
350 514
236 174
688 735
488 811
723 730
851 399
441 414
107 754
45 479
447 230
831 419
902 725
285 20
283 411
145 438
711 492
297 432
883 331
829 113
467 275
79 483
380 782
579 280
675 54
188 857
569 675
81 306
639 81
169 299
896 923
810 917
745 906
265 50
222 616
441 92
811 450
564 351
721 852
470 700
252 634
336 424
604 219
283 898
695 630
175 426
29 185
641 57
491 296
423 281
89 850
414 440
283 47
793 725
365 58
907 512
551 836
372 837
84 238
247 522
431 227
559 308
884 221
431 482
845 14
537 300
378 288
300 246
5 593
11 368
104 332
79 118
357 154
359 269
650 200
218 595
21 135
166 101
303 615
81 203
299 10
27 571
389 716
93 798
830 827
892 642
760 310
180 679
791 857
21 590
819 887
867 721
739 710
904 886
571 242
738 238
674 709
916 683
797 370
423 793
57 865
335 898
724 89
384 22
865 656
662 51
262 33
135 825
651 693
501 524
738 650
240 75
405 383
79 829
206 753
486 758
144 38
285 706
173 637
572 857
804 122
8 496
697 157
611 515
471 415
78 869
491 511
761 811
866 113
280 72
78 389
151 883
199 116
440 151
138 508
259 717
324 827
591 120
808 592
344 665
670 915
755 917
173 842
658 59
607 812
511 921
875 370
403 522
268 360
664 496
255 32
307 381
84 458
288 247
815 536
803 337
798 383
241 49
690 668
79 443
915 425
110 715
380 492
602 198
791 289
454 222
120 44
862 609
601 87
446 759
182 688
411 395
136 79
409 184
289 510
476 500
479 143
823 740
862 570
104 75
698 198
577 618
114 476
613 133
350 425
171 731
687 425
105 670
768 437
596 699
607 555
718 45
177 739
363 305
23 900
172 64
12 152
711 291
908 116
140 910
151 881
499 283
290 59
219 271
561 529
676 412
520 361
783 209
132 151
543 535
66 277
282 148
652 379
907 536
86 758
445 406
600 755
557 270
205 294
656 669
809 414
767 53
635 342
123 383
848 731
321 67
713 640
29 502
827 148
315 835
824 715
707 159
745 143
315 285
833 714
14 126
907 691
162 269
820 66
846 356
68 163
171 281
195 235
261 258
372 681
290 417
581 831
789 664
488 313
261 843
21 672
537 652
127 713
620 379
799 2
840 907
268 79
558 858
91 760
730 811
42 548
294 571
881 918
447 256
327 677
685 729
81 109
318 53
447 863
349 147
4 193
224 223
351 916
433 543
781 549
362 543
673 72
103 802
693 111
107 666
167 841
742 145
219 257
597 1
25 750
236 709
236 825
381 811
267 161
97 640
203 82
483 143
304 695
640 81
383 179
725 580
191 794
125 385
792 210
453 919
829 757
437 306
734 665
408 301
498 824
683 525
606 219
69 587
166 341
497 653
642 664
729 226
230 597
197 109
888 177
691 525
198 544
137 916
787 112
808 168
151 888
248 115
632 257
673 464
322 686
743 845
204 328
273 293
674 229
166 588
608 453
854 830
441 296
861 801
351 96
862 108
841 261
856 438
13 65
207 481
487 580
485 891
262 336
556 705
140 473
60 256
564 770
529 702
790 837
110 431
620 794
546 602
95 881
30 267
79 571
121 151
705 790
862 760
346 703
313 538
425 46
400 437
345 780
868 261
877 806
380 464
266 735
414 866
562 316
463 860
305 385
713 900
402 773
173 813
862 176
575 287
255 565
135 233
462 369
579 619
873 582
254 734
852 870
373 209
830 835
508 282
711 842
731 343
322 605
732 412
93 248
155 278
517 275
694 19
806 662
450 85
746 217
292 732
508 184
747 273
131 535
323 568
667 533
654 99
256 28
680 463
777 923
614 916
115 408
275 742
555 466
760 777
919 463
783 522
235 458
48 325
123 222
159 856
832 488
152 658
660 266
853 895
430 747
912 744
537 417
143 129
399 870
796 48
48 620
128 371
307 8
691 93
385 344
395 782
579 667
894 471
531 264
156 96
851 919
701 22
165 387
689 413
455 697
60 478
525 603
307 475
711 124
908 332
55 39
195 684
295 920
709 753
553 289
217 445
692 117
39 473
429 660
703 745
254 51
482 114
317 653
283 365
161 613
394 798
713 356
747 481
573 613
681 235
446 354
520 743
239 539
55 463
749 42
837 549
272 455
246 322
823 826
551 826
272 737
748 687
417 402
81 796
172 463
793 534
399 384
437 567
487 434
480 332
95 693
597 762
147 482
540 284
749 729
698 587
416 312
65 124
557 561
249 409
153 529
312 32
17 735
440 623
310 154
509 314
542 538
299 403
289 791
223 387
596 648
913 835
464 694
494 805
276 848
612 31
481 472
369 733
644 775
625 848
667 462
365 266
917 689
706 681
565 493
637 477
820 300
104 367
111 723
512 269
63 178
390 323
445 347
799 98
717 921
725 924
847 901
827 247
99 388
362 117
448 450
622 232
116 125
215 407
343 234
305 456
40 291
614 221
273 650
604 357
180 535
380 439
605 740
470 451
345 296
870 925
566 418
437 894
629 313
733 604
228 246
296 524
494 600
813 182
29 180
559 182
607 389
669 303
234 283
331 872
482 409
861 896
868 709
900 411
599 351
610 158
642 560
655 115
924 345
734 510
221 893
98 183
804 684
533 189
219 314
882 189
401 815
609 176
827 552
545 231
190 874
130 700
815 449
813 758
279 654
726 166
726 457
48 117
610 200
465 795
288 810
280 711
443 125
197 229
30 638
171 689
353 163
889 410
251 374
406 787
230 107
274 783
553 756
370 583
397 430
248 227
457 742
430 199
495 807
743 513
274 31
536 656
146 401
639 581
818 857
390 437
625 750
400 517
380 426
234 476
33 779
190 735
211 484
73 119
471 60
67 538
364 303
393 347
525 495
335 744
597 613
31 854
796 923
576 640
164 105
593 603
835 808
53 750
569 810
836 869
327 352
818 182
332 712
785 803
213 596
97 514
247 86
129 95
721 18
238 285
371 159
98 378
326 506
511 424
335 88
795 504
827 373
422 777
245 20
223 23
780 349
791 642
800 820
243 856
167 364
73 768
554 768
568 873
638 569
695 583
388 528
366 776
577 874
820 653
826 6
739 534
175 306
72 213
713 318
273 715
761 151
250 848
702 62
178 581
588 724
238 626
744 738
624 447
63 637
644 895
351 859
283 51
484 246
749 690
397 912
637 68
868 653
812 214
563 513
157 408
396 117
485 851
802 451
141 227
693 562
47 131
41 601
863 840
359 890
407 576
349 805
231 708
898 563
879 835
71 599
475 331
702 915
657 544
379 728
350 392
508 750
395 404
542 21
495 396
923 302
106 755
187 380
881 146
110 762
728 163
800 502
654 549
679 518
476 840
255 539
190 152
86 81
440 908
171 247
90 775
813 21
200 281
843 436
369 483
114 458
196 526
779 468
364 743
251 225
259 405
472 46
574 215
837 225
613 861
341 623
247 884
147 112
243 608
474 618
908 593
477 23
147 814
71 443
48 668
517 251
315 709
22 102
224 840
431 896
855 117
2 237
521 66
398 442
147 555
423 459
86 117
78 25
483 860
78 435
731 355
316 145
665 801
587 221
600 761
259 774
399 436
102 37
303 620
532 806
386 293
264 559
511 613
158 872
677 490
826 136
396 158
100 423
165 712
487 286
236 333
326 427
812 74
891 602
618 652
666 42
67 630
240 681
430 681
558 886
828 886
62 859
835 472
335 903
679 456
629 825
811 319
137 717
658 66
151 853
859 656
283 246
794 120
700 309
585 46
556 827
801 290
644 114
321 366
495 75
425 295
516 480
696 730
542 445
824 684
801 255
22 789
61 640
582 852
253 890
671 426
396 691
98 350
630 192
893 435
540 503
702 9
187 279
329 436
895 636
402 419
680 887
575 587
39 724
595 51
372 568
708 269
92 927
546 692
651 475
495 536
684 10
300 175
395 44
140 215
689 375
163 502
784 504
142 58
219 15
753 334
300 789
629 804
650 443
497 195
436 352
650 467
187 810
357 630
755 922
534 30
470 607
207 105
187 129
767 573
917 905
295 100
466 528
518 835
680 585
498 441
15 54
591 95
174 378
799 460
394 918
738 424
607 533
65 636
286 673
361 599
565 774
87 85
859 710
905 582
798 56
460 624
467 679
404 173
157 512
67 386
560 335
904 336
698 751
347 740
81 303
406 592
8 510
127 71
843 172
10 203
745 101
837 876
615 89
489 899
651 783
697 810
176 545
755 277
500 226
800 642
1 540
473 669
563 786
776 544
773 449
585 751
158 540
771 473
319 921
644 27
257 674
466 860
779 41
350 722
438 196
156 36
769 886
125 329
120 902
243 426
538 735
91 439
279 27
179 859
303 357
29 753
473 295
790 583
683 603
884 46
640 865
886 253
481 644
61 236
109 795
484 658
351 774
669 340
628 222
811 8
224 507
131 911
698 361
793 724
762 303
870 821
606 831
866 403
483 152
638 376
347 781
566 887
262 428
878 215
753 91
925 494
41 693
775 267
143 562
139 421
533 405
690 508
150 32
316 834
828 338
641 75
1 748
232 669
921 629
559 401
256 789
275 476
805 840
539 276
883 176
325 541
396 508
59 386
581 791
226 855
740 174
150 841
664 388
564 211
771 799
80 142
284 503
686 294
814 63
371 808
169 184
324 432
107 667
222 629
454 350
331 718
702 409
253 736
228 649
459 236
520 686
639 643
130 835
396 769
574 525
615 217
775 807
113 179
829 746
571 313
435 389
228 749
690 632
233 514
845 429
456 837
853 113
386 56
182 926
733 95
45 490
549 771
587 892
666 472
515 829
895 77
429 809
426 142
293 600
599 326
323 67
300 578
119 392
20 241
732 476
550 315
305 211
639 822
172 361
222 515
883 253
463 296
703 202
569 784
239 521
166 216
27 288
535 451
622 847
618 826
835 160
307 795
641 665
462 389
677 370
631 654
109 398
111 796
489 379
418 231
720 777
70 600
533 134
695 774
524 592
233 837
694 140
804 839
846 510
86 718
820 454
872 566
54 616
646 32
649 874
385 312
372 543
327 730
633 778
255 512
10 831
727 690
638 356
183 8
469 661
541 262
385 89
293 108
739 87
20 344
355 842
794 90
199 755
781 442
491 141
747 544
514 517
587 12
846 313
885 469
279 388
697 143
192 75
480 164
290 618
248 358
229 119
185 506
335 867
787 662
744 277
824 770
749 200
477 856
746 624
473 233
847 666
872 566
391 279
470 397
502 410
415 264
29 871
339 281
160 32
844 702
518 282
854 41
141 370
295 493
747 211
119 361
264 27
514 799
436 567
55 413
554 386
244 146
311 239
274 715
769 165
777 644
748 164
643 481
471 204
614 479
866 247
895 476
329 647
748 873
114 905
653 461
868 52
782 723
360 825
922 601
758 447
535 273
767 393
512 139
618 782
234 81
325 847
415 68
906 296
370 215
398 32
803 906
246 524
777 253
514 394
23 765
563 62
605 449
432 200
432 622
334 478
906 766
305 708
338 691
354 160
350 124
877 245
583 550
433 553
567 53
705 467
518 297
551 591
765 612
673 512
527 893
816 89
411 817
659 746
738 261
645 910
13 377
599 429
83 453
484 325
665 529
653 18
888 580
773 107
482 501
454 571
775 823
459 153
825 858
217 376
627 391
434 645
803 891
146 630
666 269
392 577
128 15
127 553
541 568
888 584
71 449
682 693
223 923
640 136
82 892
424 573
285 624
919 502
501 650
626 202
750 673
537 108
182 253
137 818
551 747
540 656
782 518
155 682
650 674
313 300
902 98
533 310
643 609
510 799
755 506
235 895
692 889
618 136
120 622
593 547
117 419
765 126
372 115
555 526
776 123
265 399
550 444
376 330
808 878
738 485
180 179
308 309
116 103
705 638
383 922
387 458
836 645
442 42
889 33
734 101
215 733
342 709
331 388
657 760
530 842
117 218
272 28
654 754
715 425
813 891
248 446
58 370
366 401
658 706
367 85
618 48
831 505
389 794
265 407
409 276
1 364
157 218
274 376
139 103
576 736
352 894
482 279
527 441
169 358
784 908
577 86
804 709
154 74
381 74
277 542
691 216
553 649
99 154
101 255
427 298
912 787
834 177
148 200
573 269
6 573
61 778
108 125
692 534
300 865
235 23
110 552
156 809
432 544
675 68
735 316
132 270
603 353
318 746
778 464
588 16
374 75
549 422
309 658
587 12
341 396
48 583
637 40
343 753
718 364
716 805
275 22
386 777
51 661
894 210
805 654
468 467
350 852
126 637
449 723
399 296
135 524
561 817
514 289
146 135
139 588
894 532
138 23
79 516
145 784
338 250
922 867
869 670
32 450
147 679
785 262
926 467
456 626
688 1
358 255
47 725
732 724
530 507
414 450
817 299
253 489
19 430
372 407
724 144
407 711
780 564
325 443
848 73
458 645
709 362
275 791
371 82
615 805
904 191
843 748
837 43
746 170
918 771
59 656
475 889
301 502
412 373
21 442
176 694
598 308
629 339
510 54
57 234
872 799
126 435
745 835
114 283
417 267
630 910
773 652
766 402
706 846
248 637
73 370
174 299
760 227
561 1
851 253
770 501
397 281
830 74
119 161
412 104
524 182
102 462
50 550
408 193
720 20
188 565
435 865
556 443
755 250
112 175
389 537
699 448
420 588
91 96
132 21
344 702
908 131
838 910
829 300
845 465
456 325
235 555
45 682
900 135
273 26
487 583
833 879
731 875
219 238
760 921
840 478
565 120
641 199
730 122
376 524
847 95
431 722
680 691
324 552
317 557
834 613
558 618
794 119
369 181
401 289
228 565
122 346
124 14
85 813
653 721
897 477
895 451
56 74
436 11
811 676
669 172
174 457
910 134
242 172
429 17
219 594
201 69
586 834
565 395
578 509
205 807
589 552
123 38
305 41
478 644
411 677
920 341
559 360
116 585
317 171
478 509
879 285
684 317
405 106
259 8
142 297
345 469
386 420
506 877
130 528
14 428
791 30
152 78
49 304
900 222
673 560
704 738
85 541
822 312
805 493
861 9
118 852
235 49
29 139
232 80
502 805
861 551
649 471
864 58
863 363
611 571
202 621
668 120
412 360
348 644
890 911
236 803
158 449
331 380
496 126
452 302
337 470
900 163
185 22
492 305
791 675
781 274
11 439
356 308
251 843
166 670
458 405
139 476
201 69
591 821
416 336
270 153
223 20
477 91
716 590
200 12
898 314
493 892
58 401
712 788
616 314
879 905
486 519
189 559
503 188
315 628
774 906
613 135
665 492
267 778
693 274
709 440
190 671
824 526
63 760
223 871
875 193
104 628
800 608
597 855
232 175
197 506
877 563
739 842
279 701
120 60
392 818
100 30
287 346
32 757
380 357
61 97
415 912
912 661
650 364
457 443
908 581
765 381
604 159
615 775
544 776
744 11
692 99
105 236
680 825
474 753
867 751
753 618
387 226
683 510
805 692
280 432
847 420
3 794
732 888
436 882
146 98
618 401
144 429
789 29
179 696
90 852
437 537
342 89
13 776
600 629
125 145
670 338
178 719
863 624
776 157
436 654
658 859
706 6
164 432
407 39
407 162
586 791
448 8
352 646
630 315
556 591
350 841
640 311
845 618
530 320
655 596
856 601
649 55
198 702
761 744
172 283
856 46
76 319
734 63
445 568
324 62
769 826
416 869
578 636
836 433
728 121
782 23
769 2
91 146
714 315
879 482
910 277
809 164
511 413
831 498
378 213
308 99
485 204
190 770
334 80
588 511
239 177
761 606
387 469
697 142
19 391
730 625
62 866
98 481
552 873
269 387
10 498
73 490
55 245
660 455
369 820
793 644
813 610
64 186
249 737
66 448
371 808
541 380
62 268
394 693
111 426
920 378
772 381
488 569
663 421
748 553
660 593
380 834
909 350
755 65
288 466
813 250
683 666
520 472
705 333
575 635
563 691
271 379
744 138
765 384
758 350
278 553
775 334
359 317
893 590
556 844
532 188
412 852
358 858
215 775
113 17
497 327
363 384
219 211
365 922
146 828
726 372
136 151
543 147
186 721
109 757
821 198
740 74
85 468
33 818
537 36
640 177
78 506
850 460
81 518
26 635
294 261
549 8
151 162
352 43
609 191
640 774
43 840
615 903
780 247
255 290
443 512
735 855
643 475
920 134
490 158
907 914
468 450
336 698
379 467
632 291
756 776
234 140
564 785
868 804
86 328
448 743
666 130
238 90
848 703
403 362
248 101
817 51
732 697
221 339
466 295
138 909
859 625
28 315
145 576
902 326
8 531
480 5
245 349
592 25
107 591
60 742
376 50
184 463
725 157
888 425
566 652
563 57
279 204
485 840
483 203
452 193
683 574
464 95
358 849
756 92
743 879
536 866
283 374
530 435
695 800
921 523
211 773
711 173
738 418
47 746
815 587
390 710
627 350
380 834
690 538
920 720
189 496
880 163
201 744
826 719
319 520
199 724
753 315
313 677
328 851
113 124
527 418
437 158
390 862
672 519
164 478
181 504
601 677
823 793
790 746
380 894
259 547
358 458
557 815
644 25
729 236
191 590
711 389
198 427
178 781
315 560
87 919
480 337
627 687
514 419
732 110
819 765
471 318
34 872
535 409
606 558
341 577
676 564
500 821
527 585
896 767
415 726
564 408
715 423
641 28
61 857
356 923
294 125
313 445
76 563
151 11
386 211
238 622
165 901
678 359
384 675
868 565
70 301
836 487
818 37
485 126
727 603
359 409
823 739
687 117
304 91
135 581
327 905
357 209
496 873
824 535
433 571
566 251
319 84
331 399
432 569
546 124
605 746
704 307
429 357
653 917
195 699
392 917
554 592
270 458
797 791
745 364
752 563
402 124
742 423
352 823
742 191
786 562
525 568
396 605
851 568
274 41
575 428
356 377
666 191
862 614
31 228
302 836
780 327
88 23
277 137
923 448
616 552
597 692
304 264
771 522
450 289
363 661
632 807
7 162
908 212
389 171
379 435
710 666
721 155
754 459
703 574
617 395
646 237
425 511
187 148
166 767
495 662
112 699
194 709
863 574
650 237
774 857
18 870
371 100
121 298
284 520
487 271
273 174
536 696
711 316
919 222
53 382
487 378
741 660
318 263
11 97
316 921
498 406
347 560
83 287
478 347
799 378
191 722
433 313
576 579
220 167
605 488
613 22
876 368
327 355
149 546
75 817
304 265
795 341
458 155
498 319
537 505
382 498
420 350
457 470
778 425
382 32
854 80
270 615
169 40
54 468
852 7
696 574
400 100
492 665
735 790
286 509
526 384
172 120
574 568
629 812
614 335
55 345
483 168
643 40
517 103
425 726
128 365
416 502
116 877
102 147
100 553
256 697
246 88
563 14
638 132
838 621
671 628
550 474
856 858
161 120
739 21
319 397
18 276
680 268
723 566
536 721
320 579
412 712
706 922
257 718
332 98
383 715
61 281
351 603
471 105
325 695
225 69
539 2
52 822
274 344
573 211
570 116
386 833
428 821
227 743
553 898
157 340
895 8
568 883
863 621
785 600
550 488
228 63
177 500
911 783
516 331
582 482
628 581
17 233
107 15
392 565
651 842
744 362
102 534
57 561
428 648
614 650
324 396
912 885
888 254
799 7
88 687
905 488
221 63
298 753
752 315
852 655
609 399
795 472
817 194
660 23
72 329
898 359
908 39
497 615
332 571
281 57
378 29
398 357
850 840
129 169
216 564
145 683
531 141
544 767
13 451
745 380
764 440
684 920
881 859
310 885
90 176
513 639
257 877
795 461
369 672
3 416
359 689
387 636
653 387
558 803
598 552
692 121
59 736
434 892
74 833
877 217
561 613
547 103
124 362
79 139
903 263
470 891
577 121
22 354
375 577
780 96
853 803
153 209
435 315
79 398
844 510
869 442
229 697
257 312
698 264
36 753
766 346
122 15
767 461
73 810
792 451
881 132
844 335
500 707
170 903
66 918
313 236
328 527
479 23
241 362
94 493
111 301
713 142
12 593
921 141
823 549
563 557
105 905
150 17
75 429
531 443
835 397
271 588
521 62
908 625
455 103
124 255
849 453
695 337
428 17
827 880
621 607
502 822
379 30
925 738
170 920
235 735
399 508
257 347
364 338
868 391
417 297
445 376
911 172
457 488
623 246
407 61
85 742
819 627
175 413
247 69
92 750
221 360
214 281
751 829
269 315
498 885
31 105
448 377
273 663
808 785
543 205
556 924
570 189
152 913
704 638
755 100
848 107
264 59
803 840
510 206
417 360
153 204
880 875
125 102
606 153
284 134
23 430
655 575
695 916
906 602
6 690
749 32
644 327
585 392
152 378
360 109
395 865
163 94
596 642
616 53
135 507
644 214
363 544
520 555
81 130
777 563
469 585
427 630
907 564
400 53
884 191
348 208
314 112
152 4
643 449
508 249
403 795
349 687
114 437
313 133
823 90
698 51
604 927
522 270
309 82
173 908
96 850
470 105
288 654
298 769
717 878
460 413
753 568
923 926
384 99
335 35
14 497
314 309
631 625
220 755
209 836
288 846
925 253
130 346
258 348
716 666
48 844
425 732
644 153
592 793
228 339
833 143
350 131
737 242
185 636
897 309
870 188
298 375
866 33
825 387
121 606
863 305
862 843
64 718
133 296
660 495
810 138
750 377
513 897
536 892
218 555
476 577
380 815
341 312
179 898
440 769
877 613
35 826
176 474
512 903
894 190
207 494
926 396
557 325
555 127
913 647
531 923
205 19
835 307
39 230
854 139
672 300
230 138
566 855
868 3
710 474
69 148
103 181
225 568
114 843
372 796
430 463
79 653
433 573
766 400
862 47
153 48
118 117
819 238
60 861
750 408
652 502
268 781
353 106
486 340
640 366
621 875
676 666
215 80
711 223
767 699
335 558
275 95
115 514
170 474
33 917
832 618
305 868
776 869
779 90
927 711
310 646
287 214
804 378
440 257
248 177
327 563
611 519
592 750
163 441
376 909
404 45
762 745
468 767
167 76
433 829
726 77
134 180
91 168
590 622
731 891
453 360
28 379
366 594
398 325
105 65
101 478
187 426
421 449
637 110
890 206
861 751
564 121
389 128
927 358
697 717
791 858
348 368
773 615
445 638
86 493
6 340
163 870
353 242
659 491
101 528
42 271
85 498
690 312
99 221
462 638
923 241
157 844
880 756
241 482
780 911
596 126
388 290
389 528
128 700
630 157
55 128
896 706
532 436
481 97
428 205
761 858
677 399
284 568
99 542
500 521
370 366
50 505
732 241
667 751
326 426
625 726
739 447
241 898
270 741
361 437
39 547
251 304
22 100
337 725
757 737
101 259
863 88
644 166
317 691
837 128
758 855
641 103
411 68
132 615
47 644
312 746
86 186
24 420
157 185
812 130
383 104
66 321
736 551
665 209
329 129
58 203
284 9
56 494
374 696
275 35
697 635
594 910
682 381
559 704
106 108
360 343
16 579
666 255
351 59
564 390
180 684
125 885
894 105
685 331
706 284
205 507
633 396
676 36
400 746
410 322
265 898
677 429
391 779
445 215
920 267
575 214
496 855
639 81
874 284
118 715
473 559
152 779
830 750
269 696
694 518
291 591
312 529
852 818
26 313
136 705
617 252
31 79
359 553
599 98
925 242
637 237
36 68
744 782
448 293
150 434
127 140
890 95
200 650
256 447
619 558
736 699
88 325
315 561
697 812
442 583
809 869
809 460
444 12
653 870
714 228
900 399
424 325
562 119
242 366
239 479
262 347
430 772
284 319
614 55
350 847
146 254
731 485
43 688
872 10
867 80
602 479
779 442
541 155
15 326
206 176
333 169
827 385
160 641
597 688
55 642
381 477
299 824
435 154
542 81
442 482
619 403
306 552
508 899
353 907
36 657
494 844
883 88
153 499
346 300
279 104
331 648
348 343
163 638
495 287
137 81
90 320
713 470
523 347
298 715
110 210
367 129
699 922
737 307
40 894
673 881
152 628
83 689
885 790
165 160
705 407
811 512
281 657
41 751
505 650
106 879
319 899
749 227
803 52
492 314
136 540
211 386
537 393
41 823
136 285
213 700
188 8
626 304
241 852
786 760
460 332
649 341
766 641
62 751
914 262
139 10
922 193
514 322
619 556
278 285
459 72
853 622
851 546
745 147
446 99
67 752
863 166
156 43
464 139
139 830
131 800
664 693
171 310
82 100
736 74
145 555
224 213
732 471
275 64
899 662
921 117
125 70
906 491
134 884
116 902
716 465
769 517
185 188
584 475
612 507
851 119
477 430
314 407
306 373
315 112
261 422
740 634
664 826
379 596
245 819
461 256
155 662
148 503
778 303
81 747
741 870
670 28
426 868
887 531
869 732
417 807
734 464
706 891
574 493
359 586
811 486
316 80
39 606
316 445
752 909
409 709
81 248
396 660
447 772
460 727
222 789
866 637
677 275
79 83
123 293
881 148
139 843
230 430
598 689
660 477
793 378
424 560
453 311
310 580
26 811
687 173
594 849
848 333
817 285
630 332
566 8
455 33
646 565
409 507
376 894
259 653
650 643
383 198
796 300
612 594
140 190
205 393
475 365
326 642
1 45
873 827
841 694
600 572
419 361
505 677
643 795
767 507
748 630
144 120
123 741
638 42
371 237
244 893
844 424
452 430
616 794
805 349
879 645
212 387
247 581
846 794
218 473
540 416
376 173
246 717
27 891
226 898
55 198
765 541
362 171
333 658
296 609
241 6
150 826
622 853
814 583
429 93
914 781
16 28
646 412
786 465
512 546
266 893
111 151
723 438
82 620
223 447
8 387
785 267
603 844
543 103
631 104
640 302
701 12
365 113
365 780
259 868
87 29
651 549
456 136
65 476
486 526
721 319
85 20
356 325
618 394
11 132
787 435
50 701
792 572
139 734
37 491
259 661
131 431
341 568
540 94
534 746
255 562
689 872
384 447
554 614
431 70
128 291
525 850
24 273
527 800
569 485
680 403
747 867
554 548
429 6
435 53
162 179
464 440
424 750
624 748
281 91
547 854
360 307
156 321
44 476
347 682
831 65
481 627
391 858
840 706
613 133
398 318
704 592
281 231
259 365
329 245
171 865
109 682
320 501
699 525
173 598
71 601
185 708
351 280
197 346
88 672
886 413
175 470
923 154
926 786
75 568
450 185
870 88
501 76
247 333
317 810
577 363
21 61
326 836
43 69
293 845
603 909
827 725
542 232
645 313
448 655
767 127
736 326
314 58
688 196
163 202
596 559
913 895
118 179
739 490
910 474
31 658
510 444
813 709
285 912
459 366
355 765
666 654
472 792
820 408
724 576
779 201
864 759
43 283
467 396
390 457
773 829
789 347
286 445
140 73
326 177
91 600
463 582
759 176
546 862
666 564
364 200
139 424
118 698
112 510
724 296
173 288
333 10
442 781
854 716
906 658
444 402
67 625
927 644
906 836
200 56
181 826
566 558
169 350
738 203
197 444
911 807
696 795
203 912
635 906
458 13
811 721
522 873
570 189
329 121
149 138
167 681
136 320
345 27
760 791
123 262
612 708
555 85
255 604
538 440
720 879
776 96
473 320
159 167
266 480
90 76
556 595
404 730
719 48
374 488
211 38
491 67
178 401
75 708
488 414
320 418
57 795
760 620
786 442
909 680
403 819
795 428
798 319
492 680
380 328
166 511
421 667
427 192
841 613
586 146
377 218
159 481
327 86
664 744
755 463
180 220
434 492
221 49
896 659
532 192
327 490
415 147
722 420
299 170
745 648
845 885
811 355
806 822
279 724
675 775
441 195
379 516
856 200
373 398
886 570
633 812
584 883
253 578
9 834
515 631
771 186
6 701
153 343
435 81
763 796
139 244
348 719
339 240
411 491
481 800
667 68
160 390
345 449
217 131
898 764
620 842
140 900
46 522
857 357
730 592
327 216
679 872
171 456
64 778
684 238
390 619
115 135
126 782
235 164
203 287
222 743
69 601
108 240
700 540
349 301
900 5
174 53
557 202
377 503
659 631
468 47
103 498
655 212
711 770
646 487
497 334
734 918
706 492
886 769
90 258
186 276
386 516
158 516
401 461
822 246
446 294
802 644
300 801
416 206
560 593
604 752
179 36
313 599
398 796
223 729
80 2
216 137
326 648
902 592
273 181
352 530
719 5
124 903
235 4
660 429
108 96
615 555
47 824
435 917
211 121
494 95
51 433
625 88
433 134
215 810
538 705
318 366
556 484
89 96
433 101
747 777
32 694
26 323
59 110
770 767
387 710
484 26
894 456
482 824
310 492
328 304
332 730
223 502
904 90
822 551
187 227
901 288
560 684
82 911
497 410
835 74
665 852
151 239
274 914
454 219
622 421
785 48
869 655
586 242
732 118
287 181
539 586
425 606
189 712
647 246
291 4
802 219
870 363
799 522
479 544
770 481
335 260
619 442
321 679
201 730
110 343
247 10
767 829
214 751
383 512
242 364
257 141
922 232
782 566
110 507
46 599
733 774
371 530
419 639
449 38
849 702
320 249
837 118
567 103
177 138
853 430
672 204
619 261
590 735
542 269
586 324
764 748
305 352
291 273
8 547
416 725
116 653
449 666
830 34
262 657
504 405
405 908
795 812
122 658
362 216
412 911
477 834
504 576
817 182
438 162
841 529
374 463
345 526
636 175
718 76
679 543
208 587
361 650
129 486
913 62
891 895
663 22
882 320
621 83
456 500
385 308
376 96
140 376
453 142
248 281
27 155
852 700
542 824
29 220
927 453
911 442
770 732
104 469
271 213
798 523
245 282
209 617
880 315
248 373
506 87
303 443
24 169
309 394
887 462
138 834
674 57
486 390
701 778
580 792
366 430
457 364
11 108
497 664
718 465
440 751
734 201
543 885
737 568
257 732
648 495
183 498
161 920
679 77
462 664
635 689
319 537
495 255
454 370
344 162
888 677
497 552
74 44
599 119
667 861
415 54
327 5
562 260
260 305
136 316
870 735
386 903
785 663
750 781
765 81
81 324
779 407
492 136
291 729
79 924
738 706
303 432
238 772
807 155
667 838
546 762
871 410
674 645
644 35
446 33
421 125
352 422
82 427
298 125
335 810
367 361
105 24
874 323
728 538
875 671
700 921
364 516
676 428
156 125
583 738
731 386
836 230
612 903
39 25
263 905
347 897
536 510
317 586
31 329
593 417
149 887
27 153
496 686
370 412
669 785
271 847
760 791
454 627
91 504
742 36
309 158
914 372
734 312
669 82
364 302
927 12
421 860
867 749
672 771
137 104
319 149
927 624
331 600
98 184
388 861
42 98
812 549
458 586
785 145
213 420
730 44
582 453
288 74
63 507
791 737
782 550
154 775
137 280
585 521
546 217
491 550
493 68
557 68
116 800
300 366
812 585
6 497
368 860
724 776
531 332
186 618
496 760
671 467
587 463
852 674
244 441
759 414
749 671
816 540
820 421
341 567
731 316
720 102
693 822
291 389
27 198
20 229
558 908
489 633
553 513
320 255
490 838
351 13
259 131
112 280
602 110
170 423
119 120
892 847
112 686
476 581
258 737
174 738
624 401
195 759
603 58
724 534
225 889
747 510
520 842
893 519
534 589
213 417
656 546
590 625
699 383
68 381
717 58
703 697
761 478
703 473
747 458
433 64
382 594
495 541
157 191
460 50
766 320
149 886
323 172
143 313
137 291
631 616
706 746
635 27
844 829
383 45
845 503
669 389
610 508
6 423
667 190
877 10
254 111
605 198
657 550
874 359
484 39
463 100
794 511
567 156
901 369
704 634
124 248
97 901
907 878
758 886
875 81
194 655
734 124
15 647
719 333
685 271
437 34
107 628
94 337
327 924
369 505
890 548
573 773
721 529
720 896
346 145
454 619
760 168
850 675
200 729
480 32
857 632
387 77
169 824
758 755
16 125
58 177
220 106
804 182
816 868
555 705
206 655
339 352
54 581
89 332
70 146
495 505
777 760
280 568
506 663
294 293
673 466
356 162
877 255
173 85
55 82
132 570
148 401
321 60
356 825
267 3
755 854
223 6
680 656
547 663
778 898
249 608
577 79
460 695
440 675
834 779
676 706
184 45
408 67
707 582
201 708
531 188
125 849
271 731
157 250
163 583
465 36
689 159
801 410
836 107
318 458
439 781
383 162
607 76
160 571
632 154
178 624
581 749
313 257
369 542
353 94
668 223
826 56
380 430
681 337
890 686
785 300
736 564
147 661
642 406
226 869
353 182
598 757
866 529
762 248
874 734
57 152
378 434
530 900
477 498
314 160
50 807
857 499
807 676
141 819
793 337
17 306
158 326
744 388
568 217
514 915
311 853
538 567
834 672
220 55
344 116
356 647
17 30
746 533
551 151
4 882
20 397
534 473
190 414
460 224
902 539
529 538
896 574
216 475
447 16
49 199
685 63
197 275
354 145
714 424
91 684
20 322
665 62
689 197
344 52
734 617
456 907
97 124
115 151
158 39
375 879
795 49
849 792
35 749
515 556
698 227
513 676
750 284
185 477
378 169
171 41
488 609
713 62
886 410
768 307
146 386
301 691
229 494
274 916
240 678
709 194
724 186
168 678
129 891
448 222
404 683
501 378
464 908
813 20
878 107
846 355
546 502
80 606
92 250
814 202
301 325
860 222
388 713
223 593
838 319
30 449
18 112
430 397
718 230
870 914
323 763
883 303
511 624
817 720
716 402
697 799
143 780
888 382
332 672
576 286
279 192
189 627
620 687
318 695
702 910
749 428
218 342
138 141
845 18
820 814
170 234
496 211
149 620
621 842
141 704
420 354
272 801
914 607
80 838
335 742
893 268
603 437
606 283
709 413
485 321
104 595
71 197
856 166
152 392
393 47
706 45
635 780
802 804
47 208
396 106
263 588
90 881
539 644
455 746
529 238
664 687
554 898
389 645
417 139
170 858
917 665
215 771
904 650
109 708
348 844
791 604
770 52
34 678
330 917
349 354
254 162
342 621
631 290
104 806
780 764
911 205
507 632
523 788
225 541
503 35
669 890
118 258
712 798
70 783
582 668
400 373
512 23
797 863
476 744
517 917
15 472
300 656
523 391
889 124
328 634
428 268
471 268
81 66
328 495
212 323
610 95
838 119
462 156
881 816
249 361
810 691
784 518
77 151
116 134
892 649
369 774
87 745
1 786
820 370
611 16
506 77
808 214
97 314
666 247
454 235
433 699
154 764
739 433
186 787
535 38
234 792
723 845
283 656
789 141
303 697
71 284
859 332
355 275
358 552
830 308
819 888
259 762
28 531
70 343
749 307
125 12
62 120
387 500
650 548
535 416
660 495
863 860
313 169
839 148
484 365
927 102
129 918
786 162
701 28
162 127
191 128
133 399
320 633
530 618
590 693
851 650
867 351
464 1
22 322
321 184
797 185
528 805
829 509
769 202
714 66
642 617
87 220
412 508
366 828
710 625
275 216
243 170
736 853
453 703
628 277
816 127
585 72
847 478
66 273
499 563
278 230
620 497
350 787
219 484
769 556
664 31
267 816
600 796
582 103
759 291
202 809
331 801
45 589
738 525
185 710
16 493
451 772
616 762
708 474
297 870
227 496
396 787
62 584
386 244
555 708
211 48
640 255
11 145
606 587
350 207
78 44
890 126
31 664
429 584
544 802
147 701
706 225
309 730
476 746
767 472
570 699
668 431
697 190
406 221
437 810
621 911
331 488
361 452
830 460
418 40
821 453
213 854
381 103
273 694
175 667
785 351
409 73
837 259
833 322
780 615
217 664
754 407
446 211
811 872
884 423
211 802
328 215
704 147
159 128
916 388
583 290
596 498
544 160
214 498
251 14
254 678
471 213
322 156
528 845
702 536
324 218
224 247
394 54
124 690
864 26
160 795
22 465
546 85
575 166
390 316
885 399
657 852
773 133
296 754
298 113
180 53
834 2
115 119
281 268
474 495
349 99
516 232
587 374
651 719
655 46
510 505
721 695
254 265
293 167
796 433
30 459
318 42
775 155
266 904
923 217
200 186
884 170
341 636
185 98
126 499
245 358
264 898
276 489
861 562
8 169
436 574
409 608
165 831
675 157
857 802
350 412
609 412
486 487
717 60
320 885
322 882
804 395
853 458
179 337
799 173
848 567
422 663
315 903
320 289
491 553
548 868
34 230
392 301
465 45
894 81
646 103
137 152
140 250
301 18
543 116
16 124
346 921
287 468
468 786
288 297
419 828
676 305
640 717
812 751
458 304
795 857
718 391
282 456
364 33
376 719
488 599
387 868
643 168
203 360
754 143
582 896
290 598
925 208
520 391
458 306
396 871
291 734
782 384
701 238
6 658
387 797
9 653
659 433
690 532
180 12
582 526
327 448
525 430
126 608
495 553
366 457
75 776
785 441
161 831
808 498
183 142
611 435
154 584
340 306
496 733
84 92
291 786
624 243
249 740
861 486
237 7
85 463
514 919
142 742
294 601
409 631
565 291
568 897
595 335
267 710
96 332
783 185
85 471
318 642
502 245
124 782
777 675
22 417
68 859
345 553
842 49
842 841
606 847
876 119
420 272
326 554
785 193
530 132
604 164
562 706
522 875
449 510
818 718
699 508
178 383
920 236
924 849
398 141
143 807
311 165
641 743
689 868
745 764
795 107
133 676
689 875
669 346
256 226
848 46
353 863
555 906
520 7
21 280
706 435
213 714
171 274
245 441
176 491
732 75
383 709
806 844
167 906
181 141
148 721
63 873
790 44
240 921
74 811
477 218
173 610
103 13
881 420
838 444
209 567
761 644
477 176
879 904
176 717
768 480
911 661
771 728
260 778
439 37
909 392
873 296
231 851
703 298
258 150
746 562
39 546
420 740
62 495
804 631
576 737
145 921
403 611
321 287
684 782
249 193
48 223
63 301
84 243
273 290
617 594
76 30
882 768
153 440
783 98
39 491
810 920
243 334
641 531
9 707
519 347
473 119
851 427
592 267
41 335
167 266
301 313
261 868
121 23
441 285
228 251
289 610
81 80
56 90
496 154
692 89
916 594
850 446
189 148
653 731
691 893
550 874
466 252
174 696
773 654
455 255
743 771
831 102
237 849
724 855
426 393
158 311
598 318
807 128
285 211
101 355
847 866
374 569
698 647
893 563
152 605
426 116
661 541
876 807
347 453
399 217
48 762
381 87
611 432
528 266
227 205
722 185
827 305
515 202
232 634
906 607
244 171
305 95
128 114
345 865
484 449
79 223
440 117
194 570
360 467
628 528
813 781
207 211
628 851
573 378
554 128
250 6
797 593
313 646
798 803
55 746
194 142
395 118
281 647
430 909
383 62
630 290
431 732
304 626
645 729
595 354
471 394
424 746
722 463
138 295
871 194
871 761
271 196
453 636
102 546
699 643
5 859
202 757
206 690
636 882
740 158
686 790
225 289
556 617
17 548
139 386
542 378
23 199
547 489
301 108
133 341
393 517
3 360
172 222
515 786
165 464
513 810
9 333
486 753
68 133
18 328
693 703
741 190
771 726
615 855
367 886
876 419
131 17
761 49
526 490
359 37
369 918
476 269
233 503
703 708
280 841
275 768
387 456
651 300
388 209
267 677
308 490
228 637
804 760
455 268
173 775
638 611
815 800
308 707
386 218
52 240
437 883
555 392
203 221
10 250
475 647
569 743
625 762
257 250
610 420
548 535
639 143
227 229
90 69
459 745
340 466
417 245
916 154
480 605
648 687
691 196
873 138
273 581
574 258
569 733
456 638
46 606
729 165
162 756
894 532
797 855
428 311
137 871
119 2
140 675
351 537
284 52
152 894
422 147
233 413
3 273
278 562
912 243
238 707
514 146
41 9
691 632
465 589
836 315
867 330
96 444
725 796
465 618
289 766
2 214
696 537
910 598
365 729
387 335
61 854
224 858
813 519
520 525
634 679
713 607
793 664
507 877
359 409
303 269
330 440
774 498
360 305
49 836
30 835
29 37
696 588
651 857
206 391
905 780
52 113
778 330
646 66
491 410
848 560
28 466
731 37
422 267
128 247
915 540
744 910
136 455
161 751
246 2
877 171
331 355
846 358
694 762
506 59
798 438
99 848
713 915
696 186
463 483
905 695
381 518
125 110
105 612
226 501
86 204
514 689
29 263
277 316
447 300
182 172
113 866
641 889
600 19
325 395
527 724
479 374
459 294
650 164
6 652
781 504
793 849
95 491
38 532
383 899
143 381
840 885
607 514
548 564
454 393
284 100
642 165
59 871
915 73
573 745
536 601
507 262
353 860
125 313
678 598
474 195
446 630
535 426
544 277
658 800
448 270
751 168
891 64
95 376
391 884
299 563
144 706
433 504
110 684
850 744
759 439
314 545
461 551
722 872
585 789
717 83
851 176
754 437
161 4
726 596
209 610
653 370
516 553
88 126
237 380
128 232
568 690
385 780
471 915
347 111
197 461
519 367
614 905
592 549
393 875
893 335
107 490
682 880
422 581
542 176
618 858
2 346
189 584
422 64
548 391
64 810
907 581
327 270
862 472
926 301
139 855
292 49
574 25
511 588
845 482
202 559
799 420
177 642
354 860
479 288
93 819
306 846
163 93
899 727
622 161
707 748
19 106
180 395
679 441
718 887
570 591
666 293
117 818
528 315
432 156
266 141
383 310
580 200
334 41
656 476
555 86
121 172
805 231
41 664
486 553
100 915
501 213
318 854
299 764
364 448
503 470
873 605
909 769
337 14
748 232
752 519
468 214
822 915
540 352
677 799
176 549
414 26
381 480
215 493
241 502
317 619
746 472
539 441
182 649
89 847
637 755
854 443
465 208
595 296
438 205
17 135
287 119
504 524
45 528
464 466
64 198
475 920
118 815
861 310
108 538
786 367
247 76
620 686
19 818
95 146
856 504
110 378
696 50
672 132
157 682
901 345
83 279
506 702
594 712
318 433
488 882
175 867
670 177
124 464
249 66
838 860
639 398
629 372
865 605
416 293
718 284
231 752
748 601
447 67
821 196
214 280
514 896
356 165
396 292
180 22
891 297
287 461
654 548
533 536
755 622
234 881
766 559
326 395
431 568
163 503
456 640
22 549
129 865
601 494
45 843
458 152
587 33
519 475
411 153
863 254
641 334
572 421
131 780
889 59
366 377
298 123
29 859
712 810
368 759
8 201
508 635
142 845
898 915
198 277
144 479
432 901
488 447
350 120
545 221
894 462
61 350
357 528
297 179
562 90
395 221
873 919
799 224
750 357
136 356
53 479
245 11
693 484
325 193
832 709
826 206
98 326
878 100
182 336
474 742
374 231
520 532
406 277
603 897
676 213
314 592
625 63
863 491
695 583
850 141
731 84
696 148
248 490
129 76
215 69
662 716
669 580
37 687
477 50
386 772
303 843
250 544
317 519
32 743
752 858
372 74
487 895
719 547
44 440
117 921
888 143
600 426
80 476
513 824
254 278
196 394
293 663
883 757
756 392
381 586
60 654
642 384
740 575
903 925
893 57
538 31
747 640
893 894
482 921
260 47
464 713
319 601
120 656
270 742
712 883
539 396
97 651
385 374
101 332
909 223
476 791
491 591
163 725
482 534
877 34
865 200
758 580
429 649
625 671
52 835
716 905
813 456
275 881
296 49
103 252
348 314
637 476
322 579
426 705
901 459
783 353
688 176
86 708
195 765
729 258
356 425
308 882
16 386
564 778
429 218
547 828
809 860
647 731
633 621
924 910
788 765
159 280
607 694
342 927
91 919
898 139
54 613
173 482
576 737
2 334
554 423
563 822
45 82
607 227
137 90
435 21
511 128
544 914
919 548
177 858
906 381
905 33
419 93
418 505
323 765
806 769
233 736
461 616
104 656
613 237
33 173
367 775
709 381
877 179
510 588
764 529
591 430
897 422
226 149
41 830
44 481
798 771
496 43
179 238
420 438
409 675
639 663
829 859
892 34
15 269
856 162
105 825
394 152
879 580
499 291
747 187
183 360
283 188
755 158
589 686
757 448
648 255
877 227
329 496
309 505
237 456
690 13
224 284
244 341
220 522
190 847
516 708
560 284
86 407
615 3
438 900
189 83
532 315
893 628
438 847
215 553
662 797
791 810
132 458
832 462
788 474
7 719
423 288
351 238
550 750
96 499
850 536
184 799
121 180
643 875
17 770
372 50
868 635
795 676
813 918
702 857
596 660
370 119
428 200
93 888
557 890
497 65
512 758
699 337
18 470
724 782
832 492
744 2
834 222
517 878
926 696
327 769
347 492
602 749
255 562
906 515
738 333
7 648
176 472
723 637
33 398
770 825
122 454
461 301
389 225
421 546
889 372
155 2
435 145
520 171
27 569
606 84
262 272
88 392
291 298
508 95
305 534
764 103
140 55
376 97
331 854
27 782
224 256
259 93
263 835
137 259
427 537
335 383
422 280
916 9
163 244
142 342
31 626
686 485
274 770
129 486
699 135
412 605
531 196
892 898
60 656
690 587
500 767
160 446
491 552
149 809
672 589
709 445
766 98
532 159
56 551
163 403
548 159
151 806
915 19
483 584
112 358
391 668
320 674
853 357
1 342
249 16
532 696
552 613
695 285
908 909
310 331
430 199
311 228
193 814
432 39
90 433
583 102
265 235
677 696
214 496
598 60
313 464
900 381
576 739
657 166
838 219
63 442
674 55
920 925
652 470
273 358
319 619
916 261
307 557
195 868
626 535
728 480
78 833
646 795
388 823
468 769
401 707
414 174
235 478
305 201
893 86
399 866
348 774
210 381
369 581
477 625
881 846
444 22
226 16
311 353
682 351
258 317
226 621
85 629
440 729
18 494
23 376
771 736
129 830
778 436
317 692
693 385
64 868
766 448
89 439
915 804
375 482
493 31
770 672
678 176
375 403
113 684
156 381
415 565
173 369
72 582
333 77
263 165
363 580
502 212
465 118
149 425
477 194
357 917
640 251
356 762
647 59
222 286
182 849
276 754
508 257
124 6
775 44
173 158
392 380
287 544
221 529
881 172
639 899
716 640
828 818
742 475
116 899
469 287
370 299
493 434
496 294
892 496
21 702
228 616
256 675
171 282
915 335
808 139
860 403
401 546
148 783
65 846
225 547
100 862
122 466
405 800
411 684
576 74
172 568
361 411
278 365
448 808
124 545
110 399
876 36
252 360
890 854
536 458
323 699
901 764
332 760
192 263
563 170
669 619
612 842
556 593
827 754
626 219
836 610
455 532
802 550
749 331
578 231
642 279
467 343
891 270
722 638
371 151
119 870
34 488
765 184
73 427
47 93
864 149
591 626
759 153
83 374
885 510
521 181
326 628
835 243
2 819
407 536
912 744
122 222
889 678
39 927
782 382
726 333
670 714
342 235
850 749
358 723
142 171
289 361
635 728
806 920
798 538
478 627
564 674
382 872
671 845
565 125
762 256
910 763
797 71
528 839
111 331
888 47
369 683
174 701
836 433
854 608
157 462
823 295
331 572
309 54
333 466
109 16
271 628
126 419
598 863
859 331
444 693
197 775
537 475
407 150
614 454
461 250
746 615
195 81
566 180
843 249
667 423
783 413
125 780
727 407
99 869
743 569
15 846
523 825
277 901
430 927
356 495
761 369
265 129
725 734
469 328
841 506
893 700
106 256
533 465
900 554
808 425
101 872
623 683
249 165
758 656
450 856
792 51
450 402
94 180
168 275
355 831
901 468
320 588
24 691
363 162
17 182
803 223
601 511
195 107
380 205
788 914
319 303
20 74
83 90
725 706
443 122
369 203
242 154
687 713
568 425
835 111
343 43
198 678
797 858
842 698
337 108
149 759
806 854
907 530
199 562
720 700
153 548
866 586
857 508
34 261
75 77
155 258
828 153
572 46
691 147
640 188
894 458
383 465
247 665
378 400
408 293
496 134
769 357
527 519
705 279
350 420
539 141
442 675
630 293
147 311
249 104
661 143
803 826
530 90
550 457
483 252
519 593
875 701
343 86
387 162
224 616
601 77
878 804
78 515
283 187
189 848
25 587
666 78
592 121
549 521
924 415
53 465
2 53
666 152
838 428
112 105
47 375
487 808
636 517
917 269
817 655
683 272
771 473
461 842
142 214
95 901
543 891
132 917
247 772
538 660
496 491
196 126
269 462
404 670
436 402
571 3
429 369
402 815
133 859
107 400
147 225
61 534
876 619
497 400
665 722
779 861
684 154
871 576
184 445
212 369
366 442
316 513
643 770
169 173
133 368
29 609
360 59
645 159
64 130
826 926
227 916
641 752
256 428
484 679
718 363
239 520
291 654
845 643
842 683
745 552
440 3
36 73
805 697
376 344
861 75
218 732
52 438
413 514
463 145
341 489
248 211
281 387
105 793
495 176
327 789
12 850
679 270
731 740
824 899
164 154
328 691
707 160
370 916
235 883
378 227
195 299
298 372
402 224
880 739
605 77
921 38
169 261
601 682
687 744
188 532
557 379
705 478
657 754
394 216
410 540
314 30
292 256
437 411
158 561
2 41
81 241
272 119
770 168
396 557
252 146
591 131
576 528
639 104
235 561
916 427
219 924
794 546
700 554
23 83
296 640
197 408
1 791
730 365
160 71
27 376
378 577
900 215
195 644
196 723
552 132
744 491
33 724
126 206
346 200
869 137
143 54
392 313
642 70
647 532
422 727
563 619
130 465
312 254
902 19
871 11
479 93
284 737
607 926
551 847
239 497
181 514
308 542
871 715
170 886
515 542
578 118
537 553
862 39
434 236
208 244
111 61
427 650
834 658
921 588
927 106
253 550
857 885
311 125
419 795
635 792
238 154
36 190
227 561
107 297
376 810
545 788
632 703
681 507
633 47
574 647
499 3
254 548
687 423
707 774
844 4
540 902
58 540
562 378
676 807
851 514
647 249
678 455
492 683
833 794
732 720
823 733
333 620
529 493
74 719
422 681
629 663
224 529
532 209
867 889
543 331
152 175
709 201
65 447
511 566
172 192
344 484
731 122
819 344
338 657
599 73
397 789
218 237
320 250
498 493
88 811
551 599
155 288
786 154
685 164
658 630
186 904
150 557
664 818
725 51
237 590
47 143
16 561
560 563
906 616
632 39
382 532
308 140
80 833
448 368
79 441
918 690
139 594
858 125
795 148
748 432
173 601
807 129
789 897
625 423
678 56
160 719
283 293
840 308
756 695
695 411
168 142
3 58
174 803
341 362
118 604
259 251
581 485
818 125
544 746
854 832
756 688
375 170
771 310
837 121
474 253
487 255
258 616
69 132
213 628
677 91
188 451
800 917
625 642
656 406
552 646
463 303
264 585
393 734
422 753
680 666
521 6
436 726
449 918
432 475
500 149
688 231
620 624
279 417
215 361
468 682
575 530
840 710
807 264
825 672
741 865
3 467
352 126
923 107
179 410
838 537
395 158
109 70
498 635
27 306
790 766
835 878
327 614
51 442
734 615
395 858
536 913
355 918
195 106
626 873
525 415
794 447
217 702
873 770
43 502
701 183
613 766
711 391
113 454
829 571
22 523
508 672
398 53
113 103
587 273
65 629
363 726
418 581
389 369
646 695
188 318
753 505
797 814
696 529
350 920
607 184
494 326
331 143
733 518
901 775
870 754
723 87
854 802
916 85
466 647
405 100
7 848
678 349
605 246
640 82
76 144
260 227
340 812
514 424
393 742
585 927
163 606
225 821
791 831
872 63
849 792
892 174
511 64
349 161
154 512
255 250
859 621
140 684
591 727
258 214
39 1
73 684
716 557
646 399
540 773
338 480
680 51
584 397
710 653
581 442
617 121
650 466
410 209
267 618
900 858
355 206
649 909
4 219
422 30
742 242
92 896
895 787
644 411
647 127
338 472
285 571
598 719
252 211
206 593
776 310
660 427
22 142
673 783
617 677
66 213
514 686
728 421
209 284
826 168
402 515
331 310
712 667
422 282
867 302
654 241
832 781
831 225
242 528
609 138
353 516
54 678
80 770
154 451
520 355
855 488
857 865
813 91
217 357
895 320
194 804
307 873
421 611
915 287
228 240
518 345
276 247
106 182
121 69
887 16
691 249
830 495
284 27
590 854
620 162
685 635
437 675
317 553
566 530
407 352
738 142
814 832
687 826
92 496
307 260
830 920
21 406
173 429
367 508
385 831
73 55
42 607
831 804
228 511
492 191
624 708
362 904
15 375
366 874
663 121
850 380
540 411
728 517
668 194
257 345
794 186
306 893
913 286
401 290
175 828
157 714
523 158
540 552
238 847
810 731
311 18
210 148
281 142
148 215
626 121
368 90
882 106
177 153
915 98
681 556
113 381
541 225
723 236
551 903
819 2
709 551
506 593
881 692
384 445
697 339
426 684
382 237
666 620
441 49
694 49
53 881
296 168
851 586
264 243
405 401
535 725
348 324
398 213
134 463
826 285
621 484
169 839
361 795
388 908
213 185
456 133
836 71
353 405
836 664
743 529
413 800
294 482
273 87
169 390
246 5
189 248
469 460
223 755
118 506
802 870
314 589
84 233
655 588
575 814
610 94
747 169
180 476
644 917
475 427
687 355
429 91
618 884
56 676
43 119
800 903
502 597
508 599
60 398
266 251
657 898
846 44
460 855
24 907
484 897
154 516
497 599
916 9
517 376
905 735
871 569
14 469
389 911
394 706
425 839
825 831
815 324
548 605
491 547
636 808
775 151
70 284
718 808
299 821
355 681
294 509
249 23
600 4
185 826
185 481
854 39
747 472
383 580
188 72
773 908
73 298
751 16
146 574
7 621
232 352
885 363
227 824
387 857
870 21
896 903
869 365
752 897
449 804
224 259
811 427
618 593
325 668
139 434
583 903
860 892
649 185
310 413
67 292
636 399
203 398
877 398
158 131
343 674
654 303
280 638
451 234
123 892
101 233
259 724
74 69
846 118
177 497
759 274
778 355
703 782
755 805
524 464
886 324
358 270
825 596
350 441
417 87
806 625
279 283
804 921
177 893
300 176
59 876
834 869
173 290
241 584
244 316
237 745
233 552
885 566
310 754
509 428
133 777
633 100
33 763
750 898
807 188
300 858
45 422
389 417
651 179
525 641
71 256
764 218
369 461
291 1
209 889
557 223
163 798
618 99
31 68
494 238
254 284
417 188
877 124
553 552
878 828
208 919
882 643
509 788
633 71
228 536
306 727
467 389
546 272
519 724
585 658
120 170
178 376
334 787
749 509
69 189
790 335
104 597
804 909
294 201
103 53
364 395
785 815
503 273
410 705
94 660
181 881
62 369
296 557
453 889
680 581
693 640
870 607
204 771
877 519
31 830
265 54
163 189
636 864
93 483
479 261
708 681
875 670
230 687
623 832
828 631
412 373
666 608
868 865
425 374
598 870
332 520
923 839
854 816
617 313
573 390
59 438
589 478
278 603
77 716
124 694
85 821
675 288
704 154
432 763
791 440
879 630
379 370
240 61
412 569
420 669
153 808
568 210
117 871
92 692
428 496
572 111
11 803
189 806
867 58
723 363
462 756
276 738
40 349
669 618
406 132
546 879
544 550
904 510
433 139
619 456
639 474
756 3
139 58
379 276
851 459
34 502
728 551
850 659
230 285
602 23
218 896
753 329
182 591
742 286
851 380
360 424
891 98
734 217
641 257
680 69
796 699
532 155
286 251
27 660
197 199
515 232
260 693
61 320
663 901
568 544
765 485
455 526
657 204
512 614
104 281
808 360
326 296
705 678
755 39
908 827
150 200
919 73
234 44
298 633
228 491
453 565
426 219
903 335
167 178
174 804
446 62
4 134
239 757
756 304
245 823
144 309
513 585
210 302
564 108
910 48
830 811
920 429
253 825
732 697
668 564
781 389
43 581
443 25
37 251
326 122
159 768
633 271
412 847
326 226
703 636
88 216
723 616
864 252
254 560
415 824
228 426
367 260
658 198
644 426
901 892
563 116
204 731
240 158
155 541
742 473
449 433
915 341
598 381
717 833
630 123
410 475
3 531
337 582
549 794
456 786
27 298
581 767
6 577
563 223
16 267
751 500
826 117
153 800
411 477
632 868
228 631
318 259
794 240
36 613
598 344
302 377
356 365
649 176
497 421
21 776
712 625
465 27
855 393
824 553
770 747
26 250
716 32
321 18
109 493
45 701
582 371
238 675
618 859
857 86
140 509
593 514
839 757
256 832
758 654
647 694
537 317
190 905
827 684
368 456
132 298
486 523
198 143
52 758
837 503
182 798
390 205
47 607
379 423
463 901
711 705
715 495
693 682
46 137
222 535
35 130
516 420
127 853
762 815
263 736
870 748
816 288
651 375
501 921
376 725
918 817
810 486
143 423
224 835
339 844
331 362
282 721
140 414
156 265
913 300
800 475
779 705
548 172
839 204
156 260
329 758
789 112
629 512
158 186
311 345
576 251
784 465
116 127
718 874
157 572
656 485
436 601
863 148
852 621
399 680
127 613
689 375
758 444
352 754
767 119
113 478
362 737
418 79
163 552
371 781
531 646
178 167
135 887
401 107
681 337
865 422
31 556
486 121
737 553
804 818
839 616
238 536
645 159
337 479
747 256
711 152
158 511
521 160
848 223
72 553
675 782
324 166
623 881
366 618
267 162
166 54
191 139
402 177
247 73
264 141
689 280
165 431
679 349
99 650
233 821
247 777
866 353
840 923
112 714
595 38
481 856
879 189
558 159
797 387
808 653
305 375
131 699
20 831
828 227
477 628
848 651
916 492
740 833
651 374
590 606
246 44
813 641
228 822
815 142
154 778
585 280
743 158
245 133
120 294
679 473
548 524
828 563
485 346
305 94
643 478
324 196
139 589
755 349
393 292
780 670
827 365
297 679
70 152
284 426
844 590
239 889
168 361
50 742
136 724
600 692
781 535
830 454
90 798
580 474
862 818
357 842
898 4
621 298
84 808
846 362
686 421
579 239
204 498
879 424
282 25
825 853
552 890
579 374
800 788
629 658
396 509
260 5
909 678
673 310
291 201
396 468
418 824
672 655
850 543
807 740
123 709
612 749
214 250
314 170
686 542
751 207
790 662
576 775
792 819
548 847
439 505
919 557
899 682
848 195
222 321
857 685
659 219
505 721
412 436
784 648
765 820
167 873
862 550
133 164
784 611
675 725
702 713
798 758
197 747
290 794
614 317
145 204
803 687
812 488
4 921
186 876
187 211
765 515
726 90
256 35
184 610
187 206
400 80
565 405
867 792
516 893
60 146
639 878
649 612
612 202
686 454
520 829
281 633
320 380
491 194
417 176
518 465
112 819
93 379
335 538
397 901
447 815
905 27
864 672
628 206
898 367
593 86
747 215
892 696
133 602
891 113
879 170
439 103
578 461
654 754
704 195
20 898
59 212
3 307
24 537
247 549
45 394
242 904
501 81
722 292
357 877
909 895
319 857
445 826
343 15
920 753
871 887
42 480
78 228
207 136
383 760
47 682
509 817
328 479
118 625
498 447
431 56
256 721
457 7
573 552
632 842
711 457
390 615
913 807
113 635
559 581
123 494
715 369
261 624
601 226
607 529
553 205
816 2
563 298
10 76
293 535
559 402
126 772
574 445
562 652
573 663
77 408
540 129
37 796
648 643
325 37
145 816
870 528
114 222
30 845
641 922
426 16
173 747
397 441
585 879
852 760
85 866
95 210
655 907
140 748
518 755
895 131
371 708
669 861
838 5
245 212
717 302
641 58
94 199
579 567
710 568
297 732
709 737
34 535
612 842
201 2
216 794
687 614
101 255
112 750
574 501
835 330
590 278
817 289
379 595
154 576
882 850
758 588
903 918
214 738
204 590
892 652
305 542
301 318
585 440
493 35
531 205
267 527
62 517
553 755
700 446
761 280
426 498
210 540
450 102
183 446
436 797
103 839
453 401
397 683
597 215
826 625
223 714
409 360
786 210
521 771
422 917
52 376
397 586
310 488
835 376
289 479
802 883
256 354
693 166
238 224
806 763
420 434
635 140
391 602
619 566
229 337
55 23
876 249
585 32
434 796
826 37
559 643
543 561
396 404
763 528
474 750
470 457
923 503
377 190
845 402
632 865
141 413
907 154
382 154
651 335
584 833
633 144
97 361
919 145
202 269
95 555
827 80
62 434
700 482
458 551
282 515
175 789
229 442
271 359
308 484
49 88
870 696
777 851
351 275
630 631
641 335
467 889
680 25
620 379
385 335
871 789
484 634
717 298
644 371
44 584
901 599
102 267
778 540
183 371
36 151
415 794
836 204
138 25
205 748
187 200
427 810
853 483
516 494
461 782
588 666
514 675
477 90
596 507
526 57
78 1
911 771
351 909
5 699
591 596
347 646
881 104
698 776
179 176
78 56
363 278
311 757
47 512
268 606
536 731
474 828
390 670
472 876
168 793
847 653
617 621
167 703
337 866
856 31
9 471
64 518
410 332
909 155
610 74
384 702
45 12
420 41
861 430
856 551
122 183
17 259
82 588
295 108
317 616
140 521
462 423
484 336
410 180
172 743
639 444
867 134
440 68
324 207
711 206
545 601
789 498
59 123
788 202
531 422
677 790
837 78
357 21
74 388
414 160
871 600
314 315
210 12
404 208
746 228
80 34
918 10
922 269
652 3
734 801
191 326
62 866
166 859
424 800
695 726
155 187
451 418
241 617
243 206
885 414
804 675
575 603
466 789
402 692
443 858
200 866
529 894
751 350
324 149
804 144
725 787
495 375
355 592
119 548
836 276
483 873
201 110
207 261
627 246
43 903
580 96
698 403
367 719
788 188
492 297
794 157
348 444
40 521
71 634
740 604
869 271
133 221
312 48
762 638
96 296
72 837
767 846
587 442
697 54
646 628
362 45
916 448
756 61
475 107
866 795
101 417
283 492
601 292
90 460
775 829
483 61
864 442
286 648
423 156
643 475
283 591
835 485
158 724
869 466
905 855
263 305
606 277
792 392
694 336
264 230
34 403
466 44
9 591
628 239
222 103
264 927
386 314
156 399
804 240
646 827
357 581
857 172
731 657
386 475
423 712
562 571
717 817
522 391
510 292
570 152
444 912
179 208
464 399
62 265
728 515
658 531
136 165
660 91
738 337
167 817
378 864
69 496
106 677
809 888
874 258
413 431
525 278
819 512
601 541
634 59
865 4
460 774
23 278
142 889
536 446
433 485
778 642
855 868
303 401
208 852
699 718
242 518
444 415
555 152
475 732
346 599
814 808
194 822
142 592
684 430
64 146
430 757
339 740
786 43
679 576
456 299
57 220
157 308
915 259
215 738
255 480
9 243
699 848
809 304
335 364
360 758
284 444
494 540
180 404
644 887
534 29
482 106
881 807
351 843
625 81
335 520
169 608
508 651
648 558
614 44
783 508
369 840
595 284
481 18
363 730
309 803
106 749
432 851
872 859
821 77
94 134
472 693
875 465
643 366
134 303
319 26
914 682
80 633
68 417
639 449
248 239
180 224
774 588
246 342
93 701
694 804
374 223
852 538
450 587
651 609
70 408
440 441
689 869
313 891
916 538
62 296
904 166
855 183
658 130
57 223
260 831
674 901
560 302
322 545
129 424
22 236
339 404
219 133
539 469
37 578
865 454
315 226
308 281
560 901
831 823
718 692
161 554
116 180
277 815
162 510
613 679
448 887
100 585
68 45
867 339
311 420
874 456
197 480
399 660
496 889
740 802
659 85
828 5
926 397
788 364
148 145
291 538
606 315
606 352
219 278
184 177
376 342
552 60
167 363
122 302
330 257
451 822
139 853
100 611
300 722
773 863
144 864
870 768
683 716
595 832
326 812
3 56
902 726
359 734
510 17
595 488
744 496
297 411
761 641
224 586
439 300
790 285
761 713
112 381
540 201
820 157
234 452
214 327
661 426
729 431
166 590
52 787
2 569
772 434
426 187
32 421
106 47
434 666
9 368
433 78
712 855
151 535
484 890
66 92
106 190
656 179
359 351
146 767
185 788
589 805
189 387
187 161
555 919
62 159
601 361
19 828
547 496
271 743
284 395
806 489
389 601
196 595
339 383
288 406
213 228
406 13
56 68
695 711
481 866
30 356
803 634
886 219
685 180
301 851
301 638
155 224
500 682
751 317
496 78
368 918
498 624
496 527
143 559
570 175
835 659
531 114
700 210
63 327
54 322
786 65
786 890
121 760
51 421
172 183
563 185
421 620
844 124
315 666
828 764
546 889
738 5
395 390
667 341
402 923
62 733
22 201
150 662
828 648
434 587
866 360
560 356
819 450
260 484
771 172
503 720
264 371
787 43
801 580
635 682
316 283
746 115
68 552
405 621
391 843
335 137
670 900
435 825
99 910
433 685
748 782
99 412
735 390
227 762
926 105
875 401
220 820
896 840
670 182
723 744
550 632
635 368
113 221
66 616
127 764
922 559
402 77
274 145
743 249
459 663
120 837
493 24
38 284
42 420
473 281
226 505
828 804
514 431
107 788
409 270
383 515
810 591
735 483
201 185
358 83
691 736
405 256
126 912
243 769
401 895
47 218
325 58
883 467
187 300
834 389
613 641
265 107
753 248
214 625
587 323
796 629
826 111
111 125
408 2
639 549
799 590
285 415
439 176
128 718
244 741
708 386
440 263
189 558
203 856
151 626
803 458
878 317
349 898
772 392
31 303
56 3
233 824
257 427
685 624
86 793
31 284
693 157
51 887
487 906
730 417
294 207
608 146
304 446
328 322
49 341
6 359
675 253
118 137
215 843
385 739
385 351
24 58
656 765
364 481
589 841
173 294
383 175
107 414
896 195
359 12
32 404
850 458
521 359
788 606
272 205
175 364
725 84
217 886
290 494
883 117
284 816
629 74
611 76
3 409
289 630
645 324
671 892
851 502
287 506
492 196
20 720
120 588
796 376
22 107
512 538
307 441
712 264
587 89
519 157
496 506
799 166
757 748
897 154
913 501
877 5
853 142
753 188
866 101
664 672
47 348
51 748
222 725
443 612
462 902
658 511
709 866
820 337
780 390
709 345
442 305
784 33
244 376
574 332
246 771
78 599
460 413
74 558
198 8
551 178
140 362
644 130
923 671
92 579
120 195
193 144
643 703
539 641
337 503
661 709
849 91
64 892
682 311
876 730
636 66
6 665
210 235
158 896
280 151
249 2
557 321
371 687
794 609
110 564
826 203
783 924
76 236
37 278
486 440
274 147
627 174
758 643
411 893
522 163
265 328
570 421
910 184
585 414
204 911
610 171
418 205
678 332
21 51
183 285
768 113
560 463
763 119
745 636
492 604
472 473
798 813
350 506
122 29
311 111
66 331
830 827
407 726
443 758
318 315
369 239
109 642
288 588
301 203
489 381
507 920
889 589
321 248
473 767
562 728
238 663
652 347
639 774
244 553
95 294
771 364
642 892
411 92
868 343
679 766
326 545
482 637
262 883
705 217
444 465
772 114
808 835
360 576
834 189
93 558
328 35
803 451
94 284
48 188
782 242
440 856
593 684
680 400
265 137
415 558
381 562
700 725
222 58
67 872
587 697
619 227
25 615
517 708
716 325
13 18
105 160
26 161
389 125
152 658
792 738
489 739
274 207
261 840
10 682
169 23
30 200
488 525
914 909
682 167
569 519
645 193
55 282
719 261
802 103
791 110
100 902
481 475
558 676
490 278
779 133
820 50
905 126
33 317
763 726
356 413
230 544
45 458
533 305
100 906
522 773
436 153
726 661
504 869
804 240
261 316
415 704
75 556
615 856
753 411
850 304
362 667
516 728
825 216
316 438
632 699
81 162
719 303
560 761
4 537
776 304
209 783
601 56
219 8
471 284
729 883
52 823
492 327
99 186
630 610
689 221
221 465
124 867
176 329
202 262
486 861
125 14
343 691
381 459
351 504
619 549
810 886
334 29
640 514
131 572
614 214
202 334
493 661
135 584
208 103
294 660
898 355
443 690
531 444
600 791
296 846
382 156
472 273
581 455
420 362
188 470
73 585
96 418
269 247
19 754
639 453
701 439
350 461
828 167
782 778
771 489
226 532
38 743
587 324
180 92
770 294
754 650
173 600
864 221
761 639
622 236
753 215
806 432
231 887
513 592
239 610
3 582
483 367
153 162
824 905
417 16
665 375
791 922
638 252
259 487
777 912
412 700
3 513
348 750
773 143
768 395
705 884
607 262
62 490
264 595
708 805
883 713
250 138
711 700
221 660
334 602
824 124
388 584
376 571
183 659
531 521
66 808
212 414
721 55
57 633
109 424
561 229
686 483
545 571
324 659
729 806
889 808
365 501
240 803
128 782
150 594
394 301
28 629
416 441
250 494
203 276
882 683
722 463
540 766
145 118
141 665
573 718
144 101
649 451
112 904
846 695
725 838
315 386
675 138
376 161
478 314
334 713
624 150
861 485
919 406
527 914
820 806
572 459
664 836
650 663
897 103
399 715
550 919
440 899
319 726
564 391
638 75
895 742
110 623
72 248
482 710
557 702
832 660
313 33
652 557
800 620
476 286
326 806
651 739
175 675
905 122
246 635
411 31
447 65
813 300
487 847
361 89
579 375
493 149
816 472
153 435
514 551
635 633
787 566
753 720
48 599
899 438
414 495
464 793
573 787
250 348
753 355
705 511
868 920
266 428
699 40
725 42
775 634
789 334
26 785
512 800
632 158
294 347
251 461
733 530
554 908
894 608
532 49
471 45
310 521
440 481
497 671
321 772
385 633
571 575
349 854
738 334
396 220
193 510
219 253
571 890
65 699
300 373
400 669
344 132
44 921
212 756
230 191
221 110
131 420
461 874
558 49
51 688
868 32
751 742
524 407
510 336
180 54
384 235
905 692
302 26
605 917
443 762
405 136
894 691
601 647
864 496
237 493
805 413
473 389
444 807
924 159
181 401
591 289
192 509
359 92
279 516
858 607
855 488
167 85
422 396
86 79
446 863
145 431
386 354
515 622
361 17
910 188
166 203
796 384
124 720
790 12
328 299
703 455
63 30
719 409
12 515
409 447
505 416
120 651
63 349
643 574
472 603
222 462
182 252
308 187
364 205
690 252
706 684
271 49
718 639
196 812
709 355
784 348
808 75
655 532
486 882
614 234
810 60
233 127
827 339
925 909
753 209
769 372
576 182
917 182
273 606
250 517
549 602
580 494
241 17
3 550
435 276
51 110
815 436
185 828
828 147
357 349
714 424
712 251
398 141
141 415
493 922
345 618
758 49
527 832
49 75
57 877
38 625
107 688
721 41
393 602
12 245
394 321
398 506
97 115
733 671
54 83
647 94
21 294
558 811
396 913
521 559
95 777
888 840
91 762
717 791
426 272
67 665
727 299
540 303
261 320
641 48
877 779
20 836
123 505
636 410
765 658
505 793
654 841
31 694
261 149
213 511
389 310
497 522
117 123
492 759
352 199
428 9
467 101
582 791
340 181
714 357
89 418
542 779
504 807
404 585
709 44
376 257
841 926
566 778
607 563
792 408
113 724
396 585
701 13
492 419
672 729
268 119
805 165
368 871
701 56
137 715
130 851
432 646
40 205
802 345
426 787
195 177
675 598
616 153
93 667
401 520
778 448
198 88
186 112
67 166
132 131
313 696
4 84
730 354
586 543
817 789
317 470
169 768
660 278
910 108
152 338
763 36
847 632
715 428
461 555
755 94
213 802
349 833
281 145
252 462
793 300
134 759
580 162
447 396
585 583
99 457
697 491
506 419
399 504
602 732
125 263
501 327
803 841
263 678
905 140
477 151
506 221
298 724
898 686
874 565
465 134
133 443
868 698
114 715
638 356
656 427
894 200
169 168
336 839
223 644
700 823
167 348
580 137
747 543
646 305
716 275
222 852
395 847
626 549
151 293
475 742
804 523
117 692
759 324
330 47
603 448
856 389
396 763
240 826
397 901
627 630
795 781
690 466
676 654
448 738
146 499
179 585
664 299
519 512
308 474
539 639
70 791
202 303
511 61
576 225
166 303
828 927
152 47
808 607
140 490
158 338
390 667
239 428
630 492
860 393
577 821
704 137
503 825
380 4
5 335
318 120
365 588
640 58
182 87
207 488
329 65
379 572
146 487
190 463
223 634
319 840
536 125
629 313
843 333
104 796
502 927
353 240
268 635
357 253
866 173
869 767
480 406
286 494
101 544
10 708
78 705
229 753
517 493
758 702
246 107
137 460
4 120
110 41
76 497
683 322
220 752
378 524
913 131
501 731
540 274
905 801
674 70
393 403
750 207
859 792
523 259
790 830
790 762
611 360
269 238
704 341
422 81
575 500
736 37
424 811
774 295
722 437
55 151
739 71
914 457
502 676
145 837
26 160
624 468
564 767
153 335
881 917
905 1
882 226
637 709
90 898
55 168
407 266
743 298
572 645
374 509
754 420
818 620
187 762
638 194
846 782
111 923
474 712
136 288
786 846
720 388
452 909
433 380
840 657
899 596
15 253
455 495
304 513
636 920
531 187
113 816
817 494
341 777
379 527
78 575
140 702
235 333
304 744
82 284
373 225
546 829
555 489
252 823
843 174
576 94
924 478
542 857
757 823
811 678
326 489
263 92
391 722
525 544
665 389
259 718
31 754
405 427
123 548
917 651
901 805
556 811
448 311
256 212
158 286
119 138
765 143
454 207
592 786
83 804
777 417
757 568
717 684
104 245
270 243
674 420
23 665
490 375
809 380
366 199
751 70
381 520
710 396
418 907
64 814
825 647
43 610
484 854
608 652
879 539
547 560
553 822
904 222
882 621
920 853
406 442
518 304
741 17
919 133
47 340
46 599
141 418
430 893
563 916
152 788
371 90
105 397
638 752
480 768
149 282
333 910
644 883
187 156
720 718
148 85
401 261
263 421
92 757
584 345
809 396
75 15
810 372
408 461
491 643
363 89
352 194
906 858
123 487
61 605
264 518
443 78
237 469
886 795
199 270
574 519
351 147
168 6
569 59
806 156
283 294
284 74
77 294
710 791
492 71
237 629
837 772
581 793
370 291
657 838
411 22
664 351
580 557
457 671
486 126
637 44
816 469
155 536
703 213
374 136
43 551
665 544
12 208
302 147
276 650
195 912
489 362
870 481
678 224
761 456
30 197
222 58
166 898
668 243
896 177
622 775
437 441
747 714
856 184
704 140
481 837
343 717
498 682
124 411
867 747
503 594
199 522
444 777
784 189
814 777
247 105
771 86
397 589
403 345
366 320
373 213
666 392
780 610
311 708
603 919
625 288
16 588
378 786
434 615
367 652
259 469
392 125
757 322
24 901
210 860
77 586
542 110
824 357
777 499
653 168
503 557
702 857
666 693
493 344
866 834
405 850
88 926
246 7
385 802
517 343
867 537
671 687
635 162
31 183
788 178
448 880
323 10
600 9
769 542
770 303
177 655
42 60
428 569
514 303
225 795
614 547
741 838
715 636
60 234
709 739
236 916
849 61
661 755
130 156
888 191
875 209
735 85
224 539
143 563
780 32
128 18
642 505
19 365
46 243
682 520
609 450
275 396
574 655
540 436
196 360
688 637
529 636
331 503
56 173
401 501
160 621
684 185
214 309
37 716
231 438
289 323
762 670
758 540
145 299
821 657
672 286
780 458
847 805
624 715
741 284
183 190
257 885
617 831
262 588
341 564
612 567
731 490
602 557
223 749
550 700
717 172
590 700
268 543
794 357
683 663
520 73
93 588
889 728
663 334
554 403
182 17
133 165
754 449
728 885
142 634
771 888
895 351
155 911
706 171
651 64
588 107
737 861
100 431
731 532
385 552
603 448
285 310
858 649
477 563
642 424
794 3
654 838
839 181
572 509
118 446
728 5
809 670
711 630
348 460
406 794
797 429
371 213
455 402
439 32
714 822
180 837
275 810
567 226
925 417
259 50
735 96
401 160
641 705
90 707
75 230
267 709
649 488
91 23
139 499
504 880
874 168
721 477
517 457
413 714
229 405
167 327
815 289
249 271
12 462
662 63
668 201
123 723
91 408
494 185
56 542
512 737
62 166
712 79
888 331
667 489
840 701
309 249
67 244
427 182
622 145
763 494
780 592
297 837
872 56
251 329
353 340
186 839
865 540
179 656
605 706
686 772
292 528
901 888
310 594
687 248
893 704
749 330
676 610
198 202
569 101
423 453
437 35
496 891
576 329
425 911
841 537
264 649
400 317
111 917
845 485
646 140
744 633
745 655
716 322
533 628
772 211
89 450
864 685
476 21
637 534
873 408
808 77
341 321
733 340
252 213
778 488
629 86
896 303
657 191
445 693
717 228
337 28
518 383
855 263
375 178
185 859
474 183
266 213
180 314
308 883
728 259
260 92
812 503
903 653
673 60
116 626
441 852
810 105
923 898
690 123
384 375
204 803
450 464
793 511
396 606
54 329
134 850
461 616
139 73
639 650
78 661
563 778
878 97
152 429
104 129
387 41
302 29
102 495
618 42
877 867
328 857
101 595
468 258
637 473
331 843
722 766
813 514
239 901
610 301
389 281
459 673
175 346
752 76
766 125
294 793
503 320
837 610
87 500
34 196
913 699
377 435
650 4
89 120
551 47
715 279
722 912
570 780
720 564
95 781
792 820
783 681
275 886
899 748
7 416
343 770
87 564
851 89
31 378
914 776
570 882
159 94
577 428
325 844
664 510
70 399
260 882
369 668
720 6
734 461
555 77
627 752
814 323
791 582
432 886
547 462
298 897
925 379
342 109
631 63
386 784
491 464
270 467
407 662
772 148
789 274
733 814
393 9
279 858
203 214
267 393
174 184
269 498
502 372
143 679
910 428
846 293
303 759
882 213
243 34
191 535
762 510
637 647
825 704
560 825
280 744
11 739
630 405
696 173
130 736
782 691
277 343
195 126
757 199
660 48
454 208
478 411
527 52
830 861
424 705
237 925
827 485
79 197
411 281
704 668
890 679
430 607
17 650
330 582
154 241
830 346
896 467
665 654
535 751
206 23
409 119
273 34
193 47
682 710
162 717
854 379
75 863
701 733
880 171
888 21
905 175
652 471
891 831
184 539
120 394
572 16
208 366
164 627
62 168
169 301
625 441
343 619
877 264
864 173
875 911
187 329
730 469
5 48
110 718
637 454
4 794
3 861
481 493
95 665
470 420
660 11
52 600
274 792
46 574
65 70
605 376
485 585
252 403
632 727
116 876
562 197
395 544
231 87
400 421
69 383
110 398
470 350
860 320
842 587
544 778
140 638
149 883
202 590
484 595
753 566
855 179
553 467
550 708
19 61
711 329
482 748
480 653
349 754
54 660
513 199
185 147
865 818
21 458
837 483
743 128
705 687
703 565
636 590
407 164
260 413
69 825
738 696
511 257
654 516
743 86
525 315
614 469
681 718
196 226
329 488
119 845
642 664
782 93
235 840
601 623
714 452
416 255
79 710
403 760
588 298
562 112
463 832
358 902
121 299
182 590
59 523
171 60
763 296
92 884
342 358
518 825
587 204
340 865
174 836
430 472
92 703
250 350
634 372
206 463
206 813
247 412
119 233
536 707
143 222
26 160
467 220
231 166
105 47
730 303
889 524
424 867
757 24
388 449
185 840
1 820
700 720
511 534
811 27
156 526
167 653
780 700
644 273
373 139
472 416
903 293
385 3
292 814
702 517
169 899
787 54
455 112
13 623
874 120
416 237
666 217
763 718
808 741
235 92
325 810
758 166
375 688
611 633
32 275
877 682
825 677
716 819
819 165
595 162
242 821
540 317
219 465
799 229
717 367
766 654
93 314
687 368
357 327
384 273
489 818
335 190
771 365
847 554
185 96
607 889
616 32
185 284
69 11
155 477
438 280
206 300
864 267
113 419
890 53
543 586
523 144
801 412
38 748
259 589
136 403
823 37
915 10
422 794
657 197
508 364
338 199
463 329
910 638
286 309
676 822
519 644
28 911
65 661
463 606
471 748
300 248
701 496
32 707
607 894
117 82
835 909
769 751
239 539
263 671
253 4
475 215
369 710
269 653
465 583
178 331
655 817
340 734
595 215
787 914
798 383
871 152
924 695
361 118
493 116
702 275
336 327
460 752
71 656
118 301
230 802
322 346
845 785
832 865
467 126
912 205
176 293
335 267
33 573
598 504
334 697
706 836
535 181
313 779
582 89
919 345
912 741
541 893
836 324
178 507
906 628
177 258
489 119
349 570
665 712
443 680
682 150
676 658
169 29
190 236
862 881
868 623
618 32
374 56
276 185
587 764
77 420
655 202
518 805
114 376
593 106
715 920
673 134
729 841
519 609
136 860
515 911
820 249
230 371
391 47
273 660
761 802
152 524
636 75
910 798
5 372
26 57
309 594
233 353
435 601
109 204
676 61
101 154
837 174
533 406
468 8
876 608
51 778
437 699
356 95
157 451
648 364
530 575
895 740
642 3
477 149
419 722
466 491
696 309
683 662
659 580
497 561
505 126
58 73
572 137
165 726
918 88
194 198
295 187
495 498
694 209
675 566
725 623
376 365
405 732
291 905
105 814
640 393
549 316
76 497
708 598
1 687
382 667
529 678
593 130
640 584
155 110
343 319
303 117
198 191
727 563
81 516
236 27
377 799
78 260
509 283
885 118
763 818
341 658
445 510
250 909
357 577
575 128
421 522
845 740
784 503
759 921
292 107
376 296
351 366
886 19
700 181
871 905
694 106
136 29
393 55
289 779
113 76
262 518
891 349
702 473
445 257
385 440
808 853
598 81
473 791
612 315
87 683
136 775
321 655
107 670
207 81
195 846
519 747
254 418
524 114
555 833
895 124
339 893
7 444
632 357
527 87
180 415
792 791
848 99
327 897
111 161
369 851
354 668
3 509
589 360
729 570
113 487
724 288
211 3
882 410
226 19
211 387
166 670
139 413
469 710
785 106
535 398
295 439
56 339
765 809
798 262
590 164
513 168
138 491
235 820
876 380
877 501
52 183
415 164
800 98
616 706
845 872
512 846
111 209
620 552
899 911
364 611
651 666
794 790
215 526
415 136
56 914
236 673
826 75
460 374
736 908
711 282
394 248
131 635
551 676
760 468
150 229
77 118
609 617
690 250
759 134
132 814
537 917
845 469
116 487
702 798
299 857
410 83
292 813
427 840
749 183
75 795
314 220
352 131
241 779
745 459
339 68
136 550
879 206
72 551
211 286
254 469
185 428
162 890
917 124
869 463
235 191
732 409
725 363
904 877
94 574
663 566
573 642
517 128
369 157
642 588
71 863
638 672
846 391
10 453
661 417
401 164
159 763
921 121
108 280
627 534
32 444
840 57
230 389
814 821
509 713
355 570
734 157
422 174
674 499
498 733
903 144
799 876
787 414
727 523
631 737
648 148
509 718
436 870
50 927
215 375
291 410
563 718
4 494
688 562
209 468
917 462
832 399
39 635
695 247
426 714
169 616
667 790
561 664
543 839
539 336
322 354
289 828
728 87
667 839
779 308
259 22
207 496
783 892
658 398
533 110
135 499
112 361
672 393
166 908
403 169
898 511
769 182
636 213
696 610
330 88
858 899
497 478
740 574
167 666
58 254
77 6
888 103
272 189
396 267
583 444
260 693
413 624
96 854
140 918
111 645
545 709
483 605
748 550
560 734
268 849
382 3
846 841
907 246
140 168
264 267
672 208
302 200
861 552
529 878
51 698
246 385
563 76
103 179
38 907
400 408
727 277
372 52
122 312
522 118
383 766
549 790
44 814
599 214
539 472
366 877
96 377
2 402
718 190
627 194
93 770
914 854
464 298
390 83
388 30
257 606
434 341
518 135
139 233
153 46
253 459
819 682
760 181
779 785
804 346
504 488
736 99
320 558
463 191
684 685
789 716
854 660
617 112
712 444
646 426
420 142
8 576
480 631
764 499
242 83
131 504
204 118
269 106
465 915
822 660
421 43
268 327
774 555
747 304
421 521
16 79
614 619
612 483
24 378
37 725
361 777
134 768
858 517
67 412
251 287
616 800
405 783
389 673
501 44
703 128
412 343
162 527
493 64
702 667
72 37
365 739
235 345
310 92
685 321
348 857
900 648
422 664
664 667
492 660
497 857
713 58
392 19
471 442
108 706
820 164
616 590
720 746
382 37
687 725
95 775
595 687
429 454
156 754
816 74
278 709
465 686
718 427
60 877
854 76
377 348
313 207
324 332
167 55
87 188
26 186
629 159
827 863
739 682
579 265
297 717
440 87
541 487
336 55
186 622
574 317
853 875
499 455
253 319
516 914
686 424
842 57
441 854
556 104
818 392
786 639
416 847
41 815
24 413
490 527
305 152
250 724
363 640
423 816
510 775
380 465
838 246
533 620
526 296
707 262
414 286
550 190
412 827
98 307
203 406
676 279
133 773
279 116
424 607
492 57
341 454
517 555
529 42
147 127
715 223
775 118
631 836
550 419
259 423
879 368
546 418
110 374
631 70
321 347
91 164
917 97
421 806
183 831
661 410
485 693
60 506
887 739
316 555
128 871
163 137
39 923
709 428
342 73
550 108
459 811
755 352
163 322
280 683
842 53
314 732
74 551
764 294
808 446
440 536
748 614
923 703
36 543
450 299
413 180
398 424
848 539
873 422
582 596
870 779
346 537
557 821
771 484
104 844
799 517
433 804
18 231
627 213
870 854
349 632
33 468
532 331
240 241
564 296
306 15
203 5
356 308
395 552
21 204
534 416
896 110
648 786
567 660
257 815
880 373
232 685
500 843
448 309
151 175
313 606
335 457
748 413
473 548
918 578
454 194
499 628
478 401
660 334
227 208
565 907
325 840
517 147
588 872
137 789
790 675
712 39
641 83
627 507
253 725
423 116
138 505
344 552
742 329
568 708
424 793
155 352
349 412
746 253
862 246
473 629
726 728
731 56
494 728
3 802
97 521
645 528
235 366
645 316
434 817
100 289
686 821
166 777
41 830
278 562
129 846
36 479
293 541
571 367
126 240
384 739
646 414
765 93
170 776
246 868
810 108
814 168
399 692
745 189
137 16
762 422
280 670
131 130
185 622
760 247
588 415
332 834
609 776
773 61
320 725
70 866
689 837
280 358
59 588
633 878
578 782
309 317
28 58
152 841
644 345
250 447
563 588
399 528
622 81
914 433
813 313
128 218
612 920
291 324
315 66
523 303
691 831
90 312
672 597
108 31
485 407
272 160
212 802
267 103
35 475
275 912
338 214
84 243
405 27
475 286
694 491
510 561
303 21
654 764
503 114
830 187
693 730
860 63
169 778
547 43
554 827
234 456
914 252
476 276
743 230
285 585
438 910
652 679
487 382
506 514
456 838
552 584
850 662
743 578
258 88
409 100
374 631
859 257
909 631
568 427
628 111
430 7
234 108
5 404
899 174
552 159
796 102
410 231
741 230
234 258
124 110
455 541
674 784
830 879
641 846
553 166
807 131
734 365
729 876
660 555
233 905
660 374
86 845
915 423
245 179
198 171
630 744
402 191
169 323
614 219
915 670
179 654
631 531
693 431
246 96
561 13
867 553
688 221
442 907
882 260
805 555
751 537
668 805
576 81
885 772
431 722
301 773
855 751
781 378
409 368
850 458
708 801
150 205
869 132
263 273
549 305
813 229
341 235
230 777
852 191
265 86
621 765
26 427
796 483
268 27
770 643
137 702
532 408
675 797
335 58
103 566
908 123
831 15
171 94
617 118
33 871
466 814
617 294
373 92
445 132
221 796
203 634
314 69
518 729
366 197
24 47
632 599
522 759
193 185
444 271
516 539
316 899
250 926
813 873
769 896
221 569
507 268
287 370
679 18
421 718
669 391
753 444
844 309
114 261
907 828
537 16
812 364
634 428
404 313
604 190
661 401
149 443
614 347
712 845
617 756
72 402
849 869
645 755
257 569
447 273
755 27
326 129
653 273
525 46
530 103
280 892
673 212
398 843
239 222
118 479
635 776
672 38
179 380
24 105
239 806
513 594
416 119
716 586
394 835
829 391
231 207
360 148
316 245
352 112
495 265
740 866
382 264
98 485
73 299
114 147
358 434
86 288
205 704
900 637
287 872
25 440
879 281
276 524
820 494
35 921
851 618
243 214
437 881
203 762
379 81
551 251
484 564
489 688
81 300
638 107
870 446
742 701
884 646
260 78
891 917
719 703
208 276
61 67
830 108
721 42
881 456
483 376
208 825
651 825
220 191
646 740
277 881
409 401
848 620
724 842
757 809
450 541
234 922
323 541
733 477
340 835
708 386
852 188
488 493
588 348
610 856
794 519
565 427
78 73
873 760
911 311
596 779
271 560
883 364
767 157
379 88
262 161
876 581
289 338
643 124
487 557
770 839
197 228
908 675
501 147
61 159
317 204
290 626
117 733
218 389
472 393
605 873
880 91
821 732
116 28
127 713
109 375
25 710
554 137
715 519
78 751
34 447
814 664
685 883
924 384
245 586
851 790
146 914
823 868
554 172
389 353
496 265
722 245
235 82
436 787
389 460
529 819
779 126
645 813
33 220
38 299
531 793
27 551
391 281
644 776
118 38
74 322
405 466
847 716
765 307
775 623
705 397
401 900
116 647
680 247
348 493
262 190
408 208
576 800
29 872
669 167
321 748
605 813
699 498
890 209
468 861
282 82
740 583
120 800
313 816
40 594
537 808
490 743
900 283
5 74
547 319
521 563
412 319
5 716
245 107
559 434
715 505
791 718
559 486
609 793
299 367
866 336
471 172
636 261
292 608
380 644
538 209
143 624
44 409
535 39
670 60
410 922
262 819
765 805
646 605
374 432
796 844
697 819
812 360
636 72
788 737
188 135
138 118
848 896
383 521
448 452
352 905
338 735
802 595
161 469
173 848
800 78
676 350
230 159
501 902
11 660
612 138
422 807
689 526
75 826
827 674
598 145
781 484
415 216
315 115
774 737
422 866
529 828
383 492
36 868
773 839
821 699
354 301
513 291
217 98
466 858
625 820
868 882
333 593
455 355
800 183
129 788
238 761
551 839
784 822
371 884
646 644
919 696
296 317
621 34
87 68
911 522
598 138
206 768
388 37
532 354
402 322
95 355
383 764
321 143
155 61
533 251
356 814
38 759
493 847
515 5
766 813
693 819
301 101
513 640
802 160
448 742
907 776
33 122
779 409
131 503
804 490
781 545
91 789
253 45
561 908
589 1
375 509
240 924
240 409
230 222
292 423
860 518
625 251
917 113
920 8
679 69
84 905
867 466
911 485
719 55
603 443
638 58
100 38
332 8
362 632
818 249
894 253
687 446
7 752
175 660
300 614
661 35
673 423
358 119
646 269
89 904
439 166
288 312
44 869
250 675
2 24
836 918
448 223
208 925
214 834
467 99
285 399
136 339
215 35
291 93
78 148
104 74
743 89
542 53
594 81
865 251
621 363
432 725
416 550
217 76
840 648
557 201
666 395
128 223
903 299
502 716
490 533
43 40
620 44
38 401
627 132
902 764
117 819
126 156
281 213
738 754
497 466
609 377
795 16
367 861
590 459
549 809
596 195
235 710
776 513
753 537
271 317
463 665
723 55
611 657
316 679
898 914
346 267
109 689
904 223
805 897
23 663
910 504
114 409
760 463
130 764
849 46
80 321
419 52
794 311
197 234
548 799
259 815
611 810
324 369
385 418
41 126
335 300
720 151
807 558
84 296
43 141
124 99
479 858
655 492
559 632
869 194
924 884
885 709
350 246
47 418
79 563
772 78
702 655
380 598
760 832
464 545
369 118
743 693
812 378
827 318
476 724
907 102
851 488
866 23
857 487
362 739
10 511
649 563
25 813
154 412
492 686
886 899
839 590
761 647
825 810
485 533
2 636
708 269
597 336
48 94
110 312
848 634
618 233
8 477
177 757
632 795
316 322
44 56
886 304
167 49
782 129
485 140
470 603
560 679
403 135
883 509
617 252
144 397
305 68
147 204
524 44
590 772
800 812
594 347
114 843
421 799
109 86
456 593
644 244
850 925
4 876
705 4
194 115
573 648
41 543
747 121
296 17
515 742
691 327
590 756
779 770
154 770
688 175
924 543
758 159
387 692
203 217
337 274
359 136
401 839
444 876
598 853
550 486
340 305
565 831
13 423
813 899
917 338
757 227
723 250
649 144
306 73
337 347
885 709
375 547
623 629
576 443
408 805
833 429
379 172
725 341
730 551
562 130
761 581
590 543
732 425
370 431
27 856
511 62
261 108
351 82
610 328
794 358
591 680
116 715
651 912
656 259
922 873
612 494
870 195
772 74
282 889
802 470
763 146
68 348
894 589
549 382
730 580
88 229
238 128
116 838
270 734
785 443
613 525
100 874
729 428
597 580
731 790
622 120
815 591
635 35
625 409
894 72
387 96
704 208
730 860
906 734
199 241
520 923
415 83
371 615
649 830
889 110
529 552
114 51
786 261
468 477
579 782
481 487
237 497
196 882
832 289
778 371
705 272
877 797
10 364
424 96
529 659
532 914
391 485
286 800
924 452
321 114
912 125
850 869
340 104
175 593
528 378
867 480
778 112
735 297
412 852
742 219
377 413
369 750
800 423
779 766
908 439
891 331
519 403
903 359
704 29
76 161
197 375
232 724
150 451
862 746
104 42
415 11
788 349
212 898
671 409
761 852
663 605
463 485
542 751
913 816
310 801
427 718
759 866
922 439
889 392
566 337
224 796
441 473
202 721
631 283
364 613
68 652
230 749
286 884
149 469
800 794
747 40
723 684
135 881
353 39
587 133
785 829
774 339
293 436
873 566
312 334
56 93
791 758
880 554
912 516
673 80
383 389
104 667
56 271
158 233
877 739
115 342
685 773
177 540
230 453
105 506
100 615
462 70
697 897
114 219
398 235
615 537
394 609
554 723
310 327
417 110
286 597
24 421
479 718
20 383
254 625
346 491
574 281
705 918
388 226
717 121
582 901
623 59
419 407
318 678
641 15
21 718
748 651
781 513
263 741
743 925
292 707
549 580
725 736
264 325
528 777
356 501
463 206
910 804
270 412
333 765
503 783
450 896
803 347
878 445
407 550
907 302
61 194
286 898
280 395
353 462
174 139
701 851
38 307
232 16
862 477
227 662
335 183
333 25
535 846
166 194
778 144
906 566
277 35
658 834
830 444
798 419
267 328
783 163
366 130
66 665
515 161
878 496
235 543
884 905
258 139
321 339
536 40
374 161
361 626
626 239
570 470
234 889
650 878
824 298
884 647
693 757
653 150
687 487
299 442
14 195
341 819
314 6
76 57
709 372
12 17
764 100
788 650
821 746
386 327
385 572
817 13
93 15
685 144
327 491
790 205
606 557
4 85
371 139
473 195
202 415
265 583
489 11
762 526
230 581
70 660
457 751
628 211
715 105
824 127
235 353
611 778
60 505
463 442
624 822
416 39
877 63
43 709
431 281
560 119
177 36
322 278
684 741
378 778
244 161
462 220
619 853
912 366
787 348
179 233
851 889
547 163
293 364
453 374
7 831
864 247
623 212
869 832
551 350
195 898
642 714
615 57
758 220
86 597
805 267
835 228
58 106
493 334
783 248
242 6
138 572
881 463
733 848
314 107
335 142
506 30
208 878
299 366
82 239
617 714
135 453
218 426
267 600
282 816
856 855
227 543
408 227
538 188
830 235
196 688
97 256
660 442
106 784
177 704
187 543
880 269
110 221
827 256
187 207
555 147
765 4
168 697
796 128
466 129
392 661
85 518
616 707
847 736
36 204
332 192
337 281
917 275
554 15
472 508
665 580
293 136
44 805
310 528
371 918
652 702
526 251
222 450
659 485
641 470
700 146
872 78
671 836
412 418
118 707
586 850
888 700
375 460
624 524
131 476
555 708
440 516
892 890
366 561
386 438
55 700
565 576
659 560
680 380
376 38
83 511
380 474
21 326
483 777
6 677
832 548
25 349
626 684
813 75
128 736
270 702
409 733
153 527
533 747
174 916
553 29
566 687
657 866
269 279
744 316
163 758
725 95
651 49
789 330
220 639
97 907
165 277
340 776
429 584
222 419
203 270
200 853
287 404
499 352
150 696
293 145
633 267
649 474
412 848
127 361
576 154
2 239
16 32
497 420
611 506
581 533
610 319
484 343
292 875
893 635
618 850
488 591
479 673
913 180
746 914
232 801
131 341
313 804
198 473
79 348
474 340
569 737
401 719
350 90
657 862
562 668
917 357
298 138
113 469
437 294
806 876
175 198
273 633
320 561
352 461
209 53
525 391
629 535
653 306
802 579
64 407
778 900
873 275
868 831
124 112
387 526
6 493
488 347
197 355
92 315
904 781
847 125
94 611
694 648
91 135
487 781
287 156
896 282
340 731
328 903
584 359
187 651
726 523
774 74
740 317
512 419
84 593
237 866
809 554
598 7
851 761
206 4
795 289
895 438
401 877
496 695
870 81
503 881
536 378
307 276
479 173
253 304
803 431
273 102
343 124
26 838
613 424
308 584
684 405
898 385
440 590
721 37
243 766
551 405
295 129
902 599
712 181
523 261
919 181
129 792
307 3
691 257
158 760
740 903
95 802
27 293
684 805
698 516
422 253
625 389
817 715
644 274
907 361
474 797
336 743
830 200
323 780
465 725
331 917
551 124
530 14
529 468
46 186
364 556
413 26
201 39
759 128
725 388
94 411
662 649
285 512
36 422
434 430
638 145
673 33
658 481
626 153
842 201
804 842
175 138
274 44
888 161
190 328
156 262
703 364
660 912
118 856
645 752
274 192
601 481
503 249
722 760
835 120
387 457
597 494
70 612
697 620
865 688
194 474
643 32
155 107
479 628
107 427
241 583
684 26
510 101
522 543
447 383
465 453
72 451
453 482
635 179
680 843
135 456
483 195
648 850
335 560
661 442
325 38
753 598
852 186
76 573
708 213
271 248
659 727
837 751
406 818
532 260
225 634
746 321
914 672
799 9
337 189
104 816
595 859
453 232
598 488
922 567
324 832
235 556
312 565
224 430
625 912
726 744
457 563
467 57
31 871
425 100
818 786
761 150
208 532
255 364
471 116
67 825
366 92
196 186
860 44
244 623
586 264
406 63
228 39
161 44
367 763
735 381
402 372
47 97
545 63
264 616
371 6
155 391
204 67
166 119
205 749
172 424
861 511
881 74
504 559
302 94
564 505
634 406
715 110
832 250
682 324
476 372
561 828
125 507
686 244
621 414
876 124
618 700
646 102
101 253
377 725
376 588
191 564
741 21
65 463
109 790
900 477
400 887
25 575
75 435
598 547
314 235
362 417
666 767
664 608
914 623
758 455
881 452
737 447
819 807
116 302
658 30
730 632
761 346
449 500
133 792
812 259
692 450
199 540
167 571
700 393
886 100
420 156
737 759
909 561
837 638
93 614
650 229
646 141
5 787
262 717
856 492
489 138
354 72
740 260
406 755
388 611
336 541
926 41
91 444
475 519
871 13
227 898
482 222
564 336
212 591
9 433
410 89
484 289
541 709
830 809
582 39
608 427
719 691
88 51
708 113
742 741
618 472
693 578
522 204
23 342
821 98
711 544
121 772
147 628
912 792
320 777
505 628
659 718
406 919
836 478
270 379
493 685
685 142
187 767
557 814
845 207
120 217
399 307
704 669
717 382
471 32
843 256
240 589
844 743
728 413
559 681
78 36
224 140
795 889
447 282
251 882
707 143
217 907
47 855
51 500
640 592
689 297
154 735
422 276
91 628
590 268
925 862
167 634
166 387
541 101
661 837
515 369
305 445
155 467
26 896
423 451
616 689
887 27
102 62
330 189
509 825
804 752
212 707
583 603
459 390
302 58
235 391
799 718
214 331
9 210
779 804
316 148
577 328
449 815
670 448
676 420
915 698
704 488
793 205
93 370
456 20
747 574
178 343
417 339
222 237
54 564
383 466
918 362
456 549
160 379
494 404
280 500
797 369
472 683
372 858
408 544
633 270
638 840
494 90
646 477
627 613
296 248
324 131
915 21
620 294
577 291
890 117
163 477
577 877
89 507
621 160
279 754
223 400
538 184
883 216
487 35
740 178
836 764
841 532
605 560
136 410
288 695
158 428
100 61
254 678
500 245
845 920
459 567
166 647
464 852
32 753
677 725
293 927
19 11
529 443
23 85
260 509
519 484
153 365
397 421
63 350
493 276
859 128
102 228
784 303
137 926
849 684
327 25
536 678
698 56
140 23
504 864
119 711
294 903
24 566
468 309
492 491
485 782
701 159
783 71
927 379
380 320
538 690
741 806
672 562
280 527
517 362
42 671
680 895
159 348
479 132
60 700
431 638
598 105
278 838
109 390
59 653
848 90
246 175
511 604
120 438
868 70
640 286
650 406
897 156
516 782
24 243
118 754
162 97
699 876
157 329
450 691
925 5
420 925
396 260
672 424
317 157
734 161
908 542
855 157
801 70
252 553
148 453
365 131
709 812
3 385
324 204
836 678
892 531
913 328
664 312
662 483
273 295
163 738
821 408
540 624
333 254
65 591
717 701
14 613
71 371
41 110
323 745
199 22
410 517
394 353
49 264
474 216
917 736
319 109
513 890
373 808
637 674
793 564
46 764
170 96
145 283
444 918
823 147
353 901
884 565
502 391
823 910
824 832
254 413
482 232
544 88
388 8
706 515
434 754
142 179
772 585
343 642
568 161
737 680
888 490
753 603
361 194
203 7
721 683
509 116
194 382
874 327
130 835
354 652
67 2
813 522
503 438
559 780
500 540
248 493
34 549
101 638
436 694
767 654
382 507
547 846
869 842
433 627
153 719
496 588
230 474
302 878
434 572
899 853
303 296
108 183
913 839
396 322
175 300
613 141
422 470
348 102
681 741
523 591
604 902
905 650
735 298
692 244
881 274
117 734
51 711
372 547
12 502
715 124
357 269
861 499
926 802
139 363
260 127
892 48
891 839
102 601
10 489
748 587
318 23
604 287
172 548
527 543
109 256
196 353
180 557
196 8
486 83
316 757
115 855
139 358
101 542
224 208
218 96
601 473
502 176
164 835
511 770
79 738
269 347
564 559
171 583
317 420
52 600
9 484
101 753
922 902
162 846
856 309
66 268
21 219
347 93
529 906
833 427
512 851
605 860
645 705
317 387
139 124
246 855
887 117
655 315
812 286
97 887
574 503
170 48
342 338
350 723
606 880
201 84
366 30
331 597
610 536
286 9
836 332
851 232
730 213
472 551
495 642
227 235
47 373
272 325
207 689
32 258
438 583
112 819
34 207
841 762
776 312
409 152
860 509
471 612
405 562
97 583
709 141
714 435
738 521
876 560
634 725
874 765
699 474
161 84
350 454
73 858
762 412
324 883
557 158
395 106
24 441
533 616
548 61
25 529
898 81
36 773
582 673
156 376
298 648
328 207
447 797
482 679
841 863
578 597
467 375
250 151
663 657
792 81
140 712
83 319
745 274
648 924
329 517
905 64
432 910
462 59
501 546
255 539
619 771
107 614
452 130
561 637
927 628
360 673
228 230
7 777
145 629
125 639
383 242
771 255
174 187
348 533
327 845
225 900
882 358
684 621
104 221
80 731
100 813
528 223
693 164
10 864
199 743
71 640
591 758
267 69
577 583
256 431
628 183
646 743
313 220
20 722
620 429
414 827
619 249
4 892
397 347
796 854
31 757
259 159
412 141
294 598
485 480
614 596
635 785
410 384
585 579
349 670
324 832
837 297
836 654
900 352
563 36
639 649
192 171
218 65
828 853
83 149
509 518
495 576
494 128
825 596
226 514
831 131
360 142
249 738
355 664
353 219
55 17
314 723
133 431
213 888
879 827
587 792
891 477
459 336
717 686
857 625
816 909
682 470
685 689
689 319
769 852
131 728
894 174
782 371
13 616
425 645
534 641
795 769
742 557
891 751
423 788
79 89
408 260
770 2
626 900
243 508
34 421
533 196
29 267
28 918
279 726
199 535
712 327
812 548
321 308
767 830
511 833
198 187
737 874
29 398
496 149
739 264
674 816
271 689
241 372
335 840
854 87
279 779
585 663
454 446
363 688
750 151
867 268
373 923
757 124
661 877
465 272
48 927
402 429
457 578
192 358
876 703
718 610
527 361
265 857
357 104
252 731
264 734
427 529
57 87
923 498
339 170
865 909
770 108
798 491
116 807
593 355
151 330
331 473
67 143
552 56
700 341
701 38
448 19
897 23
533 90
671 438
576 38
283 888
368 732
782 234
513 863
165 547
397 913
809 627
530 517
187 452
263 534
798 57
316 89
507 835
455 72
398 666
528 412
143 499
272 887
890 58
714 31
203 159
173 390
302 834
439 210
489 262
401 356
3 659
89 921
786 795
773 70
792 352
594 891
438 598
795 607
83 257
74 373
538 122
403 683
699 895
656 856
441 301
734 711
146 667
22 690
403 580
492 317
468 90
109 352
134 119
870 66
923 542
390 344
654 472
774 285
36 384
680 644
56 667
557 862
596 646
21 914
91 338
903 841
708 39
11 295
573 212
182 754
586 185
302 923
19 230
316 878
601 488
5 432
411 713
61 843
290 538
214 877
736 826
740 304
427 907
43 453
336 85
836 127
349 400
227 385
237 279
483 325
395 7
433 359
300 442
456 296
207 709
493 756
894 871
439 301
130 563
37 776
193 374
239 554
647 68
84 42
259 474
636 674
465 531
844 90
414 782
849 200
573 825
632 891
549 851
103 471
880 616
271 598
898 19
803 422
238 602
148 568
317 573
628 294
599 54
78 319
29 183
800 754
660 826
633 406
285 64
559 769
729 569
292 917
80 365
817 308
103 721
761 171
23 403
735 487
848 11
461 680
417 656
842 158
438 787
30 255
537 905
85 7
93 680
637 364
503 752
387 322
522 692
359 724
479 490
4 342
350 585
287 924
61 658
623 90
457 69
381 54
640 458
522 99
715 624
792 271
409 99
762 536
176 403
470 827
771 654
599 7
794 205
493 775
616 306
736 718
53 874
225 256
235 221
377 40
46 60
361 704
665 584
126 463
454 621
69 137
489 222
732 647
370 121
37 128
371 486
202 123
828 348
810 202
526 15
678 400
490 808
376 112
165 690
221 537
259 160
765 734
124 781
172 851
117 534
298 793
681 306
33 497
368 31
602 902
648 470
565 728
292 180
908 579
561 330
752 220
793 29
82 241
462 770
793 919
768 336
458 779
687 805
177 908
211 538
909 305
926 410
211 645
10 409
698 391
4 903
148 206
479 668
384 225
881 609
432 308
48 355
416 363
638 675
146 675
405 102
783 765
370 367
145 452
803 567
271 218
493 378
719 786
569 136
903 503
712 96
790 918
647 502
382 868
397 431
813 890
171 500
602 143
106 496
526 110
873 268
366 82
493 209
27 33
912 383
911 260
748 652
36 777
847 693
104 88
321 688
803 376
522 340
262 133
69 123
256 771
493 225
617 195
177 810
517 370
363 317
431 185
875 90
94 11
544 395
536 817
319 397
922 598
442 205
614 638
432 92
817 267
502 376
431 276
343 445
68 490
422 20
550 624
832 547
624 150
315 79
782 263
420 641
903 491
866 642
868 473
689 670
183 892
521 107
178 470
289 806
448 110
287 443
834 753
669 212
443 317
36 135
201 800
525 397
860 76
360 634
358 199
817 837
313 851
886 511
896 421
322 107
192 492
219 127
352 850
661 527
739 860
378 510
58 137
780 382
645 53
919 374
225 15
549 498
567 227
608 169
766 169
204 242
469 69
472 922
607 770
89 336
509 33
773 577
755 130
324 602
633 299
79 248
558 563
123 760
756 864
247 820
188 410
76 364
571 850
891 335
490 410
82 180
806 291
618 696
306 856
355 100
866 311
278 853
122 876
806 162
208 225
31 427
135 425
850 67
472 86
612 623
306 211
786 384
904 550
459 153
597 867
722 57
541 31
25 42
277 834
279 295
684 508
475 122
422 826
822 792
863 25
97 209
576 93
702 639
796 559
290 673
183 513
188 616
57 835
628 355
473 121
303 70
36 666
814 699
809 655
125 198
394 736
351 917
655 669
695 162
680 925
541 848
123 372
212 707
767 321
884 648
359 193
591 194
8 374
924 493
287 693
572 213
13 863
290 736
838 720
900 885
850 716
355 434
684 16
767 176
327 13
326 118
675 728
579 859
862 362
449 480
201 580
743 840
688 71
273 329
857 344
582 187
418 323
117 504
11 699
789 198
148 854
418 375
779 633
573 397
348 170
770 660
44 646
632 835
308 431
790 388
493 193
846 732
51 497
878 79
793 707
382 709
174 203
403 412
781 853
530 72
755 794
141 666
372 462
575 539
511 344
348 313
120 754
561 729
258 124
814 868
862 297
454 768
582 85
449 656
510 624
566 507
793 14
431 619
881 579
259 166
206 109
800 353
531 503
278 353
670 713
776 811
791 410
242 771
272 619
601 48
19 904
388 809
565 806
485 443
860 563
742 387
701 651
641 459
686 441
209 773
522 613
525 7
363 535
806 120
62 830
11 844
301 205
195 296
628 344
536 754
427 315
557 733
710 663
786 1
762 875
1 860
128 569
775 537
343 27
920 792
207 81
194 679
532 167
47 814
479 607
398 87
324 145
757 754
845 258
569 469
510 793
391 336
232 404
58 118
504 623
158 161
825 96
752 220
798 619
153 498
511 362
280 166
143 671
864 919
372 82
425 353
454 172
459 814
472 261
678 29
181 646
494 99
903 470
495 681
637 371
735 14
330 348
684 816
530 861
172 198
670 276
815 558
108 390
401 297
903 338
194 105
524 270
228 82
240 262
319 819
62 851
522 243
273 702
120 551
694 460
657 678
134 223
814 664
367 836
887 847
857 81
218 574
890 273
20 237
622 609
138 51
201 876
310 524
469 566
563 560
242 572
645 392
251 624
836 632
190 795
296 620
735 126
831 746
197 228
616 141
906 740
302 366
253 168
628 48
768 475
496 320
432 562
99 583
600 375
353 675
307 200
469 540
275 192
714 473
18 774
344 569
486 901
277 720
265 363
462 886
8 113
909 531
457 419
494 665
14 194
743 316
878 596
374 845
705 342
863 741
568 388
508 264
209 53
485 593
315 822
564 413
578 355
455 64
524 23
464 184
342 216
792 752
731 810
531 290
356 589
57 377
539 409
16 46
625 143
881 682
415 323
538 388
568 422
633 86
520 540
229 624
17 646
656 882
362 372
524 912
701 434
878 687
6 87
613 276
512 752
421 674
506 802
776 552
584 542
133 818
40 364
389 701
421 262
376 453
657 220
388 777
194 754
627 790
620 913
810 524
671 803
262 105
128 13
501 54
98 301
758 301
472 505
647 719
143 796
156 449
872 323
143 495
544 251
22 615
145 270
410 927
97 430
444 852
477 123
899 212
823 161
494 386
101 686
381 231
502 476
428 733
699 281
583 447
691 847
407 826
464 603
414 902
634 708
358 529
501 405
4 884
447 252
407 307
412 470
18 783
791 916
534 778
720 68
843 542
446 92
137 905
94 82
479 820
535 671
91 68
889 539
593 79
664 700
449 606
353 877
267 351
606 704
393 478
546 865
325 883
138 146
9 473
895 15
742 545
138 569
582 700
19 212
377 54
629 877
569 403
99 294
562 709
447 274
286 581
107 398
66 927
908 347
784 79
381 754
916 307
158 69
671 501
544 329
384 252
179 565
704 228
16 719
725 288
84 430
123 434
335 829
228 398
474 577
478 291
627 144
811 482
17 520
265 470
463 655
802 749
653 806
341 566
162 685
181 522
792 749
310 632
128 80
717 143
368 184
573 671
542 536
360 863
115 558
375 162
883 450
582 213
288 672
317 888
83 119
11 718
880 100
839 653
339 900
640 378
744 691
215 239
271 878
233 390
915 501
446 200
552 654
140 628
165 8
528 155
400 643
801 404
744 393
348 183
492 130
393 739
392 685
324 675
219 265
112 703
169 693
81 592
693 899
917 813
866 780
35 380
772 113
422 264
185 210
896 48
234 753
925 885
105 63
770 686
61 487
844 157
466 155
355 81
704 503
495 659
332 154
59 322
759 215
729 455
220 155
121 673
738 156
280 620
315 891
455 390
498 633
521 20
10 501
600 443
785 806
879 260
629 133
511 187
404 240
303 471
82 245
145 645
697 740
290 381
256 541
773 262
434 154
276 740
299 517
300 587
15 67
741 740
824 450
477 454
624 627
668 817
721 407
903 54
448 439
768 353
249 571
545 895
48 108
736 840
801 400
614 589
312 739
504 630
857 262
481 281
13 859
195 359
15 491
897 670
427 240
656 598
154 491
59 392
901 308
616 180
783 576
452 194
711 83
211 831
35 563
715 478
707 666
414 661
154 72
679 818
535 63
77 576
40 65
59 228
816 496
103 500
378 882
759 370
463 278
492 728
570 894
294 303
504 61
100 898
508 481
243 77
275 377
800 694
731 675
136 196
711 911
60 139
664 390
706 374
827 525
399 439
362 295
790 215
383 626
392 567
427 109
453 464
546 205
902 306
169 913
864 103
724 338
775 292
777 500
633 360
337 700
595 184
504 94
363 627
181 78
608 434
206 568
717 368
13 713
839 57
923 832
784 900
763 543
863 74
883 316
803 225
457 801
862 713
690 561
456 737
853 580
397 924
422 534
37 133
525 450
887 443
524 696
131 200
449 463
780 675
758 458
853 161
70 119
621 339
363 686
556 127
36 868
142 294
428 729
166 873
480 493
124 367
358 780
84 528
553 778
420 897
914 777
505 889
285 535
865 302
139 358
765 319
557 293
369 816
619 918
888 422
469 916
275 680
166 427
901 772
218 173
14 715
127 185
328 890
35 630
238 474
907 538
537 311
560 24
634 594
883 120
526 835
531 573
677 842
15 437
870 36
472 850
545 751
831 360
437 286
878 189
380 533
453 301
834 203
459 89
809 798
70 714
312 526
404 276
503 215
496 755
3 46
783 71
330 494
808 29
518 271
418 462
715 323
728 305
660 229
227 575
106 201
121 90
139 133
58 219
11 645
575 473
826 927
86 629
238 297
373 594
112 547
189 849
387 190
414 639
534 787
549 374
94 695
496 160
712 636
883 75
176 788
864 828
840 14
466 154
732 430
220 792
500 475
827 614
297 830
271 51
844 34
227 598
903 724
47 805
181 343
493 527
873 401
613 145
749 257
606 640
597 17
601 905
145 859
682 488
136 698
120 400
290 578
54 53
29 384
282 215
638 447
355 123
321 399
171 793
576 629
592 96
324 539
65 680
548 263
238 814
500 67
393 311
391 11
274 424
772 529
710 259
159 611
853 699
290 27
631 114
598 500
801 410
653 429
787 646
171 231
899 418
921 109
16 324
856 179
441 712
222 297
392 901
180 207
836 4
815 57
434 369
456 633
331 487
422 589
238 926
60 454
519 821
907 828
831 114
618 419
27 739
352 400
813 238
307 44
906 151
875 269
134 858
255 609
391 803
559 60
186 382
668 244
707 408
466 84
842 799
258 29
261 837
558 119
605 869
267 923
328 533
820 451
310 902
437 317
725 887
399 20
859 420
857 764
386 420
784 34
439 501
672 500
90 536
761 839
207 864
550 324
97 187
343 111
364 146
544 769
62 180
488 791
62 119
767 4
209 189
124 659
667 48
791 44
736 212
167 691
291 283
260 501
382 543
412 80
575 568
586 269
655 370
925 152
632 354
733 314
540 160
790 50
523 69
902 91
88 759
465 205
660 798
596 170
924 837
204 628
328 227
552 612
851 359
124 867
895 792
401 146
742 254
720 874
219 866
601 497
410 256
877 695
6 275
321 841
456 701
440 328
349 275
621 655
267 174
904 330
56 367
448 13
324 427
13 609
697 887
385 480
384 288
119 881
355 265
345 123
678 544
488 38
913 692
717 296
724 742
491 703
585 687
474 692
252 595
158 216
403 37
136 905
656 444
307 911
16 795
295 552
825 124
145 42
409 910
174 917
460 364
449 753
71 196
267 774
563 638
427 804
755 282
445 155
530 265
704 66
527 841
245 604
468 773
522 899
723 160
550 51
683 434
302 229
443 106
828 531
169 56
768 70
129 922
827 913
79 555
562 907
802 553
822 347
156 370
203 100
756 309
170 748
415 121
755 835
760 681
289 225
383 19
501 577
426 925
810 36
826 95
753 378
91 106
374 887
862 496
201 126
90 657
582 834
618 909
596 702
274 160
875 472
547 43
79 142
463 195
281 611
926 259
422 501
192 457
481 209
839 354
459 273
829 162
360 864
355 482
89 219
153 105
772 825
836 309
797 433
484 567
693 240
853 422
34 385
868 309
798 408
618 458
16 623
816 43
535 502
628 149
615 38
564 822
51 77
538 33
803 713
154 640
918 578
871 18
444 537
830 240
102 260
568 552
658 666
427 693
315 257
503 623
548 316
410 250
701 247
112 27
240 792
912 167
685 715
603 467
331 717
927 144
413 278
339 795
638 90
92 409
421 869
166 548
7 905
657 775
384 497
485 658
265 680
615 630
167 738
885 235
826 688
272 661
314 11
264 725
526 297
874 628
335 837
227 910
512 775
119 707
820 806
372 63
709 94
485 725
495 774
78 437
351 534
484 764
709 229
848 57
782 379
782 91
481 170
494 477
694 686
65 894
791 371
216 364
391 254
303 641
732 64
719 800
539 400
628 183
865 73
35 920
664 725
881 230
520 572
358 288
621 139
476 470
419 860
478 292
831 615
685 296
167 262
890 461
584 286
542 186
616 584
237 350
447 613
584 816
143 410
796 575
24 16
100 53
347 72
585 74
916 621
154 315
619 645
132 222
795 108
912 900
566 332
613 739
693 88
203 612
70 56
89 588
380 348
723 86
621 878
575 13
400 826
916 826
344 22
456 499
611 459
858 121
66 588
402 419
176 847
376 560
331 636
411 45
87 246
240 853
40 773
596 97
78 54
692 56
430 83
304 297
569 744
460 471
625 921
548 712
833 874
648 195
884 314
821 94
135 4
309 330
751 542
813 568
18 557
798 358
868 483
35 708
671 69
658 565
37 850
9 72
715 752
797 422
181 908
393 392
117 384
768 705
806 825
857 422
449 19
178 688
469 699
188 728
445 701
645 534
852 152
686 553
337 304
589 452
52 116
293 571
116 892
789 492
657 23
769 600
724 496
801 798
222 245
117 32
784 224
302 352
98 827
892 68
598 304
131 656
128 621
627 604
148 183
398 5
511 831
838 477
635 241
77 770
571 167
649 513
164 820
485 723
379 575
85 198
247 506
396 399
454 71
6 226
711 135
53 44
262 536
92 686
145 911
131 146
16 302
58 496
843 29
607 73
714 898
916 668
335 403
720 894
249 170
140 166
488 18
668 382
751 627
157 92
393 853
684 921
239 140
598 154
103 433
488 729
788 684
307 28
153 472
483 244
234 848
847 417
850 429
661 282
362 188
831 257
825 12
361 50
658 635
137 706
124 493
605 834
44 262
180 458
874 483
272 388
594 833
37 749
757 795
116 604
417 775
86 35
100 413
32 665
672 148
194 540
801 92
484 712
560 814
647 232
832 432
432 708
390 459
130 868
527 281
501 76
38 871
253 806
18 671
130 398
573 140
296 606
665 406
186 432
335 515
285 68
659 383
708 153
415 184
229 792
456 355
729 519
731 826
738 715
780 49
674 304
752 619
316 636
91 869
123 614
813 773
827 866
559 430
407 652
14 255
818 600
94 451
570 343
301 76
455 181
235 911
171 196
814 227
788 728
481 791
66 133
741 664
408 635
481 462
189 293
170 20
806 458
730 806
705 666
817 50
467 412
624 847
502 224
618 623
843 25
27 750
702 368
242 670
312 71
107 596
698 373
807 787
522 893
470 406
321 706
148 147
194 804
299 291
924 517
607 805
122 913
727 314
136 256
342 224
20 112
20 369
93 196
617 118
276 160
881 238
469 295
207 113
525 331
354 459
395 676
816 34
51 381
134 206
137 745
214 125
546 422
223 449
671 293
676 257
102 72
624 545
874 490
238 300
133 7
856 75
454 713
879 491
827 392
562 194
545 163
6 133
899 860
810 552
240 442
257 612
446 519
185 484
691 680
887 621
19 796
711 22
540 652
861 194
732 667
607 332
253 210
328 205
411 35
624 262
123 200
727 724
680 537
414 592
464 104
689 820
794 352
516 433
344 334
347 688
198 664
625 777
318 194
755 612
408 918
90 37
503 322
277 754
151 543
461 891
226 832
370 305
592 73
325 103
142 113
767 118
821 866
733 904
674 125
448 792
619 96
15 407
611 351
145 728
413 26
55 920
117 670
485 791
105 462
75 308
52 820
557 339
719 695
844 325
68 457
903 861
749 597
890 675
22 818
510 293
352 649
111 58
259 124
854 783
772 284
305 783
803 241
918 734
281 606
47 458
803 104
438 611
551 836
810 117
562 517
308 696
460 20
888 755
19 592
125 463
549 922
297 311
593 636
323 588
286 268
180 759
399 260
518 283
265 124
738 424
377 510
596 520
856 395
465 455
811 919
513 264
134 675
105 746
410 887
719 816
88 491
576 465
213 361
503 552
731 106
278 584
587 580
151 681
771 543
159 367
364 302
522 378
823 904
742 432
460 332
40 433
111 357
688 900
626 375
278 119
423 450
707 380
763 700
265 295
262 833
213 441
925 606
864 632
805 253
640 212
234 857
700 725
657 425
451 367
409 537
520 165
281 910
131 688
350 380
824 11
545 691
879 599
838 328
382 230
834 331
640 483
671 798
893 601
274 802
815 557
77 221
340 54
574 566
185 822
600 26
381 526
14 777
394 921
756 494
361 291
662 488
1 918
475 199
364 511
292 619
628 301
444 430
204 792
77 852
746 347
183 735
768 196
814 149
815 128
343 567
510 197
714 288
781 584
660 237
36 106
559 570
22 912
5 749
827 667
76 106
426 141
224 886
870 162
481 248
612 364
81 679
663 493
713 74
528 146
276 719
100 605
335 427
208 690
906 904
679 120
521 786
847 215
349 640
350 629
679 40
888 326
230 22
633 373
320 857
450 213
102 861
430 663
384 331
745 648
677 280
112 511
266 549
536 324
729 95
632 858
719 581
187 416
398 252
393 822
574 683
232 370
23 440
803 479
223 827
392 633
13 143
478 504
306 569
775 438
344 83
295 827
646 532
489 695
311 376
559 524
807 734
844 504
503 762
530 304
90 472
413 579
452 746
651 149
363 81
342 232
334 856
846 232
16 390
141 831
29 443
196 369
181 457
578 282
667 218
260 446
584 817
693 187
851 654
454 251
223 695
595 299
450 812
11 863
449 294
720 305
42 64
753 275
58 332
373 406
747 293
775 736
277 520
561 812
76 783
469 228
174 830
601 845
700 837
310 214
428 557
602 640
890 597
693 187
176 79
182 858
8 603
34 286
180 722
248 709
235 84
607 686
564 96
662 782
131 191
113 129
707 563
530 308
491 754
665 702
160 288
213 704
851 659
454 176
885 727
37 259
381 391
269 706
70 809
826 259
696 26
842 479
604 60
898 336
904 152
802 268
50 772
223 593
278 414
691 132
615 2
530 39
751 403
815 216
602 532
470 648
278 698
52 228
832 858
193 298
799 172
735 502
396 410
700 316
840 338
604 878
672 846
635 546
87 643
829 306
660 111
919 658
358 672
871 6
555 355
653 374
909 691
264 421
557 38
306 183
245 421
24 789
844 7
762 711
589 356
365 837
894 443
540 9
342 535
269 220
204 141
236 406
621 446
301 363
214 308
892 499
152 147
286 748
540 38
252 612
593 895
428 51
250 140
158 673
470 424
101 473
401 240
701 152
873 97
606 906
85 336
855 224
855 248
616 604
682 205
419 587
559 360
659 21
870 213
196 663
510 538
731 379
828 5
36 629
544 293
841 106
182 676
603 859
331 303
510 380
807 438
820 738
85 429
158 547
881 164
627 734
832 522
791 30
555 288
416 20
892 178
31 335
458 563
844 1
490 253
478 227
583 460
234 491
239 740
633 695
235 647
98 873
150 747
699 370
734 481
19 117
685 41
121 439
535 551
289 698
311 551
328 411
684 880
154 442
579 275
44 601
517 692
599 709
521 104
450 621
636 9
197 267
17 783
624 87
444 849
502 548
259 716
393 805
702 39
499 738
397 619
145 113
715 902
701 450
181 41
517 677
810 175
265 300
107 633
12 165
863 599
363 649
541 774
6 663
78 696
761 536
113 273
543 848
782 107
412 74
62 441
500 666
161 411
80 213
330 524
816 239
651 367
494 448
508 33
812 377
239 558
225 14
783 491
27 705
72 220
661 112
284 783
350 165
30 707
302 205
927 551
724 902
719 631
306 66
132 118
288 289
400 392
344 538
130 829
520 673
593 53
7 568
541 743
608 10
25 712
328 191
405 824
536 255
412 882
615 69
737 732
65 323
568 90
329 297
161 751
710 344
606 469
628 670
807 716
670 535
890 870
410 455
307 54
356 84
296 27
604 824
712 519
175 329
373 746
17 820
385 248
262 599
81 42
234 305
230 229
555 514
88 284
485 610
914 590
605 761
499 854
888 158
815 7
330 12
686 696
724 98
490 597
800 224
22 643
647 821
273 20
466 250
510 407
582 846
771 299
10 337
328 100
620 344
58 14
302 145
433 96
9 672
634 649
210 895
488 316
864 294
745 340
398 614
69 84
180 893
412 85
876 328
461 850
643 483
319 359
840 426
624 873
770 552
146 555
882 700
585 562
383 666
455 901
579 800
871 425
228 129
286 316
885 803
406 706
817 728
723 269
749 388
544 736
788 112
568 66
739 824
676 81
774 502
86 63
825 34
222 586
595 411
78 245
465 850
268 480
460 679
360 115
628 321
906 277
811 386
302 34
806 878
878 368
222 865
775 416
707 73
797 905
568 705
16 276
275 516
371 820
790 507
777 382
250 451
155 100
865 396
879 130
552 522
617 275
760 619
813 356
768 401
47 838
639 375
69 257
73 691
307 56
142 761
459 926
818 63
851 691
877 480
464 510
8 505
814 807
503 457
449 375
128 17
325 509
13 724
524 915
915 404
502 571
686 335
269 666
332 276
261 580
595 313
722 177
735 671
234 158
682 102
475 120
63 728
42 224
452 389
326 453
539 821
633 120
329 755
781 222
801 216
628 439
336 730
741 508
112 51
471 138
888 225
822 787
587 449
410 813
86 866
292 447
295 158
470 143
884 828
77 181
546 122
570 169
35 800
618 373
540 235
899 483
651 586
698 593
640 221
720 208
416 696
274 450
759 400
363 739
709 586
163 863
662 506
783 128
537 252
375 137
526 8
794 456
926 597
865 370
389 327
790 324
57 723
314 642
595 156
750 760
613 737
392 626
349 310
406 39
562 424
68 407
697 534
23 7
752 122
205 117
590 89
901 16
587 909
262 563
844 435
524 901
246 54
77 30
714 579
232 348
858 372
780 353
823 301
262 467
651 438
628 14
770 911
265 584
494 53
805 287
176 870
211 554
690 722
104 746
463 224
220 717
694 531
886 324
76 232
752 145
129 280
871 740
740 522
420 504
569 925
15 829
259 578
101 892
494 281
907 529
645 478
583 709
312 361
247 322
345 381
717 46
614 811
22 730
414 69
671 904
265 741
687 411
260 39
131 553
920 231
730 287
324 480
247 770
681 189
205 439
490 759
229 916
46 316
716 656
492 913
351 401
52 101
546 810
168 553
421 54
440 697
52 746
320 697
630 606
523 430
217 161
822 137
670 659
472 870
16 269
342 563
915 561
85 257
925 357
711 791
913 753
552 569
402 387
626 128
509 555
927 187
287 146
136 543
756 916
780 558
109 152
301 769
129 89
568 838
59 602
408 136
527 575
333 710
318 510
111 827
918 253
82 200
794 838
652 840
29 821
669 792
859 102
137 817
843 761
829 909
770 665
214 569
105 266
128 803
916 281
491 418
790 350
921 843
328 845
754 311
154 318
228 919
395 865
455 206
633 393
639 483
330 127
439 803
351 24
589 564
326 461
557 366
30 849
299 892
134 890
193 77
332 719
93 469
679 617
25 458
755 228
707 43
835 92
860 286
126 161
138 356
709 653
722 764
415 241
290 710
880 487
204 763
332 702
742 602
422 620
743 387
435 305
706 780
326 644
238 374
545 156
631 758
636 343
538 354
182 108
362 187
25 743
595 65
916 760
367 857
515 921
572 828
240 803
807 384
764 774
431 8
744 848
875 383
495 590
550 302
63 377
540 854
71 662
442 295
417 912
357 465
682 502
838 848
836 296
256 748
351 702
356 641
134 396
740 679
53 823
709 922
481 836
571 11
499 299
548 171
106 816
543 526
768 658
305 518
738 860
29 696
816 680
146 59
289 222
140 607
646 571
7 319
641 795
188 908
602 582
513 538
160 376
10 438
870 159
796 664
907 177
509 406
667 901
417 341
658 223
681 893
207 341
693 634
921 337
321 790
859 209
570 680
307 900
502 118
14 162
704 590
47 272
902 531
156 734
786 759
82 39
53 616
12 744
812 448
572 323
373 395
136 920
350 30
94 54
257 366
19 778
262 2
57 212
738 343
790 371
368 526
640 742
55 143
838 610
527 231
516 658
562 685
417 687
682 474
822 729
750 596
266 364
43 911
566 498
547 817
270 630
293 631
93 824
373 52
498 231
327 486
48 311
337 395
230 531
206 8
786 6
371 499
622 840
659 620
440 356
103 378
611 707
85 573
297 602
821 303
376 907
258 28
868 329
419 72
769 675
83 326
915 402
373 141
145 51
427 225
567 32
78 319
443 613
6 338
317 553
864 875
736 505
809 892
139 400
349 869
206 748
809 497
819 831
150 433
698 735
219 352
380 248
581 644
156 829
200 812
211 805
348 881
289 772
264 277
101 201
710 233
29 201
100 298
804 229
711 554
488 872
585 168
91 754
175 576
88 132
284 676
651 508
458 817
820 834
587 114
501 67
443 321
794 34
837 40
709 208
152 86
576 522
53 140
220 870
522 21
47 41
239 660
359 119
101 863
763 465
12 841
748 414
250 392
565 664
119 467
197 281
292 818
877 197
289 356
640 357
558 252
687 374
481 496
404 331
924 347
683 381
211 135
323 881
75 134
655 654
442 841
476 288
56 718
433 517
293 923
586 846
381 178
717 242
130 764
163 56
397 258
637 79
800 21
168 1
553 708
585 741
538 290
609 380
166 599
925 186
61 69
211 905
176 289
705 709
111 725
44 157
585 873
424 171
646 868
184 211
89 521
621 571
619 174
32 219
264 110
773 537
20 165
828 558
287 203
845 731
691 667
220 563
5 124
236 701
210 568
178 214
722 561
878 186
845 665
763 772
152 838
43 337
220 762
206 732
356 234
217 702
761 314
625 163
871 729
655 576
713 603
454 680
277 198
586 314
94 802
199 102
588 826
214 63
582 355
864 689
567 158
604 903
495 203
848 711
855 462
543 414
401 503
769 488
233 450
446 582
470 12
752 777
584 628
618 681
419 476
261 854
752 450
851 19
562 181
513 281
482 489
661 61
428 593
616 3
370 625
100 289
529 394
121 212
215 919
753 330
99 292
852 572
77 448
582 588
433 715
31 743
633 713
592 70
911 605
99 611
738 355
602 85
502 83
577 895
248 233
254 622
622 262
278 366
354 302
252 645
231 339
150 729
420 299
219 535
570 686
302 265
927 116
355 212
286 921
377 307
532 307
294 41
420 707
41 692
827 653
169 697
869 308
164 507
481 913
496 642
365 2
125 284
815 419
34 741
885 316
546 883
307 17
669 202
290 450
200 551
466 254
109 627
169 3
76 297
431 546
326 431
852 714
85 481
488 225
746 374
174 893
682 770
342 366
424 797
592 740
694 599
672 803
271 775
274 585
323 370
641 327
25 686
612 812
788 168
572 325
114 337
620 490
241 480
508 707
394 704
741 440
430 771
594 923
110 657
749 913
573 69
718 101
806 696
756 23
862 132
199 514
237 166
685 38
707 236
135 809
40 96
373 155
431 925
155 695
390 64
522 344
527 19
495 220
447 832
154 600
720 311
417 451
607 732
96 511
671 379
302 760
735 641
446 593
693 781
711 907
886 644
407 870
464 260
769 261
473 542
279 344
3 435
177 53
362 731
340 44
176 454
782 198
328 549
693 386
684 804
483 98
518 405
738 130
223 50
772 910
766 7
630 136
800 8
418 627
704 650
179 580
193 473
609 123
585 378
459 543
604 66
110 840
1 683
360 406
797 842
16 706
24 437
13 327
234 581
534 837
22 276
279 567
516 272
615 888
478 876
823 588
34 453
631 121
857 770
143 504
345 594
443 378
227 681
599 697
619 895
333 721
819 281
783 905
67 29
754 66
848 588
683 296
734 422
860 769
212 358
217 820
51 91
186 253
715 449
366 243
395 175
77 453
586 759
136 134
331 669
632 536
472 662
346 914
870 329
695 847
629 267
378 524
715 421
813 393
774 265
316 334
90 299
736 809
882 165
570 346
866 390
128 531
532 884
77 97
689 78
719 244
877 800
684 910
260 40
369 292
54 539
645 686
199 11
377 921
192 6
884 864
155 94
818 804
544 856
501 695
916 376
304 258
898 624
622 146
372 724
526 159
410 779
590 161
268 799
696 919
527 273
448 583
565 595
518 265
663 638
261 340
442 407
444 766
103 307
183 753
904 40
541 317
449 174
302 154
221 492
248 703
647 398
632 312
922 464
181 163
917 347
144 57
488 464
208 127
913 715
162 44
306 383
172 275
691 79
185 262
524 465
915 478
240 543
553 611
63 837
233 276
810 764
460 472
425 534
833 644
473 74
179 174
663 95
193 403
222 55
225 464
778 12
104 663
467 151
216 252
660 220
202 868
677 495
117 274
405 789
545 71
675 608
139 546
822 709
616 706
729 661
895 591
802 875
874 233
420 197
677 546
713 622
173 60
710 155
406 366
516 829
776 871
812 311
352 410
389 39
314 553
186 329
399 69
359 363
877 814
509 287
223 190
534 523
465 267
589 727
94 16
409 99
910 436
165 565
540 170
279 737
349 688
686 17
813 798
531 797
758 820
831 101
314 275
231 112
549 153
614 921
228 828
274 117
553 387
360 616
868 580
534 791
348 335
662 196
281 139
535 152
618 504
289 361
364 503
257 563
720 746
39 338
907 631
648 474
351 579
412 392
254 759
609 230
470 39
338 346
794 491
766 832
657 256
636 267
574 888
198 465
523 312
641 888
30 616
563 188
754 564
608 804
425 754
274 430
291 831
230 18
799 690
395 643
645 183
118 499
731 796
678 189
215 10
518 632
90 678
147 895
848 806
46 415
921 25
877 296
347 828
763 291
632 888
798 246
314 618
886 220
697 86
469 186
179 392
620 443
30 683
834 70
276 83
620 106
661 348
318 172
120 527
450 550
258 551
388 381
628 565
488 113
206 39
310 728
869 262
779 797
62 757
380 864
152 916
311 824
162 366
901 659
436 559
668 206
437 21
224 644
626 573
161 563
601 798
779 813
881 167
106 561
80 742
609 461
197 360
766 17
183 344
608 691
282 549
510 562
448 697
765 411
670 74
845 182
518 321
237 857
90 740
23 46
429 50
146 556
129 679
718 19
438 418
643 576
730 207
267 578
904 764
637 814
821 360
318 243
109 219
872 708
475 535
395 877
356 545
287 685
686 746
500 449
545 21
535 242
927 816
740 639
602 572
756 564
669 570
194 312
183 902
151 595
105 45
454 881
124 113
838 503
517 325
570 580
577 32
788 348
263 141
861 148
721 779
804 557
464 316
359 591
563 408
502 305
290 414
325 832
387 29
563 758
620 17
608 832
747 735
82 655
796 498
299 218
431 227
531 444
858 335
610 797
679 635
770 778
581 892
170 89
633 279
694 520
118 318
346 728
219 574
861 187
509 186
542 177
539 244
508 784
582 372
394 918
856 44
112 850
31 311
602 102
839 73
170 755
222 27
730 558
79 170
689 728
700 578
216 927
488 320
545 787
465 222
906 752
634 226
275 217
556 331
675 426
790 252
4 389
471 400
288 569
457 734
603 11
110 540
736 753
83 427
896 867
104 731
490 226
92 369
659 822
761 63
558 160
754 599
517 509
609 614
431 214
97 798
424 140
339 573
804 205
628 705
250 168
122 121
3 648
687 754
608 334
642 465
251 779
619 579
395 651
179 170
51 697
769 349
245 359
129 523
246 417
806 782
835 177
301 689
156 900
694 907
90 713
688 736
441 304
226 7
177 4
720 15
50 207
530 236
456 343
690 398
618 344
906 142
32 803
482 886
288 841
658 818
165 385
454 424
374 168
406 86
769 822
289 498
273 3
740 40
787 55
782 578
877 290
201 147
89 315
304 110
752 526
526 381
671 861
485 602
20 880
909 838
922 471
244 57
100 580
56 748
406 51
650 257
673 601
170 485
13 241
835 42
306 671
685 23
178 508
372 854
594 327
183 207
473 897
768 860
104 390
509 232
272 758
413 777
60 905
38 869
376 483
890 525
40 702
894 184
390 324
201 872
783 46
144 473
804 253
541 427
643 647
96 737
377 392
587 271
71 499
515 864
659 478
812 120
428 266
898 781
668 118
213 878
442 358
487 780
521 832
241 143
742 389
843 158
19 99
490 183
362 546
401 664
380 636
553 371
772 765
734 342
169 291
795 75
755 784
326 83
247 353
61 340
227 74
892 554
594 245
140 115
387 192
698 406
717 912
799 211
915 460
776 71
111 121
290 851
5 552
410 125
891 413
114 757
377 647
465 895
224 192
630 274
524 363
631 455
127 44
147 520
678 51
708 850
217 921
276 523
203 37
372 683
306 770
699 789
223 574
510 880
613 64
271 703
299 844
448 667
329 837
17 567
895 122
328 71
684 421
228 650
845 367
126 764
370 469
18 828
781 693
558 675
158 911
611 537
336 34
669 292
470 462
120 897
629 529
311 224
330 846
198 655
799 854
775 835
115 521
735 78
109 392
809 380
668 112
658 56
649 678
23 358
532 545
242 328
227 8
801 900
764 314
870 107
474 638
78 476
379 553
836 211
322 359
304 389
59 203
427 357
867 526
737 286
467 293
250 485
118 707
235 38
736 130
586 26
411 404
695 855
590 489
296 341
577 741
750 321
487 661
325 279
534 520
634 912
676 699
830 151
622 305
357 848
911 442
201 587
342 315
500 802
590 606
121 163
736 188
581 829
155 82
886 28
156 917
635 357
294 541
101 839
157 412
651 522
470 25
10 587
822 131
607 277
891 388
617 97
75 659
830 448
505 200
417 34
528 767
799 533
459 667
891 532
722 144
842 334
498 682
176 868
865 224
509 556
725 675
292 732
487 804
729 6
322 284
203 895
115 78
267 152
304 818
13 495
456 585
589 716
910 290
464 274
788 127
823 138
827 634
433 811
199 828
655 716
111 75
664 685
103 257
552 335
601 501
886 582
916 362
447 852
29 120
523 136
350 171
877 851
204 472
163 568
587 741
835 115
675 693
81 745
728 885
418 523
284 419
705 318
730 699
644 853
205 716
329 331
340 294
265 661
352 818
51 73
714 179
117 187
747 698
118 122
16 468
835 161
155 727
623 413
509 487
239 337
886 43
238 227
902 781
194 537
127 17
636 364
761 710
481 422
207 673
353 124
256 446
705 743
163 856
195 611
870 88
99 47
155 31
731 26
681 443
116 109
745 878
90 349
435 57
723 921
26 458
757 556
680 678
685 663
867 585
195 608
604 367
574 681
247 566
727 527
378 926
678 871
473 925
732 866
22 158
250 617
678 841
87 196
158 567
613 788
213 599
222 585
477 556
394 555
325 643
158 621
924 604
903 839
870 835
17 225
645 749
373 17
473 577
356 128
322 275
394 264
764 281
842 870
470 52
732 620
764 107
845 177
472 11
501 355
584 737
452 252
142 638
667 612
116 620
507 655
876 106
277 303
815 590
492 839
490 722
705 40
796 760
49 622
634 239
659 557
360 529
716 561
358 574
29 321
1 888
884 690
765 143
852 546
481 753
252 787
177 174
62 220
302 718
334 448
822 468
524 401
8 328
83 492
6 420
79 883
35 800
574 871
799 311
881 611
13 839
307 129
762 457
776 52
6 197
772 652
103 644
907 640
375 75
843 282
35 222
787 311
678 640
761 418
712 722
726 404
813 308
49 639
710 227
473 268
43 806
415 4
48 554
235 5
921 571
358 251
576 866
738 480
92 297
326 209
289 630
854 710
632 46
133 460
157 142
615 818
609 731
73 357
450 866
708 200
298 792
230 857
913 380
882 342
553 33
243 541
540 339
710 505
579 340
313 522
720 906
276 323
353 855
711 909
506 430
647 264
371 242
284 1
498 125
178 194
535 442
394 557
289 104
808 780
27 461
563 481
554 645
734 859
857 915
863 158
772 822
555 327
129 1
291 165
815 442
396 633
433 75
619 400
523 426
444 219
421 124
7 187
653 326
136 645
33 109
244 813
507 365
563 210
478 793
206 811
138 300
863 662
594 448
685 699
357 465
229 839
349 401
508 403
542 412
29 75
679 242
131 444
170 845
28 893
323 183
624 217
349 168
420 162
137 295
555 585
262 419
143 687
252 590
506 256
369 581
771 520
769 600
29 642
718 224
154 192
575 779
468 40
309 148
365 887
152 557
176 655
82 147
337 80
518 38
283 736
867 826
804 881
54 467
624 389
837 103
253 364
112 403
893 46
277 817
736 738
766 166
555 632
419 744
837 902
775 898
548 454
666 898
309 491
559 210
892 72
491 34
353 9
274 36
842 623
513 19
341 463
45 762
817 790
458 528
536 276
699 163
369 107
837 735
701 207
753 82
884 158
689 116
737 135
23 372
464 68
476 127
196 711
714 176
821 475
109 573
478 776
426 516
528 656
213 891
180 846
706 659
214 189
535 660
303 258
271 400
917 759
691 682
350 88
816 415
470 119
735 348
76 770
296 809
215 547
395 358
492 593
526 554
370 290
741 602
552 593
702 17
812 869
408 851
264 242
710 374
831 856
677 834
1 777
685 310
522 596
626 189
412 346
760 303
687 609
916 593
336 656
645 11
723 831
511 443
70 459
143 482
165 526
558 861
673 247
69 499
179 352
534 629
457 920
245 78
654 47
476 403
355 226
154 755
251 570
733 50
490 228
898 422
591 767
704 830
564 239
746 131
138 892
753 602
620 112
334 52
704 219
826 161
225 314
846 925
481 421
551 335
712 386
305 168
911 239
41 607
228 925
562 116
75 302
887 690
422 217
255 508
677 270
494 247
782 609
828 584
133 919
446 153
231 203
554 806
814 474
622 138
109 139
281 553
356 889
709 661
444 753
432 577
707 285
722 541
229 556
330 688
551 921
190 43
382 217
827 218
787 412
584 449
149 728
400 622
458 630
43 877
497 503
109 806
574 709
22 775
591 234
240 762
223 599
153 927
77 513
135 32
808 717
301 781
673 915
271 452
449 885
900 135
210 112
725 917
877 926
460 414
30 734
78 585
833 117
152 827
101 80
138 864
785 228
318 400
789 717
765 915
378 87
28 549
738 131
879 552
63 657
771 241
875 885
811 355
532 752
768 285
103 330
592 165
837 691
750 67
295 2
375 911
260 405
920 810
261 533
555 206
720 150
896 631
647 692
136 235
477 537
160 668
175 226
200 203
691 518
921 307
465 361
465 616
788 609
714 68
283 64
35 138
648 352
842 827
716 344
578 776
225 756
764 714
372 276
403 153
8 573
144 409
592 815
5 900
747 914
162 754
199 513
121 27
166 535
846 518
37 354
422 920
922 747
279 914
421 880
263 226
541 660
276 750
62 657
503 637
679 429
518 752
180 660
576 9
901 461
78 579
47 449
48 180
118 469
192 110
437 538
539 715
274 500
645 73
723 177
288 801
80 316
29 415
451 569
618 681
499 339
207 98
828 421
676 454
585 70
704 911
462 839
254 13
710 17
905 437
800 186
605 889
584 235
763 302
481 176
665 848
418 4
715 787
242 671
782 301
680 853
391 589
603 748
584 433
401 37
871 105
792 810
577 649
182 669
420 366
579 101
374 421
738 237
449 7
11 776
708 431
332 333
799 856
751 378
371 492
448 150
667 880
534 276
178 241
725 387
887 537
752 289
48 111
247 276
694 563
279 646
404 500
720 339
662 574
898 851
531 752
549 786
207 298
677 258
782 541
390 713
63 603
337 354
126 680
53 410
55 173
571 486
375 644
711 892
822 37
385 261
392 26
374 46
388 93
434 68
195 744
441 186
198 772
600 136
471 669
50 743
358 897
740 662
605 919
438 693
832 65
868 335
848 73
491 506
569 69
717 672
663 444
543 363
523 724
832 322
577 452
890 727
73 734
531 927
142 481
302 226
901 320
909 888
200 51
373 290
323 881
545 457
12 4
790 365
425 256
188 40
719 486
642 294
460 269
831 132
342 38
421 69
178 548
355 91
431 777
416 304
80 899
609 162
722 405
863 601
470 530
701 344
181 617
74 490
234 199
246 296
617 103
842 488
154 495
479 114
446 22
158 281
630 293
374 37
680 441
894 555
175 882
561 799
472 453
770 531
312 205
39 178
808 887
532 323
821 915
834 335
880 920
353 677
127 612
86 594
415 762
531 151
291 130
772 97
690 63
364 197
882 734
644 306
125 500
517 816
871 447
33 105
120 721
435 918
267 801
652 724
780 295
558 236
101 786
254 7
871 915
734 109
269 701
813 608
195 473
214 818
449 34
246 711
366 61
744 836
540 360
685 897
575 209
210 254
244 210
471 263
859 613
184 657
643 904
571 328
210 416
458 438
804 362
655 241
538 640
224 153
828 469
364 43
312 809
915 365
629 404
509 842
651 151
878 522
683 171
582 330
150 273
814 417
878 587
428 364
458 374
64 312
675 467
824 749
490 2
399 712
268 265
666 401
717 314
171 479
477 870
215 274
91 673
290 606
112 222
867 453
642 162
655 86
676 68
207 150
805 831
715 923
776 416
603 256
487 71
370 610
528 821
895 220
430 298
229 777
860 501
95 641
188 8
319 631
158 350
902 84
548 354
355 212
8 389
186 73
579 501
747 446
856 734
515 346
538 861
351 97
392 51
535 277
158 178
751 581
438 246
176 810
455 38
844 770
100 191
911 743
731 604
855 133
116 206
516 596
644 688
389 828
323 311
243 797
491 212
540 248
71 447
71 399
350 708
795 299
812 517
852 904
64 412
614 822
814 780
118 806
758 234
92 459
219 467
570 843
732 192
602 215
704 378
572 135
119 500
266 214
12 567
890 413
725 636
222 511
785 170
131 60
143 614
744 484
188 243
510 869
487 646
318 813
562 96
569 862
484 446
617 507
680 883
549 536
825 459
205 841
888 418
919 636
401 836
859 62
542 667
790 307
851 694
831 632
82 161
258 914
912 704
359 646
778 4
790 870
188 869
317 565
347 169
238 24
899 260
671 546
166 357
608 599
78 580
59 99
262 32
88 440
313 666
894 838
265 829
401 101
412 162
675 707
478 148
692 247
428 659
572 542
723 229
824 264
596 742
58 492
619 235
199 613
674 206
92 49
264 42
133 628
774 6
181 42
383 853
330 762
886 634
457 623
560 91
355 109
505 672
470 855
238 816
154 656
184 143
76 633
319 532
113 607
25 212
126 819
527 732
431 533
829 496
234 678
586 200
395 149
21 509
218 280
452 101
426 670
677 577
84 259
136 539
483 817
554 627
264 280
926 576
45 59
377 326
27 449
236 136
42 65
828 123
488 85
392 810
477 642
199 659
478 429
799 281
427 591
82 464
592 646
804 380
51 484
726 812
792 857
491 653
193 759
543 490
131 862
726 450
52 795
198 628
109 585
512 747
345 891
884 127
576 44
735 25
718 606
35 486
238 422
96 601
310 835
407 489
267 271
129 708
550 265
471 304
377 545
372 385
43 260
541 655
554 531
821 575
139 611
393 692
604 193
776 708
474 885
451 816
195 1
767 605
889 722
780 162
220 120
626 132
171 633
23 460
183 65
14 410
165 427
303 387
463 806
356 73
219 859
77 675
879 205
374 239
449 437
388 244
712 225
490 655
890 44
687 829
107 717
438 858
241 601
186 454
884 157
261 29
98 609
326 847
206 397
811 715
402 851
146 452
552 267
746 872
397 158
822 27
360 63
750 445
859 868
254 454
169 586
215 522
750 647
389 102
818 116
537 189
481 906
70 346
339 461
361 517
594 387
716 27
111 102
819 120
510 904
579 412
85 194
188 887
208 373
577 423
690 926
766 445
708 55
294 16
710 732
477 187
167 364
615 794
824 686
613 776
367 303
882 864
490 719
457 483
248 241
175 828
139 238
168 263
251 702
373 264
806 686
157 782
53 779
134 272
50 247
817 105
321 836
762 205
566 648
425 624
587 124
535 335
705 344
422 4
250 192
305 899
212 315
173 52
99 918
321 51
77 764
861 359
610 746
859 43
883 725
284 586
615 454
916 200
847 574
422 383
74 451
138 690
575 320
188 162
60 8
185 649
584 269
717 678
904 889
632 824
643 50
114 199
601 85
420 411
909 470
667 569
648 920
403 455
18 808
697 491
108 183
462 372
558 740
222 723
887 603
62 902
729 547
896 73
458 257
296 381
867 64
296 69
789 421
768 642
567 392
648 385
372 276
445 695
522 430
431 531
630 392
634 235
55 346
683 373
453 682
381 205
385 771
787 517
399 612
128 376
107 262
697 521
379 670
860 903
450 904
338 391
466 203
206 359
264 6
122 736
495 535
521 391
757 77
170 612
759 732
871 513
51 506
882 567
75 762
304 781
147 830
674 585
191 343
357 918
376 181
886 249
742 644
473 859
328 390
532 83
699 279
632 239
6 384
354 422
259 169
171 724
810 194
232 195
546 883
475 157
631 282
881 623
131 734
280 507
830 76
200 160
407 629
706 473
855 593
205 760
492 924
357 203
656 653
38 408
198 601
393 405
38 808
79 518
919 247
906 332
56 23
485 550
42 54
569 310
124 94
502 67
479 662
11 758
501 513
521 845
222 456
66 687
842 684
500 430
260 856
632 34
2 86
891 582
265 266
845 704
226 562
301 22
284 130
208 184
121 437
126 378
548 192
778 912
250 822
66 295
769 433
402 74
612 380
246 797
303 895
15 629
268 289
17 99
158 757
541 293
900 452
616 136
762 880
810 16
736 454
903 313
684 470
889 446
806 897
553 157
154 766
808 298
20 642
388 401
398 356
810 21
45 374
784 551
115 491
785 477
49 861
188 466
299 585
469 646
756 470
878 772
458 806
897 854
662 410
699 285
922 848
486 400
656 589
293 324
676 808
483 428
16 632
678 797
57 470
494 890
132 167
89 550
389 350
173 448
627 433
68 377
397 112
254 797
563 895
758 814
886 536
426 693
68 60
450 525
452 82
526 788
160 366
443 657
459 9
108 264
814 340
762 328
869 154
317 466
496 61
237 508
881 912
707 21
905 475
637 295
369 524
46 327
34 916
827 368
606 352
209 44
298 287
810 111
288 896
639 198
285 130
300 395
712 611
8 231
494 734
589 24
232 909
782 133
123 13
917 558
543 302
97 306
35 447
30 774
134 658
586 179
361 681
286 474
374 473
524 8
302 51
594 858
417 720
599 279
294 120
47 683
582 285
702 839
571 356
422 630
141 379
106 638
655 9
600 266
383 894
770 546
639 766
200 753
226 30
500 446
695 608
331 204
624 22
364 597
833 643
29 567
486 512
344 248
544 609
243 351
510 91
275 221
354 905
346 468
880 476
49 674
906 787
351 590
887 577
244 710
686 189
5 29
580 374
91 703
828 211
420 478
137 688
840 324
165 697
644 422
440 566
595 401
779 592
231 753
421 87
565 534
449 324
828 373
811 901
42 332
425 186
155 38
697 313
300 551
96 638
7 232
820 287
195 522
626 794
715 466
778 319
781 349
190 730
333 129
740 645
493 515
659 429
832 618
56 317
499 134
756 734
228 880
302 690
847 749
323 14
175 830
371 869
923 738
672 15
871 339
712 657
229 711
411 459
194 871
442 627
126 654
813 705
283 532
684 45
534 740
386 261
602 917
923 884
781 523
869 683
821 236
383 330
886 117
628 135
52 99
12 17
103 802
222 109
579 571
248 866
803 71
467 397
375 645
29 177
46 384
881 669
781 590
849 860
748 802
318 571
329 19
446 750
51 808
220 474
428 881
378 875
510 864
268 321
810 51
200 141
111 312
600 922
666 437
804 253
665 365
730 644
719 485
899 134
297 730
804 681
484 46
501 392
565 563
299 729
687 163
218 430
552 921
148 18
81 42
190 707
415 905
201 374
237 707
17 560
741 84
507 166
680 435
415 299
410 458
684 587
649 385
126 262
452 816
501 457
864 202
226 852
22 288
430 403
869 220
425 775
456 387
242 747
402 385
470 766
94 85
244 294
22 199
32 218
546 923
443 6
656 108
594 149
898 657
41 344
527 144
900 671
487 206
193 650
705 815
375 804
667 467
331 31
228 605
768 57
507 48
482 251
507 768
685 318
408 432
507 56
411 116
525 265
797 252
797 582
106 617
911 120
606 583
778 754
158 879
29 371
784 244
122 202
3 612
416 208
743 507
878 337
320 512
76 421
433 890
297 1
521 906
520 902
229 214
622 265
63 256
35 563
33 58
334 205
331 290
525 483
908 899
14 186
354 560
111 791
256 438
558 156
66 472
570 480
583 38
256 864
331 750
261 295
584 551
72 466
613 63
377 153
350 400
583 911
522 635
37 71
41 617
399 410
581 162
265 7
735 879
270 547
166 145
468 220
876 131
887 180
736 558
637 490
42 299
314 557
709 356
207 343
186 514
422 915
87 634
703 216
209 466
349 134
752 121
409 328
189 147
9 414
648 736
163 75
702 820
159 631
856 650
258 923
95 776
332 150
599 882
47 856
133 839
429 498
90 542
538 924
549 680
224 686
695 99
625 711
58 112
867 408
768 455
105 167
14 136
200 274
565 712
350 448
322 673
213 709
316 561
233 678
65 327
173 911
518 606
320 774
203 250
823 787
42 275
775 334
271 916
275 50
717 867
923 831
241 609
558 141
780 718
293 838
705 799
137 756
548 101
260 351
465 545
550 106
22 163
891 114
448 12
539 337
456 323
667 669
656 772
640 22
218 475
204 607
469 662
334 735
862 912
819 88
33 391
51 608
670 214
80 194
577 627
63 781
159 160
615 461
373 814
743 749
731 173
610 493
377 12
182 750
298 661
246 214
831 259
481 682
511 811
10 907
620 770
819 466
4 69
236 705
314 482
921 294
583 556
428 46
838 362
912 101
324 346
698 118
453 824
748 354
855 820
163 633
628 589
517 34
595 498
805 620
838 225
50 829
309 616
546 828
651 263
114 176
355 368
686 617
906 431
896 144
95 559
4 108
237 893
705 303
337 545
471 735
709 296
17 906
35 272
175 52
883 784
307 72
419 386
304 405
540 822
12 895
173 787
19 248
758 119
435 328
657 296
608 380
703 152
720 708
534 471
181 536
875 384
333 279
918 416
323 229
602 181
6 276
608 121
305 352
40 25
759 418
275 492
305 89
214 316
847 27
762 137
896 339
126 553
211 534
762 648
33 685
11 229
575 181
344 880
778 814
108 857
493 738
251 511
129 424
675 471
531 772
393 773
384 58
257 429
569 34
128 709
706 50
469 657
805 110
204 642
746 114
52 609
764 469
922 176
252 429
420 276
642 327
146 905
153 318
793 823
765 569
82 903
763 115
621 263
649 496
446 273
523 214
333 95
206 461
909 749
383 632
538 391
836 575
551 276
117 280
488 563
131 85
475 390
495 673
24 412
880 160
686 688
386 252
871 318
663 147
716 221
482 510
339 879
396 350
606 746
152 425
314 487
873 335
243 63
644 647
136 326
393 895
866 54
149 552
80 863
101 358
552 649
298 670
34 252
22 323
53 210
200 264
499 14
320 474
108 381
786 86
67 741
882 502
278 905
666 7
843 529
62 90
632 621
664 740
848 580
303 618
489 324
885 703
601 21
578 703
469 47
803 120
803 8
435 648
367 550
458 868
131 326
319 703
632 168
855 377
499 26
208 463
669 20
448 402
709 295
112 816
97 479
815 246
268 886
7 538
171 37
537 505
409 913
863 854
657 505
125 152
910 354
761 494
860 717
804 661
118 435
319 456
228 707
151 488
411 247
149 740
222 426
859 664
394 79
702 819
352 355
834 528
325 414
475 429
425 379
99 333
386 428
588 729
912 444
62 478
801 224
675 173
56 795
17 421
62 148
849 677
772 852
859 17
644 589
888 242
646 167
878 648
108 482
34 88
665 742
251 832
831 537
741 321
451 727
824 888
545 322
329 862
252 826
698 444
53 867
106 807
874 658
907 595
362 792
487 591
83 4
693 74
182 374
642 474
900 533
526 782
788 26
258 191
344 749
788 542
395 435
847 805
647 248
99 193
520 350
161 475
778 589
179 129
411 494
734 145
376 892
388 95
88 758
855 519
751 314
761 888
898 154
900 891
67 140
812 530
427 296
866 547
593 100
85 299
447 866
618 728
45 777
709 109
493 800
802 116
714 148
18 165
10 843
144 8
283 359
119 685
683 783
80 773
184 135
289 424
540 331
541 61
872 46
32 799
611 185
909 261
233 525
761 675
77 234
428 52
85 812
728 125
326 886
723 614
183 362
726 741
172 549
180 694
120 871
199 7
503 475
302 332
820 281
535 730
828 777
187 658
144 647
389 133
701 484
917 858
148 878
204 612
406 573
905 36
118 469
470 520
401 516
551 698
75 878
72 580
919 654
279 275
48 442
663 490
489 475
64 923
218 570
114 188
36 466
410 555
671 380
649 489
144 875
109 926
414 697
269 304
629 26
825 867
166 443
594 7
467 540
368 759
336 445
389 182
364 341
710 14
710 734
391 771
579 833
464 432
194 758
61 856
732 370
396 253
365 520
434 646
586 109
108 473
695 56
200 538
691 875
220 40
235 26
643 618
697 584
440 705
874 603
211 341
632 601
608 919
568 309
420 482
849 456
527 385
820 458
462 132
833 677
271 651
25 658
239 506
906 769
546 150
586 564
759 756
636 99
438 878
671 855
477 590
440 747
910 208
593 513
681 639
764 804
209 67
767 45
449 79
718 530
612 744
678 731
166 836
46 530
458 206
54 2
201 493
415 343
616 137
76 683
449 870
679 661
793 770
302 861
185 479
200 32
67 162
235 556
498 179
344 594
899 302
209 91
12 363
595 35
93 894
782 569
626 377
43 237
737 596
640 482
131 908
776 596
704 195
281 818
748 606
884 119
860 585
614 433
912 208
392 927
534 496
442 750
218 329
490 686
503 513
173 914
311 326
219 882
569 80
824 333
437 907
606 787
725 126
765 457
88 315
239 31
319 729
39 458
767 77
785 727
332 733
556 244
426 591
507 751
494 127
290 48
280 101
48 567
513 507
80 586
153 256
270 728
2 324
103 722
878 875
206 851
401 757
218 714
67 334
433 118
914 867
18 225
72 131
463 574
271 454
750 228
239 443
284 721
742 753
684 52
736 871
586 243
448 693
90 8
12 884
439 185
101 734
30 251
575 152
606 221
653 544
122 95
169 908
316 556
704 478
184 481
352 811
510 393
782 814
564 808
373 637
567 516
251 699
806 58
557 439
680 315
411 358
236 839
121 204
205 491
64 382
8 891
23 214
823 480
537 308
84 324
523 856
340 680
178 751
181 857
530 218
93 8
867 161
785 260
169 91
477 608
791 512
821 708
171 64
632 658
927 322
619 490
671 310
226 872
227 546
131 82
813 600
552 174
261 651
569 2
694 209
449 90
248 283
495 364
377 222
806 612
391 680
132 864
221 62
245 479
740 506
893 764
37 608
400 631
195 777
845 355
477 878
207 209
544 524
886 219
700 243
771 465
901 207
792 897
870 108
858 443
281 528
368 278
20 454
426 557
631 35
342 757
604 48
83 246
470 751
795 518
531 34
469 152
793 605
414 209
506 717
8 882
893 528
134 220
306 141
765 10
829 498
539 243
593 500
613 370
559 269
345 185
150 226
853 295
783 101
803 53
831 470
899 236
726 922
153 499
846 9
639 57
304 625
90 317
414 775
295 565
535 848
381 665
896 213
465 724
923 45
408 259
824 436
230 63
487 98
788 743
491 729
148 346
559 256
797 210
181 568
536 556
595 440
783 435
877 783
104 128
436 90
69 239
80 21
461 176
354 494
287 777
492 169
855 791
422 724
754 618
343 867
257 424
718 221
177 514
237 888
753 63
395 23
540 631
799 310
550 861
30 590
432 404
81 542
217 107
157 658
131 803
48 103
703 367
339 444
186 422
558 32
647 588
371 515
601 595
326 484
141 591
700 392
882 615
275 150
669 435
117 480
492 660
810 898
391 659
99 845
472 879
699 83
813 736
364 884
729 364
155 498
463 112
814 233
795 179
155 376
41 556
630 381
440 784
521 134
94 131
214 573
833 732
439 369
826 310
509 580
665 487
624 650
619 58
669 744
119 581
809 798
217 439
683 144
649 165
875 327
646 19
167 759
63 222
61 537
247 903
107 721
875 386
660 446
533 748
755 775
820 133
136 499
237 890
761 408
758 666
809 903
763 485
620 746
810 533
323 19
501 471
88 274
103 72
143 99
498 830
748 857
782 74
729 681
114 162
572 437
497 184
886 702
307 501
16 32
410 861
922 230
922 233
79 578
787 330
445 633
488 442
137 512
868 190
869 682
181 80
90 174
493 850
441 115
300 159
20 685
100 808
920 307
103 568
706 697
26 503
219 610
826 728
274 305
205 562
621 909
337 517
457 311
889 53
123 191
663 754
859 823
854 77
512 472
102 847
876 400
600 249
795 357
680 614
543 770
448 719
474 360
800 620
465 137
736 194
466 24
299 22
712 921
690 538
167 461
43 575
111 715
89 410
533 446
523 894
94 826
815 721
414 566
783 868
325 874
873 341
8 511
376 661
104 254
637 64
655 904
765 194
923 847
52 419
693 323
530 173
2 379
114 429
156 28
532 799
424 735
750 594
367 345
875 146
134 324
327 816
629 841
767 626
768 57
202 107
205 247
336 296
297 77
722 54
231 899
151 306
920 232
684 350
731 350
564 241
266 343
399 278
895 809
897 244
209 546
904 706
158 338
790 711
901 302
351 478
224 13
37 818
152 92
31 263
212 315
728 883
475 513
201 623
632 627
477 860
15 716
363 679
596 623
98 246
265 500
762 94
480 477
707 428
589 742
783 890
568 54
65 239
559 87
917 25
299 15
367 918
199 168
337 580
315 445
399 727
674 888
670 659
472 381
744 324
403 192
136 239
137 860
780 557
828 52
258 148
484 857
244 284
617 306
772 29
927 266
286 475
207 613
846 294
568 885
164 859
801 281
739 53
893 760
531 865
880 318
688 377
354 267
353 511
201 577
633 544
625 195
297 666
667 291
767 442
31 286
157 166
665 476
610 670
730 386
138 913
627 433
475 444
661 588
293 848
547 241
652 57
867 182
229 80
180 510
873 357
731 575
408 657
688 792
626 662
213 505
632 92
570 156
649 874
916 795
207 225
195 716
66 860
780 299
761 82
40 481
449 407
378 135
193 917
809 36
60 226
595 813
164 44
194 368
352 192
181 136
402 815
646 176
213 863
456 84
917 450
578 688
526 855
564 334
624 262
767 57
282 28
788 413
534 655
336 580
921 231
661 393
169 670
249 729
147 850
672 362
428 839
738 696
295 195
862 272
46 330
359 901
116 47
296 48
404 880
817 851
306 1
588 316
648 664
612 149
455 281
616 482
351 405
570 751
431 862
742 758
671 141
261 841
858 18
287 507
849 624
447 220
482 875
491 867
467 116
548 533
810 753
63 875
606 809
702 806
813 18
842 489
436 342
722 149
98 886
576 293
711 600
466 203
593 630
562 806
795 95
766 235
540 520
413 818
247 622
481 107
892 224
151 132
706 520
87 384
437 71
762 622
225 759
51 739
26 524
914 420
797 496
168 837
255 285
651 291
41 181
765 127
634 730
397 579
684 790
642 351
5 113
528 821
897 701
756 18
537 442
541 311
614 850
44 484
118 559
801 218
525 602
439 287
644 217
132 127
675 687
93 851
820 339
829 395
875 52
533 516
72 433
130 520
404 742
424 477
370 331
86 843
483 817
860 398
545 846
563 921
675 613
126 756
193 214
550 128
499 584
636 247
850 550
266 179
325 271
676 267
208 824
303 356
878 13
924 417
755 588
471 879
14 303
156 149
65 812
521 16
783 73
537 126
763 480
47 646
163 533
560 598
505 735
230 795
559 577
450 782
570 10
329 899
300 267
546 582
746 43
90 361
240 515
476 564
599 357
727 178
630 723
549 225
750 511
174 657
605 433
68 626
143 493
709 170
274 704
766 726
589 809
873 854
139 625
399 508
637 189
651 829
891 684
296 666
601 427
153 529
336 56
483 59
477 226
699 400
48 899
269 76
225 89
713 38
130 784
921 228
526 44
629 25
620 220
410 562
131 10
133 697
666 713
732 440
543 471
150 546
648 103
323 75
478 620
922 51
906 849
786 80
813 808
870 375
795 675
110 895
652 231
704 202
206 299
310 770
771 287
579 672
634 607
33 307
656 145
923 250
11 261
897 692
430 706
609 46
579 53
882 402
740 613
233 162
658 13
50 318
742 722
175 494
159 810
211 368
353 47
415 89
870 903
84 20
400 657
206 394
745 397
307 840
792 183
30 131
77 132
437 481
349 57
505 134
685 441
98 814
878 704
697 157
68 603
575 170
792 497
24 817
7 568
411 196
851 300
246 264
253 805
256 516
73 25
871 112
574 328
825 549
927 737
601 347
17 662
695 658
137 788
133 895
242 612
616 444
625 440
40 777
437 491
591 109
309 886
611 98
907 605
757 111
709 254
308 502
205 147
383 592
634 316
852 41
593 772
743 650
470 818
430 412
512 298
888 143
818 847
716 423
664 584
212 99
686 921
436 245
529 764
388 327
548 78
338 145
690 283
772 539
538 766
164 678
176 876
903 518
35 141
667 187
713 507
526 468
609 372
708 719
900 424
393 714
762 689
50 11
709 544
110 221
86 898
547 896
371 8
340 394
613 376
816 329
922 443
42 93
38 552
729 146
650 663
895 47
610 152
510 883
636 787
470 893
729 301
96 768
889 19
394 85
228 437
917 294
34 477
382 579
735 288
511 894
59 42
690 595
206 489
146 817
744 723
846 91
913 46
145 635
366 461
477 252
274 530
691 97
293 913
543 184
924 255
886 470
94 460
386 782
710 723
779 260
458 487
77 348
105 782
33 308
925 279
324 280
420 214
529 593
827 874
777 276
669 637
193 394
672 315
159 330
406 37
52 442
76 426
907 696
517 789
511 97
784 367
299 54
400 328
155 357
652 216
532 71
780 560
728 36
245 70
222 388
696 794
778 590
306 769
291 595
562 457
303 346
901 105
555 30
526 617
289 335
787 306
756 91
273 841
759 589
808 398
57 197
884 226
660 906
55 544
654 690
431 500
141 678
196 673
291 577
916 580
29 862
736 255
236 789
543 388
923 297
56 269
189 432
520 53
529 112
252 610
864 65
415 423
335 151
532 241
190 197
173 570
258 328
899 235
557 472
602 862
787 10
128 523
467 36
419 203
495 876
797 552
753 725
337 303
546 705
552 891
173 749
294 100
507 691
865 445
308 900
916 786
630 447
820 703
146 33
504 805
438 501
797 248
769 657
120 602
303 772
772 839
470 277
326 134
432 431
288 411
291 276
298 296
274 465
252 651
501 235
558 679
678 493
867 384
305 313
458 176
390 63
720 74
811 663
664 95
721 596
591 369
281 141
726 660
688 225
238 781
500 169
632 545
483 8
808 399
723 715
711 311
268 414
851 538
118 554
171 639
569 822
328 579
213 477
140 250
758 812
553 280
284 123
742 597
228 639
863 879
259 836
218 185
696 913
414 747
197 666
362 479
812 7
580 78
164 923
484 539
337 206
643 130
540 225
724 579
322 546
349 479
56 646
861 268
522 856
54 11
455 827
182 350
180 104
773 737
308 636
600 464
110 511
689 362
706 296
469 507
745 144
249 577
320 204
186 462
10 437
255 887
298 602
920 227
100 864
859 338
164 845
445 489
589 523
382 327
13 177
260 522
637 622
49 612
603 819
453 351
135 335
69 742
891 417
824 460
299 285
562 50
919 744
903 684
183 163
78 201
486 571
81 176
917 145
395 447
12 118
721 117
682 163
71 866
270 751
200 116
888 906
344 502
128 34
903 541
614 17
921 439
37 21
566 541
291 180
769 397
90 26
819 117
274 746
140 29
523 495
666 155
831 472
601 243
893 572
883 184
769 526
270 627
918 206
528 793
815 501
11 878
306 845
425 41
604 434
139 903
701 139
913 430
133 781
248 396
838 582
800 470
468 882
235 614
63 412
70 733
283 887
482 744
254 110
442 531
467 338
520 709
321 255
246 506
553 877
293 899
462 143
801 1
723 673
760 676
472 638
583 441
233 20
667 421
415 752
546 784
655 734
410 414
297 550
756 858
316 577
492 612
651 36
743 6
368 813
327 96
421 575
835 733
593 651
463 22
95 548
776 95
436 448
786 630
67 365
342 358
230 272
438 436
181 107
439 748
394 491
535 873
666 890
861 598
775 630
728 920
321 663
69 486
486 81
866 899
654 351
246 267
651 489
470 612
301 267
415 7
558 481
625 552
94 890
50 66
641 911
833 744
691 759
811 712
810 631
593 856
740 141
352 522
431 555
411 291
561 742
151 551
145 643
426 759
262 380
174 681
296 373
280 657
289 755
118 401
167 375
519 240
801 80
859 846
29 610
294 665
391 549
541 306
37 794
596 451
170 22
561 153
715 251
636 675
631 638
527 883
283 579
46 137
718 653
276 20
297 13
339 394
455 491
168 739
423 536
283 228
479 330
444 404
528 407
88 516
659 547
229 747
802 274
600 519
337 860
457 329
724 188
108 427
785 902
382 55
446 45
842 263
32 381
210 332
371 644
141 683
163 103
567 801
287 727
767 403
404 588
280 673
494 497
99 875
575 494
163 268
242 156
19 60
612 652
757 631
236 176
804 455
583 689
82 803
369 290
150 532
867 776
293 598
812 645
321 335
286 223
877 794
84 281
897 224
658 784
658 713
244 361
504 832
2 890
251 56
409 410
707 33
275 283
714 65
754 90
435 116
658 270
305 696
98 285
381 296
734 811
495 903
71 115
358 19
174 877
466 398
634 796
117 167
161 606
106 685
306 455
62 461
104 174
496 662
877 757
352 510
674 759
737 89
522 328
851 657
66 89
813 874
44 40
787 110
55 717
129 844
52 361
731 905
145 706
688 660
290 890
40 480
173 607
558 660
684 706
243 342
665 633
245 864
401 515
893 891
604 203
259 366
71 543
523 152
263 145
313 513
451 690
512 559
91 122
355 855
827 871
130 517
69 447
799 733
352 891
907 504
663 562
879 506
60 157
535 200
449 183
171 96
48 550
184 778
906 841
825 3
632 476
324 323
323 58
299 714
188 645
423 462
321 456
789 748
319 204
580 608
298 282
180 144
461 153
616 922
386 841
385 601
821 133
513 71
233 103
107 670
781 573
730 204
317 665
586 634
71 752
463 206
675 127
211 485
669 261
774 204
292 854
814 292
58 805
308 68
913 770
585 713
120 355
109 438
437 340
896 48
554 34
763 891
431 786
537 3
869 407
635 247
823 440
488 158
256 189
278 464
345 700
382 412
75 403
109 781
634 313
71 298
588 332
807 578
42 376
839 220
179 575
104 551
752 372
355 170
187 828
669 119
697 476
308 243
228 222
356 492
790 228
566 609
186 756
59 674
266 51
615 71
851 263
303 39
886 793
519 141
671 439
450 309
837 426
81 906
539 420
101 139
651 275
869 17
393 21
348 312
686 86
100 773
120 410
758 678
138 184
891 860
418 60
52 90
499 712
356 232
880 221
256 41
57 317
613 531
809 480
286 48
271 686
826 784
743 722
768 480
629 616
859 328
329 900
840 715
671 583
145 257
685 702
46 92
748 470
191 488
384 646
63 393
697 287
371 440
857 675
849 304
523 847
156 442
249 892
673 549
670 262
784 445
365 368
132 420
701 680
203 543
278 521
659 362
429 618
906 746
386 455
153 571
311 381
294 785
70 926
782 279
535 387
375 291
302 107
441 285
301 620
902 906
319 169
251 313
696 813
444 884
5 892
341 859
176 781
538 5
174 416
395 504
401 80
69 123
375 376
662 857
145 203
430 194
191 326
328 24
839 811
100 663
916 818
844 52
592 552
208 56
113 511
305 270
262 70
773 141
485 49
505 117
410 371
130 422
785 432
140 530
686 793
884 850
717 797
832 414
604 116
335 110
187 509
748 476
474 778
210 672
6 61
200 130
587 443
663 605
894 457
494 218
871 397
57 34
489 640
598 692
430 555
384 448
597 226
900 679
612 888
239 223
876 390
163 508
485 665
182 226
912 251
789 193
861 384
276 898
610 517
83 377
171 205
254 845
110 150
442 853
684 742
631 418
245 524
763 246
732 468
691 714
215 645
362 361
300 687
300 203
925 888
812 304
27 270
701 723
786 727
321 245
413 666
205 660
296 428
655 485
222 912
239 795
760 190
350 34
265 626
590 83
235 126
627 43
801 843
795 640
175 761
317 793
709 331
681 917
337 759
291 651
900 292
844 94
787 775
296 241
590 538
354 636
717 127
229 698
884 627
598 203
416 601
424 489
47 332
213 710
4 522
711 511
271 704
139 715
715 330
440 121
408 746
128 199
89 805
614 224
532 133
228 809
445 643
380 434
736 853
280 734
543 61
800 230
497 570
713 542
576 499
631 287
699 486
921 431
50 37
121 197
748 601
95 104
735 325
820 828
231 347
363 31
278 277
428 397
320 461
774 924
6 280
693 665
507 334
837 671
250 81
539 169
41 586
255 601
31 334
706 107
363 577
733 12
358 299
561 154
401 463
265 565
758 502
67 733
9 132
383 738
299 686
192 843
597 361
785 371
349 915
510 699
538 423
266 248
461 637
545 369
418 815
425 435
549 277
714 846
675 879
736 326
483 778
341 554
636 262
744 234
395 851
756 543
675 104
515 458
471 320
768 184
513 665
776 418
484 413
452 722
1 668
639 376
595 668
362 291
883 721
767 348
160 864
690 846
48 323
20 705
877 759
670 894
617 292
321 839
641 858
169 412
821 204
898 321
397 180
835 650
878 787
658 913
620 119
316 59
722 901
80 576
445 755
209 813
208 820
645 157
591 424
517 178
684 480
349 848
773 449
151 620
803 849
881 867
46 844
200 887
646 158
44 431
891 846
887 233
208 845
317 576
572 309
458 179
866 307
347 800
232 101
348 737
872 335
459 300
487 143
197 191
295 657
333 56
481 104
135 729
792 786
730 710
6 820
304 420
507 192
436 191
132 130
753 227
841 777
332 538
827 159
101 430
665 586
890 844
205 394
94 855
225 1
547 725
902 127
153 890
256 840
793 849
579 427
904 321
479 39
633 429
632 184
51 317
457 670
727 124
454 720
474 6
118 169
554 565
313 319
354 51
469 139
95 403
270 795
637 164
759 189
312 858
239 11
608 349
337 750
858 710
260 325
523 161
295 230
521 824
535 846
444 846
78 632
524 660
567 535
510 57
100 592
920 496
627 432
81 159
32 800
614 260
583 418
888 413
901 228
108 237
632 160
596 796
913 297
511 788
751 272
444 575
550 547
623 281
622 625
551 399
607 403
128 8
781 539
190 391
391 294
111 317
142 52
498 186
864 387
458 358
341 683
773 912
806 105
659 700
817 910
781 555
141 678
893 618
603 164
574 858
874 631
418 752
130 793
562 392
68 741
418 887
515 681
527 27
927 229
273 492
551 766
892 264
433 829
636 821
923 184
855 651
246 242
795 658
32 862
324 65
378 414
501 356
806 838
240 815
899 666
753 438
891 45
185 596
35 697
44 14
481 649
381 218
379 179
578 797
550 304
687 680
451 226
600 900
884 372
782 436
383 914
262 709
37 313
559 893
456 13
393 601
565 137
783 105
1 846
545 241
299 384
182 748
763 633
440 146
556 791
132 549
704 698
322 486
620 278
836 601
609 314
128 599
300 169
662 644
229 807
737 769
413 38
920 418
256 596
395 229
31 469
177 49
516 911
757 406
774 773
370 654
846 701
825 131
138 649
73 508
678 695
610 639
259 364
141 336
778 673
701 197
457 591
897 783
224 606
465 639
701 613
402 516
297 250
349 627
922 109
132 257
633 681
646 603
848 377
191 590
710 738
285 108
850 145
782 666
259 500
36 29
450 23
466 729
644 302
653 272
501 664
147 198
713 594
323 180
700 77
462 702
246 181
269 545
304 862
796 491
833 411
337 856
839 137
593 335
644 546
148 820
604 921
315 335
720 603
325 18
62 252
425 569
335 364
518 719
289 717
166 519
728 330
917 215
810 864
311 679
321 417
165 703
487 737
434 53
853 835
428 645
781 502
70 615
70 804
618 500
131 755
177 573
313 135
390 157
167 756
717 525
331 470
5 807
362 195
144 616
291 55
16 213
350 123
60 38
308 618
322 629
772 912
770 372
179 104
331 253
481 898
518 316
462 228
58 241
318 680
311 846
130 330
77 299
438 214
79 82
463 894
497 678
768 801
70 309
341 740
380 823
259 908
174 661
735 178
155 539
924 773
313 282
191 66
426 86
653 103
697 114
382 588
380 787
195 77
903 434
915 451
472 775
817 602
636 784
749 470
824 619
658 65
194 493
210 227
236 912
606 872
255 380
357 605
503 279
305 145
120 276
137 401
492 772
389 74
726 127
213 154
18 8
279 263
534 353
28 251
77 100
330 300
497 403
674 254
202 209
497 325
235 176
19 178
578 587
332 694
831 771
718 1
923 171
192 654
721 262
279 668
53 113
740 498
247 294
410 813
613 443
563 616
693 313
714 529
421 529
818 213
889 477
159 641
861 549
181 498
234 47
99 51
427 141
581 313
409 356
149 27
605 171
209 785
607 361
380 833
912 921
253 487
491 498
185 750
97 770
845 535
723 621
6 790
770 386
404 274
177 115
667 562
44 484
306 111
767 416
418 534
414 742
271 261
359 371
14 908
809 400
455 256
677 110
460 285
28 556
76 45
870 45
615 851
924 812
2 535
753 734
398 899
295 522
664 202
337 537
886 573
430 501
780 845
686 466
715 617
189 504
421 558
740 831
534 76
498 88
394 763
786 802
54 556
313 627
368 585
409 313
1 897
288 291
871 728
838 376
91 624
779 855
329 190
357 905
800 280
864 895
17 309
884 149
251 491
320 200
905 221
153 756
469 52
135 900
491 269
856 377
887 31
197 678
80 335
805 546
536 257
703 67
188 893
122 105
243 483
360 664
620 342
494 226
647 785
43 33
348 158
384 565
747 582
571 381
679 357
671 724
451 356
315 341
81 730
371 428
866 157
612 323
37 42
776 696
254 484
635 289
138 780
439 858
134 885
297 856
738 549
602 55
638 512
401 162
756 634
156 238
903 592
48 420
165 8
380 145
225 649
457 353
64 291
746 270
783 144
435 254
775 581
69 229
799 461
693 583
22 97
786 308
843 474
476 60
772 541
571 851
283 835
860 284
131 19
592 128
251 780
153 628
344 33
600 391
186 603
596 175
762 604
60 452
826 592
610 413
466 202
585 601
477 90
599 425
307 310
446 342
191 881
392 83
71 379
340 796
546 252
286 249
494 595
779 587
123 188
16 619
777 288
591 163
86 720
444 778
717 248
437 49
736 584
30 285
731 672
637 811
720 763
117 48
741 647
226 164
487 456
856 843
7 391
743 911
358 406
553 372
31 215
479 524
261 271
759 397
214 744
204 901
484 355
717 321
597 422
694 225
85 828
235 651
625 217
119 677
140 920
396 461
756 146
488 441
820 636
437 544
736 180
677 525
721 891
886 618
628 861
667 915
656 166
366 277
313 241
163 180
443 728
233 884
202 361
897 675
19 418
271 858
185 876
886 563
717 756
617 379
2 835
453 691
748 363
444 580
4 129
574 311
90 16
52 567
813 889
888 92
881 391
305 913
288 777
74 588
298 288
694 498
478 526
546 690
542 172
686 896
121 348
89 507
869 779
837 56
271 448
128 284
811 52
41 915
208 76
723 1
437 487
652 804
506 847
12 110
520 348
15 10
328 264
313 188
905 133
163 321
851 666
527 80
129 329
552 261
239 698
221 855
488 605
1 244
477 752
222 232
3 443
685 428
276 54
712 679
296 894
751 891
459 662
440 52
839 640
115 491
228 603
520 550
428 19
701 705
344 364
702 327
357 656
482 632
365 87
322 111
628 72
162 835
922 55
454 790
451 719
381 448
309 678
588 685
109 775
140 791
133 372
819 455
696 327
212 600
22 766
372 473
927 721
282 96
694 565
382 567
71 197
230 720
454 9
773 880
487 730
788 483
42 5
287 552
577 474
272 470
790 896
868 319
191 398
814 837
575 9
644 653
927 27
693 769
280 623
150 671
120 426
428 621
923 764
94 696
765 642
44 407
428 300
590 458
618 11
260 117
91 416
672 673
732 531
215 7
187 666
202 771
719 533
400 627
190 232
63 814
675 711
863 837
864 349
641 705
117 821
566 745
400 79
752 842
327 537
188 593
73 875
86 411
693 177
759 383
223 547
801 459
148 628
638 586
44 605
176 677
819 759
372 642
833 112
622 82
626 523
53 865
269 744
174 560
424 433
120 505
164 734
736 893
689 98
591 769
174 702
543 301
705 414
510 365
47 615
896 846
689 133
496 846
24 285
580 869
54 834
38 665
583 825
632 288
329 874
355 795
907 781
214 904
145 643
557 71
249 849
412 486
678 536
613 819
416 521
338 216
619 109
660 840
7 163
684 207
253 8
264 856
612 440
729 916
798 177
830 905
619 730
244 400
397 516
521 480
275 762
191 43
427 589
882 672
448 712
112 248
119 790
865 377
475 739
692 645
908 856
553 851
161 84
676 664
470 537
462 584
569 312
357 4
195 133
874 907
780 256
315 106
114 587
698 398
526 471
567 676
511 78
328 522
848 189
212 452
70 18
893 702
403 113
814 340
331 231
698 792
167 278
529 342
371 438
226 912
149 348
789 28
761 313
833 153
679 57
410 399
110 238
540 919
912 15
799 163
433 93
547 827
518 157
354 298
537 699
322 353
99 379
593 576
530 38
348 613
24 114
733 700
466 118
696 253
632 529
253 456
201 473
73 91
140 243
288 379
192 623
552 714
5 839
231 208
97 306
434 866
270 513
788 204
318 22
263 788
491 226
626 832
899 541
593 1
728 361
764 242
717 158
326 814
13 861
912 373
897 618
493 623
56 216
658 311
275 308
734 809
683 640
507 124
32 461
433 748
323 159
205 559
287 9
480 243
923 73
23 681
568 871
104 398
551 243
776 205
210 125
864 176
200 515
873 658
784 581
33 692
251 804
371 793
345 346
581 663
742 446
75 116
563 785
916 498
617 390
225 186
693 214
191 752
209 64
535 420
445 808
794 114
712 456
211 830
110 13
750 10
581 142
236 478
393 448
740 205
738 419
767 572
831 447
33 122
572 314
481 709
881 813
379 518
743 769
77 498
769 419
81 378
115 878
594 346
560 288
75 486
27 15
804 651
233 417
336 60
318 402
764 537
594 772
130 558
921 773
915 675
187 318
512 339
906 751
265 230
519 593
173 615
541 428
629 281
365 409
884 896
138 38
567 243
365 173
291 431
287 102
834 477
266 204
805 143
443 523
546 633
619 161
165 468
281 852
283 131
893 168
362 580
500 787
618 426
238 85
876 476
396 406
518 364
806 299
193 659
527 97
442 763
721 579
436 569
917 67
370 796
218 508
749 154
629 742
396 40
97 850
118 686
498 458
287 847
914 888
358 393
742 86
510 643
91 512
671 366
583 681
98 235
365 717
358 814
819 753
78 147
410 418
496 601
715 831
775 386
635 499
643 914
103 301
347 116
530 731
265 75
855 906
447 449
565 425
615 720
626 292
8 22
812 247
608 504
265 203
664 397
845 925
487 769
375 328
8 639
149 859
876 806
404 48
916 149
259 317
296 911
515 835
644 640
141 665
302 920
28 817
71 422
343 863
630 811
686 160
423 430
761 57
194 87
338 380
30 495
82 477
32 566
33 554
299 891
840 902
380 369
893 382
750 243
318 497
128 722
367 234
217 8
819 385
348 84
412 608
387 175
196 887
443 689
463 892
538 563
618 771
359 259
848 119
713 496
262 632
20 615
45 172
203 47
601 512
537 407
702 345
281 146
371 133
65 810
686 645
735 158
847 256
477 411
119 276
874 604
264 10
117 914
191 183
676 174
260 354
408 115
264 218
827 835
617 266
917 365
779 144
451 720
101 578
917 456
389 328
89 768
779 905
398 763
387 272
748 547
902 319
447 575
237 191
475 175
290 622
1 379
233 149
307 143
725 73
647 616
107 690
301 897
229 584
572 782
896 737
721 177
133 145
772 870
170 269
814 66
199 132
653 16
209 33
256 625
116 495
470 555
570 862
228 235
588 887
382 610
514 249
34 428
599 849
481 522
664 278
83 237
368 269
906 712
371 321
148 593
324 94
343 809
381 560
413 54
787 5
595 613
701 811
128 193
365 591
87 596
815 527
36 668
487 193
871 567
893 254
531 67
114 835
670 848
16 651
529 637
446 496
833 25
373 733
642 67
262 55
435 836
580 716
46 103
916 475
210 44
153 245
925 649
778 919
236 284
324 881
398 557
201 427
563 795
145 426
506 886
85 37
689 44
910 120
698 544
817 96
437 484
909 653
506 116
237 324
779 89
690 42
176 107
677 640
782 483
325 402
317 189
115 116
118 878
467 823
626 845
742 773
326 42
148 396
726 75
443 126
551 507
254 453
832 635
472 510
22 170
847 233
672 764
859 20
499 188
596 787
515 373
774 51
659 525
498 94
593 890
132 647
106 236
117 537
143 69
312 900
342 201
537 647
841 30
541 499
212 412
770 661
38 746
649 373
639 419
218 924
442 824
261 775
195 771
98 253
113 51
628 453
129 492
313 558
762 526
799 576
450 2
797 530
663 68
153 846
570 443
238 561
95 811
298 740
646 640
93 681
831 704
75 713
274 266
373 565
900 609
313 157
833 875
830 547
193 554
577 490
166 283
320 271
693 225
805 590
904 580
209 203
307 759
107 253
518 628
770 631
878 610
306 374
670 414
793 878
478 73
390 502
175 350
622 298
492 901
491 789
908 879
148 606
6 796
112 495
57 151
316 891
783 143
411 172
626 40
603 604
75 139
331 483
56 109
821 23
741 447
812 602
808 807
824 911
267 490
14 884
451 731
808 792
81 614
88 540
79 85
657 602
17 208
44 327
626 180
308 831
272 53
902 351
578 107
459 17
122 489
778 835
78 778
444 521
528 324
611 770
98 279
350 188
438 682
399 807
491 573
426 149
804 125
386 806
661 640
348 705
857 518
590 163
629 623
763 601
813 139
32 906
698 775
734 523
763 629
324 183
240 143
415 251
377 636
900 443
527 919
723 244
241 815
68 47
248 412
790 679
787 66
95 264
665 66
121 739
591 814
743 240
710 512
63 527
155 151
656 288
770 265
178 419
672 692
718 506
299 432
529 276
463 569
600 657
472 49
923 590
346 169
430 772
321 426
133 355
204 495
577 808
312 74
724 557
432 140
278 280
853 786
249 217
337 513
588 650
91 280
457 161
249 826
718 584
206 565
632 451
243 135
380 553
432 836
472 223
500 529
177 503
92 488
745 704
70 90
864 104
763 8
301 310
268 66
565 702
372 689
553 611
87 568
876 709
52 235
173 855
77 228
713 788
91 888
354 530
726 243
884 183
215 365
837 104
133 27
434 355
744 567
626 375
106 919
920 362
707 656
263 541
280 869
523 564
366 390
794 600
295 25
740 616
842 649
753 330
542 483
245 717
530 336
402 182
86 440
548 477
707 885
598 774
422 717
61 62
201 95
188 884
406 124
338 120
608 232
173 698
737 335
480 44
906 464
107 173
84 300
261 158
454 126
632 695
640 874
69 91
449 26
829 695
422 829
571 477
495 869
174 484
818 728
138 598
771 333
290 377
132 330
15 332
801 857
628 451
241 859
514 883
55 682
531 777
99 471
108 861
131 923
155 388
172 73
238 530
494 796
96 827
734 465
907 373
109 904
924 689
304 819
222 741
594 409
633 303
136 803
545 85
698 519
347 320
467 894
768 463
785 850
212 280
649 889
358 479
755 653
421 416
414 582
512 142
667 109
680 846
314 636
46 297
210 355
923 187
27 860
429 367
698 534
77 1
270 523
684 831
917 705
199 532
559 314
58 132
34 897
584 924
865 693
430 900
596 588
754 595
31 841
596 701
334 153
355 826
313 901
637 267
322 414
178 513
781 841
390 692
333 414
600 837
317 83
913 797
822 455
119 472
153 470
440 61
117 757
479 778
518 312
433 921
473 104
400 59
360 713
645 571
835 129
215 201
545 499
449 635
227 542
318 402
905 527
527 373
62 303
107 897
679 93
189 7
551 894
77 571
688 835
703 288
704 232
121 790
411 877
650 868
599 269
849 219
132 376
243 918
518 442
281 417
416 101
36 257
364 368
412 276
310 479
263 334
166 383
42 168
380 373
439 313
722 39
453 766
592 489
28 167
861 820
918 760
551 812
760 181
41 476
209 547
883 842
818 581
81 895
896 266
319 293
723 513
147 334
472 74
146 706
493 561
12 871
110 136
658 5
828 509
704 425
86 175
196 258
49 374
161 14
537 111
265 194
151 293
927 133
51 87
677 790
183 139
66 721
544 62
88 672
702 748
227 54
213 425
238 365
822 234
351 310
907 548
736 11
375 177
125 618
96 546
917 278
761 45
575 465
834 429
122 780
706 844
17 482
15 590
192 458
445 235
303 484
407 593
94 390
140 822
103 38
418 616
451 770
416 101
111 310
760 851
674 303
215 862
631 734
105 478
365 181
448 101
390 855
484 246
906 689
708 632
713 902
661 159
654 190
921 218
78 464
600 520
750 645
393 882
667 446
110 775
545 227
352 56
663 754
187 27
518 805
103 157
518 193
348 597
519 483
92 592
854 800
636 708
203 261
438 784
798 13
565 266
314 646
523 760
733 213
867 181
686 184
460 456
426 44
588 646
225 791
871 69
278 804
158 764
189 634
586 376
64 27
188 250
886 592
475 234
78 801
638 839
454 465
390 514
430 493
894 631
123 554
165 96
294 219
233 3
452 352
402 19
644 6
510 493
436 782
548 634
563 665
409 122
684 448
663 889
502 539
211 625
371 341
434 60
267 457
835 809
31 393
68 109
70 922
716 902
878 629
241 859
163 694
867 154
77 256
518 686
815 125
848 726
828 734
155 121
23 128
153 314
817 331
851 522
68 736
81 617
810 772
265 576
165 334
870 315
308 662
815 41
142 574
273 185
258 754
461 916
475 314
682 302
591 623
860 334
626 580
103 600
162 6
362 577
693 161
795 530
919 855
140 278
4 139
739 581
649 506
632 870
801 732
245 104
900 649
121 654
840 925
867 569
878 760
23 830
674 509
826 623
522 27
180 358
230 418
450 723
538 746
35 798
775 40
456 703
816 481
144 672
485 697
92 267
712 193
676 805
280 717
318 145
827 235
612 341
387 537
690 276
140 800
412 369
784 562
186 83
241 715
729 156
753 677
722 588
101 525
463 364
331 412
301 461
857 615
185 861
152 563
732 144
346 9
280 811
398 775
870 32
890 614
693 224
460 374
299 521
681 746
111 287
281 212
12 597
548 445
543 258
498 317
421 254
364 772
419 803
244 109
357 240
920 499
310 150
477 473
815 394
383 523
627 924
105 787
73 48
712 812
158 658
572 385
115 422
880 854
154 43
613 445
795 759
524 900
819 338
172 37
81 49
534 898
302 223
628 320
8 504
508 679
400 626
114 878
400 357
133 804
830 788
1 469
860 859
664 129
657 209
872 387
370 75
210 276
379 35
678 810
374 484
566 144
858 372
464 701
590 138
786 703
818 240
448 673
343 596
895 545
921 117
363 13
490 386
245 853
605 326
442 266
738 742
812 212
837 140
771 796
343 69
116 259
145 872
327 87
773 600
699 395
473 687
748 916
618 630
611 71
596 593
279 564
362 157
671 576
719 623
692 142
517 544
642 95
126 304
767 322
51 157
88 430
586 232
465 351
354 492
364 544
779 590
764 787
524 215
730 544
882 265
77 125
390 281
262 748
907 616
802 329
800 722
512 460
582 578
70 318
347 496
911 787
694 764
748 676
756 441
262 860
771 311
50 668
241 468
458 187
593 292
733 411
164 543
672 257
296 278
576 632
855 827
170 806
400 247
902 674
765 70
651 529
234 655
879 37
219 528
17 360
692 513
744 716
523 763
193 112
40 221
72 336
463 549
522 140
545 580
539 286
375 54
560 359
835 371
588 537
782 544
460 391
633 248
322 374
481 559
837 380
475 756
493 564
368 555
310 508
430 490
355 899
386 25
548 827
691 9
673 452
530 754
763 542
715 880
895 510
818 657
414 321
635 340
683 513
381 377
209 809
229 119
72 703
458 601
273 30
420 281
560 239
306 635
116 740
196 702
87 124
28 786
502 448
9 911
552 48
425 243
368 193
259 498
313 347
377 471
100 164
505 367
492 585
719 465
524 818
663 701
736 294
494 71
33 297
259 713
693 252
515 34
243 136
551 405
687 864
499 907
21 425
917 750
540 153
761 927
172 642
199 408
215 850
15 175
618 681
922 294
393 754
74 206
459 375
679 793
631 616
17 658
898 9
58 143
718 548
681 494
74 564
585 495
767 61
816 911
856 410
509 389
34 400
443 41
879 401
707 925
384 92
418 822
106 609
812 404
578 489
106 721
774 199
22 510
386 54
74 87
263 385
392 794
805 384
20 566
508 701
394 319
260 558
110 340
684 641
500 838
648 357
772 911
185 212
43 290
527 407
603 499
438 53
425 534
798 206
646 319
605 608
502 781
369 417
432 145
189 672
224 20
537 329
912 730
791 672
715 525
624 479
415 548
476 394
214 408
553 237
520 809
277 17
861 847
715 239
93 551
161 378
51 165
636 439
532 638
476 603
753 135
380 116
535 529
870 120
160 742
121 145
363 817
74 283
839 784
915 608
447 136
806 668
517 139
47 308
591 783
613 571
704 371
605 523
626 449
389 173
303 328
337 839
112 357
598 209
634 861
193 83
43 722
828 566
355 819
736 344
472 541
835 499
9 190
436 580
663 285
457 320
449 146
174 452
867 918
768 386
346 18
822 254
873 806
384 353
586 427
95 704
458 266
521 831
373 331
482 769
652 262
454 642
753 852
725 754
728 858
281 56
727 436
748 363
796 495
588 483
875 199
330 385
322 917
332 101
6 258
496 349
28 142
293 772
454 231
79 135
105 610
66 236
574 95
790 572
166 528
124 287
254 305
467 903
728 760
627 307
236 514
17 7
787 392
388 746
152 761
538 322
392 204
521 165
477 245
825 835
721 281
563 847
878 85
363 491
410 467
843 543
908 202
74 119
713 461
840 911
241 445
900 320
196 497
76 489
214 333
70 81
526 4
335 154
601 280
389 373
715 695
689 106
479 537
250 377
844 497
502 788
709 77
565 806
792 677
515 884
481 836
241 867
23 823
480 110
115 333
554 275
607 682
725 409
750 323
141 279
511 772
644 467
107 409
286 86
470 686
462 282
846 211
198 24
315 392
359 529
369 750
796 5
698 102
400 373
230 539
808 312
19 469
804 760
79 78
170 820
228 687
247 351
535 250
367 586
526 877
386 436
206 600
362 858
875 733
171 778
536 85
608 28
585 311
48 50
723 631
103 401
722 284
608 689
332 563
886 247
488 355
621 262
147 493
591 793
257 175
364 94
435 863
765 368
646 340
569 146
587 823
779 458
605 537
906 484
20 165
132 463
470 717
315 325
160 168
575 70
177 629
242 218
513 429
614 279
11 690
305 853
695 710
211 13
475 93
490 564
148 725
423 437
640 729
23 833
131 385
190 788
288 164
393 627
846 325
358 197
266 885
333 444
721 388
213 456
209 344
820 459
736 541
53 89
563 332
110 488
390 53
435 352
489 294
125 544
175 826
104 799
114 28
891 405
32 9
464 663
44 443
369 359
296 541
459 638
396 530
548 484
526 730
216 788
311 343
253 214
295 435
784 589
110 597
697 279
387 262
884 574
576 225
397 649
661 838
483 179
903 209
460 893
408 276
796 329
482 134
294 548
253 327
782 838
51 316
237 234
242 167
556 200
387 462
211 718
20 917
528 624
52 526
551 836
516 320
190 740
809 712
785 99
552 617
402 814
465 255
268 810
543 373
765 47
623 147
716 462
546 498
10 352
830 604
379 434
699 114
64 516
851 369
772 124
463 456
369 767
812 724
774 868
608 260
97 245
563 886
860 394
30 784
451 132
283 150
170 733
414 358
101 424
642 52
791 23
734 264
2 224
580 116
717 609
444 635
765 649
80 712
630 648
554 382
451 531
846 131
179 221
215 650
745 720
448 778
73 890
380 199
23 866
300 270
243 233
480 156
162 665
506 327
913 451
870 183
430 841
435 750
489 490
267 327
44 635
881 373
204 223
922 682
728 219
312 506
77 82
56 49
259 867
830 507
142 63
883 243
300 727
587 612
346 803
238 893
130 54
789 424
616 719
868 74
172 285
113 652
735 587
587 330
613 217
33 134
139 879
198 719
503 711
624 923
716 443
131 249
693 535
550 635
135 365
686 833
379 227
494 155
356 224
879 842
808 732
335 420
25 258
183 255
771 428
831 170
530 200
619 714
577 340
21 176
701 825
237 700
321 8
534 40
118 639
857 367
811 526
232 562
869 575
876 844
161 567
402 107
191 378
226 588
211 288
748 766
912 567
402 851
524 679
151 86
404 631
56 103
894 319
685 509
855 529
232 405
500 580
645 922
640 72
604 24
401 511
784 414
184 304
376 632
605 550
497 533
173 18
385 464
454 862
203 230
624 725
713 241
482 629
450 648
680 196
616 293
732 513
414 289
811 727
266 680
523 766
479 577
183 556
501 441
218 865
523 419
696 62
902 527
78 723
322 400
274 715
368 738
380 629
4 315
549 630
155 141
859 636
494 614
680 173
299 140
682 58
678 44
344 731
895 159
29 73
703 409
583 382
307 695
492 519
93 396
626 740
710 834
69 415
798 802
865 241
754 506
479 216
589 378
106 68
102 657
24 208
28 135
398 777
523 212
864 416
798 735
639 627
38 674
656 702
769 705
167 697
169 3
556 657
348 269
674 394
54 265
396 749
788 285
391 588
899 107
174 347
837 30
723 35
16 751
574 381
397 538
34 412
569 65
516 578
327 535
162 391
863 672
892 64
735 259
84 710
378 66
126 111
203 495
899 244
251 644
394 214
507 696
859 583
68 323
278 619
429 304
713 321
635 836
518 281
143 547
399 144
912 119
797 145
428 168
140 335
874 273
244 42
799 519
117 914
573 255
859 434
244 927
820 392
458 382
298 189
144 751
245 6
811 289
312 252
391 339
11 904
633 503
127 705
190 356
195 860
538 79
455 734
426 767
330 221
699 233
577 614
852 212
13 851
385 480
303 137
237 94
742 894
282 255
670 160
722 386
475 9
307 925
76 348
458 690
698 631
840 870
165 408
461 667
396 889
857 275
81 710
878 537
838 716
822 653
83 923
385 635
884 512
647 431
527 227
783 476
168 12
204 457
204 666
137 321
50 318
264 79
232 61
168 75
11 739
158 254
405 413
768 398
633 15
602 285
59 467
653 651
769 310
119 335
136 44
124 51
426 341
750 211
655 921
69 569
242 790
473 187
808 598
605 588
58 30
260 57
600 723
132 68
320 287
277 731
452 533
484 616
926 909
872 41
469 382
809 823
810 231
242 907
586 106
60 590
698 418
796 483
364 505
270 170
678 250
635 154
473 157
452 400
133 190
230 588
399 72
220 387
67 118
861 632
30 212
909 334
312 457
157 757
462 321
92 889
376 409
754 172
427 69
128 367
829 840
244 696
16 226
635 171
743 211
750 81
423 289
249 415
892 680
694 800
122 232
650 743
414 726
355 643
205 317
206 246
384 409
175 334
824 560
165 492
366 186
925 41
355 497
397 747
784 785
217 624
298 572
763 393
733 623
923 857
490 188
688 419
88 272
856 852
167 74
470 559
250 8
339 138
31 157
762 573
823 188
860 10
723 468
728 597
533 906
272 317
490 374
695 202
315 787
597 815
663 479
214 187
809 517
571 287
829 71
338 835
872 228
625 281
557 503
888 341
312 694
916 188
136 815
265 613
363 510
43 695
70 428
401 225
12 567
224 59
823 523
78 352
559 246
174 866
747 828
223 371
60 168
147 547
452 528
653 517
344 411
337 923
647 512
27 633
836 150
222 789
178 586
820 544
689 792
474 13
620 218
734 60
319 91
626 351
536 529
61 327
220 592
886 461
389 920
424 14
860 397
527 376
202 232
841 805
337 612
739 426
818 47
33 790
441 224
490 486
579 44
675 461
56 846
651 731
912 97
197 561
141 238
357 435
535 555
228 925
467 43
722 394
297 758
503 530
580 916
626 696
693 837
456 204
419 459
135 664
696 396
133 660
135 49
497 830
852 820
24 218
398 925
621 409
281 406
600 549
682 875
38 877
20 378
860 143
77 150
83 162
370 195
835 228
342 100
296 506
296 256
410 522
701 367
908 438
374 477
773 274
909 526
666 686
396 709
15 532
584 127
161 432
125 753
400 156
94 429
75 385
199 38
556 47
745 881
203 496
130 460
339 231
917 429
880 48
413 483
36 281
828 917
900 166
189 452
691 90
213 812
835 606
824 787
673 85
213 731
782 437
190 492
387 106
252 540
14 210
546 286
388 337
322 749
431 134
692 770
661 5
541 99
345 557
588 864
234 522
772 221
8 109
675 419
197 531
170 830
157 631
836 126
735 782
71 682
625 914
751 771
421 669
660 231
902 529
828 920
160 823
186 641
721 679
341 137
46 606
48 21
75 70
450 36
255 439
731 909
360 884
776 722
321 240
797 493
133 669
724 401
662 266
54 545
44 621
640 214
358 398
563 11
694 171
482 305
464 510
391 361
626 229
213 899
272 319
168 117
511 714
279 406
661 371
126 740
779 119
109 854
707 608
97 786
626 618
863 301
194 759
52 123
699 840
209 274
730 151
321 202
19 134
169 722
156 89
863 409
397 908
293 472
853 674
845 595
558 40
137 9
134 827
610 323
9 221
667 86
309 521
102 5
787 752
490 353
116 264
389 887
233 200
277 299
176 913
330 760
673 36
921 357
251 853
94 674
680 256
39 89
388 467
138 541
396 348
866 837
88 345
198 265
815 620
506 809
647 804
217 579
731 704
524 811
640 152
732 225
494 646
594 34
76 710
541 52
708 539
345 310
549 919
106 335
408 577
417 636
635 43
733 552
409 239
292 442
223 568
175 739
816 547
688 672
184 444
29 708
599 477
762 55
813 468
712 474
126 168
591 71
525 925
527 178
467 599
309 192
545 578
349 477
49 713
140 865
446 5
17 191
630 299
152 589
153 528
742 735
767 779
98 159
693 575
463 682
761 568
93 771
743 825
792 406
882 546
433 71
809 479
357 432
818 416
80 829
223 18
122 479
166 492
178 102
437 744
87 552
145 775
417 477
521 599
390 635
607 460
907 223
844 382
604 596
685 590
114 584
606 12
348 43
281 317
876 702
628 900
828 598
697 149
848 614
268 478
232 131
668 468
727 725
73 713
293 159
909 240
644 586
821 432
704 292
925 316
765 726
185 68
748 770
369 423
325 465
482 397
264 501
15 652
133 130
103 702
226 31
457 237
149 440
426 919
530 682
50 602
914 734
68 685
561 495
511 918
722 850
236 714
889 629
302 84
607 207
587 416
590 643
881 75
506 119
584 847
744 578
46 205
749 533
850 357
389 704
414 650
257 598
145 499
616 790
515 20
287 351
646 440
780 15
224 47
535 867
271 259
21 58
140 436
522 383
382 213
907 383
339 669
590 787
796 776
501 518
254 221
89 346
81 18
739 585
828 658
431 162
753 323
492 49
664 489
82 559
371 793
496 890
764 588
569 462
219 522
325 468
786 444
390 729
544 622
464 563
530 621
275 546
836 843
496 848
865 180
747 621
691 697
90 693
602 590
43 540
502 33
885 670
19 104
645 581
81 587
105 909
564 901
308 884
923 337
415 397
911 112
519 635
509 375
803 537
113 90
457 561
185 115
427 869
412 641
171 724
218 39
341 570
584 407
13 392
328 817
280 836
155 883
352 505
658 98
856 464
494 189
235 651
225 210
786 23
674 873
604 162
899 838
338 74
596 144
737 809
732 913
569 184
421 229
500 27
437 784
330 723
845 97
746 630
103 204
779 172
734 507
901 247
503 317
571 260
727 35
690 904
143 392
895 312
43 218
260 367
557 280
855 882
82 98
47 381
61 66
388 891
383 246
876 411
712 537
550 219
256 482
291 662
594 861
556 593
72 492
683 282
760 41
190 72
812 455
618 872
796 338
865 633
66 77
88 57
338 327
489 704
733 672
435 43
186 91
121 222
599 549
664 545
174 637
790 519
330 834
138 621
26 548
681 610
316 488
136 919
208 90
59 40
452 199
197 392
255 762
825 156
327 192
219 470
830 96
6 170
774 670
43 724
614 464
109 854
9 310
730 834
553 85
678 77
670 173
308 28
795 87
445 575
555 669
803 83
787 249
777 311
785 918
85 771
485 525
746 817
760 144
869 897
225 256
444 853
665 476
54 41
409 592
864 573
866 388
378 891
644 322
745 599
275 459
142 745
705 671
619 151
358 458
676 540
607 910
681 29
87 512
806 124
87 397
550 594
860 201
536 869
255 297
150 131
184 493
35 206
782 891
210 570
917 253
461 225
398 720
422 684
760 767
485 501
302 42
267 8
709 10
60 637
855 749
923 331
73 487
375 397
567 101
417 530
149 670
318 749
359 737
334 455
611 559
677 468
557 760
32 888
355 705
786 226
307 846
878 584
545 54
288 80
726 560
380 925
30 608
810 241
568 101
355 571
190 401
140 849
24 549
802 630
77 858
843 502
812 596
517 223
609 667
128 349
860 804
793 17
148 335
5 466
736 657
274 170
426 207
522 289
76 530
469 644
672 515
222 150
18 358
229 210
129 155
798 247
507 868
76 842
402 345
746 175
350 279
813 249
253 512
368 865
193 164
536 791
701 111
534 87
382 598
332 786
146 925
924 388
917 891
442 454
806 361
699 674
619 742
533 678
147 272
718 450
629 90
141 714
717 118
90 800
851 836
356 641
815 909
558 324
794 677
185 727
548 789
892 169
707 479
593 437
597 804
557 118
571 718
880 308
907 367
141 818
486 668
926 359
39 705
116 112
909 657
802 841
597 859
212 557
4 667
467 233
43 362
404 76
50 338
908 202
637 648
285 701
408 513
462 414
852 550
835 707
916 820
413 391
852 874
574 815
220 473
187 535
236 791
39 102
562 80
150 140
918 641
340 714
169 856
255 520
612 184
811 717
270 809
43 890
760 29
633 921
462 687
810 360
295 310
741 610
849 623
595 597
681 166
496 210
392 674
157 642
413 692
528 170
429 232
617 672
447 708
821 611
221 874
875 770
667 632
467 780
565 663
322 332
352 409
350 725
500 322
77 205
603 890
794 11
725 365
78 475
684 501
813 835
908 642
771 444
496 346
734 896
332 109
674 684
70 473
744 402
687 190
121 483
70 371
227 376
775 189
365 473
159 65
924 871
898 538
835 769
172 161
860 669
180 621
689 254
316 396
603 325
863 920
25 390
242 701
779 922
325 333
430 305
195 904
317 245
216 21
155 814
184 500
739 243
95 575
633 148
615 514
110 798
591 526
853 254
87 508
322 905
282 221
504 840
165 515
427 621
384 900
99 607
641 593
611 265
336 162
770 649
585 80
11 453
323 547
594 650
94 744
210 446
396 161
508 251
32 163
719 412
831 926
208 629
393 663
362 877
916 305
605 245
210 256
902 62
757 241
262 634
38 870
529 549
537 123
360 625
5 322
751 269
480 317
151 697
881 813
560 714
126 923
484 603
637 674
200 401
875 38
267 312
332 789
696 730
601 216
181 352
270 696
75 571
154 382
806 452
139 226
25 714
364 774
927 133
605 480
499 803
636 553
776 879
382 117
723 714
253 282
453 85
181 693
873 133
110 132
673 420
345 889
163 705
135 89
143 704
880 95
856 347
267 140
448 589
754 380
849 915
741 585
534 885
617 538
306 152
769 444
113 489
85 580
825 216
168 927
727 436
338 606
139 212
679 336
747 148
56 20
200 336
471 775
579 306
507 749
596 181
536 907
817 723
240 198
299 210
591 380
458 20
25 488
707 244
500 572
714 898
846 269
53 234
760 469
496 386
265 518
895 632
71 10
445 148
726 522
821 360
360 75
585 442
440 665
131 216
484 146
789 418
592 595
426 183
883 393
359 809
260 173
477 621
228 719
347 9
204 270
389 892
524 708
268 924
387 923
556 156
304 892
80 233
196 873
246 254
195 658
495 904
576 119
666 79
621 871
503 241
406 42
298 365
310 342
606 775
171 500
166 811
670 865
235 72
630 468
715 865
115 731
902 814
205 911
125 800
229 64
528 833
392 587
122 531
268 701
768 722
364 72
13 594
636 165
560 77
809 259
181 622
761 857
400 592
838 24
239 313
832 260
815 496
264 597
450 54
558 208
96 828
163 849
759 258
860 302
177 740
286 172
341 617
488 129
739 764
462 506
739 757
491 66
862 639
873 611
282 264
477 194
267 254
161 211
337 104
204 831
572 496
176 401
311 501
511 11
162 566
280 610
71 554
227 397
405 560
174 742
322 696
515 726
34 652
288 285
654 398
430 682
737 516
625 665
864 25
461 186
174 815
200 540
135 201
673 145
239 65
756 755
8 820
775 46
199 46
786 311
780 109
869 458
728 869
456 849
596 684
123 134
429 713
906 6
720 650
376 425
782 510
195 496
563 264
236 583
269 545
759 111
879 400
189 386
462 759
167 67
444 278
210 794
809 556
868 459
505 176
52 12
483 548
719 346
40 244
861 485
825 902
620 748
858 807
431 424
916 695
853 273
230 465
416 252
760 352
848 159
70 198
97 22
815 543
670 140
761 815
538 158
783 124
223 470
452 478
670 361
680 395
71 759
816 547
544 746
96 446
706 541
87 672
78 633
300 249
776 483
392 71
447 99
479 492
24 65
773 677
203 807
86 393
338 286
299 713
913 844
871 118
97 396
400 785
590 204
515 43
690 398
869 831
437 327
626 329
383 577
722 697
840 342
174 3
216 517
72 122
417 864
729 847
908 702
257 453
545 726
847 296
11 179
713 744
914 326
863 740
220 267
529 168
660 837
772 502
254 250
473 516
122 588
34 131
223 68
687 697
847 779
598 588
13 210
1 413
67 334
712 349
393 363
207 352
45 7
53 7
736 687
775 481
417 880
409 332
531 126
1 442
83 679
253 737
782 333
731 873
434 145
536 902
494 841
135 126
540 366
75 170
853 161
359 358
779 29
169 78
60 1
394 671
414 777
498 397
826 854
713 255
728 18
866 893
839 473
526 818
674 887
272 91
617 306
858 748
892 188
745 544
355 551
911 238
157 686
531 568
647 640
421 405
265 244
715 214
12 23
271 409
275 546
899 369
659 457
471 658
89 358
744 376
698 277
376 458
821 130
125 194
86 223
143 239
417 554
415 137
212 922
318 59
837 880
74 387
813 558
585 358
490 901
565 278
425 730
215 664
767 762
577 472
460 338
808 209
508 48
837 180
548 436
916 214
671 158
664 691
47 296
245 567
908 243
477 268
443 346
313 236
254 877
192 850
69 920
218 295
564 472
366 615
177 209
574 329
788 301
884 351
487 105
507 186
454 175
827 912
567 76
61 395
807 237
135 677
569 680
714 105
840 824
151 865
600 76
238 482
612 422
123 652
401 654
636 381
16 386
446 318
202 82
193 761
446 633
467 881
157 923
648 517
818 801
873 719
723 72
463 147
49 783
874 572
604 580
572 856
604 425
264 20
14 560
904 24
348 690
375 334
895 566
755 462
602 357
622 452
745 663
4 823
162 95
576 162
222 61
178 718
4 855
449 36
87 852
628 457
617 414
793 330
52 644
709 74
341 105
674 881
647 874
662 321
4 542
918 712
456 329
329 149
803 235
443 286
922 311
815 226
713 857
357 294
193 658
384 572
583 209
164 827
117 809
760 392
211 71
385 171
603 868
753 601
212 28
66 88
186 229
399 776
579 827
748 441
70 777
813 166
58 263
85 175
723 153
738 766
402 162
903 692
159 816
65 385
354 537
721 188
20 760
870 473
738 165
107 346
233 725
630 90
794 707
21 596
750 481
387 532
921 150
883 525
51 35
185 61
156 238
751 320
583 451
908 696
127 142
613 307
879 234
431 127
537 334
554 61
267 16
15 224
159 881
69 108
493 311
263 346
213 281
882 560
257 171
154 467
131 293
388 722
87 456
821 219
402 553
298 133
355 190
690 137
841 261
474 615
85 248
288 492
325 824
586 895
125 518
219 748
283 513
871 191
407 469
631 157
766 157
405 149
714 631
224 503
607 371
686 75
736 229
221 243
180 78
580 552
160 393
405 695
727 288
353 37
56 329
851 703
635 819
341 874
194 638
33 362
731 826
184 683
43 279
358 94
472 325
331 640
809 140
542 705
246 317
764 270
265 907
172 884
839 849
598 611
198 391
483 427
880 917
646 378
321 188
719 316
466 339
499 696
83 656
603 255
721 404
717 706
637 921
345 521
313 788
336 628
678 744
911 172
901 753
185 563
111 126
85 847
811 705
254 727
501 555
344 857
430 23
895 642
490 413
869 774
116 500
917 65
762 759
574 537
125 65
255 619
159 249
484 765
824 340
276 812
152 599
659 221
268 749
353 862
744 335
559 804
516 291
906 23
503 709
277 725
57 98
707 343
536 350
159 801
65 114
856 861
584 131
442 748
706 21
421 888
548 193
620 735
855 264
51 692
592 636
342 679
845 556
601 161
119 114
97 241
21 893
103 231
848 162
510 164
793 663
557 610
170 137
229 901
402 650
45 253
338 41
278 144
629 422
582 923
882 346
255 152
156 708
442 506
559 846
27 892
125 731
768 529
459 759
185 438
848 91
74 363
646 408
839 808
505 511
306 645
764 193
614 761
253 218
62 293
915 109
351 186
613 369
718 408
880 328
831 518
839 287
412 697
503 719
844 814
72 518
239 429
796 362
613 808
364 74
219 27
708 905
76 386
662 830
88 55
634 669
914 445
635 282
318 29
273 732
251 809
667 565
136 434
448 75
287 589
593 10
354 290
123 180
638 812
473 305
853 541
291 639
746 836
221 573
874 88
379 789
441 69
183 30
143 842
706 2
281 177
81 243
491 253
330 272
143 103
699 661
816 642
646 55
362 542
221 637
717 341
913 293
678 835
430 254
88 622
319 527
172 302
374 536
387 399
196 311
412 367
701 26
514 413
580 517
574 402
712 768
280 406
663 156
30 722
660 368
771 374
278 63
19 926
108 570
656 623
346 885
503 175
663 809
228 509
523 146
482 875
437 211
402 371
511 29
595 650
90 541
482 660
614 386
795 260
897 352
898 31
767 673
777 128
777 346
185 352
334 155
159 419
806 338
257 288
541 178
777 50
417 342
716 265
816 151
431 364
188 601
150 457
169 409
591 814
270 250
11 276
811 286
161 922
381 469
239 656
527 296
16 830
820 216
531 499
289 736
343 381
310 620
498 72
745 583
366 657
51 616
790 75
810 880
782 67
55 183
827 295
232 725
242 522
795 93
457 695
724 447
345 355
121 458
59 316
345 81
211 451
272 482
671 750
614 783
754 214
146 853
555 469
271 406
45 767
457 249
169 907
238 554
787 664
12 357
3 649
352 181
296 811
732 617
86 920
247 243
229 289
334 854
682 483
235 496
575 557
379 343
729 190
314 891
142 287
114 45
759 513
791 834
765 237
305 60
568 622
628 6
462 770
522 263
373 114
747 429
518 525
42 171
500 733
347 641
845 155
546 761
109 689
295 561
516 723
230 462
838 211
186 137
513 98
881 657
169 442
289 447
536 776
864 261
819 51
621 337
481 609
402 382
365 679
656 332
612 280
308 339
820 420
349 399
505 454
740 819
589 454
504 246
351 561
242 354
274 525
289 742
229 269
56 192
633 711
773 791
484 35
541 605
797 449
443 642
354 829
477 908
393 811
455 163
762 685
5 663
516 44
194 730
863 727
800 877
272 359
435 750
14 404
659 74
485 618
180 832
883 220
278 435
115 854
114 801
804 551
854 725
78 707
43 185
627 81
524 162
241 594
305 314
61 885
718 592
781 296
194 595
558 644
261 353
727 139
423 701
701 808
905 585
585 231
297 219
915 1
504 743
468 624
436 18
240 732
167 633
55 341
452 152
725 243
660 815
606 709
376 227
296 90
712 923
255 573
460 315
606 441
279 760
5 602
700 52
510 578
901 235
800 839
521 550
254 449
756 626
745 134
863 679
356 762
687 13
715 34
29 669
6 331
484 868
762 870
738 182
630 580
52 288
543 559
900 604
38 406
208 479
172 225
81 891
365 138
580 771
223 323
919 173
338 737
643 274
634 804
749 292
260 866
67 253
892 188
62 88
617 125
84 340
54 642
554 621
834 710
649 492
747 311
457 660
608 551
842 506
344 630
910 480
584 247
429 586
604 462
250 78
759 673
403 911
461 154
385 636
331 156
131 783
253 292
544 896
707 596
912 11
443 613
826 109
113 899
612 354
555 182
139 481
44 213
228 805
321 46
366 39
627 712
652 877
193 338
730 23
291 896
557 286
524 778
797 815
253 491
363 807
828 320
662 804
490 873
221 464
765 124
14 43
433 845
9 40
519 662
847 772
724 71
827 73
267 360
641 680
858 200
440 683
146 810
534 724
912 573
629 825
815 297
377 326
463 411
137 731
292 721
848 294
116 9
406 597
686 863
768 282
72 810
679 318
188 185
657 394
235 318
382 161
52 680
487 112
300 107
310 107
2 386
164 446
757 829
919 456
267 588
719 24
250 136
211 390
217 726
302 339
761 105
920 619
100 40
545 904
481 174
748 39
879 51
85 550
158 355
464 781
482 514
256 9
707 565
787 925
587 379
625 178
36 502
855 287
500 162
820 354
107 469
745 804
233 661
123 276
875 603
239 247
30 369
627 559
772 157
423 273
647 780
883 410
717 926
468 500
272 4
616 861
46 627
141 188
919 37
798 507
9 526
898 383
254 805
698 288
626 463
545 192
487 243
191 405
517 307
804 686
829 511
399 441
49 301
745 744
372 387
179 742
857 585
82 188
874 176
239 588
709 924
441 146
3 814
464 174
510 845
670 467
357 519
419 343
248 82
829 80
5 743
338 351
583 24
320 358
818 158
497 884
280 457
903 655
95 523
329 469
50 661
352 433
899 493
541 820
862 183
91 150
141 320
879 354
577 683
382 80
564 207
191 391
135 921
921 267
311 880
851 414
824 913
871 832
23 917
26 809
102 35
596 81
176 214
190 716
111 560
540 527
855 269
799 654
58 107
746 283
918 461
108 791
589 592
582 521
300 705
466 416
808 773
547 857
173 496
447 515
786 580
86 438
85 145
387 358
626 840
905 921
235 720
599 673
874 67
833 418
156 845
783 233
339 579
901 218
515 30
801 214
457 213
702 238
16 627
709 453
93 165
518 562
659 86
280 438
490 875
1 924
891 118
43 128
169 463
29 765
293 209
115 705
158 255
43 58
490 654
888 166
710 712
902 845
567 534
101 147
887 51
242 302
323 412
82 147
780 578
346 40
210 494
588 515
469 461
34 908
97 89
655 276
318 513
117 698
62 649
572 363
656 792
91 643
56 462
700 243
266 569
208 742
836 668
164 640
392 910
235 581
518 893
520 852
579 506
276 809
779 75
191 471
599 698
357 582
84 231
378 416
68 251
430 212
544 233
746 303
799 569
537 583
137 639
688 341
528 550
891 758
298 235
321 553
290 892
644 632
429 781
704 373
230 907
39 797
895 647
118 314
408 149
651 232
257 574
381 187
302 265
456 121
176 64
188 517
726 322
153 456
403 765
111 919
182 278
491 895
729 199
457 750
565 319
191 248
514 309
794 141
423 454
153 127
442 734
910 373
7 510
169 775
432 83
528 302
83 661
531 44
774 869
583 745
609 815
369 72
82 358
866 209
769 263
412 390
855 16
511 732
405 162
331 171
923 351
265 168
724 740
591 48
917 476
769 863
845 302
535 241
437 190
811 555
87 480
856 512
92 236
777 385
315 568
39 48
625 551
455 200
274 847
79 194
490 252
344 841
740 156
451 206
353 306
778 495
326 65
17 735
503 448
856 806
6 15
609 414
364 658
637 88
83 639
384 484
526 695
147 571
59 299
681 387
664 312
914 271
283 715
18 500
216 833
425 518
21 235
656 277
559 91
43 660
720 541
867 501
513 888
79 36
412 846
409 210
18 546
748 8
415 89
445 679
35 37
530 87
28 473
874 272
680 898
627 73
746 19
823 512
750 884
867 397
481 644
620 719
759 810
450 252
646 371
130 356
899 1
338 200
245 368
730 19
613 308
540 638
859 443
620 337
603 498
447 149
818 686
432 28
328 108
135 522
833 693
189 74
588 530
479 829
764 224
246 185
878 563
791 289
745 273
107 238
196 548
674 168
700 236
98 799
629 194
46 153
449 573
430 602
203 28
585 1
647 458
336 613
193 136
884 424
77 538
215 423
526 427
729 681
600 547
738 486
548 735
697 711
194 686
203 592
843 810
52 594
899 447
428 581
630 121
741 774
186 496
148 901
812 235
700 717
184 733
602 851
479 315
382 688
44 435
661 184
599 479
830 919
376 642
645 524
638 146
650 897
885 625
441 494
622 9
650 512
129 266
107 281
121 826
189 139
815 616
174 178
156 330
827 587
471 615
137 425
264 37
21 620
734 236
881 845
472 299
822 510
131 306
86 533
492 317
718 286
269 213
133 356
167 454
372 767
370 675
127 908
779 275
306 74
56 627
729 101
722 508
69 912
148 441
380 660
786 690
900 782
213 548
550 356
215 594
440 839
75 410
133 732
71 13
730 618
846 633
627 666
887 236
20 828
572 106
266 724
585 872
551 50
77 809
893 396
228 621
388 610
593 652
410 539
258 404
574 671
212 229
236 449
422 650
12 321
134 599
79 590
211 618
741 154
864 842
423 47
26 426
252 766
890 727
603 249
315 551
328 460
845 653
687 408
507 924
216 127
878 233
830 657
344 345
187 740
517 324
763 504
522 406
831 182
544 457
38 381
741 327
586 465
505 756
337 173
368 48
476 7
202 254
458 687
308 647
530 466
384 21
584 804
59 128
268 810
29 478
467 411
846 161
830 206
127 264
478 148
190 10
27 840
422 287
428 229
744 122
76 689
453 54
137 7
589 341
310 426
460 291
664 854
487 446
661 317
461 338
898 475
495 438
784 861
425 815
66 823
342 770
760 517
723 101
797 330
895 701
240 139
560 460
615 606
518 845
549 171
729 878
248 617
117 160
657 24
260 514
357 690
531 598
802 210
690 278
922 843
1 523
24 503
54 78
790 302
705 137
777 697
823 639
59 914
286 510
298 13
88 672
48 630
266 389
137 826
467 347
482 33
872 559
842 466
168 202
661 323
185 576
331 557
40 94
843 857
601 195
470 899
705 658
805 515
26 81
171 225
363 242
115 173
508 80
325 427
305 718
817 382
434 915
140 622
739 717
688 276
433 849
602 865
346 257
429 678
813 362
564 857
465 181
776 52
664 213
680 282
87 800
74 356
833 866
791 812
893 370
875 508
110 120
198 15
777 271
344 689
907 643
42 344
630 208
138 868
501 545
517 352
90 569
174 200
252 254
284 577
688 470
291 301
730 640
226 161
399 481
631 226
35 303
243 336
864 304
37 815
552 348
167 539
716 408
516 648
768 15
204 516
651 238
792 669
235 304
681 728
738 43
216 685
450 651
375 651
269 47
2 100
58 646
334 792
204 322
313 148
302 915
120 39
304 234
833 882
569 206
790 927
262 295
362 191
476 308
858 695
54 142
113 249
570 194
914 565
687 519
215 232
848 502
191 17
630 416
796 530
913 433
431 478
319 111
419 788
496 898
467 539
123 367
459 865
85 294
734 549
134 808
918 389
179 487
435 453
895 208
581 794
594 885
468 815
550 225
572 118
623 418
268 63
5 44
27 230
642 346
376 119
650 724
906 456
432 84
774 408
541 160
518 551
543 154
740 614
828 74
160 350
422 138
455 645
854 136
867 686
76 577
695 230
497 635
177 706
254 17
182 63
381 223
110 569
726 850
225 345
142 671
499 326
794 22
324 473
548 558
97 123
833 880
503 629
702 814
875 523
846 375
289 915
453 464
319 119
274 154
661 125
366 516
197 819
784 412
658 128
879 848
387 785
820 551
867 40
300 96
880 174
707 897
274 128
589 282
716 257
449 259
58 832
186 610
504 707
402 507
637 738
513 135
506 903
571 901
786 319
633 31
255 700
116 729
376 737
461 14
899 622
492 817
404 678
647 156
285 152
410 544
491 17
623 3
304 896
836 659
300 8
547 489
382 904
855 571
768 837
473 772
135 551
801 771
445 93
86 695
492 861
515 730
555 183
642 414
495 806
254 667
744 732
326 168
10 131
502 366
180 611
234 464
500 334
720 340
48 391
676 234
69 299
717 511
664 98
105 549
502 863
722 30
60 368
319 698
858 702
493 870
148 710
303 545
673 767
756 621
474 884
822 339
286 49
580 114
153 503
655 52
255 402
407 219
798 865
31 759
905 311
581 808
400 555
873 208
786 761
322 673
300 700
612 642
221 765
526 36
743 377
910 358
257 482
877 693
838 852
871 102
193 402
761 458
795 879
752 877
365 61
269 238
812 108
373 212
772 784
901 22
281 365
841 376
360 267
98 837
15 888
45 293
926 691
284 877
344 96
731 552
282 28
466 902
688 697
308 451
1 493
241 311
3 96
367 204
631 337
819 835
545 863
804 53
424 440
39 357
655 790
396 406
795 868
723 461
890 798
564 408
360 758
746 313
409 905
310 864
759 865
322 693
199 515
508 599
780 342
75 49
503 863
542 531
897 471
11 603
578 769
274 284
351 868
152 259
413 335
250 611
88 779
76 872
212 767
809 630
807 82
631 741
489 206
253 3
263 501
446 873
602 126
782 401
768 770
709 569
318 467
780 45
525 37
136 641
846 676
96 17
840 767
565 5
158 39
913 813
250 729
854 650
897 424
534 322
86 664
214 598
418 911
201 791
366 297
651 597
746 110
874 160
239 117
914 906
301 490
12 916
325 280
763 211
377 918
241 498
608 15
610 605
659 827
329 805
842 801
855 59
916 443
711 879
805 697
625 690
385 683
757 281
457 329
362 558
721 64
31 652
787 126
298 19
302 148
809 758
376 520
539 741
446 685
585 63
704 491
598 482
439 509
146 143
31 193
363 641
236 627
909 736
652 698
659 866
500 45
435 699
704 769
259 603
177 712
521 645
733 560
623 273
837 92
76 247
764 569
39 892
79 470
494 627
845 155
510 643
912 500
138 822
296 785
518 40
834 919
860 819
79 364
528 385
588 131
624 39
498 462
109 21
704 517
603 597
831 900
285 24
451 198
671 154
559 657
554 781
262 456
724 560
135 515
148 779
630 61
266 475
486 291
837 762
269 633
875 683
148 439
135 236
137 672
73 622
531 92
308 654
414 37
242 83
499 406
31 453
2 511
497 298
80 534
485 133
871 144
326 247
676 924
893 344
435 921
623 27
610 102
476 383
318 652
70 693
235 340
705 720
785 757
754 678
883 379
510 434
677 378
775 885
194 458
254 741
895 913
701 395
371 60
322 28
234 281
742 341
3 223
148 197
452 618
610 927
43 455
422 333
909 591
674 41
471 850
745 356
499 853
704 155
310 593
394 500
157 179
622 359
648 609
851 62
339 799
152 87
272 889
641 516
598 65
711 129
630 400
885 539
334 45
695 707
527 211
189 180
574 153
547 462
542 914
555 330
636 753
569 518
506 688
655 435
517 623
50 551
357 804
346 167
92 441
247 656
26 848
655 221
230 378
847 335
239 655
609 232
235 601
838 621
440 20
869 420
527 729
279 858
93 777
360 919
777 741
160 333
679 27
792 447
378 911
829 728
151 103
805 38
794 781
660 144
496 285
165 46
180 562
387 45
9 263
475 700
664 75
353 810
256 314
143 596
872 459
414 703
742 79
632 217
839 418
37 330
87 805
195 138
555 418
91 647
695 636
614 237
346 101
301 147
453 467
23 378
527 284
180 790
828 299
381 753
427 460
419 517
238 517
703 498
140 796
264 610
54 809
272 401
524 640
713 828
877 602
228 292
155 595
15 919
560 164
55 109
30 103
56 81
72 15
655 656
580 748
401 783
463 355
21 841
900 518
525 859
523 116
259 436
234 15
411 310
251 330
593 638
87 609
691 761
621 898
227 622
524 840
739 761
188 378
912 570
766 385
37 513
566 830
878 408
827 357
269 626
221 622
114 761
459 415
846 897
429 299
800 5
501 320
809 918
128 595
247 882
291 628
17 724
646 132
678 721
27 357
244 479
85 383
488 646
634 103
413 653
886 221
221 667
467 155
818 91
205 894
252 187
225 519
729 651
287 567
98 585
459 474
57 510
715 762
744 738
524 251
755 111
874 385
640 555
896 131
505 119
846 17
286 25
230 587
119 137
542 476
170 737
180 351
423 171
638 193
24 461
890 317
875 855
805 480
706 303
844 199
518 174
441 730
534 887
5 228
118 857
503 662
765 790
783 857
638 157
315 627
566 274
544 749
773 362
129 430
442 155
684 596
57 845
359 747
176 353
888 555
32 630
64 590
536 135
304 128
131 589
534 364
191 189
647 922
794 700
200 454
444 668
338 900
268 839
756 704
839 110
896 455
7 871
570 207
919 365
388 811
134 552
504 154
380 26
888 361
135 327
791 14
809 466
428 424
565 424
796 785
919 646
354 36
866 194
527 172
534 345
141 893
477 247
114 903
819 847
263 592
131 531
443 126
286 899
898 172
692 51
117 304
158 462
282 764
239 742
610 389
298 422
298 657
780 15
60 781
816 280
198 918
425 428
913 253
440 51
842 255
758 205
2 687
811 770
576 696
189 39
442 460
597 429
728 699
256 720
139 571
707 253
603 907
456 552
411 147
605 154
412 280
752 368
747 426
598 92
916 119
449 629
94 11
141 30
770 492
285 818
682 676
699 456
909 648
26 751
616 497
499 259
842 395
360 350
608 267
314 20
127 139
927 892
406 184
790 20
679 531
758 373
418 65
623 538
445 414
156 724
838 551
551 9
129 437
38 682
320 96
698 480
217 797
758 822
365 730
712 214
335 105
236 477
808 76
348 922
506 734
853 188
516 707
403 106
591 35
105 805
392 812
266 825
6 169
925 886
807 783
239 906
424 850
602 296
115 590
536 691
718 296
581 466
793 759
884 98
57 699
259 451
798 451
37 734
253 761
555 30
185 499
125 70
856 136
545 276
256 614
24 848
20 435
368 495
416 308
341 632
411 139
335 125
481 633
321 587
614 224
465 611
108 332
108 588
286 793
895 250
431 820
333 330
303 144
412 269
579 566
466 513
30 197
28 660
424 648
3 205
127 642
613 908
584 583
522 835
134 691
118 571
362 201
90 511
496 254
427 735
924 786
295 906
173 628
162 379
222 332
558 634
465 822
709 228
470 847
322 709
705 640
645 563
127 385
627 202
135 129
160 330
717 731
889 621
513 371
776 160
623 503
18 719
139 305
266 633
911 640
846 906
442 813
37 862
781 287
813 731
485 664
251 87
460 320
419 916
275 71
693 18
527 774
852 18
688 190
498 257
318 350
762 798
763 239
675 485
700 785
483 402
112 707
237 821
924 736
748 236
680 787
834 393
824 750
786 22
153 807
344 647
86 44
788 143
526 198
692 103
221 250
576 693
311 797
55 798
316 31
185 837
865 51
71 891
89 906
164 276
109 403
620 663
794 433
927 367
78 367
826 268
597 452
121 781
106 223
632 250
910 599
756 364
30 34
272 780
388 255
748 827
258 744
633 562
626 61
896 535
424 195
786 192
53 414
562 559
501 12
335 209
606 267
880 808
562 426
6 642
618 805
311 71
377 472
851 905
845 892
613 366
595 52
494 258
496 509
573 740
798 330
911 659
749 836
707 228
132 16
319 62
742 889
543 265
585 252
573 10
231 510
74 250
497 629
797 481
113 180
893 915
704 457
786 873
332 647
239 645
365 798
382 480
569 19
132 168
269 540
287 740
126 667
178 660
732 802
733 921
837 739
812 349
642 543
656 849
210 457
711 623
875 521
132 55
320 180
835 855
227 355
56 327
784 18
67 467
460 809
237 472
351 726
860 769
79 921
778 892
709 373
151 411
56 521
498 717
598 3
95 400
681 829
190 512
504 106
265 318
749 612
203 44
769 73
146 348
66 273
611 892
560 111
628 586
749 873
251 824
19 804
233 363
140 404
48 841
375 439
746 635
252 623
593 434
187 643
280 7
556 227
656 511
901 4
896 295
116 242
497 615
15 206
94 749
245 254
530 370
145 445
206 320
813 490
156 202
383 681
35 307
812 683
755 383
925 637
866 444
858 315
16 169
754 813
484 33
312 586
355 86
561 590
316 707
132 543
260 56
192 444
58 752
6 718
264 397
29 329
141 426
624 213
898 638
359 442
17 476
65 36
728 898
622 216
629 703
905 45
368 680
5 864
57 146
280 456
39 560
219 774
352 170
418 583
607 120
489 63
752 501
278 324
463 53
829 888
364 499
299 199
819 731
679 553
605 819
694 915
357 376
828 285
675 117
108 548
757 294
830 702
328 630
391 725
113 142
846 741
171 38
312 585
204 667
639 756
916 691
127 539
461 771
253 482
259 644
924 301
504 893
644 291
160 859
632 747
98 268
783 583
891 257
309 416
273 891
800 391
683 538
880 445
273 120
87 121
22 198
717 132
72 581
415 219
81 263
401 304
595 344
162 651
787 535
851 830
334 282
93 650
907 408
628 639
160 884
426 13
770 321
669 362
225 851
107 606
8 11
684 573
155 778
214 151
308 724
906 449
861 305
616 901
145 75
35 625
913 735
437 651
802 404
100 126
1 438
397 279
856 92
147 398
211 245
407 26
109 98
844 532
252 48
681 816
709 378
312 611
699 276
123 570
572 175
173 350
127 188
529 316
13 369
813 237
398 401
762 268
32 875
925 852
834 179
613 350
295 614
737 464
219 608
169 445
913 748
194 46
760 714
699 235
658 645
147 81
323 740
764 491
664 644
619 53
196 96
696 785
686 650
180 173
547 515
797 499
666 726
245 66
716 653
155 530
631 601
51 401
822 236
548 208
782 819
123 712
274 248
293 668
498 328
99 120
185 212
665 426
64 867
871 567
532 654
417 236
34 342
287 341
461 39
66 653
151 174
92 278
630 64
651 36
144 406
362 89
548 835
543 533
905 332
369 535
482 682
207 791
420 885
173 575
115 66
121 914
771 403
649 44
499 654
603 351
669 490
861 456
155 174
569 337
22 303
798 601
908 212
415 313
49 595
424 734
718 172
114 564
616 663
412 233
115 8
73 889
97 467
769 254
653 164
296 180
231 155
266 820
878 298
551 241
285 632
278 544
320 291
325 468
891 265
192 630
476 246
888 62
59 125
415 833
357 417
927 665
275 725
366 750
235 696
233 728
229 174
420 280
21 330
678 10
562 210
421 728
854 657
714 808
432 735
753 715
510 735
70 865
29 551
377 451
858 762
805 345
597 421
454 268
330 313
537 25
220 510
276 750
146 852
171 768
675 791
703 51
79 5
841 462
126 836
112 234
206 924
91 449
426 32
108 825
863 424
478 735
509 754
488 788
18 17
681 390
33 106
356 236
887 39
136 753
99 37
26 211
431 682
196 211
460 514
841 126
149 348
567 755
657 104
389 818
477 506
117 642
550 906
426 781
625 697
683 680
659 508
746 813
445 770
680 900
577 698
