1000 30000
13 795905
490 1535291
720 271985
369 483142
877 331828
246 1750236
827 356264
437 907507
948 526384
476 534857
246 617247
437 404308
323 744392
363 620019
278 4805780
365 443661
384 1207470
244 363031
955 63117
192 646267
363 2974417
62 1350408
172 713527
54 620899
602 359170
137 339725
207 314918
401 620042
158 4099825
365 1298862
158 615945
787 142924
244 32953
437 1009658
439 729816
175 1253402
573 617354
936 526038
323 1513066
363 187106
263 1128289
437 325205
414 360808
401 589239
678 487525
710 1054775
369 772685
795 28583
397 1150349
490 465284
617 1284749
785 1121731
214 3805794
246 302343
710 917922
278 2474992
948 206619
246 2206081
119 1714756
48 2431543
246 3028159
6 231322
602 807471
224 950868
370 587236
490 104969
320 1430707
294 1257467
513 1127462
11 29094
827 382614
529 418948
158 290763
503 142663
669 749480
192 592754
791 4287328
490 2639015
710 3345953
602 49736
720 1112281
401 210106
852 2284491
70 2147429
622 687929
54 826885
732 1234293
620 279776
852 285237
365 843657
548 71032
803 2769085
585 4233368
585 636458
936 1828417
720 781202
538 1862453
246 191095
192 40738
710 574710
905 1900799
192 248751
437 1963714
570 1105512
871 2905884
58 342836
98 703718
827 630023
158 615919
613 3153279
450 417942
146 740670
98 116597
119 177772
414 398477
100 136498
414 391876
945 10021
246 761521
853 52381
790 1739633
710 254173
131 60873
751 1777411
602 3056186
547 587059
777 469091
617 1114775
395 2229957
98 828999
777 277305
414 122288
852 449341
246 295511
732 775070
617 107729
58 464908
979 1481434
745 616503
490 835774
929 587076
573 1031628
134 1224935
246 1569091
745 198522
745 21891
143 969244
905 57653
98 2532617
558 1097156
437 909305
602 835821
58 1062092
617 93642
134 1313265
490 381467
401 389423
246 2671099
58 173857
209 2193528
669 1932233
365 265774
192 137069
905 996089
816 785926
192 1079083
58 977932
720 568805
16 460255
246 2483939
445 23023
246 375891
795 36479
720 1048344
246 375306
186 233500
414 459051
936 269247
490 2850001
751 436231
914 1206224
293 111134
948 3280202
356 1103620
513 419033
936 1762699
501 371630
273 145916
538 80019
490 702604
11 1447409
246 758621
158 787966
356 2611728
46 1691619
3 1888452
751 97326
482 374102
246 129632
199 455681
278 203060
692 1567740
639 1881527
748 2020348
437 211567
263 833093
745 1073953
390 4931973
437 3282237
369 555142
164 2248669
414 1109187
192 188547
278 551575
617 3350144
751 494574
731 2439875
134 1909219
531 2808407
210 221120
192 369074
573 1651558
905 540602
401 421308
673 207062
999 2383136
323 105296
573 133812
745 890052
979 773184
958 769371
102 375092
617 2406926
936 595961
437 888796
765 1125351
710 395533
948 1203007
170 1237609
54 330430
244 459879
547 117248
445 2209801
246 96798
852 627082
0 615461
835 2813360
948 2287385
365 486909
441 746478
246 217495
262 1154895
323 80405
548 69232
98 133804
390 101228
401 888672
302 2131365
134 2182762
246 2051502
156 551395
795 105374
246 381035
702 7506003
54 576170
948 1892532
585 704919
246 730010
369 1825810
102 360294
263 4001220
119 259538
11 1009391
450 1128748
948 1378778
721 2565743
29 1234156
246 55166
54 1181490
877 1548010
158 1061946
935 171677
852 299045
750 1914553
953 156655
538 794316
699 1701373
11 184353
948 127517
158 1183052
365 2768838
158 142238
246 105730
369 287134
996 48044
369 62097
573 421049
568 371182
624 2386254
414 3048429
144 127336
6 3181908
47 3863656
710 3344942
369 1173019
323 1004295
777 158240
620 212261
445 6387072
201 572387
58 673176
751 242955
602 1031633
363 10345
134 1422456
512 557052
955 1348687
192 660538
948 146889
585 1718134
732 1556595
532 744078
246 14040
192 984347
58 2193253
192 1102201
490 480358
730 1658111
827 1236141
54 1037452
956 674647
830 349907
192 2068026
356 999409
827 166262
293 1699197
249 1422526
54 129783
437 3704371
58 855607
777 379317
585 547191
58 70621
617 579657
158 776634
170 44942
745 888360
777 53546
445 1510828
98 295291
948 150330
790 689692
936 2525467
363 765547
588 887480
246 155788
390 614469
437 67057
948 1667240
501 431286
548 1858620
158 337669
246 1612018
585 39894
246 157096
795 249759
300 64727
573 116093
246 521540
363 748856
715 3291241
175 379103
853 386099
538 45458
875 133846
11 236702
868 1374629
490 1656590
199 395316
694 442326
158 2155284
703 436876
697 18971
445 471428
479 88216
445 811822
948 271078
795 77100
617 455111
246 110218
585 839191
172 1141127
54 907142
323 422168
172 649328
795 1689137
134 780095
795 2012726
98 2208559
369 1230883
246 612869
78 549771
199 483657
11 548732
602 843243
678 1776675
777 209316
690 2396486
251 1452634
697 156507
726 192520
401 2219569
445 42969
246 1415530
710 756926
519 670616
388 1088263
503 28902
936 3578770
437 843946
745 224876
617 1735005
370 281488
119 2310606
323 434850
538 721318
369 641222
445 63425
369 1048858
387 184023
315 35004
879 306107
333 451373
58 1416190
637 2807902
181 446887
246 62926
852 232586
548 832171
679 2055200
390 887134
573 1597008
713 349610
390 2025560
246 2061206
434 1519780
745 883070
490 275888
364 412522
538 1548426
134 939371
745 736818
490 285853
346 763452
617 1390414
437 352759
689 1221521
936 1034412
390 689609
530 2038737
134 234430
244 782546
777 464038
801 784713
369 2683140
936 1577639
548 399511
309 277978
730 144498
585 1234465
119 528070
251 275111
363 557787
490 1113617
720 934417
365 1473716
751 39575
54 382840
158 4012896
877 1211546
294 5268310
58 1007649
639 209618
348 2298931
263 480023
609 163651
54 971365
802 473404
271 604737
246 1312427
948 389913
459 529579
175 697024
602 1230507
528 887608
288 1973711
728 620390
263 17747
341 779222
28 391935
158 316517
369 1564824
54 1522727
620 355295
660 14812
827 1383481
87 549654
827 443055
58 19159
272 322524
244 121195
827 2739619
777 613409
268 576902
172 245352
144 369518
905 179334
365 2008685
263 1946211
573 960013
346 4442514
710 554593
311 580671
290 305647
87 2066745
251 741810
782 851249
490 391112
170 672953
363 1245122
134 1169575
144 254706
720 1364000
877 507758
249 700620
732 1444176
779 386784
246 453941
726 1764023
192 1271087
728 214055
675 230509
617 2055156
11 691225
631 1587503
827 1760206
795 422248
246 387736
745 1832417
638 189766
11 260460
144 1231159
172 674682
58 2578799
745 570984
278 116829
650 2085288
401 1856386
262 336863
415 201353
119 612234
732 3822333
341 465906
384 4647800
98 1428771
905 545238
561 751779
936 122197
445 175208
119 62879
548 758100
365 6458441
246 2835485
237 2031521
158 265991
263 541594
339 1189843
459 184671
669 122024
54 538199
776 31553
401 120241
905 3910810
455 1066695
246 276748
437 481583
11 888100
720 268532
777 57832
585 771786
751 544187
437 352654
158 314343
852 1014397
54 285268
940 1670131
193 549779
320 2572819
177 6010
199 699470
631 373236
246 105877
479 420985
548 688729
134 254864
134 3166209
244 9386
144 2952837
98 111547
549 175109
617 465572
199 61315
369 1161622
9 68770
699 129122
119 2058646
246 1400272
158 287020
445 713676
323 513846
152 356536
263 828196
602 735274
11 68627
631 760613
948 1260821
58 738775
199 56420
848 379289
592 92001
246 1496470
602 842696
293 2298972
363 618149
6 511888
936 355140
445 2121351
617 635871
11 1411196
199 341047
595 348292
710 337257
199 61476
251 969460
655 460462
589 3801505
244 564231
357 494832
795 512749
246 320301
257 1326055
852 1528913
720 851807
57 710117
144 269955
357 91645
905 1231995
617 408472
657 2929835
246 751214
795 624778
323 6997536
914 1289
761 476117
356 691906
720 293535
154 557815
602 1451309
437 2798303
268 677265
451 670603
602 366162
585 2412787
83 474590
293 579557
732 780772
694 421885
158 77419
363 744178
369 1120712
363 51864
720 2934193
251 2429
11 1964185
530 534343
795 1164422
44 125279
675 296475
246 889339
445 2251497
445 1038917
414 108772
268 1948669
11 108144
427 523915
538 411136
827 91710
214 1406868
936 692593
587 956635
11 2505481
538 1178950
720 578733
779 302192
391 1311381
745 722556
683 33791
323 1749400
745 2286406
246 2744381
549 94663
795 1706523
401 579175
58 965317
777 1153328
745 157946
98 64455
414 451765
11 40024
246 44361
251 527574
751 120804
401 2323609
872 6301745
401 664454
98 96564
427 2087971
98 3107874
465 2165917
751 644937
278 977822
246 738885
158 1071932
312 366054
708 277179
905 643396
172 726627
955 2114085
936 64664
437 1255011
732 1300690
58 3503929
369 1113249
803 33859
246 2397
710 2887595
363 709712
437 695275
363 2929069
948 732094
246 1467621
379 505934
827 94000
244 48113
58 749889
754 341691
414 718671
936 1917260
585 2651089
602 636730
538 543572
356 605373
710 1981244
378 53406
58 711195
602 237923
251 750270
637 3628885
58 1759318
390 758382
851 100166
751 238126
490 1771843
717 1367206
751 1134222
490 897869
246 832360
620 2281880
414 1264700
194 701458
585 1003498
548 113390
655 254448
293 1147191
263 261671
192 330074
795 372915
877 1835842
251 362056
538 1257482
732 1366201
811 1074626
390 2716752
199 929098
246 677946
401 2773271
732 2366171
263 389982
244 1730781
437 39753
948 3400
170 586170
246 604174
690 380204
660 459772
28 718894
369 81969
246 259172
144 136963
585 208228
948 133285
365 558362
548 115457
71 1030685
532 1160698
251 16159
192 559158
721 437767
144 349334
602 3265702
175 1840478
710 30598
463 211536
222 1638269
11 2452652
795 2107082
246 294518
268 418822
434 122189
134 438980
941 663132
58 101771
759 501787
943 1035807
631 1824402
363 1394417
59 739570
830 174921
293 291462
445 627093
573 242904
170 289767
592 310982
363 1091480
602 1015557
268 173193
98 436171
144 36814
905 608177
437 87459
363 742250
246 708121
192 66971
948 824879
81 1264048
795 275435
905 2269379
414 1149310
199 606080
782 234408
278 51788
905 298543
268 1711751
955 2470545
12 698899
475 4517306
565 1608890
369 1144
876 2306203
134 818764
369 1547735
852 642698
585 1496199
712 3244332
573 1953981
363 1097583
246 3215472
617 606308
356 259006
655 2096195
99 1965014
845 7423
959 947684
162 622043
573 250955
720 3321952
6 252815
710 230093
58 643452
2 1946143
144 876390
572 706715
54 550243
170 351272
777 2050230
609 343668
602 2508920
369 858227
58 63882
401 702206
172 987825
470 485446
414 1048216
490 864238
246 3062823
244 928980
390 192178
119 2417777
573 53603
936 63710
617 802611
905 165029
34 929721
246 578551
720 5196769
246 1991798
414 1808983
717 495365
777 144522
573 2135221
490 1849927
458 144410
751 816755
793 592725
66 760207
458 199441
978 5980524
244 745480
710 1517895
158 1023442
751 5065446
330 102490
947 428422
315 543142
365 767598
246 1692185
980 5173958
414 23981
369 1574304
948 1509775
98 2419635
693 240066
98 531238
720 90255
390 1178494
390 48452
192 879018
246 755301
462 385906
582 38060
715 89231
251 3905957
877 397481
905 1398572
445 135135
617 2228227
905 476754
548 218598
617 356817
745 1041206
750 67601
11 530040
939 599150
694 108169
324 232748
812 1017190
759 1215912
948 1503781
445 1418415
125 179389
172 287059
602 78392
852 192193
445 624384
254 2337966
268 1070920
6 1714318
192 819328
323 1392255
11 323496
852 1949940
144 1113000
839 1051010
852 867095
175 46952
800 64844
192 2493062
293 583772
543 2293813
278 262094
745 130796
522 3409385
795 1186885
437 844394
634 802452
54 982170
257 1319901
54 2449371
445 152945
320 555198
16 185
523 818
274 382
823 948
167 505
198 965
122 351
473 533
504 27
32 344
132 274
217 772
760 274
284 438
382 122
965 349
965 989
989 329
770 972
965 837
62 419
632 684
897 523
351 272
154 471
990 716
165 618
658 735
836 651
27 658
218 184
276 964
658 775
463 736
658 876
544 251
530 221
876 808
605 242
53 217
767 903
947 53
811 108
370 984
272 912
198 891
732 477
592 97
891 865
438 703
97 505
16 520
243 466
498 51
708 983
925 969
31 487
242 735
242 188
533 257
382 176
811 274
455 487
116 938
807 404
473 242
530 142
938 456
498 142
301 957
265 393
580 47
736 737
957 327
604 70
182 776
769 788
568 359
209 656
64 830
823 330
38 54
198 702
964 566
566 394
404 648
605 130
1000 591
922 551
16 419
370 954
244 9
992 829
815 989
790 983
242 404
932 137
808 752
487 275
275 65
370 20
20 984
583 950
176 224
108 770
666 136
177 213
20 450
818 965
872 788
686 954
702 717
952 135
814 696
24 556
915 555
811 52
945 227
142 490
837 296
382 752
450 526
408 491
408 352
52 357
731 676
875 636
616 317
408 841
811 918
405 48
275 562
658 220
473 327
694 135
272 236
551 947
228 224
167 47
392 752
245 295
764 222
630 501
243 753
450 466
198 857
272 36
46 313
501 571
370 764
736 454
813 424
215 26
523 521
347 1000
370 161
811 284
740 903
122 89
273 43
77 394
477 472
808 529
227 25
69 406
952 899
473 702
390 849
313 193
52 235
517 544
180 13
338 960
441 223
189 817
390 805
473 547
897 632
116 732
154 21
463 760
325 180
481 472
429 194
472 897
680 3
836 869
841 251
637 39
504 171
680 877
953 565
122 949
530 615
547 629
170 839
243 182
810 589
648 848
634 622
632 221
234 880
198 633
596 471
463 711
629 276
773 89
391 638
190 897
236 510
888 993
658 201
564 502
69 595
782 54
24 456
529 499
281 176
547 704
886 935
167 204
551 377
21 257
947 83
1 913
631 602
408 748
218 820
548 867
284 829
322 720
422 266
639 156
332 426
338 269
632 456
548 884
859 995
736 201
483 213
407 211
912 851
845 932
154 926
100 732
930 440
761 682
511 608
168 945
474 742
586 777
891 243
850 501
385 566
409 249
620 719
322 664
600 480
651 590
227 567
481 528
884 828
298 341
399 578
465 468
409 504
824 880
479 563
926 585
360 837
703 266
544 709
245 461
269 296
947 17
225 135
532 682
462 495
171 411
159 542
785 68
227 563
26 269
154 920
658 57
632 713
578 344
182 475
712 630
104 690
91 885
727 96
720 811
732 16
735 953
689 236
709 528
381 294
292 261
615 114
55 668
824 149
317 743
62 45
182 666
463 988
713 858
173 674
258 711
419 685
198 982
243 830
923 774
373 666
491 704
382 19
116 338
288 885
263 50
578 16
538 595
699 245
62 70
639 603
261 574
903 734
187 978
260 883
716 306
230 954
78 519
832 947
124 189
818 903
195 884
688 499
980 219
349 933
912 400
312 489
38 748
416 705
716 768
240 375
271 254
926 678
789 722
688 190
198 462
377 335
185 959
240 626
288 398
626 81
370 412
627 718
47 405
348 239
75 462
633 127
81 578
4 852
517 244
711 582
105 689
274 174
329 191
379 349
192 569
651 822
818 381
511 777
161 653
671 440
610 686
380 142
498 491
237 951
732 410
204 109
105 612
920 973
335 380
154 796
291 237
260 544
428 750
215 649
118 248
355 867
591 557
617 774
374 536
411 622
654 771
401 487
497 758
552 389
441 822
122 668
387 48
4 344
950 366
487 473
526 81
111 907
548 845
220 765
584 316
110 610
276 435
411 868
752 648
487 322
797 883
85 359
159 586
59 196
762 939
761 351
796 145
920 199
763 801
462 850
36 823
990 853
664 924
858 385
563 276
602 900
499 157
202 758
319 497
513 741
329 943
243 402
282 465
483 930
584 475
858 255
642 823
718 317
969 780
896 225
46 932
6 675
190 29
523 180
673 373
521 465
723 952
557 330
57 147
408 122
245 761
876 774
876 238
549 116
911 483
648 83
645 411
21 573
329 586
634 86
815 10
772 595
783 349
986 549
116 885
583 857
463 230
701 78
257 367
120 504
483 508
718 83
176 216
963 252
483 748
897 297
250 784
73 395
8 95
73 107
819 126
682 734
704 431
694 660
219 662
924 965
631 720
534 377
761 549
927 576
498 965
829 635
970 47
469 600
340 478
120 73
496 516
254 876
349 324
681 270
862 108
611 769
65 724
624 6
504 8
191 819
154 663
917 477
684 248
503 987
490 849
954 877
345 149
116 518
847 7
673 739
94 920
418 405
927 356
431 319
910 781
803 606
883 662
825 334
712 377
344 296
557 515
837 845
428 220
490 149
688 655
100 653
204 99
802 278
989 398
74 818
952 263
603 282
636 57
561 824
725 38
409 557
260 213
622 656
158 351
643 225
121 408
75 299
425 479
93 548
136 799
320 236
835 582
956 801
528 60
926 7
653 152
203 234
548 11
10 848
346 808
760 199
907 336
570 10
987 656
848 956
493 72
122 925
753 869
663 501
708 807
108 749
443 114
893 772
157 392
845 860
284 708
828 464
529 1000
845 916
157 688
963 83
771 45
772 14
694 162
638 540
143 611
461 688
773 770
230 610
706 766
899 144
35 202
194 173
217 584
214 487
263 882
35 822
958 34
972 187
69 778
819 873
373 995
140 32
266 982
302 69
254 926
266 955
910 531
374 903
187 406
891 721
840 481
557 123
798 959
390 578
458 727
808 140
675 80
606 719
734 562
712 188
265 549
623 988
689 443
548 386
209 179
325 65
498 827
773 640
972 40
667 412
419 69
482 287
59 562
246 366
385 606
79 855
906 290
229 66
893 122
684 192
454 670
29 591
900 875
493 791
925 570
644 920
727 380
807 576
745 702
817 428
628 668
1 875
677 949
574 826
392 97
685 756
582 267
905 686
272 446
257 573
697 772
531 558
412 181
174 612
684 748
574 480
237 30
319 736
355 495
547 311
871 393
843 317
976 671
701 163
299 741
590 536
851 396
577 231
164 143
512 128
563 197
242 894
881 905
395 484
163 191
105 733
195 868
871 7
41 419
968 633
228 819
526 863
563 167
16 852
66 882
415 686
16 900
286 713
245 920
446 716
112 527
760 751
519 469
108 902
669 176
213 745
268 722
483 203
835 14
315 976
595 624
291 720
19 908
780 910
438 368
487 619
405 119
331 591
742 204
693 438
645 177
178 387
486 487
288 998
517 97
163 205
69 51
274 251
390 52
997 473
587 509
751 776
910 746
587 861
703 236
916 366
877 881
827 399
213 12
50 264
449 530
774 703
188 594
524 197
92 714
706 657
506 4
205 519
316 937
989 928
856 738
685 285
85 274
98 452
669 234
213 336
118 810
498 405
739 402
139 602
193 907
879 761
463 780
38 699
733 260
4 901
220 864
832 122
463 628
291 736
530 942
315 125
973 896
682 916
45 223
383 585
10 729
505 977
852 720
976 564
831 212
99 457
305 258
957 732
735 152
483 24
945 58
860 528
688 983
345 592
328 410
473 230
561 126
916 470
973 196
472 552
342 484
823 855
82 537
374 891
118 853
73 243
111 784
770 924
689 294
978 822
52 303
685 162
925 89
653 119
360 649
683 401
605 826
463 667
366 416
680 950
450 279
526 55
835 34
241 747
492 677
1000 928
496 621
504 414
593 699
858 418
390 535
758 865
488 6
720 376
402 985
828 590
329 912
579 225
872 28
897 633
810 689
205 335
401 182
392 564
141 174
479 839
627 452
349 39
46 523
453 659
349 885
548 438
211 172
322 206
878 995
805 818
964 50
666 425
433 72
370 477
1000 552
699 622
59 986
878 869
562 391
605 272
764 579
251 65
382 302
817 682
233 297
324 349
216 853
295 497
815 67
67 452
693 617
991 540
570 514
935 381
610 855
198 145
360 295
282 328
826 138
748 970
670 930
925 598
63 131
764 105
274 648
354 272
801 674
569 832
273 380
461 131
372 976
971 327
103 260
774 333
455 920
68 164
699 767
961 738
874 791
453 622
756 387
805 969
500 46
730 408
735 98
886 784
266 330
639 912
993 913
440 775
547 432
155 709
48 279
812 815
815 927
739 320
978 987
736 73
469 98
35 325
378 678
454 673
183 487
481 887
515 960
231 58
149 211
411 64
938 528
617 727
217 226
756 385
672 176
881 402
736 288
757 845
614 510
834 144
227 651
267 785
404 867
816 26
740 459
81 533
284 644
942 905
832 956
774 27
580 782
83 863
510 209
124 862
807 80
117 511
874 17
167 948
80 952
629 371
479 949
504 866
362 732
199 279
332 635
598 250
772 774
355 805
709 43
294 623
987 103
681 294
31 933
113 39
325 847
608 366
317 481
879 426
35 824
533 200
355 389
257 722
165 656
881 389
824 21
167 850
600 537
755 279
327 877
598 772
978 101
124 51
795 943
70 436
815 449
991 606
939 844
10 372
232 559
236 485
710 55
149 761
543 462
241 498
874 372
940 62
198 872
676 598
883 812
502 512
251 296
826 843
504 574
528 573
604 385
843 874
955 392
459 405
539 421
653 594
806 952
928 295
881 866
36 60
550 197
582 40
494 100
580 486
69 403
671 69
44 91
425 850
30 366
204 307
995 715
895 827
64 9
146 212
389 980
148 474
340 851
246 261
907 395
375 624
43 379
659 273
266 589
81 920
493 753
523 674
483 70
207 818
709 324
397 540
405 211
774 554
811 653
914 205
724 9
309 376
16 22
126 32
378 1000
23 226
195 13
469 278
173 384
519 97
56 235
546 452
176 197
38 754
346 73
381 789
8 270
131 216
893 543
492 342
361 947
918 97
901 897
659 444
905 719
243 191
673 820
630 383
700 90
901 218
18 854
232 979
449 658
94 735
431 212
724 670
466 916
759 992
313 210
131 798
688 620
945 696
904 69
972 877
212 281
547 866
153 344
498 545
844 95
912 580
64 174
775 248
952 126
707 314
258 963
739 893
19 942
950 27
420 657
328 590
892 270
543 592
219 981
569 560
514 413
880 918
32 400
36 938
744 108
281 169
463 438
997 39
291 745
272 659
467 710
581 477
24 378
266 879
161 826
621 530
494 655
801 711
782 595
897 56
347 507
1 332
422 138
593 897
79 123
420 890
784 405
227 733
580 263
410 642
70 513
403 729
332 551
998 349
971 62
899 742
795 786
947 871
296 101
475 947
337 394
721 707
840 117
46 40
112 459
438 592
191 76
570 583
561 840
497 576
270 161
362 886
743 260
225 856
314 55
117 880
798 271
157 667
110 520
292 289
589 107
646 721
390 968
530 764
213 370
546 171
700 386
665 462
984 590
25 366
430 773
960 338
418 931
572 619
214 54
511 516
291 8
794 788
580 101
509 47
965 758
2 808
729 582
352 866
547 327
444 189
741 289
272 576
154 475
684 811
524 280
493 648
310 350
404 936
2 459
319 554
321 674
257 74
407 479
40 377
846 1000
759 293
101 751
767 85
534 127
165 158
939 207
665 814
917 957
734 133
777 375
554 939
574 620
766 320
833 734
768 604
34 765
191 574
80 204
314 794
364 164
395 719
904 584
280 953
619 431
251 28
454 833
312 274
586 229
72 792
673 585
701 772
734 249
373 775
862 741
492 777
600 905
873 855
507 46
564 308
121 865
750 676
11 658
583 438
282 805
698 652
522 975
399 931
591 814
800 33
285 30
63 824
655 9
10 556
8 217
990 584
113 504
601 436
164 844
613 281
630 247
709 373
224 911
343 855
574 220
899 818
917 589
608 378
995 373
738 520
140 109
147 837
952 356
850 82
917 297
195 930
117 123
459 261
224 633
191 607
299 409
120 861
593 974
347 851
36 325
941 73
855 674
42 706
534 90
397 83
189 558
352 393
196 780
125 444
911 875
811 288
644 659
363 453
175 719
273 492
688 391
505 82
233 692
82 402
580 102
400 63
630 140
982 409
512 675
251 300
81 954
675 335
662 947
775 103
133 324
956 364
983 800
142 32
346 268
514 699
955 269
741 170
994 997
22 428
566 520
311 35
410 453
871 339
667 866
553 32
661 1000
335 152
909 253
370 937
247 319
321 693
86 229
553 339
468 692
289 500
99 723
585 873
795 621
990 895
595 884
619 225
364 866
153 250
392 365
561 109
701 833
239 133
351 444
152 219
218 420
872 157
548 742
818 812
296 34
151 90
911 658
203 472
19 550
910 505
580 113
224 917
684 26
421 830
700 545
658 100
792 688
641 545
327 329
821 600
541 469
808 471
175 628
360 880
544 832
616 267
605 915
202 614
301 393
347 991
504 604
155 49
942 65
464 29
403 424
958 964
100 362
347 877
267 715
591 913
466 751
504 323
333 460
901 760
25 71
458 160
308 563
899 738
270 925
948 593
925 645
897 956
770 270
588 383
270 344
535 686
331 723
634 788
548 379
654 716
911 840
56 349
275 819
797 818
742 533
883 461
346 313
17 771
630 527
21 222
453 184
469 873
50 102
710 29
665 770
440 543
314 382
547 620
937 893
916 530
137 14
482 765
243 701
792 230
317 805
115 212
387 337
481 288
439 775
654 993
393 50
710 462
631 787
982 323
408 501
583 105
337 939
172 10
55 320
415 991
803 745
295 167
350 748
350 389
586 961
352 110
870 394
431 525
836 574
603 706
363 196
699 86
899 697
437 541
686 333
1 79
688 210
845 529
215 347
559 749
553 913
655 66
169 198
764 146
789 587
339 643
14 789
924 581
568 49
50 451
635 801
916 792
696 719
548 320
291 364
346 101
944 178
844 221
683 177
528 445
957 323
19 347
797 931
514 929
589 573
200 838
525 468
598 290
976 635
386 907
794 981
599 647
535 595
388 852
997 472
820 639
480 398
542 336
405 980
945 867
122 411
669 807
537 576
540 322
346 116
6 784
869 452
239 773
942 875
583 947
568 461
840 728
535 698
245 901
587 99
393 497
965 901
390 794
894 313
68 609
582 789
41 207
921 163
35 752
912 381
820 95
574 116
320 326
600 342
621 64
230 386
520 958
383 320
970 506
816 106
894 309
375 222
8 446
269 951
894 633
21 602
104 397
336 808
922 179
727 474
616 224
808 807
314 3
305 62
325 297
405 706
419 280
283 316
396 907
153 52
562 674
653 253
528 40
325 235
362 138
789 563
473 976
41 347
114 592
819 214
340 889
599 698
437 227
721 446
91 812
407 688
449 438
939 236
384 609
857 282
371 168
152 169
384 24
483 199
460 941
626 765
298 433
99 84
991 376
592 704
18 442
461 164
824 840
444 655
880 692
198 582
648 2
734 937
930 192
203 189
838 587
892 738
303 82
921 584
213 103
134 254
116 144
950 809
756 553
594 617
624 915
812 452
469 401
862 205
515 466
558 236
264 875
275 193
93 382
658 709
66 725
172 495
785 788
756 163
909 186
127 461
992 810
333 104
680 311
824 120
156 67
858 865
446 273
310 408
362 435
61 203
90 156
220 202
668 468
502 813
344 502
709 544
470 922
145 412
986 561
85 678
282 220
792 203
8 675
342 378
495 46
970 161
285 969
817 700
331 791
370 63
877 279
919 307
488 93
952 784
718 9
167 348
456 392
116 346
66 139
634 402
948 728
460 436
974 503
997 67
969 704
231 245
506 58
543 4
750 137
794 458
691 114
832 929
158 633
786 828
940 667
239 526
218 720
768 481
211 656
895 475
230 385
834 689
587 69
545 759
220 830
831 54
565 266
587 127
439 949
713 242
107 741
308 237
728 462
894 482
122 645
450 363
278 321
904 1
685 550
853 899
403 851
869 358
359 379
521 374
591 443
171 651
533 310
36 598
993 126
611 316
980 113
337 812
496 340
334 984
195 341
829 120
89 377
660 136
438 961
350 563
667 313
744 148
132 801
964 927
784 650
923 624
267 693
95 864
485 112
630 125
646 632
559 771
646 793
166 760
966 337
959 954
898 338
357 263
980 691
711 829
141 598
749 299
832 726
126 89
463 478
637 299
576 753
960 297
319 504
229 257
8 718
357 96
152 676
658 879
356 529
414 808
453 327
870 909
82 605
580 777
483 846
296 914
570 220
855 764
587 692
777 947
93 74
966 541
77 543
152 33
401 650
360 811
843 361
317 654
370 498
845 504
933 970
675 606
946 794
211 637
350 470
185 977
945 198
29 901
42 287
986 322
924 666
11 967
82 996
553 683
816 193
188 645
539 45
390 924
206 825
527 390
64 345
756 39
711 577
614 527
806 953
646 27
699 601
742 164
24 670
102 149
235 936
779 99
131 96
863 925
96 361
135 140
410 347
830 119
681 910
448 271
44 620
477 850
411 594
969 800
857 219
226 852
685 258
224 840
609 401
858 63
951 987
550 811
23 500
379 622
695 217
386 729
880 758
28 259
58 790
624 108
492 806
810 840
986 167
975 219
64 463
7 916
934 961
986 823
548 484
994 687
73 78
199 793
482 315
216 133
426 700
618 577
179 812
858 991
220 671
140 277
174 728
344 73
194 505
238 563
3 860
701 993
356 89
988 905
579 585
299 371
7 14
11 974
851 565
61 436
740 442
658 458
531 942
277 440
654 424
190 53
175 663
771 661
42 808
793 807
510 269
812 816
285 921
315 836
571 529
929 779
435 746
855 804
741 673
399 723
776 173
310 466
956 800
839 173
802 298
429 369
898 298
664 446
760 258
808 998
620 274
772 699
594 1
216 768
492 865
195 526
403 905
816 572
691 608
981 175
269 906
210 837
703 908
786 355
274 301
995 849
647 358
492 969
470 633
575 552
957 344
236 714
228 865
899 101
751 96
893 406
215 994
513 807
829 633
56 642
610 381
376 230
618 931
457 403
29 693
312 49
868 5
745 818
48 325
775 443
803 367
515 980
227 523
76 416
466 929
408 917
178 893
993 790
36 350
240 323
283 552
301 317
645 281
845 807
599 146
980 465
185 798
976 901
527 988
350 248
390 634
590 532
867 207
524 345
867 133
691 534
619 428
93 695
470 884
241 896
890 373
566 736
180 644
364 801
254 997
105 231
324 854
344 570
87 459
956 95
192 960
143 41
985 225
632 690
798 19
904 341
753 514
210 956
934 674
583 847
227 941
268 461
597 300
137 241
940 944
628 619
508 393
661 842
836 980
656 149
46 765
548 728
1 770
784 863
828 354
638 82
474 376
42 592
955 62
141 826
388 75
784 311
895 899
265 591
761 990
761 627
928 79
86 711
438 853
313 28
363 979
56 267
982 96
349 421
675 478
390 620
125 902
644 572
46 98
406 424
198 411
875 321
434 754
456 992
501 490
460 595
819 755
892 31
535 813
484 971
310 548
26 399
160 949
305 297
572 19
900 724
642 207
59 703
622 790
634 310
846 20
904 359
942 797
225 539
813 252
83 123
662 327
959 159
220 27
225 275
807 165
915 536
929 13
725 37
644 344
130 818
38 50
441 1
7 339
451 624
79 456
76 821
237 55
885 52
379 583
26 57
991 131
193 250
431 395
427 894
658 464
574 160
26 323
878 288
172 370
684 434
226 136
165 551
417 870
110 397
24 387
178 126
896 9
743 363
52 690
32 934
45 391
370 457
925 303
537 916
249 936
243 954
353 909
529 406
518 357
131 544
909 204
516 166
759 900
654 898
431 457
26 566
911 396
282 593
415 735
491 701
115 223
783 868
757 864
20 294
46 361
313 995
462 95
179 524
593 702
728 29
463 347
197 199
681 941
5 406
306 93
349 371
428 868
764 784
760 957
65 503
811 144
485 105
859 956
783 794
46 744
115 913
393 388
846 430
410 220
503 981
564 539
57 19
297 111
122 372
323 727
697 404
116 526
419 161
368 686
340 395
338 675
867 222
752 498
504 895
97 721
13 11
939 18
189 452
844 918
154 877
649 308
761 432
601 372
321 702
823 750
650 298
530 841
212 17
455 892
975 652
177 598
1000 685
570 448
753 351
635 330
290 891
28 507
71 622
214 657
157 348
98 946
690 687
551 883
796 39
519 120
858 273
971 439
762 367
868 187
397 743
279 842
367 59
485 275
208 446
40 681
417 293
469 823
940 749
555 884
861 198
909 800
121 858
683 18
605 457
329 995
541 894
736 679
540 425
471 291
171 347
877 34
15 781
315 285
320 13
707 620
760 328
628 169
269 903
237 62
618 997
964 764
979 236
730 476
652 680
511 188
822 410
770 607
494 872
119 432
440 615
633 75
412 159
24 15
661 512
386 348
362 409
239 545
9 842
152 115
944 709
926 146
833 935
257 570
591 144
534 978
233 940
241 527
229 571
424 375
181 554
198 276
305 809
905 30
907 277
178 158
250 635
184 558
805 933
784 564
833 20
5 203
267 791
673 892
66 612
741 835
196 63
116 944
925 229
80 841
457 282
426 909
9 95
748 434
126 263
772 117
720 439
362 132
186 869
503 965
358 39
529 39
430 536
582 130
797 88
17 783
251 79
409 733
605 192
935 317
447 957
363 71
250 463
605 180
115 856
637 718
136 492
378 748
142 323
236 625
834 507
713 982
313 596
696 95
856 55
94 62
312 410
354 21
698 14
155 985
708 130
685 769
245 96
844 952
325 462
94 226
923 141
72 83
12 660
858 572
674 462
317 311
664 484
28 744
346 810
764 889
738 528
574 63
994 848
823 44
760 136
833 991
115 893
998 500
432 494
861 995
905 612
933 514
479 920
642 267
101 532
794 545
221 396
325 777
981 515
774 966
174 918
819 704
462 646
791 57
214 994
795 188
203 420
453 251
206 127
507 228
771 589
445 481
681 28
189 429
401 960
549 276
403 374
295 337
322 113
558 594
632 658
414 229
46 886
935 337
646 14
309 141
646 482
974 240
24 588
205 30
681 584
263 488
143 908
901 485
957 730
633 494
916 5
822 267
733 7
174 81
194 883
584 989
975 688
678 541
560 880
51 676
986 278
925 594
732 380
530 387
275 769
512 197
813 859
296 896
207 283
127 450
851 455
485 815
606 542
756 955
155 821
772 95
877 997
267 174
417 209
485 609
771 631
244 369
51 426
120 799
327 162
792 60
752 71
631 436
58 796
125 552
902 464
560 704
593 51
874 31
185 535
424 209
721 420
368 643
495 915
800 412
493 820
287 363
484 435
524 687
299 34
411 708
330 956
840 962
483 404
510 422
548 724
816 501
845 429
928 578
180 192
978 850
304 133
32 30
917 957
959 376
659 641
120 663
890 975
144 838
104 862
914 998
957 113
541 858
575 548
154 726
12 321
585 317
490 929
817 210
940 961
822 548
191 577
828 211
986 50
299 502
9 375
33 840
892 16
915 586
5 532
147 150
794 872
3 354
15 402
94 77
620 955
242 264
882 253
420 526
935 151
52 971
990 457
483 694
188 400
873 459
356 619
988 662
205 221
877 158
871 840
708 565
754 399
696 792
303 285
294 687
143 860
41 669
725 237
814 633
26 525
86 222
942 818
738 232
340 679
380 949
327 186
785 962
346 672
323 189
38 616
742 828
828 453
716 307
633 101
936 673
380 147
283 423
328 2
213 703
711 214
561 721
984 102
974 855
240 140
898 815
515 551
520 823
142 505
960 4
635 446
254 673
574 404
420 465
611 895
844 89
199 615
754 617
324 390
499 26
518 821
817 223
642 225
738 93
172 584
213 823
237 709
714 48
53 701
902 513
614 79
840 267
290 139
864 443
809 715
465 963
6 619
102 914
242 543
872 675
833 495
5 578
85 907
895 673
728 415
704 961
587 913
423 595
351 74
263 153
302 121
825 60
9 651
746 326
765 187
714 298
825 925
977 272
339 924
211 32
53 880
977 484
675 331
124 507
1000 76
501 749
52 669
184 442
55 305
167 222
582 916
535 394
788 101
501 642
873 239
185 199
519 868
480 649
514 588
335 98
996 129
811 373
85 100
403 341
959 597
323 613
887 42
463 393
608 512
879 603
104 542
707 307
353 983
546 39
247 826
130 263
675 102
442 556
241 983
5 823
41 73
898 93
9 763
731 334
829 603
954 578
90 789
464 475
24 609
568 74
349 837
347 850
887 557
683 284
839 458
387 245
44 266
793 498
493 149
939 28
481 951
773 112
660 562
654 61
541 752
85 444
386 349
926 70
829 266
43 454
185 766
828 991
809 446
185 33
913 876
65 881
352 782
458 167
295 502
760 65
616 974
724 45
863 525
556 215
688 990
557 397
632 191
156 143
862 343
349 76
405 617
634 306
937 833
246 979
858 670
156 911
259 504
265 953
802 615
510 358
717 664
669 913
52 809
655 259
517 799
431 218
821 685
452 835
703 188
697 283
56 680
796 499
960 312
330 860
312 539
728 326
374 325
199 763
358 913
103 692
18 981
611 349
893 288
936 693
513 606
910 427
529 154
698 94
242 782
983 768
312 126
429 835
197 732
945 517
984 492
928 191
276 324
14 735
799 919
826 881
558 744
222 990
978 391
630 410
476 420
824 250
85 43
476 946
486 549
720 616
125 949
593 643
143 289
171 333
52 3
841 753
943 834
440 930
238 467
803 937
247 160
64 75
158 406
778 945
184 769
988 602
533 819
835 699
876 691
458 841
294 773
519 899
987 323
423 719
239 893
260 519
210 797
507 612
716 401
510 219
85 398
390 761
630 642
743 893
140 498
298 725
938 215
343 816
921 8
865 453
798 846
544 57
292 889
404 190
565 568
690 448
613 58
93 742
810 71
205 831
566 942
838 165
709 844
909 180
155 714
637 563
293 975
137 306
723 866
361 684
897 178
795 626
480 437
420 970
776 276
467 773
172 968
496 253
177 254
186 374
276 606
107 10
755 787
610 532
864 317
204 985
559 291
614 606
943 568
605 123
752 738
298 818
805 874
541 107
156 152
447 84
556 236
660 922
344 808
723 64
70 582
929 39
470 357
426 511
478 324
747 588
892 891
737 505
895 290
584 781
979 710
842 856
22 921
632 870
220 882
86 619
475 649
338 960
173 172
747 295
236 155
289 305
342 551
285 197
372 136
882 89
9 816
249 359
429 258
11 594
388 182
426 388
249 524
605 312
908 759
497 373
689 257
199 690
295 458
2 269
397 948
904 76
875 691
327 678
677 113
929 145
25 89
151 894
662 970
745 86
604 666
772 324
401 197
897 553
391 305
898 379
949 401
888 791
602 995
278 88
187 316
521 461
847 133
341 286
581 387
396 224
121 263
300 286
259 395
617 585
806 523
325 169
437 390
398 876
305 883
22 498
515 392
65 690
219 571
770 908
850 790
14 606
457 483
905 675
320 365
274 132
628 905
649 127
329 79
516 950
827 247
654 254
689 758
465 276
132 133
215 607
950 679
86 426
112 892
169 331
696 740
401 42
974 725
158 321
231 852
244 209
606 329
978 709
412 472
313 823
587 990
861 946
554 177
965 547
783 596
871 342
837 765
728 66
945 473
372 934
772 528
158 475
951 71
675 302
725 732
559 345
249 560
749 187
675 943
529 513
977 75
655 838
943 216
365 331
718 903
865 510
43 926
42 169
919 561
955 225
288 686
211 855
869 225
401 553
20 378
109 905
517 615
481 150
346 832
517 590
551 763
660 553
2 48
78 820
987 801
848 480
657 168
23 558
523 153
267 949
500 803
545 671
818 262
954 620
75 473
94 874
210 441
698 133
558 189
929 676
746 849
798 307
100 296
851 737
365 850
274 761
595 879
502 813
401 305
663 931
161 549
909 643
311 174
542 9
584 429
421 135
807 339
488 412
619 124
661 198
473 838
151 505
584 538
517 970
454 191
925 428
303 600
556 826
28 284
260 5
76 111
411 10
9 752
142 399
439 513
273 945
516 151
221 470
107 544
378 6
179 289
436 935
117 675
753 788
500 930
215 771
726 29
48 917
199 904
464 493
351 831
595 146
229 975
96 243
596 354
418 6
302 820
600 656
224 456
454 985
139 90
278 52
457 259
42 477
749 932
837 179
229 797
801 988
905 446
327 911
257 208
684 103
403 476
876 936
958 896
601 295
151 164
280 928
791 50
947 499
340 385
158 884
76 342
140 839
978 848
323 499
652 93
344 88
754 78
875 834
245 956
468 964
645 616
401 805
900 459
827 171
315 355
693 780
12 516
606 551
982 662
50 658
953 127
602 308
458 372
623 431
83 604
812 398
564 606
577 513
648 719
722 356
400 677
417 951
419 509
126 171
858 599
794 981
908 357
154 192
254 710
285 95
250 349
290 41
584 572
203 302
303 840
22 839
878 360
762 747
804 666
118 829
134 552
842 552
621 772
872 886
733 607
786 243
136 786
772 900
235 332
963 835
606 190
392 763
285 551
755 414
220 757
344 318
492 533
78 676
185 640
975 599
794 173
558 884
191 989
131 132
482 412
286 310
457 492
532 894
760 120
492 20
720 689
487 287
945 497
390 687
815 255
531 199
308 328
926 402
771 888
178 280
362 289
203 952
362 84
3 603
557 255
124 693
210 275
872 615
72 762
334 886
72 236
911 361
436 508
416 654
27 843
79 86
6 405
377 751
198 509
481 22
417 273
297 259
402 181
111 862
761 120
989 185
12 126
646 538
714 606
652 64
403 756
40 432
628 838
955 917
355 509
217 235
123 391
270 141
14 559
504 621
877 183
781 539
829 722
522 328
678 863
548 511
530 745
923 58
367 215
497 500
18 444
712 490
632 912
734 630
825 269
274 616
842 774
750 852
72 363
656 623
393 540
760 217
210 205
661 463
548 579
230 647
687 334
256 660
518 191
190 124
693 563
764 447
983 374
132 581
688 565
337 847
721 667
617 925
332 640
914 888
872 439
589 47
757 728
552 217
198 144
529 707
889 827
732 445
423 2
890 730
811 801
315 985
576 263
322 510
644 820
551 72
815 530
940 421
27 539
446 37
144 276
885 871
83 569
28 704
170 915
102 932
942 368
93 842
683 784
596 692
683 607
783 491
46 651
513 308
345 832
425 394
220 293
949 570
726 5
775 517
773 386
91 415
862 138
550 144
312 686
646 905
594 250
675 812
231 799
320 111
399 258
206 347
829 292
978 390
784 286
43 135
998 273
116 681
862 12
614 888
269 487
647 453
594 158
154 163
413 866
908 860
827 971
132 660
891 541
523 303
317 456
169 923
696 745
522 784
363 819
974 65
776 817
154 808
259 164
603 554
764 581
633 682
32 738
342 488
295 891
384 822
496 632
897 354
493 715
362 114
980 932
619 222
595 807
452 900
377 900
518 199
90 811
983 917
773 586
614 638
803 527
82 147
137 610
43 283
274 629
116 847
552 525
639 721
707 930
781 101
109 728
79 641
274 304
429 234
692 813
216 412
226 75
260 554
524 733
959 990
79 633
22 413
742 595
890 644
208 336
629 346
285 213
638 649
500 647
567 43
968 77
405 478
103 337
18 940
763 477
994 369
404 402
195 406
166 711
720 646
665 171
991 119
497 492
592 724
534 72
28 717
705 46
742 354
729 848
657 945
411 180
115 991
942 5
592 396
30 26
201 694
412 391
450 618
778 851
995 293
382 766
619 148
187 546
241 391
991 777
712 286
648 383
471 438
424 85
554 467
629 159
771 995
209 383
577 559
964 112
97 197
463 801
576 579
895 881
487 224
809 68
282 216
124 941
800 587
24 230
232 434
809 215
542 515
222 949
132 992
835 295
69 511
46 360
469 787
431 92
415 699
494 598
595 331
6 75
693 670
881 112
667 397
510 366
504 865
841 216
147 733
840 153
657 893
357 569
812 109
985 947
348 236
296 796
333 670
980 535
838 417
2 770
447 748
65 407
989 95
278 196
339 291
294 575
825 618
546 547
603 679
833 301
37 576
711 393
468 46
742 899
777 978
593 741
399 24
877 816
629 260
861 915
674 225
122 158
716 948
835 200
456 331
239 958
944 545
511 455
722 958
494 12
14 231
229 857
81 18
588 216
677 760
283 205
212 997
174 266
37 990
840 400
935 212
907 567
111 178
5 975
885 877
162 539
408 951
366 924
618 45
641 770
975 990
535 166
858 802
299 648
751 103
909 267
177 475
283 273
475 760
682 562
371 769
648 237
376 78
575 698
630 565
411 136
600 991
54 347
680 359
135 27
215 573
435 142
968 490
407 843
835 979
31 510
490 522
554 235
321 319
968 925
843 476
734 101
267 540
196 538
140 350
343 136
360 680
496 711
156 832
869 988
414 578
923 61
576 500
481 576
187 119
686 136
212 811
561 240
944 684
825 534
99 133
477 686
907 23
877 647
902 3
180 192
480 280
38 836
432 44
657 88
667 133
698 616
244 492
833 432
379 820
681 85
227 121
594 492
759 976
46 900
726 405
767 864
971 208
758 562
184 11
77 67
186 299
831 566
582 618
810 194
529 153
598 377
682 570
954 473
621 575
402 629
450 751
461 190
236 618
170 960
369 75
351 220
529 981
404 995
980 985
581 147
81 780
466 164
200 712
791 119
695 135
308 518
397 492
562 54
181 888
909 736
973 735
638 581
852 474
657 110
536 18
87 777
993 198
564 575
273 372
964 24
885 375
686 945
341 555
573 520
88 223
604 326
412 314
491 241
220 589
823 617
317 92
677 161
253 363
647 80
596 159
638 165
866 474
161 928
405 382
991 419
586 23
236 599
828 975
156 826
651 745
580 238
653 768
566 608
709 38
95 215
189 973
857 977
632 529
593 463
661 728
209 558
23 449
377 469
642 71
988 823
728 990
960 419
51 319
526 897
681 278
45 251
272 78
88 363
215 454
905 592
814 317
141 817
946 363
28 998
436 411
715 563
607 340
773 128
666 589
508 668
114 680
83 195
429 979
454 125
776 581
825 751
894 151
219 199
662 413
969 966
963 573
90 426
535 395
362 104
97 898
574 258
378 299
360 773
613 51
702 326
171 810
128 456
19 920
935 793
417 115
796 909
981 785
231 656
644 980
324 64
647 358
367 464
618 548
608 531
393 194
259 688
523 212
503 118
618 750
157 132
691 907
104 702
713 175
697 488
182 945
867 229
339 934
545 704
528 52
547 315
776 967
84 800
686 142
622 940
202 219
102 811
305 578
512 517
919 168
309 988
907 860
920 203
139 504
204 135
707 449
509 97
929 65
930 669
409 944
272 298
467 884
539 85
409 431
689 995
435 105
287 638
797 510
85 494
739 93
462 10
382 172
519 908
35 823
253 281
129 404
610 775
708 639
912 72
956 372
545 421
874 23
624 514
532 329
858 205
595 618
201 798
299 816
192 851
412 655
949 64
229 169
320 114
637 293
850 630
270 670
234 302
440 185
683 206
905 490
783 38
689 759
814 685
932 597
558 174
993 310
883 496
526 6
124 828
668 315
350 329
582 604
216 935
363 404
411 522
193 485
981 790
910 950
796 677
817 645
60 655
515 957
105 890
607 86
864 672
749 399
519 629
957 468
767 835
707 728
829 835
324 575
892 233
242 128
112 484
104 457
318 633
449 165
84 838
257 16
251 573
549 966
296 396
957 678
356 964
705 377
172 647
27 416
485 264
722 327
541 996
435 94
639 318
670 280
677 360
165 850
610 316
161 860
38 166
669 783
504 444
786 486
710 560
543 247
111 291
927 801
301 583
509 891
530 963
327 977
420 813
740 968
164 615
952 956
389 416
17 104
701 51
109 949
613 785
481 667
399 988
10 299
509 792
649 578
788 618
195 509
726 83
814 787
333 719
960 24
224 418
63 986
457 56
316 829
810 282
890 900
969 22
103 460
963 941
577 68
778 863
912 463
8 559
57 405
877 634
97 354
793 899
77 177
254 33
893 640
270 43
977 986
61 223
196 488
784 75
414 736
882 97
193 996
904 855
360 779
497 332
78 956
521 442
893 970
420 841
291 405
699 657
968 750
297 406
360 745
905 440
621 739
261 649
760 333
458 156
220 275
14 354
390 672
346 880
480 129
791 345
331 367
496 480
678 208
404 283
619 795
945 375
264 115
234 913
853 572
109 712
122 264
549 21
980 393
389 468
643 925
477 12
299 384
11 132
600 569
861 968
274 978
451 860
971 658
357 212
343 374
384 156
828 839
286 522
681 907
50 730
774 914
943 906
640 744
858 694
475 741
16 941
907 257
406 924
647 830
47 337
133 326
623 700
28 355
155 900
626 367
525 210
582 569
17 909
91 798
941 161
805 925
911 136
401 396
521 15
523 41
40 502
920 799
925 467
733 262
540 481
764 466
177 695
659 956
510 992
719 859
227 900
142 261
388 86
119 665
871 194
822 772
796 678
107 39
853 337
703 424
746 538
827 279
326 799
598 807
906 506
758 381
797 307
516 739
277 115
451 384
64 7
669 717
383 671
352 79
773 541
91 746
975 867
163 739
550 698
745 895
941 442
632 823
308 133
911 467
813 9
318 835
434 443
944 25
515 132
841 485
47 45
577 852
625 909
251 721
92 30
919 254
311 969
415 542
953 703
2 143
539 816
135 711
89 248
8 827
853 100
572 971
547 946
850 693
866 678
42 247
237 282
632 720
294 969
495 459
602 402
407 774
289 96
363 267
93 576
732 232
700 902
415 562
756 305
559 845
832 553
355 439
602 566
412 504
106 617
144 12
803 18
280 293
929 895
252 884
620 773
216 715
172 981
555 524
423 935
606 323
846 509
381 925
780 756
451 547
529 554
431 301
32 977
892 68
562 362
698 803
470 755
669 601
943 694
820 500
557 106
711 840
647 809
238 792
72 450
456 425
161 315
384 442
160 614
453 835
827 156
56 113
175 361
636 142
900 424
992 861
698 317
436 372
299 38
333 352
608 500
428 418
303 372
531 506
742 167
898 969
807 192
78 948
530 610
971 73
170 872
472 87
217 305
963 503
340 727
118 588
349 32
92 685
963 178
192 721
213 762
958 487
911 622
471 688
960 262
904 423
464 399
671 417
681 690
688 671
917 764
881 803
789 106
78 147
807 965
161 860
910 340
516 201
786 263
704 984
955 203
486 969
589 160
872 731
933 782
463 297
601 889
853 675
484 160
690 130
351 691
469 617
272 968
434 166
590 260
368 704
588 123
63 342
238 672
936 682
927 991
552 197
519 735
760 742
717 139
927 840
413 430
538 887
995 755
97 911
374 17
92 618
330 769
806 809
131 644
965 977
271 450
399 300
403 390
107 886
378 590
878 105
542 586
618 536
991 115
263 756
246 811
949 628
381 621
395 639
777 576
206 664
947 940
488 384
597 363
743 99
726 786
223 300
194 707
605 105
355 255
137 932
699 238
476 806
209 611
533 504
998 689
961 539
834 216
739 353
34 984
726 437
709 862
889 964
66 297
220 77
741 165
204 982
166 419
615 713
580 779
168 510
139 913
870 942
746 892
377 735
834 767
493 914
390 639
47 695
388 972
32 130
326 9
388 969
162 337
260 240
543 927
447 63
499 635
431 907
967 672
911 435
154 638
466 217
488 858
899 985
755 138
891 293
701 392
894 278
668 132
481 765
857 520
960 931
660 236
408 872
257 862
596 898
561 963
223 978
23 391
584 641
432 108
758 491
421 382
61 269
713 524
279 948
906 707
759 314
602 579
888 148
723 946
186 133
184 125
145 79
882 625
998 380
830 607
158 938
676 304
589 493
447 839
695 610
585 505
613 97
635 508
694 671
811 120
609 6
501 64
44 627
255 517
33 350
467 987
323 90
156 261
869 719
850 568
345 891
11 759
662 368
478 754
961 937
884 519
653 588
61 787
530 420
94 217
508 510
142 757
978 295
675 55
502 451
946 212
914 8
668 429
153 816
311 644
190 227
388 582
27 287
491 724
234 369
854 987
42 480
644 461
742 593
767 878
536 820
856 828
536 241
818 63
897 149
760 737
319 133
746 262
225 554
302 894
585 186
719 593
1 500
703 724
931 121
341 500
994 887
22 360
498 222
385 777
276 716
218 692
944 255
181 974
113 644
139 454
78 157
947 247
768 107
754 98
906 554
394 390
463 381
515 592
225 852
716 625
785 979
460 473
467 442
466 722
254 239
837 717
567 170
344 299
297 649
107 256
856 616
636 474
353 851
474 828
397 976
10 840
453 231
800 461
919 62
892 322
55 855
777 876
357 893
620 346
771 45
481 943
648 450
463 186
363 203
982 560
677 262
143 194
337 483
442 449
105 656
179 403
657 234
256 511
649 138
524 42
862 553
816 476
413 877
846 287
357 201
123 712
201 787
509 712
649 636
409 213
866 139
502 45
434 383
156 718
85 392
880 704
408 605
423 727
817 390
848 112
736 766
829 957
700 487
751 285
704 369
112 344
210 735
184 257
419 655
717 167
114 437
374 704
540 215
727 205
280 676
236 334
258 202
37 791
524 30
471 875
605 636
493 193
336 581
341 102
10 101
691 301
763 455
298 773
763 82
883 641
601 251
624 873
552 421
955 206
336 655
153 727
368 518
605 535
747 664
387 347
425 482
377 189
303 69
694 971
633 105
772 408
834 558
761 399
556 394
294 548
693 170
555 283
943 218
670 619
353 761
87 898
767 586
871 321
455 894
113 322
621 485
579 99
183 352
670 206
949 418
235 787
771 137
724 587
380 230
517 508
429 607
502 819
971 46
382 850
558 635
112 482
483 738
674 504
229 799
731 62
783 898
718 653
619 610
294 445
477 299
888 457
511 823
208 529
169 963
107 292
522 261
388 325
154 567
704 737
866 782
270 355
397 108
671 646
811 297
828 576
470 621
263 343
28 547
494 848
439 583
926 342
721 990
215 433
914 153
46 150
247 529
370 183
174 534
69 424
801 305
641 395
695 191
262 231
808 742
83 493
321 888
402 502
12 640
559 996
753 346
608 94
383 574
569 80
528 750
172 312
899 986
749 597
986 58
811 997
589 907
493 548
764 307
694 631
16 609
505 108
832 725
59 489
420 564
432 42
924 293
408 275
400 636
377 750
285 678
434 565
470 164
537 297
195 699
179 864
907 745
213 268
592 760
690 562
637 488
774 332
39 867
725 634
661 435
937 992
622 905
603 122
723 891
9 519
199 989
922 3
236 780
872 47
812 494
624 462
902 672
749 630
129 916
713 949
54 815
656 794
862 630
400 485
262 394
445 345
812 154
61 14
342 229
367 802
259 969
322 620
393 920
830 588
604 282
495 236
790 884
72 915
877 909
515 526
316 446
764 624
129 309
350 973
843 49
125 716
87 585
224 36
664 616
578 688
480 661
455 641
358 821
575 189
722 932
548 111
737 763
651 17
600 15
511 324
100 3
406 510
368 409
443 82
236 101
71 398
549 441
530 624
120 465
753 824
431 997
130 894
800 420
832 966
760 458
365 266
593 494
425 109
817 11
545 9
481 860
357 782
239 458
682 122
183 474
644 235
449 763
776 570
418 520
945 179
149 580
35 207
492 757
883 514
514 130
846 156
931 967
461 615
120 132
779 878
807 717
216 418
974 195
479 20
179 842
13 891
588 606
15 595
209 913
974 993
266 167
303 441
474 536
57 454
573 889
888 929
649 625
493 119
673 213
323 902
526 191
993 484
561 948
90 40
159 947
211 395
21 628
507 869
694 940
314 278
961 243
686 696
846 545
942 281
541 93
458 362
891 902
772 356
982 43
955 189
660 764
950 416
612 870
101 51
474 880
245 743
162 163
531 979
457 630
931 277
562 927
380 580
875 849
611 914
803 504
323 45
100 14
773 28
142 777
111 766
910 71
819 378
314 843
81 55
345 361
43 555
104 787
880 661
862 138
315 248
707 923
648 336
137 194
938 480
360 8
516 401
986 237
420 862
659 362
295 565
90 267
993 284
424 83
884 243
702 378
695 642
971 944
536 764
542 902
412 386
700 17
513 987
883 376
463 208
426 68
795 200
788 595
3 370
466 610
41 241
124 895
916 209
949 74
617 493
920 621
105 343
132 344
699 308
104 590
993 297
631 543
487 605
832 825
578 557
318 752
257 580
587 58
439 767
763 327
585 282
597 254
16 256
531 470
347 31
812 805
160 347
198 787
692 436
957 73
680 989
700 827
38 605
432 900
550 275
118 997
214 111
120 281
326 810
222 887
485 413
267 232
181 694
805 178
6 390
654 599
315 833
210 870
66 300
854 556
222 69
238 175
621 232
711 582
359 211
431 797
758 42
822 602
919 681
828 432
32 39
903 438
208 123
476 811
52 267
175 717
212 253
554 957
724 758
900 308
177 515
689 738
907 425
646 183
790 693
564 599
611 41
908 44
811 823
305 147
766 457
523 325
316 197
869 939
337 959
806 991
272 840
117 355
179 68
314 467
252 809
390 354
146 649
680 678
955 933
366 300
572 175
481 517
604 663
740 200
336 248
500 336
717 733
141 210
48 263
794 644
636 61
412 514
519 646
649 563
952 847
344 128
929 952
626 310
541 793
634 623
882 818
12 184
512 943
819 195
714 82
107 633
542 79
905 470
653 609
417 8
672 543
727 150
905 148
101 655
344 915
581 508
24 605
695 55
918 884
215 779
510 837
402 172
592 498
257 240
158 292
104 872
162 250
408 86
162 303
983 489
681 753
437 236
293 553
973 343
476 997
869 131
722 727
512 422
82 805
758 364
680 776
130 102
339 79
937 448
870 459
572 131
249 462
224 475
330 562
834 714
992 844
543 649
954 315
986 646
211 923
582 799
297 752
22 60
310 518
91 428
58 105
697 407
942 374
379 66
277 45
569 357
32 264
127 962
239 479
151 886
251 15
283 446
551 574
933 773
352 244
258 618
417 695
675 618
501 56
112 963
550 100
168 962
635 182
416 236
814 699
372 800
919 716
406 4
29 578
833 798
602 165
48 668
222 537
35 732
607 985
504 500
596 568
457 552
23 958
72 444
840 852
279 210
34 765
497 619
984 386
204 280
511 843
117 60
327 10
888 30
14 274
937 726
182 576
819 285
771 562
63 189
545 328
446 144
663 579
212 51
931 684
966 213
842 75
935 572
64 504
141 792
986 80
971 581
955 943
312 816
311 156
436 787
30 603
22 710
545 895
374 297
779 25
317 484
528 816
237 584
116 104
13 445
759 928
200 64
48 763
936 858
301 975
86 767
408 409
750 482
81 592
681 176
419 317
781 153
386 47
638 111
498 233
544 92
912 648
457 778
58 302
149 926
543 997
307 648
613 856
243 920
109 377
750 57
287 305
903 491
278 162
415 542
107 199
645 506
78 585
737 188
621 71
950 725
232 533
649 601
136 946
205 666
253 552
674 34
836 460
722 846
357 273
96 354
429 606
678 452
160 975
913 812
671 600
409 383
850 858
356 786
874 32
421 232
922 124
831 297
816 620
59 705
527 998
615 105
990 468
582 955
819 143
842 754
567 561
142 710
880 68
204 647
210 446
519 223
9 74
686 675
159 703
394 934
432 473
167 679
55 618
743 646
353 231
822 263
217 886
831 757
769 493
394 747
95 918
682 881
891 492
854 13
297 966
623 50
341 514
708 209
302 51
717 63
463 1000
742 933
964 427
910 729
550 74
19 496
315 403
145 876
742 710
969 25
415 88
154 498
488 351
486 749
463 232
199 371
574 516
140 621
875 864
883 84
668 40
935 367
634 703
785 616
27 226
626 470
738 830
250 932
66 343
516 182
606 562
451 787
605 859
11 578
549 606
501 276
834 640
134 120
389 434
133 58
531 817
822 177
613 687
29 819
909 327
832 975
713 880
644 762
394 300
644 995
895 641
250 49
959 902
306 584
825 77
354 105
442 989
945 738
492 84
395 83
686 700
50 554
60 696
910 335
687 17
322 830
416 692
803 74
252 952
319 751
189 628
467 265
646 621
751 333
426 189
575 464
142 506
230 714
692 764
898 973
439 224
375 987
962 719
151 598
226 511
328 967
718 512
158 626
258 365
338 601
974 621
719 137
622 812
828 299
258 521
961 905
392 449
106 625
986 110
472 644
998 839
97 250
438 993
420 406
465 498
427 594
682 558
531 30
496 627
341 720
887 686
356 151
137 976
120 623
548 712
280 121
611 715
430 706
912 601
874 76
837 511
921 2
748 977
145 873
235 670
629 906
386 131
432 914
158 95
568 390
623 369
65 342
480 799
610 681
704 340
158 327
20 345
788 641
963 405
565 843
610 946
615 902
759 659
582 891
286 465
535 917
949 751
753 280
252 225
729 333
185 149
538 794
957 739
712 81
98 282
480 916
40 428
216 88
811 1
542 40
983 914
838 948
925 809
313 863
107 500
747 618
307 555
313 161
17 381
781 794
78 755
709 809
347 71
460 970
851 991
489 230
127 741
672 618
225 497
48 521
543 361
372 180
678 986
29 517
205 350
902 701
123 260
489 9
470 672
352 934
169 313
617 864
861 294
777 989
210 387
835 679
157 621
473 267
42 928
93 542
605 107
572 57
96 660
729 919
647 848
997 961
395 949
768 21
397 585
946 976
595 930
130 958
134 854
134 876
61 863
549 57
389 980
333 210
150 877
338 291
74 343
557 34
405 24
191 435
628 264
311 429
373 39
965 802
518 804
283 802
306 783
880 120
60 291
584 215
939 889
249 543
770 348
484 615
431 1
490 210
195 333
508 854
395 202
797 131
202 166
187 65
407 762
382 625
756 822
385 365
686 665
991 437
93 74
797 74
27 121
851 77
215 287
224 270
99 298
855 455
558 813
451 861
679 640
432 170
715 714
750 726
820 323
405 598
854 129
101 472
265 169
293 910
405 539
225 722
869 647
404 212
69 699
802 520
988 481
74 986
780 531
661 541
210 657
204 830
699 711
263 417
120 321
387 855
158 112
984 440
930 624
193 729
820 442
137 754
472 442
894 809
840 915
189 214
694 530
140 879
506 58
825 896
998 488
423 952
968 29
745 811
538 678
837 679
957 182
549 890
333 759
534 239
496 568
662 192
237 227
151 789
931 279
706 939
247 175
290 490
60 495
665 172
377 296
344 812
428 81
750 422
604 962
240 1000
261 33
374 901
1 782
726 273
865 566
12 288
640 181
824 540
387 366
610 31
3 297
462 818
458 398
778 762
810 714
527 727
65 388
60 70
746 830
426 9
354 393
387 488
529 611
289 983
114 855
815 351
59 417
220 293
101 53
244 268
835 258
268 427
589 474
586 595
282 99
614 925
874 272
178 427
80 920
143 603
984 534
142 333
845 99
276 948
386 269
451 647
573 467
417 589
724 430
650 917
232 338
266 271
19 14
371 829
716 492
812 13
890 24
85 548
59 264
632 480
794 724
955 116
526 519
704 333
470 812
277 286
702 265
682 102
156 263
69 982
938 658
225 401
508 18
143 289
331 744
334 185
379 930
239 880
746 956
961 74
122 944
273 716
768 525
792 28
112 19
767 188
615 346
561 181
417 246
873 592
7 319
431 217
368 462
985 655
821 126
218 783
855 272
48 450
260 570
924 794
916 1000
924 877
740 966
365 238
635 172
163 79
408 94
988 313
242 295
27 970
451 193
449 869
951 881
196 702
480 217
928 929
266 59
449 848
839 285
695 687
267 682
904 554
368 777
963 321
845 69
153 460
329 152
486 661
491 313
368 774
818 330
601 100
131 163
59 633
912 291
485 438
819 235
222 941
347 567
787 783
749 356
953 707
719 740
57 804
441 132
57 80
444 980
171 827
252 313
113 908
949 120
863 933
978 319
620 288
486 771
60 594
315 264
284 803
708 103
748 438
827 79
725 329
578 938
436 735
199 178
789 21
791 193
881 382
353 177
616 481
998 391
429 872
128 183
701 775
248 739
574 407
905 513
345 82
87 485
238 745
704 836
706 860
378 990
701 24
191 986
673 256
32 105
625 115
205 524
542 760
493 443
518 504
243 784
126 346
521 146
450 286
205 499
962 764
115 91
944 361
166 883
987 114
438 19
788 525
738 927
457 117
198 603
603 143
472 951
355 277
378 285
182 405
636 807
764 166
944 644
173 134
30 993
292 953
437 262
985 5
982 51
555 471
594 750
994 780
280 4
122 877
452 604
721 974
317 931
655 496
348 247
866 519
801 920
947 939
321 739
351 119
639 556
530 53
523 761
426 423
948 995
79 594
727 268
912 120
285 372
970 213
589 378
297 219
59 897
822 574
600 586
866 532
138 372
132 840
84 188
995 197
816 330
546 769
427 84
375 220
853 954
462 111
471 499
684 655
613 352
803 928
905 433
881 166
747 597
6 88
79 711
888 612
782 621
526 308
657 105
702 821
961 939
498 617
664 315
612 295
500 850
946 543
691 439
716 795
544 880
480 512
402 498
480 973
936 121
397 789
172 856
172 76
519 916
215 912
348 889
346 743
82 200
233 244
225 970
546 17
421 31
1 15
161 975
673 245
259 607
91 626
812 778
895 580
301 471
277 704
392 230
119 728
436 504
656 941
406 521
444 121
391 796
529 416
403 720
516 859
30 373
787 254
718 816
597 805
151 973
348 1000
403 959
579 910
702 690
471 980
401 250
434 5
658 883
124 591
448 723
652 170
372 517
634 556
279 812
451 31
684 367
258 552
553 376
647 290
767 373
804 646
829 941
322 610
507 933
945 936
811 364
560 737
870 7
498 239
993 889
274 72
371 973
266 760
254 752
710 274
188 613
297 673
186 811
933 759
335 510
968 85
414 516
516 78
767 719
928 588
214 295
505 526
214 549
374 912
802 531
235 291
925 502
199 200
510 141
914 5
277 634
991 391
810 347
46 712
388 607
568 691
414 213
318 432
971 973
965 791
812 751
848 320
227 280
112 978
516 143
398 546
947 789
211 98
197 981
419 326
515 888
439 823
776 153
340 209
291 534
51 496
745 599
741 900
417 41
559 948
631 777
390 46
840 469
831 34
416 194
215 993
778 253
608 500
997 795
960 60
198 896
246 792
227 131
258 791
22 871
117 400
111 29
98 48
469 369
82 360
697 542
871 97
386 391
166 907
114 145
544 577
868 120
855 187
205 673
720 458
369 596
536 896
216 262
799 294
89 990
726 88
250 872
562 529
374 521
525 833
86 972
41 172
756 693
226 192
853 343
616 72
982 232
465 554
516 612
804 69
377 281
970 636
461 234
389 286
345 302
554 808
839 498
609 558
301 147
821 596
683 285
726 613
190 376
292 435
658 267
192 117
637 219
269 343
322 88
839 336
441 696
240 752
257 813
216 839
80 616
943 348
359 150
352 92
741 844
423 778
388 367
484 598
556 952
770 495
569 100
693 488
694 596
50 330
131 383
675 44
47 583
463 784
484 745
512 519
708 490
468 918
755 31
738 479
382 212
458 946
712 395
422 126
172 43
95 50
968 551
904 376
275 172
676 90
142 984
211 809
946 230
896 236
701 118
39 956
328 50
323 257
791 155
304 848
675 792
303 423
914 351
458 897
968 922
545 511
988 364
415 176
916 967
899 900
698 165
949 820
26 474
848 975
934 508
654 168
133 904
8 413
434 594
567 316
333 542
87 130
626 352
364 671
70 612
548 693
749 19
414 298
158 286
258 131
754 971
720 840
219 636
880 100
57 893
946 621
72 43
208 259
104 154
313 647
256 145
640 588
415 135
294 357
885 492
518 799
53 873
296 453
22 269
416 205
998 455
558 255
108 751
6 331
802 299
893 68
15 246
381 427
931 975
205 411
603 601
352 507
53 243
331 829
427 169
387 158
450 905
116 809
545 480
244 960
550 58
479 526
112 369
68 56
607 486
273 888
74 243
367 741
310 600
211 230
395 619
821 798
333 359
511 677
638 420
697 863
620 113
18 456
715 331
998 578
879 394
303 48
464 149
774 515
850 95
866 989
799 333
646 794
936 458
185 297
115 861
531 95
556 170
320 530
574 309
703 941
576 44
994 713
393 410
274 853
633 232
452 868
321 809
544 569
25 806
429 446
620 959
454 441
74 379
97 170
96 915
457 955
44 224
362 716
869 867
6 991
804 193
321 635
399 560
574 532
590 113
160 673
813 289
658 968
250 765
990 445
436 278
980 613
618 837
763 96
636 605
976 342
596 967
694 83
312 209
417 765
41 322
54 194
653 987
669 832
600 649
383 740
692 669
343 413
662 542
942 678
776 956
63 976
857 27
695 230
295 706
654 164
683 899
65 518
137 423
315 318
384 218
222 61
268 798
252 398
940 351
557 821
814 614
178 742
970 55
642 962
852 496
780 222
979 411
678 844
55 490
462 604
878 952
408 78
602 409
644 288
675 877
61 103
44 790
462 997
612 557
403 876
955 48
569 883
945 7
908 822
890 324
103 863
813 543
117 774
62 508
680 269
24 75
714 636
785 918
415 707
415 226
528 648
61 439
581 859
733 798
92 193
412 554
812 121
538 284
679 984
162 240
416 529
676 121
121 914
396 388
750 870
891 375
954 242
899 723
809 328
439 123
536 264
380 919
69 388
915 881
554 961
888 17
545 909
870 751
6 137
78 51
689 792
826 746
340 479
230 193
782 272
175 17
288 500
233 563
210 252
963 857
375 741
228 64
457 415
166 716
555 5
898 647
553 381
506 994
379 531
106 203
983 231
114 438
583 539
987 311
836 133
364 116
263 538
19 670
875 175
742 125
872 299
149 424
202 60
308 690
859 7
181 271
301 973
500 157
287 428
337 44
865 632
240 964
523 147
46 19
941 346
331 526
911 936
929 920
835 782
139 239
313 479
193 387
507 321
84 532
96 458
360 683
580 293
70 906
422 668
445 940
742 101
753 393
205 228
257 914
257 86
375 870
121 232
790 264
614 611
765 884
953 727
896 716
508 553
185 467
979 793
317 946
663 425
676 726
198 143
348 468
137 808
111 944
447 892
652 696
338 762
428 866
830 288
897 959
863 491
506 52
277 915
550 918
530 949
456 768
728 559
170 655
34 657
268 251
575 30
41 298
610 789
391 886
474 972
429 921
460 970
385 529
720 448
522 656
316 743
33 481
90 684
746 712
521 154
160 988
33 938
648 465
280 443
873 660
128 792
633 5
450 857
641 366
278 903
173 225
224 227
506 760
278 892
632 263
977 825
458 810
740 183
433 991
398 473
843 270
312 285
137 522
952 426
192 348
118 812
956 339
58 945
832 450
962 756
205 195
970 703
645 783
328 136
313 604
224 278
126 909
802 944
467 198
149 822
954 505
169 861
509 469
747 233
800 776
430 531
187 851
711 380
564 209
455 961
931 839
782 956
721 291
538 142
759 909
681 531
613 382
291 832
387 916
774 241
435 714
65 661
916 634
737 656
765 520
937 166
789 984
791 703
412 34
589 429
963 12
777 337
78 170
413 339
74 692
604 69
895 788
746 836
968 362
658 616
179 724
804 72
118 253
450 152
197 55
399 436
395 926
94 820
273 186
21 97
251 832
390 703
970 363
295 354
338 845
335 609
537 736
179 952
477 480
218 529
114 522
716 337
606 213
46 395
46 114
659 418
124 995
661 35
601 540
235 94
472 254
719 376
623 967
160 46
423 428
650 584
753 822
125 129
863 292
726 622
194 213
854 851
144 287
676 13
104 407
145 57
332 415
559 343
740 981
549 630
606 21
310 836
99 473
580 480
985 153
651 27
739 866
886 848
108 640
105 476
46 155
118 517
395 915
561 66
257 913
42 57
447 223
770 438
349 582
901 564
755 953
482 664
814 5
764 635
987 930
201 995
223 563
391 211
767 547
954 174
350 499
582 605
569 601
262 395
256 447
777 970
994 535
809 708
777 848
27 374
531 614
338 190
786 107
767 948
515 313
899 387
67 16
395 489
508 70
224 349
425 594
174 471
513 5
633 405
445 546
303 186
45 509
308 589
311 234
319 51
603 349
518 868
963 815
526 228
90 397
429 865
399 213
411 961
776 61
782 85
236 658
947 280
128 151
532 752
891 348
264 359
102 115
917 24
807 823
704 799
363 316
138 206
285 508
365 205
664 314
137 237
572 755
357 382
177 386
932 403
344 109
814 982
438 482
471 201
911 208
270 910
839 771
969 124
80 184
601 533
508 323
734 52
570 831
576 784
897 255
266 14
856 95
943 910
988 339
9 936
270 334
777 759
576 2
102 500
727 834
47 680
440 175
816 624
844 802
928 509
278 324
171 631
729 776
854 504
937 47
558 807
940 795
575 694
15 95
987 852
730 23
284 926
50 491
619 102
698 226
262 228
174 83
658 413
70 356
113 232
142 747
224 509
634 957
717 588
535 123
391 909
426 600
908 510
618 419
900 346
831 702
707 390
46 13
356 480
218 985
359 751
499 816
926 712
937 772
604 666
937 256
914 345
561 975
184 636
902 563
971 366
32 61
624 684
452 234
311 499
965 705
528 45
705 659
995 351
226 617
152 633
356 69
119 730
820 426
895 317
130 797
837 147
919 450
936 542
558 317
454 718
264 197
363 759
672 270
497 986
350 261
240 570
853 937
249 957
418 512
388 820
589 850
557 158
287 64
570 796
681 762
720 364
983 883
884 373
633 540
291 800
458 339
88 496
769 724
618 807
508 296
599 24
40 801
152 718
64 581
215 122
298 32
654 327
800 921
639 811
190 444
899 946
437 474
898 529
69 979
426 675
848 791
442 852
43 382
672 56
615 957
897 841
217 165
821 141
925 598
850 753
201 217
933 446
37 366
624 296
14 316
454 115
578 757
625 399
615 91
6 45
945 357
717 147
213 185
415 751
824 477
326 851
669 554
830 775
713 950
589 540
900 741
292 617
988 231
257 741
618 379
572 965
368 743
278 564
131 140
420 385
131 348
598 487
203 659
957 263
720 773
452 759
94 723
614 363
902 67
240 435
392 589
806 665
810 948
42 195
268 967
921 75
341 482
371 933
962 216
666 752
885 281
828 134
836 685
262 140
438 697
238 148
410 112
450 634
397 954
390 64
130 538
194 413
679 429
505 771
980 313
372 761
718 281
871 470
16 41
342 805
144 171
687 168
266 137
209 992
723 640
713 775
417 305
147 187
828 935
389 666
498 314
967 233
63 608
524 625
887 988
954 616
21 724
307 541
209 467
771 197
475 321
739 87
141 257
611 630
560 25
934 781
758 953
218 766
595 678
187 625
361 424
160 351
491 379
674 483
843 965
800 458
915 229
373 738
546 714
28 53
474 528
128 740
876 621
854 982
668 212
178 434
272 548
481 562
820 248
718 708
616 750
243 335
548 184
396 776
948 560
921 677
829 698
401 295
839 236
521 769
186 195
711 220
794 977
137 332
391 955
593 539
964 574
252 321
696 376
533 316
661 195
664 887
513 379
686 472
34 892
434 126
900 567
158 609
463 303
341 486
675 245
727 975
169 570
152 392
371 804
994 390
378 78
840 799
782 451
961 661
442 929
832 368
343 534
677 986
203 421
363 535
871 751
260 51
897 587
873 272
311 517
715 753
274 54
690 982
530 125
178 858
459 907
293 892
563 119
448 880
274 295
906 377
30 717
881 101
904 467
536 641
991 139
297 1000
384 574
925 806
713 20
189 144
59 908
73 601
288 659
808 385
214 876
31 815
873 743
725 260
136 892
946 760
452 250
596 674
882 646
922 544
135 578
132 257
883 235
882 307
992 124
950 587
709 459
782 571
953 81
174 627
274 288
293 985
453 101
344 592
676 536
302 683
157 7
302 289
497 684
231 846
593 274
362 550
338 183
879 122
603 450
989 644
909 78
255 119
810 297
75 892
593 200
176 344
277 355
691 121
835 769
434 375
170 821
857 467
790 845
722 670
828 349
758 829
901 121
551 987
834 355
310 212
426 56
401 64
162 827
389 61
357 25
489 29
650 93
419 599
760 623
997 538
375 601
401 41
585 957
996 932
173 716
827 638
881 750
888 469
750 328
83 72
727 537
502 707
855 786
272 963
71 571
996 633
521 692
668 1
976 12
90 202
36 839
149 588
910 130
18 123
23 595
303 971
746 462
742 187
345 10
855 900
940 447
766 507
682 108
754 987
77 476
116 442
841 63
889 314
600 769
746 814
356 252
315 344
928 467
407 331
70 966
713 171
931 258
939 808
903 166
508 35
677 769
584 981
423 781
620 733
456 849
866 526
30 212
581 59
234 230
597 824
499 432
146 616
971 459
285 496
821 68
896 656
948 539
132 970
385 262
497 123
866 646
786 723
931 723
900 235
131 588
374 277
417 818
532 358
637 447
520 235
567 97
293 772
764 28
253 558
118 1
189 519
805 587
15 820
468 635
187 923
167 827
34 304
428 463
996 331
254 211
618 304
997 895
238 777
121 252
899 388
512 309
182 429
339 489
61 419
716 932
532 986
55 265
205 373
232 135
993 508
601 634
14 995
588 51
881 290
955 755
231 716
709 536
700 982
785 387
116 394
879 628
665 242
147 385
491 262
603 461
710 67
780 480
668 867
781 557
295 947
518 515
799 266
688 726
588 296
456 127
306 129
422 234
425 43
6 399
976 82
929 479
503 674
251 305
359 487
958 765
82 68
599 731
132 477
627 57
356 358
680 842
401 388
457 531
448 695
144 735
8 636
937 860
721 106
979 569
626 143
380 500
155 527
268 624
898 707
909 121
743 426
299 529
174 579
575 341
564 74
326 917
521 113
358 822
86 587
107 544
318 790
940 532
698 626
422 855
45 874
625 693
698 263
204 788
474 477
780 645
236 64
883 558
153 784
77 911
54 437
417 117
458 601
661 36
641 770
617 92
585 153
964 940
78 668
336 263
498 287
417 750
625 240
424 945
636 318
926 485
910 863
943 894
855 582
629 189
190 634
504 245
653 208
888 79
186 980
440 467
69 126
74 834
750 951
46 814
718 553
71 269
279 4
18 117
891 617
881 203
799 116
877 23
600 556
730 738
758 57
605 435
596 984
872 651
915 471
306 91
735 268
983 142
426 885
802 528
403 637
199 64
348 577
830 95
953 821
329 992
746 944
614 329
477 212
700 769
548 277
288 701
491 229
99 862
454 403
237 587
538 683
243 654
830 212
648 836
991 690
20 539
230 625
920 406
218 928
912 154
35 522
711 439
233 719
848 431
987 998
588 536
449 714
639 324
357 40
200 46
908 14
295 582
828 613
314 527
240 668
627 577
510 176
302 416
453 714
550 402
811 741
274 206
32 600
246 456
891 653
798 176
309 954
234 832
205 888
415 697
125 667
334 407
159 213
142 351
233 455
227 391
349 259
168 842
479 407
394 353
896 49
433 165
245 436
925 83
306 728
902 471
977 418
229 531
195 865
366 693
657 591
965 755
185 517
159 613
732 499
47 784
312 322
340 492
176 701
732 856
421 561
820 322
698 525
1 677
190 493
131 488
38 879
381 241
860 618
17 754
743 88
510 218
513 765
188 313
708 503
890 993
286 732
125 765
491 258
27 156
267 486
422 536
354 544
5 310
407 835
686 254
302 894
809 97
319 569
409 13
860 996
486 874
335 143
261 275
724 13
330 750
398 996
177 821
171 371
102 440
652 962
868 342
743 781
754 810
449 625
14 915
330 878
360 409
795 913
77 795
860 295
121 33
630 4
599 527
885 972
412 196
837 804
89 775
221 538
89 191
380 916
166 408
485 54
547 529
125 261
33 967
997 217
782 971
171 182
992 1000
227 508
4 632
605 822
981 809
75 251
272 607
231 349
603 767
109 128
910 515
163 832
964 110
418 467
810 703
876 885
236 620
681 694
131 111
30 862
257 578
162 19
58 41
642 400
306 783
575 704
739 502
209 97
34 737
161 616
972 229
787 128
182 318
910 34
650 475
141 283
557 961
338 818
541 681
363 16
366 266
541 547
225 963
748 300
896 876
121 326
378 278
328 986
507 650
419 611
955 279
477 473
677 392
893 473
791 124
98 969
131 741
603 185
808 412
677 933
97 31
499 798
820 22
956 387
814 557
882 961
660 866
815 80
288 336
382 752
328 762
563 986
577 45
416 863
670 432
971 770
585 546
623 591
243 510
479 12
594 154
923 114
350 119
328 576
256 826
188 603
895 199
27 714
613 410
535 486
144 593
809 156
276 928
643 101
266 99
28 668
757 926
853 552
907 150
741 81
717 393
550 456
878 926
649 856
924 554
29 88
502 469
216 320
35 1000
36 25
599 293
657 981
850 565
160 251
929 724
526 492
455 837
393 992
723 459
773 7
316 531
692 53
88 515
221 751
848 258
591 630
503 675
342 337
809 793
475 707
767 795
456 994
92 57
765 228
611 553
438 262
161 725
435 976
972 130
31 509
781 480
370 681
753 354
68 318
845 471
821 418
465 46
843 832
278 945
143 465
337 310
456 843
550 833
918 199
447 324
744 866
198 847
97 235
49 816
558 491
235 455
214 439
931 644
236 238
741 923
389 682
733 179
332 334
183 996
394 769
900 801
254 616
316 365
627 439
820 627
389 198
223 201
595 988
863 390
592 309
611 206
835 650
427 442
254 383
959 460
804 913
948 939
661 828
641 295
213 354
924 697
453 862
237 269
280 522
272 87
990 920
602 669
647 967
391 357
514 375
953 861
652 241
245 737
793 625
678 845
912 186
944 321
223 845
880 367
867 301
842 271
826 397
706 554
802 989
895 556
284 27
22 962
904 884
46 169
212 702
912 988
521 814
355 456
484 255
330 701
155 883
248 306
41 250
518 519
966 541
421 539
416 246
849 560
715 615
686 210
718 661
827 271
577 163
502 735
279 877
962 4
398 809
306 253
178 330
665 462
377 16
128 537
303 707
373 188
602 240
734 990
120 352
462 484
977 117
980 350
182 283
487 448
991 26
925 433
477 567
156 375
433 45
327 255
560 529
359 845
127 656
298 754
234 447
448 117
152 196
179 258
719 576
862 848
619 256
82 634
645 9
881 17
992 205
820 959
176 505
533 55
442 758
944 812
472 286
426 543
849 118
728 346
673 992
878 343
873 625
967 482
45 40
832 557
437 847
603 815
823 435
638 451
742 904
898 699
51 566
202 846
207 620
898 797
735 37
590 402
398 593
725 284
936 363
186 966
644 820
439 346
424 340
731 200
504 689
373 835
178 888
76 865
563 435
101 35
891 660
493 920
91 519
343 267
372 500
6 699
214 817
766 363
313 81
492 725
6 572
192 7
242 426
151 893
828 511
360 623
52 157
897 576
921 579
213 867
651 116
322 783
634 489
101 95
70 104
161 631
856 720
290 659
471 301
713 70
361 516
683 702
406 374
633 813
820 59
332 626
683 67
906 9
562 238
192 177
239 221
315 413
939 525
16 202
476 625
582 243
586 817
971 251
97 302
126 858
209 970
618 913
903 226
282 407
612 253
631 326
394 605
326 707
616 528
873 241
15 205
316 438
741 163
856 663
983 227
771 916
899 246
252 418
772 337
80 360
833 63
516 587
736 74
684 357
827 871
116 369
545 423
499 149
353 723
475 124
490 618
416 254
622 37
807 303
276 839
740 245
695 523
177 27
379 694
431 756
914 233
994 690
610 85
251 653
449 512
459 938
831 489
462 90
71 535
964 668
265 16
920 954
197 154
440 811
226 171
810 569
367 830
837 722
51 272
8 261
22 943
238 979
131 493
465 942
963 163
478 931
593 243
62 700
965 707
13 426
677 114
143 696
923 276
336 284
727 905
272 418
801 571
520 687
385 437
220 123
415 937
796 604
613 829
609 590
139 392
143 475
145 395
246 483
613 352
353 189
405 245
720 495
285 988
481 476
574 381
895 862
822 871
699 784
501 20
294 897
338 286
732 850
824 378
995 352
647 269
330 254
810 732
338 503
529 325
227 862
279 230
334 241
546 598
117 215
308 965
996 370
766 376
864 105
954 87
574 185
176 213
581 367
140 603
158 778
809 727
903 662
360 790
599 79
154 540
278 568
824 305
397 570
716 794
490 94
977 867
556 754
766 172
179 149
327 641
637 549
329 902
7 393
211 650
393 667
83 372
719 68
853 697
186 249
189 212
565 87
674 100
394 557
395 309
906 740
263 82
896 498
658 556
289 667
958 638
645 908
856 665
112 413
30 195
896 79
570 725
165 562
851 14
810 852
796 563
101 695
67 798
292 205
190 608
203 830
82 484
924 394
662 494
241 457
564 102
388 913
415 441
644 69
431 690
32 197
737 464
806 498
397 450
448 60
201 325
950 245
334 521
87 674
432 366
538 65
411 783
889 321
833 488
90 635
73 823
365 603
969 451
967 934
989 111
836 328
977 123
298 931
109 708
551 768
825 190
235 733
429 472
660 114
578 633
114 182
477 493
304 977
299 462
10 956
276 90
135 11
347 706
817 109
828 170
378 669
500 196
993 544
470 338
797 972
481 232
89 674
156 740
664 162
671 160
412 888
252 943
495 638
325 834
507 777
983 195
361 521
142 467
714 726
633 291
647 715
18 909
121 25
493 338
357 344
562 223
516 771
475 783
592 99
135 21
935 716
128 257
958 484
453 842
823 423
890 351
923 47
510 606
555 978
966 502
537 335
646 41
974 557
763 488
829 576
912 361
383 671
404 936
106 374
637 37
107 302
522 712
505 886
828 713
358 117
502 631
112 293
436 168
138 230
711 146
240 848
616 466
624 171
756 788
454 385
194 561
477 561
737 653
231 856
889 124
100 857
252 500
429 834
654 796
934 372
385 924
567 288
767 100
352 747
877 957
445 567
855 380
433 731
76 770
589 657
243 521
735 512
657 203
99 626
260 290
501 307
252 640
444 434
448 583
720 223
419 50
87 38
221 682
416 13
463 591
362 239
202 14
211 258
279 333
780 354
495 674
920 756
818 684
555 985
644 545
942 639
874 180
557 541
674 804
165 247
309 212
162 183
474 319
202 414
724 61
214 706
364 236
86 173
38 234
481 132
496 892
760 657
106 981
74 932
466 63
215 499
737 472
373 36
495 651
182 994
324 463
414 1000
227 666
524 982
393 363
898 259
599 20
364 37
76 382
785 80
82 501
366 866
101 366
777 791
293 38
823 432
519 966
139 538
58 432
165 336
808 718
445 312
638 194
847 872
735 968
466 577
57 460
466 464
166 504
239 178
997 724
357 678
287 722
543 419
79 759
975 89
561 854
619 656
492 17
862 374
574 396
741 189
845 970
766 59
714 41
994 304
532 728
590 640
87 317
671 911
618 557
309 635
873 99
130 951
970 623
138 212
912 381
150 548
40 147
505 519
434 679
170 475
832 546
87 834
641 3
466 820
577 416
860 637
724 97
59 961
532 325
872 983
124 758
214 568
27 822
786 417
766 869
588 113
934 402
907 606
729 593
181 109
461 907
337 675
423 918
227 689
485 347
722 467
224 538
437 621
839 765
576 896
389 662
839 626
251 149
637 648
203 615
143 364
900 284
470 18
304 163
319 738
601 603
538 865
608 771
17 172
975 517
288 122
262 98
446 305
150 337
103 777
267 764
964 282
505 6
525 432
47 317
385 555
677 52
537 617
228 700
246 435
131 443
502 153
342 263
350 729
224 661
105 682
526 322
275 952
254 435
524 909
354 453
696 1000
727 249
44 206
730 327
948 831
992 976
620 488
664 911
213 676
998 885
68 44
233 716
837 429
51 881
346 975
573 995
900 296
211 517
81 639
718 892
833 571
666 508
591 931
438 156
190 389
498 338
289 17
87 356
803 602
120 137
32 319
77 970
588 980
786 711
299 220
544 583
278 160
264 659
581 361
244 998
859 473
636 430
93 462
761 723
161 599
90 692
166 283
964 128
663 377
972 791
119 262
373 695
451 807
716 30
775 583
444 698
513 33
102 29
917 691
125 407
655 886
50 728
124 27
668 511
858 22
579 327
624 925
185 119
637 834
271 275
293 846
816 79
568 355
190 946
957 24
763 544
901 327
53 386
79 331
56 419
889 127
718 431
54 618
988 59
81 752
754 74
497 717
291 652
34 24
674 340
370 467
44 159
167 159
998 519
342 142
674 653
753 541
269 91
673 612
659 106
982 544
8 544
800 327
164 604
952 765
368 899
537 834
842 41
506 685
120 577
564 448
626 742
341 13
333 936
823 753
438 49
486 834
339 178
424 936
432 270
936 447
784 820
400 56
74 920
229 995
908 721
742 730
261 170
768 478
364 118
97 282
252 631
902 44
82 352
71 222
333 400
504 481
613 143
379 682
355 348
30 852
74 489
11 946
587 684
811 73
721 77
881 537
389 747
491 495
536 419
93 388
969 456
154 210
124 574
513 331
132 716
414 309
94 124
792 464
208 871
494 434
791 110
819 928
217 483
466 660
467 253
324 295
797 410
742 356
162 295
513 359
659 988
30 715
813 425
282 539
828 276
432 645
732 959
791 415
472 62
452 93
585 780
503 891
393 529
757 654
344 726
220 260
63 150
677 789
944 332
398 755
35 3
278 409
496 267
726 961
109 207
960 351
107 185
620 182
582 917
593 356
366 385
641 102
614 55
123 409
921 856
831 681
579 139
601 699
347 841
266 166
547 283
710 403
967 881
895 615
113 307
796 217
777 380
326 722
697 634
190 998
136 194
684 751
969 974
925 551
624 670
155 221
533 615
146 389
702 279
174 954
587 59
947 329
44 912
282 581
938 243
333 793
408 569
864 68
273 34
364 727
240 765
887 939
863 965
246 651
848 817
171 628
19 148
303 312
172 830
686 706
871 886
706 542
755 281
640 479
27 535
822 204
433 289
787 315
779 608
888 762
37 887
590 175
627 838
251 569
800 384
316 977
758 571
633 121
556 741
930 116
756 814
278 213
44 547
721 57
414 54
973 28
564 649
254 894
861 64
635 688
640 214
99 973
833 465
166 896
409 208
698 484
161 820
692 360
793 302
138 907
230 798
215 291
639 200
893 725
921 457
442 492
621 823
697 180
743 873
680 280
663 183
379 958
988 697
403 928
331 529
143 505
717 827
703 110
22 801
994 233
694 539
377 602
667 840
535 737
340 416
269 900
375 443
993 73
660 274
134 293
228 266
904 373
522 296
225 869
626 776
629 30
225 820
253 937
927 504
135 424
639 749
696 962
862 933
832 630
865 609
137 385
885 665
504 787
3 948
816 330
164 247
207 387
986 676
39 924
1 616
513 645
683 80
485 746
675 810
59 866
77 109
400 507
151 94
550 500
320 993
688 649
735 480
914 1000
301 299
489 859
338 845
981 832
474 377
114 803
848 163
144 241
790 932
803 895
196 741
492 332
583 747
520 85
878 220
921 139
755 773
901 991
850 434
756 776
773 586
758 954
305 13
931 301
72 870
288 588
884 746
468 623
966 386
197 314
627 639
418 560
911 906
450 864
599 106
665 353
720 590
640 720
276 646
309 102
529 227
979 311
730 662
74 32
381 465
52 472
876 745
865 800
810 927
914 814
311 848
824 787
584 984
854 563
647 963
697 767
245 357
480 892
129 909
581 474
282 944
206 749
163 55
736 741
289 305
687 115
161 98
655 422
93 78
235 642
6 250
950 875
528 641
635 898
488 236
110 95
557 697
922 116
32 362
925 147
298 770
389 431
844 899
215 595
629 52
216 581
659 251
497 208
271 473
807 60
183 584
282 828
55 197
203 716
21 210
621 493
249 603
77 260
710 578
700 31
106 327
204 140
586 967
780 658
947 168
97 552
431 85
898 788
576 147
418 859
922 486
409 646
796 997
720 7
663 266
332 449
722 874
757 388
83 211
559 518
926 367
971 508
955 748
485 562
890 634
915 76
715 604
591 819
802 864
675 273
715 394
128 705
373 932
995 415
315 355
978 860
162 318
513 150
870 897
299 213
838 158
141 342
130 163
861 841
373 971
259 408
362 920
510 49
601 110
249 847
491 140
957 375
432 13
144 835
928 14
238 984
575 733
423 327
485 784
10 592
750 724
88 921
778 620
496 588
24 817
510 713
227 102
837 953
276 331
576 336
63 612
96 34
580 431
458 53
467 175
282 116
66 507
623 508
265 353
334 418
459 206
110 565
872 648
881 806
234 529
688 447
176 991
444 760
755 325
123 646
102 314
780 918
200 486
520 497
265 148
510 820
949 568
923 162
949 236
565 251
453 308
464 580
107 682
952 583
210 743
65 552
14 626
213 7
865 133
382 464
250 737
428 882
891 885
721 218
704 300
617 73
117 255
930 766
330 699
711 22
432 134
786 789
784 585
706 469
503 41
297 627
640 512
712 1000
457 86
990 414
904 668
333 954
366 968
223 957
402 191
923 782
275 190
266 722
38 535
12 187
612 814
214 710
882 459
326 624
813 61
937 512
377 453
380 901
363 229
697 639
124 304
687 38
272 293
947 80
759 697
810 310
869 279
189 726
776 773
311 465
747 347
805 620
549 146
807 361
189 53
879 634
992 335
379 162
363 238
991 370
861 455
819 601
437 427
734 49
653 825
2 264
531 369
522 85
382 994
379 904
593 266
461 697
689 144
726 735
569 649
574 915
836 686
659 111
686 159
579 623
727 204
965 924
969 451
158 166
57 196
842 147
565 923
989 919
43 154
680 239
857 350
158 120
678 487
54 814
905 887
644 519
183 787
538 92
734 835
609 556
336 816
556 533
894 365
515 612
577 664
97 809
166 184
718 160
114 224
477 516
510 193
25 642
778 585
362 876
185 161
264 666
524 913
122 62
281 16
139 595
257 111
151 146
81 427
422 666
315 177
227 350
947 702
82 702
421 884
983 471
862 685
110 693
636 834
904 969
456 922
937 844
965 832
614 877
751 745
342 256
918 144
238 549
930 190
780 624
711 197
639 709
887 345
516 620
550 128
154 301
285 47
337 376
512 970
986 721
790 904
945 547
149 16
370 781
691 561
324 648
215 57
702 42
751 477
455 157
687 861
668 139
951 558
572 486
534 292
374 337
773 337
726 754
834 16
731 663
648 400
737 698
840 880
396 795
217 140
2 625
686 152
626 516
185 459
64 39
462 666
724 667
657 571
496 886
163 916
878 626
122 994
489 571
345 535
17 333
506 392
758 188
11 411
12 616
200 10
390 57
545 574
896 146
395 430
362 797
447 699
813 306
736 945
569 676
986 429
177 323
610 96
606 87
730 640
751 648
121 654
265 439
11 211
461 909
953 214
678 827
159 643
638 434
600 267
462 72
229 825
300 123
322 700
71 154
520 683
44 697
725 507
466 68
853 170
945 214
55 867
315 435
808 528
625 99
511 949
661 127
528 744
636 613
558 592
403 532
627 928
747 783
730 169
64 535
145 344
343 663
465 99
640 529
461 715
506 727
36 516
235 802
664 119
633 250
985 125
493 297
376 324
221 566
291 706
750 177
947 993
414 306
771 795
437 757
856 151
148 567
68 291
823 236
528 600
799 155
985 743
327 335
676 998
214 612
670 178
276 941
673 943
806 945
685 364
423 529
291 536
342 795
284 191
958 919
669 252
2 938
567 259
294 118
942 35
133 938
230 742
594 384
290 977
670 587
236 429
162 898
137 338
879 793
958 350
224 902
351 869
935 824
370 20
86 996
479 198
445 556
602 596
502 605
610 917
392 727
724 287
375 771
220 364
32 784
33 425
97 804
949 345
748 850
865 507
751 485
561 325
409 466
558 710
550 552
859 538
780 608
728 298
579 318
1 173
393 346
934 535
963 779
695 984
197 170
28 101
557 709
515 95
720 729
578 645
161 364
490 420
329 126
847 410
524 70
276 826
470 713
727 435
310 650
536 361
641 224
518 347
907 152
348 696
562 77
397 916
599 153
804 299
340 200
537 14
516 175
708 540
10 139
510 767
823 494
693 28
402 737
470 691
481 898
240 501
136 857
269 287
68 476
203 15
187 527
785 547
35 661
270 64
85 348
793 468
427 3
212 503
118 522
674 593
633 446
257 162
26 39
200 444
676 508
604 945
153 681
421 787
343 269
710 872
495 292
934 682
438 644
635 512
399 665
192 776
315 650
706 688
90 735
486 926
196 796
392 406
952 909
821 374
938 354
888 80
757 131
231 577
643 889
686 813
132 10
447 316
566 821
803 97
568 571
831 301
14 645
874 11
645 126
275 295
499 525
907 451
216 699
930 96
727 217
174 909
943 72
276 551
231 295
172 335
373 593
285 241
660 997
184 310
444 847
600 285
307 586
737 801
740 286
951 373
326 309
85 972
97 358
65 321
79 271
713 268
471 469
341 458
826 769
265 277
513 394
480 11
469 175
865 119
930 844
580 700
561 65
847 724
431 971
57 85
640 901
72 398
778 782
630 813
517 113
11 921
337 232
756 938
311 430
125 720
700 549
348 343
84 589
2 872
107 148
753 486
39 337
944 493
192 142
990 468
446 994
270 60
900 676
299 897
222 924
570 885
655 799
951 533
761 721
25 100
406 395
591 228
474 553
515 380
244 808
829 182
176 252
979 144
470 244
764 940
268 989
260 555
571 226
163 310
587 173
522 551
259 918
648 969
276 150
677 837
678 174
589 332
524 105
384 349
390 908
657 53
445 696
399 932
493 561
853 775
851 739
422 465
195 321
397 493
236 835
381 437
790 257
499 221
232 67
959 101
285 278
604 393
700 467
763 659
987 881
21 923
883 746
283 761
850 872
69 511
745 726
878 935
256 835
481 788
729 827
222 528
159 335
586 988
560 76
866 110
794 509
131 49
947 837
502 753
770 264
416 322
234 360
355 267
380 334
564 892
480 257
428 577
847 239
228 795
345 138
356 65
316 450
959 257
820 851
924 730
724 190
305 752
374 139
518 607
749 238
87 543
421 860
61 882
65 292
452 446
79 262
233 61
800 35
378 912
39 125
931 58
529 97
210 672
262 387
118 549
845 497
50 761
962 309
25 600
704 515
859 439
479 226
874 902
81 780
24 169
870 773
898 575
709 654
129 891
475 709
929 187
838 715
216 430
767 278
527 422
146 274
112 591
622 593
520 347
697 142
421 95
581 48
912 808
822 449
587 387
657 594
503 167
55 367
228 600
294 84
229 684
897 479
498 820
878 566
631 588
227 261
609 356
90 275
20 260
313 496
911 787
232 707
497 465
403 736
485 172
92 968
868 63
246 466
942 696
125 908
644 404
165 488
135 893
98 769
223 372
443 838
713 752
297 453
981 249
259 235
273 676
44 972
458 540
154 556
821 732
614 291
204 403
605 786
867 349
354 716
981 627
598 260
556 884
869 232
933 426
46 95
362 465
408 926
590 358
797 502
282 474
290 747
911 137
823 787
775 53
625 212
649 194
470 787
501 458
694 776
189 738
331 444
561 72
67 489
58 16
422 694
92 747
146 494
370 842
819 987
587 915
761 68
850 947
818 636
662 373
347 175
167 760
797 503
64 990
492 442
302 200
428 570
810 485
736 190
420 286
133 366
717 505
819 449
264 793
693 964
117 433
371 388
52 740
269 743
830 909
799 358
848 449
608 927
287 36
478 439
674 116
339 92
488 966
357 440
898 99
359 784
771 668
623 315
738 343
496 17
123 903
991 237
947 699
344 90
834 247
173 474
35 729
123 139
910 530
424 258
878 819
880 12
74 339
83 838
670 35
163 776
117 767
797 152
857 33
5 176
413 244
651 159
466 789
676 891
672 248
897 692
504 225
518 510
568 834
3 178
779 61
460 159
539 576
262 902
709 242
364 504
191 637
382 344
198 551
396 958
211 731
583 762
85 821
686 175
876 948
106 850
749 629
673 802
938 835
820 886
66 850
590 713
796 50
945 879
777 175
40 267
184 616
11 966
189 743
492 435
941 678
235 126
202 287
977 631
445 589
500 364
231 482
134 431
768 325
342 507
382 322
242 486
399 372
309 132
122 136
890 632
503 888
805 376
906 313
853 401
992 562
950 139
574 498
425 137
836 702
588 698
905 1
314 233
265 800
899 566
695 115
514 372
335 772
77 472
904 990
960 797
683 748
769 479
380 946
758 125
423 433
849 259
474 888
167 763
208 49
953 481
732 695
270 29
453 99
770 833
969 503
767 616
723 266
89 284
549 110
539 658
309 535
240 385
97 835
737 480
519 654
438 963
69 466
868 462
384 829
333 187
768 758
600 863
583 494
351 866
282 530
469 397
227 256
699 3
197 675
846 998
400 882
398 935
393 727
415 349
516 53
768 641
843 708
324 256
380 627
213 398
898 230
420 167
202 552
217 79
708 646
517 557
876 829
636 282
49 965
393 115
859 210
545 570
346 484
411 592
48 311
931 99
609 185
397 631
765 66
802 8
67 300
900 422
712 415
672 80
957 245
691 848
508 236
846 509
102 219
112 899
49 760
88 856
126 48
104 893
669 983
283 147
122 109
125 217
726 682
199 214
773 828
943 407
889 393
388 547
63 640
841 602
167 939
527 552
48 573
536 584
212 639
361 732
71 524
570 131
643 125
306 189
14 85
35 848
651 70
585 88
534 715
988 603
790 546
395 783
824 346
545 227
306 657
81 376
527 203
935 423
747 632
472 507
565 435
12 696
863 679
545 435
928 841
57 351
321 456
32 917
348 708
766 733
497 459
174 96
68 580
443 473
488 445
324 725
637 625
33 145
760 681
225 70
884 755
51 389
406 296
579 708
936 501
17 115
905 682
83 82
245 496
973 208
26 364
874 696
124 930
912 908
366 917
235 40
198 845
564 852
994 92
74 123
914 60
609 908
599 734
817 179
722 187
750 198
657 589
853 177
133 3
829 799
480 470
80 309
259 200
390 319
206 51
843 873
706 610
903 317
327 518
650 895
667 199
454 858
456 139
609 159
1 128
329 416
201 969
695 480
279 793
132 209
885 288
646 64
87 370
87 686
704 333
514 666
499 77
434 512
787 558
746 156
145 528
587 29
217 291
984 212
406 988
310 365
993 447
393 932
299 882
111 408
168 662
284 849
608 777
731 633
488 835
231 467
396 889
863 331
5 74
723 630
985 124
522 937
283 459
394 217
534 2
767 770
130 934
368 245
907 116
172 574
580 911
931 929
549 857
866 789
11 308
152 632
456 565
995 251
392 223
403 768
104 282
712 953
969 37
774 256
901 106
603 796
117 698
924 202
415 532
184 584
553 55
574 442
828 575
992 218
929 772
721 129
321 757
596 608
766 896
728 42
231 868
513 268
547 150
27 713
581 900
987 81
641 556
834 159
526 835
839 949
320 35
268 451
889 823
624 122
868 247
311 419
496 678
610 816
481 859
117 482
447 581
953 302
728 935
397 186
851 812
397 152
845 710
642 771
667 377
197 209
160 521
768 533
652 66
662 52
165 451
296 699
90 143
679 324
546 203
102 432
175 371
115 626
65 232
821 522
913 295
40 463
359 307
801 467
892 272
86 546
268 116
938 118
434 445
21 468
189 529
26 371
37 507
149 838
152 353
578 280
231 454
299 72
2 706
335 631
776 743
958 515
277 256
22 243
590 236
427 202
38 686
190 498
23 837
675 600
927 304
348 36
539 931
502 126
786 203
192 57
120 799
209 392
20 793
163 746
544 736
420 67
171 443
996 672
809 950
410 514
989 1
869 91
942 411
65 511
20 697
451 637
604 71
297 600
830 311
168 948
595 72
804 455
592 619
843 343
758 968
591 655
985 159
811 3
709 56
34 563
571 443
254 237
964 45
307 602
32 106
900 865
84 55
802 24
582 322
336 216
436 150
768 669
122 431
279 845
571 638
274 947
467 380
347 641
26 147
766 138
150 528
516 806
612 681
25 4
377 580
762 968
75 314
120 697
564 690
635 92
633 699
551 913
683 773
43 434
906 695
703 581
945 261
493 643
769 526
924 530
503 199
107 167
550 642
603 763
835 691
740 130
951 421
460 256
670 727
677 770
775 479
234 632
897 996
995 300
792 811
897 257
878 56
681 3
751 34
926 609
955 236
82 993
92 978
456 432
281 336
512 881
603 330
450 667
878 791
87 753
393 775
657 513
241 557
93 638
651 285
864 566
16 182
803 708
541 465
106 431
230 979
932 481
898 158
114 553
521 739
963 558
842 879
373 761
320 46
32 28
580 289
895 52
420 544
582 377
316 400
686 738
667 848
989 671
487 638
467 664
258 839
209 63
97 933
982 77
225 395
828 214
299 370
619 546
177 459
459 566
976 144
244 375
347 130
709 37
272 810
608 979
782 231
855 852
183 564
995 208
593 162
919 220
465 407
48 495
68 896
812 721
722 939
710 1000
787 803
587 188
141 889
484 848
26 380
104 513
611 263
355 26
338 904
745 914
16 912
735 734
946 912
583 588
771 501
598 52
106 711
477 485
947 278
904 404
704 144
516 495
631 22
329 179
899 824
277 564
155 41
324 281
828 839
726 930
189 18
408 929
200 903
19 880
846 324
297 194
168 980
921 836
342 517
711 933
233 675
420 694
828 54
434 736
381 485
366 493
286 372
665 485
430 28
524 634
379 342
81 542
882 39
80 907
543 73
376 916
978 825
62 943
247 759
106 297
483 953
989 492
937 552
68 104
914 908
609 174
817 168
514 547
668 716
956 262
131 20
698 85
285 641
401 211
107 587
402 879
621 685
189 744
466 168
564 676
670 613
705 734
323 107
40 975
367 625
906 262
489 923
772 461
169 992
101 309
679 326
311 979
808 486
510 524
945 811
299 527
751 862
703 401
926 906
115 969
422 116
682 489
802 352
807 352
427 666
689 772
712 700
410 712
492 736
514 614
336 411
560 869
121 952
85 786
444 627
504 97
566 934
922 840
50 334
45 941
37 90
201 503
794 610
737 456
667 208
849 309
308 94
576 328
396 330
147 549
633 586
851 897
319 571
116 409
267 889
486 55
79 328
957 137
846 703
342 636
574 17
556 759
483 516
205 837
819 429
26 671
323 760
802 562
192 200
675 750
561 66
8 853
304 935
991 551
340 43
714 348
512 838
809 991
521 262
104 810
738 723
863 139
613 832
43 626
135 245
900 292
627 934
910 136
405 446
90 370
57 571
700 421
523 577
25 433
129 792
628 794
851 513
227 685
798 870
482 854
654 669
862 474
494 102
637 503
837 729
506 444
259 944
419 968
560 527
25 374
837 113
854 694
445 196
274 479
120 168
594 722
309 812
56 162
699 442
351 297
373 28
345 248
89 683
268 148
554 547
9 196
404 114
466 548
717 356
716 697
623 313
814 233
758 584
481 793
595 43
307 557
725 564
524 508
127 822
319 548
862 158
281 538
820 113
686 778
138 409
79 650
82 43
814 55
911 278
912 993
833 135
788 341
102 464
403 243
797 520
191 290
335 4
641 69
852 672
276 159
482 459
709 429
279 197
78 289
575 722
814 353
971 840
51 456
282 503
521 38
46 984
556 268
822 457
580 80
282 244
857 609
352 927
840 795
625 954
473 224
615 651
507 893
773 166
867 870
954 482
956 985
537 115
257 142
972 868
274 953
735 201
557 380
732 878
953 961
784 885
206 216
975 239
100 590
926 580
819 236
990 300
219 395
594 858
688 996
277 154
112 310
531 108
733 986
797 186
345 767
465 913
571 267
505 985
115 97
298 311
137 973
664 222
383 620
977 283
426 863
154 498
739 160
344 914
815 122
851 579
578 779
507 710
596 496
117 238
703 857
673 612
459 573
510 161
186 581
334 578
343 292
589 491
649 396
25 134
826 984
732 11
981 951
365 351
569 521
982 425
879 24
285 839
479 693
771 510
424 377
658 320
566 289
703 191
358 95
73 829
335 615
961 111
572 955
475 343
47 448
191 258
626 480
600 677
24 757
844 593
97 574
611 241
858 561
102 782
511 888
846 785
365 608
396 468
876 614
358 838
251 843
296 8
131 236
771 576
974 373
283 8
339 617
860 205
121 527
583 363
144 731
917 621
661 527
452 703
434 564
96 817
814 887
306 978
834 318
869 123
247 793
751 898
775 906
198 606
812 25
130 6
509 294
486 255
875 456
271 131
405 621
931 134
306 346
258 415
552 758
951 56
626 822
131 447
111 125
73 274
65 950
744 908
703 51
431 355
391 995
13 161
527 25
864 62
255 369
604 587
234 403
359 273
418 873
85 139
877 557
847 745
67 256
363 173
413 74
422 81
648 322
773 689
250 509
490 256
270 217
590 615
676 680
670 405
358 479
512 985
618 489
361 81
463 263
717 897
322 655
166 81
426 634
718 745
791 699
37 477
204 549
341 747
268 481
606 106
392 206
432 2
350 386
962 867
827 422
432 376
572 715
439 873
434 199
915 724
360 907
559 584
721 883
793 105
435 319
452 906
911 665
457 822
475 998
185 509
95 266
816 290
134 937
88 103
552 49
937 819
821 440
647 573
487 761
769 236
418 963
207 51
628 2
823 427
308 52
726 29
265 150
329 885
909 478
576 293
976 508
463 604
290 658
648 524
604 437
339 520
281 587
135 930
720 544
894 251
425 643
626 400
992 435
44 707
904 470
332 564
696 291
440 892
685 926
310 156
965 733
34 73
748 920
693 918
710 247
214 188
951 968
543 489
566 825
968 640
496 144
70 903
76 375
287 49
598 973
230 422
655 122
555 415
997 184
360 789
742 273
900 690
299 329
290 254
605 682
250 883
295 595
818 989
548 244
252 647
717 986
190 230
13 352
647 214
95 817
607 258
517 59
336 83
970 64
538 212
956 115
958 116
873 580
60 595
570 515
599 500
268 438
198 367
718 303
850 867
556 907
209 296
554 783
152 14
902 416
744 664
756 86
431 426
370 302
547 749
592 122
552 239
367 427
120 627
149 515
184 514
340 144
343 604
599 841
392 811
465 765
883 425
642 782
736 11
528 760
463 709
233 547
102 4
694 584
418 875
538 834
660 470
896 895
135 574
901 465
666 83
479 284
979 981
91 131
927 540
307 453
54 746
488 660
340 880
231 963
876 407
906 514
624 627
103 331
749 375
72 742
345 215
621 335
359 258
591 100
683 812
302 280
690 531
776 745
677 953
78 743
506 1
923 130
469 143
355 2
855 229
683 223
80 356
879 288
144 57
903 984
85 79
303 78
750 412
916 635
208 908
591 959
954 703
267 522
266 422
677 468
359 946
955 923
44 435
648 262
477 623
266 381
110 954
2 801
910 237
962 401
770 266
369 617
836 109
327 178
270 325
673 944
551 386
723 442
754 853
276 738
322 692
357 82
998 430
969 898
37 200
772 379
592 862
302 864
71 534
25 770
252 107
735 521
701 442
818 432
2 936
768 729
693 656
698 23
877 516
211 210
148 757
178 11
994 145
539 59
402 976
335 846
928 879
650 910
201 264
47 4
467 771
85 164
666 198
711 685
553 744
236 710
86 672
546 346
109 550
376 500
96 461
606 526
348 405
797 398
288 746
990 892
570 333
162 757
557 120
158 566
523 431
799 918
440 644
654 946
185 300
39 461
426 871
488 862
150 267
275 534
423 924
366 1
708 264
641 605
570 152
87 217
241 638
387 481
169 219
925 98
547 308
120 231
635 963
157 43
402 140
14 569
323 554
593 390
226 100
826 252
687 6
724 147
412 638
777 599
267 206
985 459
316 167
135 373
991 660
582 521
470 411
793 659
554 611
443 229
103 232
235 13
895 689
861 464
527 88
540 24
657 185
832 692
213 654
672 170
856 583
720 648
308 920
499 917
916 939
96 546
28 603
383 165
273 942
190 157
148 316
356 263
22 805
485 559
387 418
111 530
26 182
64 101
381 751
844 960
992 792
995 157
499 368
383 780
135 92
447 526
875 81
305 169
884 989
891 717
367 757
138 752
876 625
295 843
112 550
523 967
318 746
820 509
28 929
594 362
350 40
370 690
400 132
234 99
940 362
328 464
383 641
810 539
597 651
351 289
701 805
555 423
965 853
905 885
962 573
250 782
763 68
567 882
518 972
859 25
759 106
541 802
438 181
553 6
785 327
449 766
459 97
400 110
257 291
54 941
353 844
337 471
183 244
901 149
987 857
871 978
906 409
445 123
346 32
77 597
735 497
377 747
43 963
101 887
548 641
798 469
332 609
618 384
852 296
996 544
888 596
342 683
886 817
835 38
283 914
585 947
328 626
656 363
690 949
783 480
659 274
168 228
366 542
749 964
429 93
769 857
426 315
832 849
747 576
94 240
10 465
224 478
181 578
94 620
652 261
996 162
155 876
190 218
212 264
419 730
427 582
752 820
165 272
706 238
185 802
732 826
366 823
702 842
517 336
670 145
923 959
401 488
247 989
643 662
677 474
863 180
322 971
854 757
951 745
979 510
503 862
802 164
212 589
107 980
587 939
411 675
595 733
141 224
738 220
763 500
35 844
276 142
155 649
405 662
101 471
656 100
509 920
287 512
60 170
291 6
206 130
992 203
659 631
606 532
155 641
731 84
716 692
906 411
736 5
604 879
591 119
792 163
261 37
188 9
767 727
219 965
871 846
961 624
962 972
551 762
985 572
272 824
910 518
192 779
64 490
178 705
191 909
20 982
631 349
862 666
963 607
323 717
413 339
240 961
499 198
431 784
637 38
987 991
97 780
24 551
906 897
283 308
201 2
429 589
232 480
784 191
299 499
571 148
909 118
287 872
116 821
306 989
326 671
933 40
258 368
859 597
256 292
339 854
11 573
12 882
220 660
790 597
580 506
337 753
465 696
923 672
528 873
572 562
747 180
989 164
723 329
933 384
720 849
708 1000
666 697
103 350
941 533
520 18
210 436
302 116
299 242
48 271
733 280
360 411
560 488
760 208
257 949
988 88
967 277
977 784
553 273
460 50
410 494
603 795
345 790
789 783
25 770
404 284
114 287
929 476
67 362
463 405
809 55
578 415
706 599
484 451
51 314
107 491
878 357
992 128
469 375
80 276
562 31
171 984
728 501
298 868
56 169
915 789
197 940
781 692
44 585
519 989
272 153
772 477
61 991
541 329
442 318
306 74
416 858
886 261
233 805
942 922
233 423
72 610
282 309
865 725
785 472
583 915
431 353
567 339
458 772
428 433
757 539
698 588
568 69
453 136
811 508
848 531
89 319
245 700
803 798
164 424
559 1000
538 207
134 665
168 412
220 861
310 838
121 433
342 165
322 775
712 252
564 454
930 14
285 847
840 710
56 907
374 222
150 676
703 394
803 664
73 262
563 610
230 824
303 660
557 174
996 331
945 97
78 565
15 770
528 317
274 875
507 851
272 421
794 568
389 409
353 463
637 867
682 809
69 738
92 349
961 793
851 187
975 889
893 695
708 911
214 320
86 753
512 838
691 760
497 683
379 684
622 104
902 314
446 973
792 77
407 821
901 415
601 646
936 965
319 196
870 810
5 381
740 425
116 217
528 657
1 375
642 287
201 900
532 16
301 855
610 442
864 301
982 597
789 821
307 944
947 798
111 485
368 63
691 350
93 988
135 338
285 780
665 796
761 830
809 659
298 965
940 667
33 692
361 907
988 644
937 940
128 22
117 211
865 659
324 672
419 614
375 164
89 568
383 403
603 522
500 750
168 23
802 957
126 405
740 200
492 212
639 95
533 204
422 44
280 34
553 984
819 952
948 479
979 27
416 2
831 194
513 119
539 354
876 315
164 721
238 304
894 322
813 256
420 885
598 98
402 976
737 455
477 197
100 722
830 781
426 713
781 505
375 940
987 1000
568 998
583 420
491 575
589 395
641 653
910 955
614 724
927 985
71 213
844 346
121 380
867 251
898 614
885 411
449 326
610 462
578 200
293 257
550 498
572 998
151 532
119 239
181 336
95 672
709 616
690 412
428 6
351 632
593 871
213 260
168 576
872 233
674 872
591 482
409 621
784 709
279 438
903 820
41 285
221 607
294 560
681 514
364 313
877 434
491 919
394 853
173 208
322 398
15 574
730 101
357 531
440 629
87 229
325 208
119 688
439 412
485 284
543 465
314 333
88 651
44 551
846 737
903 280
641 390
23 16
286 20
690 175
176 753
746 683
57 8
988 661
286 523
242 743
307 257
894 952
732 343
137 691
677 755
875 637
263 432
875 137
875 986
941 716
274 80
287 630
46 634
169 740
563 791
496 491
188 405
795 588
707 219
721 719
841 318
699 741
399 200
769 481
259 441
889 556
792 373
799 544
469 963
668 366
234 60
495 571
712 398
933 992
174 799
930 583
817 480
381 752
791 126
645 438
284 309
715 233
80 854
35 954
884 588
628 403
498 272
644 422
897 228
95 146
951 290
56 449
745 20
908 274
332 238
145 680
118 584
904 103
943 765
242 987
608 162
957 159
17 191
607 298
950 634
720 731
444 665
114 101
943 265
37 411
948 237
829 784
634 774
89 339
699 46
202 634
473 942
737 96
767 980
737 239
73 197
287 378
151 777
13 435
348 949
207 908
735 502
561 774
839 640
676 632
688 954
526 19
132 135
841 110
206 410
654 558
218 700
36 449
408 783
141 734
80 421
724 554
672 526
813 66
59 354
809 227
358 833
663 928
108 482
477 409
352 679
177 684
652 471
960 917
571 195
343 815
74 440
187 407
133 278
515 320
25 42
650 853
921 46
66 982
506 389
675 551
834 563
607 419
146 83
187 974
417 251
235 666
656 35
370 946
377 285
171 99
362 755
924 24
114 670
46 554
102 343
941 430
660 889
124 348
790 500
480 184
699 751
978 908
254 611
792 972
424 912
210 311
169 852
229 804
42 410
934 574
563 878
470 515
956 989
210 274
180 542
413 336
861 15
416 337
887 252
613 399
469 386
423 784
593 916
601 389
413 245
655 753
195 373
633 980
16 733
487 104
526 994
266 916
339 560
589 763
57 489
558 235
560 241
367 312
253 51
561 196
830 424
441 994
513 430
802 318
381 909
178 5
308 418
536 639
5 15
863 782
771 632
704 675
29 482
45 712
832 986
692 250
736 594
827 181
444 714
367 686
563 623
920 637
95 86
121 692
734 233
687 597
116 308
58 991
912 22
21 90
367 689
198 997
981 262
956 48
469 415
41 603
25 936
495 807
607 676
674 395
339 32
856 814
39 995
461 428
469 104
452 80
686 128
443 172
698 751
517 480
865 250
681 373
70 29
144 256
769 398
818 608
604 963
863 779
784 754
159 793
620 806
915 869
87 813
954 175
972 109
153 282
581 685
830 580
359 206
481 358
548 65
778 497
146 433
265 880
586 396
137 577
127 553
409 299
344 180
962 980
540 630
269 551
775 839
370 462
767 791
321 965
960 886
35 261
354 429
933 484
712 421
955 711
761 401
757 18
709 98
117 282
557 176
739 601
349 275
78 425
927 625
392 795
540 3
636 435
808 4
583 646
234 695
707 874
952 232
243 798
981 345
34 264
930 172
243 327
141 952
536 146
194 138
661 849
475 669
323 28
354 96
430 410
917 789
165 465
789 324
557 1
589 799
5 665
350 700
835 796
865 448
295 852
30 670
700 814
848 926
656 248
216 621
431 566
679 436
965 873
11 934
691 779
587 417
756 871
332 359
463 971
788 441
305 521
635 197
167 477
579 819
458 849
670 416
86 510
796 63
972 930
809 173
817 505
466 437
717 453
118 595
673 1
28 187
832 141
801 454
936 522
885 152
200 95
627 667
995 309
345 407
634 727
960 992
170 883
468 652
192 267
373 651
441 788
711 490
764 235
575 462
362 531
58 242
803 807
115 402
811 123
326 563
721 826
518 348
761 116
789 176
236 303
353 836
260 686
32 806
46 74
489 226
308 941
614 499
385 980
138 11
653 104
161 158
250 345
138 129
548 476
33 181
346 694
72 173
303 356
986 569
99 92
797 85
53 570
981 653
160 564
703 484
80 355
444 495
551 6
17 738
472 653
310 355
461 283
604 665
463 491
651 576
197 265
531 863
603 877
791 666
167 740
933 629
659 410
102 36
252 868
912 994
196 445
115 882
296 338
848 700
420 56
540 433
609 238
400 612
977 611
488 611
175 3
215 243
855 985
675 101
684 78
499 687
821 258
783 283
243 16
660 828
618 230
431 164
735 556
733 941
269 513
275 522
283 532
960 4
162 668
331 428
700 150
522 749
74 589
559 41
562 584
50 64
259 332
689 965
927 753
215 376
666 263
684 531
423 212
902 442
370 913
813 812
940 551
73 89
445 332
730 238
32 988
313 733
879 569
605 994
337 508
740 519
885 866
410 181
472 253
255 109
579 986
589 891
998 229
271 492
340 370
657 777
602 878
272 829
796 195
297 383
726 249
915 72
839 895
227 374
637 67
841 679
471 518
626 858
24 736
829 130
304 498
129 471
639 264
625 150
739 268
293 13
854 584
45 677
84 457
671 743
605 688
340 491
271 560
739 669
468 37
884 297
392 111
657 651
864 360
256 493
885 557
784 566
112 388
681 39
88 851
803 255
444 148
465 832
728 538
256 8
991 934
235 847
675 38
926 160
546 233
766 417
468 830
298 834
834 194
478 663
902 104
434 328
827 235
739 175
259 761
562 941
269 775
293 223
520 449
959 779
98 467
772 658
716 839
436 896
608 600
533 941
677 950
759 617
874 707
285 464
617 344
888 699
736 50
599 269
716 601
88 252
367 536
803 87
526 671
890 909
923 172
583 560
127 996
435 85
160 798
179 652
951 881
568 201
876 712
858 584
405 854
372 165
781 605
771 74
86 864
896 97
491 383
728 31
814 363
433 951
44 525
366 69
122 579
649 539
678 235
558 935
684 307
484 854
676 6
955 330
361 261
349 21
241 878
930 872
950 212
186 766
218 939
684 442
506 195
945 706
492 650
648 70
66 9
218 838
735 744
195 490
646 136
876 129
845 679
389 933
696 96
607 818
80 137
441 545
776 749
134 777
243 814
565 996
991 6
290 806
753 86
612 887
500 842
124 735
676 613
117 707
843 462
805 475
406 528
245 638
318 812
486 739
910 244
412 164
729 496
394 145
65 333
798 737
921 402
303 620
326 3
963 223
520 220
593 800
754 620
439 866
104 86
733 697
600 834
456 424
651 243
631 50
488 136
393 983
72 632
286 567
961 578
240 45
731 764
43 495
677 152
575 293
794 551
66 186
168 112
422 378
793 549
709 808
485 788
228 570
110 207
510 609
693 81
863 502
718 400
3 412
745 37
585 568
106 909
146 890
193 183
832 719
468 241
851 236
987 300
707 203
604 176
238 311
588 812
137 93
374 50
378 576
720 511
501 67
163 825
880 980
179 17
84 435
909 935
895 989
93 714
663 374
939 43
404 182
499 392
124 859
816 292
337 136
353 262
744 820
256 690
656 627
577 812
542 253
446 217
105 624
687 909
320 927
43 414
816 869
370 790
481 968
181 631
17 810
80 27
408 267
200 149
589 942
337 103
643 319
327 339
81 385
398 864
484 505
948 7
419 858
114 355
301 118
807 703
452 22
675 132
396 28
762 582
780 594
174 307
381 977
941 58
225 165
697 461
467 774
351 712
218 619
48 770
819 351
298 534
17 458
859 104
181 634
193 998
768 592
118 424
770 550
762 916
344 202
362 699
18 76
998 688
721 345
880 229
290 10
986 995
185 469
558 763
712 658
646 602
343 836
504 888
898 446
187 106
600 324
559 436
568 302
178 840
913 493
645 504
452 974
23 785
105 12
282 833
600 110
305 569
390 971
252 947
658 756
333 623
398 283
334 383
439 477
825 803
483 140
495 423
303 972
641 302
402 239
885 45
980 174
33 521
42 353
848 118
206 820
204 46
50 179
601 323
962 657
831 19
67 335
50 33
267 72
963 728
51 633
485 399
859 183
281 497
123 363
452 430
644 15
544 207
214 376
221 607
154 486
93 533
27 838
168 605
881 611
863 748
125 96
841 106
312 933
117 56
824 19
625 608
45 310
176 564
53 177
335 632
145 816
590 425
273 849
393 253
293 139
166 680
873 408
586 736
467 103
88 955
114 827
414 658
335 802
498 555
205 809
23 140
656 832
641 556
204 779
49 255
492 641
975 61
38 939
203 564
451 898
810 185
983 530
218 482
56 537
426 112
328 32
84 749
946 383
812 89
975 464
586 163
632 552
819 529
497 743
162 386
848 126
702 895
720 620
504 304
165 915
125 739
468 416
23 491
78 285
177 18
121 597
169 670
721 432
934 641
697 862
51 882
411 216
860 296
702 777
476 715
629 245
948 118
407 788
193 526
415 666
445 702
496 297
465 708
241 588
410 526
799 606
783 5
298 1
266 147
979 894
205 290
479 848
657 773
292 888
183 716
555 361
363 754
715 106
408 947
851 467
76 673
945 533
779 165
968 259
937 793
409 313
561 790
252 4
263 173
254 77
601 339
395 672
977 129
666 792
903 416
758 661
10 284
232 978
258 542
722 455
531 753
267 170
142 326
657 248
291 274
828 901
236 332
428 308
811 561
515 591
242 395
839 840
390 107
965 615
692 733
977 84
365 588
725 304
227 540
841 725
431 357
968 898
957 69
194 814
614 313
288 236
1000 654
287 923
694 327
806 689
484 29
713 627
17 915
329 233
12 269
648 861
539 854
224 259
132 91
787 285
246 904
994 686
990 542
423 425
852 745
322 731
271 18
444 265
996 577
634 654
455 955
864 454
604 382
741 786
197 611
24 962
687 164
743 481
368 882
341 912
584 68
831 183
498 841
715 362
519 552
725 477
791 205
664 144
577 579
122 861
839 238
357 70
995 731
409 765
910 603
133 414
155 496
156 276
786 376
614 802
170 249
665 897
3 244
435 372
184 806
427 851
831 676
455 590
548 686
956 892
265 337
298 346
906 692
737 936
776 135
271 661
417 372
399 322
30 553
21 921
224 417
179 328
831 258
403 78
356 405
745 12
837 520
499 959
78 68
76 23
488 660
213 472
309 971
630 40
209 155
457 835
73 357
559 833
607 919
243 506
790 697
464 112
379 380
81 911
266 422
848 708
199 186
411 233
64 495
64 160
583 287
934 200
99 776
915 12
139 339
772 668
776 102
939 334
315 362
455 959
926 449
780 939
836 846
569 306
764 394
730 910
517 46
351 980
810 668
265 933
338 648
504 655
694 973
135 590
669 993
521 437
506 737
540 852
590 200
528 266
735 135
100 747
208 844
17 122
853 1000
907 931
383 610
504 224
903 417
877 783
28 531
77 826
93 314
310 806
491 20
1000 890
114 340
21 967
758 617
447 554
402 243
507 992
971 422
973 169
769 298
868 749
853 543
777 163
798 328
602 59
816 394
206 521
742 476
612 140
409 145
922 547
338 654
45 522
926 234
102 458
188 211
854 974
339 779
917 992
385 631
150 782
690 744
706 568
194 358
157 197
635 52
659 630
969 330
409 86
432 177
720 988
849 858
895 964
887 96
637 726
236 326
172 676
124 785
447 105
885 703
591 771
935 695
751 403
371 297
148 515
343 845
264 940
3 887
839 701
476 691
279 879
124 990
696 753
387 264
262 960
298 962
242 21
968 804
678 920
597 964
442 678
764 275
715 510
764 874
516 976
858 558
286 222
839 936
386 210
830 392
429 534
389 451
881 33
321 298
881 951
260 803
802 91
849 60
57 820
926 738
947 688
224 589
918 59
83 801
276 721
151 184
957 50
825 163
464 396
787 155
510 372
692 690
205 129
219 352
814 153
662 913
956 157
928 533
321 967
235 868
372 695
837 765
759 946
674 526
327 825
543 966
244 471
734 465
198 109
78 780
599 250
605 63
644 143
367 371
63 243
859 36
204 361
468 273
383 395
436 530
352 309
748 481
438 379
416 559
88 995
21 688
30 925
523 446
560 458
378 175
808 29
684 954
118 728
489 949
662 966
580 932
784 747
691 847
496 242
480 294
460 568
36 48
689 353
175 33
217 494
659 177
723 427
642 451
486 720
32 229
523 579
545 540
872 12
979 7
918 834
960 62
285 232
743 554
217 981
26 752
856 95
427 32
273 716
28 310
81 442
695 841
640 566
93 696
185 319
99 11
775 834
635 237
365 519
841 945
367 802
146 609
537 70
650 568
817 37
711 327
146 759
119 522
167 967
866 963
667 994
58 845
123 770
890 473
940 718
318 795
849 418
105 59
613 257
457 216
209 342
153 314
398 202
487 330
390 49
419 808
353 141
396 150
693 2
569 101
52 155
991 932
101 969
164 338
507 464
344 167
289 670
902 894
776 616
661 67
70 431
848 445
642 984
168 473
415 164
480 403
514 286
381 867
454 51
370 793
215 279
283 356
321 987
900 211
874 149
43 458
754 916
963 47
723 481
125 703
154 117
124 174
880 626
360 292
515 375
382 51
908 102
518 507
362 170
354 562
706 454
280 716
781 776
854 225
977 392
760 762
65 680
183 152
950 172
853 144
757 666
95 60
297 428
617 944
120 979
222 636
761 778
49 941
695 281
10 385
137 871
592 498
772 287
589 83
333 331
459 532
775 749
480 943
175 628
196 124
444 343
140 384
769 652
621 34
696 468
710 974
436 945
175 170
325 579
334 816
620 944
912 583
187 29
588 285
921 966
120 954
679 492
237 745
444 53
633 259
413 821
86 211
553 440
597 91
673 503
543 310
518 559
921 175
925 880
228 469
899 945
447 167
225 575
720 658
738 472
38 826
476 797
803 216
421 267
410 481
94 683
803 326
317 121
45 808
193 25
292 565
563 84
511 656
897 747
632 464
903 745
687 473
718 151
868 289
740 796
358 376
782 993
435 18
752 241
94 25
783 376
815 486
584 98
452 196
604 571
725 843
910 779
660 83
593 3
895 619
896 822
413 96
265 619
307 310
911 984
308 770
789 806
187 799
212 536
600 108
228 33
317 560
882 601
793 818
883 233
170 43
544 150
557 8
460 384
398 1
133 73
781 353
931 137
555 100
945 325
360 555
73 330
582 810
115 66
899 433
550 762
836 621
770 758
774 86
643 53
254 708
730 543
86 938
893 437
970 62
439 529
665 281
77 725
524 514
389 415
780 111
799 371
903 34
823 682
873 1000
227 873
213 811
617 163
6 943
308 760
688 214
896 740
969 90
523 814
360 859
312 530
434 363
486 748
812 561
8 566
783 368
418 400
41 280
60 1000
818 389
374 726
361 472
487 626
549 474
410 541
107 170
43 66
976 865
519 288
106 474
759 824
203 677
224 273
953 71
27 479
396 194
635 86
848 752
4 29
655 185
117 726
809 296
837 111
782 664
159 580
415 825
311 263
506 345
445 173
472 486
955 167
968 430
57 545
671 34
517 534
825 993
854 419
367 564
803 937
759 908
840 13
414 345
22 380
484 205
831 307
452 249
697 876
167 810
867 788
510 35
926 956
10 60
485 832
517 822
450 78
751 584
896 860
957 107
626 744
354 70
587 808
185 849
176 175
720 108
176 530
150 57
934 823
622 900
99 625
933 142
199 384
812 953
720 825
54 111
795 362
283 961
227 619
648 374
64 271
547 454
661 242
854 90
72 877
10 681
1 665
922 537
122 849
823 551
239 94
688 856
299 914
217 718
957 998
751 500
744 756
566 405
986 563
124 427
826 247
477 797
117 704
899 964
998 763
574 53
189 969
517 371
948 508
772 445
204 944
585 86
834 460
970 476
48 21
280 128
987 473
356 497
36 909
818 788
260 489
469 341
453 359
47 916
921 113
863 645
881 155
992 509
119 69
81 483
103 320
851 158
10 80
768 449
484 955
624 92
639 222
565 288
681 609
950 105
691 650
102 438
151 964
601 776
650 167
668 152
560 125
707 33
826 363
522 166
158 117
30 755
26 82
193 947
256 148
444 619
556 589
438 503
73 986
842 562
691 688
420 297
829 963
390 834
786 504
339 751
958 740
349 589
892 568
477 830
885 52
417 876
594 731
242 150
659 43
937 569
503 583
296 9
645 509
911 25
75 535
74 598
429 536
702 899
300 493
457 593
503 296
828 429
890 117
161 816
353 647
700 360
399 552
645 637
345 293
653 7
199 714
769 878
199 54
182 301
520 670
406 500
878 908
60 146
906 292
681 827
835 57
338 900
889 592
740 133
398 78
434 43
171 593
268 586
35 679
886 855
968 158
237 127
3 583
986 585
899 182
568 384
793 680
257 782
756 864
583 611
942 915
566 93
633 394
70 900
278 501
301 42
240 407
229 557
15 363
905 261
696 297
732 72
685 674
13 982
34 505
440 445
693 987
402 375
973 395
611 302
176 143
648 21
518 501
50 67
193 142
630 71
5 985
162 629
485 273
620 156
364 158
842 820
710 942
663 633
35 677
73 276
469 286
385 615
159 836
801 596
400 32
466 792
381 171
787 849
891 939
920 507
644 531
406 259
269 322
170 847
642 247
449 959
638 282
452 901
927 975
57 34
168 234
971 90
446 951
430 351
604 450
443 290
482 60
121 551
416 703
735 784
588 679
945 256
618 978
428 807
979 176
464 255
568 287
633 784
978 663
221 762
389 611
894 335
859 802
801 517
444 485
466 229
565 436
572 934
284 60
449 902
338 206
828 572
344 561
193 510
389 40
936 334
956 783
762 403
502 575
453 510
4 667
948 545
729 68
392 877
668 748
795 42
439 255
908 755
649 319
937 195
466 613
384 765
217 623
14 864
417 550
913 374
874 592
252 448
724 345
3 930
876 393
95 435
395 80
62 117
478 493
348 161
718 894
892 546
190 375
667 96
415 710
892 666
469 408
260 685
265 870
207 37
422 194
916 455
100 979
565 981
551 465
982 303
605 230
50 343
557 462
545 59
557 382
913 83
597 23
47 244
138 986
643 189
275 300
761 119
785 400
535 880
691 123
548 944
45 595
81 728
99 539
386 377
357 130
371 516
812 323
695 552
210 358
614 408
240 671
664 517
768 269
493 361
881 597
99 396
227 907
711 538
209 738
418 458
983 46
898 764
509 38
555 707
246 364
625 316
980 446
242 391
201 473
453 58
899 640
256 830
272 248
72 224
983 727
185 796
698 323
175 995
420 235
987 120
963 717
292 722
531 592
754 750
853 624
930 992
516 204
964 380
621 497
697 141
622 417
87 518
177 561
338 638
188 723
606 920
993 132
199 843
623 991
163 152
927 267
91 638
25 899
660 569
346 893
335 16
314 319
177 401
314 796
782 921
264 514
899 33
749 251
172 786
964 374
887 625
566 362
463 2
570 404
688 978
179 69
366 746
7 29
659 59
720 754
21 387
312 629
623 696
128 12
548 195
6 72
869 943
591 323
262 626
1000 432
381 855
965 808
13 410
864 564
233 929
158 908
746 726
638 774
319 338
62 992
156 47
476 174
123 450
370 397
259 925
42 210
108 435
876 693
480 33
541 943
819 537
602 293
374 779
192 173
65 103
690 406
904 566
39 540
842 553
382 914
40 129
221 549
612 850
295 788
433 256
305 698
882 397
268 137
542 740
805 476
46 752
727 659
157 619
587 391
696 356
14 688
583 7
866 767
385 728
882 946
196 115
167 725
877 275
442 22
889 55
396 43
446 434
36 557
523 143
495 811
538 68
467 365
666 122
844 551
811 363
907 310
704 464
357 813
646 527
426 399
354 731
196 431
763 418
933 421
930 744
167 171
768 635
833 607
521 138
616 454
906 479
821 577
532 476
796 42
90 219
346 82
415 965
688 497
157 322
306 72
108 950
520 79
741 452
379 845
436 573
465 482
185 317
863 829
304 519
95 891
771 702
356 510
555 605
714 296
29 651
165 220
516 208
731 262
358 559
126 68
322 597
50 649
905 734
861 794
83 231
510 231
753 718
324 803
865 968
552 900
820 806
766 986
473 247
454 636
905 227
402 544
441 232
3 270
87 247
657 448
522 212
97 3
87 405
270 847
898 948
2 189
197 102
817 83
445 863
484 5
961 378
309 746
182 745
683 988
634 895
929 580
64 220
352 104
85 813
77 90
675 265
947 762
973 496
210 21
443 65
844 733
297 411
512 516
766 436
409 243
461 81
71 64
626 640
534 75
779 727
827 525
184 998
111 642
722 600
490 898
321 836
555 622
600 558
536 287
612 25
641 984
34 205
468 335
273 685
550 574
153 347
913 135
100 598
135 490
869 512
458 654
176 723
237 717
974 400
906 219
353 970
892 384
188 242
96 430
52 852
347 850
71 473
516 378
454 100
107 641
87 148
362 691
145 406
491 394
45 395
736 499
649 295
494 596
932 112
795 241
78 898
600 937
796 868
721 214
134 425
734 342
696 449
954 797
770 464
78 645
724 897
292 920
608 662
983 820
670 248
628 162
874 267
973 121
756 226
758 121
86 749
920 9
90 876
94 648
361 235
99 349
467 985
81 765
279 663
398 731
302 338
377 186
229 157
60 593
61 573
639 200
991 710
354 657
450 749
773 745
716 974
11 854
51 465
849 554
881 566
184 969
492 487
603 874
155 489
522 259
747 912
826 671
36 391
146 924
496 696
298 991
677 182
191 784
163 875
700 445
8 344
918 741
337 123
834 939
615 815
746 76
672 862
685 328
121 677
243 154
185 494
683 5
942 144
344 708
451 659
857 451
251 476
530 382
107 523
313 757
737 356
368 726
931 26
568 223
59 672
338 162
37 656
975 757
503 769
428 148
153 296
138 658
330 879
530 986
114 259
456 290
39 497
736 485
619 242
985 561
163 347
99 825
439 636
509 724
8 809
902 89
968 681
382 202
497 194
948 318
514 393
218 415
727 11
111 703
561 815
670 725
564 123
285 277
689 605
804 957
623 193
891 917
85 779
118 328
286 11
314 59
899 533
114 942
731 871
198 426
848 909
304 936
38 298
520 394
216 764
347 895
303 349
840 406
558 950
615 716
13 231
802 157
948 823
774 61
255 43
759 694
738 133
22 732
198 231
353 275
256 991
117 22
778 559
960 197
535 752
419 886
980 137
595 678
934 746
446 257
785 854
864 655
107 500
592 733
552 738
751 153
551 12
660 722
637 168
618 17
708 511
214 710
341 333
431 167
784 514
939 727
617 532
742 456
748 277
845 459
719 942
336 392
735 448
113 316
856 529
574 710
780 304
633 498
212 473
651 802
669 716
527 181
229 19
440 832
648 845
99 508
161 385
728 145
647 636
850 263
124 338
616 118
435 190
191 486
196 498
603 417
789 691
992 936
124 746
913 179
767 913
403 927
466 608
348 554
426 441
270 888
980 905
216 630
956 302
704 952
488 282
63 375
829 303
162 255
357 627
804 801
829 574
772 976
520 57
870 553
151 330
787 727
803 340
382 398
782 961
636 268
298 922
298 145
672 857
518 959
840 650
280 572
278 320
161 933
454 241
621 805
617 163
225 194
184 219
520 34
746 363
752 606
98 702
108 655
785 302
167 87
75 100
479 9
425 737
294 783
432 994
189 271
629 863
183 288
486 482
513 526
637 888
841 632
852 128
569 372
135 288
950 880
387 378
375 137
582 697
738 431
477 289
246 803
326 852
475 49
784 186
115 750
247 898
644 148
264 809
885 992
603 57
119 287
688 231
626 638
293 193
757 480
789 35
399 342
458 167
334 388
891 944
798 396
460 867
2 907
32 44
193 839
249 508
823 497
143 774
609 317
673 515
877 837
134 479
343 929
237 164
64 63
955 331
968 550
954 236
792 614
80 405
611 292
588 131
199 554
846 261
937 437
779 492
456 358
549 680
910 331
502 354
275 562
328 110
68 401
838 968
616 5
979 67
581 601
615 724
727 192
624 622
599 473
865 548
792 511
328 609
910 98
312 97
886 863
121 632
139 882
379 503
907 316
693 541
296 902
313 652
204 816
283 928
482 232
285 435
419 319
312 435
20 669
383 568
421 93
825 46
452 343
79 144
325 242
586 614
40 605
148 667
636 603
691 673
751 658
285 466
633 549
825 298
145 24
842 138
42 469
399 477
484 740
732 90
354 587
110 42
467 437
967 675
583 129
138 312
73 650
149 652
94 355
969 15
797 82
534 219
439 703
402 572
235 11
534 730
989 299
469 281
109 488
59 27
833 861
649 407
564 941
527 848
880 279
333 444
94 232
17 433
33 342
483 771
526 959
795 309
892 495
626 952
379 38
297 961
436 469
468 789
252 180
127 842
315 523
336 883
534 684
803 284
470 149
45 660
976 149
695 547
39 901
788 558
154 905
321 954
346 920
825 367
876 849
396 18
545 153
614 749
716 884
133 249
103 573
339 862
317 715
39 156
203 597
398 811
870 190
816 559
212 695
416 854
302 739
906 102
811 308
828 227
605 989
232 226
726 603
849 570
817 749
284 816
33 196
977 544
501 939
383 141
971 544
89 746
247 329
20 87
189 875
707 16
353 82
616 519
979 835
300 114
498 76
250 656
594 152
773 698
630 963
233 586
23 581
992 148
256 973
841 277
455 53
483 772
403 402
815 351
656 361
840 627
265 699
857 774
485 179
746 750
17 390
760 312
910 628
312 369
295 713
272 378
689 253
21 766
522 553
30 352
529 926
949 827
813 799
654 433
294 127
94 982
652 510
528 353
935 992
411 16
992 512
358 521
915 187
297 491
751 29
699 253
58 668
707 26
43 240
939 207
971 463
655 499
707 704
10 391
926 530
747 623
832 140
612 973
830 907
166 356
998 949
153 687
324 133
475 402
962 317
769 931
34 278
538 111
653 572
463 670
766 128
52 355
115 98
253 454
896 993
842 844
274 617
450 735
687 951
196 645
718 789
201 306
913 654
460 504
20 141
829 51
135 321
466 463
991 122
309 242
965 658
237 349
704 765
373 488
825 207
727 99
503 502
312 697
465 898
264 805
969 153
152 366
684 103
323 309
367 752
568 791
544 433
920 729
419 880
8 314
144 588
905 432
914 696
250 244
940 349
25 573
791 42
294 111
941 425
77 553
300 620
578 913
528 119
855 113
16 833
500 184
936 886
747 831
20 296
822 287
629 349
971 664
43 376
114 574
760 989
24 99
207 670
102 660
381 925
677 347
180 420
397 106
880 659
245 657
912 525
909 340
57 694
502 360
90 571
504 295
588 844
9 344
861 300
371 511
539 540
743 866
524 305
802 982
24 638
376 817
557 877
20 306
979 685
260 275
241 744
996 85
764 528
666 539
610 177
937 795
468 783
247 505
909 709
421 22
833 889
869 699
674 946
41 174
323 722
958 814
932 411
271 735
689 713
840 278
891 536
834 686
499 513
894 642
664 644
840 457
287 767
866 948
126 135
131 4
647 548
900 892
667 236
364 414
777 521
344 549
201 37
739 287
149 650
100 228
446 614
793 305
502 997
798 838
472 409
935 100
116 880
904 687
498 900
917 644
588 57
786 662
862 200
251 235
309 125
700 101
467 187
573 146
340 726
328 972
61 610
69 987
548 618
558 37
779 876
415 757
988 895
160 662
557 532
518 729
469 203
489 261
609 530
666 211
775 910
358 51
217 404
689 605
131 349
747 727
457 421
947 505
644 397
240 404
871 566
229 252
715 879
416 709
299 54
547 436
309 543
815 957
281 575
194 707
920 34
468 62
399 537
471 565
988 731
141 701
842 647
702 603
469 899
638 902
783 68
55 102
345 953
408 602
22 791
518 27
469 988
863 883
911 502
750 261
299 61
87 55
50 510
20 49
812 437
732 763
710 403
893 395
745 632
712 722
341 279
477 350
110 416
574 413
1000 454
516 6
327 443
75 948
172 750
329 510
534 950
782 120
660 719
243 90
441 539
706 164
437 931
933 822
166 24
104 417
687 483
968 570
930 545
320 5
447 34
735 281
496 614
497 303
80 163
756 342
812 310
250 433
443 716
33 344
836 745
562 597
688 220
737 796
751 738
598 736
998 472
406 787
150 674
129 254
521 166
803 357
299 510
487 956
851 309
662 240
206 801
100 323
581 250
557 25
676 193
483 123
339 726
267 927
965 727
685 864
354 32
686 641
344 217
866 943
349 130
902 603
498 793
45 247
120 315
231 942
208 848
554 106
466 401
983 625
933 347
180 698
339 551
643 111
995 649
511 791
876 987
320 590
765 114
381 162
17 694
496 388
60 806
122 430
534 6
110 938
868 306
549 909
597 143
350 205
603 936
38 650
163 661
775 266
192 493
835 162
151 489
456 450
31 153
279 135
261 788
868 9
331 238
1000 620
372 111
31 668
996 500
942 426
159 356
248 940
10 521
630 174
516 248
631 471
663 656
925 286
526 376
116 301
541 260
314 39
469 735
985 22
255 304
908 71
301 23
700 85
149 274
595 664
271 194
625 593
34 807
375 695
927 353
119 947
876 323
509 535
226 957
849 13
349 276
793 516
149 617
337 490
194 54
482 802
381 382
213 28
258 637
274 6
663 486
533 63
193 833
722 963
327 404
70 904
599 315
790 708
663 58
809 959
205 455
820 334
895 196
484 552
116 567
340 382
175 584
942 997
870 336
141 716
431 739
303 387
928 490
330 526
195 410
549 689
464 783
486 815
1 585
973 765
151 242
832 469
642 502
640 422
628 898
457 364
103 869
108 810
656 539
797 290
380 341
279 839
389 219
105 268
83 935
301 746
585 600
289 671
800 115
959 214
930 460
854 77
840 40
674 450
790 572
181 139
551 697
216 901
6 98
722 878
516 561
969 209
179 288
975 657
95 163
307 41
120 368
510 171
805 372
845 233
379 127
689 714
937 487
243 483
646 594
767 673
599 715
741 177
116 162
457 405
791 853
327 173
351 649
94 159
567 696
364 842
231 167
454 910
503 456
425 835
323 639
255 767
207 384
281 643
753 960
465 928
49 856
956 220
198 267
308 587
647 519
878 666
853 60
76 316
505 733
58 521
870 803
624 797
108 52
997 294
842 239
630 785
567 278
69 275
1 798
298 783
305 40
615 519
24 290
176 982
983 258
93 805
820 676
795 753
509 883
517 41
373 491
464 787
730 414
832 157
304 20
657 40
457 645
709 334
334 249
914 671
855 958
30 920
628 977
642 974
772 231
657 393
437 630
122 519
827 817
171 880
348 821
991 779
839 568
916 343
548 498
519 656
238 767
236 287
782 646
19 540
686 200
778 116
335 222
261 950
321 413
578 495
457 971
365 56
914 238
176 419
577 461
124 623
346 889
341 215
965 941
493 967
609 514
557 31
514 995
40 542
234 919
483 357
114 926
325 219
383 107
529 32
746 120
792 775
800 192
201 578
103 393
793 846
981 880
582 740
384 676
562 835
769 90
880 969
202 853
481 708
44 12
997 672
366 403
706 433
626 588
269 19
972 113
853 251
220 741
482 663
145 136
444 261
370 845
472 437
603 274
732 68
883 125
457 136
694 732
905 471
238 934
639 823
746 194
740 96
942 627
904 358
992 188
521 277
590 471
587 425
158 578
910 624
655 987
311 887
211 334
428 846
939 234
880 40
389 845
770 719
543 757
432 286
773 633
799 899
438 599
989 320
164 26
286 266
625 523
474 872
955 932
566 989
242 209
778 351
375 775
808 354
77 474
770 655
954 534
631 554
243 65
873 414
705 448
758 377
974 820
496 159
984 889
932 796
956 280
945 387
450 827
768 270
205 280
851 943
5 581
92 146
886 87
280 897
525 799
57 388
430 650
761 65
978 143
190 601
446 504
277 856
464 539
12 182
444 460
466 541
806 425
232 593
121 780
683 79
473 87
529 436
654 543
119 503
167 344
169 146
770 884
579 925
974 431
293 683
435 562
921 416
353 308
760 973
413 764
17 702
576 971
417 272
694 472
903 135
160 199
507 869
204 900
51 56
618 930
325 603
609 494
31 13
680 48
550 848
335 669
9 722
53 172
136 137
172 398
31 149
582 690
622 492
854 672
938 26
498 73
132 995
600 869
445 295
403 164
195 331
903 778
222 879
690 1
896 269
799 163
784 446
490 974
169 409
850 665
956 504
208 23
447 706
804 210
226 402
353 10
271 377
741 649
607 475
456 30
220 170
703 760
284 831
795 470
362 607
93 143
450 726
937 876
232 375
824 375
856 942
956 646
628 804
417 352
787 155
694 671
541 822
843 342
528 759
281 431
149 500
928 894
855 752
713 333
224 88
557 396
732 736
32 206
843 807
724 520
779 596
183 867
126 146
926 171
617 522
660 686
956 292
617 250
818 204
142 865
857 516
241 532
936 529
805 37
545 455
780 117
59 723
1 769
188 940
324 233
50 23
284 204
363 245
460 250
588 652
242 566
518 939
225 971
162 177
718 522
970 309
245 574
972 193
755 762
431 933
145 185
714 501
467 362
698 293
20 52
397 242
823 293
39 601
176 664
281 835
834 950
805 571
307 247
85 109
372 575
148 179
432 219
821 536
784 180
394 542
831 739
574 504
526 863
20 662
180 248
482 639
180 703
459 150
166 471
666 461
990 875
457 10
135 511
527 811
979 53
402 413
244 500
383 50
463 38
766 965
819 165
103 831
881 996
881 266
321 197
550 661
295 813
405 709
38 547
701 98
855 455
444 450
714 568
689 636
574 226
840 359
130 832
937 729
164 175
111 354
939 645
441 88
142 922
72 712
821 964
829 882
281 630
775 283
262 483
786 70
698 452
16 4
698 829
300 748
22 178
540 757
205 521
101 124
533 54
379 261
360 663
782 87
732 459
39 911
956 104
361 479
106 180
960 993
211 864
851 12
402 937
584 425
888 748
367 472
648 731
55 224
498 633
803 829
342 758
402 40
626 248
384 358
301 53
441 377
516 267
935 123
756 672
572 96
384 717
275 764
456 979
769 223
133 558
286 712
887 954
208 15
726 168
724 63
121 613
681 318
566 520
22 375
472 830
169 701
613 184
546 501
299 222
427 122
25 6
981 270
171 121
578 925
873 449
655 329
349 317
684 263
553 630
830 517
685 104
712 726
962 818
625 836
97 709
648 491
451 961
604 830
728 874
504 716
587 804
619 681
282 142
96 806
245 680
905 192
822 904
722 540
987 851
229 821
974 562
451 177
618 690
584 601
95 356
222 496
410 837
969 333
492 681
736 422
990 468
83 58
340 386
249 14
434 286
171 852
962 492
517 575
202 780
796 697
819 219
90 761
289 279
949 370
696 564
684 123
798 487
412 158
196 717
326 730
208 866
925 971
416 369
826 779
683 484
825 739
98 747
242 173
174 157
792 643
851 673
956 786
622 408
676 60
95 221
820 657
908 1000
530 376
364 455
555 214
484 883
915 936
799 570
586 86
234 727
942 838
12 659
721 372
447 635
617 668
691 555
22 807
789 315
698 791
556 905
647 709
400 355
708 782
676 158
807 714
418 622
992 31
966 222
894 64
972 918
956 405
275 480
936 84
142 387
23 614
515 762
683 30
538 79
296 917
231 986
525 150
692 364
48 563
541 818
812 698
287 201
819 797
267 720
146 562
636 720
101 837
680 688
148 694
267 160
557 414
960 467
573 615
901 812
669 596
199 815
806 47
694 665
68 961
486 935
955 257
960 280
659 908
800 739
936 661
127 421
174 431
181 965
77 33
751 77
702 899
424 622
198 870
569 419
394 409
661 819
564 289
908 824
645 839
290 164
996 808
247 766
16 952
68 954
216 340
6 13
28 188
237 727
689 986
617 119
238 808
954 3
921 164
122 137
113 875
317 804
414 451
497 790
341 458
56 459
686 431
820 879
601 862
778 347
827 743
590 632
433 701
430 808
133 840
73 780
956 678
106 855
715 526
870 150
956 977
327 641
609 636
839 410
744 39
471 783
515 235
276 36
314 678
948 252
651 453
454 633
882 789
160 300
546 497
287 986
921 634
129 283
249 101
785 64
229 632
879 843
189 271
736 806
546 609
880 6
477 441
26 27
181 46
690 958
19 107
224 360
87 320
654 364
798 102
249 612
18 956
832 150
101 2
758 504
383 654
365 434
64 831
280 825
17 950
365 429
262 69
25 198
154 471
877 814
735 846
51 374
974 107
636 597
555 802
280 764
770 902
147 39
163 706
664 505
68 212
231 800
365 223
590 818
156 355
392 365
204 315
441 272
987 30
7 148
335 769
576 877
147 714
405 502
141 681
661 682
685 367
124 616
6 841
736 475
750 611
897 364
18 326
108 209
194 826
16 287
130 260
219 549
555 175
733 741
350 887
220 729
86 277
720 960
83 495
641 1000
889 223
149 888
791 149
927 558
62 316
724 774
883 229
682 750
64 284
717 245
450 655
22 771
25 943
123 896
526 849
151 551
108 973
870 685
341 164
697 928
866 194
437 400
59 125
960 18
768 189
213 896
706 590
558 159
231 502
25 271
961 587
943 944
345 18
595 923
304 622
222 993
951 669
896 802
106 397
178 622
329 111
394 428
745 609
780 526
187 340
58 979
8 94
113 510
74 273
732 909
465 957
872 17
812 709
236 711
28 57
576 462
632 44
465 177
659 252
959 94
353 182
65 245
812 806
39 482
385 329
673 28
874 936
541 438
109 926
547 112
778 921
178 783
607 950
704 531
354 799
910 786
138 555
220 567
406 443
199 957
289 632
486 418
373 344
825 283
13 489
887 768
247 445
628 618
838 849
316 828
239 120
384 975
810 762
203 596
893 394
532 921
74 365
400 506
970 962
944 810
637 431
644 473
727 925
993 774
133 915
276 485
9 162
119 478
981 546
578 227
420 259
114 541
665 470
376 153
614 322
774 655
973 423
679 755
876 642
846 343
218 941
5 4
241 859
857 728
714 78
442 218
681 445
409 796
276 100
995 701
117 708
507 402
915 626
942 925
681 687
701 232
818 705
952 205
839 175
404 229
92 690
366 576
606 455
603 555
735 929
496 248
227 696
497 574
534 668
408 647
10 872
468 117
391 528
835 682
628 988
884 565
674 806
810 841
484 134
642 504
259 445
873 402
578 572
294 711
681 83
100 738
747 177
910 408
277 892
576 698
250 505
974 402
454 274
629 382
573 373
104 250
599 911
344 46
959 565
589 123
812 100
603 219
509 568
65 683
949 443
509 727
535 11
982 182
483 589
757 905
890 938
654 961
247 404
524 265
809 959
842 625
58 548
223 249
908 916
10 508
117 588
375 811
794 661
767 59
492 390
256 419
980 309
831 454
947 377
265 392
184 222
283 661
133 732
740 569
598 1
919 983
714 348
743 780
929 509
982 427
234 225
655 249
931 623
593 738
114 510
506 24
44 95
496 235
496 896
855 991
462 154
607 177
1 418
701 499
776 199
105 671
335 917
617 636
211 445
360 939
558 638
916 449
524 743
341 29
868 790
252 787
867 59
470 27
311 974
922 970
192 966
37 757
95 975
788 159
487 382
511 491
136 436
622 66
307 480
968 827
537 729
102 907
215 780
871 239
37 862
369 308
779 424
867 150
802 350
37 325
79 282
575 535
837 403
148 328
310 740
742 228
432 641
466 240
872 313
419 774
949 797
806 679
236 292
826 562
886 605
541 908
682 857
371 567
960 155
968 181
695 945
466 647
419 128
200 966
14 412
694 495
326 444
494 688
170 106
345 975
955 995
505 995
553 923
465 818
963 51
198 48
919 31
483 515
743 117
63 184
654 45
479 923
145 352
649 76
237 192
470 323
963 223
944 4
314 550
930 461
733 28
851 273
724 701
313 736
132 957
497 638
842 252
283 503
523 663
369 190
163 317
432 982
600 928
8 330
420 711
183 885
589 69
78 720
402 828
369 799
550 466
911 746
635 150
836 531
11 811
823 186
752 199
964 851
57 243
977 569
174 227
915 254
441 887
217 924
709 518
469 594
507 905
284 594
113 844
990 848
746 28
10 325
690 884
338 825
988 49
987 51
253 418
340 473
428 351
127 90
874 263
601 272
479 124
166 443
327 330
120 13
772 879
222 367
594 29
656 824
350 945
634 574
506 650
51 92
762 210
842 63
817 760
486 179
913 513
842 514
563 224
62 212
860 647
730 743
609 185
555 154
567 16
391 48
554 489
315 619
265 638
633 454
244 608
403 39
770 281
255 751
400 768
968 914
639 804
246 479
368 347
546 370
589 5
632 854
453 286
234 105
264 413
445 208
925 766
187 374
541 715
93 161
123 53
990 614
817 360
340 474
600 970
482 400
927 644
516 369
39 560
755 97
47 583
366 453
769 219
765 322
498 843
964 303
768 92
11 232
826 925
19 653
890 200
19 63
878 548
770 122
460 278
904 424
587 810
607 433
551 876
209 783
445 28
13 369
812 513
488 87
546 472
113 719
91 181
268 578
469 382
235 200
728 177
613 906
495 486
548 530
175 449
281 717
578 371
256 104
389 684
573 33
768 798
422 466
514 232
113 627
490 508
829 474
575 14
610 981
56 329
474 910
156 61
308 937
454 854
235 38
395 114
477 508
740 39
863 937
887 419
143 154
846 189
716 489
474 892
549 421
428 645
602 908
295 849
376 350
236 295
726 433
200 277
977 47
47 813
78 105
177 795
820 300
921 301
269 410
806 215
282 28
453 420
109 988
868 230
613 403
513 457
488 30
587 472
661 435
554 211
827 341
907 87
871 731
645 274
576 937
14 910
799 861
99 544
775 687
952 992
275 746
371 561
600 373
991 321
442 940
259 35
940 378
604 544
594 308
232 233
253 273
887 163
333 698
33 272
818 150
308 238
400 560
846 417
867 128
491 121
386 175
472 857
806 324
511 666
437 534
767 132
924 857
550 501
466 941
237 111
650 246
964 456
428 548
685 853
116 854
853 438
276 244
497 893
684 210
217 284
256 22
870 358
686 897
29 62
46 304
358 664
327 836
280 186
677 418
223 172
802 864
8 780
887 833
682 654
262 72
966 705
44 29
220 541
387 68
837 439
944 867
380 510
460 295
107 890
961 64
698 50
834 243
341 509
333 955
870 506
846 606
324 681
854 835
203 619
44 495
866 618
516 931
962 651
490 841
170 394
326 648
421 33
866 491
56 57
723 910
3 122
9 532
182 696
218 58
957 775
919 126
570 677
574 525
707 648
836 13
6 337
12 613
516 749
960 115
816 547
785 627
297 143
699 97
456 610
629 471
47 667
629 256
373 557
188 885
674 965
715 827
741 563
934 374
442 894
740 209
594 930
131 59
748 212
658 738
777 424
805 567
87 635
588 942
152 319
111 121
919 900
945 472
41 116
409 711
292 723
398 952
849 772
915 415
797 642
765 387
430 558
311 943
284 446
566 222
296 414
768 365
200 87
109 501
98 322
548 35
695 520
801 766
521 443
266 688
451 38
42 315
862 120
39 541
24 270
94 295
528 948
930 805
163 793
890 282
371 710
598 325
418 636
197 691
57 624
54 202
343 632
253 687
169 680
460 446
87 577
347 120
493 659
982 559
8 494
912 125
735 886
813 464
407 978
374 496
825 429
178 900
398 9
650 864
709 933
632 626
785 171
181 551
922 401
606 523
586 246
439 205
638 612
35 389
318 71
891 585
766 26
718 905
214 257
347 738
58 506
154 970
907 659
11 228
287 850
323 377
560 455
958 609
922 624
741 163
843 632
135 488
211 826
455 990
975 906
562 621
486 103
876 950
110 71
806 597
835 833
907 248
738 98
198 653
867 692
902 11
43 333
839 538
562 387
72 866
197 790
240 18
729 825
757 69
297 96
645 920
456 342
896 910
831 677
991 120
704 347
139 86
864 531
923 488
796 442
970 99
7 663
479 251
480 443
174 845
155 951
389 359
345 984
376 209
148 694
668 252
182 306
179 399
611 811
674 139
609 759
801 131
134 487
180 719
32 769
584 530
819 705
564 471
268 879
468 473
661 834
447 396
941 400
195 714
435 690
865 441
722 366
373 922
644 281
879 71
48 290
324 800
65 235
764 40
113 127
876 791
580 25
931 464
389 132
77 701
560 454
130 60
318 150
25 113
122 147
801 146
163 905
984 629
254 278
917 98
190 668
758 85
113 114
272 1000
935 678
578 562
638 416
470 629
608 516
589 240
540 128
683 387
364 343
949 50
206 690
200 755
192 137
411 121
485 388
239 40
276 9
37 872
880 925
485 896
281 633
787 242
735 992
278 203
991 262
688 272
372 833
627 386
725 40
727 274
241 409
935 30
341 673
295 725
889 31
954 426
867 861
826 688
303 732
800 652
973 499
473 564
470 26
874 413
828 583
521 679
675 470
377 590
271 389
854 905
96 642
722 379
154 757
211 372
530 698
880 412
825 360
274 926
444 741
865 950
59 715
313 195
284 930
928 56
988 497
291 694
42 513
41 710
882 17
767 899
264 19
889 603
51 896
267 472
459 47
277 883
749 312
294 39
26 427
637 364
769 932
431 234
462 378
497 324
509 677
283 565
158 333
317 607
860 381
402 601
808 541
849 647
196 565
934 52
623 311
662 384
213 462
95 358
174 44
369 322
620 863
793 436
806 396
145 494
782 283
704 812
798 203
826 143
547 1
992 346
875 957
164 655
31 558
141 77
657 580
747 325
505 544
680 619
392 847
535 526
278 536
187 982
68 780
853 174
521 292
484 335
580 268
96 289
620 255
270 43
350 156
669 454
315 255
274 691
300 128
389 456
652 481
482 348
202 399
784 413
398 889
428 725
187 323
115 27
558 675
921 222
448 401
371 869
741 179
705 91
897 660
331 139
966 622
991 251
716 107
125 128
864 192
61 403
300 134
358 959
317 650
887 756
456 667
124 573
569 532
769 236
380 436
310 663
424 433
717 108
774 307
590 575
141 706
488 952
144 18
24 346
348 812
568 375
741 434
646 802
588 843
141 572
992 218
671 779
834 119
443 523
560 966
286 112
58 540
937 648
357 374
203 440
941 379
729 594
80 460
810 362
314 494
46 761
21 375
671 459
143 233
580 297
291 415
591 45
315 677
965 770
177 234
285 660
741 111
138 717
326 196
962 613
208 985
666 553
933 715
433 579
652 921
627 652
623 449
124 291
528 396
453 148
698 455
438 182
222 113
32 121
270 202
633 781
243 588
905 572
118 205
735 902
794 284
356 229
229 889
116 489
492 227
989 541
167 305
914 434
843 438
710 383
331 572
350 986
416 263
519 851
109 151
126 969
207 904
288 940
752 2
441 513
529 11
219 640
139 78
163 142
697 568
84 72
106 847
529 583
667 623
987 926
236 937
965 299
653 932
392 329
380 352
682 69
312 930
742 213
930 943
101 822
963 799
695 633
447 504
71 975
614 262
514 147
952 845
635 329
833 405
109 430
785 480
932 369
543 291
297 896
607 134
639 500
681 513
490 309
261 591
915 572
261 632
620 527
332 990
956 996
777 521
816 597
610 502
269 650
189 39
757 788
599 677
71 840
373 500
690 10
980 96
920 586
709 535
179 542
807 665
177 558
563 62
6 36
628 794
20 756
531 555
836 981
87 216
87 949
284 511
102 485
517 408
437 157
317 583
290 433
464 57
209 567
722 396
579 108
81 758
579 470
229 420
831 953
28 725
278 401
556 858
155 650
295 45
648 717
483 613
816 928
112 519
854 178
602 942
745 841
260 989
146 204
659 120
630 505
287 386
57 595
576 43
902 66
992 871
996 662
740 652
448 157
658 949
906 980
911 598
528 840
15 516
955 844
155 26
706 118
797 875
27 572
723 165
219 666
617 212
66 148
860 341
608 280
322 689
759 957
314 843
253 223
746 92
734 717
191 393
436 201
115 867
364 217
591 743
29 99
726 200
809 404
196 320
945 725
456 801
432 842
582 847
632 719
192 327
22 749
391 302
694 925
421 631
892 126
380 979
647 801
222 557
128 603
437 16
795 967
34 587
146 442
317 650
912 417
138 843
867 131
772 900
89 646
925 582
592 515
145 651
396 666
452 654
464 125
178 961
531 245
851 799
967 521
12 602
469 509
824 616
873 205
805 845
789 518
672 752
203 937
957 706
42 184
905 165
784 739
880 608
498 279
77 164
895 713
546 455
659 838
64 417
449 83
68 385
479 292
470 770
571 83
338 336
75 866
197 207
300 806
423 287
638 983
200 734
231 277
818 963
737 614
669 690
259 66
27 941
152 838
781 474
930 581
312 717
411 188
773 930
252 388
983 13
517 40
613 758
882 654
235 749
852 619
181 459
404 939
672 529
546 750
44 777
151 312
984 243
180 991
571 179
577 528
366 298
648 971
230 424
699 736
135 766
851 563
855 16
833 103
724 669
798 218
536 663
657 764
736 888
57 914
909 146
65 61
883 465
594 21
610 314
71 55
46 951
890 213
270 788
280 622
153 233
728 149
792 370
865 132
507 363
254 525
404 240
745 683
515 674
12 186
713 133
803 88
693 862
945 737
670 335
907 476
374 74
776 49
394 480
607 525
219 56
287 706
420 884
516 93
662 942
988 113
746 593
971 172
370 628
943 405
260 249
54 343
429 174
587 598
732 71
180 985
578 995
699 9
338 984
27 169
187 533
755 495
244 785
517 449
721 126
18 814
620 677
879 483
539 890
357 502
112 276
567 733
330 532
987 919
245 621
277 466
560 265
158 639
421 97
259 552
578 454
952 160
786 820
6 92
294 894
280 424
892 14
179 934
958 698
331 55
928 526
536 892
820 608
419 165
147 426
309 466
553 842
200 476
41 376
963 894
867 991
80 628
115 979
436 837
462 347
216 482
457 816
299 401
268 682
525 82
156 316
77 881
742 26
548 369
888 438
242 522
516 759
557 732
888 675
300 242
172 460
106 731
26 468
739 692
153 591
206 52
846 175
901 247
828 951
511 171
864 48
895 370
406 943
131 354
656 215
568 676
379 218
94 176
857 466
508 180
53 915
954 440
159 85
640 767
76 314
395 746
233 983
441 498
412 699
232 306
952 265
393 560
626 477
382 781
472 826
300 159
924 958
680 839
110 472
563 776
139 685
278 836
792 747
366 776
599 342
375 569
394 59
808 675
998 312
747 626
654 157
714 108
752 493
125 123
598 313
816 702
982 750
577 480
395 596
502 352
448 247
752 107
710 106
824 248
177 330
402 122
963 36
933 603
907 405
646 485
833 227
689 772
28 825
889 469
256 881
472 112
293 493
597 627
97 32
481 766
501 995
288 740
789 736
808 443
267 456
578 41
992 118
634 433
673 737
567 256
588 17
968 415
336 626
439 190
791 698
254 878
241 356
548 599
698 792
622 478
280 340
492 163
792 587
108 128
467 687
716 582
412 149
822 679
495 35
176 728
1 764
70 556
261 398
371 818
52 342
431 429
828 703
794 287
424 738
126 239
484 657
369 798
910 762
632 109
113 892
138 428
715 272
744 70
728 981
465 243
513 561
586 546
476 855
580 987
507 600
611 202
580 217
33 421
638 948
533 941
130 60
244 544
770 929
518 134
62 366
148 51
326 822
155 198
15 265
43 873
774 242
775 425
136 939
835 428
616 237
69 220
781 593
886 380
345 893
362 131
364 838
922 71
133 644
222 557
846 757
101 1
350 250
574 877
159 445
323 73
430 145
374 669
631 339
1000 452
677 929
382 921
797 575
862 770
819 147
274 401
543 868
364 416
488 685
109 805
485 290
997 745
371 913
814 782
443 876
793 528
66 36
892 444
41 389
150 875
431 997
918 832
885 523
217 645
589 666
992 153
344 402
677 835
276 148
262 933
586 662
393 407
93 166
800 477
279 345
580 569
17 731
302 425
399 325
389 363
116 981
82 248
606 655
563 11
503 113
12 732
192 49
597 31
148 153
213 341
867 433
277 427
988 310
293 362
408 533
875 438
969 640
396 944
754 455
26 188
738 715
232 981
492 133
435 805
301 11
83 670
160 62
103 238
679 194
776 41
175 113
861 343
756 576
432 845
938 268
874 259
46 450
958 822
225 197
414 360
381 936
749 484
487 424
291 803
113 405
71 15
226 549
196 300
454 389
260 865
94 875
16 365
35 552
784 450
179 489
101 145
397 785
369 237
448 352
572 637
549 286
819 743
995 105
330 904
217 923
798 580
631 763
952 151
703 466
99 105
862 412
633 74
599 748
794 182
585 782
294 892
322 140
879 392
736 753
196 295
556 192
66 762
767 190
505 355
100 265
540 706
723 457
298 630
713 921
872 721
493 387
853 823
117 695
793 571
870 182
787 144
250 565
262 861
86 486
113 524
383 44
265 660
777 862
910 825
22 446
539 486
679 947
588 911
706 215
717 450
687 516
760 337
792 733
675 962
400 864
816 181
489 208
640 720
539 89
235 503
315 48
339 307
196 748
87 307
935 45
529 229
547 130
666 750
634 534
835 60
227 42
640 39
98 489
348 790
673 99
79 290
738 245
197 36
297 472
415 138
392 193
90 950
73 613
192 991
671 436
277 948
586 124
337 484
308 791
470 581
17 883
434 549
436 96
554 36
136 116
234 105
623 684
703 418
13 136
293 523
109 955
168 769
754 737
787 791
68 461
38 561
598 959
528 631
792 91
711 565
794 157
840 363
259 442
466 973
240 176
265 575
140 72
204 794
483 821
49 616
103 578
1000 707
735 783
317 667
825 140
765 956
470 185
728 192
511 187
900 414
136 332
314 391
191 323
38 276
952 956
662 860
11 896
794 657
668 367
936 127
409 272
409 199
303 603
922 261
425 701
873 880
693 620
908 244
666 135
544 227
350 317
979 755
625 678
369 736
966 47
924 851
480 91
931 956
356 341
597 801
969 164
108 516
923 611
547 630
192 822
434 75
188 357
32 644
12 735
470 971
516 216
971 20
808 525
511 73
416 603
697 948
64 892
235 595
433 512
2 273
582 818
924 742
752 471
321 689
619 453
700 760
861 468
674 227
760 69
873 626
656 101
71 747
847 550
50 737
521 30
176 32
793 629
521 632
712 579
62 627
930 985
660 154
324 390
114 518
65 818
899 984
650 224
324 549
559 820
961 993
654 944
443 831
289 379
619 830
4 150
617 897
465 768
254 14
203 762
800 28
679 642
541 501
747 811
145 48
441 958
115 454
220 797
520 393
701 316
420 530
964 488
158 877
397 209
795 289
163 747
874 657
155 556
413 512
175 22
711 692
867 959
857 22
305 425
601 546
183 142
795 295
897 51
157 467
405 772
426 958
765 304
746 611
711 763
555 740
828 302
621 119
800 300
39 192
18 826
195 449
167 128
655 60
107 951
871 530
322 380
483 11
675 109
954 323
148 725
478 534
946 593
836 424
288 604
162 554
98 459
874 218
622 34
825 109
428 972
144 530
857 35
421 953
708 213
457 27
217 363
874 128
451 817
124 433
627 65
656 839
108 309
343 766
308 649
610 584
605 64
359 177
368 393
479 286
663 874
704 406
849 159
529 98
298 503
234 608
943 646
871 810
153 467
357 331
445 251
259 243
860 457
781 607
595 62
658 397
724 600
478 522
19 334
516 409
233 255
543 438
284 848
806 626
333 668
556 199
56 632
50 731
824 509
538 191
181 585
652 121
728 768
895 779
921 647
897 626
949 399
873 26
77 74
494 317
109 162
625 480
477 321
414 545
210 346
251 458
20 213
677 636
718 573
27 91
141 286
664 1000
855 455
783 252
99 1000
23 511
370 393
798 432
833 714
181 933
374 35
127 43
391 113
828 368
497 480
836 899
581 760
905 48
839 245
108 754
944 570
958 276
321 228
90 912
722 114
323 879
573 124
236 716
935 128
232 738
247 917
236 590
141 197
390 832
773 588
157 522
922 5
891 653
393 153
152 593
699 339
484 66
212 107
503 504
79 346
142 819
844 39
38 685
366 232
994 214
678 510
697 303
141 423
146 958
751 224
250 207
112 988
212 449
14 433
304 759
183 855
193 397
349 536
128 498
930 519
1 703
932 855
173 661
455 873
147 123
435 137
338 595
490 815
955 525
121 804
920 259
548 739
947 836
591 859
848 19
188 305
645 494
729 256
438 358
495 268
625 402
590 227
471 637
917 778
978 462
877 429
52 585
168 890
197 146
314 870
765 879
524 304
417 127
973 828
678 349
103 458
433 214
67 498
41 784
313 504
470 399
197 869
252 746
559 945
640 364
271 809
571 141
545 550
317 483
524 509
247 255
613 432
646 178
452 251
961 502
669 493
456 369
246 463
460 882
776 713
275 655
125 286
301 86
45 996
353 187
71 593
450 876
861 514
598 700
50 89
25 90
105 351
300 513
408 965
801 991
838 851
439 996
307 553
350 840
604 212
852 152
963 62
664 72
649 613
805 898
919 981
644 384
246 78
156 818
667 341
718 873
202 821
430 596
847 259
312 263
599 625
599 864
48 373
167 211
194 73
846 347
904 319
484 293
781 128
328 317
848 979
737 117
61 562
784 912
531 641
158 171
945 349
552 608
67 229
114 769
841 860
577 298
266 669
815 922
149 219
645 649
68 339
62 432
848 607
943 958
338 810
584 439
877 115
284 210
311 333
832 434
475 451
78 908
443 544
857 413
232 724
130 641
296 801
248 517
549 949
634 320
890 821
959 510
36 555
121 592
146 176
857 135
126 843
462 821
804 266
294 806
932 67
569 50
773 577
618 242
383 779
70 193
936 379
844 997
516 46
500 813
502 385
480 654
768 994
394 934
741 664
955 784
987 495
504 769
916 469
665 610
905 836
587 380
925 50
265 429
38 794
821 153
800 946
893 265
417 81
705 356
859 681
343 41
853 535
965 325
480 801
538 723
127 465
76 922
520 930
900 312
646 190
639 960
704 736
390 434
400 111
895 105
237 354
256 153
680 38
719 399
153 32
813 182
682 628
25 483
752 491
994 218
396 779
171 858
409 384
386 388
8 850
62 906
416 811
980 213
179 35
507 95
513 631
540 202
713 759
184 875
60 737
9 983
467 594
928 591
289 366
116 460
538 893
422 500
907 684
383 675
749 375
303 796
286 957
572 309
46 138
277 258
247 614
111 960
594 934
722 99
418 46
222 363
688 437
206 51
488 373
247 812
855 8
860 815
18 69
451 247
578 358
449 454
141 241
473 833
145 293
939 205
347 649
69 374
178 644
419 930
742 201
172 224
599 795
57 790
321 724
807 8
203 292
347 948
692 869
937 787
937 207
445 64
92 549
788 40
123 48
832 185
200 970
134 62
595 81
699 859
896 688
636 562
497 223
197 109
35 13
492 462
320 322
668 875
359 67
957 539
712 556
323 182
409 219
518 209
86 747
553 92
920 334
875 497
156 538
753 942
987 154
498 705
202 110
923 500
127 159
840 517
574 858
507 828
805 466
248 82
537 978
564 290
797 373
731 284
183 564
166 539
21 800
650 987
56 594
573 901
423 510
145 217
935 377
665 355
733 495
385 806
515 76
732 336
427 943
650 529
761 127
563 679
810 376
31 600
377 586
581 896
878 453
643 298
19 315
374 869
47 818
522 997
293 825
825 467
45 33
255 449
390 760
742 622
94 762
208 220
588 603
109 411
266 225
137 798
562 714
761 76
939 829
574 714
581 874
671 749
284 130
556 542
313 858
383 109
98 259
442 781
266 177
425 318
308 657
407 463
506 809
286 10
632 312
913 20
332 403
586 792
367 586
982 502
308 449
943 319
159 624
133 469
669 774
710 341
498 385
380 543
669 776
849 572
621 437
979 542
551 220
15 248
990 44
537 761
336 986
947 755
665 696
407 579
915 57
876 279
705 975
971 716
48 866
469 904
7 695
813 281
852 137
13 39
881 725
572 281
635 688
363 739
942 421
193 912
332 541
675 422
100 445
627 64
919 936
662 889
194 94
157 513
939 220
226 574
944 949
433 257
428 819
863 596
723 672
886 715
592 650
60 130
550 982
292 796
82 916
638 186
901 429
889 200
314 860
84 404
426 600
911 720
960 720
779 633
640 109
567 804
240 262
815 547
186 497
317 15
335 351
923 705
413 62
917 581
30 185
762 463
913 188
41 129
157 976
164 230
386 831
827 79
268 910
883 670
254 932
478 981
584 406
816 688
177 826
278 837
383 975
435 299
176 798
623 55
853 732
174 286
824 534
496 874
619 468
704 187
11 934
482 383
844 733
971 362
209 513
495 894
840 40
53 820
472 548
966 830
579 93
258 43
449 323
819 696
454 370
625 732
616 543
405 426
683 626
76 892
768 854
676 420
638 359
939 326
927 379
775 954
63 423
140 772
787 51
982 141
691 492
436 672
118 423
296 624
558 280
753 986
824 845
613 8
570 986
745 551
733 621
267 944
993 567
755 985
525 704
901 757
558 625
973 331
240 337
401 289
695 680
713 283
622 187
231 193
654 408
718 465
776 583
923 938
300 361
702 523
196 808
525 824
263 338
923 908
267 931
300 886
925 821
38 847
203 428
897 706
111 438
144 515
42 130
554 60
997 673
138 1000
263 213
270 626
382 558
63 25
635 29
848 432
801 908
779 241
672 783
859 123
105 640
240 992
557 213
500 770
962 334
206 994
131 235
846 549
470 845
516 339
897 324
964 925
454 484
16 580
218 812
924 516
471 820
454 486
241 824
97 738
304 480
682 193
503 693
812 351
113 998
143 876
962 549
604 720
616 398
275 791
117 529
51 484
701 245
693 600
969 52
590 476
391 301
76 434
444 780
25 79
422 413
538 629
264 728
40 871
787 951
301 738
390 212
590 598
874 161
366 984
440 637
910 440
366 218
81 29
412 806
478 524
392 517
391 612
65 734
607 740
684 372
544 230
556 303
650 259
406 124
903 346
126 348
214 798
265 64
212 633
297 21
750 629
563 240
339 869
418 777
230 811
751 473
185 662
103 496
354 56
379 301
861 289
604 299
802 861
17 672
831 674
75 652
283 951
978 571
277 684
134 596
671 407
649 401
248 482
739 368
682 334
870 891
151 503
526 162
868 135
307 739
771 700
796 216
741 317
43 409
460 359
943 731
341 391
455 306
306 743
755 909
709 718
236 983
278 611
578 812
864 405
136 113
99 719
67 772
546 536
871 147
489 820
61 422
420 485
936 695
203 294
108 515
279 323
276 558
806 943
88 866
433 183
516 388
792 220
621 718
737 729
212 349
236 540
652 844
611 528
621 760
849 235
78 730
290 18
505 297
476 953
289 835
186 205
199 293
57 829
972 464
662 173
499 919
618 271
790 750
207 161
603 259
867 31
537 686
839 742
616 28
766 916
942 954
956 446
469 10
868 570
569 154
992 35
579 655
970 16
677 293
765 555
119 173
641 151
645 673
454 171
991 857
938 181
480 759
241 940
748 143
840 488
727 594
245 156
750 922
938 777
303 774
27 708
347 456
673 371
699 705
356 500
139 600
367 927
566 932
188 595
259 98
241 839
463 138
847 406
626 16
222 412
63 946
332 814
880 110
549 520
969 239
780 811
571 200
298 485
840 106
783 189
135 445
782 641
841 259
411 496
266 128
449 514
349 467
307 246
538 797
648 802
401 791
7 582
953 885
255 819
498 369
443 223
466 545
619 776
324 426
846 660
709 799
896 439
243 114
351 590
749 465
104 514
10 238
120 898
37 242
562 375
823 631
859 829
319 750
553 167
207 773
44 927
60 74
127 903
265 648
725 895
362 124
74 834
296 89
521 459
581 315
369 617
544 416
393 482
692 778
601 78
794 473
510 854
483 789
481 990
641 947
102 360
740 109
276 6
379 17
22 842
741 76
925 658
996 43
35 946
651 556
93 65
427 837
8 827
540 901
504 546
951 778
755 740
728 823
104 802
116 149
100 703
607 498
199 884
464 635
61 783
849 441
120 411
208 23
256 465
676 535
445 747
404 100
30 422
908 562
986 477
169 803
700 233
330 543
987 493
430 940
299 76
829 219
433 797
103 84
200 643
4 227
580 479
319 41
942 67
64 623
937 757
608 492
348 177
757 802
985 723
741 909
688 517
893 836
965 227
5 786
943 869
203 872
717 496
774 717
331 447
275 54
88 754
577 983
954 945
73 503
500 980
557 658
266 872
884 165
870 3
741 717
228 234
145 541
726 323
173 3
732 712
968 389
739 185
725 872
556 577
543 875
650 105
84 319
514 466
119 838
203 997
317 892
361 832
82 475
129 38
623 351
20 181
358 53
325 808
88 547
163 409
64 135
576 871
849 586
815 803
151 361
208 255
926 536
639 27
413 586
851 881
291 26
984 419
236 868
819 966
402 512
624 549
788 254
848 505
823 921
315 908
998 423
784 297
358 534
942 455
357 375
995 890
736 77
110 805
426 965
939 391
77 148
628 136
468 141
492 702
849 306
373 113
2 871
579 473
699 631
123 648
88 139
135 993
966 857
132 323
721 712
255 58
191 657
357 518
667 675
879 721
877 813
422 799
349 688
675 110
714 116
285 575
217 226
159 377
336 838
554 47
315 85
162 420
950 211
602 861
148 486
991 140
894 637
475 16
607 957
972 32
75 963
958 128
896 697
554 56
746 532
934 85
675 923
994 147
311 339
349 805
133 772
322 165
932 395
131 764
972 887
962 84
560 425
762 984
396 698
200 102
7 927
485 866
649 361
121 25
25 851
211 213
877 699
394 880
500 684
846 707
394 515
792 545
622 298
600 920
796 413
79 265
956 409
464 711
82 312
92 505
719 478
987 47
711 925
550 149
575 681
761 384
941 571
350 51
392 217
415 257
96 985
150 729
168 744
443 765
551 409
91 540
494 614
162 727
341 599
711 413
651 60
349 320
901 541
639 498
473 601
54 495
273 659
731 664
693 440
311 591
133 263
847 33
823 176
900 297
859 284
241 13
843 692
230 813
352 214
437 389
125 971
41 394
986 573
976 868
685 810
336 44
870 310
474 786
977 240
595 584
655 885
361 594
349 387
978 135
388 196
186 834
201 515
386 581
789 609
827 741
634 678
426 340
622 265
336 707
43 403
253 217
64 628
885 476
548 632
834 884
275 169
881 745
209 563
801 509
313 810
239 503
258 542
202 354
362 484
685 779
357 561
52 736
182 721
149 39
459 858
30 443
43 589
306 845
880 353
7 244
611 687
796 914
874 576
109 839
116 243
887 396
355 598
229 192
320 837
195 742
912 544
469 240
703 55
770 20
85 890
20 955
154 850
653 93
161 742
724 642
196 671
489 264
702 650
784 658
793 153
402 901
954 274
49 13
851 881
129 504
555 274
591 182
541 971
321 536
162 722
57 99
990 578
728 362
38 981
679 18
452 838
456 792
650 624
634 754
13 952
953 514
699 659
355 977
977 824
559 874
320 354
907 547
910 30
190 801
519 76
545 81
827 240
980 619
11 791
276 183
337 31
134 293
908 235
793 637
377 745
712 258
784 466
388 127
334 934
247 610
160 544
120 488
372 531
764 436
66 949
867 194
367 883
798 402
26 876
588 146
589 39
563 344
2 538
863 796
879 628
244 891
109 301
544 414
799 10
325 762
446 756
45 546
756 887
131 943
298 525
365 554
849 312
384 526
110 94
518 656
693 87
333 677
456 464
110 161
776 697
536 208
863 125
28 204
556 372
498 58
791 568
502 279
350 250
661 946
244 533
870 35
644 181
677 92
970 574
951 638
315 183
584 480
821 234
676 842
548 560
173 797
623 148
422 872
693 95
61 505
231 53
361 6
481 783
103 284
535 338
972 539
815 960
874 762
741 91
916 518
296 612
198 872
686 862
417 279
250 818
619 492
588 793
292 523
118 247
220 792
732 325
258 424
86 726
674 696
771 892
766 493
542 181
75 550
310 23
305 536
505 970
818 937
951 740
506 585
4 312
208 245
140 465
614 47
75 305
704 206
742 437
544 271
469 476
759 877
234 810
582 691
996 828
741 627
816 651
17 663
677 878
501 590
427 501
330 205
187 349
410 448
398 667
984 864
616 580
79 206
354 838
981 564
409 42
250 471
907 133
199 969
42 112
344 552
312 24
102 143
351 904
231 591
471 984
586 327
453 992
278 925
554 163
825 924
813 817
782 919
772 672
656 29
405 314
658 276
181 956
946 213
687 710
977 195
415 493
840 169
397 897
501 266
467 592
898 600
902 285
528 211
530 240
953 708
345 270
595 182
90 49
644 690
702 239
598 846
753 898
536 247
508 145
399 109
67 210
457 259
323 761
17 66
845 350
951 48
769 574
323 319
755 846
130 543
114 876
640 325
640 383
463 564
633 389
789 332
164 154
789 415
509 853
893 532
595 735
325 466
862 536
524 621
152 808
377 523
401 202
11 71
901 99
838 862
433 928
87 465
836 90
870 994
735 104
758 217
119 881
534 451
747 55
661 940
765 78
552 578
226 273
171 805
75 533
486 832
859 11
818 196
907 271
97 491
843 121
633 598
833 634
459 720
537 225
901 338
235 476
626 67
916 691
335 48
718 563
779 986
867 179
155 338
554 454
741 515
376 237
6 596
676 213
382 476
213 869
21 138
482 160
509 292
853 494
842 449
677 566
579 327
260 967
299 35
154 644
221 845
137 366
493 630
217 553
515 448
266 39
599 197
276 534
121 460
698 818
866 915
632 453
179 877
693 128
269 863
129 642
595 84
629 746
927 14
806 693
287 30
591 219
717 731
558 772
271 745
171 405
932 606
218 316
737 468
101 765
232 504
52 950
368 206
37 619
867 582
246 53
303 881
655 724
853 470
674 466
644 145
177 403
296 924
938 534
744 836
705 14
497 103
112 518
822 235
952 263
862 6
867 504
58 163
721 138
916 405
313 851
630 664
50 706
295 218
177 906
240 318
939 484
948 557
522 434
662 824
32 537
963 248
71 588
572 383
276 951
617 842
17 118
672 301
248 178
780 18
565 952
543 535
236 983
470 529
611 836
222 676
70 434
947 650
638 630
804 505
403 497
882 582
36 277
219 802
317 490
483 750
19 513
176 502
635 68
238 81
203 345
723 100
780 476
111 141
458 856
502 864
986 907
92 366
233 75
861 421
744 551
222 365
886 938
197 611
381 791
297 634
776 91
13 67
542 370
875 128
138 536
583 514
593 187
889 784
872 583
653 538
609 185
428 71
920 475
378 705
383 801
693 448
264 752
506 396
278 732
58 22
34 109
996 884
261 39
349 52
178 224
316 452
564 602
493 2
167 780
339 245
392 667
260 104
13 893
785 254
965 436
278 966
506 57
543 994
492 578
358 59
237 3
243 46
715 751
924 883
967 805
569 239
693 40
494 199
377 34
653 757
73 650
906 739
947 778
306 613
860 253
742 829
565 382
580 283
866 754
564 277
421 585
169 818
817 104
952 431
343 856
807 443
778 140
662 363
992 931
481 366
377 154
633 21
828 264
220 482
62 40
901 294
300 792
450 681
154 348
763 201
168 268
996 71
576 835
957 518
898 660
526 968
636 279
752 878
490 269
846 63
353 986
849 403
456 861
143 247
838 564
671 983
792 962
757 450
368 166
474 512
204 349
497 150
855 799
228 756
387 594
56 891
407 948
941 225
309 965
735 33
321 838
298 781
213 400
670 848
880 3
47 766
648 797
879 551
439 781
941 3
630 526
535 617
522 137
517 391
230 708
894 931
632 938
962 184
277 907
940 210
218 243
667 222
421 540
693 375
623 690
783 647
313 910
352 828
331 35
208 933
702 326
755 697
300 261
762 654
34 318
875 25
834 122
228 619
893 447
129 962
37 961
731 162
680 321
698 539
925 331
627 349
52 874
784 834
492 322
989 918
101 729
328 219
548 945
549 922
367 209
174 155
176 781
399 360
288 26
8 563
739 2
809 550
329 100
704 168
762 459
818 845
972 897
258 529
675 256
282 722
992 277
763 941
324 888
846 600
479 82
389 789
417 951
967 157
3 943
6 714
746 422
264 14
703 539
137 432
818 572
147 86
535 480
8 362
966 761
868 192
392 850
441 356
724 485
231 73
781 720
933 227
224 53
144 251
869 219
188 726
344 354
94 788
332 338
628 542
420 716
362 211
174 450
986 577
490 841
341 108
9 888
102 460
885 263
176 673
963 657
49 508
992 922
414 854
46 595
942 886
575 339
340 797
317 73
309 839
660 136
141 195
59 136
483 277
34 902
355 241
836 519
325 216
782 468
659 36
869 765
975 268
952 535
718 528
947 442
706 103
625 611
417 345
54 742
897 507
210 476
143 108
129 109
626 902
600 686
945 794
198 73
883 594
334 457
534 302
440 247
104 46
693 282
494 142
533 333
634 540
466 666
658 183
163 145
453 988
17 955
802 753
976 869
231 923
153 124
89 105
1 297
536 670
853 580
553 233
776 935
312 897
203 712
660 763
122 897
573 205
252 292
691 504
326 346
78 627
950 826
51 439
384 222
806 741
69 984
486 833
173 961
579 786
633 48
785 798
456 76
889 733
352 538
838 9
595 672
112 216
472 862
689 631
625 772
845 592
120 299
170 829
78 733
979 934
484 845
442 781
610 717
503 223
442 134
725 366
842 279
699 933
557 963
59 90
732 153
647 192
532 766
124 177
470 126
257 272
120 363
523 594
694 373
889 603
662 703
334 246
736 24
801 352
413 535
101 884
325 143
392 569
552 436
504 206
834 135
472 705
291 876
721 850
191 898
937 939
554 733
820 142
597 614
194 510
781 633
391 613
292 64
49 915
477 380
268 280
989 930
340 188
162 85
599 391
267 379
825 745
348 36
189 146
620 316
224 852
838 470
66 666
364 619
331 978
979 197
944 635
771 716
453 260
730 913
557 648
469 314
672 941
955 614
774 103
560 805
322 97
395 91
209 597
194 548
332 584
393 623
29 146
786 885
35 461
980 742
199 395
106 222
481 395
602 45
796 16
421 275
934 329
921 756
27 608
1 579
812 608
793 379
543 288
986 147
190 73
515 919
227 111
879 88
388 58
80 734
499 649
865 989
759 590
279 398
747 961
358 812
887 357
255 69
412 567
694 438
139 541
69 895
985 540
538 714
715 230
270 938
434 821
560 668
665 185
333 124
297 77
812 927
374 376
668 838
707 469
369 235
975 441
619 343
612 44
456 59
344 268
996 777
615 76
840 104
484 605
178 829
387 135
745 569
531 218
622 638
415 140
257 328
248 452
689 832
66 659
131 24
167 503
69 715
982 321
553 234
403 791
468 636
903 18
241 828
587 906
124 760
113 682
478 76
713 564
191 180
928 208
573 797
486 568
631 101
865 513
500 350
921 872
81 94
219 838
323 296
887 969
990 180
609 593
797 181
867 523
62 227
180 586
659 95
973 795
294 772
286 477
256 257
99 535
81 364
267 619
307 463
595 54
540 501
925 528
687 911
615 714
285 653
77 867
285 78
3 334
101 409
666 892
235 721
127 639
85 379
797 661
367 712
515 208
292 569
272 445
552 879
496 832
353 873
878 773
976 668
634 894
511 833
707 426
8 732
406 180
576 160
151 927
992 463
182 717
618 865
858 365
536 775
817 295
464 618
179 707
553 682
224 848
69 419
793 302
167 638
67 14
211 516
383 248
954 550
65 804
921 665
941 597
724 515
197 629
115 148
236 344
371 480
568 722
542 529
439 453
428 269
89 75
424 831
418 24
165 610
121 456
689 717
536 442
640 584
128 143
402 523
995 147
627 259
525 70
653 681
12 435
779 729
52 640
775 602
942 27
406 929
802 872
274 372
871 763
788 18
372 397
590 658
826 379
312 569
161 109
228 707
949 964
311 575
794 519
97 418
987 159
851 685
833 818
395 852
89 748
137 386
153 258
604 957
869 33
859 728
670 894
860 328
997 520
350 369
116 901
825 562
132 633
524 884
757 482
554 829
220 823
599 58
720 161
697 655
506 102
695 203
187 712
525 649
823 258
620 827
933 769
454 591
8 201
499 82
770 201
809 580
299 326
452 130
323 259
578 362
27 655
504 593
661 655
531 32
131 636
781 574
120 149
921 295
858 695
624 760
995 981
611 710
239 856
681 777
15 353
307 352
209 484
729 55
546 991
943 564
882 767
560 310
795 818
707 326
621 940
933 893
913 513
30 96
729 257
215 730
435 446
647 954
778 229
652 661
138 145
195 593
136 856
264 714
650 847
696 311
922 736
880 903
447 371
859 171
670 425
348 84
62 471
823 499
701 24
958 254
305 706
88 282
766 312
187 499
571 136
107 170
982 257
135 271
777 196
408 547
147 245
525 934
230 265
966 85
940 759
521 967
766 330
726 760
317 75
66 801
356 158
415 418
622 461
92 318
163 194
176 696
401 775
853 334
911 312
197 546
462 989
654 995
875 942
855 517
140 114
994 806
920 38
206 77
528 448
896 785
775 608
39 843
113 961
899 911
758 995
825 285
368 138
327 102
513 547
91 452
790 727
26 840
563 144
428 882
975 560
171 87
371 829
976 846
728 284
650 654
190 918
116 355
699 229
25 131
414 216
327 359
587 296
267 31
14 218
398 463
641 846
940 270
204 182
319 515
402 606
425 423
618 181
264 365
850 155
817 10
413 612
868 374
808 715
717 229
875 130
339 282
681 972
521 607
57 50
842 415
835 482
327 709
666 219
876 800
611 486
460 689
29 978
646 74
650 577
19 363
699 455
481 305
310 940
451 673
419 109
905 283
672 160
192 267
137 789
150 204
410 907
775 32
725 229
539 332
428 699
56 543
280 910
483 457
889 206
423 991
395 16
232 372
694 430
611 367
301 692
166 500
612 180
868 837
684 98
254 217
827 202
594 109
119 192
572 30
337 810
870 469
958 906
332 391
901 817
708 285
302 753
785 886
824 682
829 967
93 942
377 503
889 458
396 409
51 768
591 89
678 659
603 642
979 575
366 778
321 967
488 703
336 561
238 292
630 873
232 367
853 316
609 940
294 245
930 154
848 737
538 963
757 634
728 500
383 644
955 246
179 983
80 414
335 508
878 816
597 595
351 413
996 994
693 386
915 862
843 414
984 807
202 287
376 215
183 464
690 265
728 325
681 418
684 785
619 247
446 527
803 256
503 316
36 69
711 669
178 893
319 750
808 28
589 972
367 156
63 484
270 762
450 57
306 730
934 260
638 274
998 227
96 583
216 974
233 489
925 169
461 645
137 353
770 269
45 60
674 691
355 39
371 157
379 815
129 184
435 51
572 943
122 56
473 873
293 748
449 973
473 966
790 733
217 964
857 719
85 994
750 657
540 770
416 988
502 684
63 166
684 912
974 715
381 922
169 568
22 816
751 385
966 814
558 303
897 322
186 611
91 186
707 523
380 193
750 417
72 797
926 454
537 139
392 911
299 428
625 155
543 991
483 258
187 896
363 614
534 250
714 134
898 611
766 288
3 389
687 139
929 141
669 733
472 217
298 233
301 419
440 842
114 743
385 737
850 642
984 181
431 631
572 937
729 846
217 865
571 531
617 152
910 381
568 614
303 462
54 978
109 313
769 555
876 89
987 361
767 626
77 589
750 184
55 860
170 843
893 846
517 310
536 186
293 537
370 863
480 947
855 611
855 543
143 69
866 520
188 490
442 693
962 960
647 467
941 948
484 243
539 566
37 247
939 236
162 245
187 532
115 462
363 622
65 36
156 296
109 728
634 526
138 922
857 987
867 891
284 268
307 305
818 944
948 344
469 310
265 61
199 279
805 121
11 866
446 118
197 24
802 664
236 829
935 207
872 504
456 861
613 339
866 635
607 329
154 941
989 889
691 38
33 635
712 172
67 610
840 156
147 669
896 186
584 43
845 654
10 643
653 784
355 807
586 333
121 585
431 79
789 314
470 231
330 291
843 87
961 992
893 283
570 328
136 954
745 426
54 923
947 570
298 914
754 576
943 557
858 352
257 904
711 123
823 132
138 637
239 302
549 630
332 549
791 169
714 306
527 395
984 842
888 383
636 796
435 865
216 58
982 411
315 329
468 48
842 585
116 84
689 890
325 201
190 791
126 178
366 233
391 603
504 307
267 755
535 812
285 114
50 432
362 867
774 882
99 645
958 136
220 141
58 954
734 741
572 38
75 272
387 85
4 575
364 607
22 28
141 685
660 680
808 722
654 884
121 83
529 665
376 983
151 490
277 908
223 406
798 945
260 119
578 743
580 368
829 115
437 882
413 848
563 874
93 28
428 831
66 393
292 650
609 851
517 753
972 150
213 310
915 567
1 820
973 689
914 226
861 197
943 317
881 347
395 897
586 367
160 479
922 132
980 532
421 115
4 138
984 260
849 609
894 403
36 787
358 321
29 329
460 135
99 733
787 166
94 13
219 540
160 69
594 266
749 811
71 997
276 306
344 376
552 180
522 347
730 5
81 917
772 361
530 232
669 849
761 457
972 490
130 936
114 821
511 254
609 371
644 996
5 884
461 684
929 328
858 322
863 778
227 172
376 627
198 65
887 945
828 555
590 159
107 443
733 899
939 297
936 997
355 131
875 181
501 914
26 76
865 292
448 895
762 281
362 152
33 779
825 998
461 697
850 931
927 796
315 618
174 574
17 611
818 569
144 715
40 376
702 708
261 257
569 45
172 872
840 167
60 665
820 673
688 331
61 104
709 91
994 521
281 184
203 371
448 155
569 489
912 773
412 472
204 179
219 861
57 50
873 421
291 551
290 787
950 502
106 633
226 361
693 490
686 888
104 431
677 860
24 860
175 4
970 662
258 900
882 890
36 187
504 559
690 653
251 858
897 877
15 8
719 92
219 196
728 649
277 980
210 861
844 945
973 174
822 343
664 231
389 267
699 379
730 613
173 693
514 732
808 687
487 863
903 751
814 230
270 46
377 231
984 549
659 789
723 929
835 417
263 914
855 548
434 895
269 378
439 390
515 149
964 437
291 742
169 126
471 244
891 242
139 776
693 34
288 520
586 390
464 424
757 778
78 337
328 530
762 470
612 701
809 52
54 496
627 749
935 607
50 577
593 165
170 357
578 232
536 238
441 30
220 183
30 579
448 885
781 467
740 917
629 836
703 558
304 885
857 558
93 298
624 250
392 163
183 470
257 522
665 260
531 418
299 229
389 280
774 230
572 636
194 25
613 862
368 714
766 222
77 382
264 244
662 570
119 338
542 846
131 612
412 680
961 932
963 563
831 855
597 438
25 395
236 797
598 748
575 931
171 589
526 358
509 726
190 665
219 229
932 369
285 472
837 714
481 281
908 996
183 389
768 241
837 578
430 448
173 886
327 559
855 386
591 120
141 926
630 173
751 487
540 415
259 840
431 77
661 789
552 626
476 892
359 238
721 975
559 321
382 413
980 393
973 987
419 820
737 281
937 971
483 63
372 691
147 881
164 460
907 828
528 687
200 157
864 668
860 241
503 454
25 602
925 621
787 949
899 202
847 780
180 216
498 264
299 207
729 957
395 574
664 513
224 563
276 725
540 679
534 543
350 606
149 298
433 529
413 890
928 903
469 202
68 22
231 51
336 87
235 233
90 188
578 610
419 901
847 316
837 936
398 13
442 556
948 997
353 636
451 906
283 233
883 501
44 295
234 443
942 674
875 436
319 80
372 664
332 149
15 673
156 589
582 739
575 335
187 580
64 153
582 604
684 509
233 344
57 788
749 976
415 346
286 88
413 704
535 560
739 741
518 119
613 856
505 80
758 159
351 216
770 48
801 338
419 786
597 602
724 603
585 917
983 750
264 415
375 732
952 590
263 749
417 911
606 138
258 216
83 854
712 453
391 195
966 975
766 757
707 221
270 590
767 181
641 938
914 604
394 459
659 908
39 69
787 320
370 454
211 808
285 288
996 222
976 292
885 221
678 824
314 284
826 911
819 398
924 866
492 295
135 521
89 702
749 523
280 226
389 36
865 126
397 906
781 994
396 311
914 240
602 361
674 687
179 157
79 664
704 4
429 450
569 364
760 257
954 674
346 231
104 997
896 917
758 237
399 386
279 807
904 945
218 585
30 6
920 416
764 657
869 575
216 668
341 84
795 87
522 490
152 725
675 996
705 742
710 761
520 757
465 572
935 709
270 756
507 556
104 277
322 615
133 237
76 516
845 520
895 236
797 76
191 166
92 967
908 290
688 212
820 117
572 6
654 213
802 304
440 505
576 172
344 340
850 559
819 385
859 53
719 537
879 201
639 926
830 688
325 954
311 25
830 278
916 793
775 884
164 44
722 250
855 215
169 287
300 628
729 363
163 822
580 35
846 442
229 945
233 821
538 867
512 850
622 712
947 34
192 491
858 232
42 422
131 581
183 459
870 454
808 230
944 864
401 498
597 971
594 519
447 175
302 374
609 150
715 446
143 663
780 698
600 681
792 714
359 620
384 232
951 813
239 358
740 307
770 711
740 715
239 345
496 597
114 403
225 105
243 897
951 726
492 664
543 615
881 857
136 403
525 342
737 86
732 98
518 137
265 56
600 726
512 299
929 821
454 462
409 657
41 892
629 391
978 134
177 40
20 935
305 417
998 909
77 620
38 56
152 982
914 401
482 710
323 979
515 301
452 811
586 686
261 223
820 732
288 870
369 500
178 397
92 248
644 235
342 774
629 592
905 271
62 617
248 661
634 557
970 870
413 462
415 248
883 900
881 700
654 565
839 253
400 861
377 688
443 869
497 912
400 536
47 120
793 871
725 718
855 469
477 306
62 927
194 988
738 507
523 995
56 713
451 105
11 99
731 723
702 248
819 996
274 490
468 267
89 886
406 387
707 971
724 433
2 510
719 318
743 175
145 365
69 290
954 131
815 547
695 680
438 210
839 79
356 602
258 629
82 330
779 831
511 259
73 121
450 889
641 699
227 362
728 996
915 104
728 952
771 915
926 499
262 770
401 392
366 992
905 404
154 881
470 214
802 611
576 410
133 587
75 860
509 167
772 868
572 158
929 500
377 603
353 367
36 725
967 516
790 194
775 439
518 130
669 136
200 482
96 733
289 937
258 345
356 334
689 864
299 872
405 960
304 208
922 707
512 840
44 692
405 933
135 341
187 387
40 655
242 968
795 975
739 135
48 872
332 67
88 710
159 552
791 29
677 96
985 84
964 633
391 438
900 753
776 466
173 223
839 295
867 288
192 637
670 763
653 764
134 615
749 633
309 1000
788 851
861 322
103 641
53 130
768 954
191 103
174 781
852 161
48 95
82 449
82 548
897 577
910 715
183 560
909 297
653 399
535 949
226 29
941 713
833 265
944 43
563 39
797 778
372 525
634 987
864 534
357 687
946 172
85 621
226 840
376 890
477 597
305 396
882 567
709 443
288 909
436 391
455 49
928 699
720 461
687 563
177 600
735 263
260 416
267 656
524 351
106 676
870 339
662 512
628 635
65 298
622 34
586 460
975 187
664 137
307 386
895 583
653 355
976 892
948 310
211 861
59 642
704 396
68 736
521 979
396 702
259 534
263 422
120 665
397 389
479 225
662 748
974 687
857 910
579 517
55 891
276 161
360 299
318 528
435 41
203 618
530 451
759 407
639 486
889 983
35 512
541 230
419 612
884 857
454 804
452 914
163 54
12 415
106 97
693 431
651 438
678 870
571 45
238 756
404 405
71 441
527 669
148 473
723 948
683 981
865 585
455 766
143 460
537 375
994 92
177 679
189 352
204 351
515 775
327 978
231 644
537 107
309 582
419 695
93 553
159 700
262 586
990 618
28 213
366 44
902 478
725 80
643 77
380 144
693 126
470 900
535 608
732 323
219 97
279 366
963 820
826 704
817 142
827 499
864 330
540 995
119 439
447 229
597 843
759 730
295 761
683 847
8 560
605 211
29 514
593 728
323 817
911 19
727 690
79 660
26 373
338 442
948 193
412 614
609 112
527 752
473 750
45 443
196 916
367 25
598 568
950 37
934 688
88 514
56 317
62 842
990 780
729 324
458 9
961 866
292 429
145 124
839 531
88 671
559 752
763 96
348 410
108 433
704 455
142 505
132 917
215 877
834 779
688 584
4 977
874 213
352 580
742 115
128 927
152 964
752 573
371 193
364 591
464 690
442 763
294 82
425 313
850 705
853 989
616 302
673 661
701 228
606 78
59 566
37 29
950 905
278 901
985 599
112 184
182 599
632 470
939 300
268 571
911 489
879 399
254 815
493 633
418 928
258 961
485 775
501 118
297 172
840 853
105 43
379 721
767 474
64 955
895 474
505 346
250 518
358 831
96 836
820 359
348 742
575 290
858 238
525 773
705 523
592 449
122 724
327 458
443 376
871 646
858 376
739 399
984 977
12 913
542 685
434 346
688 983
396 568
816 579
422 793
25 886
733 85
548 339
136 730
322 985
274 264
472 380
589 592
245 32
500 204
666 32
831 644
138 462
397 856
920 893
856 981
807 263
602 771
989 366
361 56
321 620
402 985
538 797
68 631
409 888
741 914
97 148
774 926
222 769
338 112
546 230
112 420
315 371
409 687
131 91
66 500
375 900
398 793
772 561
135 411
752 718
426 750
277 888
273 7
645 565
427 133
247 963
710 149
324 785
550 725
898 482
185 224
932 471
375 736
982 909
926 91
851 855
704 723
213 682
349 246
798 705
239 56
48 498
997 372
300 35
928 504
756 568
374 487
876 441
597 71
335 952
344 258
434 403
866 474
312 18
998 211
623 451
32 712
579 386
296 505
368 615
866 516
780 515
695 365
179 671
588 57
935 298
546 880
567 635
414 520
271 425
37 115
637 382
162 120
366 109
784 867
437 308
588 633
693 839
458 303
372 836
398 127
759 360
184 932
581 455
27 433
627 269
923 4
410 365
395 753
927 884
358 244
844 259
531 274
534 162
131 924
764 460
786 271
71 524
3 795
3 166
968 259
956 870
45 570
537 512
376 319
765 15
562 374
330 538
70 588
667 95
253 812
277 497
538 905
373 959
909 344
804 285
102 290
709 513
870 920
729 601
574 122
214 597
324 813
991 341
982 97
81 924
761 467
363 946
377 320
175 342
920 947
525 715
901 589
343 556
235 739
678 342
680 838
444 911
456 723
959 533
870 59
992 174
540 427
157 507
910 754
649 658
681 85
413 488
366 113
144 585
236 719
684 373
735 664
997 389
895 98
220 329
218 717
472 496
481 273
257 268
653 296
11 445
437 293
231 242
808 690
989 509
570 210
252 502
585 521
233 919
300 946
222 873
44 694
271 246
887 969
223 532
695 83
243 169
745 375
386 870
540 45
502 539
539 797
49 416
55 153
386 98
911 129
90 922
229 715
719 27
34 431
837 682
760 251
667 664
793 204
685 402
991 257
124 391
526 240
629 398
79 857
107 996
812 727
24 108
649 532
452 684
281 927
783 790
604 231
548 793
583 262
754 277
835 871
298 742
772 954
601 907
259 281
681 72
816 661
645 696
889 474
974 145
613 692
879 825
678 632
888 855
934 703
601 159
501 826
974 332
430 403
503 718
157 570
709 544
814 844
544 43
277 117
292 287
603 543
317 335
525 325
853 74
188 539
886 402
512 711
66 255
218 950
580 122
873 210
84 363
302 420
340 578
434 31
505 369
305 543
582 809
947 232
64 351
128 661
180 537
816 980
867 11
220 276
403 462
781 116
857 711
231 243
66 883
97 842
231 817
770 705
465 27
548 340
963 658
79 57
850 298
585 916
247 853
133 51
94 261
524 478
367 885
788 68
335 291
203 845
378 977
846 952
101 249
460 575
549 695
47 736
541 660
711 624
491 966
52 411
535 166
279 607
384 919
149 963
932 615
333 194
344 749
620 174
631 747
622 241
813 409
591 977
198 3
411 813
533 619
780 954
291 604
134 153
719 132
864 791
61 413
583 543
449 559
601 207
477 713
48 676
97 475
343 225
632 826
503 426
24 618
272 162
642 839
688 513
801 88
963 230
380 89
693 777
745 719
970 38
20 952
293 612
947 913
228 715
69 370
997 635
519 774
753 671
162 17
405 644
170 239
298 484
137 625
23 916
41 505
57 96
731 453
973 566
815 320
181 29
583 635
3 411
571 565
480 119
652 739
988 347
109 770
662 933
707 995
388 592
762 604
931 963
224 376
742 501
747 112
346 301
401 353
740 877
958 874
601 856
733 6
710 534
882 753
284 182
668 510
958 670
252 732
675 409
826 80
220 49
166 56
957 33
548 638
911 546
567 989
159 215
647 515
500 598
984 422
600 849
120 300
111 130
741 44
809 571
467 64
184 186
843 292
572 98
826 534
831 835
909 123
425 853
759 953
874 804
961 677
203 18
763 987
344 373
428 128
688 372
310 925
983 266
699 235
254 712
470 187
897 151
432 172
790 807
318 677
341 512
237 515
544 473
323 192
343 394
25 331
309 621
677 621
425 179
997 525
518 792
816 48
336 517
107 568
417 149
746 913
175 909
406 97
110 49
171 277
498 883
717 820
140 15
38 490
302 654
708 602
634 146
75 743
421 204
980 433
987 566
364 921
408 700
666 282
393 828
877 257
333 584
530 756
99 441
409 34
352 149
133 328
667 9
460 87
150 299
607 724
886 130
199 939
808 798
229 649
813 756
931 756
478 841
421 619
185 255
221 960
982 355
777 973
683 246
776 244
774 513
973 724
449 512
389 791
415 416
676 531
274 524
977 565
573 452
512 101
760 191
465 298
31 367
415 686
748 433
788 189
334 599
47 247
892 74
112 590
213 809
272 569
920 595
440 676
612 730
919 436
900 625
241 435
197 8
245 306
422 62
961 360
723 722
620 584
9 977
632 112
90 795
865 504
281 203
420 58
920 481
991 604
438 256
401 493
302 595
8 594
864 214
610 611
329 56
69 724
249 149
579 710
621 417
140 262
330 773
246 153
19 793
991 761
846 922
923 12
209 599
456 95
386 676
989 880
571 748
242 263
697 538
286 585
296 795
641 795
895 404
345 971
40 972
153 695
331 790
202 740
566 266
967 598
536 471
587 89
398 582
538 875
578 922
874 406
594 421
961 729
981 548
649 630
118 79
756 633
991 928
659 937
53 161
796 150
726 758
204 858
496 896
446 800
9 770
197 709
938 496
239 494
97 411
274 813
330 333
178 729
398 232
392 354
704 724
827 142
368 657
908 789
393 266
940 198
54 864
952 816
703 35
361 117
913 297
436 742
656 404
174 634
368 751
81 650
246 389
736 815
288 792
164 600
203 164
301 630
235 383
993 89
907 341
358 14
641 344
429 364
728 143
272 430
10 248
393 842
789 854
482 141
109 643
372 403
880 633
526 81
611 490
814 127
517 197
75 923
744 655
203 283
777 803
104 811
38 164
723 870
26 118
923 453
889 118
81 25
316 459
357 441
497 446
756 795
466 265
3 28
831 897
456 943
268 1000
618 473
253 350
457 49
804 584
55 108
288 340
194 531
602 827
473 632
800 916
547 542
470 910
666 373
737 895
907 682
475 181
495 383
243 449
810 148
681 914
285 99
851 517
605 621
871 744
428 228
359 592
797 681
596 671
736 533
446 984
438 264
844 692
748 114
473 41
146 18
135 811
67 834
75 596
361 346
726 195
724 894
540 780
11 616
117 784
697 184
919 423
443 755
827 94
669 329
281 396
137 150
775 161
138 623
604 377
841 495
623 749
509 562
976 323
255 293
565 446
139 373
985 54
735 762
673 160
290 775
287 496
166 434
405 106
992 913
976 256
776 325
641 62
780 852
983 861
258 188
932 994
230 844
987 952
734 389
48 578
901 817
79 477
779 582
558 370
331 884
113 187
579 64
657 886
265 578
461 47
689 793
436 380
739 559
847 188
582 661
290 660
447 39
840 419
100 42
381 873
88 903
684 867
388 408
359 565
118 217
853 291
29 370
411 276
526 961
870 576
40 745
894 675
188 762
512 470
986 451
684 546
23 543
831 532
899 221
62 941
307 514
6 76
226 155
578 384
234 468
255 102
763 589
773 416
798 40
75 927
439 123
89 72
269 36
652 186
384 660
173 329
406 732
509 831
590 521
426 411
579 508
755 524
500 355
138 928
149 172
745 229
870 84
269 839
581 642
645 422
947 966
598 399
991 619
221 231
690 87
162 278
701 285
48 345
672 66
718 788
566 735
884 807
880 296
463 849
762 297
48 653
784 548
263 71
453 629
538 508
629 42
725 385
187 937
153 421
778 3
744 183
496 841
559 609
264 144
789 924
820 301
949 251
636 686
740 269
41 368
740 333
52 276
473 641
683 468
38 940
12 714
918 151
752 242
878 453
10 833
756 550
578 221
923 1000
127 859
879 132
392 928
415 475
856 906
500 909
110 11
541 669
63 139
108 508
272 62
187 308
724 648
410 512
426 879
7 147
653 103
120 9
243 422
196 717
120 21
966 38
833 904
186 235
713 897
184 511
651 814
192 112
192 499
589 906
745 845
930 485
311 769
577 194
971 131
636 982
542 22
922 437
657 736
917 668
446 215
258 444
796 175
50 440
990 384
987 845
827 215
629 868
429 100
958 321
871 241
717 873
324 760
29 677
824 760
108 387
4 102
115 903
336 528
663 391
953 801
108 685
424 513
131 806
178 5
437 797
550 286
32 935
256 250
672 977
359 577
926 825
221 812
181 747
946 978
807 293
128 914
238 451
942 773
258 252
25 805
589 273
232 359
289 1
577 55
84 520
736 74
943 949
174 416
646 415
429 779
797 449
85 263
511 891
718 692
304 739
443 186
156 688
312 4
449 324
252 467
997 662
368 345
821 57
689 873
140 860
915 987
206 884
724 684
897 106
948 565
43 172
34 94
458 708
22 130
993 727
939 717
144 150
821 853
462 557
438 853
555 894
739 926
56 903
623 339
496 92
144 549
397 161
839 833
42 639
139 726
277 661
234 437
934 288
527 944
146 743
199 69
961 204
296 712
391 477
687 737
332 587
157 911
31 286
457 634
395 491
520 657
555 600
168 127
640 645
719 451
840 538
663 867
530 117
358 335
437 923
334 143
679 765
337 445
872 794
73 671
205 81
899 168
647 866
500 80
210 892
232 862
600 956
494 351
672 532
139 951
840 978
495 640
124 423
645 819
720 743
490 642
76 95
769 250
929 826
677 684
889 524
548 570
379 675
241 133
438 556
477 182
284 803
62 144
808 1000
975 282
62 814
652 516
641 425
350 466
399 13
394 556
433 843
206 605
728 690
190 798
928 427
83 209
898 925
735 213
415 73
102 299
58 275
141 995
608 604
727 704
773 865
880 279
175 508
319 339
439 688
229 733
124 386
127 761
382 716
299 804
606 647
805 768
137 163
920 529
848 126
848 448
338 662
766 960
237 465
98 197
730 988
540 102
236 653
67 915
272 35
868 49
272 840
458 261
405 850
748 404
91 441
957 383
606 502
775 753
724 457
825 998
133 175
644 234
623 632
226 465
70 406
39 235
121 482
180 357
878 424
293 812
803 703
473 329
666 39
817 568
179 578
1000 524
539 665
202 843
392 807
198 945
957 447
38 367
184 573
461 315
332 2
675 943
554 89
424 201
640 604
469 548
636 217
941 324
855 99
906 5
573 295
210 693
393 199
613 614
222 233
482 929
349 464
836 564
237 961
752 47
481 192
733 500
644 576
420 436
761 486
822 857
577 606
656 227
227 185
43 272
437 27
37 900
113 300
135 275
934 151
709 595
272 426
91 941
506 398
372 618
779 841
749 410
1000 234
200 311
620 771
990 20
113 949
836 996
692 137
250 527
976 979
964 324
575 249
512 287
464 973
509 877
928 809
715 131
175 362
436 842
820 401
151 601
757 540
874 330
560 439
139 605
849 323
257 44
876 432
907 5
884 143
534 975
189 881
984 958
217 896
81 150
520 645
868 820
960 822
277 855
610 687
432 3
905 191
940 195
528 410
512 155
82 712
172 225
98 642
426 122
516 576
226 921
30 882
771 313
838 337
809 559
132 720
493 757
290 942
608 580
672 163
613 113
74 470
460 627
231 873
842 17
565 279
282 906
166 271
803 61
416 565
644 396
660 675
594 328
272 472
941 723
217 281
794 829
419 164
32 573
204 79
884 539
330 701
224 446
386 434
967 685
131 804
569 484
94 997
449 974
748 64
558 62
308 791
6 329
94 107
545 988
174 126
534 101
6 42
880 390
353 255
307 857
823 258
10 88
177 170
335 646
278 610
833 697
583 776
794 781
300 656
953 684
116 63
69 400
376 510
530 362
944 389
367 503
67 128
810 456
983 655
369 981
528 818
103 661
105 522
757 406
855 665
763 486
163 799
757 146
496 653
457 762
497 803
882 286
773 467
670 887
511 585
888 836
211 778
514 236
643 616
313 927
819 189
587 515
861 800
906 393
961 764
187 142
134 426
898 670
587 295
17 448
206 871
82 941
203 604
986 86
509 172
651 81
515 619
391 259
316 915
568 603
769 313
863 336
800 827
295 841
464 821
596 246
681 414
712 36
129 746
332 8
297 811
954 94
267 927
116 196
974 784
194 228
263 929
401 211
179 97
218 521
829 825
213 382
199 968
509 288
227 951
112 507
152 163
554 902
15 641
306 168
995 962
914 470
199 321
692 1
584 364
533 608
163 661
607 186
32 410
487 333
575 834
8 873
199 711
327 576
837 161
882 618
171 16
537 292
204 939
276 868
405 520
28 943
993 917
800 317
48 714
207 161
687 790
960 559
750 353
686 133
971 963
504 919
864 657
143 891
515 213
563 573
4 87
274 413
36 433
293 658
764 245
175 421
844 907
70 508
453 124
812 141
151 544
86 594
566 664
992 846
606 391
504 777
449 368
433 120
135 960
322 393
214 682
722 609
782 994
224 842
515 261
664 520
740 400
104 947
243 469
268 228
801 384
566 429
263 805
992 982
853 38
62 187
957 832
972 517
31 581
26 830
478 99
557 172
871 740
569 481
522 6
585 623
332 362
257 217
638 245
942 368
579 742
38 448
367 932
798 952
365 901
632 436
156 157
687 816
93 458
728 120
390 338
72 684
155 741
150 95
735 888
728 976
961 952
705 281
331 505
583 2
433 273
944 531
80 189
716 443
910 998
640 779
48 697
844 588
746 299
108 188
908 957
321 7
474 954
117 542
694 25
579 584
66 144
2 493
260 791
304 908
97 175
499 653
791 628
524 612
392 95
516 83
843 716
277 1
34 92
18 806
175 49
165 616
170 132
196 940
684 687
42 245
200 12
906 217
217 165
972 641
955 838
97 163
102 497
287 994
917 19
6 315
643 272
333 629
528 223
773 519
997 821
920 196
406 492
132 49
495 450
126 569
616 894
673 114
947 141
154 323
386 480
354 129
474 424
300 967
224 197
659 963
191 635
643 375
186 315
80 418
845 406
71 907
771 169
195 520
489 299
716 580
263 243
211 98
591 355
238 21
321 839
465 593
932 780
814 176
79 641
851 62
687 809
834 447
594 685
404 964
155 753
549 358
597 1000
659 681
491 359
599 148
760 702
467 69
378 527
968 280
805 953
403 399
243 297
304 126
145 876
963 279
763 979
726 180
806 7
299 575
446 159
661 700
72 116
941 804
10 562
685 73
821 582
263 365
333 15
850 961
713 176
580 520
385 139
234 866
27 326
762 218
12 317
196 816
292 461
199 288
659 805
298 816
144 472
302 277
761 400
172 714
50 87
701 630
727 985
105 373
261 985
877 327
115 55
820 444
575 895
972 506
578 20
566 825
147 197
286 997
91 511
781 297
52 250
275 283
183 563
420 972
895 51
944 354
801 914
288 417
290 528
959 813
47 311
255 660
545 468
418 766
411 501
935 812
223 60
858 898
197 95
285 872
430 680
931 912
411 749
878 228
357 508
732 675
395 677
111 828
880 494
350 295
625 720
544 646
200 515
606 363
426 83
68 435
83 88
682 927
428 291
709 992
46 931
858 551
740 449
697 340
153 787
467 202
391 968
298 320
718 54
120 498
408 842
424 985
127 829
435 696
901 996
46 629
877 996
700 598
181 388
150 803
675 576
949 692
103 316
761 659
995 27
918 131
794 225
86 250
860 893
473 985
676 54
675 746
822 753
114 201
748 124
266 535
9 708
321 52
591 508
430 723
469 729
290 74
580 548
15 910
87 438
934 846
516 991
170 49
124 213
17 937
305 51
546 111
917 64
333 900
26 486
865 431
27 903
651 20
352 562
851 852
680 379
785 139
597 173
703 1000
295 316
773 906
252 702
309 466
943 814
478 191
624 456
432 74
19 974
594 858
246 128
780 967
454 309
197 772
946 248
695 804
126 537
515 761
185 922
538 110
79 439
375 267
832 223
407 477
635 958
147 761
291 386
980 641
218 773
152 844
126 705
860 250
37 49
973 571
83 468
484 515
538 71
590 74
173 729
230 913
943 926
868 148
94 607
460 77
381 510
174 12
80 894
662 127
254 178
677 983
668 95
381 575
281 501
860 874
234 363
449 946
30 33
418 193
630 367
387 369
538 23
823 727
817 854
686 923
466 40
832 337
532 994
397 628
701 1000
639 699
889 171
668 655
154 881
511 490
486 513
289 84
884 706
730 768
209 977
638 871
759 144
598 593
796 629
184 126
472 700
489 712
537 814
126 522
642 246
743 177
420 654
314 159
631 932
231 848
20 278
717 177
818 376
56 261
64 329
303 165
484 203
220 513
462 446
933 788
128 462
465 379
859 737
125 925
705 7
61 673
896 868
82 595
933 841
828 801
679 151
434 87
560 927
69 773
80 427
924 962
13 946
153 673
892 434
448 213
292 956
633 520
85 157
203 895
691 449
172 324
725 911
885 747
460 20
383 316
864 606
190 75
652 524
230 850
507 811
478 801
718 811
828 264
389 733
370 557
275 123
650 956
423 798
611 29
578 904
766 629
781 886
881 969
501 205
78 980
663 917
684 255
242 779
99 383
669 563
26 873
548 266
374 930
247 805
980 107
680 346
101 442
594 266
692 190
81 85
355 302
870 43
459 751
494 994
657 452
965 729
915 320
431 966
737 713
798 144
559 472
237 188
641 622
45 594
234 899
288 845
348 86
421 990
39 585
101 152
929 773
147 757
559 301
144 807
203 423
268 482
301 550
609 7
355 143
111 998
122 168
185 218
977 678
67 730
206 837
456 822
274 78
735 509
788 102
59 10
765 65
144 327
856 58
985 328
26 767
412 461
557 419
494 862
631 257
406 129
104 402
317 708
787 513
608 323
400 848
927 587
602 51
586 253
381 723
885 793
772 770
738 507
472 729
913 322
441 430
713 247
647 852
172 597
672 493
810 841
193 279
342 437
924 241
172 930
277 372
328 159
168 584
474 179
373 151
258 356
456 109
933 860
987 850
925 940
756 453
119 558
962 387
191 474
976 155
847 508
547 13
62 111
717 95
993 144
560 910
429 773
421 869
683 433
571 289
502 618
524 226
357 342
6 766
468 793
399 919
168 571
209 148
484 125
83 896
813 789
486 380
908 719
19 589
34 117
162 258
192 446
525 451
641 401
593 150
613 868
279 179
978 174
734 91
550 368
878 817
598 442
744 607
220 103
41 517
750 93
21 410
913 89
201 152
895 91
544 587
915 839
162 121
141 485
980 830
25 755
64 628
674 132
776 629
580 235
397 294
184 859
729 612
578 114
125 787
49 960
757 54
291 604
677 459
745 146
482 259
587 641
934 524
861 197
374 694
848 24
607 678
119 963
104 378
346 12
535 26
945 838
4 24
862 927
155 145
379 272
729 644
969 115
930 613
151 964
547 720
486 227
783 631
602 878
18 214
531 545
658 201
992 531
223 308
410 543
367 871
682 204
616 206
193 380
728 828
802 123
261 1000
301 208
264 346
682 650
893 111
124 486
583 211
601 874
175 861
83 171
397 272
51 91
619 477
718 722
787 969
928 79
238 921
283 462
222 260
284 657
415 638
939 617
682 147
751 784
896 591
305 97
330 242
46 709
554 416
331 360
533 560
852 391
69 923
886 143
354 192
284 303
681 142
868 172
489 367
226 818
244 987
908 478
958 413
856 509
571 787
890 274
919 273
960 144
28 774
902 200
859 149
183 440
747 136
988 248
53 499
872 557
785 576
465 508
437 402
588 61
255 176
581 297
932 660
732 274
492 778
726 799
174 57
497 763
522 464
829 91
183 816
195 135
586 67
661 584
378 924
283 948
64 168
272 874
937 83
314 625
996 757
31 48
523 144
900 962
500 240
8 207
865 378
889 669
332 196
727 883
779 76
744 518
281 705
917 528
310 946
669 602
401 467
307 23
863 717
516 484
385 855
892 60
568 57
78 515
221 792
158 812
685 155
736 882
416 676
753 158
634 754
133 171
700 118
892 388
685 114
246 928
15 689
233 108
504 993
890 111
956 632
709 793
922 420
407 150
945 518
221 631
993 160
895 99
847 641
53 868
712 45
548 675
74 767
408 456
604 38
757 863
860 943
258 851
761 962
188 260
764 943
553 708
356 529
186 282
718 481
930 987
129 263
124 329
252 897
811 403
150 326
838 486
416 20
256 825
636 394
617 858
730 516
509 190
253 168
821 764
940 218
163 225
536 743
11 593
603 976
18 107
291 722
986 14
513 65
463 201
636 903
813 542
838 721
346 618
574 560
380 322
360 939
397 749
34 134
83 871
26 944
78 97
239 69
691 660
854 393
276 483
124 746
577 185
308 720
504 727
943 457
504 960
686 658
365 508
167 861
525 306
652 849
185 328
124 141
832 597
828 368
861 264
225 400
952 440
13 207
598 893
547 994
919 37
414 69
854 748
343 31
992 165
499 291
936 546
138 701
867 735
46 567
773 740
228 426
59 187
846 365
962 439
451 302
575 175
139 290
178 626
467 214
423 888
773 345
711 473
457 681
433 512
496 78
153 671
896 383
37 8
711 110
78 507
57 446
423 763
700 959
780 119
573 307
744 888
152 821
440 573
884 97
716 188
440 303
136 155
496 866
726 11
380 4
573 656
391 643
711 958
490 349
324 407
285 957
356 396
663 103
676 310
537 563
521 191
481 680
874 205
788 212
490 127
686 709
427 68
897 584
361 637
295 322
429 921
143 253
150 46
167 215
241 1000
698 920
92 897
32 169
507 606
912 855
136 665
39 974
333 643
207 836
462 360
170 544
96 585
161 338
578 340
946 823
350 407
813 983
114 34
64 764
214 909
660 16
258 467
531 885
137 225
531 315
597 970
989 370
840 586
288 948
395 229
222 625
465 487
461 469
170 477
581 470
780 918
635 744
312 375
650 933
394 793
886 758
38 652
604 547
586 984
746 577
344 194
205 293
279 327
844 255
531 196
536 367
708 174
411 362
445 267
201 954
456 818
496 575
723 993
576 510
609 769
507 164
788 667
447 964
929 981
859 19
155 284
449 739
185 777
46 515
467 887
321 395
103 743
191 185
980 283
518 657
222 594
686 511
477 395
127 203
521 94
404 160
198 456
474 469
190 587
827 21
477 502
525 453
60 633
765 574
963 169
527 409
538 975
273 553
107 549
434 895
993 178
417 454
182 643
218 487
452 882
913 213
221 247
710 513
128 117
459 581
732 576
511 207
231 582
486 764
649 24
601 850
307 944
871 108
993 340
209 525
443 423
523 519
99 588
87 149
768 194
411 987
37 117
554 399
532 445
352 139
97 756
199 190
973 441
686 350
540 410
821 499
538 954
727 700
403 819
886 579
862 337
890 258
15 942
996 933
176 662
869 104
86 166
670 749
933 396
945 735
262 570
387 562
51 441
459 480
523 903
707 193
178 668
654 285
950 51
530 207
744 710
676 727
167 978
706 336
161 196
416 443
473 791
881 781
831 232
48 82
1000 832
826 930
853 31
404 708
262 105
968 74
682 344
805 963
227 877
315 338
397 316
201 477
814 417
72 738
772 145
658 187
675 68
60 247
930 413
168 285
613 541
308 214
601 333
106 51
929 363
559 906
107 26
914 984
991 100
937 518
470 464
296 540
188 730
258 378
679 704
442 985
264 552
126 472
429 184
764 953
776 167
16 181
98 964
340 358
878 768
68 63
607 377
55 814
904 655
46 382
551 911
187 176
297 538
45 172
490 815
87 145
612 651
939 684
584 54
986 356
832 364
162 427
582 259
364 171
158 912
688 376
863 226
584 504
735 94
535 312
768 114
563 540
986 851
706 973
680 283
262 187
550 784
148 247
174 43
437 98
720 311
417 911
102 351
852 43
786 395
883 124
803 858
763 990
429 786
145 569
290 480
198 967
276 484
59 293
518 585
4 249
489 675
874 565
957 466
650 204
138 246
410 609
754 246
613 605
27 967
56 554
560 460
686 21
99 386
887 529
695 872
9 791
989 782
686 628
111 367
107 980
535 682
59 395
91 18
35 79
781 856
672 545
195 903
860 808
300 873
352 487
119 76
117 841
799 874
814 379
566 878
954 276
431 539
131 953
152 712
949 379
795 968
399 828
851 396
699 51
637 557
597 292
53 687
628 868
129 936
568 113
94 905
181 629
230 790
15 623
827 828
987 94
834 858
618 644
294 742
751 718
495 665
906 729
541 866
359 965
1000 2
491 778
301 489
123 739
851 259
267 656
961 765
754 690
105 646
439 961
945 732
633 185
394 725
705 811
270 669
752 300
697 109
591 614
337 677
584 854
120 469
529 639
669 755
266 607
374 147
849 256
727 267
898 797
194 248
443 34
22 560
919 854
781 851
700 128
704 794
978 448
428 395
63 670
220 253
22 848
96 361
446 38
207 913
334 259
493 464
437 604
731 295
424 797
190 715
642 39
161 709
936 105
911 452
256 710
266 744
722 870
747 273
19 245
410 441
434 156
132 636
1000 728
391 152
157 261
453 618
1000 417
389 856
161 643
129 130
165 492
850 277
703 428
601 750
207 407
442 837
286 769
208 223
719 419
762 345
171 250
901 215
618 851
591 532
516 583
86 259
811 634
679 955
493 730
495 327
745 854
592 330
585 952
770 176
600 10
814 391
693 335
564 191
342 708
57 828
893 450
310 987
473 33
758 755
617 193
754 143
642 574
366 355
629 806
46 813
165 836
766 416
534 488
546 812
73 340
201 829
235 782
417 335
617 469
669 985
568 887
273 779
826 250
433 523
783 889
392 449
467 847
698 646
986 40
593 233
788 803
804 373
645 951
617 876
243 457
576 915
261 715
702 415
810 55
598 12
869 141
940 165
344 181
552 458
398 444
43 632
338 90
529 945
427 444
595 974
954 777
326 821
113 105
267 214
632 259
874 213
606 9
721 960
149 280
190 343
539 256
527 604
163 840
890 512
523 6
796 755
785 473
692 73
80 191
184 210
986 22
869 714
389 395
2 189
133 965
894 98
398 490
529 484
367 672
337 421
821 312
386 1
585 49
396 258
21 10
116 615
484 932
812 520
74 363
913 714
932 418
713 494
956 730
71 620
154 73
527 407
186 625
969 205
214 528
783 880
908 773
71 548
352 927
707 507
146 77
588 391
551 64
71 160
935 219
232 731
413 4
516 342
879 883
405 920
256 827
368 982
655 827
85 241
982 587
340 493
683 328
53 527
913 103
301 380
209 568
162 672
78 501
557 924
758 239
668 856
89 732
187 535
631 887
873 775
344 44
817 218
785 128
592 47
763 697
621 792
286 976
293 88
317 209
76 289
366 823
789 560
19 410
163 302
490 376
201 10
276 347
400 406
660 706
585 496
809 639
485 794
863 755
150 666
78 993
900 209
16 331
663 488
504 702
62 814
708 53
685 250
578 49
496 499
677 963
597 220
640 460
895 110
653 872
714 796
250 927
298 725
996 11
277 794
261 541
333 533
617 780
315 456
454 354
765 365
268 998
607 805
621 335
336 673
300 353
376 548
684 168
949 967
577 826
967 125
916 308
733 128
609 60
226 230
111 750
393 664
94 618
183 538
674 283
722 981
626 93
451 818
182 548
663 941
604 939
531 579
340 84
313 216
252 662
308 861
484 544
366 705
17 38
315 876
373 690
627 268
671 763
805 351
488 645
337 150
406 248
633 636
26 887
849 643
734 46
342 396
757 255
714 102
157 312
273 764
633 963
927 773
147 947
548 802
982 333
84 993
563 209
82 186
697 202
135 505
177 811
997 390
421 410
944 668
141 304
245 639
830 950
233 138
926 411
934 767
732 452
495 517
660 512
10 969
276 111
68 863
224 111
367 41
478 311
352 219
975 138
848 347
907 174
128 412
884 888
670 535
382 4
714 17
81 442
876 345
699 323
629 594
111 269
861 723
391 887
171 154
372 311
132 528
69 169
873 297
965 94
160 767
316 283
344 297
817 510
825 622
277 532
942 250
75 454
747 398
922 16
434 527
477 25
611 22
20 406
944 60
644 459
90 539
16 388
190 540
272 138
759 109
812 449
69 746
819 701
557 799
191 162
6 944
338 587
930 8
114 364
407 299
329 322
783 680
325 130
699 238
668 571
815 911
408 87
477 201
808 297
965 587
623 713
515 606
557 16
32 98
286 271
920 549
419 600
94 620
692 834
639 730
242 580
614 590
460 349
800 942
670 715
561 852
902 639
746 557
188 946
313 795
899 835
698 416
922 777
635 327
949 651
305 298
930 415
53 499
122 428
614 586
321 109
15 545
511 267
272 757
277 677
753 172
771 396
792 133
172 48
107 284
988 960
761 662
391 724
90 225
855 234
649 517
698 64
521 559
425 742
777 897
689 455
628 698
625 627
194 152
457 896
764 184
266 589
723 208
875 969
668 128
335 265
278 939
812 109
991 187
885 700
638 19
288 1000
263 186
328 601
93 437
543 580
344 766
205 514
258 432
679 839
428 562
628 86
847 588
788 152
279 19
510 736
874 275
27 44
256 988
475 54
896 297
918 102
359 340
761 120
110 456
740 629
204 207
255 665
713 734
56 331
933 514
988 965
166 540
769 380
258 591
621 554
640 352
675 754
989 931
787 907
241 49
222 214
48 965
996 446
468 464
156 606
159 136
728 866
14 111
537 804
44 522
855 153
668 687
942 658
769 339
270 636
825 270
302 606
421 804
347 432
759 253
868 888
378 13
628 255
261 344
331 304
191 98
879 417
316 467
193 310
367 889
16 664
967 310
333 644
964 47
477 11
94 182
579 104
701 467
940 629
358 676
928 96
835 302
725 82
440 529
655 22
196 118
78 84
728 647
651 873
662 740
970 254
270 332
841 243
394 720
797 46
911 9
19 967
595 293
388 120
746 962
683 113
651 952
747 316
856 39
520 473
406 942
203 880
146 923
69 924
434 880
755 349
150 16
495 677
237 897
307 982
671 860
233 780
478 413
114 376
531 56
483 830
180 273
804 445
92 147
802 471
799 607
846 468
897 61
267 882
389 345
14 4
445 961
764 945
971 109
129 51
764 524
147 973
13 768
247 919
134 341
656 300
574 781
969 479
139 279
398 605
877 563
924 433
292 298
830 498
984 615
13 411
840 357
632 916
728 861
593 645
832 35
442 521
661 301
339 546
484 507
508 49
336 499
5 63
216 322
409 471
501 432
921 611
108 163
432 203
133 444
869 87
48 352
997 44
772 665
111 958
412 345
3 750
245 563
113 672
508 689
270 473
431 664
882 45
649 932
270 248
786 292
223 276
322 544
755 155
52 549
411 390
597 345
928 862
348 454
76 879
718 946
194 776
596 28
404 493
520 41
680 368
856 274
624 933
813 767
356 827
284 28
304 266
784 924
967 736
978 342
559 495
972 611
791 936
958 66
766 437
663 757
108 76
85 993
829 342
912 508
994 875
595 179
996 536
987 229
143 847
867 945
8 771
136 292
242 128
387 500
710 501
659 822
390 689
178 484
135 341
752 730
353 67
977 912
509 512
704 444
209 443
806 905
868 93
504 814
606 236
839 834
780 731
818 929
983 896
784 287
287 720
21 96
196 331
453 495
312 502
624 356
412 721
198 741
841 318
548 522
790 332
818 144
638 630
643 109
491 937
822 161
571 620
384 427
706 526
764 942
297 925
831 162
500 584
439 651
943 941
712 570
502 638
416 764
410 919
18 243
81 602
403 990
63 482
854 765
414 990
723 692
782 92
969 915
594 159
482 223
601 988
651 476
109 301
366 678
789 857
92 340
647 511
521 433
141 233
285 139
725 91
365 830
813 33
124 580
834 107
230 56
433 871
882 148
597 778
122 523
308 902
835 634
469 194
548 872
848 501
366 284
393 935
440 774
192 813
237 708
547 225
378 368
349 77
731 242
293 994
596 109
228 652
422 99
481 669
858 175
346 131
37 21
120 16
580 772
488 800
370 839
814 544
391 899
956 523
445 475
574 758
942 492
428 984
388 603
592 966
737 295
643 333
707 957
642 120
867 36
100 566
23 37
848 615
965 256
468 116
432 704
472 250
135 73
512 157
924 69
813 622
862 108
415 892
768 589
65 93
262 402
616 463
567 853
637 426
499 149
913 198
161 268
169 109
177 188
501 598
665 935
672 305
819 64
393 296
690 353
324 835
143 966
152 79
448 187
553 117
570 79
349 610
801 438
823 49
84 190
20 130
13 633
365 79
236 628
320 595
921 244
718 177
304 750
463 591
4 400
421 120
152 707
741 164
745 420
609 203
798 446
750 723
194 367
627 164
784 124
402 869
427 967
696 553
282 272
329 661
413 630
404 396
311 182
284 11
831 540
363 953
960 932
90 275
405 663
353 681
473 933
871 219
164 531
570 565
151 596
569 399
191 459
651 675
976 491
718 80
278 632
202 410
900 327
655 968
579 787
329 915
326 627
875 553
796 371
819 959
747 34
748 502
333 343
397 167
167 749
859 105
544 786
444 297
321 839
274 239
929 529
643 349
264 673
188 612
964 635
254 525
57 654
41 679
16 372
744 58
780 381
886 250
847 743
430 425
870 503
892 867
845 498
516 454
695 760
4 666
736 266
246 656
197 158
747 911
940 811
841 349
287 316
818 937
264 242
88 982
118 798
550 828
420 489
471 208
648 701
801 836
306 27
943 630
897 281
533 173
150 264
816 125
947 115
66 31
140 668
352 549
646 507
81 140
927 955
964 914
54 532
725 634
415 976
724 397
622 794
676 786
534 128
807 4
447 175
207 310
381 71
539 931
63 91
107 289
611 649
527 666
848 717
352 335
449 141
718 399
674 779
100 412
225 52
770 408
199 510
767 24
501 616
515 516
618 795
8 181
493 176
524 675
420 274
382 954
45 24
291 344
815 589
221 965
213 238
342 788
851 230
216 526
495 872
846 95
18 60
419 244
511 802
746 960
78 307
705 517
120 399
638 822
926 791
197 4
513 114
415 397
352 34
306 24
157 925
615 156
883 39
910 273
301 184
913 54
923 849
37 537
922 961
197 773
11 275
106 852
908 95
884 536
516 407
120 305
540 491
125 518
718 752
480 91
854 239
366 609
940 423
217 304
823 488
430 676
554 30
290 933
279 798
469 651
748 620
648 335
417 388
584 975
649 290
521 122
585 588
28 667
194 189
233 384
979 231
244 818
510 801
738 539
505 911
168 706
908 434
243 318
719 650
561 319
964 187
127 475
507 636
862 946
705 140
58 908
356 617
69 980
263 806
71 347
81 529
911 933
725 865
351 699
491 144
390 736
198 54
10 327
614 501
712 300
409 334
13 571
80 743
675 19
713 109
304 806
784 603
808 914
942 746
235 972
589 365
588 974
639 326
841 857
247 314
955 667
290 243
553 92
327 31
188 484
462 231
466 550
827 155
251 190
672 971
607 1
926 784
214 177
670 658
766 446
985 173
241 209
775 818
123 605
933 987
383 557
926 923
578 978
173 456
794 677
705 655
526 989
890 914
491 867
8 70
268 876
365 185
436 106
382 956
396 732
828 142
557 461
443 734
391 246
745 900
220 113
423 221
336 451
846 288
643 170
704 292
523 750
866 574
133 730
868 762
823 541
157 674
615 513
692 394
279 493
863 476
637 571
631 243
206 390
843 138
643 264
698 116
606 540
554 581
342 646
180 30
387 234
326 180
784 131
941 212
637 79
381 357
241 477
629 185
695 831
90 616
397 564
288 493
843 367
900 633
346 722
670 728
24 8
924 882
2 594
370 984
766 925
990 138
772 732
579 187
658 744
387 256
186 303
752 138
306 448
741 336
541 526
431 964
832 346
409 494
739 473
128 822
769 235
808 39
861 501
653 250
521 940
615 592
863 832
271 955
778 410
137 338
87 574
475 158
442 981
994 497
568 159
664 500
442 65
2 227
956 354
768 808
108 723
107 290
443 822
212 484
88 25
32 76
423 359
328 262
184 837
183 316
417 791
447 703
576 847
445 930
293 86
449 803
54 565
880 296
300 879
100 196
787 364
848 281
124 120
734 529
522 208
389 953
587 227
905 899
753 705
977 413
361 402
668 961
709 674
898 563
388 671
887 148
290 706
424 445
939 667
48 737
54 263
744 205
783 122
140 689
855 266
127 259
856 827
762 586
116 172
88 514
31 421
593 601
321 785
738 192
837 693
746 885
318 625
482 615
989 876
633 467
397 630
722 175
423 171
745 119
298 276
79 993
715 379
870 797
455 207
514 623
10 865
997 2
434 663
91 827
781 891
847 878
583 375
494 769
654 79
329 966
610 557
337 4
832 933
110 695
376 452
160 32
957 744
934 664
506 207
898 285
171 837
745 696
460 501
333 709
319 464
861 292
291 142
585 227
497 83
26 256
591 934
606 379
376 766
515 762
979 564
660 957
431 959
726 911
186 118
400 226
756 24
387 904
837 798
247 789
792 173
314 966
234 900
717 68
742 167
144 47
168 297
888 564
37 152
880 902
995 869
28 425
757 197
831 951
608 902
838 289
410 439
882 290
686 764
278 499
860 803
392 101
670 56
686 355
766 185
567 8
926 986
415 701
739 763
779 546
766 344
744 698
5 138
985 823
986 643
692 346
613 663
810 699
334 588
606 383
466 674
894 918
164 327
58 28
322 18
935 759
774 511
113 599
675 596
312 790
617 385
218 522
138 311
382 225
707 673
114 522
592 52
205 880
896 545
894 669
7 535
626 492
146 866
508 32
613 827
402 216
376 773
667 816
645 248
587 297
947 317
89 291
88 472
385 317
944 863
138 750
528 377
86 386
959 725
1000 335
211 45
381 391
690 805
694 545
149 643
6 570
366 791
827 306
363 186
612 408
14 104
408 891
882 230
902 580
112 381
68 282
749 432
146 543
986 994
230 116
779 717
404 647
716 599
316 528
622 327
360 488
558 189
577 33
760 672
414 735
305 302
613 389
982 587
784 88
387 122
386 251
919 191
589 82
281 555
986 81
277 901
506 895
671 954
798 973
139 890
633 514
715 569
579 432
534 149
97 422
799 449
919 505
287 671
499 776
158 201
534 547
523 911
40 11
101 525
915 229
897 360
92 919
7 800
246 216
513 491
84 48
396 874
42 709
916 23
765 937
919 302
889 202
97 932
97 853
104 193
597 698
955 544
147 497
840 140
826 640
958 320
626 233
831 263
76 698
873 922
150 112
998 495
515 216
356 708
400 795
949 564
828 346
610 524
161 834
481 269
708 519
535 655
320 38
274 408
150 881
733 822
733 479
144 407
261 663
478 233
94 995
155 910
808 367
282 422
521 212
380 320
635 363
397 683
70 792
695 487
835 499
428 333
542 331
295 483
557 572
2 823
646 541
301 480
526 285
626 640
30 751
363 595
401 268
706 918
690 803
925 670
531 241
727 487
140 127
837 676
886 843
282 103
270 649
371 734
410 904
150 252
944 147
503 96
393 471
454 436
872 366
189 69
2 796
733 193
614 50
360 196
703 367
435 664
758 279
918 424
574 500
199 54
405 757
629 459
708 129
338 233
968 474
370 761
82 396
220 934
103 802
674 791
703 998
51 12
691 135
359 562
843 95
118 574
410 296
267 411
433 153
650 141
430 722
405 192
14 707
313 779
12 998
997 25
461 118
504 437
600 432
659 877
687 239
951 53
700 357
208 664
21 571
739 925
530 550
712 456
186 373
568 689
788 942
307 367
525 425
18 694
961 859
90 714
882 881
322 697
983 974
684 880
486 252
825 745
179 929
476 882
69 578
524 50
504 239
536 519
906 358
862 37
163 227
299 166
264 208
219 375
60 722
413 354
154 934
990 850
986 43
61 581
678 75
520 638
560 157
779 700
381 756
871 894
587 777
150 948
726 244
292 490
498 402
829 601
50 324
517 607
590 469
606 234
942 703
346 931
784 761
839 408
175 12
116 1000
673 79
605 619
215 247
843 644
673 307
100 836
554 889
761 519
654 531
353 724
118 768
649 592
180 844
901 612
895 785
372 646
345 733
121 631
89 96
529 616
72 239
802 513
630 89
649 451
979 555
120 540
560 675
349 490
814 887
986 247
417 349
102 436
246 542
831 86
21 264
152 257
777 749
943 9
992 343
104 250
546 760
104 935
412 995
181 414
639 444
494 161
544 485
392 732
183 198
718 455
731 296
225 373
104 644
187 322
859 278
304 383
214 474
738 181
312 563
777 723
418 628
20 229
390 116
742 294
199 102
148 570
215 213
417 958
776 505
687 887
562 44
783 564
301 690
315 711
537 519
817 652
544 174
836 288
940 47
153 107
940 293
364 306
973 192
196 806
475 919
428 157
512 319
529 304
586 145
940 233
306 626
811 962
428 558
110 555
385 208
457 752
718 954
829 534
76 14
483 749
75 123
586 633
615 269
534 207
342 693
562 488
953 918
869 560
800 178
377 981
494 327
765 854
91 151
526 672
850 310
609 234
428 397
241 750
247 391
646 52
131 904
731 75
993 72
378 351
935 868
857 37
763 475
23 802
652 753
897 132
359 512
521 9
264 988
4 406
408 152
34 976
379 675
508 578
816 488
302 222
262 233
927 540
198 453
814 360
322 825
641 359
923 189
768 650
250 907
518 314
413 434
39 927
913 315
382 801
742 219
613 550
274 514
924 60
485 740
81 770
394 407
246 278
195 22
691 638
923 551
230 305
795 60
798 626
177 215
288 761
678 899
922 953
32 884
239 989
895 395
802 23
588 249
84 216
780 456
993 605
483 963
171 464
703 124
366 426
616 897
705 769
160 701
436 87
228 151
355 402
718 235
913 682
312 116
322 735
596 131
339 177
270 289
197 22
584 627
153 649
107 863
702 898
769 953
910 423
141 198
3 965
391 529
65 295
285 344
706 320
382 660
430 686
455 753
436 863
523 283
563 967
372 74
695 494
595 249
184 934
979 444
882 410
664 464
617 590
414 290
24 175
272 882
562 436
30 988
759 783
242 261
763 492
68 491
513 636
329 839
66 614
1000 955
763 362
562 555
2 94
105 384
842 948
253 605
962 15
816 699
82 950
348 976
318 752
179 63
697 447
8 706
159 62
331 730
77 50
277 438
523 664
874 604
13 534
587 594
876 253
41 954
178 161
146 404
238 456
967 482
761 141
43 669
912 724
349 170
481 384
576 44
550 516
813 381
332 74
953 790
515 678
983 486
185 872
789 871
387 714
438 995
611 955
835 691
539 251
179 939
360 340
447 161
550 817
196 736
459 606
779 215
747 421
661 333
836 479
987 834
582 68
477 946
215 248
642 453
187 665
332 987
673 871
793 873
391 918
548 891
865 698
747 621
302 222
332 832
902 823
68 321
629 532
186 733
212 282
968 485
445 390
544 364
338 511
754 726
773 82
211 917
715 36
177 852
326 495
497 130
657 146
305 282
983 826
442 993
77 953
476 915
196 543
755 456
104 714
67 397
620 17
936 916
551 863
373 806
42 418
577 349
380 622
821 501
158 339
68 380
377 588
404 539
83 603
803 587
183 49
624 899
767 353
336 878
547 619
940 214
97 343
715 643
218 640
255 188
946 978
317 43
532 125
115 20
842 209
632 948
805 477
111 99
284 453
975 902
255 917
166 856
148 781
468 470
196 984
327 525
131 651
532 754
809 675
515 584
982 292
366 12
855 815
585 915
753 748
852 786
859 62
209 38
103 328
973 532
544 850
755 385
624 826
569 356
416 447
399 408
106 866
180 208
197 551
446 929
330 891
318 35
240 842
597 824
808 177
113 721
775 524
620 356
222 683
231 252
301 313
342 29
715 637
744 7
614 847
929 396
441 222
980 280
398 852
360 246
886 435
889 158
858 910
784 444
296 512
390 778
607 274
817 854
914 591
580 787
293 535
834 394
751 211
431 46
52 705
307 914
96 913
204 741
557 155
56 737
349 565
307 174
747 74
337 813
405 492
273 48
34 376
449 789
315 865
886 818
762 240
518 188
586 500
437 398
505 63
600 835
966 705
480 307
869 945
727 569
525 321
177 499
541 778
796 377
321 815
522 609
809 503
398 875
732 1
811 325
982 741
273 984
314 759
474 546
281 331
964 12
65 667
789 266
850 935
782 64
600 825
521 253
864 809
981 595
635 563
702 780
646 167
227 878
286 10
666 809
340 839
224 792
966 225
409 856
944 181
247 48
29 219
18 760
567 825
19 230
436 177
509 2
122 532
6 818
642 765
742 231
508 661
394 933
501 875
487 943
940 209
157 592
721 398
586 61
778 958
149 897
72 419
252 222
141 121
122 984
227 526
756 825
797 1
898 331
109 764
361 51
510 821
23 864
975 706
824 515
297 413
909 525
447 317
63 166
885 345
511 199
29 227
538 560
503 909
339 123
939 536
247 778
965 252
918 621
613 884
497 642
283 731
673 276
554 494
699 245
569 353
163 858
540 601
742 24
233 215
83 644
710 192
280 306
386 435
589 173
952 593
332 194
217 157
603 611
431 360
18 790
581 697
544 83
784 98
452 977
667 959
162 623
292 638
393 749
15 939
78 449
370 26
800 906
598 550
152 237
557 829
312 301
995 873
641 925
124 170
717 376
636 938
588 833
425 558
464 52
121 763
203 80
866 396
583 849
804 29
272 870
267 373
251 104
502 403
68 585
984 202
327 947
161 964
923 911
735 597
878 277
592 575
550 558
591 645
429 450
310 997
855 796
248 73
806 300
829 685
794 204
975 994
331 770
2 844
871 712
876 112
1000 997
812 493
418 711
130 107
811 170
473 185
213 864
166 739
340 385
59 273
381 545
751 717
871 25
172 845
234 17
944 834
178 204
483 979
145 946
584 449
877 433
12 821
235 731
362 697
328 6
584 44
199 941
914 538
291 79
847 651
17 718
63 597
237 531
67 46
771 956
607 263
261 274
548 361
858 862
916 587
566 202
589 959
308 837
109 603
980 472
572 685
440 819
687 115
758 24
347 188
312 77
51 25
784 27
938 508
539 582
200 126
628 739
741 947
632 872
645 886
241 115
367 398
148 275
94 478
340 801
337 525
515 949
604 369
663 747
311 61
856 476
854 682
322 388
494 906
315 133
259 254
881 251
225 986
138 574
590 153
623 722
625 325
45 626
225 779
856 129
771 891
643 601
249 552
364 937
807 600
869 770
104 130
753 707
131 108
710 943
200 579
831 311
232 596
700 256
204 941
261 294
578 123
101 45
592 208
947 145
704 600
202 255
297 985
22 697
369 702
819 766
176 408
801 521
202 709
107 515
826 409
557 266
410 120
988 137
413 724
190 291
748 205
600 25
156 196
574 577
863 994
478 660
964 154
603 800
396 900
119 905
296 889
20 572
376 73
70 455
486 439
876 765
933 195
518 572
22 954
35 225
855 532
555 184
38 364
347 360
438 125
763 713
332 660
482 55
618 299
699 351
730 686
393 179
818 196
264 247
465 833
303 762
631 37
299 919
29 863
413 537
727 395
736 52
242 88
503 307
427 447
236 544
596 966
583 665
86 216
991 603
196 387
721 794
852 748
993 646
509 129
829 802
270 866
345 41
897 719
770 307
776 82
519 707
844 730
903 644
579 759
110 403
851 958
178 396
148 817
770 227
655 580
253 188
803 359
226 460
991 344
231 788
258 534
633 118
462 6
71 449
509 797
82 612
834 761
619 115
816 116
498 176
900 743
467 624
839 467
823 774
879 837
941 782
16 547
998 864
208 788
641 773
246 987
580 648
496 411
315 284
432 691
20 366
889 627
506 8
905 158
912 905
343 903
925 895
106 902
541 900
608 429
687 42
318 214
446 154
25 105
824 308
346 969
589 563
47 686
888 379
625 731
747 508
322 934
700 696
757 985
742 706
153 389
513 734
997 802
355 92
256 710
731 571
724 238
674 843
39 308
530 218
835 430
554 130
189 965
581 994
501 38
95 767
911 79
816 366
880 317
760 864
392 744
522 984
881 895
953 196
81 960
333 809
487 309
727 666
218 314
191 803
44 497
501 146
937 97
243 613
589 54
353 885
534 696
246 269
331 287
470 224
68 221
891 595
481 15
527 492
33 150
555 205
889 187
692 355
586 917
233 53
478 557
761 43
968 810
248 100
726 465
423 416
795 479
328 767
354 950
768 686
919 46
630 622
817 174
393 338
462 506
195 577
296 229
362 22
727 42
770 715
565 547
517 109
103 133
599 644
893 239
791 663
387 205
81 351
159 516
269 377
426 156
251 530
706 921
931 562
714 507
838 996
827 698
106 602
175 66
787 861
225 465
583 11
690 376
615 813
928 545
192 846
481 937
692 376
695 803
218 151
376 53
805 189
291 18
614 771
620 658
433 868
116 817
577 747
694 967
937 731
375 198
221 44
492 476
685 515
907 800
513 258
215 669
637 566
558 423
522 401
227 423
397 545
630 459
550 860
448 751
953 321
765 579
723 59
200 916
906 259
706 122
369 485
669 133
453 458
544 928
598 192
615 326
894 328
833 431
145 635
747 15
463 53
815 183
328 87
21 689
822 134
860 652
789 616
641 577
731 941
208 404
987 414
238 99
774 367
474 327
530 133
576 963
499 72
181 758
424 309
325 666
504 686
82 934
826 184
3 665
483 559
656 762
104 421
9 678
480 441
655 45
108 922
496 620
565 445
433 491
379 806
546 555
201 505
497 367
109 857
380 249
345 241
42 762
202 101
241 338
834 389
824 637
684 327
129 958
105 645
242 61
608 1
186 66
318 675
597 168
570 896
196 327
2 336
955 211
856 9
244 324
649 126
210 800
163 202
664 521
808 277
986 18
425 671
217 975
437 489
108 665
749 411
806 997
643 717
924 847
718 258
72 884
374 885
210 582
919 639
276 846
912 97
634 742
853 615
474 317
565 70
951 568
66 733
673 321
156 133
249 442
112 25
387 30
637 114
105 656
898 556
454 729
544 188
48 984
750 240
219 899
767 834
931 181
578 208
936 111
229 823
807 462
23 822
786 449
247 794
174 354
454 856
804 418
452 34
876 743
301 789
788 706
726 538
507 963
474 417
159 39
177 913
320 182
740 182
281 978
905 192
488 113
545 617
843 76
141 277
649 588
709 363
979 739
294 85
58 920
351 404
424 500
57 273
409 190
540 930
788 207
663 537
462 604
235 611
55 31
960 48
151 320
41 775
350 278
489 170
190 557
241 959
19 323
648 265
991 285
18 7
905 594
199 223
207 570
902 92
609 261
215 38
399 728
696 956
987 466
832 303
77 832
552 220
481 393
384 408
978 414
301 242
982 796
954 644
44 140
835 450
154 424
56 955
784 286
178 347
523 95
717 171
172 396
238 116
724 719
976 898
827 456
935 484
207 620
56 291
506 395
557 176
236 114
981 322
518 427
538 672
332 547
673 300
878 879
984 94
739 319
945 587
380 791
237 368
300 412
240 263
222 14
898 545
106 556
537 743
837 895
119 651
525 143
964 907
548 301
731 673
497 547
151 107
30 712
850 660
591 767
961 526
980 491
61 19
564 581
110 617
452 580
808 294
485 288
539 959
303 321
955 289
194 195
629 569
453 922
890 478
104 634
858 720
792 623
650 194
927 307
856 360
476 908
442 557
101 600
669 418
704 456
998 176
871 754
289 952
203 70
318 378
91 347
32 429
135 104
882 897
6 377
973 405
44 88
917 122
831 913
620 460
230 483
98 56
320 112
883 49
778 129
948 30
897 161
636 576
248 177
187 751
8 69
889 221
553 936
780 189
330 691
739 164
129 161
471 854
133 234
484 214
223 510
303 278
996 462
243 63
116 920
600 715
315 493
852 620
289 367
840 666
232 997
524 215
458 464
816 955
539 675
21 402
688 374
413 913
910 818
848 152
624 93
724 470
16 74
646 943
148 201
790 292
295 264
573 826
435 581
30 330
711 183
197 213
408 793
659 971
250 840
284 500
389 768
397 895
560 448
192 193
917 997
421 55
248 201
122 476
506 485
102 180
734 596
926 478
613 954
325 982
500 859
303 516
644 960
753 180
280 324
813 245
63 602
319 376
720 687
541 926
42 752
947 464
254 233
805 909
675 287
115 344
981 397
289 613
751 148
78 818
190 844
63 521
997 632
65 288
33 226
480 337
569 40
905 297
263 915
619 713
45 958
726 925
28 494
386 859
698 604
765 897
493 131
32 287
543 330
803 579
482 186
651 194
938 853
584 587
194 887
489 83
125 108
88 971
377 30
143 656
370 593
223 565
505 331
306 950
657 790
744 474
610 154
842 357
511 240
635 730
136 463
269 642
483 954
954 364
446 771
725 99
680 571
322 252
660 137
166 451
671 292
735 764
805 378
472 218
836 911
619 516
294 319
227 201
734 166
701 386
129 130
179 614
462 234
698 959
382 724
515 134
866 407
42 865
527 797
407 121
37 841
915 603
582 233
704 709
445 938
528 679
190 454
908 150
544 701
263 407
504 738
439 978
981 919
680 691
6 996
64 359
101 10
55 535
359 653
952 115
231 818
595 855
687 484
721 217
933 260
188 20
789 243
52 202
282 142
710 196
186 367
543 503
971 466
863 737
34 629
230 58
652 352
530 177
413 18
560 773
198 969
141 963
162 929
235 196
169 426
436 733
318 831
768 804
793 232
272 682
196 589
89 228
173 171
694 404
254 421
722 962
150 127
600 955
683 227
948 753
531 957
550 175
274 936
257 536
863 707
371 119
395 653
871 427
45 736
771 185
324 390
225 889
827 174
320 92
324 937
327 797
304 677
708 158
413 43
893 965
863 841
847 682
113 604
422 297
172 511
139 828
148 723
929 835
899 99
398 716
68 532
904 778
560 481
978 951
654 766
445 349
549 916
278 842
551 201
811 441
362 835
818 333
727 829
220 784
617 364
288 637
769 979
467 30
433 696
245 148
711 19
917 634
635 833
108 798
482 155
756 449
47 62
152 253
967 216
688 686
40 657
277 96
169 703
826 883
910 691
756 681
774 447
506 178
19 330
419 626
772 439
828 743
232 241
31 701
725 444
222 436
803 752
717 521
312 869
159 329
429 852
561 867
59 47
335 567
664 317
825 631
749 59
729 552
6 976
357 338
689 828
260 308
580 781
614 563
953 517
658 962
824 400
301 620
840 663
839 919
279 51
517 799
288 112
732 815
880 237
289 951
886 847
591 638
42 368
741 481
820 644
23 858
124 991
8 428
825 965
920 400
19 270
830 513
896 231
176 253
660 973
727 510
850 135
471 722
341 26
718 799
585 85
869 130
479 214
52 624
691 547
386 656
782 444
228 322
391 346
680 18
382 415
392 963
846 167
451 54
91 819
655 213
775 160
973 507
671 997
841 370
884 361
396 375
698 378
418 819
888 346
283 165
775 378
704 477
784 544
445 90
479 175
305 308
146 691
99 4
264 765
416 277
914 897
910 161
93 291
203 941
519 97
744 25
375 922
894 515
600 858
10 897
615 729
824 216
828 549
898 331
274 218
237 350
796 850
345 29
402 381
738 48
117 495
372 733
782 815
861 166
176 33
355 248
54 814
845 931
467 691
454 338
669 184
694 339
415 534
660 632
40 535
984 775
291 896
566 711
948 506
168 444
67 433
715 640
349 531
617 365
93 416
275 748
261 860
829 561
947 69
742 595
443 727
228 84
635 705
459 421
103 920
430 320
861 110
608 427
544 773
692 51
723 25
731 201
335 239
147 640
448 681
307 555
342 118
462 307
466 474
892 71
817 330
892 575
328 915
563 937
303 563
459 646
209 239
868 170
777 969
252 439
655 938
485 794
3 116
845 118
850 26
919 323
806 627
944 445
455 700
185 639
501 936
127 290
896 326
655 55
526 265
701 213
146 496
639 548
338 84
922 876
44 502
591 149
529 952
145 682
348 554
570 32
543 257
854 911
818 733
981 982
955 33
364 385
832 445
977 706
493 745
70 38
346 956
880 930
796 419
53 325
9 526
345 691
789 602
281 553
196 710
694 21
383 393
633 561
597 538
212 907
508 94
157 716
49 500
456 905
246 719
495 983
909 474
704 397
258 286
423 945
114 68
108 997
193 827
925 601
461 420
892 30
397 978
944 294
458 746
680 98
328 579
526 299
334 420
58 568
895 132
338 91
960 205
941 283
325 998
784 553
931 63
965 148
931 609
359 863
705 218
388 41
813 313
148 861
29 90
866 590
736 426
886 131
970 570
586 596
878 918
952 475
52 660
755 565
49 942
105 956
623 528
716 855
898 831
398 261
523 770
76 811
308 716
545 928
321 120
83 404
204 986
230 839
234 100
183 559
203 520
81 26
35 482
112 798
676 325
847 702
591 629
568 20
413 431
127 41
410 145
318 372
125 341
440 853
322 517
964 646
858 825
529 565
6 503
450 994
624 375
882 717
623 956
812 14
470 526
695 592
399 28
594 373
324 240
499 117
140 84
894 150
576 96
658 96
916 860
511 1
284 761
970 55
88 374
236 103
692 317
703 68
328 663
434 412
892 20
697 704
4 622
686 833
252 94
317 492
551 655
390 955
35 297
884 748
433 83
547 548
669 562
363 557
936 897
301 709
768 196
12 275
442 65
459 267
77 979
611 345
123 100
976 440
380 216
6 519
821 267
737 128
132 210
431 185
894 88
184 751
886 574
733 226
516 574
920 231
213 932
698 397
346 264
943 172
548 455
397 909
76 987
485 851
168 650
884 996
455 388
132 256
889 548
479 627
431 726
611 670
217 814
122 845
865 240
631 89
880 198
768 393
228 121
77 691
529 336
381 249
974 443
891 681
295 399
842 605
360 524
27 974
977 744
669 314
230 535
104 543
430 107
922 605
10 887
530 136
280 775
901 503
767 438
799 266
148 276
521 60
714 686
694 384
346 123
503 274
789 95
448 322
730 944
826 363
101 919
863 683
466 510
175 667
222 970
267 631
402 625
648 756
726 618
508 940
508 215
55 987
827 830
502 380
67 907
921 80
158 138
121 831
99 354
201 974
971 813
3 836
531 967
484 426
836 715
956 729
240 232
894 247
132 574
460 226
222 86
550 838
531 683
940 427
847 203
219 627
860 225
884 287
43 500
453 972
704 884
930 369
169 480
739 700
509 867
994 9
98 612
762 20
801 563
899 685
542 577
268 440
340 889
634 383
448 519
426 848
252 691
700 961
758 97
159 498
538 398
864 235
279 407
225 289
327 516
321 658
407 285
404 837
950 523
826 277
993 674
811 773
141 386
111 957
973 968
695 508
167 348
42 869
992 21
380 426
450 377
393 834
665 635
367 500
334 479
800 778
466 917
282 505
992 877
301 511
127 343
157 959
402 651
113 454
966 705
347 40
528 189
911 901
191 538
65 940
2 559
582 235
798 562
808 925
893 193
330 697
872 427
225 473
644 23
333 110
934 160
454 852
420 642
560 339
530 956
632 738
275 700
963 441
246 799
786 6
240 403
947 399
39 855
880 750
60 885
496 165
503 184
914 733
429 678
265 809
469 749
227 823
320 151
279 54
819 840
966 540
190 971
788 956
465 146
885 833
269 609
239 456
317 734
559 37
115 562
3 580
325 462
616 21
774 173
6 409
964 581
595 76
409 667
792 52
275 831
305 738
325 1000
107 176
774 558
174 297
522 939
161 352
208 966
197 312
916 132
203 978
97 754
702 276
950 220
172 460
198 985
79 752
281 900
550 840
529 704
628 71
318 476
276 937
365 773
571 104
233 342
770 456
894 546
502 607
124 187
980 66
99 606
891 397
284 365
519 127
473 201
523 372
284 370
832 623
980 824
970 298
329 435
431 342
64 88
425 577
707 118
281 419
135 401
94 689
56 44
346 639
624 203
382 463
454 815
692 379
295 967
839 872
48 90
831 97
905 92
561 343
263 77
202 121
353 526
324 777
807 496
356 416
799 99
50 56
99 769
341 489
545 173
110 794
186 804
771 149
626 597
546 392
60 963
32 718
713 776
453 921
262 898
168 330
439 857
243 378
786 450
978 483
210 809
446 867
182 555
300 714
45 534
42 441
330 350
719 739
817 400
23 579
538 105
879 799
282 365
602 651
703 792
293 783
460 526
739 145
564 323
28 116
422 610
249 369
107 584
174 364
513 990
133 405
548 222
707 161
483 347
130 695
598 831
318 396
710 200
653 516
782 338
495 549
604 810
782 448
552 822
1 737
149 939
723 466
279 731
883 676
313 398
395 62
758 586
782 195
413 532
23 576
852 411
209 10
78 598
858 690
832 298
550 339
741 282
695 932
530 139
93 1000
139 272
908 330
927 787
582 327
67 827
401 343
132 768
319 860
58 288
350 332
661 244
455 841
957 389
90 897
730 135
578 224
26 56
253 618
634 542
355 705
784 221
116 870
325 455
885 577
410 888
835 64
492 802
687 1
573 801
982 55
907 9
74 453
680 387
747 559
56 954
847 683
769 8
9 512
283 395
922 625
867 274
243 900
768 172
410 811
61 558
244 941
318 230
802 776
314 689
420 95
74 164
740 775
957 55
689 916
333 98
880 236
281 184
348 309
699 640
386 104
140 135
603 435
714 698
212 235
338 826
866 985
647 512
975 383
362 257
289 367
605 73
70 218
942 957
954 414
315 768
475 394
565 24
91 940
914 497
910 672
161 532
746 585
195 459
737 840
501 257
685 7
790 760
980 915
981 892
972 687
70 884
744 742
720 128
33 310
193 41
700 891
724 789
661 305
55 786
486 244
867 175
973 876
838 148
98 43
766 85
934 255
356 348
832 494
356 538
562 743
77 79
99 548
941 573
629 705
504 252
167 110
420 742
44 516
15 110
25 1000
90 673
292 943
538 927
535 143
679 392
349 387
827 439
426 337
937 426
142 109
959 406
697 152
355 252
125 241
960 248
894 387
841 669
40 345
857 890
290 645
178 598
152 411
398 406
653 547
611 180
440 307
897 632
240 89
217 344
592 253
540 239
352 515
690 233
613 475
384 262
772 796
529 478
841 895
471 385
98 381
815 774
490 573
528 10
974 593
985 110
919 545
316 772
387 142
740 537
754 941
356 676
947 203
334 401
566 472
926 692
586 579
352 801
335 365
630 823
798 55
110 780
594 886
287 886
681 144
259 67
121 317
578 169
932 33
134 228
768 907
949 468
798 760
106 862
474 972
460 640
911 636
921 589
655 278
209 416
444 708
951 617
888 556
748 771
796 438
28 888
380 814
455 254
583 369
473 675
725 289
374 439
310 398
71 973
147 660
143 617
329 272
464 434
410 905
800 859
836 196
72 94
178 300
725 981
179 201
313 402
272 741
509 225
839 104
387 278
870 68
614 146
851 148
46 899
632 160
13 169
628 923
206 833
977 847
80 539
687 334
796 211
135 652
576 660
906 832
105 520
672 805
503 270
942 233
941 958
1000 193
5 545
727 565
206 716
864 283
515 152
1000 248
473 776
309 380
944 550
373 846
684 606
189 144
667 393
196 670
316 194
270 706
720 571
752 35
567 209
741 911
748 683
114 901
755 392
691 43
104 508
683 205
443 802
992 885
687 676
650 88
637 761
201 536
201 460
881 238
73 991
732 469
879 643
901 939
512 491
928 972
63 493
425 602
629 315
536 762
260 805
353 426
722 790
871 784
880 866
152 23
346 471
689 702
75 314
164 266
502 188
601 405
429 477
830 822
545 7
486 112
809 815
632 222
359 352
557 858
12 398
754 842
888 949
808 787
641 443
123 637
180 421
193 369
13 910
584 177
447 675
460 674
878 47
748 26
457 433
744 484
482 573
952 221
444 599
485 366
263 970
330 644
236 29
591 395
106 179
299 263
490 733
853 263
682 143
435 332
433 18
760 557
55 469
283 558
745 130
556 788
550 637
425 721
365 681
372 979
221 525
98 495
291 163
943 967
716 625
757 184
273 635
315 971
38 15
973 402
344 566
289 169
752 575
842 540
246 981
980 991
355 879
8 580
840 219
152 1000
73 450
788 373
579 371
970 264
814 379
450 540
470 974
550 851
638 262
430 610
419 879
441 423
297 761
418 220
320 895
557 912
220 702
534 710
971 10
567 173
915 341
399 385
464 100
775 596
398 826
295 380
615 340
662 850
183 9
849 441
371 190
22 264
636 604
929 150
704 147
10 146
992 471
225 877
804 990
385 10
824 804
538 152
815 928
160 760
568 269
688 101
477 147
331 728
107 553
91 255
876 391
217 473
518 791
216 255
411 865
632 9
193 740
967 42
238 829
254 463
344 286
710 895
965 250
617 561
352 995
840 24
762 235
782 23
347 530
176 705
217 559
226 823
90 638
438 620
229 96
53 776
559 325
734 783
723 732
131 864
859 467
87 724
534 715
742 100
718 453
454 406
22 849
668 151
723 624
655 334
845 434
621 820
343 644
336 554
820 679
804 141
631 399
213 552
488 229
929 827
951 817
867 357
637 422
530 817
377 925
463 835
806 900
669 37
730 227
548 36
34 684
813 962
859 170
330 716
51 857
71 745
251 351
264 765
305 954
910 614
922 64
157 499
526 708
335 11
738 740
169 778
296 847
952 256
103 226
326 821
918 16
131 267
981 605
787 386
300 77
630 291
992 453
450 653
373 769
852 253
714 553
454 621
465 714
330 596
791 188
832 591
862 162
1000 776
637 935
283 592
277 637
694 465
265 661
435 509
260 410
411 212
433 952
326 79
196 844
289 324
529 81
574 17
342 556
76 1
91 977
805 15
826 449
773 985
776 750
224 131
907 548
783 716
276 586
614 234
30 356
559 644
243 207
320 797
193 582
701 929
153 454
721 379
671 336
537 106
799 261
954 107
809 555
994 64
44 996
546 58
979 313
827 571
209 228
546 870
101 266
25 415
108 241
780 981
884 675
740 344
791 242
253 12
803 774
476 512
710 911
406 367
218 96
285 573
182 348
290 960
948 139
355 961
652 185
194 745
755 898
195 224
907 968
902 929
626 115
774 367
241 74
519 556
472 818
989 26
566 623
561 428
541 723
985 810
371 484
890 428
181 839
808 721
460 314
164 311
314 248
251 76
426 195
111 188
36 231
292 261
221 2
85 34
592 622
661 558
300 695
83 251
284 216
217 296
685 59
525 646
39 815
649 86
554 591
822 752
434 509
572 609
112 535
840 947
710 565
384 482
415 608
803 355
675 71
325 775
670 823
635 203
439 158
531 470
106 761
458 148
728 620
358 952
218 524
145 447
549 461
484 633
44 804
82 103
930 348
922 252
981 726
186 62
524 516
239 787
185 622
367 223
453 649
459 886
481 359
907 447
434 919
684 836
517 250
990 861
613 360
625 472
833 860
953 162
431 453
201 55
629 989
568 747
548 380
761 809
677 148
995 801
812 805
300 528
223 649
858 61
761 754
377 872
356 549
611 782
836 303
914 847
379 927
408 646
906 115
544 293
905 129
985 801
789 591
92 950
408 45
451 593
42 493
536 34
775 822
616 193
36 718
895 3
231 827
133 760
373 48
192 561
749 376
918 435
60 134
96 614
840 316
551 641
395 900
24 264
792 215
664 317
719 71
202 677
74 589
532 959
845 883
447 204
564 823
944 705
130 76
852 25
114 975
170 596
677 356
576 739
975 453
308 232
593 711
686 569
417 758
123 720
130 17
818 17
534 483
263 597
234 595
206 613
330 636
393 73
816 503
877 781
89 951
665 547
254 698
171 681
334 321
283 694
953 935
367 64
646 43
126 607
463 918
491 963
222 652
657 549
661 908
234 508
481 38
774 344
294 948
877 294
365 256
718 232
608 578
420 910
846 731
619 898
636 413
171 490
324 706
649 309
271 910
397 941
227 289
706 357
122 977
811 553
836 756
87 188
672 605
472 731
956 386
685 266
461 181
297 383
496 372
579 709
534 711
53 454
255 396
42 447
192 147
376 668
353 344
938 596
715 579
774 141
395 400
876 336
395 407
854 396
891 423
706 453
924 427
537 79
525 614
931 756
759 763
545 578
875 221
503 809
390 392
106 633
746 485
959 917
705 302
11 177
433 211
645 980
212 208
68 442
966 918
800 641
377 264
577 200
130 251
485 879
412 144
659 334
391 77
785 494
363 391
240 76
657 172
196 164
608 418
791 119
175 3
946 189
714 360
695 132
285 355
85 960
759 361
37 108
893 274
187 177
768 249
610 693
18 380
33 151
761 876
465 208
310 386
671 933
686 239
33 516
312 606
155 325
878 621
454 253
738 474
84 344
813 223
173 879
356 893
279 198
424 248
63 581
512 514
968 451
2 247
686 344
505 678
966 602
976 604
269 673
42 130
282 710
205 666
63 837
391 757
652 53
10 4
947 768
176 414
818 741
976 282
696 311
116 876
339 714
740 519
55 500
280 613
39 21
569 349
360 500
543 208
531 83
982 491
603 316
602 341
692 343
324 332
266 545
387 406
606 97
23 853
119 513
298 783
492 363
348 159
649 202
90 554
540 9
648 942
68 949
640 992
216 782
919 310
357 499
476 349
175 430
142 558
495 558
763 109
118 858
590 738
25 350
175 883
7 735
116 261
667 24
183 413
939 468
67 274
991 278
978 805
811 340
952 911
349 794
438 72
622 45
68 827
604 171
672 363
544 654
646 864
418 886
276 761
363 402
267 863
12 490
756 979
401 247
563 210
235 509
206 839
716 332
941 55
242 661
360 628
16 326
97 477
796 967
154 153
972 183
466 689
877 618
972 638
446 332
228 718
868 116
995 250
340 907
845 716
284 440
597 655
276 512
669 840
242 568
810 583
302 496
254 762
38 895
623 925
616 550
662 50
744 930
483 375
816 585
541 758
298 906
511 905
29 270
578 714
419 364
162 896
867 795
827 559
245 136
82 130
900 268
161 219
453 904
643 743
488 373
4 789
167 467
686 702
972 912
283 327
824 144
13 248
293 601
661 555
704 494
324 730
103 535
764 862
280 153
556 822
838 391
570 616
330 917
728 968
487 903
241 751
991 539
343 575
812 457
916 332
965 952
200 913
695 951
51 255
527 857
882 585
579 484
766 922
808 914
365 969
298 192
398 967
885 280
737 417
795 70
811 295
670 797
545 595
855 217
718 128
676 169
734 368
141 869
562 72
84 721
209 419
890 807
857 288
888 104
435 30
570 945
952 426
345 33
308 299
498 106
225 819
56 724
782 415
62 110
674 565
995 898
186 727
367 651
891 39
38 681
655 664
696 482
814 519
774 346
621 961
527 458
727 544
321 620
338 246
973 355
749 838
773 398
101 875
839 715
686 964
384 324
411 752
343 795
566 781
204 652
499 109
512 526
76 543
439 89
32 178
110 79
8 285
525 269
654 184
454 567
301 944
600 517
1000 819
71 773
242 75
567 22
54 615
388 658
827 17
942 692
512 405
31 407
481 150
58 842
889 235
202 286
801 36
880 854
631 916
411 940
436 748
497 279
808 869
977 216
310 1
109 813
944 595
675 385
93 863
265 610
119 890
135 722
644 712
398 333
111 647
554 451
740 842
803 608
617 763
893 342
261 302
9 270
996 220
947 435
600 184
763 556
566 328
231 797
663 470
130 32
367 653
638 351
307 525
666 809
521 638
498 886
935 979
961 170
434 817
193 479
956 913
480 233
367 836
842 36
683 520
377 947
185 996
251 228
390 149
571 139
74 319
318 100
964 282
28 276
694 91
492 141
489 239
388 65
945 694
671 675
930 349
814 686
35 801
332 304
923 508
13 580
443 325
738 417
594 675
808 935
567 22
445 66
232 821
210 365
413 758
549 419
707 174
102 636
743 377
919 566
715 84
690 145
934 79
836 356
782 439
187 780
323 179
723 88
518 463
489 514
62 856
779 933
887 845
753 855
702 97
990 86
303 989
125 475
98 867
373 462
194 392
509 569
142 904
877 285
942 251
193 73
793 476
986 700
826 683
117 371
362 566
328 816
588 930
165 82
328 103
60 828
336 97
354 77
544 954
51 344
155 248
573 934
499 533
666 711
181 337
786 64
25 151
773 793
622 395
792 856
778 673
831 9
520 46
166 830
1000 590
356 338
61 370
444 679
340 383
687 276
320 14
420 696
892 771
494 187
667 117
132 215
998 610
456 778
65 220
842 934
966 339
23 213
497 66
146 517
750 707
592 59
562 61
763 645
712 326
544 152
491 46
497 418
242 948
138 763
350 828
458 865
888 798
207 806
907 860
631 458
258 564
614 265
266 274
497 295
604 747
281 162
927 645
161 278
200 888
763 52
874 815
365 91
213 209
608 991
262 873
898 704
758 105
753 175
539 32
608 327
358 467
705 923
953 218
217 112
545 941
863 109
208 722
456 570
541 157
739 868
360 920
318 592
711 607
264 783
923 103
294 61
50 881
822 193
620 64
680 982
158 44
925 521
483 762
750 675
261 371
910 522
19 692
214 634
351 396
362 924
749 188
688 607
983 80
743 65
137 766
105 845
977 84
477 232
377 670
516 67
799 890
390 714
761 537
108 471
538 107
130 359
399 507
445 955
835 706
720 538
627 215
862 743
197 241
201 601
62 723
685 378
706 520
160 834
139 381
124 923
453 248
213 146
577 866
353 929
615 787
442 668
782 936
604 630
191 248
552 148
528 804
681 713
738 816
518 683
984 245
742 510
329 265
293 71
907 225
581 208
686 688
268 792
479 161
364 18
393 475
454 873
697 894
610 330
725 393
639 766
446 707
555 290
625 36
451 600
129 302
823 727
929 756
515 280
94 283
958 360
283 50
863 524
209 492
997 682
569 81
69 251
915 321
88 548
491 504
884 759
658 607
577 270
169 37
86 836
159 443
538 430
224 574
63 310
855 597
897 791
617 973
235 500
51 126
318 726
89 485
978 13
998 717
959 686
121 19
37 463
636 380
504 894
19 79
10 778
43 125
961 285
156 713
997 975
958 645
206 364
4 834
458 924
932 804
241 611
655 31
397 754
422 564
421 295
581 828
683 739
675 712
148 940
404 837
61 275
410 676
537 697
205 599
71 908
443 204
780 58
66 793
604 777
235 74
521 765
690 75
987 448
402 61
216 254
261 437
75 886
769 818
985 584
873 910
385 956
789 28
542 631
229 97
462 688
517 348
680 148
582 188
658 210
388 698
431 222
969 46
438 520
944 830
561 455
712 856
84 527
90 621
953 216
644 727
870 71
584 267
366 396
680 563
20 680
128 549
598 48
171 581
733 50
810 735
879 884
457 314
606 905
479 881
863 650
254 293
139 314
432 671
318 848
298 348
15 408
521 30
343 335
85 43
70 348
89 908
886 805
552 326
717 647
249 108
368 257
632 213
12 450
642 385
616 316
705 541
625 315
755 457
967 966
271 728
519 96
348 512
679 739
246 669
139 28
968 431
605 109
810 309
786 437
460 332
26 618
257 584
934 121
689 539
349 746
993 627
441 696
422 186
362 370
865 875
166 161
636 560
332 483
436 259
808 178
16 304
704 590
862 905
986 637
308 78
769 831
243 54
789 441
701 780
783 615
645 50
3 153
323 997
6 826
492 923
213 962
868 366
697 759
589 709
123 443
155 787
629 183
955 272
518 19
169 578
47 239
276 723
486 464
312 705
537 325
567 404
660 874
85 364
764 379
179 564
215 829
789 587
756 800
820 77
411 400
736 341
224 762
461 350
152 474
817 237
697 229
503 941
239 617
633 16
59 365
289 266
852 190
511 430
96 231
728 715
850 493
362 174
331 927
897 192
966 214
865 329
378 605
576 555
427 684
39 664
276 570
928 648
39 109
4 564
976 843
486 528
841 888
830 777
715 938
50 80
524 841
49 54
377 237
396 403
525 10
202 679
690 377
911 797
380 307
968 283
701 304
569 950
665 101
441 624
101 118
831 209
894 253
540 198
398 844
619 96
420 705
332 732
234 973
13 158
375 850
164 365
541 369
660 941
327 333
37 197
905 969
794 764
104 638
129 304
821 484
204 783
103 379
642 714
815 535
677 674
519 238
558 59
827 238
740 129
157 584
735 618
565 155
215 689
793 996
482 34
34 444
967 22
607 3
110 635
192 171
89 947
65 127
373 795
103 554
678 491
239 549
78 30
543 605
70 599
653 719
748 623
49 844
517 913
419 195
388 275
722 164
405 310
693 969
879 459
910 60
760 130
336 760
689 392
553 171
585 965
930 952
32 104
541 380
253 443
405 275
342 224
910 482
392 280
126 492
385 661
211 280
986 662
202 495
643 231
136 657
225 990
260 382
690 665
895 807
891 629
551 997
459 177
237 720
909 776
926 435
678 563
212 227
707 339
725 460
30 803
513 123
98 573
474 189
574 74
605 301
829 925
579 262
401 803
844 527
449 412
536 625
26 959
903 500
398 588
527 597
577 609
511 589
724 627
788 852
976 383
868 792
550 933
639 275
671 65
514 639
351 479
585 737
79 124
460 304
389 23
73 919
617 405
777 309
530 816
204 861
640 468
112 622
911 584
752 839
162 916
691 474
934 254
559 533
931 829
211 922
499 574
347 691
784 247
524 379
510 833
700 294
913 1
871 559
473 893
539 696
218 986
261 505
59 980
536 570
179 411
880 721
622 459
682 906
989 291
497 861
397 248
287 450
948 420
88 64
144 765
497 769
67 206
10 318
877 922
1000 497
786 532
741 812
443 659
266 361
445 982
90 662
194 833
238 136
634 668
376 80
285 287
521 894
430 62
639 107
902 674
889 125
781 475
351 172
519 460
76 47
498 158
372 379
561 154
622 661
123 331
598 327
637 722
545 237
455 548
614 660
656 691
928 690
742 106
569 247
131 982
35 820
679 773
124 662
564 718
17 7
954 339
117 714
663 848
103 580
975 212
955 50
481 458
873 900
963 898
797 140
500 184
391 802
586 732
784 305
188 782
297 922
890 760
129 386
475 585
165 449
693 744
618 342
961 725
587 566
770 870
661 714
871 272
541 386
107 950
28 502
346 793
468 860
324 117
529 30
631 521
373 857
883 196
761 771
73 475
350 335
981 514
426 448
434 829
153 229
219 89
495 66
161 521
61 458
13 116
735 859
968 137
702 316
903 591
147 898
923 231
442 852
730 640
611 571
770 775
581 754
283 407
400 382
792 110
6 795
485 994
221 62
407 152
561 630
757 865
915 160
528 701
942 220
827 285
317 979
940 790
437 668
97 295
834 308
416 169
804 986
455 510
20 836
273 757
708 96
898 693
280 917
259 151
242 749
716 899
933 140
581 204
696 616
52 404
905 61
611 686
405 841
424 512
274 883
24 914
84 158
988 744
793 731
444 346
640 796
183 48
41 335
468 740
110 315
938 276
722 743
404 646
34 557
869 491
408 975
822 395
16 433
707 364
847 586
296 469
184 874
974 220
239 396
979 950
753 658
865 824
291 226
251 771
743 456
173 893
246 137
582 386
197 983
121 427
108 653
226 274
818 81
88 682
505 103
682 450
353 792
943 965
857 350
884 14
539 57
352 826
356 796
152 274
237 253
179 824
672 574
321 62
533 401
394 623
923 765
152 858
107 172
160 659
689 782
756 729
100 311
632 628
918 272
806 761
395 802
760 505
879 680
810 130
882 854
76 601
393 531
372 132
811 227
592 709
404 272
332 56
803 737
775 557
763 592
684 945
581 501
620 36
166 920
560 181
843 715
579 468
268 440
792 155
892 502
567 977
594 257
553 94
476 966
546 89
703 471
11 164
426 565
756 458
127 393
102 415
955 177
895 905
696 805
370 450
46 932
65 992
176 603
317 306
442 608
804 402
580 5
908 455
297 201
640 565
535 507
71 527
603 385
202 354
376 99
765 977
423 575
876 774
280 512
848 785
