73
112
964
205
382
421
341
311
605
310
161
894
964
964
44
823
311
311
507
823
112
288
112
609
796
783
421
161
894
112
112
209
288
112
865
112
865
44
160
44
44
112
112
672
412
341
321
112
696
183
364
239
811
421
613
565
262
311
421
311
421
311
894
311
225
761
7
894
183
421
288
161
327
127
161
288
198
198
811
288
605
288
605
367
727
943
865
490
75
526
783
212
205
212
204
299
207
311
207
311
205
205
778
323
112
299
822
205
745
514
514
299
555
127
212
226
245
212
209
209
605
226
605
226
572
245
288
311
272
811
204
939
694
605
420
605
226
605
729
605
757
605
605
205
605
498
256
745
927
679
221
927
212
212
865
865
927
886
240
204
886
927
183
745
927
745
600
878
974
141
974
161
299
745
334
458
112
908
745
208
82
40
40
183
860
198
464
7
747
414
802
726
279
23
198
7
704
23
7
778
802
499
299
569
205
860
583
794
747
747
499
499
183
747
745
674
499
198
661
627
908
627
472
565
195
954
198
691
245
221
499
704
886
661
311
311
421
198
198
421
421
729
778
654
745
458
198
198
778
964
451
262
908
472
921
457
865
311
132
198
198
132
132
40
794
745
198
894
883
823
8
183
183
679
910
205
745
605
212
212
507
592
679
103
7
745
539
212
539
539
679
539
35
472
539
607
207
883
489
44
198
865
304
632
341
679
693
693
861
490
861
794
472
964
794
674
832
127
142
142
299
50
304
44
794
693
472
40
962
673
608
299
198
605
198
605
212
212
865
969
948
679
612
948
592
161
161
212
701
945
794
910
438
514
437
253
792
198
316
161
127
886
523
905
813
472
878
304
802
499
499
612
253
592
183
921
288
152
886
856
183
299
8
936
673
311
7
311
7
7
262
778
253
886
161
262
790
262
233
792
928
499
612
262
693
262
262
796
499
693
44
40
183
262
612
910
693
491
693
936
44
44
693
561
848
964
7
7
693
421
613
613
964
233
693
7
693
472
928
7
262
198
693
842
198
472
499
910
693
797
590
207
475
797
168
693
359
226
222
693
176
797
239
198
870
198
168
221
679
870
561
207
78
709
709
187
52
198
790
198
692
183
44
18
962
962
52
421
207
7
438
198
438
878
964
679
198
198
155
964
679
870
207
717
836
150
590
922
724
155
207
106
108
701
475
592
693
207
207
774
796
774
432
198
106
106
106
205
155
205
106
205
106
694
694
205
155
870
205
3
106
334
832
681
886
198
334
679
106
207
916
735
154
824
207
408
694
207
694
679
256
256
679
491
284
693
316
212
681
137
137
256
204
532
694
474
207
207
212
790
212
207
754
7
7
811
453
693
127
195
790
983
7
694
212
44
207
101
437
498
936
790
207
673
148
7
154
498
983
207
154
207
675
681
207
101
945
945
707
572
262
437
207
207
437
212
304
207
437
233
207
304
897
304
207
707
965
304
681
212
681
828
310
126
733
733
561
11
7
974
897
693
377
638
811
437
170
693
693
897
7
437
437
897
897
870
233
212
212
983
681
453
170
101
948
260
174
870
538
974
117
460
552
794
225
504
707
163
504
948
126
421
896
101
22
948
538
914
421
948
101
724
504
101
377
207
504
538
860
914
137
137
126
364
257
369
182
870
581
581
638
198
126
364
301
905
56
370
261
261
647
647
538
606
261
11
207
559
261
647
106
7
516
7
7
353
7
391
310
207
207
948
241
101
516
552
906
948
474
101
7
552
225
552
647
377
101
949
101
101
225
647
7
7
225
101
101
638
353
974
638
353
101
499
906
577
555
365
7
154
974
715
611
974
974
715
101
288
555
101
632
7
101
365
257
7
7
535
137
365
77
7
7
154
559
239
77
7
952
137
647
158
158
535
606
101
310
158
537
681
866
310
535
613
647
599
516
233
154
838
253
726
647
369
137
20
535
886
647
365
361
385
242
618
20
437
420
278
681
886
606
475
618
316
78
498
154
40
965
40
647
606
606
647
830
647
23
606
965
948
391
441
40
576
655
195
618
618
359
535
99
218
900
173
520
520
520
173
94
654
520
475
538
173
96
293
974
355
437
965
148
40
715
723
535
538
438
538
965
647
535
606
40
768
40
40
288
40
537
475
288
158
537
137
535
137
101
101
475
288
599
108
198
198
1
288
158
679
679
288
535
158
535
843
158
99
288
288
288
843
535
552
288
843
288
843
843
783
783
303
158
390
55
472
647
190
781
158
446
253
446
182
632
538
158
983
537
965
965
148
537
539
158
903
13
715
715
535
904
535
148
158
974
158
954
535
535
535
852
535
158
974
475
974
725
715
718
195
715
725
715
174
174
535
653
158
293
725
148
293
293
475
20
137
260
555
395
13
158
836
24
538
170
725
535
555
170
182
535
535
538
170
78
377
158
365
137
355
355
158
721
535
141
311
170
180
695
40
626
535
195
40
277
355
277
355
647
173
719
173
880
626
20
592
611
96
369
718
678
40
40
40
951
24
40
695
384
83
552
174
323
472
266
13
743
132
96
717
448
472
96
442
180
647
220
718
293
310
195
626
279
626
695
369
310
310
207
422
695
442
170
440
195
266
802
440
293
40
520
323
293
323
130
520
412
627
310
627
96
721
576
721
727
811
552
576
721
675
835
802
567
310
717
293
647
293
20
173
96
170
212
207
182
823
293
701
257
257
30
40
695
880
695
906
537
158
836
382
807
310
7
123
382
357
132
293
198
293
906
382
906
626
310
626
567
537
576
310
83
198
890
890
293
904
567
132
472
513
715
310
576
442
220
488
929
242
647
212
335
626
242
248
287
567
715
20
190
248
678
567
715
920
675
715
306
442
945
945
945
310
370
174
293
308
165
310
293
920
920
920
576
576
310
370
11
965
576
293
983
310
293
33
835
158
702
567
207
928
207
928
132
53
310
788
310
141
567
872
209
141
130
411
678
904
13
970
797
173
29
29
257
319
265
319
384
29
567
678
897
138
384
310
384
945
53
488
928
488
173
945
209
138
567
770
141
484
537
484
488
442
488
498
983
567
13
832
304
678
306
253
567
539
737
304
567
537
914
678
567
20
484
94
567
493
918
484
567
82
82
141
567
310
310
207
245
207
807
437
178
567
567
567
826
826
442
830
442
442
830
90
304
237
811
918
567
826
567
826
19
141
82
245
567
832
737
737
557
918
661
13
245
567
567
141
448
491
442
817
448
576
567
576
437
567
567
626
367
95
293
447
376
576
908
908
555
293
555
448
293
275
576
576
293
275
33
245
96
293
275
20
293
30
275
647
936
96
195
96
983
695
207
484
20
484
293
490
613
20
921
195
484
293
20
983
817
983
195
310
293
310
803
275
406
661
448
187
702
654
293
310
420
555
490
265
803
945
287
206
949
949
983
138
527
661
448
527
961
82
955
955
245
245
448
139
293
483
704
412
139
20
661
661
765
281
304
355
406
20
527
406
204
204
803
803
204
770
391
448
293
955
204
448
955
151
96
151
96
892
955
195
96
552
700
310
281
151
516
437
406
983
983
661
296
304
320
138
717
304
287
296
296
304
437
770
281
287
141
803
700
803
700
437
141
498
618
281
608
803
803
700
700
282
253
464
99
127
127
287
803
551
281
464
102
654
673
943
127
206
769
803
99
99
803
74
374
803
320
320
459
230
529
949
541
926
230
230
7
204
803
204
473
265
473
265
743
265
207
207
541
230
803
275
212
473
473
245
198
230
803
230
230
102
812
198
265
263
541
99
491
541
152
23
690
212
437
649
99
239
127
127
127
127
230
127
239
127
158
127
176
158
173
293
678
329
329
608
943
141
817
951
951
293
293
230
490
736
627
138
437
717
893
24
374
566
725
678
275
200
440
329
725
44
883
99
99
99
44
458
627
678
329
613
99
627
602
522
99
522
232
522
99
514
435
541
99
537
717
803
437
725
627
857
627
158
455
198
923
5
158
99
293
640
883
391
883
608
541
275
602
541
980
293
293
354
329
99
293
892
293
817
293
354
152
293
281
329
856
329
329
460
541
16
329
455
717
5
857
455
455
857
535
444
440
592
678
265
592
535
541
535
265
158
535
741
892
838
329
460
138
541
437
281
158
460
834
791
458
158
158
260
777
725
600
206
535
176
176
717
879
429
541
374
717
739
739
149
739
613
834
200
206
921
75
14
834
834
245
739
86
458
123
922
434
686
686
44
123
458
173
688
14
152
14
921
429
353
304
945
123
945
717
768
738
20
245
173
374
123
44
14
921
949
14
707
14
44
140
571
245
123
464
905
504
768
945
760
535
897
173
149
320
5
398
408
768
320
320
320
320
125
686
929
768
125
245
768
522
733
875
547
686
921
738
132
125
686
269
686
170
125
857
857
269
125
905
289
289
152
125
738
686
289
125
921
632
700
289
170
180
289
23
180
180
152
377
180
289
892
549
245
828
768
549
626
113
110
245
409
787
551
717
289
892
893
725
905
699
152
56
725
289
354
152
152
141
152
113
554
510
152
551
602
56
490
685
602
551
921
551
209
551
905
921
685
16
125
921
551
440
551
420
551
703
828
289
429
943
48
333
333
289
905
828
613
673
977
828
289
753
600
354
7
510
245
14
884
161
161
498
173
125
180
717
173
717
125
173
755
180
755
180
44
125
703
717
675
406
906
717
811
125
627
289
753
289
297
905
297
173
44
685
703
905
125
359
949
905
905
304
289
304
692
715
44
782
265
421
333
847
981
717
376
421
90
717
859
811
717
747
929
747
747
421
265
265
747
747
929
245
929
498
929
751
289
664
386
421
703
906
675
566
122
202
202
766
404
961
173
560
376
695
132
56
132
559
265
914
967
173
202
245
173
173
905
857
125
297
717
553
647
173
173
173
777
682
173
983
498
629
498
44
245
245
202
245
513
629
675
913
236
629
553
514
510
289
443
289
905
297
173
173
949
493
514
173
437
647
170
647
122
647
125
173
173
770
24
954
857
492
770
173
498
202
629
647
905
202
125
547
629
707
122
629
483
905
703
432
608
703
178
782
510
647
647
289
98
152
579
872
152
703
634
608
884
265
289
98
98
98
905
661
98
528
930
948
152
51
335
600
14
98
702
493
125
198
527
161
838
174
493
877
174
174
493
108
173
803
122
579
289
155
404
315
947
101
366
289
189
777
491
685
491
685
747
647
638
703
483
654
366
289
366
956
828
638
579
638
638
483
647
647
491
491
491
458
498
209
279
209
146
492
647
99
647
945
289
161
289
638
930
7
961
664
921
20
20
20
289
99
20
218
490
101
101
7
921
349
956
56
579
404
437
124
56
921
757
782
954
56
566
150
954
956
913
141
161
349
961
961
703
491
821
817
56
638
340
579
707
921
98
340
340
602
828
897
98
707
705
817
602
161
161
279
203
602
638
189
945
961
757
602
961
602
56
792
875
651
7
847
340
56
811
400
340
400
960
333
333
847
703
961
961
290
945
137
956
340
214
137
961
961
214
464
235
477
602
961
948
961
602
835
910
703
703
409
703
409
304
579
756
218
961
340
769
137
707
145
913
340
235
922
340
933
804
582
268
945
20
945
703
491
40
485
20
961
602
122
340
961
72
961
732
707
340
717
707
579
535
777
602
108
647
477
717
811
811
99
53
946
340
273
335
340
769
340
769
547
483
602
647
477
340
245
602
948
340
340
186
581
249
961
647
186
948
40
924
40
924
811
422
961
184
349
779
472
811
477
284
779
647
865
811
648
340
140
340
340
284
140
602
140
602
140
664
53
792
957
707
945
769
166
477
240
477
184
91
961
138
865
886
602
948
7
961
38
138
91
602
89
857
873
857
707
857
873
206
99
857
857
268
99
484
51
886
340
886
138
340
602
299
15
534
602
51
602
464
592
408
484
60
118
114
87
948
883
602
602
370
105
20
847
87
647
963
647
64
647
647
333
792
564
564
602
173
777
28
287
961
845
233
225
730
173
963
233
173
173
60
233
498
233
781
101
707
635
769
781
977
828
180
101
661
537
661
101
101
279
279
497
589
212
305
589
105
589
98
101
170
940
105
963
161
101
216
685
638
559
812
101
766
101
161
537
161
101
161
961
98
101
173
161
20
186
468
961
654
40
535
664
664
963
664
105
664
173
180
40
7
910
458
335
811
654
599
914
914
599
173
961
504
438
664
705
33
963
769
835
599
638
20
812
914
812
963
774
205
304
361
173
914
305
305
391
675
434
802
914
361
914
361
7
361
626
845
206
845
122
206
914
554
464
64
845
845
727
434
706
496
434
434
434
918
305
72
535
589
817
535
20
845
20
845
535
912
717
184
845
287
117
883
20
981
845
477
348
72
825
647
158
547
981
434
434
180
547
582
582
835
64
535
845
697
64
72
812
20
20
64
535
377
40
825
72
547
488
799
770
535
335
570
14
14
510
657
171
472
371
472
582
559
14
6
657
592
657
412
412
117
316
939
547
7
795
212
212
496
538
496
939
87
883
812
883
883
883
812
685
812
913
141
141
883
1
812
624
845
189
624
883
428
913
274
883
496
730
825
238
599
575
496
939
161
825
816
1
87
812
592
535
816
14
624
777
179
592
592
119
845
825
961
547
396
161
855
547
547
265
891
547
161
626
905
706
473
563
774
905
535
985
392
985
620
747
891
891
170
335
647
891
125
373
426
792
4
585
576
133
373
914
747
133
592
336
371
336
592
592
189
592
985
240
189
547
547
891
392
89
4
336
345
794
535
794
592
7
535
891
465
894
547
891
828
695
922
399
506
520
922
284
910
333
336
7
522
728
697
477
325
22
697
399
547
399
133
392
399
392
576
122
392
894
392
914
904
161
792
914
418
189
535
279
914
570
189
535
769
535
985
716
961
64
913
406
203
535
914
399
186
547
910
961
812
186
850
931
730
547
449
535
836
449
547
841
828
841
399
828
828
513
161
969
828
657
657
828
657
6
399
547
203
657
592
513
657
203
707
189
547
133
189
32
868
162
59
133
828
716
189
278
203
878
513
850
513
812
513
418
834
188
169
615
914
203
878
109
914
308
278
109
616
180
910
747
258
240
290
169
395
513
547
554
788
878
793
792
278
22
792
115
792
223
133
969
788
550
528
278
17
278
17
928
616
716
412
688
747
13
278
592
702
762
23
707
707
788
922
119
985
209
309
592
762
49
173
914
702
554
258
240
762
912
874
592
23
251
173
792
240
747
122
793
705
592
762
793
705
970
535
592
702
278
702
109
161
762
275
618
422
762
173
422
173
806
271
843
357
133
275
874
357
202
702
702
117
845
399
238
707
592
12
825
357
825
554
422
616
878
684
912
874
202
912
49
874
672
390
165
220
157
202
422
202
845
632
645
878
357
157
49
422
878
662
49
55
164
55
357
702
193
422
202
727
922
704
727
49
49
702
49
165
49
537
32
702
376
263
828
432
49
632
32
165
399
157
376
49
485
357
355
110
162
137
478
157
622
49
688
892
173
22
202
845
117
592
914
914
592
173
970
970
345
764
912
86
56
110
812
162
667
56
422
812
825
400
400
400
110
7
747
13
202
801
422
534
534
534
278
189
470
165
165
478
174
470
470
742
49
742
478
532
470
687
470
404
545
478
110
188
422
631
422
432
498
110
894
422
313
422
313
422
485
21
485
422
313
792
138
400
892
400
7
828
140
327
202
422
202
422
558
589
49
589
190
197
892
327
892
616
327
891
422
632
327
327
327
632
632
891
327
140
43
980
400
463
189
127
197
188
220
662
532
532
252
464
212
110
202
228
21
400
616
278
252
252
532
252
532
532
252
700
43
535
43
49
110
800
616
160
747
569
138
162
43
616
122
786
99
454
189
189
443
422
700
140
189
463
912
912
110
122
110
278
189
189
551
820
616
534
749
221
616
616
958
980
950
49
138
138
569
17
387
616
716
870
54
817
937
145
582
950
292
110
110
812
626
817
49
784
784
49
43
56
898
471
110
535
110
110
716
110
240
749
755
166
755
221
173
64
173
173
138
551
569
160
567
138
817
138
983
173
914
799
561
402
54
402
891
618
749
627
189
212
17
793
514
569
119
933
845
933
382
97
812
632
248
471
170
845
17
684
347
727
61
724
110
945
496
347
582
582
347
347
496
63
460
570
110
471
471
189
61
173
63
212
7
523
662
720
720
166
49
639
639
639
939
471
684
747
496
443
496
514
551
507
720
939
346
173
173
347
68
63
755
267
912
202
755
933
799
933
132
720
522
17
730
755
17
173
173
43
145
404
164
720
464
193
645
193
193
193
450
17
918
688
918
870
550
550
550
193
550
161
980
904
788
49
161
17
711
514
980
488
49
806
173
17
770
248
173
403
598
497
664
173
755
403
160
598
347
173
70
644
514
849
575
17
575
17
460
161
936
664
644
904
681
761
460
478
17
403
460
422
806
809
212
427
644
806
644
170
905
213
637
161
347
7
381
212
213
639
514
514
173
61
514
809
514
806
514
720
799
809
809
17
491
17
212
918
980
582
173
463
212
582
809
809
639
497
717
806
904
766
628
601
899
747
644
212
918
212
52
514
720
747
639
236
212
205
14
639
14
14
456
14
17
639
14
639
639
212
573
639
17
573
573
591
639
653
346
229
229
841
82
70
35
70
720
229
346
277
229
482
435
229
70
70
279
261
618
535
422
835
933
229
238
806
719
835
212
835
11
70
220
350
19
687
918
350
350
11
469
277
761
70
350
588
817
173
950
835
644
173
274
653
653
277
212
56
95
290
769
601
950
644
70
412
687
950
644
212
173
212
173
212
212
173
173
52
334
914
463
212
727
125
644
389
707
497
788
375
40
375
255
701
653
495
726
891
70
278
891
788
278
173
628
173
162
932
932
70
932
585
932
70
49
52
52
76
550
932
644
23
970
662
212
212
212
437
435
212
190
668
186
117
719
212
644
905
375
19
19
212
212
707
70
488
730
13
70
582
816
255
278
716
173
409
212
52
965
965
110
399
950
780
459
278
806
278
653
770
588
428
961
202
90
212
852
598
489
488
489
488
186
52
409
799
489
579
489
14
489
13
286
173
286
452
854
278
186
312
14
730
16
19
278
43
418
204
792
117
799
662
443
278
16
644
412
76
644
380
588
489
278
588
443
212
598
47
47
161
730
611
730
868
611
435
369
485
588
678
868
191
117
278
19
229
349
248
278
489
173
914
954
496
611
611
95
730
95
278
278
278
771
716
507
489
644
95
95
361
496
52
806
727
95
110
95
52
95
794
456
611
679
407
95
589
456
117
662
278
460
644
110
173
645
488
662
185
588
173
185
100
173
15
588
588
456
719
173
229
842
848
212
173
309
212
304
173
369
173
848
173
173
195
195
173
173
173
950
950
818
125
110
52
639
295
639
319
596
161
985
61
161
319
17
848
386
852
173
644
173
408
446
143
825
195
110
186
37
173
848
173
825
361
12
460
58
770
362
770
362
649
190
585
58
391
977
362
575
173
460
173
120
791
173
173
120
196
460
173
173
412
727
460
727
460
985
649
711
585
110
7
585
287
783
730
460
58
850
325
644
412
488
482
868
662
662
644
578
585
817
913
644
418
750
823
190
730
639
631
64
451
161
451
644
644
585
460
585
585
307
146
662
891
451
921
346
64
784
792
834
578
578
560
488
248
624
473
451
451
451
585
138
411
278
451
644
146
248
49
828
49
258
340
322
49
639
823
977
20
340
310
585
310
842
488
898
49
443
780
418
488
49
264
264
322
322
645
639
94
146
508
322
218
322
322
310
322
64
322
409
438
784
727
212
567
648
644
233
22
623
897
639
22
248
727
644
825
809
473
278
803
340
828
340
340
828
340
828
828
554
157
340
418
639
117
190
397
645
662
645
639
340
369
111
190
700
34
89
482
418
669
258
482
639
397
639
825
482
397
397
632
799
632
336
397
742
823
338
809
336
623
742
157
727
515
515
791
161
837
837
386
745
513
588
914
914
170
170
882
322
792
146
799
648
648
792
675
648
792
588
513
310
61
792
221
119
639
642
642
791
35
35
259
792
259
642
793
642
37
616
259
642
648
923
923
117
713
560
792
816
860
823
783
274
623
560
257
248
783
914
397
783
639
783
923
310
923
727
648
255
784
170
310
821
648
966
462
642
914
799
648
799
648
37
783
642
914
820
783
751
648
921
648
687
277
613
851
783
397
526
645
346
70
914
70
644
792
361
792
361
648
644
644
645
396
526
648
310
644
742
742
914
623
121
357
767
821
121
821
969
792
277
7
821
310
623
396
357
357
629
780
629
310
338
7
7
277
20
701
701
357
187
357
40
823
577
363
363
706
640
914
326
248
397
336
336
914
336
336
336
336
914
186
701
690
985
469
469
642
577
644
612
258
690
258
5
799
340
361
701
577
15
15
258
526
258
15
297
766
583
746
583
7
946
859
585
825
428
642
642
541
791
821
635
791
628
931
623
806
186
639
780
744
577
255
186
577
577
799
701
142
390
142
701
644
535
142
349
914
349
639
495
859
639
639
859
635
642
535
520
639
639
22
639
526
186
535
644
644
639
529
806
529
731
639
164
635
388
167
642
897
639
642
642
326
859
642
639
648
859
639
639
806
639
859
639
859
642
558
639
20
823
690
639
520
806
690
701
327
639
204
887
642
642
639
469
639
834
606
806
505
806
639
849
582
897
170
669
669
825
820
374
535
374
185
374
535
290
340
579
914
185
642
606
639
849
849
447
204
447
447
518
447
849
820
623
204
623
639
645
99
399
638
953
204
780
635
336
451
638
717
606
717
282
717
204
638
157
731
204
185
204
980
686
670
204
41
690
507
780
68
507
157
471
596
400
690
690
891
500
148
204
742
204
11
387
284
690
645
690
690
284
608
859
488
364
600
364
766
834
820
488
820
148
834
820
148
639
952
488
686
664
353
834
34
397
204
272
776
397
834
471
776
799
926
943
448
506
111
93
644
961
279
279
506
10
506
170
397
742
630
742
776
523
559
742
55
397
766
766
321
583
506
506
590
506
506
675
620
837
606
746
164
196
181
566
566
566
157
274
566
310
255
823
560
648
6
560
645
560
624
664
693
904
418
693
204
590
499
560
635
758
290
808
590
14
870
566
138
693
172
119
606
606
982
606
982
204
969
212
212
606
837
521
181
377
566
448
212
686
679
724
409
941
400
523
172
204
904
606
904
361
409
679
969
62
679
218
969
285
41
408
464
364
523
61
566
212
55
55
566
280
400
766
491
374
767
400
758
937
189
660
204
55
686
566
961
212
20
497
693
731
791
767
686
731
566
731
204
731
731
204
731
849
361
760
760
660
693
338
693
933
212
400
766
348
933
212
566
946
400
933
933
744
782
488
228
408
432
348
400
408
400
12
55
159
495
346
400
348
758
348
705
400
648
400
644
253
495
400
409
41
284
645
100
361
348
348
396
970
904
400
970
941
837
464
784
400
899
784
566
899
784
606
784
400
792
400
760
720
400
716
760
744
253
204
228
744
675
400
566
14
921
14
218
333
808
776
952
905
690
780
229
26
606
744
241
241
740
854
608
766
760
904
756
606
453
453
560
638
344
638
560
169
727
791
756
212
310
854
985
854
760
780
344
821
172
451
344
852
852
784
344
400
703
770
756
928
172
852
232
212
731
756
937
229
624
970
837
985
267
629
255
275
255
344
310
225
229
117
212
968
212
346
117
346
756
985
756
61
945
76
756
212
968
488
608
5
344
488
212
313
440
313
740
346
338
638
820
560
313
346
560
820
608
854
608
744
348
638
338
313
703
784
760
451
585
760
619
451
820
224
878
313
878
59
346
957
957
346
338
638
307
560
78
776
348
175
875
660
856
750
212
770
750
638
899
852
559
849
730
770
730
730
730
212
770
870
608
852
344
854
212
852
852
493
849
453
854
854
451
854
346
14
440
854
921
837
451
378
957
35
728
806
776
41
957
624
744
875
744
709
794
364
754
608
39
608
647
169
844
888
212
728
854
905
106
875
854
535
535
560
535
624
546
852
875
535
624
705
106
220
750
373
852
535
221
905
744
744
211
117
361
905
619
152
875
52
211
806
619
211
152
326
356
921
361
500
806
730
780
356
356
751
94
780
638
141
117
638
740
356
776
673
122
968
638
353
353
352
591
224
140
356
157
356
157
875
141
703
356
353
5
693
356
875
356
817
660
713
356
744
123
611
346
638
638
123
340
123
323
204
157
321
474
530
353
61
409
52
863
628
445
278
346
152
613
279
418
204
982
742
314
849
725
535
390
204
635
61
441
61
418
918
770
918
204
613
535
123
573
535
204
535
535
170
535
535
742
535
123
233
725
204
204
535
204
854
345
918
725
204
725
756
830
37
211
535
674
800
445
314
535
679
152
638
14
14
535
241
710
792
348
322
535
225
817
742
208
673
197
331
684
364
535
535
671
530
813
326
94
826
346
309
530
309
204
326
346
535
535
326
535
225
364
326
364
119
652
364
364
535
644
742
152
326
674
346
348
535
901
278
170
326
582
582
348
89
445
679
5
820
319
319
849
582
582
157
451
5
538
535
701
578
849
357
613
450
357
121
94
53
573
326
89
582
532
652
613
89
279
643
582
573
742
582
652
89
920
89
817
310
817
582
671
299
582
582
365
652
377
156
582
535
451
168
555
750
353
566
566
591
157
652
690
299
7
92
728
377
582
530
530
172
946
377
530
635
530
111
429
299
299
365
590
89
76
535
535
152
555
177
725
838
366
418
123
740
123
299
430
299
123
284
578
533
418
535
830
356
450
212
516
516
89
453
608
32
191
205
608
366
608
742
742
742
608
535
849
535
89
573
535
608
690
608
451
535
480
535
489
690
171
489
535
608
103
690
628
642
958
535
823
208
495
445
536
875
103
628
690
628
690
516
19
489
611
690
598
690
185
185
628
299
19
536
19
742
910
357
19
690
111
640
111
910
818
19
742
628
750
205
98
357
908
958
611
652
195
19
611
19
611
195
357
481
364
521
19
568
19
19
430
19
611
365
442
331
225
331
225
331
399
168
19
19
331
89
331
904
331
795
895
628
451
279
588
660
278
451
127
103
757
868
979
904
611
310
611
582
387
70
98
396
628
955
911
628
608
356
904
608
323
608
527
310
89
624
89
276
89
884
344
955
928
928
185
626
753
380
608
276
464
582
171
582
39
276
557
628
628
620
728
208
608
418
955
497
955
884
356
738
691
399
557
70
608
904
608
673
643
955
123
669
70
70
430
869
643
346
346
19
448
19
869
117
448
955
599
908
19
152
955
171
635
643
872
608
346
123
535
478
928
535
869
947
535
173
910
400
958
928
955
346
399
668
923
316
89
557
356
377
923
495
546
356
471
904
865
561
534
75
19
637
471
637
215
89
220
89
679
19
222
865
243
928
928
785
212
557
577
68
400
134
387
785
387
370
785
71
785
89
19
89
19
89
134
505
134
280
232
842
370
955
527
643
593
838
576
557
842
808
842
220
400
505
928
220
222
440
24
65
678
557
32
279
705
89
89
215
220
152
872
89
750
405
153
220
370
690
625
220
215
374
220
430
430
98
611
123
123
89
370
546
576
613
546
637
92
700
220
220
5
196
838
89
729
400
478
690
903
279
898
334
89
478
795
89
673
185
576
956
790
178
898
127
664
795
55
89
727
478
478
619
348
619
348
660
24
535
678
89
928
185
408
178
89
162
241
323
185
185
185
229
619
408
123
123
123
956
123
220
166
914
166
668
220
956
914
220
89
914
217
629
408
263
89
777
624
230
555
230
68
901
495
678
171
166
220
956
408
618
566
374
197
166
958
89
267
220
535
5
559
24
559
630
494
36
326
220
427
914
575
326
374
400
185
220
901
958
36
729
220
163
668
220
163
411
785
818
557
248
36
36
678
619
785
619
411
185
213
386
844
844
267
386
826
36
955
497
558
185
558
185
12
386
212
36
785
68
386
788
558
36
844
65
41
41
411
212
643
348
671
41
643
400
400
85
785
374
41
955
784
557
671
85
643
914
36
171
41
309
309
411
914
686
914
784
85
959
643
497
75
497
75
438
497
75
71
411
643
497
643
563
497
497
643
826
86
928
386
497
408
485
914
497
686
432
557
896
557
95
141
830
384
854
41
914
85
386
85
478
71
497
380
85
411
279
914
808
370
497
619
363
497
535
659
308
497
928
68
117
436
117
772
737
36
688
386
442
212
212
914
772
772
117
380
678
411
386
41
238
279
512
914
471
512
363
263
256
774
914
68
39
527
728
557
329
215
613
914
229
619
914
329
914
914
248
914
737
232
210
965
411
535
210
535
808
535
980
411
49
310
914
411
411
210
914
495
624
579
772
914
914
300
977
977
557
293
557
310
372
557
466
466
557
436
557
557
185
117
875
36
772
772
221
441
346
466
221
5
5
89
535
659
232
678
466
875
688
407
36
89
466
412
498
147
514
792
844
955
310
163
536
753
466
498
36
36
536
688
412
686
423
772
976
95
423
4
447
498
600
185
36
326
427
384
384
820
966
39
536
419
126
71
293
466
466
191
706
423
644
924
710
914
914
232
914
466
644
535
914
624
914
361
163
163
163
965
965
439
965
361
36
485
239
142
452
921
563
116
495
808
554
417
624
678
439
466
439
466
439
485
213
361
163
545
462
422
163
53
394
338
173
485
24
808
24
163
485
466
258
808
372
24
361
6
409
28
485
348
417
348
444
361
363
660
530
422
24
808
55
763
229
808
18
808
808
808
808
160
596
808
478
466
160
924
710
417
417
293
36
92
361
361
889
417
95
808
792
876
95
417
95
943
808
921
808
282
841
372
485
808
372
878
361
827
808
407
899
344
160
387
92
439
889
160
808
337
809
337
817
808
92
808
897
69
116
466
173
585
767
742
423
603
423
160
593
889
466
384
253
530
534
361
659
353
579
810
534
889
363
889
535
728
342
344
160
785
730
208
534
905
173
534
21
222
135
232
466
195
422
21
361
337
660
690
690
466
443
710
361
450
363
293
808
121
785
361
222
361
361
596
660
792
361
817
810
690
293
810
535
173
222
690
451
466
265
439
596
596
466
809
266
466
810
117
466
395
438
466
889
361
395
232
253
715
173
742
710
759
439
117
216
117
742
710
742
710
395
888
173
710
653
875
763
478
535
795
797
535
808
173
808
728
728
949
535
160
117
346
710
593
808
173
173
592
563
773
172
710
586
710
592
808
728
742
172
824
447
439
808
395
535
222
657
4
222
824
535
817
535
439
344
293
308
742
533
177
462
451
580
808
728
728
571
956
808
533
338
160
411
571
160
728
439
824
398
436
18
436
18
206
808
398
808
769
759
497
580
535
265
759
265
759
265
824
22
824
173
466
798
728
427
199
199
259
728
755
769
773
798
524
387
657
173
411
909
398
497
889
39
135
21
755
195
40
121
411
122
463
535
448
678
535
553
535
265
21
466
841
659
407
309
710
387
808
469
265
265
710
535
780
265
524
309
827
466
780
905
888
888
439
439
293
110
937
715
117
121
121
121
471
172
903
757
21
827
780
293
780
706
21
220
439
921
921
715
715
21
769
524
344
921
344
344
715
419
293
387
293
398
408
658
657
436
735
780
715
780
411
788
21
921
344
265
808
344
344
728
265
265
265
215
755
21
371
728
293
265
735
398
57
326
903
398
727
780
536
398
293
727
446
313
827
293
57
652
959
151
172
151
117
398
398
780
5
507
507
160
398
507
398
334
780
398
447
368
166
727
584
584
740
398
344
423
584
293
559
769
172
827
34
225
827
879
443
5
709
954
89
344
875
780
305
117
5
34
57
57
5
225
361
293
10
777
151
57
172
411
5
924
411
293
293
448
41
565
57
5
534
121
740
200
5
396
5
710
686
625
5
834
49
755
57
507
584
305
381
21
5
834
686
24
381
439
226
226
98
226
31
381
817
21
21
57
834
226
834
344
41
577
827
226
565
184
612
738
330
738
293
797
827
21
226
226
710
611
21
49
742
571
740
220
890
427
902
827
49
21
363
49
322
44
423
166
710
826
49
620
447
166
195
2
807
710
462
462
53
172
21
417
363
890
448
593
448
890
110
427
427
253
310
143
242
493
7
242
307
229
790
462
958
462
462
958
958
462
21
553
310
958
958
958
844
423
875
448
300
958
620
293
419
958
958
409
395
587
844
807
475
958
958
924
826
826
253
958
826
958
958
253
110
220
70
958
958
589
958
462
958
958
337
596
462
945
958
746
652
596
652
596
596
596
70
294
100
807
746
596
21
49
69
448
807
448
524
49
957
293
596
471
24
460
565
293
293
253
362
293
362
571
69
293
387
596
447
596
518
596
293
5
553
293
975
603
427
750
293
293
293
34
98
958
69
958
958
98
69
280
571
958
837
742
387
98
137
958
41
41
958
293
294
293
632
924
746
746
632
632
166
742
34
293
293
226
226
117
117
737
375
742
293
407
742
742
617
811
498
811
704
469
704
166
110
66
945
710
293
864
469
117
49
24
587
24
265
265
110
5
469
710
890
737
958
422
852
422
648
890
882
852
632
624
375
387
54
21
661
5
713
245
900
359
53
704
632
632
632
53
245
24
110
54
632
427
307
278
110
958
704
353
704
958
837
226
778
778
293
293
958
561
620
110
275
561
902
704
353
39
704
208
49
344
448
841
173
561
422
245
422
245
427
181
422
135
135
294
220
837
258
380
439
117
587
447
117
117
305
387
442
668
363
580
363
117
117
447
95
86
265
41
861
117
110
427
427
427
447
766
843
21
117
875
390
521
660
608
608
710
113
561
561
113
561
34
166
34
427
208
363
513
31
110
117
958
895
110
427
245
224
895
245
117
304
117
110
348
935
620
173
224
381
381
381
535
95
535
841
348
935
427
729
21
381
381
381
624
381
110
841
624
811
427
166
875
414
110
624
576
442
110
382
533
624
21
21
363
750
21
329
21
275
588
753
348
588
738
564
576
736
763
21
649
41
348
40
31
943
110
620
439
620
359
943
19
224
947
625
778
947
21
552
428
117
524
245
774
40
624
117
462
462
117
624
949
333
229
56
917
917
133
917
21
40
133
682
40
40
852
858
21
21
56
56
817
624
343
56
624
753
71
643
576
576
876
21
624
817
854
23
958
935
310
41
624
648
110
616
949
488
478
172
817
816
588
310
787
117
787
624
909
677
488
155
631
854
947
917
855
817
668
56
471
236
56
796
221
21
448
363
817
449
643
683
817
817
891
891
891
660
891
426
143
41
712
236
41
56
427
166
742
742
940
131
712
712
742
710
903
852
56
449
56
712
41
937
660
158
660
21
259
817
588
449
158
826
683
710
448
949
826
935
817
796
817
31
31
796
56
206
796
56
842
949
41
301
683
363
21
823
686
41
891
624
703
313
746
750
56
796
965
104
56
817
158
496
817
903
641
779
41
442
221
965
275
221
221
560
899
354
29
965
15
155
41
549
31
374
448
806
712
41
390
41
740
41
313
154
699
806
943
95
41
593
872
154
611
464
852
69
117
549
117
158
962
631
564
549
852
29
852
965
31
448
817
197
31
544
895
29
206
895
917
158
917
942
903
361
842
361
903
361
301
738
380
549
377
895
142
142
484
712
623
110
110
142
495
86
641
86
3
518
796
895
86
872
624
31
650
650
108
423
968
521
301
423
15
117
15
313
86
264
363
425
86
504
86
86
833
895
895
895
117
423
15
15
363
301
301
363
826
895
826
895
895
730
195
826
468
611
895
301
301
895
624
895
448
612
49
612
448
140
612
612
917
917
488
613
484
612
917
917
69
301
872
902
917
612
895
527
736
612
255
895
255
895
316
488
316
316
796
425
425
374
117
949
363
363
70
631
774
895
293
423
301
423
774
774
968
774
895
885
488
774
397
484
294
488
968
126
2
565
488
740
703
377
686
872
891
740
293
397
425
612
612
817
740
565
382
565
49
488
565
612
565
833
588
811
141
565
565
833
565
397
612
565
397
565
612
612
883
535
889
367
252
49
425
565
13
488
31
812
902
588
565
771
796
961
947
740
796
817
740
686
49
325
488
488
365
902
325
902
325
895
974
535
612
108
813
872
419
872
612
108
703
293
365
293
365
652
833
108
293
13
293
987
817
671
279
872
293
588
730
481
842
49
49
891
325
377
891
116
872
974
116
116
267
443
225
661
448
806
806
175
612
806
737
806
419
612
395
726
806
804
652
652
574
574
49
671
343
767
49
806
49
767
767
49
806
806
895
613
31
176
965
340
448
488
613
49
613
587
613
740
740
325
488
796
872
325
293
225
225
481
31
766
325
365
587
803
176
176
49
488
488
465
176
955
425
488
49
895
816
488
872
176
419
613
895
817
41
41
891
41
346
41
631
49
895
488
766
488
49
613
766
985
985
177
49
49
49
806
488
488
895
610
488
478
380
488
478
895
49
816
612
538
806
730
396
730
794
93
980
78
976
895
448
41
41
817
877
804
448
702
178
211
195
211
671
895
49
176
400
353
419
141
817
85
176
49
976
880
969
738
435
435
141
671
352
709
709
99
94
41
339
600
862
872
425
862
862
41
862
593
116
806
267
282
872
141
282
872
862
176
630
565
703
872
872
49
177
49
176
49
817
586
976
895
980
177
177
574
177
574
177
293
19
895
976
182
774
599
282
282
396
42
920
858
49
602
613
246
671
880
877
881
738
182
974
930
294
31
953
419
116
31
95
877
182
578
239
578
3
49
552
643
49
49
211
523
49
523
523
96
49
49
31
419
31
31
195
141
227
2
296
31
869
941
941
49
49
941
49
49
31
49
941
153
941
941
31
31
523
31
31
523
31
817
116
419
941
386
941
978
49
523
933
652
49
141
49
864
958
31
429
49
877
877
176
949
291
949
941
195
941
195
355
872
291
864
556
41
41
41
116
941
987
31
957
118
41
504
21
949
31
652
949
652
600
556
349
182
556
864
333
556
556
556
282
980
282
613
112
282
949
295
31
390
652
208
426
49
31
29
31
31
578
59
587
767
386
504
349
99
824
620
494
166
941
29
587
613
31
215
349
31
97
746
769
620
387
620
195
941
269
941
709
611
611
538
41
349
49
282
612
709
31
31
611
538
291
880
153
379
823
556
295
120
954
269
208
612
586
416
954
612
872
620
556
612
612
823
823
291
267
31
380
822
423
538
612
709
31
620
811
954
494
709
448
400
941
203
282
872
586
920
373
796
709
420
722
282
386
282
496
710
263
784
478
710
152
31
817
145
816
29
128
954
722
128
333
333
613
796
494
722
282
722
276
42
152
803
276
612
29
612
173
710
29
626
626
612
613
99
128
56
41
844
201
494
18
580
203
817
301
612
535
864
493
872
820
626
494
425
872
872
811
282
878
425
628
521
664
425
612
612
612
254
817
425
379
756
710
535
435
410
29
722
333
849
631
410
425
49
649
849
321
251
565
934
565
182
938
251
710
880
401
42
934
484
786
31
26
726
215
215
215
535
523
934
625
33
360
241
556
207
252
241
207
481
934
56
29
523
42
934
593
410
29
380
269
816
626
578
613
613
593
593
613
266
613
21
613
774
343
730
232
49
578
934
21
934
26
199
934
578
182
934
578
578
645
41
199
199
435
182
187
938
652
717
410
822
39
39
199
220
42
645
934
333
966
435
305
410
593
645
935
822
934
593
934
468
894
488
379
811
887
730
233
740
282
803
887
199
295
769
305
655
385
493
182
769
49
49
769
493
476
199
811
769
769
902
493
305
769
629
295
426
426
435
836
629
426
170
318
934
318
114
811
369
333
653
876
565
152
873
948
876
152
483
934
934
305
41
41
411
42
902
42
42
152
349
41
333
8
816
114
170
934
836
42
152
629
410
934
318
947
333
121
554
481
483
255
552
747
491
152
747
747
653
903
772
717
653
717
653
478
491
360
491
287
56
765
947
554
717
947
966
554
478
554
254
203
816
120
478
49
343
203
355
152
613
435
747
491
747
106
31
811
240
31
106
747
902
435
435
106
152
41
836
152
464
263
483
483
435
31
564
435
564
120
152
114
31
291
170
799
902
747
902
152
41
29
747
152
547
152
580
252
747
543
747
580
747
252
535
508
191
535
31
535
883
677
731
816
822
554
665
152
152
31
152
31
129
747
847
443
947
355
527
152
515
534
152
152
41
540
450
963
516
406
41
72
61
61
78
14
78
847
355
934
152
836
847
152
652
435
836
155
61
701
134
56
78
847
373
406
228
894
373
199
947
552
450
552
947
947
98
406
98
847
61
745
745
755
747
552
677
769
220
977
199
883
624
769
902
624
747
701
747
746
747
769
143
382
867
593
867
98
847
535
483
41
746
746
947
739
64
769
769
769
746
769
629
739
193
658
121
746
883
658
579
947
579
947
947
61
43
769
817
746
739
505
844
104
628
523
496
483
505
422
505
898
505
535
157
121
505
422
483
505
565
672
114
739
535
468
483
59
163
163
287
977
746
29
816
599
740
565
481
443
739
739
746
746
49
121
457
505
422
554
177
769
769
153
114
53
109
938
791
791
29
774
422
565
41
565
552
613
380
686
847
882
815
245
245
882
245
789
114
475
333
725
333
580
61
366
61
580
104
360
505
259
245
625
279
725
746
947
847
565
163
822
725
80
475
816
765
822
425
897
686
493
651
252
245
629
822
725
287
625
527
625
527
580
574
625
574
625
712
769
789
894
49
318
41
917
493
505
505
822
61
824
824
252
259
199
535
257
811
811
49
287
580
134
769
422
493
493
580
535
49
864
61
917
493
580
61
811
786
61
41
754
817
771
496
406
513
96
107
96
493
587
587
121
61
806
947
252
746
746
114
786
252
709
521
199
799
822
574
98
786
811
811
786
461
852
565
139
786
735
61
574
116
670
61
574
811
461
49
538
461
867
811
609
461
461
786
262
287
816
677
461
41
786
625
505
41
791
252
385
252
96
554
287
510
225
61
96
878
252
252
346
789
599
96
96
917
96
96
591
96
96
96
789
252
978
96
625
96
822
413
304
252
375
65
700
799
786
806
574
252
330
49
878
878
817
269
269
398
385
816
96
574
393
96
61
686
5
269
252
564
837
49
599
554
221
740
96
221
740
815
435
252
49
254
252
254
76
894
49
49
413
799
304
625
535
799
61
61
61
475
49
788
76
920
975
61
670
883
790
484
505
953
49
726
49
510
510
61
625
295
703
685
120
121
763
894
535
920
41
802
763
61
883
457
61
252
106
535
147
76
498
61
354
400
767
763
147
938
763
80
920
920
245
938
136
556
303
556
763
411
634
938
147
59
61
313
802
153
96
61
802
96
920
96
120
96
96
76
568
195
61
96
568
318
554
554
613
96
802
625
613
535
552
191
114
510
510
61
318
96
254
96
96
613
96
96
613
613
498
599
318
735
765
258
735
181
562
735
181
735
535
613
905
654
920
110
333
920
920
333
920
613
96
120
920
555
333
481
481
857
333
346
685
96
726
398
934
469
589
535
390
199
484
43
464
481
464
96
61
535
379
481
161
525
590
121
469
555
554
525
469
61
554
193
554
431
252
535
498
700
700
469
252
252
252
8
181
469
181
451
789
934
535
904
385
211
425
481
233
71
481
481
423
625
634
625
423
425
525
425
161
625
161
535
61
613
613
613
613
613
693
947
40
613
693
811
790
195
61
96
703
753
920
693
934
613
613
613
72
61
800
926
613
649
613
649
49
649
575
649
49
649
538
209
128
882
909
72
926
61
61
406
613
61
49
464
43
72
49
790
61
649
464
513
258
496
649
538
538
634
791
451
601
61
481
46
613
41
72
41
958
49
601
649
649
601
731
49
755
790
49
601
318
907
521
305
43
875
78
791
560
791
41
601
41
812
510
894
601
559
601
535
601
535
237
516
601
791
535
535
535
237
464
106
535
769
601
700
403
623
601
700
535
561
237
119
481
535
634
535
259
643
535
634
634
237
535
318
123
304
592
277
121
121
46
326
72
147
460
49
591
920
264
318
504
318
535
304
791
791
791
121
634
121
791
790
790
791
49
731
791
45
878
709
791
937
318
45
120
774
601
601
697
79
49
43
182
468
381
400
535
3
791
697
163
709
726
43
460
601
310
220
160
121
637
791
938
198
791
45
116
544
504
791
586
3
561
855
49
613
198
49
623
511
791
601
349
537
703
49
511
181
613
481
601
791
613
504
41
72
43
49
198
198
882
637
12
637
220
537
463
49
463
637
580
304
569
198
934
525
49
937
318
857
801
537
470
463
845
845
703
198
49
193
882
71
24
304
977
98
46
463
49
198
49
304
954
845
538
598
49
49
634
390
119
336
49
49
499
460
896
538
574
318
198
464
198
464
198
49
709
180
318
46
182
182
523
336
574
417
72
318
934
526
464
526
464
709
219
538
538
464
538
336
46
46
934
672
46
823
46
926
233
934
417
72
46
402
538
123
49
463
532
554
260
46
12
181
12
987
504
791
934
791
703
463
46
46
934
791
934
791
820
634
49
49
538
49
185
11
383
176
212
709
136
304
485
304
709
709
714
49
79
304
11
181
703
538
535
538
121
703
703
503
49
535
238
8
8
303
8
219
791
791
686
46
678
11
653
46
653
304
816
960
46
774
774
176
233
703
830
703
22
310
181
536
672
147
310
525
121
525
121
673
233
538
270
318
634
119
318
426
305
305
762
323
305
800
762
563
305
426
525
762
185
634
94
672
672
181
185
780
199
91
769
199
209
305
409
774
937
562
305
305
91
132
304
867
769
305
266
280
318
435
525
199
426
266
426
266
535
304
318
608
318
503
535
444
637
181
820
742
398
535
409
457
457
498
41
498
199
498
920
562
953
920
495
310
412
535
672
266
937
937
937
266
266
436
823
199
132
537
199
442
88
258
212
181
199
481
305
937
199
318
199
212
823
305
823
199
937
181
195
181
181
98
190
190
71
181
46
98
682
181
181
212
318
318
310
212
892
535
199
181
181
199
181
181
310
181
181
310
396
969
310
310
265
199
265
212
212
212
506
535
506
905
181
318
817
121
663
535
318
937
457
199
684
199
457
673
46
673
634
318
181
538
535
771
174
673
673
279
199
629
174
46
132
46
150
265
265
354
92
817
56
318
175
175
212
283
774
195
199
774
663
515
174
318
653
574
538
538
174
892
538
174
882
574
98
893
818
634
872
693
872
320
212
729
22
538
291
318
291
291
46
199
969
225
477
79
663
629
794
824
648
504
415
24
648
538
693
824
470
562
562
562
198
653
24
318
824
72
343
198
343
920
79
42
958
343
574
42
212
608
470
212
574
409
623
648
816
535
909
318
562
79
562
79
318
205
503
79
535
750
442
918
195
470
94
320
318
882
2
937
623
510
535
562
774
623
225
123
766
12
682
750
2
594
510
343
634
510
774
123
791
212
969
774
817
817
535
791
46
120
2
503
212
559
816
774
752
390
370
622
149
355
817
305
305
535
370
535
964
370
305
383
109
42
535
449
449
46
370
707
118
118
164
275
46
191
634
905
118
196
46
408
305
574
305
305
752
91
897
212
535
199
46
470
46
229
574
969
574
46
574
929
897
969
33
2
408
212
212
468
527
46
867
503
114
791
391
120
396
396
110
729
709
791
22
229
756
169
396
91
2
689
38
689
574
38
726
396
689
629
689
396
91
88
91
88
318
954
653
750
613
613
539
88
46
225
396
225
396
22
652
46
88
88
91
212
91
46
503
98
22
527
46
763
91
22
189
145
88
88
88
634
313
88
88
574
318
698
313
801
22
969
669
293
22
362
71
318
185
536
774
237
892
71
118
766
515
212
48
48
930
48
930
138
43
385
22
415
153
730
112
920
947
801
112
730
71
112
864
109
536
199
318
752
318
410
791
318
318
495
807
112
536
551
105
945
807
212
118
139
503
451
2
320
200
762
505
864
864
95
297
729
762
762
118
864
505
46
305
438
105
438
438
237
46
224
937
438
643
224
730
843
305
366
318
318
638
196
182
46
920
525
623
112
885
196
574
112
947
112
221
885
676
383
676
383
448
112
438
533
682
271
947
964
225
196
930
99
196
383
109
182
484
947
653
271
756
271
653
383
383
271
515
239
594
653
526
930
969
383
271
791
938
920
266
396
634
947
947
648
416
196
763
947
947
676
445
2
947
941
877
947
448
947
766
448
925
72
251
806
729
791
653
444
947
343
925
817
938
316
653
408
947
316
947
416
947
658
529
764
251
766
195
43
632
632
766
709
867
566
223
709
29
256
498
885
948
192
766
57
885
181
551
632
766
766
2
538
574
72
438
574
444
114
239
239
766
648
580
682
126
729
2
653
766
648
207
408
930
766
632
632
632
632
580
632
574
495
491
185
729
192
729
709
289
298
740
740
648
150
580
763
200
109
109
221
109
344
185
344
219
494
109
574
574
429
221
969
18
170
947
305
134
648
109
109
653
648
18
648
350
648
121
594
491
406
406
126
169
322
350
525
46
185
495
453
860
920
634
289
210
634
219
210
123
657
121
121
169
905
62
212
212
289
121
289
657
170
289
170
515
504
806
817
817
211
344
982
495
299
515
469
515
634
665
158
134
634
634
665
134
553
740
515
429
491
515
665
515
210
515
57
515
491
491
439
665
62
376
513
376
841
740
449
379
515
515
165
515
376
212
841
62
461
230
62
634
597
897
835
376
239
239
376
376
239
376
239
445
727
857
835
835
493
121
571
132
857
343
121
19
393
121
936
672
75
468
239
396
634
62
62
212
225
574
299
525
495
574
326
225
603
857
857
887
857
903
653
653
406
665
698
248
248
538
121
62
857
634
121
121
406
857
507
312
574
132
62
887
920
665
289
906
78
187
857
634
570
114
248
121
802
199
270
199
199
574
270
6
515
187
574
525
61
212
370
413
646
613
270
800
29
646
646
318
305
821
646
413
646
195
525
525
632
270
376
349
646
187
646
632
611
376
262
61
57
132
905
508
152
152
621
648
416
729
376
84
685
623
292
611
536
14
170
322
515
735
553
29
529
634
219
211
470
806
305
515
305
219
515
860
920
187
735
634
105
376
860
75
170
170
609
170
57
912
170
709
91
187
633
633
733
860
376
817
71
396
291
396
634
653
376
727
966
892
892
491
491
469
536
522
632
817
918
396
320
632
376
198
611
632
135
376
634
313
48
925
817
19
19
376
632
121
462
376
632
632
19
632
563
152
121
442
305
538
910
193
632
193
29
151
29
151
193
396
151
318
146
465
151
396
151
199
538
199
151
279
193
396
193
920
196
469
469
294
469
193
581
376
320
121
104
104
422
104
104
920
135
240
938
151
120
938
920
920
29
199
900
900
651
104
634
493
493
632
948
651
305
289
571
920
99
462
729
857
729
121
599
410
469
846
469
905
6
920
94
813
802
43
920
462
892
442
443
920
320
634
91
473
94
320
91
287
781
170
19
170
223
781
318
318
376
84
491
629
632
877
195
647
230
376
121
910
212
629
121
629
121
877
546
212
305
877
196
894
60
687
243
781
60
43
877
292
679
230
877
55
43
163
686
169
684
169
910
621
629
877
344
704
886
212
886
212
886
289
648
271
305
243
769
243
886
243
571
163
350
266
163
349
704
469
196
886
729
679
243
91
170
838
170
326
417
74
196
974
196
920
679
265
503
575
289
977
802
920
443
771
443
91
771
802
771
704
687
709
292
498
248
687
248
265
292
48
350
51
305
920
920
920
350
774
629
498
629
629
977
319
292
877
94
94
294
94
94
522
94
533
91
515
806
459
687
948
422
920
591
476
163
478
574
385
410
781
350
563
294
549
1
158
305
158
305
503
620
350
48
503
974
1
769
319
769
611
434
262
410
410
574
410
629
492
629
753
769
48
230
638
769
43
753
509
900
345
900
574
846
753
846
974
331
522
846
95
574
469
94
846
230
769
345
546
19
611
271
61
244
373
445
350
350
293
704
974
611
634
704
549
611
386
689
974
465
771
51
704
331
293
846
60
391
309
48
331
846
562
754
704
91
946
704
469
469
633
270
331
350
946
771
243
634
920
212
315
355
315
783
495
350
611
591
350
300
197
495
350
471
151
974
6
175
350
634
376
442
91
243
495
212
293
293
350
153
495
350
591
591
920
892
920
29
84
350
18
350
591
350
684
634
243
345
175
469
750
889
14
355
946
355
355
946
355
315
197
835
634
783
270
946
175
593
946
355
946
469
938
29
243
243
951
910
188
920
938
974
175
665
175
614
243
673
175
614
243
938
938
410
938
434
614
175
974
126
126
750
453
469
106
196
783
920
335
471
123
405
104
106
14
969
679
126
673
212
434
938
956
806
608
938
938
938
478
938
126
938
938
449
442
769
944
935
599
336
573
58
938
614
196
270
789
469
964
315
434
315
783
591
84
591
188
336
960
113
726
726
918
465
465
938
750
920
471
717
429
938
126
132
429
126
717
465
938
355
608
465
51
384
527
530
471
530
599
614
465
614
985
465
886
886
985
247
599
247
648
922
886
315
403
515
51
515
900
428
270
726
29
84
315
704
29
212
336
265
106
781
106
61
317
539
551
187
551
201
270
806
713
304
920
247
42
312
315
687
315
98
687
315
648
458
920
964
946
132
300
106
300
89
458
315
905
892
608
826
201
938
878
920
521
938
938
920
938
938
581
938
51
134
729
151
648
532
211
946
633
938
41
300
41
41
938
937
726
405
985
780
974
946
746
679
591
212
472
472
43
937
270
937
894
679
634
634
41
648
591
434
581
781
938
287
371
634
591
163
72
434
515
515
189
387
189
387
270
42
451
369
472
581
581
247
300
438
158
591
247
591
458
610
581
212
581
920
581
704
371
806
42
371
371
726
515
434
515
591
434
581
42
42
660
434
126
126
581
212
270
434
270
270
126
126
581
104
492
717
717
717
126
638
126
504
304
633
908
178
138
638
126
717
492
717
345
581
920
920
369
781
42
42
581
581
515
515
306
985
581
726
985
75
610
75
169
75
75
985
985
136
136
112
477
985
985
212
199
515
75
515
515
974
731
187
113
75
515
369
369
477
221
982
369
106
369
106
75
684
195
300
90
178
880
749
806
75
704
75
178
726
178
75
75
89
905
894
59
151
75
634
89
371
946
75
48
176
634
687
634
700
187
212
106
434
106
498
106
106
517
665
665
371
369
665
369
665
212
614
917
551
369
195
665
212
761
212
212
42
665
792
563
274
937
717
830
938
962
434
665
830
43
665
425
306
622
789
665
211
938
83
306
634
271
493
938
838
665
830
335
471
212
211
338
106
660
789
905
103
938
937
704
781
770
633
369
187
660
633
633
103
704
306
306
668
380
397
329
633
442
517
456
212
67
789
614
687
469
103
434
434
781
299
380
144
614
731
32
167
614
633
348
46
524
813
918
517
348
985
440
274
880
704
704
946
806
704
380
67
405
274
456
42
253
774
614
774
614
274
380
493
274
106
668
668
441
979
938
103
679
441
380
717
477
781
698
147
380
633
274
938
380
151
634
979
938
330
801
985
938
813
783
517
190
524
547
938
440
780
524
789
660
938
937
547
212
547
547
212
189
704
399
969
704
420
634
918
938
42
434
704
441
212
84
361
84
726
39
103
160
539
918
749
704
441
60
166
527
985
434
441
660
704
937
704
660
517
704
726
726
84
517
937
766
894
441
441
517
938
503
434
648
783
704
187
420
504
91
212
657
88
372
415
84
43
166
767
166
84
938
428
106
215
215
306
971
383
789
166
84
99
245
535
160
535
160
99
938
246
6
583
215
212
103
160
27
546
330
317
160
330
84
84
212
84
633
906
633
166
938
938
938
770
633
212
885
633
112
469
885
621
628
132
212
355
555
469
709
212
339
441
441
212
783
838
442
885
212
132
878
361
763
361
536
353
441
212
91
103
91
680
535
371
361
299
535
434
115
52
106
750
212
61
119
91
910
823
634
823
634
442
938
823
935
448
504
187
212
160
84
348
535
212
84
546
668
546
442
546
442
428
371
364
823
442
823
563
885
792
728
37
709
160
938
442
442
212
673
161
938
246
97
469
938
539
434
91
317
442
950
950
317
950
246
467
680
885
91
867
867
317
274
539
306
938
885
634
46
818
535
441
441
115
299
607
442
680
372
317
317
212
434
680
442
317
979
426
760
760
656
469
843
469
885
99
885
469
95
119
843
469
938
656
938
938
912
938
108
938
912
99
246
212
212
680
469
274
469
818
950
50
532
117
938
117
818
469
469
442
246
979
469
604
469
490
469
513
513
469
938
700
212
108
513
469
634
634
517
402
99
301
301
634
210
210
383
476
634
705
717
950
680
604
469
469
634
539
600
600
818
938
600
634
469
634
717
717
476
469
634
521
539
717
469
539
7
539
693
377
668
377
469
564
377
950
950
535
368
938
950
938
48
48
950
48
221
950
656
91
938
522
151
600
442
434
870
758
818
535
938
42
547
547
693
600
547
847
634
658
938
658
221
946
946
938
442
78
426
469
434
91
91
627
99
582
725
535
693
414
573
132
946
434
522
535
832
892
39
194
469
13
242
119
361
504
203
892
535
535
271
334
535
132
535
241
787
246
221
662
787
91
700
275
522
787
708
20
847
608
330
608
787
727
787
634
760
760
535
787
469
535
212
600
607
802
535
218
330
535
843
638
246
414
361
905
946
802
627
802
330
330
843
414
725
535
517
517
850
818
972
230
638
241
372
151
850
320
850
320
627
573
573
880
172
212
163
729
687
600
938
763
779
151
787
54
246
493
923
880
847
693
950
850
843
469
212
668
843
405
494
117
434
212
564
287
727
48
246
600
611
194
703
880
850
48
693
48
85
85
320
48
898
320
48
658
187
503
658
209
187
98
187
898
212
194
98
938
638
320
430
98
430
98
575
693
160
646
896
611
611
98
400
9
611
9
659
9
400
400
489
218
98
611
611
885
843
938
972
434
604
693
299
299
98
430
92
61
416
150
315
707
818
218
98
634
634
634
818
152
885
330
611
825
369
600
634
627
627
634
212
687
141
289
634
802
212
573
634
920
634
559
634
152
117
48
641
391
604
493
292
845
405
850
669
187
870
659
416
281
950
950
611
668
416
37
212
434
634
98
289
166
634
611
50
117
830
845
221
845
845
845
547
726
583
634
870
713
708
912
611
912
387
469
281
808
37
37
416
634
946
898
416
634
469
845
845
289
845
289
92
410
410
410
923
634
410
627
898
246
845
727
416
727
727
845
289
289
923
428
631
634
705
416
543
923
428
634
6
813
514
928
845
6
845
337
371
637
124
923
845
370
938
845
808
950
784
454
830
281
124
106
627
972
416
221
416
714
524
946
532
392
689
61
521
281
524
530
187
441
669
489
638
218
564
41
218
779
215
923
106
106
215
972
41
734
92
938
218
930
41
845
371
808
246
416
165
679
124
61
347
347
938
870
870
354
416
92
779
664
779
627
278
221
92
416
972
489
354
308
923
734
956
910
956
936
377
936
31
779
132
132
132
495
652
484
535
714
936
787
278
278
808
774
936
971
289
787
289
956
714
559
779
779
779
469
289
41
430
611
984
747
664
45
41
41
341
90
769
43
740
732
924
917
41
41
898
41
559
509
41
278
31
693
713
559
41
924
726
532
813
713
117
920
78
490
696
696
117
509
696
653
634
693
956
634
732
492
17
923
634
774
634
634
774
509
786
634
774
734
774
936
813
611
845
416
78
496
41
374
374
163
374
153
923
148
923
612
985
985
898
774
774
148
659
374
132
845
288
465
956
529
788
864
898
634
416
165
627
945
696
612
416
976
416
312
679
956
956
416
495
612
25
529
312
612
40
679
312
25
612
105
312
312
945
795
312
25
845
308
25
845
25
424
312
910
592
383
971
535
905
600
361
288
312
40
971
312
634
163
246
813
819
157
211
440
495
704
288
529
521
910
679
905
659
20
751
93
591
93
591
40
912
494
910
813
910
910
971
910
910
556
813
494
38
924
374
38
561
561
40
41
30
500
243
500
529
78
672
591
41
554
25
910
554
25
78
163
78
554
554
410
813
509
634
341
659
78
659
43
43
959
959
312
369
78
945
369
312
717
383
634
582
529
959
369
910
369
471
416
905
714
714
959
308
243
592
78
910
841
567
456
910
910
391
910
393
374
308
308
959
659
308
708
175
308
704
659
959
308
93
93
975
168
959
93
45
582
923
308
298
959
220
659
959
502
824
959
331
959
912
959
959
788
299
45
925
391
331
959
458
45
551
99
629
99
550
629
629
51
500
551
275
763
377
213
203
377
45
334
45
925
233
334
629
71
959
754
959
71
213
959
518
331
213
976
551
448
959
297
959
297
391
245
132
97
959
959
377
704
348
959
959
959
841
456
297
840
270
212
97
659
550
659
146
917
740
308
210
561
905
98
225
142
696
312
312
297
788
763
945
946
659
964
348
916
275
175
312
348
312
306
312
308
312
297
948
799
763
502
465
732
298
298
312
312
372
917
535
732
792
762
720
229
696
865
1
37
43
762
298
840
762
762
343
691
626
43
178
704
696
175
62
99
816
826
37
348
194
735
535
465
99
731
799
243
424
383
704
119
635
740
97
740
229
591
964
964
799
799
741
348
456
840
35
35
97
888
97
604
810
635
742
514
97
312
763
514
840
757
433
97
424
97
829
97
704
644
456
242
53
668
37
497
928
298
298
581
275
763
696
977
611
945
456
732
67
733
970
502
502
175
646
792
433
978
433
627
309
484
456
194
970
298
169
93
93
928
99
840
763
487
487
348
611
905
487
970
691
484
487
72
348
704
99
928
458
464
456
456
978
582
502
502
763
970
763
37
763
53
928
928
456
97
970
97
199
959
691
39
28
928
628
928
229
480
905
905
611
37
342
905
946
946
215
977
611
727
148
6
58
970
495
686
229
628
970
970
970
905
727
840
624
495
148
946
905
686
905
148
378
356
175
287
349
200
970
831
148
456
306
959
353
116
905
148
456
831
556
99
298
493
242
383
264
495
591
959
731
905
264
875
298
306
875
365
691
831
298
298
298
99
831
373
353
776
776
776
776
776
99
653
891
905
167
383
554
298
456
946
233
877
264
592
592
167
905
905
938
905
99
905
242
58
704
592
905
875
905
905
938
733
975
733
923
248
905
975
776
488
611
37
148
148
946
148
169
373
373
672
7
148
734
365
37
169
898
169
169
733
467
813
554
611
611
131
611
99
811
148
99
91
635
342
456
508
456
813
425
978
811
643
339
943
456
484
586
495
611
383
734
365
387
905
567
387
905
977
960
655
875
277
712
411
92
440
336
92
948
714
821
586
169
277
37
811
875
92
175
167
811
452
175
175
131
452
508
537
840
666
312
586
959
169
567
769
628
92
277
169
169
733
277
19
354
65
831
905
959
905
248
836
905
977
131
383
815
905
248
420
567
99
270
420
175
495
248
420
959
420
643
567
91
763
905
685
365
449
282
420
49
365
420
763
365
131
732
420
146
19
99
984
19
495
733
159
467
99
99
959
735
735
277
348
306
308
811
306
709
19
851
910
910
735
964
696
67
144
809
709
584
584
749
45
709
841
146
146
641
290
450
146
749
975
926
146
709
91
19
19
792
854
277
19
712
712
41
19
19
544
99
591
304
709
119
99
119
763
277
242
277
221
511
859
259
561
215
210
869
143
495
905
495
304
588
588
565
495
495
495
561
815
315
984
315
984
834
940
315
428
465
749
308
315
877
315
147
591
561
877
221
163
834
588
278
192
561
763
469
458
458
409
495
201
561
99
469
662
495
469
734
469
409
905
318
926
298
495
458
797
315
495
114
114
495
379
114
735
403
458
458
403
433
907
114
147
458
964
458
551
125
125
850
827
263
125
458
734
125
403
907
416
126
802
611
106
315
458
611
416
264
339
565
458
420
396
652
144
275
385
254
184
964
403
24
749
964
964
87
495
940
495
429
495
312
24
425
24
225
964
972
964
379
125
125
125
125
589
403
495
167
797
749
125
420
495
495
403
911
118
739
248
877
429
850
416
802
734
537
702
416
702
125
702
14
724
724
312
590
137
416
355
64
734
64
590
416
926
385
208
64
143
315
797
725
797
64
305
305
64
390
125
64
64
880
433
305
433
305
163
64
198
830
64
982
64
830
734
287
590
590
499
865
499
198
916
865
734
651
538
734
652
107
106
406
396
406
385
961
865
287
416
396
406
406
65
385
385
911
385
911
385
911
385
305
911
916
916
26
385
911
754
911
865
385
236
287
652
192
385
385
106
662
840
378
416
961
72
89
18
416
763
416
106
233
662
916
916
368
840
865
812
305
466
385
385
385
737
305
617
385
385
440
699
378
208
840
840
208
385
268
385
325
385
385
345
345
980
385
811
287
763
368
355
652
6
208
243
287
731
466
763
520
357
841
287
287
466
373
236
287
574
561
416
6
106
910
910
537
702
916
887
561
287
943
420
76
205
840
840
120
702
9
606
887
940
671
670
594
702
287
287
763
416
134
737
157
236
287
815
815
520
520
334
334
648
213
106
355
98
520
98
520
317
777
350
157
763
763
93
250
416
606
9
317
546
977
287
546
126
802
299
711
520
396
520
841
287
662
724
961
307
307
667
287
350
385
671
671
416
9
840
763
763
763
334
763
334
350
520
349
250
109
275
520
385
640
960
128
98
611
702
275
736
275
416
702
350
635
275
109
926
210
423
333
926
956
675
275
334
275
334
385
731
567
635
194
749
749
567
31
257
416
834
567
416
250
670
637
702
85
956
670
635
670
670
6
592
670
635
452
281
275
956
522
415
675
725
363
275
385
865
275
299
275
592
126
363
956
635
114
635
363
905
956
840
490
46
363
114
350
227
46
46
562
46
602
724
240
275
374
567
567
440
637
850
637
781
625
424
905
702
635
363
46
363
76
454
564
637
6
350
114
350
233
637
961
300
46
702
724
840
210
257
677
850
151
931
144
702
210
931
724
755
430
406
393
931
349
702
931
911
931
724
931
561
454
349
724
112
349
749
724
980
209
840
46
393
393
393
931
747
451
389
112
423
710
840
137
911
672
640
931
423
931
287
423
702
849
221
931
637
726
637
726
363
363
561
931
637
137
137
9
931
423
9
635
561
637
567
244
637
144
385
834
670
72
731
847
652
221
144
734
186
221
726
847
847
221
315
483
525
847
72
847
981
205
847
653
840
298
298
670
977
878
107
221
127
385
977
385
385
525
803
670
144
385
977
561
977
453
118
747
31
406
454
181
259
670
637
525
670
107
291
58
525
956
525
142
841
648
383
977
240
240
975
9
757
609
525
749
525
525
840
181
300
711
747
363
747
907
406
420
502
653
275
865
585
275
668
181
747
840
747
626
561
363
700
525
700
525
525
849
635
9
635
9
635
700
90
712
865
595
747
865
637
757
92
637
757
585
724
757
731
732
640
977
747
641
585
918
159
181
757
633
918
164
656
765
918
181
765
440
757
747
948
840
180
221
525
416
930
181
277
849
257
871
423
765
590
344
181
849
849
595
348
601
865
344
923
670
757
525
653
923
525
840
452
525
643
344
274
452
700
452
757
590
840
776
46
573
243
243
849
894
452
240
590
339
592
452
452
344
765
849
144
849
919
92
572
344
344
92
41
432
186
711
474
918
898
107
724
360
14
500
278
424
946
677
453
311
278
344
64
344
765
765
311
869
711
765
341
657
332
670
24
781
341
946
633
601
648
21
245
692
840
21
652
595
977
977
977
335
638
633
765
956
977
946
916
57
905
211
601
614
792
147
422
199
335
590
611
191
181
222
652
311
311
245
341
601
601
606
956
522
341
2
221
221
209
341
737
209
209
209
737
886
464
15
15
725
464
311
946
311
465
525
341
368
522
708
341
341
525
568
341
21
715
568
341
840
24
263
689
946
829
329
329
341
849
21
763
840
840
708
840
905
835
840
619
174
341
865
905
525
840
840
865
710
24
299
8
708
311
284
311
708
24
525
525
525
284
977
341
341
708
24
689
648
174
709
131
378
131
131
791
149
548
329
840
709
341
378
643
396
624
849
835
949
905
464
525
92
260
541
426
840
490
426
126
791
426
426
624
791
244
972
977
161
394
205
8
426
730
426
594
594
631
534
205
373
426
143
426
255
840
905
177
974
24
40
792
840
24
24
24
792
611
40
567
177
40
886
205
964
151
426
92
48
174
426
708
742
711
37
849
205
205
711
805
233
755
531
595
659
78
755
643
755
379
755
840
523
709
901
792
171
709
755
901
643
364
711
731
820
755
40
86
60
247
205
247
247
527
755
78
792
78
383
177
755
849
168
205
805
205
205
131
755
209
151
209
525
177
177
287
177
849
287
168
127
755
247
12
493
60
541
172
865
168
154
648
709
641
177
886
709
868
792
648
652
493
854
383
177
868
868
329
46
792
804
493
711
299
366
765
595
765
765
642
366
366
792
329
792
711
755
961
755
514
37
263
785
497
792
835
92
792
426
987
236
835
452
805
205
497
177
865
177
946
974
974
984
984
974
329
363
212
901
792
700
792
57
126
865
329
177
672
493
529
380
469
868
700
469
212
469
91
868
426
363
711
212
974
383
212
585
212
366
946
57
805
91
122
643
643
198
700
651
212
57
60
177
711
478
709
475
364
934
709
968
478
946
514
46
677
514
514
478
508
122
364
984
364
427
427
469
427
594
427
973
599
469
865
708
677
177
324
205
205
122
861
861
205
205
57
57
532
968
711
698
459
205
651
984
198
198
205
65
205
205
329
205
840
559
532
122
651
319
122
319
431
431
37
431
699
122
699
122
699
431
974
431
431
46
37
725
905
725
725
709
709
247
177
711
383
538
959
240
711
383
711
725
725
594
504
974
677
91
221
677
905
905
711
711
677
653
918
711
383
91
46
431
751
861
506
46
968
946
623
946
700
334
708
525
49
131
321
950
711
205
168
676
751
905
194
751
677
91
431
651
91
532
78
465
651
91
708
514
113
473
643
19
168
149
46
651
370
964
431
964
130
538
953
538
708
19
46
278
416
532
677
427
773
659
623
708
623
708
677
46
659
480
480
623
905
905
205
205
46
205
905
584
212
20
431
42
905
653
479
708
52
980
334
249
383
249
389
699
436
203
383
203
16
249
249
278
46
278
46
655
323
326
677
643
263
329
708
465
440
651
168
436
766
147
663
584
502
16
184
209
798
194
52
905
167
370
249
147
383
480
480
184
465
323
766
383
249
383
383
563
383
766
52
766
52
563
563
52
517
323
147
530
140
140
140
383
517
140
493
226
129
129
905
563
479
594
140
263
905
147
257
184
383
184
390
129
821
329
329
334
617
677
160
334
480
147
584
263
905
532
140
263
911
563
677
808
905
3
263
184
438
919
563
905
323
973
749
226
766
587
530
653
91
385
652
885
609
905
924
924
137
592
748
748
152
808
3
808
748
808
731
584
850
924
731
891
140
383
792
766
301
850
480
766
850
278
850
850
850
924
850
833
563
850
479
479
480
478
396
167
919
834
278
226
517
850
642
850
642
711
850
791
46
404
464
559
833
833
46
46
46
46
808
833
46
46
46
228
941
614
924
252
905
134
614
676
46
905
280
951
769
953
85
391
651
651
323
46
924
264
950
834
834
697
808
912
953
611
771
677
287
754
427
642
836
836
349
836
512
677
512
836
734
840
677
887
427
205
964
905
964
905
276
427
677
887
758
677
62
388
769
175
384
981
617
734
175
152
504
565
377
555
46
677
152
654
792
205
887
152
887
905
905
872
152
948
152
594
818
905
751
508
872
670
930
152
169
333
648
912
287
209
287
711
287
628
148
427
960
840
252
617
946
563
424
252
887
905
344
242
930
479
215
431
127
127
930
762
788
175
948
887
887
438
221
323
232
388
617
46
344
287
215
517
762
873
762
454
828
171
438
354
46
305
305
152
948
711
587
654
654
366
366
430
161
430
930
654
262
654
781
788
161
869
813
262
813
377
654
262
209
209
654
948
378
424
209
872
788
813
813
943
175
205
117
117
568
175
175
287
977
305
445
46
762
813
299
144
617
240
762
209
912
209
117
554
124
336
260
554
594
385
594
918
636
209
640
175
46
946
676
935
58
676
223
223
676
912
912
640
650
223
427
676
392
816
816
816
117
816
117
223
788
486
788
554
58
494
816
254
640
924
507
640
813
640
587
239
175
175
192
394
394
438
935
788
416
416
493
813
291
946
7
299
7
801
7
554
912
240
956
46
46
7
260
813
788
813
788
192
175
813
813
905
23
494
694
813
813
975
494
975
975
652
554
554
250
388
175
788
388
652
975
960
960
554
975
975
344
250
960
417
175
388
417
494
711
975
975
805
788
665
920
448
975
209
975
920
16
538
187
61
175
46
377
266
600
493
554
920
194
805
230
871
656
376
869
430
930
656
656
496
108
920
262
987
315
736
438
486
140
929
438
417
438
987
7
7
54
554
377
7
805
416
392
46
328
328
940
388
388
275
543
699
477
295
7
230
840
252
906
419
788
46
762
419
479
230
292
699
699
949
935
228
7
392
656
392
656
328
392
392
24
278
600
380
380
600
380
380
392
380
380
600
479
479
919
864
31
7
919
829
924
392
392
714
392
650
650
328
711
656
459
479
636
46
961
46
7
24
228
840
328
663
226
58
494
328
195
867
328
304
479
759
321
910
453
366
558
226
455
587
24
366
514
488
228
228
840
195
796
733
537
16
419
373
754
640
16
754
514
577
754
468
366
754
366
468
356
46
810
117
754
468
366
46
299
468
267
563
676
514
299
521
209
656
91
267
656
733
802
40
267
40
320
489
905
924
487
228
624
163
228
624
905
466
468
466
726
465
905
734
624
192
192
624
734
624
468
872
711
105
624
166
133
328
656
676
663
632
711
632
711
479
328
711
577
468
228
387
479
935
711
648
711
192
648
445
209
105
209
656
648
376
648
964
964
676
194
648
648
587
468
380
841
105
930
192
163
192
209
117
192
192
192
696
648
749
369
266
317
105
726
317
266
301
317
728
317
956
354
266
640
266
916
916
597
749
504
956
956
708
850
850
328
489
401
673
543
75
321
640
640
905
205
857
640
479
640
640
695
117
537
640
711
335
619
335
489
514
640
489
432
640
695
640
827
652
652
565
652
308
57
611
489
905
266
961
266
905
849
954
565
733
640
819
266
656
652
213
489
849
640
905
905
170
640
640
640
306
549
905
640
625
549
549
489
905
170
652
969
920
28
491
565
850
905
640
549
549
708
708
648
648
227
489
430
961
905
850
827
708
827
66
943
650
619
654
737
565
565
708
708
7
905
905
423
435
435
170
567
435
696
833
728
984
565
358
617
504
229
672
299
521
521
358
358
924
905
170
12
567
378
567
697
358
358
650
648
378
648
650
567
648
378
648
650
567
526
905
289
567
651
435
287
12
435
651
12
170
905
435
695
378
378
676
358
708
435
358
733
857
650
800
803
4
619
320
138
4
803
12
378
4
4
431
308
835
163
835
4
862
526
378
457
835
4
378
457
358
358
803
378
905
4
435
504
413
435
845
39
228
40
963
526
19
435
378
378
963
695
946
378
361
46
695
526
803
378
363
526
451
358
695
526
495
527
40
324
567
412
526
192
435
741
587
192
457
617
699
457
984
799
361
457
361
361
40
527
420
541
760
370
435
504
435
765
452
728
430
541
192
457
452
452
963
90
550
90
810
708
435
968
968
625
435
550
324
140
370
796
40
541
541
457
40
907
869
571
726
963
40
131
238
862
541
238
733
435
436
699
973
834
806
699
733
86
370
541
799
370
973
741
90
404
90
211
324
324
54
726
435
963
435
278
550
656
550
435
250
738
435
434
778
731
264
738
278
526
963
436
404
452
963
149
54
54
90
695
54
54
220
867
823
987
54
629
878
299
878
741
905
765
550
452
435
869
435
157
435
157
373
733
344
987
906
786
73
435
54
435
373
733
275
435
91
404
404
526
699
905
449
526
404
905
506
905
405
86
435
489
555
526
473
212
725
228
71
699
699
434
857
662
662
435
228
435
360
662
124
725
725
124
452
404
467
452
452
614
435
228
741
435
84
435
358
538
467
652
404
672
963
110
435
110
435
430
73
170
930
871
394
452
452
394
452
275
725
110
435
187
941
941
987
170
567
625
891
941
550
550
583
550
435
119
452
170
725
711
758
891
834
452
452
550
185
185
220
651
220
278
220
435
452
452
875
905
861
843
547
711
929
965
128
987
843
211
245
891
968
332
965
715
414
590
526
467
467
965
550
725
929
725
386
725
610
504
928
928
194
891
922
905
905
504
194
320
211
361
454
798
211
361
361
891
361
212
963
963
44
276
610
610
189
891
929
891
245
170
44
220
919
582
929
977
269
929
977
977
891
929
211
725
136
725
361
361
815
217
317
541
504
545
618
977
891
625
921
589
541
504
17
725
725
590
912
769
455
161
17
585
504
17
905
373
681
912
361
269
7
361
683
205
471
194
471
484
471
164
194
504
57
484
211
891
683
17
504
17
269
44
44
162
881
435
954
526
234
590
40
136
269
269
657
365
488
595
504
213
211
213
504
504
161
161
17
504
756
241
753
654
44
769
526
965
234
57
138
509
681
534
617
161
161
617
504
220
617
809
756
435
361
683
220
435
17
361
435
504
435
138
683
152
589
589
589
891
930
435
504
91
606
452
617
809
132
132
138
301
57
534
267
891
267
965
784
681
287
57
720
435
554
800
681
276
452
452
194
905
30
868
51
868
534
805
435
344
452
294
91
453
815
891
267
267
267
86
766
91
209
833
369
727
435
269
452
187
891
905
833
375
782
267
881
86
815
128
672
269
929
837
275
595
132
727
370
563
667
877
829
414
930
406
681
435
86
86
189
171
132
147
147
924
44
449
267
676
672
877
414
61
657
705
526
759
269
95
467
923
95
203
360
924
924
338
220
90
720
91
929
877
37
924
924
278
438
438
90
438
725
929
7
91
449
526
132
361
129
59
59
59
657
733
733
59
234
472
220
269
220
406
153
646
625
192
912
681
987
929
114
877
128
454
877
7
91
733
348
348
452
452
452
359
359
929
651
192
254
132
881
344
613
919
905
929
905
344
344
359
545
19
374
786
435
924
414
534
506
924
132
459
905
705
86
905
14
57
13
567
905
805
95
187
550
14
128
212
452
365
452
843
173
982
14
212
212
545
212
982
212
299
14
907
681
276
331
766
667
331
921
921
681
944
921
434
921
90
921
254
247
961
247
275
651
921
326
905
19
944
276
944
269
905
827
247
187
510
299
489
132
299
556
86
86
921
435
212
132
132
451
30
890
571
523
829
618
829
251
486
212
556
805
805
489
803
770
882
212
212
276
523
512
509
833
872
406
91
924
406
696
361
406
929
523
677
770
636
758
44
868
681
868
868
571
489
788
294
331
44
733
731
959
803
367
929
199
169
212
367
212
212
169
489
894
212
424
169
489
571
60
60
247
60
247
843
53
294
912
44
358
486
358
573
926
84
84
526
84
60
275
60
248
131
212
738
959
212
864
526
248
526
248
321
248
738
153
526
119
203
69
959
69
526
111
609
111
203
526
241
241
905
564
905
132
117
241
13
111
117
13
241
40
40
346
890
571
930
939
583
738
435
285
187
905
203
331
248
169
695
478
170
944
944
616
616
331
545
331
212
248
424
451
545
451
192
489
815
905
212
696
131
980
234
980
285
153
212
905
321
212
905
212
877
46
377
446
488
183
399
199
91
792
980
199
199
199
980
446
435
285
435
207
199
435
199
446
446
435
309
446
680
128
187
435
248
872
487
435
487
877
284
187
716
842
324
153
437
786
716
872
489
40
872
132
91
446
14
254
69
91
772
435
321
212
487
877
489
926
489
153
435
777
777
488
977
755
435
268
489
268
489
268
268
435
842
681
681
169
681
842
153
435
489
452
265
606
294
631
948
169
268
470
489
169
282
169
834
625
435
905
487
435
526
268
386
268
183
367
889
478
367
552
552
701
552
905
367
489
905
183
183
468
641
331
489
641
625
804
804
781
781
868
781
868
435
91
552
641
905
366
506
745
489
641
435
265
276
611
921
488
153
355
355
584
584
430
430
284
584
284
487
487
265
265
430
487
489
762
452
783
131
153
656
859
153
859
905
783
453
131
359
921
804
905
804
905
877
877
168
131
882
984
584
182
506
131
350
131
192
192
616
471
584
168
607
882
324
882
489
526
128
128
868
868
625
386
625
32
371
182
331
168
213
350
350
131
674
131
868
751
703
984
676
984
881
625
168
168
471
168
353
131
168
386
561
131
630
471
168
386
285
625
331
703
905
607
905
905
392
3
381
676
758
676
488
745
526
101
893
893
168
509
526
150
3
195
862
131
168
905
484
131
484
526
821
3
131
131
489
781
131
392
641
467
592
592
782
192
782
781
150
781
150
793
526
758
131
877
433
342
435
150
489
361
435
474
556
435
552
882
331
381
128
198
905
435
435
435
497
733
386
725
386
265
781
221
381
168
128
265
265
950
742
905
471
154
496
762
905
778
131
742
198
198
198
708
386
265
742
110
584
150
150
331
742
483
924
742
189
924
708
140
679
893
198
128
875
128
198
742
746
523
746
131
198
131
762
742
571
277
150
878
640
110
640
709
386
386
91
561
878
30
878
452
531
435
386
905
91
378
408
680
331
91
275
320
53
435
435
762
435
523
381
435
110
275
275
616
855
531
435
584
537
616
296
456
881
616
296
154
435
584
435
385
100
320
435
296
882
435
30
46
18
974
212
359
64
708
653
974
762
51
616
708
30
742
189
809
244
809
708
708
974
365
331
202
435
51
132
742
488
435
435
905
214
152
214
532
584
214
214
709
584
775
37
709
709
978
891
435
709
284
884
284
472
21
294
496
574
198
435
101
584
331
882
471
872
446
834
399
571
275
709
467
331
565
571
275
921
244
100
905
532
725
584
584
435
800
834
386
209
386
386
872
363
363
742
21
140
214
302
284
435
905
962
645
7
813
813
715
582
489
726
331
726
584
467
64
140
7
726
726
140
435
435
950
531
365
284
89
584
284
284
212
140
709
531
531
446
435
489
557
363
531
957
489
557
140
864
446
489
489
91
91
861
861
478
561
147
861
557
361
531
202
140
398
489
726
97
821
546
821
821
518
187
89
189
202
473
546
140
726
546
774
557
671
140
321
140
435
557
140
659
140
189
189
140
577
331
147
119
331
140
350
435
435
168
473
435
577
435
784
435
552
435
508
187
473
100
446
446
619
552
140
552
508
435
508
350
359
187
452
446
446
189
944
873
873
264
905
264
331
214
268
30
557
488
140
478
528
327
861
746
331
147
534
861
452
37
37
720
435
551
677
124
551
147
551
905
358
478
247
247
882
551
386
478
168
478
247
247
52
592
432
247
247
933
861
39
528
39
478
478
189
189
792
228
435
168
861
65
872
384
837
247
89
331
331
837
837
726
478
489
625
265
478
147
526
147
147
418
961
384
478
651
624
986
147
168
986
940
785
270
187
615
861
861
489
284
478
961
921
284
986
294
478
270
53
339
147
624
615
624
325
782
4
986
81
331
986
296
510
872
147
267
331
782
782
552
453
334
37
624
478
194
606
234
497
977
340
306
787
209
489
358
861
267
477
671
477
92
428
478
552
92
782
194
877
284
873
905
873
697
905
923
968
347
435
905
842
534
980
4
194
905
433
923
809
478
428
905
452
905
769
194
961
487
743
905
267
455
743
825
21
33
209
960
787
553
146
769
435
28
428
747
265
33
355
782
681
340
528
40
743
625
28
28
825
948
825
948
743
948
743
948
825
825
948
478
428
697
94
94
825
94
743
743
825
295
792
478
536
478
214
625
928
571
65
634
453
212
905
205
905
205
873
905
840
98
417
582
582
940
632
168
435
825
428
528
428
100
502
793
455
428
428
217
905
428
48
803
975
455
320
536
905
46
905
72
72
4
803
69
706
489
72
309
948
706
456
611
961
489
848
468
824
72
72
489
671
455
187
905
582
905
582
471
692
435
923
923
85
536
905
536
187
194
187
194
187
933
905
48
331
194
747
45
234
705
375
53
331
923
435
726
861
48
861
940
194
905
11
787
894
905
143
11
905
358
840
358
895
471
905
773
489
489
471
453
613
435
326
446
905
649
905
905
331
339
358
923
435
339
905
19
217
613
788
194
675
194
217
905
285
194
161
675
217
456
217
217
905
913
432
927
689
331
217
456
456
896
296
905
342
65
217
331
194
675
296
477
296
456
896
85
194
65
296
905
726
4
905
4
91
4
896
905
905
923
217
877
653
905
689
896
697
217
788
814
168
945
896
896
945
788
581
488
574
209
896
354
634
814
561
787
287
780
194
905
264
194
632
905
905
287
217
287
249
539
217
798
539
471
471
785
654
214
214
905
476
948
905
214
905
549
791
150
194
905
52
653
738
791
119
411
536
94
536
411
476
657
581
217
635
284
635
798
635
822
940
141
189
249
536
150
116
940
581
194
456
791
404
791
325
585
316
375
923
791
232
154
705
905
642
609
329
92
894
367
46
150
961
46
46
194
186
46
186
788
905
877
624
489
799
905
454
961
961
46
657
905
821
234
894
48
77
894
574
489
48
577
312
657
411
577
798
657
66
905
496
331
577
577
331
761
173
217
894
697
894
894
168
168
798
94
489
489
186
331
257
657
489
877
489
284
893
331
322
727
521
169
186
894
893
984
186
894
893
489
697
412
761
781
152
893
232
280
624
893
624
186
893
244
342
169
798
342
186
893
624
877
905
574
798
445
488
488
761
232
131
356
893
87
217
217
342
616
782
756
981
217
893
217
217
217
707
949
894
356
886
788
886
331
234
131
928
355
428
331
539
511
798
234
355
511
726
539
894
342
454
798
454
897
574
356
788
339
577
577
489
489
489
489
788
356
131
632
489
214
788
877
473
843
187
616
893
893
114
554
114
893
342
342
877
822
264
893
100
100
428
894
488
488
834
445
342
527
570
570
642
100
100
706
445
234
961
141
984
799
461
543
561
945
642
94
539
713
662
775
287
554
488
642
599
138
961
923
872
53
53
454
713
642
642
232
489
342
984
782
397
765
612
356
961
961
100
259
232
326
893
397
418
798
246
642
896
851
280
877
511
61
50
568
893
761
53
61
454
454
246
893
355
568
804
287
312
246
961
187
554
546
511
642
194
893
386
642
600
198
779
662
779
189
249
428
825
765
971
905
779
232
853
232
419
246
246
905
905
312
232
232
550
138
662
89
894
89
394
872
383
872
713
152
246
890
584
509
236
981
232
454
877
232
232
232
909
489
92
138
138
894
234
671
633
697
671
961
324
359
633
894
671
455
861
920
149
820
215
961
671
970
489
637
633
850
241
850
324
779
851
961
851
633
511
244
92
877
488
488
961
779
488
346
241
650
945
246
945
367
326
945
326
945
872
324
324
244
99
872
169
40
412
257
570
488
488
324
198
509
235
509
324
235
324
324
244
496
445
99
798
383
53
180
53
872
445
316
403
872
519
53
853
853
232
554
367
461
331
257
356
108
853
108
853
108
544
853
244
582
677
50
187
342
326
326
326
544
882
246
490
853
375
244
599
452
452
490
490
827
595
189
452
452
452
509
187
19
282
838
838
872
877
232
431
100
367
490
452
490
452
453
178
798
853
896
244
872
381
381
164
367
453
872
763
453
453
453
490
324
324
905
55
452
169
244
326
912
912
441
825
453
825
380
490
169
488
905
168
168
324
851
55
246
452
386
418
246
452
896
91
850
629
246
581
452
723
246
805
762
100
839
100
194
82
240
882
223
478
507
46
232
232
912
723
912
930
489
723
141
489
778
489
748
748
232
355
568
489
757
340
905
253
288
613
613
320
489
168
839
91
296
168
905
47
905
762
963
770
839
779
355
554
613
613
599
723
355
507
624
723
493
644
267
507
930
872
568
613
642
288
286
189
568
228
613
805
377
662
613
412
493
682
507
248
428
720
554
613
948
826
905
364
91
523
91
100
961
33
978
437
905
447
554
196
129
626
359
625
554
554
897
905
371
554
963
930
592
475
184
321
897
384
108
50
445
447
963
562
629
626
626
28
820
599
630
207
554
326
930
945
934
619
958
562
665
872
897
805
273
572
650
490
320
320
320
798
877
815
626
470
877
342
488
562
572
872
624
490
958
472
490
345
582
582
358
228
626
582
626
292
624
788
624
246
33
727
275
129
757
490
275
437
818
432
482
322
322
641
905
629
699
699
342
861
238
476
502
128
699
248
563
275
983
768
248
117
958
624
82
642
490
624
46
768
225
225
699
217
219
244
356
624
562
158
225
562
475
713
489
82
217
19
572
184
872
872
219
685
488
840
685
397
685
397
685
397
685
985
253
333
822
219
685
685
562
798
713
909
685
872
872
872
75
897
383
331
562
217
562
447
957
212
488
219
957
562
957
562
957
356
82
453
562
217
562
257
46
257
562
440
549
49
49
454
28
562
937
343
355
624
489
82
257
219
957
205
462
82
275
275
878
356
727
237
773
219
480
412
50
8
831
957
412
958
217
82
488
294
355
497
457
600
173
343
217
488
217
275
252
261
198
294
507
856
294
507
856
294
358
877
342
117
562
507
153
550
550
877
302
570
507
570
294
488
42
342
352
352
352
342
217
198
41
198
221
569
983
654
342
555
246
19
958
983
127
127
957
544
384
957
217
342
687
342
49
342
646
355
489
296
905
570
765
875
558
726
49
49
726
342
307
872
480
652
127
221
957
489
647
652
948
765
149
384
565
158
212
301
824
647
647
592
489
872
212
687
489
673
647
340
647
947
642
489
145
430
489
380
489
611
489
49
489
905
435
145
145
219
489
430
489
430
905
49
905
905
430
905
647
430
489
385
489
947
141
647
647
647
430
626
673
277
905
430
430
563
270
258
385
700
385
824
905
400
141
878
127
356
780
430
780
905
49
189
454
145
488
488
145
234
49
905
355
46
937
905
429
145
652
412
277
412
342
46
430
905
511
957
511
214
872
629
46
366
366
46
366
46
355
355
395
905
511
342
234
46
642
211
732
592
263
629
486
486
366
486
46
824
486
661
430
824
298
142
562
496
480
480
732
732
905
773
773
46
480
216
872
306
872
687
872
376
782
46
554
591
454
642
335
591
558
782
480
877
905
381
872
872
826
454
299
90
90
660
872
18
90
549
203
385
395
395
385
111
371
905
877
877
395
642
916
211
395
642
629
674
505
905
601
358
642
505
454
211
509
164
642
904
429
376
570
486
345
270
629
429
221
418
134
626
164
395
448
448
46
400
957
46
49
49
261
61
665
642
46
46
358
835
588
835
221
665
164
782
134
488
713
46
134
46
46
489
164
489
164
489
489
46
46
948
489
436
948
395
626
713
642
90
665
134
395
134
46
49
46
134
46
46
49
626
111
111
46
111
324
626
111
46
712
368
49
441
46
934
905
600
134
600
345
489
700
905
46
383
829
541
662
441
489
713
371
149
508
149
713
562
20
905
626
214
905
371
848
958
905
359
630
52
52
630
822
331
814
49
621
905
75
344
957
297
821
505
821
441
277
96
20
621
905
324
412
958
96
530
96
881
877
558
881
881
96
896
562
505
505
881
505
20
287
270
905
270
277
879
20
289
905
411
484
846
558
981
342
958
500
958
879
958
37
734
558
879
20
621
270
558
948
46
96
348
861
263
461
355
355
297
371
591
269
52
877
20
20
89
244
821
591
861
281
861
815
815
896
896
89
896
96
195
661
486
486
437
261
371
896
877
861
815
558
486
905
16
600
948
815
815
815
924
591
815
297
61
133
876
813
861
861
106
496
769
553
228
228
815
500
244
20
860
860
100
815
685
685
685
153
511
500
511
958
248
412
958
685
591
685
948
958
206
958
371
132
244
132
352
49
773
910
558
861
685
359
558
583
585
839
480
477
270
815
270
583
270
876
132
173
359
591
758
966
860
289
244
585
49
585
621
194
877
864
345
52
91
562
558
511
787
289
270
345
682
345
787
747
404
747
558
877
877
49
342
194
710
518
132
132
105
877
248
511
518
787
518
132
787
787
861
787
507
787
787
518
171
132
518
518
132
404
577
577
439
359
52
585
848
13
13
173
848
404
404
404
404
49
13
518
142
244
489
978
511
404
272
404
773
226
211
518
905
519
905
345
621
345
272
195
394
978
921
272
340
44
340
192
542
672
172
272
252
542
861
542
289
652
164
584
673
905
523
270
821
786
497
497
380
289
934
886
879
708
508
584
821
816
20
432
624
861
861
770
905
770
947
905
861
497
905
802
600
105
420
432
215
340
140
905
519
523
245
395
470
272
872
475
475
140
488
971
475
782
971
971
877
958
491
310
225
462
821
225
105
782
634
304
105
304
105
105
523
958
747
272
626
704
364
704
105
105
595
49
105
704
105
704
105
815
877
270
782
49
704
187
240
412
947
289
704
626
704
49
261
879
164
782
782
49
483
629
782
432
404
815
815
475
298
364
249
629
723
20
852
905
756
629
322
629
164
562
591
821
272
371
518
687
597
519
597
52
403
410
272
848
782
978
211
930
49
171
597
44
905
928
20
601
705
345
930
445
890
298
890
518
477
947
727
727
947
666
890
20
776
20
20
289
20
461
583
497
376
770
727
275
493
166
414
890
890
890
905
289
20
171
896
522
166
158
890
890
666
905
905
491
322
763
475
597
685
864
475
597
597
728
905
626
475
158
815
815
295
13
489
770
20
835
77
815
549
414
930
414
728
414
158
815
930
531
531
475
597
489
897
477
437
13
728
620
728
905
232
568
472
568
916
13
666
317
335
489
628
518
44
303
598
317
49
534
728
958
340
225
13
475
210
815
210
815
210
815
210
89
728
568
905
945
905
599
815
553
518
835
13
317
49
252
252
152
518
568
983
815
905
905
905
905
305
705
983
983
166
166
905
275
815
439
815
44
41
945
945
940
252
147
13
629
726
414
726
140
726
726
77
951
261
945
815
945
166
166
905
934
748
728
13
647
787
626
705
305
959
748
705
331
670
317
748
352
748
905
554
257
728
748
178
257
951
905
934
79
934
79
50
50
17
179
79
186
787
301
728
621
934
152
152
152
705
152
770
298
13
934
877
376
298
849
179
152
905
142
739
152
21
648
554
507
728
705
721
158
350
934
705
705
905
474
518
395
705
470
322
322
322
211
211
835
835
13
835
595
748
489
905
595
301
61
275
13
44
298
485
376
507
376
461
785
905
518
470
792
905
595
575
785
322
804
87
728
905
648
629
905
821
648
310
785
61
14
377
816
792
934
517
79
554
792
554
705
792
50
879
792
295
792
792
448
792
954
399
705
879
152
272
20
905
504
874
275
504
792
629
934
905
905
61
26
984
705
835
934
34
50
864
559
676
676
847
880
835
835
832
789
340
272
705
905
147
20
676
676
676
600
832
272
809
489
934
984
545
272
948
688
832
832
163
864
879
55
832
545
789
34
554
248
554
310
411
310
684
607
684
383
411
383
383
383
962
763
689
600
792
489
408
20
147
607
345
147
684
684
479
835
172
607
172
275
172
495
948
549
961
504
984
495
607
549
961
517
298
172
171
265
961
763
310
232
607
232
981
705
607
504
607
971
418
471
49
961
607
448
607
316
175
934
246
608
689
516
893
139
648
723
417
675
748
607
607
905
511
147
792
167
704
607
298
298
186
679
695
608
930
607
291
704
704
704
677
718
167
167
789
893
426
411
411
704
718
718
936
340
677
616
562
704
161
616
616
601
616
298
340
616
616
748
616
704
628
733
615
275
615
733
675
10
616
275
792
275
175
615
432
197
470
615
615
470
628
504
197
553
615
905
197
489
792
316
951
607
489
5
675
49
614
13
340
13
350
777
350
583
951
718
345
290
829
417
829
350
718
350
792
461
383
152
718
234
417
978
718
978
947
197
947
61
947
197
417
5
417
197
947
298
947
489
345
489
265
272
934
517
20
889
905
583
704
226
704
277
947
35
272
934
425
714
714
905
652
910
432
599
889
947
934
934
934
947
583
446
316
792
219
934
611
562
611
264
273
312
905
290
905
893
35
929
257
257
154
257
489
345
549
146
893
611
641
383
383
20
893
411
367
291
367
679
367
49
383
417
860
290
893
816
712
291
291
367
489
291
367
679
172
679
679
905
519
367
717
35
636
592
489
592
893
290
592
373
893
612
502
290
154
905
290
257
446
553
553
441
441
283
49
163
446
893
893
599
172
189
641
303
35
197
600
249
298
376
190
807
816
924
139
807
893
641
807
703
910
404
641
962
893
290
313
893
100
968
629
489
351
502
290
517
703
517
861
502
383
146
61
905
290
411
283
214
214
214
283
290
913
214
880
35
331
53
504
905
30
504
446
905
411
905
172
861
945
905
714
971
951
971
290
468
383
217
217
283
468
517
159
599
190
322
403
351
508
477
502
487
41
41
879
96
383
280
503
190
746
636
454
849
692
879
96
96
283
692
637
249
692
905
349
705
489
453
489
309
309
441
120
96
879
679
489
905
905
371
517
879
705
154
46
611
905
546
489
120
947
17
17
905
677
17
704
96
947
335
677
154
677
335
592
947
335
947
870
249
249
705
356
726
154
454
905
269
86
154
154
154
671
679
726
371
726
905
921
921
154
870
494
921
316
714
835
905
216
905
671
446
611
295
356
383
383
705
705
636
905
295
905
905
526
526
905
921
905
526
835
35
446
921
902
237
167
86
896
86
730
679
979
356
446
843
905
503
366
466
558
239
979
879
526
446
526
446
611
611
494
905
494
621
782
511
905
971
607
565
565
86
879
86
531
225
518
531
518
531
913
671
494
913
913
309
275
629
905
263
685
726
356
382
356
565
494
254
880
758
205
263
511
237
275
880
905
546
35
565
565
518
494
618
298
206
775
446
373
511
981
981
825
356
119
782
531
987
987
616
987
518
971
947
971
489
411
234
706
705
614
356
147
33
206
611
494
494
234
446
489
494
373
671
160
775
981
709
33
489
893
33
511
33
987
147
987
206
162
630
361
753
46
490
86
987
508
542
878
753
274
511
46
804
489
489
33
981
891
891
738
35
784
785
206
420
709
570
893
489
322
503
504
206
209
981
206
44
570
564
564
206
705
570
565
728
488
489
565
73
565
489
811
489
172
226
753
479
479
73
905
489
879
172
234
172
223
172
829
542
488
570
611
559
570
570
73
260
73
565
330
813
570
824
611
508
321
931
259
706
321
542
892
611
611
570
831
611
570
831
570
831
570
831
905
456
321
831
259
298
489
298
611
237
958
456
462
804
570
462
330
705
705
259
701
611
616
259
611
236
975
259
259
152
829
709
902
829
259
616
479
172
657
600
461
259
611
611
616
705
600
489
462
603
804
259
172
411
707
31
160
527
820
820
829
259
611
298
829
298
820
820
570
172
172
717
199
948
199
616
570
745
570
234
737
144
321
234
756
234
756
234
462
621
756
321
226
470
315
197
261
259
259
461
259
81
321
326
168
259
953
259
905
470
205
709
600
600
321
611
322
259
706
259
820
707
491
295
226
652
709
507
507
274
975
905
701
489
172
317
141
756
175
289
905
905
461
47
570
652
905
905
905
461
905
259
905
962
905
600
210
367
257
820
560
534
560
257
531
820
329
295
820
326
263
560
210
259
472
600
600
330
210
705
210
210
611
728
489
210
600
489
600
960
210
560
209
764
715
259
252
252
38
252
611
252
61
164
326
856
61
953
38
715
210
489
210
210
50
330
210
905
562
8
47
172
534
141
189
274
326
205
534
517
489
205
704
705
586
586
210
226
953
916
38
38
226
210
255
35
975
600
50
975
600
326
326
824
686
586
102
654
792
326
470
309
648
489
50
303
820
511
960
960
960
962
317
252
303
728
983
303
35
489
489
648
728
686
326
912
600
463
715
616
215
629
14
252
197
225
616
616
559
199
586
37
553
470
530
210
654
470
390
559
477
73
326
326
553
205
303
303
303
824
553
574
950
824
303
355
728
249
58
205
511
303
169
511
355
234
491
303
224
303
315
13
13
835
152
355
224
489
98
621
252
654
489
905
505
654
252
205
303
430
303
506
541
792
234
234
818
303
303
818
303
210
565
198
446
565
169
950
340
199
395
489
395
395
172
132
7
574
565
565
948
684
501
517
234
303
446
657
385
808
234
234
219
219
219
219
234
234
179
47
326
234
58
169
169
234
947
808
478
234
169
234
234
234
675
234
303
303
98
269
303
979
979
430
271
808
349
234
197
511
491
675
234
58
808
675
304
574
869
234
169
943
511
185
507
303
159
234
937
255
190
501
234
440
8
234
501
255
303
247
564
197
159
309
255
440
309
247
164
164
463
463
411
380
247
641
943
309
209
309
209
303
247
641
267
309
641
565
209
247
322
267
209
249
808
713
309
171
303
947
303
947
309
654
404
705
309
654
199
377
53
199
511
565
511
56
217
377
705
471
574
689
267
511
267
511
199
905
303
252
267
247
506
267
267
902
303
891
303
888
159
247
888
621
197
621
824
808
277
89
58
935
199
247
277
808
621
707
808
808
891
247
247
753
689
152
152
303
152
808
705
753
97
489
489
315
808
478
315
478
489
187
489
171
171
489
716
12
12
716
152
716
421
654
489
689
171
171
489
716
171
187
802
24
384
171
589
152
824
317
511
209
707
292
123
209
489
384
543
658
88
905
192
543
924
565
893
753
915
905
821
689
905
225
185
905
905
179
335
225
88
88
543
543
543
945
657
821
511
945
689
921
335
88
689
905
689
905
878
88
621
345
624
689
905
945
689
945
171
511
880
907
654
709
171
654
654
624
88
881
945
565
945
709
171
808
732
905
689
624
913
565
89
905
869
569
855
939
122
816
565
598
196
905
430
658
936
800
611
891
808
705
234
320
902
713
943
905
705
320
575
565
689
320
565
383
575
171
905
159
565
12
416
247
880
511
247
816
152
574
171
58
776
902
799
247
12
471
247
247
816
334
335
512
44
209
565
565
880
565
150
936
479
905
479
893
209
905
496
150
880
565
150
753
945
689
707
37
952
171
471
707
37
707
37
776
913
252
591
878
171
913
689
642
252
689
689
689
945
171
669
171
770
669
575
575
277
902
108
880
936
471
937
378
575
44
247
234
494
575
197
952
344
494
689
150
689
252
945
494
252
378
681
494
132
231
483
231
489
730
489
945
689
936
465
171
905
641
880
689
880
171
880
171
952
749
247
905
835
880
799
905
978
52
344
880
709
240
454
907
470
73
880
641
905
641
641
471
234
234
234
824
905
556
556
905
234
13
204
936
234
936
234
381
37
511
37
905
198
344
642
642
277
234
44
234
234
89
465
905
648
648
234
936
937
575
234
712
658
829
384
277
829
37
489
619
489
806
889
273
219
269
905
277
565
571
905
694
380
381
880
753
766
380
905
766
905
50
269
565
384
713
729
187
280
187
648
187
753
937
905
606
606
37
806
381
766
100
97
100
905
13
641
820
820
648
648
798
805
381
799
658
247
171
820
880
187
252
187
607
606
641
187
100
100
880
611
880
937
634
824
502
118
187
756
855
491
117
100
648
906
187
100
590
574
574
150
378
187
378
331
331
835
150
567
567
459
682
14
488
187
100
187
729
100
11
470
11
187
567
880
880
689
507
384
299
181
277
378
152
806
231
231
475
527
22
880
880
111
466
37
344
903
103
903
37
641
344
565
338
565
187
570
663
968
968
968
338
609
338
574
338
806
945
881
574
824
806
574
303
303
157
157
338
806
609
903
252
252
44
14
609
913
22
663
97
97
663
663
22
945
22
565
574
37
609
507
945
211
945
655
903
150
945
893
86
710
611
281
681
903
663
93
22
895
818
840
698
502
502
507
142
331
655
82
725
806
150
698
150
502
840
655
171
456
970
338
655
22
388
502
75
968
663
880
903
502
880
216
880
905
592
893
381
588
502
381
22
22
216
454
75
22
75
75
381
807
216
332
609
210
502
952
818
388
937
231
641
322
753
322
73
880
171
361
322
216
655
322
85
85
85
322
85
322
85
322
85
725
361
97
383
276
322
73
766
322
234
511
171
511
835
196
511
768
511
231
85
440
85
276
85
85
276
598
49
85
880
749
390
210
700
97
880
288
70
97
1
97
801
801
880
52
97
818
689
234
97
952
355
349
361
829
907
655
96
560
85
85
710
97
120
781
835
880
303
378
378
85
361
303
303
303
303
303
82
356
356
303
189
198
361
82
271
303
356
917
356
303
744
905
905
303
689
611
905
198
198
198
356
699
801
699
356
303
493
303
355
211
303
303
284
69
356
69
356
85
840
356
442
94
943
356
801
269
917
680
801
588
689
560
356
356
278
840
801
425
801
384
323
85
82
85
694
662
171
606
82
641
905
641
588
459
58
905
865
361
198
356
395
836
835
303
607
831
303
339
361
831
361
361
197
119
97
427
303
174
905
395
361
905
97
185
395
905
905
905
952
198
464
303
198
82
303
303
655
655
781
284
34
427
781
427
655
781
219
219
219
948
361
438
438
198
450
750
829
427
427
126
427
85
85
198
198
198
198
378
781
100
781
952
905
700
592
378
174
216
631
427
216
323
427
237
117
356
631
664
588
216
85
356
427
216
85
905
592
85
85
716
806
85
370
114
729
85
729
880
351
571
85
571
59
85
880
700
216
476
85
450
806
606
560
820
839
476
351
806
839
87
839
700
560
906
906
897
216
525
604
114
774
114
763
34
588
588
34
34
729
591
591
932
591
664
591
664
952
766
127
766
766
127
435
744
435
744
806
716
511
716
276
917
277
299
744
839
808
839
570
588
835
835
34
932
34
932
449
835
903
720
183
85
378
801
888
34
5
508
744
627
351
835
855
716
5
664
627
183
519
949
813
606
440
219
219
370
505
210
835
210
114
627
210
34
606
588
34
277
588
505
281
603
603
603
281
588
840
738
631
631
763
180
588
598
603
840
139
475
932
855
840
193
180
720
932
281
603
215
588
215
932
729
281
85
281
588
281
87
114
588
588
176
58
114
114
943
500
148
768
114
809
195
798
58
716
381
716
979
196
864
632
943
647
716
716
716
588
335
378
943
588
303
716
451
588
139
943
139
588
588
34
588
34
117
117
139
588
604
519
575
49
716
34
873
908
873
813
288
716
85
237
150
716
519
574
716
806
82
716
277
475
193
716
193
588
674
915
709
716
588
915
915
446
915
173
915
216
806
915
772
345
148
776
716
738
776
776
37
632
157
157
185
806
157
939
963
157
776
176
543
776
856
776
543
157
776
873
210
157
671
58
475
49
806
49
835
575
756
520
532
451
75
627
943
835
73
820
50
943
254
943
254
943
520
345
939
575
824
178
178
196
575
806
632
943
891
49
717
943
196
871
575
958
943
943
327
958
777
690
690
117
690
664
737
489
485
489
956
588
431
832
782
782
575
320
349
824
173
824
717
717
717
806
284
455
303
717
575
952
137
717
284
717
736
575
49
182
717
284
400
756
717
544
217
806
171
632
320
82
632
958
185
370
292
182
835
729
254
903
370
798
82
441
383
441
781
632
544
441
453
13
370
588
265
370
370
82
575
756
216
824
216
782
632
383
216
632
370
632
13
46
216
271
216
237
237
216
117
400
237
844
384
210
400
370
756
652
210
216
755
441
502
441
164
543
370
370
254
96
844
69
744
344
69
652
652
309
303
69
632
96
173
171
459
370
570
980
570
656
370
370
625
5
857
5
442
49
89
544
287
893
893
632
632
893
441
89
632
89
288
49
442
216
400
641
287
857
332
178
869
943
682
835
544
442
632
370
442
49
216
943
370
688
442
442
943
498
459
632
700
39
857
943
89
232
857
232
219
414
89
776
776
961
776
781
776
642
370
864
662
813
254
905
459
813
370
765
588
727
905
717
73
73
271
73
370
5
459
653
459
459
459
569
544
59
422
905
381
13
370
237
370
905
500
378
370
653
751
455
765
434
455
500
813
232
584
320
569
459
37
614
943
905
905
225
370
371
370
836
216
339
339
799
378
656
618
694
370
611
370
713
422
910
611
206
765
755
950
755
97
765
813
765
813
765
502
155
455
502
806
94
604
543
216
806
806
22
226
315
261
22
206
370
216
580
276
556
520
943
753
575
753
630
813
813
950
905
225
943
806
505
383
455
630
370
486
455
932
627
477
370
632
370
656
656
751
656
370
656
370
930
370
103
630
630
216
486
905
630
943
44
943
44
753
831
930
753
335
630
753
760
753
356
356
753
217
943
744
216
756
421
943
155
155
451
451
155
669
831
257
760
370
792
792
210
197
180
216
287
197
753
656
760
753
451
146
131
180
197
871
315
287
656
656
61
813
197
287
756
744
547
813
61
183
197
813
303
880
893
170
61
656
61
210
589
357
183
950
813
813
138
709
303
180
618
641
682
641
617
498
932
905
893
709
905
641
211
157
89
770
276
656
588
606
905
813
905
183
500
588
905
932
836
729
813
753
905
498
813
753
813
94
588
415
813
600
926
197
753
475
949
949
505
743
653
905
199
284
211
859
127
463
953
357
446
565
357
575
575
588
605
357
605
439
744
744
756
463
475
475
744
475
138
265
656
980
23
753
753
756
753
454
69
776
813
197
926
89
197
283
18
89
485
874
790
219
475
508
475
23
475
605
605
508
299
197
219
475
260
381
454
357
357
588
776
61
357
197
370
968
303
381
219
635
446
836
792
577
219
813
654
61
180
475
219
475
682
475
682
61
570
652
570
138
61
600
600
61
606
299
951
61
570
57
756
61
94
340
636
89
799
654
22
463
36
138
570
138
570
61
18
61
346
614
362
654
570
570
463
513
627
340
730
544
868
138
303
370
937
483
475
905
728
522
937
85
844
600
446
500
138
340
415
627
570
627
362
346
600
23
415
743
415
968
183
12
85
844
968
570
874
362
968
570
837
413
570
132
108
413
384
571
874
171
414
974
818
339
283
613
588
163
874
588
744
627
744
8
874
570
352
570
949
937
197
357
339
339
197
541
197
265
362
289
362
789
265
298
171
303
370
415
646
911
415
968
949
636
949
260
646
298
426
442
482
463
463
482
135
135
600
646
646
197
482
782
303
339
426
197
197
315
874
835
299
299
547
299
874
75
738
923
970
299
874
426
8
565
781
874
781
874
482
237
652
835
588
614
482
874
606
22
197
500
426
426
758
357
8
776
448
197
738
8
197
197
738
891
35
738
357
64
781
197
738
646
287
362
197
197
646
303
652
652
909
505
370
357
560
340
198
198
605
949
463
926
614
197
641
22
606
606
606
197
426
340
463
789
709
197
782
482
459
303
574
22
489
463
303
685
685
257
131
455
340
370
340
704
857
340
873
357
198
740
283
482
349
844
790
857
349
340
652
426
970
652
600
835
685
905
961
357
772
541
340
370
646
606
740
654
489
340
606
541
805
744
599
805
135
744
744
891
214
323
744
744
756
197
652
340
426
318
805
463
463
636
318
636
463
636
636
303
303
541
970
340
463
340
340
463
744
62
781
18
844
949
949
340
781
422
781
340
781
340
512
340
463
744
340
303
511
627
902
340
782
340
782
873
426
340
303
340
781
500
733
781
340
391
426
518
463
949
125
781
125
309
33
87
463
287
318
744
340
824
378
287
287
781
173
331
426
560
494
500
934
152
641
18
463
211
709
949
125
781
781
500
636
173
709
636
303
125
138
138
641
464
627
340
738
588
756
133
810
501
494
810
609
641
133
356
82
641
356
171
45
740
219
693
309
309
309
500
844
340
633
494
494
370
641
450
340
713
225
627
788
214
15
357
610
713
713
94
94
370
844
844
336
553
340
340
861
851
633
851
765
224
112
609
309
693
954
759
765
627
224
422
411
309
356
70
340
633
186
627
627
677
49
356
370
309
693
309
308
340
967
28
8
597
336
414
356
474
765
275
627
309
309
866
868
808
303
83
905
851
780
340
340
905
868
340
766
772
905
562
617
766
630
630
633
216
275
868
897
340
701
756
511
340
758
511
788
630
562
617
909
562
562
866
494
866
340
633
866
126
116
562
131
657
654
564
498
776
557
17
626
617
157
617
9
9
630
309
370
157
87
542
356
588
44
756
982
588
308
340
446
340
711
588
766
17
766
660
655
309
309
87
512
357
891
87
87
9
627
891
868
407
356
866
216
738
738
891
204
926
868
264
126
949
51
42
891
781
131
891
308
756
650
866
911
562
891
8
689
446
161
17
30
446
131
204
446
640
640
539
539
126
112
891
610
573
323
446
831
725
610
126
713
701
905
655
857
446
446
857
214
725
868
725
868
225
725
412
868
204
446
284
323
131
446
851
610
610
766
610
610
788
225
465
664
866
439
866
705
21
610
788
610
240
866
501
610
323
30
788
630
868
281
725
790
414
610
323
772
225
384
225
225
464
309
968
473
772
781
171
968
473
903
448
905
448
225
225
448
225
905
785
968
674
30
30
905
905
617
303
725
381
747
181
381
481
407
187
63
381
450
421
303
831
804
448
448
804
448
448
450
51
179
960
831
804
407
831
980
153
44
729
30
772
303
303
701
779
219
779
219
28
171
219
949
949
54
21
824
656
370
656
532
30
701
446
725
517
635
772
772
729
310
370
248
857
772
916
264
145
57
407
237
248
924
553
513
513
446
547
412
412
857
248
824
446
450
21
655
517
303
511
303
804
248
156
806
446
206
446
284
153
401
481
513
407
824
225
881
868
125
448
446
790
408
412
71
824
281
824
588
448
779
12
247
758
804
788
788
804
779
675
58
655
635
511
779
502
655
655
149
64
213
287
588
437
502
599
804
869
216
725
554
725
842
770
767
287
303
866
778
675
206
446
660
675
824
108
303
824
554
824
937
937
412
408
206
408
513
511
287
767
197
790
408
412
446
206
576
263
554
450
421
263
356
937
937
22
788
779
303
502
303
617
481
446
412
565
937
303
481
139
225
250
952
302
542
871
303
554
656
542
303
554
412
303
866
643
120
778
412
655
447
949
206
911
22
911
566
211
412
133
211
949
949
160
133
656
133
206
71
303
144
911
303
439
502
127
303
617
617
502
513
502
770
438
137
412
716
716
303
133
971
767
137
725
399
532
635
618
502
627
760
725
176
303
356
400
356
635
356
303
712
643
725
617
911
134
426
831
22
370
399
370
82
173
593
933
481
157
770
440
400
869
824
730
303
531
157
303
481
481
576
21
320
21
851
399
263
968
871
725
417
157
157
61
481
511
770
481
576
399
157
968
320
157
303
513
652
399
635
925
157
544
767
871
931
404
431
157
214
399
414
370
399
51
652
320
320
206
412
179
350
51
192
320
831
366
627
214
214
309
71
320
824
652
120
652
71
767
404
652
652
215
215
831
736
412
211
559
560
29
125
215
837
139
965
36
831
36
767
831
157
532
120
831
831
652
214
126
767
120
431
225
225
386
831
120
22
824
824
831
120
149
120
481
118
831
581
704
497
332
181
189
767
767
864
831
560
189
938
852
137
309
428
559
309
192
192
652
635
671
61
137
136
61
71
61
61
391
391
655
157
905
376
725
157
12
61
31
30
715
192
192
950
831
950
732
950
192
192
589
192
342
950
576
759
198
198
759
211
679
350
544
82
913
540
540
540
132
540
540
161
366
759
714
327
23
215
818
655
818
655
425
365
563
950
824
563
463
731
654
563
563
563
824
211
607
772
198
198
618
412
800
913
126
913
233
657
950
772
425
259
370
453
12
22
818
22
818
913
453
913
453
62
442
118
950
950
772
905
629
772
911
425
551
425
412
709
152
950
497
309
259
366
824
950
767
732
743
30
259
259
607
561
655
62
950
950
950
950
950
120
858
770
734
785
363
425
425
767
734
628
456
151
689
689
366
303
641
327
82
641
904
905
632
82
759
772
423
655
922
904
531
366
159
876
137
453
772
453
772
551
141
772
162
162
463
552
531
844
423
913
463
22
793
641
425
152
641
170
14
14
82
641
82
531
82
841
984
12
861
551
36
641
391
120
459
425
366
423
861
861
463
62
641
641
302
82
171
82
302
563
459
861
563
623
772
221
542
269
561
222
26
984
157
366
211
542
766
82
771
771
771
771
771
605
157
643
388
628
82
713
326
370
157
366
211
851
326
221
366
326
605
763
17
763
82
605
157
211
808
652
366
157
412
90
157
366
366
984
82
82
724
724
82
724
817
82
916
869
808
772
869
269
772
532
808
82
82
82
856
123
36
370
82
808
82
214
772
247
82
521
363
181
274
214
36
380
391
214
628
628
521
36
521
162
152
421
274
521
836
808
619
463
813
36
772
82
856
772
771
772
211
913
841
824
36
652
315
652
315
133
619
856
133
772
133
772
133
366
370
303
772
643
522
772
856
101
90
266
652
414
856
652
772
725
736
709
842
122
772
133
520
82
82
102
82
772
179
36
36
303
836
686
209
211
309
384
370
520
908
58
132
36
36
36
421
211
313
314
303
913
913
982
303
856
36
605
169
800
409
605
370
605
421
856
623
520
841
911
563
171
364
805
82
370
82
94
455
82
841
82
734
810
758
421
675
421
520
303
597
53
381
950
350
842
350
600
809
906
520
350
520
31
779
520
724
520
421
811
171
21
31
417
214
222
576
140
303
724
520
364
391
179
101
867
391
169
442
520
169
384
303
833
169
140
101
916
970
391
169
222
169
430
82
391
391
60
303
391
880
905
905
350
326
869
866
315
384
866
758
149
222
304
611
391
446
391
563
82
597
94
164
94
94
772
772
222
619
772
841
597
85
94
93
149
222
338
451
94
772
962
740
320
350
320
315
222
619
309
214
303
303
303
674
350
90
350
303
787
384
894
303
303
304
22
122
384
252
376
350
664
489
94
701
295
320
674
904
894
211
214
211
784
746
303
108
503
521
974
746
982
772
562
520
331
982
963
796
963
963
327
315
397
523
503
503
315
548
597
773
772
350
813
503
597
597
773
401
401
773
397
315
59
315
59
315
59
315
55
397
315
463
463
572
463
572
463
772
171
171
813
974
417
82
94
813
320
841
489
489
982
398
841
398
841
520
2
841
833
652
913
960
867
737
772
916
246
295
666
389
55
55
230
841
389
320
391
841
301
701
701
552
589
401
171
185
171
140
401
982
548
759
759
532
589
619
404
855
295
320
320
701
682
389
404
974
417
522
982
579
320
295
391
391
303
725
55
809
824
400
589
400
982
572
871
400
589
400
400
400
538
404
725
376
701
384
400
404
400
214
679
399
887
846
101
589
878
417
303
476
404
824
619
954
101
4
101
982
520
889
320
841
17
982
476
391
889
846
476
9
737
737
270
476
963
101
476
271
303
391
982
17
982
476
520
476
564
294
140
303
161
161
161
294
942
724
368
748
982
417
982
185
157
161
161
101
101
230
391
92
802
963
9
419
65
982
65
256
476
916
520
652
754
162
748
469
181
294
476
611
417
375
294
597
39
572
754
404
963
101
476
754
928
754
889
303
162
963
347
219
582
582
476
982
249
476
469
101
815
520
401
611
654
654
256
417
654
520
35
64
417
157
476
256
463
55
772
597
417
654
404
974
938
982
363
520
748
417
476
748
597
417
32
597
417
597
417
597
417
583
586
140
101
476
162
140
219
571
571
571
571
140
607
207
607
654
207
982
571
442
754
299
489
984
613
889
802
982
417
583
17
597
754
974
17
520
815
487
960
772
485
548
185
520
974
563
327
982
871
974
974
974
364
487
974
974
586
974
417
813
407
974
303
417
119
946
119
889
485
594
363
583
369
364
364
974
380
594
375
61
974
913
329
485
561
520
329
946
913
889
187
329
963
329
623
122
520
549
974
913
974
485
325
913
325
325
787
913
946
380
946
419
303
772
403
347
876
974
162
889
675
818
776
913
364
304
309
189
963
309
579
579
664
469
664
664
469
469
417
303
903
913
419
101
303
772
219
909
182
417
364
771
65
86
284
64
548
548
671
786
856
309
664
364
974
771
882
974
274
869
572
356
329
364
608
906
45
364
407
442
399
958
399
329
364
388
329
407
329
608
329
386
900
329
407
428
329
600
720
428
364
329
856
219
974
599
364
364
64
900
900
572
572
900
347
64
64
572
166
166
813
64
64
974
370
772
294
364
364
906
906
428
982
428
428
61
608
664
710
116
982
364
61
172
651
274
487
122
364
710
874
90
364
874
428
549
882
675
934
122
391
428
428
295
906
364
949
949
572
227
350
350
274
90
294
909
548
364
572
572
808
886
452
90
94
500
295
364
90
90
364
500
90
958
417
525
350
876
90
350
90
525
525
896
364
364
255
90
222
909
90
548
434
364
90
572
67
61
772
684
784
364
408
391
364
723
470
207
337
337
222
222
470
424
548
266
889
381
364
909
120
905
222
325
643
408
381
723
723
632
364
364
305
610
326
326
675
364
294
364
675
619
572
181
397
675
66
882
905
236
170
542
572
272
364
882
364
645
710
710
408
909
586
364
222
786
710
905
272
408
783
272
909
487
272
408
572
893
181
364
391
470
707
643
94
236
752
272
294
272
272
451
408
364
707
893
288
893
893
294
272
272
786
607
181
101
723
786
771
786
723
364
786
893
16
364
725
613
364
725
364
554
67
968
87
470
786
224
408
818
470
395
893
786
614
31
82
82
470
140
419
889
419
395
364
734
856
470
725
395
436
889
856
470
893
395
675
470
947
425
470
675
905
498
470
19
583
255
776
90
364
51
619
889
530
255
734
436
206
947
525
913
905
905
325
971
364
364
635
905
504
84
556
364
841
364
882
364
364
304
909
893
724
325
364
364
972
724
325
85
206
972
364
313
481
347
236
905
334
206
364
84
82
772
684
893
82
619
364
100
818
632
274
724
886
724
470
325
724
63
63
322
22
84
500
84
829
829
294
782
500
834
451
619
6
470
6
470
294
741
782
22
724
294
946
294
946
294
752
294
946
63
63
206
6
408
63
946
834
481
304
834
972
128
325
470
833
833
569
710
63
710
385
166
236
569
149
325
63
481
294
64
64
150
294
802
396
893
417
905
311
841
274
984
527
675
63
63
576
152
63
294
294
416
851
79
250
228
479
417
481
166
166
416
851
886
166
510
211
63
391
335
228
64
63
707
590
180
913
166
325
913
63
913
211
2
481
79
771
569
63
481
63
82
91
517
65
397
415
303
802
946
886
453
265
288
518
288
900
63
772
313
750
286
391
451
211
451
305
718
972
63
802
802
63
913
391
900
391
702
802
363
451
967
967
481
63
94
325
686
754
193
518
138
82
645
802
198
569
802
647
628
802
48
770
770
152
260
576
260
802
380
481
6
63
569
808
397
39
913
903
145
26
865
101
569
984
569
569
618
26
946
946
569
946
569
352
48
459
943
665
193
313
251
26
26
678
294
936
26
936
101
26
101
352
352
335
26
313
26
26
26
26
26
702
833
48
946
946
294
95
905
833
48
152
294
63
946
352
946
946
216
946
946
749
26
82
833
905
872
905
26
63
166
26
935
26
684
253
63
216
166
216
253
273
846
905
938
920
253
63
31
388
253
150
26
26
569
314
569
781
82
138
152
152
530
152
502
710
232
791
397
82
334
502
741
26
741
26
872
26
26
294
216
216
903
313
198
841
63
63
198
145
214
398
506
67
214
608
749
234
432
180
872
214
872
432
82
152
684
152
800
725
529
82
841
26
26
425
220
145
769
425
388
552
245
322
800
145
800
808
654
214
152
388
152
179
214
905
245
152
926
294
388
597
179
808
232
872
361
377
800
872
470
597
900
63
419
597
214
214
82
28
281
431
840
735
419
370
946
597
429
36
214
872
429
304
304
363
304
429
304
401
484
484
211
877
294
245
26
343
396
900
396
722
943
790
790
808
26
363
906
905
455
905
905
417
767
304
712
82
712
36
712
469
900
469
654
650
841
469
469
552
870
463
772
770
469
770
770
770
469
313
701
313
905
808
870
67
469
608
235
906
905
541
975
541
245
502
905
313
313
166
712
856
502
469
304
856
277
384
343
969
880
253
880
230
469
808
770
235
880
880
391
872
466
516
516
772
905
793
166
872
808
731
167
167
363
713
767
962
872
872
424
36
167
962
167
416
818
962
872
67
905
906
442
118
211
230
234
230
607
117
906
906
905
32
770
770
872
967
770
929
650
19
9
228
357
869
443
617
472
570
565
818
946
120
709
356
840
946
946
166
573
967
27
27
946
573
356
377
506
841
469
841
36
166
469
506
506
412
412
275
27
67
452
469
279
800
905
67
622
22
726
343
506
308
67
253
209
209
800
481
778
144
641
726
726
452
452
452
452
641
481
284
166
726
235
275
284
198
235
275
27
870
506
506
870
506
275
166
349
506
166
506
275
506
417
26
26
506
26
525
117
920
905
920
905
36
770
770
874
179
506
217
911
810
120
583
518
814
870
726
171
232
844
778
304
179
506
967
935
547
325
384
371
29
534
318
697
810
35
622
905
117
27
28
905
619
984
452
481
481
343
793
452
489
489
232
783
334
962
518
646
253
825
925
489
215
318
481
56
241
241
241
925
905
489
67
935
241
225
471
783
122
905
489
655
655
412
452
835
967
412
193
905
793
926
161
926
67
67
489
489
905
825
452
984
452
793
343
241
783
874
452
452
452
874
352
865
874
874
984
439
294
804
294
300
67
920
241
506
840
975
699
783
682
712
344
905
481
67
197
905
241
967
241
344
241
972
67
167
905
840
617
840
905
974
617
425
905
282
874
717
294
622
395
622
395
395
622
717
253
236
920
320
655
412
303
793
171
793
388
395
617
164
261
80
793
80
318
481
617
617
518
518
526
526
80
526
108
245
446
874
446
874
646
209
450
874
874
190
190
874
232
171
906
617
808
363
72
862
466
318
318
358
808
45
377
349
99
444
671
225
788
598
90
671
788
260
783
303
432
840
122
56
452
772
768
446
145
45
145
45
601
56
235
840
117
235
145
190
152
466
466
515
515
117
515
117
9
56
515
254
56
235
783
235
702
702
457
752
457
788
117
431
232
542
520
431
743
711
45
91
542
457
617
56
56
765
56
383
23
765
765
23
765
457
383
921
383
244
560
235
56
167
225
383
99
702
235
847
235
87
815
87
520
520
920
671
617
63
395
702
416
935
164
880
472
56
215
595
305
305
520
840
520
34
601
457
472
846
601
457
750
472
63
543
543
750
416
520
520
520
145
882
99
231
543
750
345
345
490
520
283
601
298
472
215
34
225
303
254
363
862
846
87
232
283
800
345
2
283
545
787
232
363
232
303
800
444
790
472
944
944
345
363
444
254
363
56
472
444
924
254
363
285
129
534
87
431
235
984
800
230
800
288
882
284
459
713
713
472
602
543
772
905
549
472
472
472
743
743
450
254
874
982
772
717
352
8
650
363
63
717
171
725
56
614
921
725
56
459
397
643
648
935
345
31
63
472
303
743
472
380
544
344
686
40
680
711
472
650
650
27
952
614
758
171
415
830
472
472
472
56
802
155
472
145
725
556
191
377
560
211
560
230
281
590
560
56
645
284
284
381
590
381
284
472
284
284
617
145
830
560
56
560
560
590
154
560
191
645
157
56
472
891
678
560
191
27
404
802
560
804
472
157
127
29
411
465
411
405
411
802
645
898
678
690
948
13
285
285
361
303
31
79
80
590
411
643
79
79
920
56
737
920
800
122
924
351
490
802
404
490
139
29
267
898
300
981
845
981
560
678
702
924
122
56
863
574
678
284
490
284
574
981
294
284
305
284
284
472
450
472
450
284
905
806
715
294
9
332
404
345
802
678
344
800
678
800
549
483
678
332
42
220
729
450
868
303
846
303
917
432
917
917
795
211
787
972
787
846
846
759
432
917
432
589
432
80
917
883
2
645
331
607
678
194
791
917
71
863
926
924
693
868
567
800
343
597
55
743
788
245
791
297
791
650
924
343
220
791
597
693
693
23
800
23
800
303
686
791
896
597
607
597
343
549
343
459
597
503
590
590
772
963
549
223
549
2
874
597
886
800
159
607
971
607
2
331
335
607
607
607
607
607
607
607
607
211
948
607
686
607
607
772
459
549
459
560
607
248
772
574
253
607
127
459
607
459
346
607
875
2
800
549
612
253
447
645
127
607
127
893
109
920
920
772
332
920
514
248
127
920
248
920
297
560
526
109
134
968
710
634
526
297
313
303
607
313
313
313
241
236
522
280
573
489
806
772
806
560
846
520
793
759
241
241
241
749
344
27
813
772
469
806
771
772
968
498
332
332
408
71
583
662
254
498
266
813
570
498
662
985
795
802
254
607
634
71
266
724
71
462
985
80
152
759
969
335
221
527
266
248
920
976
266
266
361
361
450
55
215
9
9
985
985
254
985
662
846
896
335
112
2
321
659
335
874
985
874
846
904
450
450
450
450
354
450
874
874
450
662
662
846
741
970
529
714
714
762
295
335
9
345
385
574
443
55
383
611
474
377
11
542
529
500
985
718
254
254
529
708
254
278
474
254
140
574
329
762
607
574
38
343
762
607
762
607
710
762
718
768
462
730
8
962
678
762
329
570
970
762
21
926
917
474
253
762
314
29
295
19
21
691
970
297
570
870
570
8
474
970
8
570
924
282
752
752
366
8
924
498
297
926
847
8
230
412
828
251
802
970
230
870
971
331
331
730
590
762
39
343
474
39
417
476
152
602
474
639
611
611
180
476
19
846
474
21
597
197
607
476
230
881
156
605
343
225
639
762
717
714
476
94
885
924
962
9
159
777
343
905
180
338
853
800
800
853
338
338
498
984
829
338
759
758
762
259
762
529
741
611
159
29
898
762
762
611
92
924
338
799
579
19
529
497
465
230
76
721
180
762
529
686
338
253
762
467
308
678
762
678
465
614
597
597
762
1
802
707
680
338
762
441
606
338
730
670
686
686
338
762
762
881
972
488
476
451
586
451
476
497
476
476
807
363
674
112
503
420
909
597
707
284
717
488
587
570
331
460
476
846
467
712
144
707
738
602
597
973
248
144
848
639
152
762
737
693
465
755
332
693
579
597
540
593
294
593
847
45
45
847
597
593
602
253
593
674
652
925
925
898
43
593
593
465
159
35
21
45
636
802
802
579
802
94
570
772
912
912
597
254
149
149
912
540
602
540
540
149
476
540
540
247
846
614
476
636
876
579
636
662
969
357
798
586
880
944
944
602
602
602
944
944
602
583
26
602
438
880
586
645
26
602
899
602
944
586
247
337
662
254
197
254
254
632
476
476
662
738
867
197
113
94
662
197
944
238
295
867
646
337
944
794
944
794
876
846
876
662
462
636
847
847
944
408
876
733
876
384
197
260
662
260
662
602
48
270
476
270
335
197
197
270
197
583
662
662
787
583
662
270
662
675
657
583
197
210
564
675
576
579
662
583
329
675
778
583
619
476
870
876
876
197
197
787
583
197
583
194
583
846
211
846
211
254
2
787
840
335
335
810
219
197
732
197
732
1
284
810
159
192
247
238
247
167
247
931
874
335
675
583
659
197
696
335
906
197
356
944
197
846
318
113
958
210
113
210
906
579
303
772
197
344
944
197
26
793
392
874
277
874
356
722
94
113
211
210
984
583
211
570
979
211
50
211
614
11
408
210
614
767
793
829
488
732
211
718
772
214
211
829
329
675
675
50
829
561
587
793
614
441
329
587
329
587
793
329
440
109
440
329
887
646
441
662
285
329
841
662
211
726
26
662
211
211
662
587
587
962
211
113
670
197
788
670
876
722
793
434
800
710
254
151
211
238
277
662
701
197
277
718
173
75
530
800
772
800
772
277
277
14
800
659
50
225
646
854
659
696
614
646
304
777
134
205
9
363
197
854
884
197
722
210
701
210
701
1
917
259
404
701
498
804
197
670
856
164
856
498
678
732
730
225
71
11
197
722
718
840
137
686
686
80
686
762
519
26
134
140
151
114
846
80
874
80
482
846
197
874
335
646
614
444
614
171
151
197
722
444
675
197
238
238
55
416
817
197
590
259
444
573
502
268
241
530
79
106
732
346
767
767
114
632
948
905
753
197
372
