1000 30000
432 9
195 8
324 8
349 11
752 8
124 10
405 12
963 10
449 10
521 10
381 12
486 10
635 10
369 9
509 9
356 10
741 12
702 11
962 11
150 9
531 8
148 8
497 11
848 8
383 11
69 8
33 10
286 11
534 10
280 9
378 11
691 11
341 9
802 12
554 11
630 11
211 9
456 12
379 12
518 10
455 11
767 11
49 11
719 11
238 11
608 11
528 12
377 10
821 9
457 10
786 8
905 11
886 11
335 10
772 9
293 10
979 11
203 11
209 10
778 8
686 10
164 10
954 9
775 8
57 12
956 12
873 9
166 10
542 8
149 10
602 8
723 9
456 8
60 9
488 9
804 11
323 10
957 12
147 11
311 12
196 8
241 9
359 10
265 11
394 9
607 11
923 9
556 9
794 12
64 11
128 8
276 8
204 9
510 8
415 8
459 9
352 9
587 9
625 12
520 11
823 11
264 9
212 9
380 12
882 9
930 9
681 8
599 10
417 11
616 10
52 12
456 9
437 10
392 8
489 12
199 8
869 12
261 12
583 12
201 9
210 12
984 8
503 8
482 8
231 9
50 9
744 8
762 10
701 11
410 12
218 8
843 8
569 11
185 10
143 12
759 11
458 8
329 12
294 10
809 9
717 10
867 11
45 9
779 10
354 12
878 10
511 10
949 8
295 12
624 11
99 10
596 12
618 9
473 10
262 8
456 12
169 10
715 10
47 10
368 11
922 8
13 9
948 12
711 8
139 9
909 8
863 10
403 12
864 9
581 9
788 8
708 11
827 9
846 12
233 12
228 12
137 10
470 11
120 8
789 12
456 11
187 8
292 11
448 12
142 11
641 10
637 11
981 11
853 9
594 11
790 11
46 12
202 12
206 12
111 11
585 11
31 10
932 9
40 9
746 9
901 12
851 9
92 8
348 10
799 12
510 12
182 10
888 9
122 10
512 8
515 10
493 8
456 8
855 9
10 12
252 8
3 8
514 9
65 12
916 11
272 9
12 12
115 11
168 10
414 12
989 9
188 10
859 10
59 9
274 12
435 9
742 12
422 10
277 12
110 9
456 8
77 10
247 8
116 11
573 9
351 10
541 11
205 9
765 8
706 10
797 10
114 12
559 11
946 11
344 9
871 8
480 10
513 12
666 12
577 10
456 11
456 8
626 10
232 10
306 8
412 11
710 12
446 11
18 12
547 10
619 8
716 9
645 10
17 8
436 12
992 11
636 8
224 12
945 9
617 11
860 9
312 8
483 11
350 10
540 11
456 11
342 9
872 8
234 12
456 9
674 12
125 8
764 10
649 9
814 12
464 12
74 10
985 12
838 8
728 11
8 8
170 11
173 9
450 8
490 10
798 9
421 8
89 11
456 11
396 12
622 10
800 11
914 12
134 8
998 9
230 10
500 12
861 9
595 12
339 9
387 10
647 11
9 12
925 10
889 11
536 11
545 10
430 11
609 11
161 9
648 12
831 12
875 12
631 9
338 10
190 8
575 8
270 10
463 8
88 10
456 10
627 11
639 11
840 12
725 10
550 10
70 8
58 11
553 12
580 12
709 11
929 8
97 12
41 9
428 10
522 12
174 9
19 11
365 11
44 8
729 10
221 8
319 9
731 10
973 11
492 12
327 8
667 10
584 11
653 11
127 8
563 9
811 12
915 9
817 8
424 8
193 10
665 11
145 11
991 12
63 10
267 8
316 12
361 11
447 8
978 9
498 12
993 9
850 11
877 8
345 9
180 12
700 11
179 11
445 12
460 11
456 9
570 10
734 11
656 12
408 8
951 8
104 10
178 12
200 8
275 11
471 12
615 12
456 11
433 9
53 10
506 12
679 10
687 8
439 11
402 9
548 12
870 10
320 12
936 10
290 9
249 8
893 8
81 9
938 11
876 12
533 11
192 9
623 8
780 12
451 10
670 9
131 10
408 9
965 9
597 10
374 8
713 9
736 10
714 8
526 12
15 8
283 12
880 8
373 8
6 8
298 9
475 12
175 12
907 8
333 10
75 9
751 12
829 10
357 10
237 10
289 11
398 12
806 8
730 8
0 9
102 9
453 8
900 9
640 8
836 10
549 10
26 8
388 10
605 8
315 8
282 12
456 10
857 8
519 10
572 8
456 12
892 8
313 12
557 8
816 11
732 12
524 12
970 8
940 8
883 11
71 12
478 11
331 10
418 9
924 11
456 10
566 9
42 9
184 12
135 11
902 8
801 8
712 8
966 11
21 11
226 10
91 12
183 11
364 11
826 12
527 11
362 11
248 11
574 8
508 11
613 12
420 8
191 12
679 12
101 9
964 9
757 9
284 11
982 12
654 8
839 11
642 8
167 11
879 10
366 11
95 11
726 8
705 9
722 10
781 12
529 9
644 9
496 8
771 12
355 9
456 8
400 12
852 8
684 11
766 9
389 9
890 12
842 10
153 11
921 8
16 10
35 11
724 12
692 10
76 11
695 10
912 9
123 11
372 11
959 8
375 9
704 12
969 9
307 9
601 10
401 9
537 9
832 11
154 11
881 10
467 9
494 11
747 12
803 12
440 8
679 11
721 9
999 10
20 12
68 8
61 8
718 9
273 9
462 10
774 9
303 12
384 10
920 9
314 12
600 12
769 10
172 9
571 12
43 10
423 12
793 9
456 8
958 9
456 10
933 11
438 10
812 10
393 9
690 9
90 12
822 10
652 11
565 12
740 11
103 12
466 10
456 8
79 12
109 8
510 8
98 8
750 10
93 12
386 12
434 11
456 8
84 10
160 11
105 8
604 9
407 11
426 9
24 9
662 11
906 10
107 12
543 9
151 12
243 12
456 12
291 9
699 12
884 11
887 11
898 12
698 8
136 10
87 9
578 12
856 9
795 9
738 10
227 9
756 12
310 10
807 10
689 8
611 12
808 9
456 8
896 12
83 12
30 12
456 8
974 9
157 12
11 10
317 11
456 10
621 8
693 8
917 10
225 11
983 8
552 12
397 12
152 12
753 8
29 8
346 8
837 10
263 12
72 9
776 8
787 11
376 12
171 8
658 11
996 11
976 12
454 10
301 9
951 12
854 12
208 10
685 10
360 9
745 8
80 12
251 8
159 12
928 12
216 9
620 10
895 12
507 12
7 12
456 10
592 12
610 12
347 10
673 9
561 10
268 8
868 11
748 11
847 9
34 10
737 10
305 8
546 9
442 11
908 12
288 12
411 12
499 10
425 12
297 12
140 12
481 10
229 9
633 8
100 12
235 10
891 11
555 9
353 8
321 11
334 10
146 12
371 8
517 9
296 10
253 9
318 10
278 8
51 8
683 8
707 10
935 10
1 10
899 8
733 9
444 8
792 9
477 11
302 11
82 9
997 12
825 11
841 8
696 9
246 9
215 9
326 10
755 10
330 8
186 8
661 10
739 10
242 9
279 10
484 10
158 9
937 12
5 10
244 9
903 12
824 11
758 11
678 12
858 11
408 11
904 10
660 9
260 8
567 11
727 11
754 9
382 11
217 8
299 8
668 10
176 12
106 12
672 9
760 10
370 11
67 12
255 11
4 10
340 8
32 8
117 12
133 9
516 9
538 12
108 8
911 12
197 11
634 11
862 10
250 11
943 8
474 11
391 12
85 10
495 9
308 11
441 8
479 9
941 11
910 12
390 8
239 10
198 8
206 9
14 12
222 9
796 12
271 10
813 8
456 8
865 9
322 12
926 8
768 8
770 8
749 11
791 10
682 12
987 12
593 12
535 9
48 8
564 11
986 9
456 8
977 8
491 12
504 11
223 8
669 9
66 11
697 9
220 10
431 11
456 11
419 11
269 12
663 11
720 12
121 11
525 10
119 10
576 12
897 8
485 10
502 10
363 10
207 11
443 11
874 11
27 8
461 11
960 9
783 10
325 9
395 9
675 12
931 11
659 8
995 12
165 8
56 11
866 8
735 11
385 8
429 8
828 10
947 11
254 8
677 12
144 8
23 11
664 12
830 8
643 12
628 10
300 9
465 9
469 10
562 8
885 8
810 9
505 9
975 11
162 12
78 9
22 9
163 8
141 9
676 8
939 12
805 11
266 12
629 12
258 9
177 9
952 9
942 11
129 9
118 8
214 8
28 8
427 8
456 8
337 9
367 12
835 10
568 12
961 12
456 10
614 9
54 11
132 10
591 11
416 8
544 8
815 9
688 10
560 8
406 12
530 8
820 8
189 8
586 12
927 9
55 9
785 12
558 8
539 10
240 12
967 9
680 8
413 12
501 12
456 9
409 10
632 9
343 12
651 10
784 12
456 9
476 11
845 11
582 12
894 11
671 10
934 8
309 10
773 8
955 8
113 8
86 12
138 9
332 8
155 12
259 12
598 12
25 10
456 10
39 11
763 8
551 10
849 9
36 8
972 8
782 344
62 327
638 340
399 337
287 346
456 340
833 338
523 347
2 333
1000 306
358 337
219 358
761 349
206 345
657 330
679 362
918 311
971 355
777 355
589 306
703 364
743 351
37 322
579 346
452 291
130 334
535 955
680 103
535 61
680 315
535 409
680 315
535 96
680 622
535 560
680 103
535 46
680 952
535 99
680 866
535 159
680 19
535 46
680 622
535 46
680 346
535 316
680 317
535 945
680 198
535 315
680 703
535 96
680 32
535 574
680 32
535 589
680 611
535 589
680 477
535 426
680 317
535 7
680 103
535 450
680 317
535 409
680 127
535 159
680 477
535 340
680 388
535 574
680 396
535 489
680 181
535 99
680 198
535 315
680 315
535 945
680 19
535 159
680 379
535 7
680 127
535 574
680 143
535 612
680 868
535 340
680 310
535 187
680 388
535 658
680 697
535 99
680 907
535 340
680 396
535 433
680 396
535 756
680 958
535 96
680 797
535 945
680 317
535 642
680 691
535 200
680 315
535 964
680 817
535 756
680 458
535 316
680 79
535 340
680 952
535 421
680 907
535 890
680 458
535 480
680 143
535 992
680 749
535 489
680 621
535 7
680 51
535 489
680 315
535 159
680 315
535 450
680 952
535 61
680 958
535 658
680 932
535 455
680 135
535 945
680 186
535 955
680 181
535 159
680 657
535 450
680 821
535 409
680 621
535 99
680 33
535 340
680 581
535 99
680 186
535 795
680 198
535 574
680 32
535 96
680 797
535 187
680 79
535 595
680 33
535 955
680 265
535 450
680 691
535 200
680 103
535 426
680 663
535 480
680 790
535 46
680 952
535 247
680 135
535 955
680 657
535 890
680 821
535 481
680 388
535 560
680 388
535 187
680 33
535 955
680 310
535 489
680 79
535 992
680 663
535 964
680 657
535 409
680 896
535 187
680 265
535 316
680 477
535 489
680 611
535 795
680 621
535 907
680 622
535 650
680 32
535 595
680 611
535 7
680 797
535 111
680 127
535 249
680 907
535 46
680 103
535 409
680 32
535 247
680 692
535 612
680 135
535 96
680 181
535 247
680 596
535 955
680 663
535 111
680 932
535 756
680 621
535 200
680 797
535 433
680 691
535 111
680 310
535 249
680 821
535 756
680 621
535 247
680 697
535 315
680 657
535 955
680 396
535 612
680 51
535 450
680 907
535 595
680 663
535 247
680 19
535 200
680 398
535 315
680 198
535 450
680 596
535 187
680 657
535 200
680 379
535 409
680 79
535 480
680 315
535 316
680 458
535 433
680 952
535 249
680 622
535 106
680 33
535 945
680 265
535 187
680 622
535 650
680 896
535 99
680 396
535 46
680 657
535 455
680 477
535 595
680 79
535 455
680 691
535 574
680 387
535 455
680 19
535 890
680 952
535 106
680 32
535 560
680 181
535 316
680 581
535 61
680 310
535 890
680 33
535 450
680 697
535 106
680 127
535 159
680 697
535 429
680 388
535 992
680 33
535 247
680 396
535 46
680 958
535 642
680 797
535 450
680 896
535 955
680 749
535 907
680 33
535 340
680 103
535 433
680 866
535 655
680 958
535 795
680 621
535 200
680 51
535 612
680 581
535 952
680 622
535 560
680 186
535 964
680 932
535 795
680 663
535 756
680 79
535 6
680 868
535 876
680 181
535 6
680 596
535 106
680 663
535 450
680 379
535 964
680 790
535 455
680 907
535 952
680 143
535 658
680 657
535 756
680 907
535 595
680 817
535 96
680 458
535 409
680 621
535 489
680 749
535 992
680 32
535 421
680 797
535 907
680 932
535 890
680 907
535 945
680 952
535 247
680 33
535 642
680 346
535 315
680 622
535 756
680 317
535 655
680 19
535 489
680 198
535 480
680 622
535 96
680 135
535 890
680 51
535 952
680 315
535 340
680 797
535 589
680 317
535 96
680 797
535 612
680 135
535 481
680 692
535 433
680 19
535 249
680 396
535 481
680 127
535 992
680 622
535 429
680 477
535 481
680 458
535 7
680 817
535 315
680 581
535 249
680 622
535 876
680 692
535 907
680 398
535 106
680 51
535 615
680 315
535 890
680 868
535 99
680 790
535 907
680 477
535 46
680 868
535 96
680 79
535 890
680 186
535 955
680 398
535 433
680 379
535 450
680 315
535 96
680 310
535 489
680 663
535 200
680 896
535 99
680 198
535 6
680 657
535 429
680 596
535 650
680 896
535 429
680 749
535 159
680 379
535 952
680 797
535 200
680 817
535 907
680 622
535 496
680 691
535 99
680 703
535 650
680 103
535 480
680 398
535 426
680 621
535 450
680 932
535 756
680 821
535 655
680 868
535 421
680 797
535 249
680 611
535 187
680 663
535 159
680 19
535 315
680 932
535 455
680 398
535 429
680 952
535 433
680 691
535 106
680 697
535 907
680 817
535 560
680 596
535 642
680 581
535 795
680 817
535 560
680 896
535 111
680 663
535 429
680 33
535 907
680 79
535 340
680 315
535 890
680 310
535 96
680 51
535 409
680 265
535 480
680 703
535 6
680 198
535 409
680 896
535 952
680 379
535 96
680 19
535 200
680 622
535 200
680 396
535 560
680 265
535 952
680 596
535 650
680 127
535 200
680 135
535 955
680 868
535 450
680 33
535 876
680 396
535 480
680 952
535 756
680 749
535 756
680 611
535 890
680 749
535 6
680 868
535 96
680 398
535 111
680 596
535 200
680 19
535 46
680 797
535 421
680 127
535 450
680 379
535 99
680 19
535 795
680 310
535 890
680 103
535 249
680 952
535 496
680 581
535 450
680 797
535 409
680 186
535 952
680 32
535 952
680 398
535 945
680 398
535 316
680 621
535 756
680 181
535 340
680 198
535 7
680 868
535 589
680 868
535 99
680 663
535 992
680 581
535 642
680 663
535 7
680 33
535 96
680 797
535 756
680 379
535 426
680 186
535 7
680 596
535 964
680 458
535 426
680 186
535 595
680 622
535 489
680 265
535 247
680 821
535 955
680 621
535 496
680 622
535 795
680 797
535 952
680 697
535 595
680 458
535 612
680 379
535 200
680 19
535 481
680 51
535 589
680 32
535 6
680 691
535 890
680 581
535 187
680 932
535 159
680 749
535 96
680 622
535 96
680 622
535 945
680 749
535 426
680 749
535 61
680 458
535 340
680 103
535 795
680 703
535 496
680 33
535 907
680 821
535 658
680 868
535 409
680 657
535 46
680 379
535 955
680 657
535 200
680 346
535 450
680 663
535 955
680 907
535 612
680 143
535 200
680 458
535 187
680 790
535 589
680 127
535 426
680 697
535 99
680 103
535 7
680 622
535 489
680 697
535 952
680 692
535 615
680 198
535 615
680 657
535 756
680 691
535 615
680 952
535 612
680 33
535 952
680 790
535 426
680 821
535 247
680 181
535 316
680 821
535 658
680 79
535 99
680 51
535 795
680 663
535 200
680 198
535 200
680 581
535 249
680 749
535 247
680 19
535 106
680 317
535 61
680 749
535 315
680 907
535 496
680 958
535 249
680 866
535 612
680 821
535 481
680 143
535 480
680 932
535 61
680 868
535 795
680 398
535 111
680 663
535 426
680 181
535 247
680 622
535 481
680 143
535 795
680 135
535 595
680 932
535 340
680 703
535 595
680 868
535 496
680 896
535 795
680 952
535 421
680 33
535 489
680 181
535 595
680 611
535 433
680 749
535 992
680 143
535 340
680 622
535 46
680 198
535 890
680 697
535 316
680 749
535 589
680 265
535 907
680 379
535 316
680 317
535 795
680 198
535 200
680 958
535 560
680 186
535 455
680 896
535 316
680 477
535 615
680 596
535 574
680 691
535 615
680 611
535 455
680 657
535 642
680 790
535 964
680 581
535 450
680 821
535 316
680 868
535 615
680 186
535 316
680 821
535 46
680 32
535 99
680 51
535 409
680 896
535 992
680 33
535 489
680 477
535 6
680 51
535 6
680 691
535 876
680 477
535 315
680 265
535 7
680 388
535 595
680 198
535 187
680 952
535 945
680 458
535 315
680 663
535 159
680 697
535 316
680 181
535 945
680 622
535 658
680 703
535 450
680 398
535 249
680 790
535 421
680 396
535 340
680 310
535 6
680 817
535 450
680 181
535 6
680 697
535 340
680 458
535 481
680 79
535 589
680 657
535 316
680 692
535 489
680 868
535 455
680 181
535 46
680 315
535 650
680 596
535 955
680 396
535 876
680 19
535 655
680 932
535 247
680 458
535 106
680 932
535 96
680 581
535 955
680 379
535 61
680 749
535 496
680 79
535 496
680 186
535 658
680 866
535 187
680 143
535 795
680 198
535 615
680 477
535 655
680 932
535 481
680 790
535 496
680 958
535 952
680 103
535 421
680 958
535 952
680 611
535 46
680 697
535 560
680 749
535 945
680 692
535 249
680 749
535 964
680 749
535 96
680 697
535 615
680 581
535 589
680 33
535 964
680 346
535 952
680 79
535 589
680 622
535 61
680 817
535 955
680 621
535 642
680 952
535 249
680 907
535 964
680 396
535 595
680 657
535 200
680 952
535 992
680 396
535 642
680 821
535 481
680 315
535 96
680 398
535 96
680 79
535 106
680 79
535 421
680 477
535 7
680 51
535 480
680 691
535 876
680 379
535 945
680 692
535 560
680 396
535 46
680 398
535 450
680 611
535 658
680 51
535 421
680 749
535 340
680 135
535 409
680 458
535 409
680 868
535 61
680 103
535 99
680 868
535 876
680 458
535 955
680 622
535 955
680 186
535 249
680 310
535 642
680 315
535 315
680 32
535 480
680 896
535 955
680 611
535 429
680 611
535 99
680 398
535 106
680 817
535 409
680 907
535 433
680 692
535 890
680 907
535 945
680 703
535 455
680 907
535 450
680 657
535 249
680 663
535 247
680 817
535 650
680 310
535 876
680 868
535 945
680 692
535 433
680 379
535 426
680 691
535 489
680 79
535 489
680 33
535 655
680 387
535 61
680 458
535 655
680 265
535 429
680 932
535 496
680 896
535 589
680 797
535 992
680 697
535 650
680 749
535 612
680 477
535 429
680 596
535 316
680 596
535 992
680 611
535 46
680 33
535 589
680 143
535 96
680 907
535 650
680 181
535 99
680 396
535 187
680 379
535 481
680 932
535 96
680 143
535 481
680 398
535 316
680 932
535 96
680 691
535 480
680 596
535 433
680 749
535 111
680 581
535 200
680 581
535 964
680 186
535 992
680 198
535 46
680 692
535 46
680 896
535 429
680 697
535 615
680 379
535 642
680 135
535 111
680 790
535 433
680 958
535 46
680 621
535 595
680 691
535 642
680 396
535 450
680 581
535 795
680 79
535 159
680 692
535 655
680 821
535 615
680 797
535 200
680 896
535 480
680 691
535 247
680 79
535 106
680 611
535 964
680 866
535 890
680 797
535 480
680 958
535 249
680 896
535 315
680 33
535 106
680 622
535 650
680 387
535 642
680 932
535 340
680 127
535 426
680 396
535 489
680 932
535 890
680 181
535 6
680 821
535 795
680 790
535 46
680 265
535 187
680 265
535 249
680 817
535 890
680 703
535 876
680 749
535 907
680 797
535 96
680 265
535 574
680 622
535 315
680 32
535 650
680 611
535 61
680 952
535 907
680 32
535 560
680 621
535 496
680 611
535 964
680 458
535 907
680 379
535 46
680 749
535 574
680 703
535 612
680 932
535 795
680 477
535 560
680 79
535 480
680 79
535 316
680 958
535 574
680 79
535 612
680 186
535 249
680 958
535 455
680 622
535 574
680 398
535 455
680 663
535 481
680 581
535 455
680 697
535 650
680 868
535 247
680 79
535 315
680 19
535 433
680 186
535 952
680 317
535 574
680 33
535 560
680 907
535 955
680 663
535 795
680 692
535 496
680 581
535 247
680 310
535 658
680 896
535 187
680 621
535 964
680 691
535 159
680 932
535 409
680 596
535 595
680 186
535 111
680 181
535 315
680 581
535 6
680 596
535 200
680 952
535 615
680 657
535 6
680 346
535 429
680 932
535 795
680 315
535 200
680 315
535 340
680 79
535 96
680 797
535 795
680 103
535 6
680 797
535 96
680 907
535 421
680 387
535 560
680 821
535 200
680 703
535 316
680 398
535 316
680 317
535 496
680 866
535 642
680 186
535 876
680 127
535 409
680 19
535 187
680 33
535 642
680 379
535 429
680 310
535 340
680 657
535 450
680 387
535 409
680 127
535 99
680 611
535 340
680 868
535 200
680 103
535 650
680 387
535 876
680 33
535 560
680 317
535 756
680 817
535 426
680 181
535 426
680 790
535 426
680 19
535 574
680 477
535 421
680 198
535 433
680 907
535 964
680 143
535 907
680 907
535 489
680 32
535 496
680 749
535 876
680 186
535 655
680 388
535 496
680 79
535 650
680 952
535 595
680 181
535 6
680 703
535 574
680 866
535 795
680 387
535 489
680 379
535 6
680 621
535 992
680 749
535 426
680 952
535 795
680 379
535 589
680 396
535 964
680 821
535 429
680 817
535 426
680 896
535 247
680 143
535 99
680 310
535 46
680 387
535 249
680 581
535 450
680 958
535 7
680 697
535 907
680 611
535 7
680 611
535 96
680 51
535 99
680 821
535 642
680 691
535 992
680 51
535 429
680 143
535 7
680 143
535 450
680 477
535 340
680 958
535 426
680 703
535 952
680 51
535 876
680 907
535 409
680 663
535 249
680 265
535 455
680 79
535 795
680 32
535 642
680 622
535 615
680 790
535 433
680 310
535 249
680 317
535 7
680 749
535 455
680 691
535 650
680 703
535 159
680 379
535 111
680 621
535 756
680 581
535 964
680 33
535 615
680 697
535 560
680 821
535 200
680 797
535 450
680 135
535 480
680 103
535 560
680 932
535 756
680 198
535 99
680 817
535 96
680 315
535 426
680 33
535 6
680 181
535 560
680 32
535 907
680 958
535 450
680 79
535 249
680 19
535 450
680 310
535 433
680 821
535 247
680 749
535 429
680 198
535 421
680 103
535 655
680 866
535 409
680 458
535 496
680 135
535 907
680 581
535 61
680 866
535 795
680 581
535 99
680 797
535 99
680 458
535 7
680 691
535 612
680 749
535 574
680 32
535 455
680 32
535 756
680 387
535 421
680 952
535 795
680 127
535 99
680 379
535 907
680 868
535 450
680 932
535 756
680 19
535 574
680 388
535 480
680 265
535 426
680 797
535 450
680 697
535 595
680 657
535 316
680 265
535 433
680 127
535 455
680 797
535 612
680 388
535 615
680 581
535 187
680 817
535 409
680 821
535 450
680 33
535 560
680 79
535 159
680 749
535 111
680 19
535 480
680 691
535 615
680 198
535 315
680 315
535 429
680 379
535 992
680 596
535 955
680 952
535 489
680 135
535 96
680 198
535 316
680 952
535 992
680 932
535 340
680 817
535 200
680 103
535 642
680 458
535 795
680 691
535 589
680 907
535 315
680 346
535 589
680 387
535 560
680 103
535 247
680 396
535 247
680 477
535 658
680 51
535 480
680 33
535 106
680 186
535 106
680 797
535 316
680 396
535 247
680 581
535 249
680 458
535 756
680 797
535 890
680 622
535 615
680 135
535 615
680 19
535 426
680 790
535 655
680 477
535 46
680 703
535 992
680 458
535 61
680 868
535 316
680 691
535 426
680 611
535 642
680 703
535 106
680 663
535 159
680 265
535 409
680 622
535 992
680 379
535 496
680 19
535 955
680 663
535 615
680 265
535 455
680 866
535 187
680 398
535 955
680 186
535 187
680 458
535 992
680 907
535 200
680 379
535 426
680 622
535 7
680 692
535 952
680 317
535 61
680 697
535 615
680 477
535 111
680 907
535 315
680 79
535 481
680 866
535 7
680 127
535 589
680 932
535 907
680 458
535 595
680 265
535 756
680 33
535 907
680 749
535 409
680 657
535 247
680 346
535 496
680 51
535 426
680 749
535 6
680 32
535 99
680 622
535 247
680 398
535 481
680 749
535 426
680 611
535 455
680 79
535 876
680 697
535 907
680 388
535 315
680 703
535 187
680 657
535 409
680 265
535 964
680 103
535 615
680 181
535 574
680 346
535 106
680 186
535 99
680 657
535 111
680 458
535 480
680 932
535 560
680 611
535 480
680 749
535 106
680 388
535 955
680 621
535 46
680 458
535 964
680 32
535 642
680 697
535 455
680 907
535 595
680 458
535 187
680 79
535 756
680 611
535 496
680 697
535 955
680 958
535 111
680 932
535 106
680 703
535 574
680 866
535 756
680 663
535 6
680 127
535 159
680 103
535 433
680 797
535 7
680 907
535 907
680 868
535 589
680 181
535 876
680 135
535 496
680 866
535 952
680 396
535 955
680 458
535 876
680 581
535 907
680 952
535 595
680 866
535 200
680 817
535 429
680 691
535 99
680 477
535 890
680 697
535 450
680 622
535 612
680 596
535 489
680 817
535 426
680 896
535 111
680 79
535 247
680 310
535 756
680 596
535 595
680 458
535 96
680 896
535 61
680 866
535 315
680 198
535 795
680 265
535 955
680 317
535 945
680 611
535 489
680 817
535 595
680 398
535 615
680 143
535 560
680 932
535 560
680 703
535 106
680 868
535 907
680 388
535 992
680 346
535 409
680 19
535 955
680 958
535 795
680 265
535 450
680 186
535 615
680 958
535 61
680 79
535 46
680 388
535 612
680 896
535 650
680 896
535 560
680 703
535 589
680 346
535 964
680 51
535 595
680 310
535 106
680 346
535 795
680 790
535 46
680 181
535 650
680 821
535 612
680 866
535 655
680 958
535 560
680 143
535 429
680 19
535 340
680 387
535 650
680 691
535 481
680 749
535 61
680 697
535 658
680 797
535 106
680 33
535 315
680 19
535 795
680 611
535 6
680 317
535 421
680 932
535 945
680 790
535 615
680 19
535 96
680 749
535 96
680 958
535 589
680 907
535 655
680 315
535 61
680 581
535 200
680 186
535 650
680 621
535 589
680 817
535 560
680 932
535 615
680 907
535 455
680 346
535 409
680 388
535 574
680 398
535 952
680 797
535 96
680 691
535 655
680 398
535 46
680 621
535 955
680 398
535 890
680 868
535 99
680 265
535 650
680 907
535 907
680 697
535 952
680 310
535 6
680 622
535 589
680 790
535 655
680 868
535 595
680 952
535 187
680 797
535 658
680 387
535 952
680 127
535 481
680 32
535 907
680 596
535 409
680 33
535 496
680 663
535 61
680 749
535 99
680 198
535 421
680 127
535 200
680 622
535 952
680 198
535 890
680 622
535 560
680 127
535 952
680 621
535 589
680 896
535 111
680 51
535 96
680 797
535 200
680 198
535 489
680 952
535 315
680 143
535 455
680 952
535 46
680 135
535 200
680 477
535 560
680 51
535 480
680 896
535 450
680 703
535 187
680 657
535 612
680 932
535 247
680 79
535 992
680 596
535 187
680 581
535 340
680 697
535 61
680 32
535 159
680 33
535 756
680 181
535 200
680 622
535 489
680 379
535 99
680 663
535 595
680 396
535 945
680 33
535 46
680 611
535 595
680 51
535 655
680 346
535 61
680 387
535 658
680 581
535 612
680 396
535 455
680 896
535 642
680 797
535 574
680 186
535 612
680 127
535 650
680 817
535 574
680 622
535 106
680 317
535 315
680 181
535 46
680 379
535 560
680 317
535 658
680 797
535 560
680 317
535 426
680 317
535 642
680 265
535 200
680 692
535 945
680 790
535 61
680 703
535 756
680 797
535 658
680 33
535 481
680 387
535 61
680 596
535 426
680 181
535 426
680 749
535 795
680 79
535 876
680 896
535 480
680 387
535 612
680 663
535 106
680 621
535 964
680 790
535 650
680 32
535 426
680 907
535 489
680 317
535 907
680 797
535 421
680 692
535 907
680 396
535 907
680 310
535 450
680 692
535 876
680 896
535 249
680 317
535 876
680 958
535 655
680 821
535 159
680 79
535 955
680 622
535 247
680 135
535 612
680 103
535 315
680 458
535 99
680 310
535 560
680 691
535 99
680 691
535 316
680 346
535 992
680 398
535 249
680 135
535 589
680 932
535 615
680 907
535 964
680 51
535 480
680 315
535 433
680 396
535 106
680 692
535 106
680 817
535 481
680 127
535 450
680 51
535 876
680 817
535 481
680 265
535 421
680 896
535 340
680 51
535 426
680 692
535 658
680 33
535 612
680 315
535 421
680 198
535 480
680 346
535 955
680 135
535 111
680 388
535 481
680 135
535 200
680 346
535 480
680 703
535 455
680 622
535 96
680 477
535 945
680 596
535 642
680 198
535 111
680 317
535 489
680 79
535 7
680 346
535 589
680 310
535 426
680 33
535 642
680 817
535 642
680 790
535 111
680 797
535 159
680 317
535 992
680 581
535 421
680 692
535 106
680 581
535 876
680 477
535 426
680 346
535 955
680 127
535 756
680 458
535 876
680 821
535 650
680 19
535 187
680 952
535 650
680 51
535 96
680 703
535 589
680 346
535 595
680 477
535 200
680 611
535 421
680 821
535 655
680 703
535 481
680 821
535 6
680 749
535 159
680 866
535 595
680 797
535 316
680 790
535 111
680 51
535 340
680 797
535 655
680 51
535 650
680 396
535 7
680 932
535 429
680 379
535 315
680 265
535 952
680 907
535 480
680 581
535 249
680 657
535 480
680 868
535 99
680 19
535 315
680 181
535 642
680 181
535 890
680 143
535 421
680 103
535 756
680 581
535 560
680 657
535 61
680 79
535 433
680 32
535 426
680 581
535 992
680 821
535 247
680 958
535 315
680 581
535 756
680 398
535 315
680 749
535 200
680 581
535 496
680 581
535 945
680 692
535 955
680 379
535 595
680 135
535 187
680 198
535 187
680 611
535 111
680 135
535 595
680 621
535 489
680 33
535 200
680 388
535 46
680 135
535 907
680 958
535 340
680 622
535 795
680 697
535 589
680 896
535 992
680 396
535 992
680 458
535 200
680 198
535 159
680 135
535 46
680 135
535 409
680 692
535 187
680 907
535 952
680 265
535 795
680 79
535 249
680 621
535 316
680 958
535 560
680 703
535 111
680 143
535 489
680 581
535 450
680 181
535 952
680 198
535 655
680 663
535 106
680 868
535 106
680 135
535 658
680 866
535 111
680 127
535 6
680 19
535 249
680 79
535 7
680 198
535 907
680 907
535 560
680 388
535 655
680 868
535 315
680 33
535 795
680 388
535 955
680 19
535 187
680 103
535 574
680 622
535 952
680 749
535 433
680 396
535 489
680 198
535 111
680 697
535 658
680 398
535 99
680 51
535 642
680 265
535 421
680 896
535 496
680 932
535 650
680 103
535 409
680 398
535 560
680 866
535 595
680 907
535 489
680 346
535 481
680 346
535 340
680 663
535 187
680 866
535 315
680 958
535 450
680 103
535 429
680 868
535 496
680 932
535 421
680 896
535 496
680 932
535 595
680 797
535 992
680 477
535 96
680 703
535 595
680 143
535 650
680 797
535 642
680 907
535 315
680 186
535 111
680 896
535 945
680 790
535 642
680 387
535 7
680 749
535 642
680 79
535 450
680 821
535 964
680 181
535 658
680 817
535 795
680 821
535 455
680 621
535 615
680 611
535 481
680 692
535 574
680 315
535 907
680 663
535 187
680 33
535 433
680 346
535 658
680 663
535 964
680 621
535 496
680 817
535 111
680 952
535 612
680 932
535 642
680 32
535 589
680 581
535 315
680 396
535 426
680 127
535 249
680 181
535 945
680 868
535 249
680 127
535 992
680 79
535 106
680 388
535 46
680 265
535 574
680 310
535 992
680 346
535 890
680 79
535 496
680 310
535 955
680 797
535 756
680 703
535 795
680 790
535 650
680 663
535 489
680 691
535 907
680 821
535 992
680 596
535 658
680 315
535 409
680 51
535 455
680 396
535 106
680 127
535 61
680 398
535 992
680 797
535 795
680 868
535 642
680 135
535 159
680 657
535 96
680 611
535 955
680 581
535 340
680 790
535 945
680 797
535 658
680 663
535 876
680 198
535 7
680 198
535 61
680 310
535 159
680 79
535 481
680 315
535 61
680 932
535 756
680 611
535 6
680 198
535 159
680 315
535 658
680 797
535 247
680 186
535 315
680 135
535 574
680 315
535 658
680 703
535 426
680 32
535 642
680 958
535 655
680 821
535 247
680 663
535 6
680 317
535 658
680 868
535 340
680 127
535 612
680 265
535 658
680 346
535 642
680 907
535 907
680 32
535 429
680 821
535 247
680 33
535 876
680 186
535 455
680 596
535 247
680 32
535 421
680 19
535 612
680 958
535 650
680 32
535 106
680 398
535 159
680 749
535 480
680 663
535 945
680 387
535 658
680 866
535 615
680 19
535 655
680 310
535 455
680 19
535 945
680 33
535 589
680 596
535 481
680 621
535 316
680 127
535 560
680 896
535 409
680 477
535 426
680 817
535 409
680 398
535 249
680 396
535 650
680 692
535 489
680 868
535 615
680 790
535 650
680 958
535 496
680 19
535 159
680 821
535 46
680 135
535 96
680 79
535 876
680 346
535 409
680 622
535 46
680 790
535 496
680 127
535 655
680 477
535 658
680 458
535 952
680 127
535 876
680 396
535 249
680 868
535 955
680 127
535 46
680 181
535 907
680 135
535 890
680 310
535 992
680 868
535 560
680 135
535 249
680 396
535 340
680 315
535 96
680 186
535 560
680 932
535 429
680 186
535 247
680 135
535 642
680 398
535 876
680 692
535 450
680 622
535 964
680 703
535 99
680 703
535 574
680 143
535 421
680 817
535 409
680 663
535 316
680 32
535 111
680 315
535 756
680 663
535 159
680 186
535 595
680 127
535 945
680 346
535 421
680 703
535 574
680 398
535 111
680 621
535 200
680 79
535 655
680 103
535 496
680 958
535 795
680 103
535 340
680 663
535 315
680 388
535 952
680 866
535 421
680 691
535 455
680 51
535 615
680 896
535 480
680 907
535 642
680 315
535 340
680 611
535 642
680 396
535 426
680 958
535 890
680 315
535 96
680 691
535 589
680 396
535 421
680 817
535 247
680 958
535 426
680 79
535 952
680 657
535 955
680 388
535 450
680 396
535 595
680 127
535 795
680 691
535 46
680 19
535 421
680 135
535 955
680 663
535 159
680 611
535 450
680 697
535 642
680 181
535 489
680 896
535 589
680 896
535 952
680 866
535 655
680 703
535 890
680 868
535 99
680 611
535 111
680 866
535 315
680 477
535 560
680 317
535 795
680 181
535 642
680 821
535 450
680 103
535 99
680 398
535 46
680 932
535 159
680 868
535 315
680 866
535 658
680 657
535 200
680 51
535 7
680 790
535 159
680 907
535 61
680 396
535 455
680 388
535 890
680 868
535 756
680 817
535 409
680 958
535 876
680 611
535 6
680 387
535 612
680 265
535 589
680 19
535 955
680 657
535 489
680 896
535 952
680 103
535 876
680 797
535 876
680 317
535 642
680 817
535 992
680 103
535 955
680 581
535 111
680 821
535 6
680 181
535 247
680 19
535 409
680 317
535 106
680 198
535 187
680 958
535 795
680 657
535 200
680 143
535 795
680 821
535 756
680 19
535 46
680 33
535 560
680 952
535 96
680 790
535 315
680 907
535 450
680 103
535 992
680 790
535 876
680 103
535 111
680 817
535 159
680 657
535 952
680 19
535 106
680 958
535 560
680 103
535 489
680 265
535 99
680 379
535 481
680 103
535 96
680 310
535 96
680 868
535 876
680 581
535 316
680 691
535 615
680 396
535 421
680 379
535 455
680 958
535 890
680 198
535 595
680 821
535 496
680 697
535 429
680 703
535 907
680 388
535 876
680 611
535 249
680 749
535 106
680 749
535 433
680 657
535 99
680 19
535 421
680 797
535 7
680 868
535 106
680 691
535 658
680 691
535 615
680 458
535 46
680 958
535 756
680 387
535 589
680 310
535 96
680 127
535 795
680 691
535 612
680 181
535 945
680 32
535 426
680 32
535 480
680 932
535 480
680 346
535 315
680 387
535 955
680 958
535 589
680 657
535 46
680 19
535 249
680 790
535 612
680 692
535 159
680 749
535 595
680 621
535 99
680 622
535 480
680 596
535 756
680 621
535 99
680 692
535 595
680 315
535 7
680 127
535 106
680 127
535 795
680 866
535 316
680 33
535 340
680 387
535 316
680 79
535 106
680 103
535 612
680 387
535 96
680 19
535 340
680 51
535 480
680 596
535 187
680 697
535 340
680 817
535 247
680 958
535 650
680 797
535 658
680 317
535 426
680 621
535 907
680 79
535 421
680 32
535 595
680 622
535 159
680 32
535 249
680 388
535 655
680 396
535 574
680 958
535 907
680 596
535 450
680 621
535 409
680 387
535 964
680 868
535 433
680 703
535 429
680 907
535 7
680 79
535 7
680 181
535 159
680 657
535 658
680 692
535 574
680 387
535 61
680 33
535 46
680 103
535 650
680 866
535 106
680 19
535 429
680 817
535 481
680 310
535 658
680 265
535 340
680 396
535 955
680 749
535 650
680 749
535 589
680 186
535 574
680 581
535 106
680 817
535 247
680 198
535 46
680 663
535 96
680 866
535 249
680 611
535 945
680 868
535 945
680 398
535 595
680 181
535 6
680 663
535 111
680 127
535 655
680 317
535 159
680 692
535 247
680 127
535 46
680 143
535 876
680 581
535 159
680 821
535 907
680 79
535 426
680 79
535 658
680 79
535 907
680 622
535 340
680 958
535 99
680 181
535 106
680 19
535 756
680 622
535 111
680 868
535 560
680 396
535 992
680 32
535 642
680 821
535 315
680 703
535 952
680 310
535 200
680 127
535 61
680 396
535 340
680 866
535 615
680 868
535 455
680 346
535 429
680 477
535 595
680 79
535 612
680 896
535 655
680 103
535 315
680 932
535 955
680 103
535 650
680 657
535 99
680 346
535 992
680 198
535 426
680 388
535 421
680 657
535 426
680 952
535 421
680 952
535 658
680 265
535 955
680 657
535 429
680 458
535 876
680 32
535 658
680 396
535 952
680 821
535 890
680 198
535 907
680 797
535 450
680 135
535 655
680 868
535 315
680 657
535 795
680 749
535 429
680 866
535 46
680 135
535 612
680 868
535 612
680 596
535 99
680 379
535 106
680 387
535 658
680 33
535 96
680 657
535 421
680 611
535 7
680 198
535 658
680 387
535 426
680 932
535 249
680 387
535 481
680 621
535 200
680 691
535 945
680 265
535 945
680 396
535 99
680 896
535 455
680 932
535 907
680 821
535 340
680 32
535 890
680 388
535 642
680 896
535 795
680 868
535 876
680 907
535 756
680 896
535 489
680 907
535 111
680 265
535 7
680 797
535 340
680 379
535 650
680 621
535 450
680 315
535 340
680 477
535 480
680 32
535 426
680 198
535 450
680 388
535 316
680 317
535 200
680 663
535 612
680 33
535 6
680 581
535 481
680 866
535 589
680 958
535 6
680 581
535 480
680 691
535 642
680 866
535 46
680 581
535 96
680 691
535 315
680 952
535 249
680 663
535 7
680 379
535 96
680 388
535 450
680 186
535 200
680 127
535 642
680 958
535 315
680 691
535 159
680 691
535 612
680 692
535 595
680 703
535 247
680 657
535 61
680 198
535 433
680 691
535 61
680 703
535 589
680 866
535 480
680 663
535 433
680 317
535 890
680 33
535 595
680 143
535 315
680 396
535 615
680 697
535 496
680 315
535 187
680 135
535 612
680 663
535 612
680 622
535 159
680 181
535 433
680 790
535 489
680 868
535 316
680 691
535 111
680 388
535 111
680 32
535 756
680 622
535 612
680 821
535 450
680 135
535 589
680 310
535 409
680 388
535 595
680 596
535 481
680 790
535 595
680 458
535 111
680 952
535 642
680 310
535 247
680 379
535 429
680 181
535 421
680 310
535 433
680 749
535 907
680 310
535 964
680 621
535 429
680 581
535 433
680 868
535 200
680 458
535 574
680 396
535 964
680 697
535 340
680 103
535 429
680 691
535 481
680 103
535 964
680 310
535 46
680 458
535 595
680 703
535 200
680 790
535 890
680 581
535 429
680 198
535 455
680 396
535 481
680 32
535 612
680 896
535 890
680 703
535 426
680 691
535 187
680 388
535 421
680 749
535 876
680 932
535 433
680 135
535 964
680 379
535 7
680 477
535 952
680 51
535 450
680 181
535 876
680 657
535 650
680 596
535 481
680 596
535 756
680 379
535 756
680 143
535 46
680 103
535 595
680 32
535 481
680 265
535 187
680 181
535 658
680 821
535 159
680 821
535 433
680 198
535 589
680 186
535 96
680 79
535 952
680 186
535 480
680 398
535 489
680 458
535 480
680 932
535 612
680 749
535 340
680 51
535 106
680 663
535 952
680 596
535 992
680 458
535 756
680 932
535 450
680 458
535 433
680 317
535 992
680 896
535 650
680 581
535 99
680 663
535 756
680 79
535 7
680 821
535 795
680 663
535 96
680 477
535 489
680 315
535 964
680 103
535 7
680 896
535 650
680 79
535 655
680 32
535 952
680 398
535 658
680 315
535 595
680 396
535 496
680 396
535 496
680 19
535 316
680 907
535 642
680 817
535 96
680 622
535 642
680 703
535 200
680 143
535 890
680 866
535 433
680 51
535 433
680 952
535 111
680 265
535 907
680 907
535 964
680 581
535 952
680 868
535 655
680 388
535 61
680 315
535 642
680 952
535 658
680 790
535 955
680 103
535 952
680 79
535 421
680 663
535 249
680 315
535 595
680 817
535 46
680 143
535 642
680 697
535 992
680 19
535 795
680 398
535 756
680 611
535 106
680 346
535 481
680 703
535 655
680 907
535 409
680 907
535 595
680 952
535 455
680 32
535 111
680 198
535 756
680 346
535 615
680 379
535 187
680 621
535 496
680 396
535 99
680 310
535 450
680 790
535 159
680 458
535 574
680 657
535 876
680 866
535 876
680 952
535 655
680 622
535 247
680 103
535 429
680 79
535 6
680 79
535 187
680 697
535 111
680 817
535 340
680 317
535 658
680 817
535 907
680 581
535 480
680 797
535 61
680 958
535 890
680 958
535 560
680 103
535 249
680 33
535 426
680 396
535 316
680 790
535 200
680 611
535 945
680 477
535 455
680 932
535 658
680 896
535 480
680 611
535 992
680 310
535 409
680 868
535 955
680 387
535 615
680 143
535 952
680 611
535 642
680 103
535 795
680 896
535 589
680 143
535 111
680 896
535 450
680 596
535 658
680 657
535 890
680 51
535 340
680 387
535 316
680 621
535 992
680 33
535 249
680 952
535 7
680 477
535 489
680 387
535 46
680 866
535 574
680 310
535 106
680 821
535 96
680 952
535 907
680 103
535 481
680 691
535 890
680 692
535 315
680 749
535 316
680 790
535 612
680 817
535 595
680 315
535 96
680 821
535 496
680 581
535 992
680 581
535 876
680 310
535 249
680 398
535 340
680 387
535 46
680 181
535 46
680 33
535 421
680 388
535 455
680 749
535 658
680 621
535 756
680 143
535 409
680 663
535 574
680 317
535 992
680 127
535 615
680 596
535 455
680 790
535 455
680 622
535 61
680 697
535 187
680 790
535 650
680 797
535 249
680 621
535 200
680 749
535 612
680 387
535 890
680 952
535 595
680 821
535 6
680 181
535 907
680 51
535 642
680 596
535 642
680 310
535 952
680 749
535 6
680 396
535 7
680 797
535 340
680 952
535 315
680 697
535 615
680 51
535 409
680 346
535 426
680 749
535 876
680 821
535 481
680 387
535 480
680 611
535 595
680 317
535 574
680 952
535 589
680 657
535 481
680 596
535 992
680 868
535 907
680 657
535 111
680 32
535 655
680 596
535 992
680 692
535 595
680 657
535 409
680 103
535 46
680 317
535 426
680 51
535 955
680 103
535 560
680 622
535 890
680 596
535 642
680 663
535 574
680 790
535 658
680 398
535 955
680 127
535 489
680 697
535 560
680 821
535 106
680 135
535 658
680 265
535 96
680 346
535 955
680 51
535 489
680 127
535 489
680 317
535 496
680 51
535 574
680 79
535 455
680 896
535 876
680 958
535 429
680 33
535 450
680 611
535 6
680 821
535 409
680 103
535 655
680 581
535 7
680 265
535 450
680 181
535 964
680 317
535 340
680 127
535 876
680 317
535 658
680 477
535 159
680 33
535 945
680 346
535 890
680 186
535 795
680 396
535 111
680 398
535 481
680 127
535 560
680 932
535 655
680 581
535 945
680 315
535 496
680 135
535 489
680 790
535 455
680 79
535 955
680 51
535 489
680 749
535 560
680 692
535 421
680 866
535 187
680 581
535 595
680 907
535 159
680 907
535 481
680 932
535 615
680 346
535 945
680 621
535 574
680 866
535 450
680 821
535 111
680 135
535 61
680 32
535 6
680 127
535 795
680 952
535 952
680 388
535 429
680 398
535 595
680 691
535 409
680 932
535 200
680 379
535 111
680 622
535 426
680 135
535 955
680 749
535 7
680 33
535 560
680 181
535 655
680 611
535 316
680 387
535 496
680 581
535 642
680 79
535 247
680 581
535 480
680 477
535 249
680 346
535 890
680 346
535 795
680 186
535 455
680 346
535 433
680 135
535 46
680 821
535 756
680 868
535 200
680 703
535 99
680 821
535 111
680 868
535 7
680 198
535 159
680 692
535 890
680 396
535 795
680 181
535 955
680 79
535 450
680 265
535 595
680 379
535 907
680 697
535 316
680 790
535 99
680 907
535 455
680 398
535 6
680 198
535 340
680 32
535 489
680 317
535 795
680 581
535 650
680 611
535 187
680 458
535 7
680 749
535 187
680 691
535 489
680 952
535 595
680 621
535 795
680 346
535 945
680 32
535 315
680 387
535 560
680 103
535 61
680 790
535 315
680 79
535 61
680 310
535 111
680 265
535 615
680 181
535 655
680 396
535 96
680 692
535 907
680 198
535 658
680 866
535 433
680 692
535 340
680 265
535 658
680 135
535 316
680 310
535 952
680 135
535 187
680 817
535 890
680 907
535 455
680 868
535 615
680 33
535 964
680 697
535 992
680 797
535 952
680 181
535 655
680 952
535 433
680 657
535 650
680 958
535 433
680 79
535 658
680 143
535 426
680 692
535 429
680 387
535 992
680 103
535 159
680 958
535 589
680 317
535 450
680 797
535 945
680 932
535 589
680 790
535 876
680 866
535 7
680 697
535 99
680 79
535 450
680 317
535 450
680 310
535 450
680 907
535 99
680 19
535 589
680 388
535 96
680 33
535 315
680 692
535 455
680 797
535 612
680 315
535 6
680 346
535 200
680 952
535 480
680 315
535 450
680 797
535 433
680 697
535 316
680 907
535 945
680 51
535 429
680 396
535 6
680 396
535 46
680 387
535 46
680 19
535 642
680 19
535 560
680 703
535 589
680 932
535 316
680 346
535 650
680 346
535 316
680 186
535 952
680 19
535 249
680 817
535 6
680 387
535 907
680 265
535 560
680 691
535 574
680 143
535 61
680 19
535 187
680 143
535 480
680 315
535 187
680 797
535 450
680 265
535 481
680 866
535 496
680 477
535 340
680 79
535 340
680 103
535 952
680 866
535 200
680 135
535 964
680 958
535 480
680 621
535 455
680 581
535 200
680 186
535 595
680 32
535 574
680 387
535 480
680 477
535 421
680 181
535 595
680 33
535 340
680 907
535 316
680 398
535 426
680 398
535 964
680 198
535 615
680 821
535 955
680 388
535 6
680 127
535 612
680 703
535 595
680 317
535 340
680 198
535 159
680 691
535 612
680 387
535 907
680 866
535 907
680 611
535 409
680 868
535 992
680 315
535 187
680 596
535 433
680 315
535 945
680 379
535 340
680 458
535 489
680 817
535 61
680 398
535 589
680 692
535 480
680 387
535 795
680 657
535 890
680 32
535 496
680 896
535 955
680 958
535 955
680 611
535 890
680 398
535 409
680 135
535 106
680 388
535 426
680 265
535 6
680 657
535 159
680 611
535 876
680 265
535 61
680 581
535 612
680 346
535 992
680 657
535 316
680 398
535 426
680 621
535 615
680 398
535 876
680 749
535 340
680 51
535 426
680 621
535 200
680 396
535 481
680 265
535 496
680 621
535 187
680 310
535 650
680 868
535 111
680 868
535 655
680 952
535 615
680 127
535 159
680 387
535 589
680 265
535 945
680 621
535 421
680 198
535 574
680 135
535 99
680 749
535 429
680 868
535 756
680 379
535 96
680 135
535 489
680 198
535 96
680 657
535 612
680 143
535 6
680 790
535 945
680 181
535 315
680 127
535 316
680 866
535 615
680 868
535 595
680 103
535 340
680 127
535 61
680 952
535 6
680 181
535 455
680 866
535 907
680 749
535 46
680 51
535 249
680 952
535 61
680 143
535 187
680 317
535 96
680 388
535 945
680 19
535 187
680 896
535 964
680 868
535 489
680 581
535 7
680 790
535 421
680 346
535 945
680 703
535 429
680 657
535 952
680 821
535 187
680 958
535 6
680 181
535 421
680 387
535 96
680 749
535 450
680 51
535 421
680 958
535 890
680 51
535 480
680 663
535 111
680 797
535 615
680 317
535 421
680 868
535 200
680 749
535 106
680 932
535 96
680 663
535 96
680 896
535 489
680 697
535 200
680 310
535 480
680 611
535 945
680 821
535 642
680 143
535 658
680 797
535 560
680 697
535 61
680 127
535 952
680 958
535 455
680 749
535 99
680 692
535 612
680 581
535 655
680 866
535 890
680 692
535 409
680 657
535 340
680 868
535 433
680 622
535 481
680 692
535 46
680 477
535 111
680 317
535 99
680 186
535 455
680 581
535 6
680 33
535 655
680 103
535 200
680 581
535 450
680 703
535 7
680 317
535 426
680 186
535 589
680 896
535 340
680 657
535 480
680 907
535 315
680 958
535 340
680 749
535 595
680 398
535 876
680 103
535 496
680 135
535 481
680 952
535 992
680 458
535 615
680 51
535 316
680 398
535 106
680 396
535 574
680 657
535 595
680 379
535 200
680 691
535 945
680 265
535 46
680 181
535 642
680 19
535 615
680 79
535 433
680 907
535 421
680 127
535 642
680 186
535 795
680 657
535 642
680 749
535 496
680 346
535 876
680 663
535 489
680 79
535 481
680 127
535 489
680 697
535 489
680 186
535 340
680 135
535 489
680 315
535 489
680 663
535 496
680 749
535 795
680 866
535 429
680 907
535 658
680 663
535 99
680 621
535 481
680 396
535 612
680 51
535 795
680 896
535 658
680 952
535 992
680 79
535 496
680 398
535 7
680 817
535 574
680 398
535 589
680 703
535 426
680 622
535 655
680 749
535 481
680 611
535 200
680 396
535 756
680 103
535 481
680 621
535 249
680 388
535 433
680 33
535 249
680 581
535 560
680 596
535 429
680 692
535 795
680 458
535 249
680 581
535 46
680 692
535 658
680 952
535 964
680 32
535 6
680 32
535 340
680 581
535 46
680 103
535 595
680 622
535 574
680 611
535 496
680 477
535 187
680 181
535 247
680 186
535 6
680 32
535 481
680 388
535 890
680 310
535 6
680 797
535 489
680 198
535 187
680 143
535 7
680 79
535 658
680 398
535 952
680 396
535 795
680 596
535 574
680 265
535 481
680 388
535 876
680 103
535 489
680 663
535 99
680 866
535 106
680 868
535 574
680 265
535 945
680 265
535 450
680 790
535 642
680 817
535 61
680 866
535 589
680 143
535 955
680 317
535 658
680 198
535 159
680 387
535 6
680 388
535 111
680 622
535 159
680 611
535 99
680 19
535 340
680 127
535 964
680 868
535 159
680 458
535 315
680 581
535 655
680 127
535 159
680 79
535 795
680 581
535 409
680 310
535 111
680 103
535 249
680 868
535 316
680 932
535 111
680 265
535 655
680 315
535 111
680 477
535 315
680 817
535 480
680 817
535 340
680 387
535 340
680 396
535 560
680 103
535 756
680 691
535 247
680 310
535 964
680 797
535 409
680 663
535 46
680 932
535 890
680 79
535 247
680 310
535 615
680 703
535 187
680 135
535 111
680 657
535 650
680 596
535 756
680 265
535 955
680 379
535 106
680 611
535 560
680 817
535 426
680 692
535 481
680 691
535 61
680 958
535 795
680 663
535 642
680 388
535 650
680 596
535 496
680 821
535 907
680 932
535 992
680 657
535 426
680 143
535 426
680 697
535 560
680 932
535 876
680 186
535 489
680 396
535 106
680 749
535 249
680 821
535 955
680 821
535 450
680 817
535 426
680 621
535 955
680 821
535 615
680 127
535 876
680 697
535 658
680 33
535 560
680 387
535 200
680 749
535 315
680 51
535 964
680 868
535 6
680 692
535 200
680 387
535 756
680 265
535 876
680 907
535 315
680 103
535 612
680 317
535 450
680 79
535 433
680 181
535 489
680 387
535 99
680 477
535 595
680 817
535 795
680 621
535 426
680 186
535 642
680 346
535 489
680 186
535 658
680 952
535 658
680 458
535 907
680 749
535 409
680 458
535 945
680 866
535 187
680 127
535 6
680 19
535 907
680 896
535 249
680 622
535 409
680 611
535 316
680 663
535 450
680 79
535 409
680 310
535 890
680 622
535 340
680 79
535 409
680 181
535 187
680 265
535 340
680 703
535 429
680 790
535 96
680 581
535 496
680 388
535 890
680 749
535 455
680 790
535 61
680 958
535 650
680 388
535 46
680 33
535 642
680 458
535 249
680 181
535 187
680 932
535 955
680 821
535 61
680 797
535 650
680 958
535 315
680 127
535 756
680 51
535 315
680 379
535 433
680 317
535 340
680 477
535 945
680 186
535 955
680 143
535 496
680 952
535 615
680 691
535 964
680 310
535 340
680 821
535 655
680 143
535 595
680 186
535 955
680 657
535 106
680 198
535 200
680 691
535 96
680 458
535 7
680 143
535 249
680 33
535 890
680 458
535 615
680 186
535 6
680 907
535 200
680 907
535 7
680 396
535 992
680 388
535 612
680 379
535 316
680 79
535 589
680 32
535 96
680 581
535 945
680 317
535 658
680 127
535 315
680 621
535 61
680 611
535 496
680 657
535 615
680 127
535 615
680 103
535 61
680 33
535 795
680 387
535 200
680 691
535 496
680 797
535 650
680 663
535 655
680 396
535 247
680 663
535 496
680 143
535 99
680 315
535 46
680 821
535 99
680 387
535 642
680 790
535 655
680 657
535 6
680 663
535 433
680 477
535 964
680 143
535 433
680 866
535 907
680 958
535 421
680 198
535 111
680 749
535 106
680 611
535 795
680 958
535 421
680 346
535 589
680 697
535 187
680 379
535 340
680 581
535 187
680 477
535 992
680 186
535 426
680 611
535 612
680 868
535 615
680 749
535 455
680 103
535 907
680 611
535 316
680 817
535 876
680 868
535 612
680 135
535 316
680 866
535 111
680 265
535 595
680 265
535 247
680 952
535 650
680 657
535 955
680 866
535 200
680 127
535 316
680 315
535 340
680 186
535 433
680 32
535 429
680 317
535 658
680 691
535 340
680 703
535 6
680 32
535 429
680 958
535 450
680 387
535 952
680 181
535 433
680 703
535 249
680 596
535 481
680 135
535 612
680 581
535 992
680 387
535 106
680 33
535 615
680 346
535 481
680 621
535 560
680 958
535 480
680 103
535 106
680 198
535 589
680 821
535 426
680 458
535 945
680 310
535 6
680 958
535 99
680 379
535 574
680 611
535 907
680 596
535 481
680 32
535 455
680 621
535 756
680 952
535 340
680 932
535 340
680 79
535 111
680 932
535 650
680 186
535 96
680 611
535 187
680 396
535 46
680 596
535 756
680 127
535 595
680 388
535 615
680 315
535 46
680 317
535 6
680 398
535 615
680 19
535 876
680 797
535 409
680 790
535 650
680 749
535 7
680 127
535 409
680 797
535 589
680 703
535 612
680 477
535 187
680 317
535 187
680 181
535 96
680 817
535 595
680 958
535 200
680 958
535 426
680 315
535 96
680 315
535 496
680 315
535 426
680 621
535 61
680 621
535 187
680 135
535 46
680 186
535 658
680 477
535 433
680 817
535 658
680 663
535 409
680 143
535 480
680 958
535 952
680 458
535 409
680 127
535 655
680 33
535 489
680 32
535 409
680 181
535 595
680 596
535 315
680 396
535 99
680 622
535 480
680 697
535 574
680 19
535 642
680 398
535 992
680 657
535 99
680 952
535 450
680 958
535 187
680 622
535 574
680 896
535 756
680 388
535 61
680 387
535 756
680 703
535 481
680 387
535 480
680 749
535 756
680 697
535 455
680 868
535 489
680 797
535 247
680 896
535 955
680 621
535 480
680 387
535 46
680 958
535 187
680 310
535 480
680 657
535 111
680 797
535 952
680 127
535 6
680 697
535 99
680 198
535 876
680 596
535 955
680 907
535 455
680 51
535 106
680 663
535 200
680 143
535 655
680 396
535 61
680 127
535 46
680 817
535 46
680 790
535 249
680 790
535 589
680 33
535 489
680 33
535 96
680 127
535 96
680 907
535 595
680 33
535 7
680 388
535 315
680 198
535 106
680 896
535 964
680 458
535 650
680 265
535 480
680 621
535 480
680 317
535 6
680 388
535 658
680 396
535 952
680 907
535 99
680 127
535 340
680 907
535 560
680 135
535 589
680 317
535 992
680 663
535 409
680 821
535 340
680 79
535 650
680 186
535 249
680 181
535 426
680 79
535 642
680 265
535 595
680 932
535 409
680 79
535 249
680 611
535 574
680 581
535 106
680 907
535 574
680 315
535 480
680 896
535 952
680 346
535 450
680 458
535 955
680 143
535 249
680 143
535 496
680 387
535 6
680 622
535 756
680 868
535 574
680 32
535 574
680 866
535 159
680 703
535 409
680 749
535 612
680 33
535 574
680 398
535 111
680 379
535 61
680 692
535 964
680 749
535 450
680 198
535 612
680 315
535 955
680 387
535 409
680 611
535 795
680 103
535 340
680 817
535 795
680 817
535 316
680 310
535 315
680 396
535 61
680 621
535 658
680 621
535 650
680 19
535 7
680 692
535 496
680 388
535 795
680 388
535 111
680 265
535 7
680 896
535 111
680 703
535 6
680 621
535 96
680 797
535 655
680 817
535 655
680 79
535 612
680 32
535 615
680 697
535 992
680 896
535 574
680 398
535 450
680 135
535 589
680 458
535 61
680 143
535 952
680 346
535 615
680 32
535 455
680 952
535 952
680 868
535 433
680 797
535 316
680 692
535 595
680 657
535 964
680 398
535 200
680 622
535 61
680 103
535 46
680 103
535 200
680 749
535 655
680 866
535 421
680 817
535 316
680 398
535 955
680 611
535 421
680 387
535 61
680 697
535 658
680 33
535 489
680 32
535 952
680 581
535 426
680 315
535 756
680 398
535 429
680 379
535 907
680 596
535 187
680 396
535 249
680 691
535 480
680 797
535 315
680 143
535 658
680 388
535 247
680 186
535 450
680 703
535 7
680 135
535 595
680 692
535 615
680 186
535 489
680 866
535 200
680 692
535 433
680 797
535 315
680 821
535 615
680 379
535 61
680 958
535 756
680 932
535 315
680 692
535 756
680 388
535 106
680 398
535 945
680 697
535 450
680 398
535 574
680 790
535 61
680 697
535 249
680 790
535 46
680 396
535 200
680 33
535 247
680 198
535 249
680 19
535 247
680 952
535 106
680 19
535 955
680 458
535 992
680 697
535 489
680 127
535 433
680 932
535 615
680 621
535 489
680 310
535 187
680 315
535 489
680 33
535 315
680 663
535 46
680 622
535 795
680 265
535 426
680 388
535 952
680 51
535 574
680 186
535 945
680 379
535 159
680 622
535 247
680 817
535 187
680 692
535 96
680 346
535 450
680 181
535 99
680 821
535 642
680 388
535 560
680 477
535 615
680 33
535 642
680 932
535 655
680 103
535 247
680 703
535 96
680 692
535 426
680 657
535 876
680 388
535 421
680 181
535 890
680 907
535 249
680 692
535 612
680 143
535 574
680 198
535 890
680 198
535 249
680 181
535 952
680 868
535 496
680 866
535 455
680 398
535 247
680 388
535 612
680 958
535 574
680 19
535 46
680 51
535 200
680 32
535 426
680 692
535 955
680 622
535 340
680 790
535 589
680 51
535 642
680 317
535 589
680 310
535 964
680 32
535 426
680 387
535 615
680 310
535 429
680 186
535 480
680 663
535 481
680 790
535 450
680 317
535 187
680 79
535 159
680 396
535 7
680 388
535 756
680 896
535 615
680 622
535 489
680 703
535 6
680 952
535 612
680 581
535 481
680 135
535 955
680 51
535 111
680 797
535 316
680 692
535 99
680 396
535 658
680 346
535 96
680 186
535 595
680 135
535 945
680 817
535 955
680 127
535 6
680 103
535 655
680 51
535 612
680 103
535 159
680 396
535 480
680 821
535 964
680 265
535 907
680 581
535 46
680 103
535 316
680 611
535 795
680 749
535 187
680 32
535 756
680 315
535 945
680 611
535 890
680 749
535 315
680 581
535 650
680 127
535 315
680 817
535 560
680 398
535 96
680 611
535 159
680 398
535 945
680 663
535 7
680 310
535 315
680 315
535 433
680 143
535 964
680 186
535 955
680 958
535 574
680 797
535 6
680 621
535 315
680 135
535 433
680 379
535 159
680 821
535 489
680 51
535 111
680 346
535 433
680 379
535 421
680 379
535 481
680 33
535 945
680 32
535 876
680 19
535 955
680 396
535 650
680 346
535 574
680 317
535 589
680 388
535 409
680 749
535 409
680 703
535 426
680 143
535 200
680 103
535 6
680 265
535 612
680 19
535 187
680 622
535 315
680 821
535 429
680 596
535 159
680 143
535 200
680 797
535 111
680 458
535 945
680 79
535 650
680 458
535 655
680 388
535 615
680 932
535 409
680 932
535 315
680 868
535 560
680 866
535 316
680 790
535 429
680 797
535 945
680 622
535 316
680 317
535 450
680 797
535 795
680 817
535 574
680 79
535 159
680 346
535 247
680 749
535 409
680 143
535 612
680 19
535 890
680 458
535 952
680 958
535 455
680 79
535 6
680 127
535 952
680 181
535 315
680 622
535 315
680 821
535 6
680 127
535 6
680 310
535 46
680 198
535 574
680 79
535 316
680 663
535 433
680 186
535 756
680 477
535 99
680 790
535 106
680 79
535 655
680 703
535 340
680 51
535 429
680 32
535 429
680 198
535 340
680 952
535 187
680 596
535 455
680 596
535 433
680 387
535 6
680 32
535 992
680 396
535 964
680 866
535 560
680 265
535 574
680 611
535 756
680 458
535 890
680 265
535 589
680 866
535 756
680 611
535 315
680 790
535 952
680 317
535 6
680 32
535 46
680 198
535 409
680 265
535 964
680 692
535 96
680 135
535 429
680 581
535 316
680 387
535 249
680 265
535 612
680 198
535 316
680 952
535 315
680 817
535 615
680 958
535 99
680 622
535 450
680 581
535 655
680 703
535 480
680 932
535 450
680 315
535 489
680 379
535 589
680 51
535 615
680 51
535 99
680 198
535 96
680 135
535 658
680 896
535 315
680 181
535 907
680 379
535 489
680 952
535 955
680 477
535 316
680 388
535 595
680 581
535 247
680 458
535 756
680 663
535 96
680 477
535 481
680 33
535 426
680 581
535 429
680 135
535 876
680 51
535 200
680 186
535 589
680 51
535 455
680 458
535 450
680 663
535 426
680 697
535 589
680 817
535 589
680 581
535 159
680 127
535 106
680 907
535 890
680 19
535 455
680 790
535 249
680 388
535 658
680 51
535 111
680 907
535 187
680 596
535 433
680 790
535 756
680 621
535 952
680 692
535 907
680 581
535 964
680 797
535 159
680 51
535 249
680 186
535 429
680 749
535 187
680 958
535 489
680 622
535 795
680 797
535 46
680 379
535 316
680 388
535 480
680 477
535 945
680 896
535 340
680 691
535 433
680 181
535 187
680 581
535 455
680 817
535 964
680 32
535 589
680 621
535 316
680 663
535 992
680 265
535 992
680 127
535 589
680 622
535 247
680 79
535 952
680 817
535 111
680 19
535 655
680 79
535 655
680 611
535 61
680 907
535 247
680 103
535 658
680 896
535 907
680 866
535 316
680 790
535 992
680 388
535 795
680 477
535 99
680 265
535 450
680 315
535 955
680 868
535 46
680 477
535 111
680 398
535 560
680 691
535 992
680 611
535 642
680 32
535 496
680 581
535 450
680 691
535 409
680 952
535 6
680 821
535 489
680 703
535 650
680 611
535 945
680 181
535 595
680 477
535 589
680 907
535 876
680 907
535 340
680 135
535 589
680 379
535 756
680 657
535 907
680 32
535 795
680 135
535 589
680 388
535 433
680 346
535 426
680 958
535 589
680 790
535 658
680 663
535 481
680 697
535 496
680 821
535 560
680 33
535 455
680 477
535 187
680 315
535 450
680 388
535 315
680 868
535 99
680 691
535 642
680 387
535 159
680 622
535 890
680 127
535 7
680 310
535 249
680 958
535 409
680 32
535 612
680 186
535 316
680 181
535 106
680 19
535 99
680 697
535 560
680 181
535 589
680 749
535 99
680 79
535 99
680 33
535 450
680 103
535 615
680 581
535 574
680 198
535 615
680 907
535 159
680 663
535 247
680 797
535 655
680 346
535 595
680 907
535 952
680 32
535 876
680 79
535 992
680 958
535 426
680 596
535 955
680 103
535 574
680 477
535 315
680 198
535 61
680 691
535 650
680 346
535 421
680 198
535 247
680 32
535 159
680 657
535 316
680 265
535 200
680 135
535 480
680 821
535 409
680 817
535 7
680 868
535 316
680 33
535 496
680 622
535 433
680 379
535 433
680 611
535 187
680 622
535 945
680 868
535 409
680 896
535 496
680 703
535 952
680 866
535 433
680 868
535 876
680 866
535 426
680 790
535 952
680 692
535 955
680 19
535 450
680 33
535 249
680 379
535 489
680 868
535 316
680 692
535 595
680 868
535 992
680 958
535 421
680 143
535 340
680 866
535 890
680 143
535 111
680 581
535 658
680 611
535 952
680 32
535 7
680 346
535 426
680 907
535 450
680 181
535 187
680 379
535 589
680 703
535 426
680 33
535 99
680 581
535 249
680 932
535 876
680 691
535 574
680 79
535 876
680 396
535 907
680 797
535 315
680 952
535 655
680 143
535 952
680 932
535 952
680 458
535 642
680 952
535 187
680 388
535 574
680 657
535 249
680 265
535 106
680 317
535 247
680 621
535 111
680 317
535 99
680 691
535 658
680 186
535 907
680 657
535 955
680 181
535 316
680 396
535 106
680 952
535 7
680 396
535 658
680 932
535 945
680 581
535 481
680 790
535 658
680 32
535 249
680 821
535 756
680 51
535 642
680 32
535 589
680 622
535 952
680 51
535 612
680 958
535 496
680 697
535 992
680 952
535 426
680 346
535 61
680 310
535 247
680 396
535 455
680 581
535 187
680 697
535 480
680 622
535 642
680 691
535 955
680 896
535 642
680 186
535 642
680 396
535 489
680 186
535 795
680 749
535 7
680 866
535 455
680 621
535 187
680 198
535 96
680 657
535 756
680 697
535 159
680 19
535 450
680 33
535 890
680 181
535 455
680 621
535 46
680 621
535 426
680 622
535 964
680 866
535 6
680 388
535 589
680 657
535 46
680 143
535 99
680 797
535 595
680 703
535 6
680 703
535 655
680 33
535 46
680 797
535 945
680 398
535 433
680 186
535 247
680 821
535 455
680 387
535 574
680 611
535 481
680 622
535 106
680 697
535 756
680 958
535 6
680 135
535 340
680 621
535 340
680 477
535 560
680 621
535 489
680 310
535 421
680 663
535 249
680 790
535 655
680 477
535 952
680 821
535 316
680 315
535 450
680 51
535 421
680 317
535 247
680 458
535 46
680 143
535 589
680 135
535 429
680 896
535 433
680 817
535 496
680 797
535 756
680 821
535 450
680 317
535 249
680 907
535 106
680 622
535 61
680 657
535 315
680 458
535 316
680 51
535 756
680 932
535 955
680 127
535 96
680 79
535 247
680 387
535 876
680 622
535 429
680 310
535 907
680 817
535 46
680 868
535 992
680 697
535 658
680 821
535 6
680 581
535 650
680 663
535 200
680 127
535 952
680 621
535 642
680 346
535 992
680 703
535 481
680 703
535 433
680 622
535 595
680 692
535 96
680 663
535 595
680 907
535 876
680 388
535 426
680 127
535 421
680 797
535 992
680 315
535 907
680 581
535 106
680 265
535 589
680 265
535 315
680 387
535 907
680 817
535 496
680 866
535 249
680 388
535 249
680 181
535 426
680 33
535 111
680 621
535 595
680 181
535 409
680 33
535 409
680 952
535 247
680 396
535 481
680 398
535 200
680 103
535 658
680 387
535 106
680 135
535 496
680 186
535 96
680 181
535 187
680 127
535 876
680 33
535 964
680 186
535 61
680 143
535 907
680 346
535 7
680 32
535 642
680 32
535 455
680 896
535 795
680 265
535 99
680 396
535 955
680 388
535 249
680 388
535 907
680 143
535 7
680 692
535 7
680 821
535 890
680 866
535 340
680 33
535 795
680 127
535 315
680 19
535 952
680 622
535 426
680 458
535 481
680 103
535 200
680 866
535 249
680 703
535 316
680 79
535 481
680 51
535 496
680 186
535 249
680 310
535 612
680 896
535 589
680 198
535 426
680 346
535 61
680 932
535 421
680 198
535 429
680 265
535 455
680 907
535 316
680 866
535 455
680 611
535 426
680 896
535 247
680 398
535 316
680 797
535 589
680 127
535 455
680 611
535 496
680 817
535 952
680 317
535 409
680 198
535 612
680 866
535 249
680 310
535 249
680 396
535 61
680 388
535 955
680 317
535 907
680 398
535 650
680 657
535 955
680 310
535 433
680 797
535 7
680 866
535 433
680 749
535 6
680 692
535 249
680 691
535 96
680 817
535 589
680 703
535 612
680 181
535 429
680 388
535 187
680 907
535 409
680 749
535 489
680 477
535 589
680 458
535 6
680 32
535 658
680 127
535 7
680 657
535 595
680 181
535 455
680 143
535 421
680 896
535 7
680 198
535 450
680 790
535 560
680 181
535 315
680 958
535 99
680 186
535 890
680 821
535 560
680 749
535 952
680 866
535 560
680 952
535 612
680 657
535 964
680 611
535 945
680 310
535 200
680 932
535 315
680 907
535 96
680 691
535 945
680 135
535 658
680 315
535 159
680 821
535 421
680 790
535 615
680 103
535 574
680 581
535 409
680 797
535 481
680 310
535 890
680 379
535 106
680 611
535 756
680 581
535 589
680 821
535 247
680 866
535 159
680 135
535 111
680 396
535 952
680 317
535 655
680 596
535 945
680 952
535 450
680 387
535 595
680 611
535 658
680 310
535 6
680 19
535 496
680 663
535 650
680 265
535 907
680 103
535 595
680 703
535 316
680 790
535 574
680 790
535 795
680 310
535 964
680 691
535 316
680 317
535 615
680 388
535 489
680 749
535 890
680 703
535 249
680 396
535 200
680 596
535 952
680 181
535 489
680 663
535 409
680 866
535 46
680 79
535 615
680 797
535 756
680 398
535 106
680 477
535 945
680 388
535 589
680 310
535 756
680 387
535 658
680 265
535 655
680 952
535 655
680 749
535 316
680 398
535 429
680 346
535 429
680 621
535 480
680 697
535 409
680 398
535 489
680 458
535 340
680 19
535 6
680 596
535 964
680 868
535 200
680 79
535 450
680 398
535 642
680 79
535 489
680 198
535 658
680 103
535 200
680 388
535 316
680 749
535 560
680 33
535 955
680 907
535 315
680 622
535 945
680 315
535 46
680 181
535 249
680 388
535 756
680 622
535 795
680 896
535 61
680 458
535 450
680 868
535 945
680 691
535 655
680 388
535 159
680 198
535 409
680 387
535 187
680 346
535 658
680 396
535 426
680 103
535 489
680 398
535 612
680 797
535 574
680 866
535 480
680 186
535 945
680 186
535 455
680 866
535 316
680 952
535 560
680 387
535 433
680 315
535 159
680 477
535 589
680 749
535 96
680 143
535 96
680 477
535 756
680 186
535 952
680 749
535 316
680 952
535 159
680 317
535 756
680 198
535 650
680 310
535 795
680 790
535 658
680 790
535 945
680 692
535 426
680 868
535 111
680 388
535 187
680 198
535 952
680 135
535 945
680 596
535 589
680 103
535 99
680 821
535 489
680 103
535 481
680 135
535 589
680 621
535 249
680 596
535 992
680 657
535 409
680 398
535 455
680 396
535 450
680 952
535 426
680 896
535 650
680 581
535 99
680 387
535 106
680 186
535 480
680 581
535 489
680 387
535 756
680 396
535 945
680 657
535 6
680 265
535 200
680 790
535 945
680 581
535 426
680 697
535 7
680 596
535 612
680 103
535 756
680 127
535 756
680 135
535 247
680 703
535 589
680 388
535 795
680 817
535 655
680 821
535 658
680 310
535 106
680 663
535 187
680 396
535 421
680 265
535 249
680 581
535 876
680 310
535 955
680 581
535 952
680 19
535 247
680 896
535 795
680 817
535 655
680 749
535 315
680 315
535 421
680 181
535 964
680 398
535 907
680 265
535 890
680 958
535 316
680 932
535 489
680 388
535 595
680 315
535 247
680 317
535 964
680 697
535 315
680 622
535 111
680 868
535 450
680 896
535 615
680 143
535 955
680 817
535 595
680 79
535 6
680 398
535 612
680 396
535 426
680 181
535 574
680 32
535 433
680 749
535 574
680 346
535 409
680 265
535 595
680 749
535 756
680 896
535 249
680 143
535 426
680 663
535 6
680 33
535 658
680 103
535 426
680 907
535 658
680 51
535 46
680 79
535 340
680 315
535 560
680 691
535 795
680 958
535 106
680 477
535 7
680 958
535 426
680 790
535 650
680 387
535 615
680 622
535 945
680 346
535 655
680 19
535 945
680 622
535 247
680 186
535 316
680 387
535 574
680 691
535 655
680 596
535 315
680 868
535 106
680 952
535 642
680 388
535 187
680 310
535 876
680 817
535 952
680 866
535 426
680 79
535 99
680 868
535 316
680 135
535 409
680 958
535 655
680 958
535 481
680 396
535 952
680 387
535 992
680 932
535 658
680 932
535 480
680 379
535 409
680 379
535 249
680 952
535 992
680 868
535 7
680 388
535 249
680 143
535 99
680 692
535 489
680 817
535 433
680 265
535 964
680 33
535 658
680 932
535 316
680 821
535 650
680 346
535 655
680 198
535 450
680 621
535 615
680 691
535 890
680 821
535 795
680 79
535 247
680 596
535 480
680 932
535 433
680 581
535 890
680 691
535 964
680 657
535 249
680 127
535 316
680 398
535 907
680 387
535 316
680 32
535 615
680 198
535 955
680 817
535 315
680 346
535 612
680 703
535 315
680 692
535 99
680 663
535 650
680 621
535 6
680 310
535 316
680 821
535 658
680 103
535 642
680 135
535 574
680 952
535 99
680 477
535 907
680 797
535 426
680 790
535 992
680 663
535 200
680 458
535 106
680 611
535 952
680 387
535 595
680 346
535 955
680 621
535 159
680 907
535 429
680 622
535 106
680 703
535 650
680 135
535 409
680 186
535 46
680 952
535 574
680 958
535 655
680 398
535 247
680 703
535 249
680 596
535 426
680 143
535 945
680 621
535 426
680 398
535 421
680 387
535 876
680 692
535 955
680 477
535 756
680 952
535 655
680 387
535 315
680 181
535 111
680 79
535 106
680 388
535 249
680 143
535 489
680 958
535 159
680 317
535 964
680 868
535 907
680 317
535 480
680 790
535 7
680 868
535 106
680 396
535 61
680 198
535 99
680 596
535 560
680 51
535 992
680 181
535 6
680 398
535 955
680 379
535 642
680 181
535 964
680 315
535 560
680 692
535 658
680 581
535 426
680 265
535 316
680 821
535 61
680 958
535 595
680 33
535 247
680 198
535 650
680 907
535 455
680 692
535 481
680 33
535 421
680 143
535 421
680 135
535 655
680 697
535 455
680 663
535 249
680 79
535 61
680 51
535 595
680 186
535 159
680 697
535 159
680 477
535 111
680 317
535 595
680 896
535 612
680 868
535 61
680 396
535 421
680 315
535 595
680 186
535 6
680 181
535 795
680 907
535 450
680 817
535 96
680 952
535 795
680 310
535 489
680 958
535 480
680 907
535 426
680 186
535 7
680 692
535 992
680 596
535 340
680 821
535 795
680 143
535 61
680 797
535 426
680 611
535 159
680 387
535 876
680 315
535 595
680 868
535 7
680 790
535 489
680 388
535 433
680 691
535 159
680 691
535 574
680 868
535 61
680 868
535 650
680 952
535 455
680 79
535 247
680 821
535 955
680 821
535 489
680 143
535 433
680 19
535 890
680 135
535 61
680 388
535 952
680 932
535 658
680 379
535 159
680 396
535 61
680 703
535 159
680 310
535 159
680 135
535 61
680 51
535 489
680 310
535 992
680 143
535 595
680 621
535 106
680 317
535 658
680 657
535 496
680 181
535 96
680 907
535 907
680 703
535 433
680 691
535 409
680 866
535 756
680 51
535 489
680 135
535 433
680 388
535 655
680 388
535 249
680 958
535 952
680 388
535 964
680 135
535 655
680 315
535 655
680 697
535 429
680 186
535 455
680 198
535 655
680 103
535 955
680 103
535 955
680 477
535 249
680 749
535 890
680 866
535 96
680 663
535 433
680 621
535 249
680 749
535 589
680 265
535 316
680 622
535 489
680 346
535 650
680 663
535 61
680 868
535 595
680 692
535 450
680 958
535 340
680 33
535 945
680 596
535 429
680 32
535 200
680 692
535 429
680 33
535 316
680 907
535 655
680 692
535 6
680 691
535 496
680 181
535 612
680 387
535 795
680 868
535 481
680 388
535 409
680 952
535 426
680 387
535 426
680 581
535 455
680 186
535 795
680 611
535 249
680 790
535 111
680 388
535 159
680 596
535 426
680 958
535 96
680 621
535 992
680 317
535 421
680 379
535 496
680 379
535 992
680 622
535 560
680 317
535 433
680 749
535 955
680 346
535 574
680 703
535 99
680 817
535 890
680 387
535 315
680 821
535 247
680 51
535 945
680 103
535 96
680 315
535 642
680 703
535 658
680 896
535 481
680 821
535 99
680 611
535 429
680 346
535 450
680 622
535 595
680 477
535 247
680 932
535 964
680 135
535 316
680 817
535 595
680 581
535 795
680 907
535 111
680 663
535 589
680 379
535 7
680 622
535 46
680 32
535 421
680 458
535 316
680 866
535 795
680 265
535 955
680 127
535 46
680 958
535 612
680 866
535 589
680 621
535 421
680 51
535 489
680 79
535 655
680 265
535 756
680 33
535 46
680 691
535 7
680 958
535 200
680 379
535 429
680 958
535 795
680 657
535 426
680 51
535 111
680 896
535 450
680 691
535 46
680 388
535 429
680 477
535 111
680 622
535 455
680 186
535 658
680 32
535 409
680 396
535 952
680 143
535 433
680 866
535 595
680 581
535 795
680 396
535 890
680 790
535 876
680 596
535 99
680 663
535 61
680 181
535 589
680 797
535 496
680 135
535 111
680 346
535 615
680 135
535 655
680 19
535 249
680 790
535 450
680 797
535 421
680 952
535 433
680 621
535 955
680 907
535 642
680 458
535 450
680 181
535 489
680 868
535 480
680 692
535 426
680 317
535 907
680 821
535 595
680 703
535 964
680 907
535 200
680 135
535 187
680 622
535 876
680 958
535 433
680 621
535 612
680 691
535 450
680 317
535 655
680 143
535 450
680 388
535 876
680 697
535 6
680 691
535 61
680 51
535 61
680 952
535 99
680 477
535 316
680 817
535 595
680 315
535 615
680 398
535 159
680 958
535 945
680 127
535 96
680 958
535 890
680 958
535 612
680 103
535 480
680 821
535 907
680 663
535 589
680 907
535 560
680 477
535 106
680 932
535 96
680 181
535 340
680 622
535 46
680 657
535 159
680 611
535 247
680 621
535 907
680 697
535 409
680 398
535 964
680 33
535 955
680 19
535 964
680 797
535 574
680 896
535 99
680 51
535 615
680 51
535 655
680 866
535 964
680 396
535 612
680 458
535 595
680 692
535 450
680 135
535 61
680 621
535 421
680 581
535 589
680 663
535 489
680 866
535 992
680 379
535 429
680 581
535 455
680 896
535 658
680 932
535 409
680 346
535 489
680 181
535 560
680 186
535 756
680 198
535 111
680 868
535 560
680 51
535 61
680 388
535 106
680 135
535 890
680 181
535 455
680 692
535 945
680 821
535 795
680 866
535 99
680 310
535 655
680 79
535 560
680 135
535 890
680 663
535 187
680 932
535 421
680 346
535 249
680 317
535 99
680 127
535 481
680 790
535 429
680 697
535 316
680 703
535 429
680 932
535 595
680 135
535 595
680 817
535 455
680 19
535 574
680 907
535 480
680 379
535 795
680 396
535 795
680 181
535 615
680 387
535 421
680 396
535 61
680 790
535 560
680 317
535 106
680 33
535 159
680 181
535 964
680 866
535 574
680 317
535 612
680 797
535 952
680 79
535 111
680 477
535 642
680 127
535 945
680 896
535 46
680 621
535 952
680 127
535 655
680 581
535 316
680 657
535 187
680 32
535 61
680 692
535 955
680 866
535 480
680 657
535 247
680 181
535 480
680 198
535 429
680 33
535 615
680 181
535 426
680 186
535 955
680 896
535 159
680 907
535 876
680 310
535 421
680 477
535 340
680 697
535 316
680 19
535 106
680 797
535 249
680 19
535 106
680 51
535 658
680 866
535 316
680 621
535 46
680 821
535 560
680 135
535 496
680 703
535 589
680 622
535 315
680 907
535 316
680 621
535 340
680 317
535 450
680 581
535 907
680 907
535 574
680 315
535 615
680 103
535 6
680 581
535 480
680 143
535 955
680 143
535 595
680 691
535 655
680 657
535 433
680 103
535 945
680 611
535 480
680 103
535 7
680 19
535 247
680 692
535 106
680 379
535 560
680 821
535 952
680 952
535 159
680 611
535 481
680 692
535 876
680 952
535 429
680 907
535 907
680 398
535 340
680 396
535 489
680 317
535 955
680 868
535 7
680 697
535 595
680 821
535 612
680 387
535 795
680 790
535 955
680 186
535 595
680 866
535 480
680 932
535 111
680 621
535 890
680 379
535 429
680 265
535 99
680 388
535 106
680 33
535 96
680 821
535 489
680 19
535 595
680 697
535 642
680 19
535 316
680 317
535 200
680 797
535 187
680 817
535 159
680 749
535 7
680 663
535 658
680 477
535 409
680 346
535 106
680 611
535 615
680 32
535 642
680 458
535 99
680 866
535 496
680 388
535 595
680 657
535 315
680 315
535 489
680 103
535 496
680 396
535 426
680 958
535 409
680 958
535 574
680 596
535 655
680 817
535 99
680 907
535 945
680 458
535 429
680 458
535 340
680 398
535 945
680 817
535 612
680 868
535 340
680 143
535 340
680 51
535 955
680 749
535 615
680 868
535 455
680 896
535 907
680 697
535 187
680 581
535 615
680 265
535 159
680 198
535 489
680 621
535 574
680 458
535 61
680 127
535 574
680 868
535 7
680 821
535 96
680 868
535 655
680 198
535 6
680 657
535 46
680 19
535 46
680 821
535 426
680 198
535 106
680 817
535 6
680 657
535 907
680 622
535 481
680 32
535 907
680 958
535 429
680 621
535 249
680 952
535 481
680 596
535 315
680 907
535 574
680 657
535 455
680 79
535 496
680 388
535 595
680 33
535 409
680 790
535 955
680 703
535 595
680 127
535 876
680 866
535 560
680 868
535 574
680 596
535 46
680 907
535 992
680 186
535 615
680 186
535 615
680 458
535 658
680 477
535 655
680 265
535 952
680 398
535 480
680 477
535 876
680 127
535 964
680 932
535 650
680 663
535 187
680 33
535 7
680 346
535 615
680 103
535 655
680 691
535 187
680 958
535 952
680 265
535 756
680 703
535 249
680 317
535 249
680 19
535 61
680 51
535 159
680 697
535 560
680 691
535 187
680 952
535 99
680 821
535 99
680 398
535 7
680 181
535 955
680 79
535 658
680 896
535 655
680 697
535 409
680 622
535 945
680 817
535 96
680 388
535 106
680 581
535 964
680 663
535 964
680 896
535 106
680 315
535 481
680 611
535 658
680 596
535 315
680 127
535 876
680 103
535 795
680 379
535 433
680 396
535 46
680 79
535 589
680 657
535 952
680 127
535 952
680 952
535 992
680 821
535 187
680 143
535 615
680 32
535 61
680 51
535 952
680 32
535 247
680 79
535 340
680 703
535 249
680 51
535 111
680 663
535 187
680 692
535 455
680 181
535 480
680 346
535 481
680 907
535 433
680 866
535 952
680 866
535 46
680 821
535 200
680 32
535 589
680 581
535 426
680 958
535 945
680 581
535 658
680 186
535 945
680 388
535 496
680 907
535 945
680 317
535 433
680 790
535 907
680 32
535 99
680 697
535 99
680 790
535 433
680 896
535 955
680 621
535 340
680 663
535 106
680 32
535 96
680 79
535 655
680 387
535 642
680 896
535 595
680 952
535 612
680 952
535 481
680 198
535 200
680 317
535 409
680 703
535 7
680 79
535 952
680 657
535 992
680 697
535 429
680 952
535 955
680 663
535 964
680 697
535 589
680 186
535 200
680 186
535 450
680 265
535 795
680 622
535 795
680 387
535 658
680 458
535 945
680 398
535 955
680 797
535 61
680 958
535 658
680 398
535 429
680 581
535 426
680 621
535 907
680 198
535 756
680 958
535 429
680 388
535 450
680 379
535 249
680 622
535 756
680 79
535 876
680 596
535 426
680 103
535 433
680 135
535 876
680 790
535 480
680 310
535 945
680 388
535 658
680 317
535 409
680 379
535 99
680 952
535 650
680 581
535 433
680 958
535 450
680 621
535 890
680 907
535 612
680 657
535 964
680 315
535 907
680 32
535 450
680 387
535 99
680 317
535 955
680 697
535 615
680 32
535 421
680 932
535 315
680 379
535 99
680 821
535 615
680 458
535 159
680 477
535 106
680 817
535 7
680 103
535 455
680 622
535 480
680 958
535 340
680 958
535 489
680 868
535 61
680 198
535 964
680 703
535 589
680 952
535 496
680 379
535 890
680 621
535 249
680 868
535 612
680 749
535 61
680 797
535 615
680 581
535 429
680 749
535 496
680 398
535 61
680 143
535 595
680 33
535 658
680 932
535 655
680 398
535 106
680 866
535 159
680 33
535 650
680 866
535 560
680 33
535 433
680 691
535 480
680 310
535 560
680 952
535 992
680 346
535 61
680 143
535 992
680 198
535 409
680 691
535 187
680 310
535 315
680 749
535 61
680 310
535 200
680 790
535 658
680 621
535 756
680 868
535 992
680 387
535 187
680 621
535 316
680 952
535 650
680 952
535 421
680 621
535 200
680 596
535 340
680 896
535 992
680 33
535 187
680 79
535 650
680 621
535 489
680 51
535 455
680 346
535 426
680 866
535 480
680 396
535 6
680 388
535 655
680 749
535 247
680 596
535 247
680 952
535 589
680 821
535 795
680 866
535 650
680 33
535 421
680 103
535 595
680 703
535 429
680 310
535 46
680 181
535 7
680 19
535 612
680 697
535 99
680 458
535 945
680 611
535 574
680 388
535 247
680 181
535 426
680 310
535 187
680 51
535 642
680 817
535 450
680 952
535 964
680 797
535 200
680 622
535 589
680 932
535 99
680 907
535 876
680 866
535 496
680 868
535 433
680 581
535 433
680 458
535 907
680 868
535 61
680 958
535 7
680 127
535 455
680 398
535 952
680 868
535 615
680 621
535 455
680 396
535 615
680 868
535 409
680 817
535 480
680 387
535 642
680 143
535 612
680 317
535 955
680 396
535 247
680 691
535 952
680 691
535 429
680 622
535 992
680 181
535 992
680 868
535 907
680 198
535 876
680 866
535 655
680 797
535 7
680 143
535 247
680 315
535 560
680 596
535 455
680 697
535 421
680 477
535 650
680 388
535 187
680 932
535 480
680 310
535 612
680 317
535 455
680 622
535 7
680 958
535 642
680 896
535 945
680 932
535 200
680 398
535 433
680 317
535 876
680 932
535 756
680 868
535 433
680 657
535 247
680 127
535 421
680 817
535 642
680 79
535 99
680 749
535 615
680 896
535 480
680 866
535 560
680 32
535 756
680 821
535 426
680 33
535 426
680 135
535 96
680 663
535 496
680 186
535 496
680 703
535 421
680 657
535 945
680 379
535 615
680 33
535 187
680 181
535 992
680 896
535 955
680 621
535 876
680 33
535 489
680 692
535 426
680 181
535 756
680 621
535 315
680 346
535 46
680 821
535 340
680 797
535 429
680 458
535 7
680 143
535 560
680 103
535 106
680 32
535 249
680 868
535 315
680 952
535 6
680 896
535 642
680 135
535 658
680 317
535 615
680 19
535 876
680 611
535 247
680 127
535 7
680 703
535 340
680 388
535 247
680 790
535 907
680 907
535 952
680 797
535 46
680 692
535 955
680 387
535 890
680 868
535 61
680 103
535 6
680 611
535 756
680 797
535 429
680 32
535 99
680 477
535 945
680 33
535 421
680 817
535 574
680 315
535 756
680 581
535 433
680 749
535 316
680 265
535 480
680 790
535 187
680 79
535 159
680 663
535 560
680 315
535 642
680 388
535 111
680 387
535 249
680 143
535 99
680 51
535 6
680 797
535 496
680 691
535 249
680 697
535 955
680 932
535 595
680 181
535 481
680 952
535 421
680 581
535 658
680 621
535 249
680 346
535 99
680 952
535 315
680 657
535 496
680 398
535 756
680 143
535 481
680 692
535 106
680 388
535 560
680 477
535 496
680 33
535 612
680 611
535 615
680 387
535 650
680 387
535 964
680 611
535 247
680 346
535 489
680 388
535 159
680 622
535 455
680 621
535 992
680 797
535 489
680 657
535 159
680 622
535 795
680 32
535 106
680 692
535 159
680 817
535 426
680 817
535 450
680 907
535 489
680 317
535 945
680 622
535 795
680 691
535 907
680 932
535 99
680 907
535 247
680 691
535 496
680 310
535 421
680 477
535 955
680 749
535 96
680 181
535 964
680 181
535 340
680 317
535 890
680 19
535 992
680 868
535 658
680 692
535 992
680 596
535 316
680 868
535 200
680 907
535 595
680 797
535 992
680 387
535 658
680 103
535 655
680 388
535 945
680 797
535 46
680 346
535 589
680 127
535 61
680 398
535 61
680 896
535 429
680 103
535 642
680 952
535 455
680 32
535 7
680 143
535 481
680 135
535 496
680 611
535 615
680 310
535 595
680 896
535 421
680 958
535 481
680 657
535 945
680 19
535 756
680 143
535 756
680 398
535 992
680 611
535 429
680 703
535 964
680 907
535 249
680 19
535 658
680 866
535 480
680 621
535 455
680 387
535 945
680 103
535 111
680 817
535 455
680 315
535 7
680 19
535 426
680 186
535 655
680 32
535 992
680 458
535 409
680 51
535 496
680 657
535 187
680 691
535 595
680 32
535 756
680 79
535 574
680 797
535 650
680 691
535 756
680 868
535 200
680 388
535 429
680 703
535 612
680 317
535 340
680 388
535 650
680 396
535 96
680 19
535 964
680 310
535 61
680 33
535 560
680 310
535 409
680 749
535 316
680 32
535 6
680 657
535 96
680 181
535 429
680 691
535 907
680 19
535 890
680 346
535 952
680 663
535 615
680 622
535 650
680 379
535 429
680 622
535 450
680 952
535 964
680 611
535 890
680 186
535 316
680 181
535 795
680 181
535 455
680 749
535 200
680 621
535 450
680 958
535 200
680 186
535 612
680 611
535 340
680 32
535 46
680 868
535 61
680 797
535 655
680 596
535 496
680 691
535 106
680 32
535 99
680 868
535 589
680 477
535 409
680 346
535 574
680 186
535 964
680 663
535 46
680 19
535 945
680 958
535 159
680 387
535 955
680 315
535 433
680 692
535 650
680 265
535 106
680 691
535 249
680 398
535 876
680 458
535 964
680 32
535 589
680 663
535 421
680 398
535 952
680 868
535 7
680 866
535 560
680 797
535 6
680 868
535 433
680 103
535 890
680 198
535 489
680 622
535 890
680 310
535 964
680 19
535 595
680 346
535 426
680 866
535 200
680 51
535 99
680 317
535 61
680 398
535 658
680 143
535 409
680 346
535 249
680 396
535 756
680 346
535 595
680 143
535 795
680 379
535 560
680 866
535 615
680 51
535 595
680 79
535 96
680 396
535 992
680 907
535 96
680 868
535 6
680 19
535 340
680 621
535 450
680 398
535 795
680 817
535 429
680 703
535 589
680 315
535 955
680 703
535 159
680 265
535 756
680 821
535 340
680 868
535 876
680 932
535 595
680 749
535 187
680 458
535 159
680 477
535 642
680 958
535 106
680 581
535 992
680 127
535 159
680 317
535 111
680 932
535 795
680 821
535 450
680 51
535 574
680 388
535 589
680 703
535 795
680 198
535 421
680 387
535 426
680 346
535 433
680 790
535 574
680 817
535 481
680 143
535 46
680 143
535 955
680 691
535 106
680 32
535 7
680 621
535 890
680 346
535 340
680 265
535 756
680 103
535 61
680 317
535 429
680 315
535 7
680 866
535 455
680 932
535 945
680 797
535 481
680 477
535 450
680 797
535 450
680 19
535 340
680 866
535 955
680 33
535 315
680 103
535 795
680 265
535 964
680 317
535 247
680 581
535 315
680 596
535 159
680 51
535 650
680 611
535 409
680 317
535 340
680 135
535 560
680 265
535 187
680 821
535 992
680 952
535 429
680 127
535 96
680 398
535 560
680 388
535 247
680 19
535 992
680 691
535 159
680 315
535 574
680 797
535 480
680 103
535 795
680 958
535 111
680 611
535 159
680 396
535 159
680 388
535 481
680 697
535 589
680 317
535 574
680 581
535 46
680 458
535 316
680 797
535 615
680 611
535 496
680 398
535 756
680 821
535 650
680 663
535 429
680 186
535 340
680 396
535 489
680 317
535 429
680 663
535 429
680 127
535 46
680 19
535 106
680 657
535 955
680 596
535 433
680 692
535 6
680 697
535 795
680 315
535 429
680 315
535 876
680 396
535 612
680 692
535 421
680 817
535 945
680 749
535 876
680 19
535 756
680 127
535 316
680 265
535 6
680 932
535 890
680 477
535 111
680 697
535 159
680 19
535 247
680 33
535 106
680 952
535 642
680 958
535 200
680 19
535 655
680 691
535 992
680 621
535 6
680 663
535 429
680 611
535 247
680 315
535 316
680 581
535 6
680 958
535 433
680 379
535 340
680 952
535 46
680 265
535 876
680 388
535 642
680 952
535 426
680 198
535 6
680 697
535 992
680 346
535 315
680 198
535 99
680 477
535 480
680 896
535 756
680 346
535 426
680 697
535 907
680 621
535 589
680 657
535 890
680 317
535 945
680 657
535 615
680 691
535 96
680 310
535 433
680 621
535 46
680 817
535 964
680 387
535 96
680 477
535 450
680 103
535 952
680 790
535 876
680 691
535 316
680 181
535 433
680 315
535 481
680 458
535 658
680 317
535 99
680 317
535 455
680 621
535 433
680 477
535 99
680 388
535 612
680 907
535 481
680 907
535 595
680 186
535 890
680 186
535 421
680 932
535 964
680 817
535 200
680 181
535 795
680 315
535 46
680 581
535 106
680 317
535 650
680 135
535 795
680 79
535 795
680 265
535 615
680 817
535 421
680 379
535 455
680 866
535 945
680 315
535 642
680 346
535 907
680 186
535 992
680 611
535 247
680 33
535 795
680 477
535 6
680 817
535 642
680 265
535 481
680 135
535 316
680 611
535 952
680 663
535 655
680 896
535 61
680 611
535 481
680 127
535 421
680 398
535 560
680 103
535 249
680 657
535 421
680 51
535 106
680 622
535 496
680 103
535 96
680 79
535 595
680 317
535 429
680 135
535 450
680 622
535 6
680 387
535 480
680 657
535 955
680 907
535 964
680 703
535 421
680 315
535 890
680 135
535 200
680 458
535 560
680 310
535 315
680 821
535 642
680 697
535 489
680 127
535 876
680 797
535 315
680 315
535 99
680 622
535 890
680 19
535 46
680 458
535 589
680 657
535 61
680 581
535 496
680 19
535 589
680 387
535 450
680 398
535 247
680 692
535 595
680 79
535 247
680 581
535 890
680 958
535 159
680 265
535 187
680 790
535 481
680 932
535 6
680 51
535 489
680 596
535 480
680 611
535 595
680 265
535 315
680 657
535 907
680 198
535 429
680 143
535 455
680 388
535 99
680 749
535 159
680 398
535 200
680 817
535 187
680 952
535 595
680 697
535 480
680 691
535 106
680 79
535 159
680 821
535 945
680 143
535 426
680 958
535 316
680 477
535 340
680 33
535 99
680 458
535 481
680 19
535 421
680 458
535 249
680 396
535 421
680 103
535 489
680 127
535 890
680 51
535 409
680 181
535 964
680 388
535 316
680 663
535 46
680 596
535 99
680 866
535 450
680 697
535 952
680 198
535 421
680 32
535 955
680 458
535 421
680 79
535 795
680 697
535 952
680 907
535 7
680 186
535 756
680 198
535 429
680 797
535 480
680 817
535 187
680 896
535 96
680 622
535 876
680 596
535 159
680 790
535 247
680 797
535 658
680 749
535 429
680 310
535 247
680 797
535 455
680 477
535 187
680 697
535 46
680 622
535 589
680 703
535 187
680 103
535 560
680 952
535 615
680 952
535 340
680 692
535 481
680 33
535 450
680 198
535 481
680 310
535 560
680 388
535 907
680 821
535 409
680 458
535 890
680 790
535 481
680 396
535 615
680 19
535 964
680 346
535 955
680 379
535 795
680 596
535 61
680 458
535 421
680 691
535 595
680 749
535 876
680 691
535 795
680 691
535 429
680 379
535 455
680 477
535 907
680 317
535 489
680 398
535 756
680 477
535 489
680 51
535 6
680 703
535 612
680 51
535 795
680 896
535 450
680 379
535 247
680 79
535 46
680 51
535 955
680 581
535 111
680 315
535 489
680 388
535 480
680 866
535 496
680 790
535 7
680 315
535 111
680 581
535 655
680 868
535 642
680 477
535 612
680 952
535 450
680 265
535 200
680 135
535 480
680 621
535 560
680 797
535 421
680 611
535 658
680 310
535 642
680 907
535 756
680 697
535 795
680 317
535 200
680 952
535 187
680 310
535 642
680 581
535 7
680 127
535 952
680 387
535 429
680 19
535 595
680 697
535 589
680 692
535 756
680 697
535 589
680 697
535 992
680 749
535 426
680 346
535 612
680 896
535 945
680 596
535 6
680 907
535 7
680 181
535 642
680 749
535 496
680 596
535 187
680 896
535 489
680 657
535 159
680 317
535 340
680 388
535 795
680 33
535 46
680 317
535 159
680 932
535 6
680 657
535 450
680 181
535 481
680 310
535 642
680 315
535 496
680 346
535 7
680 621
535 340
680 79
535 433
680 621
535 315
680 143
535 106
680 621
535 560
680 477
535 99
680 388
535 340
680 663
535 46
680 692
535 907
680 697
535 316
680 958
535 7
680 691
535 955
680 310
535 642
680 596
535 7
680 32
535 992
680 477
535 99
680 697
535 249
680 317
535 315
680 458
535 106
680 310
535 99
680 32
535 249
680 398
535 316
680 33
535 952
680 477
535 450
680 691
535 876
680 821
535 658
680 663
535 421
680 396
535 200
680 657
535 99
680 596
535 642
680 596
535 890
680 398
535 612
680 821
535 247
680 127
535 876
680 896
535 658
680 396
535 955
680 198
535 574
680 817
535 907
680 198
535 589
680 387
535 496
680 396
535 433
680 797
535 200
680 32
535 952
680 458
535 496
680 691
535 964
680 398
535 249
680 186
535 574
680 346
535 876
680 477
535 316
680 596
535 615
680 790
535 589
680 315
535 560
680 797
535 433
680 622
535 992
680 388
535 111
680 379
535 426
680 749
535 992
680 310
535 907
680 186
535 574
680 143
535 455
680 103
535 560
680 952
535 945
680 932
535 952
680 19
535 876
680 181
535 99
680 622
535 658
680 32
535 111
680 958
535 450
680 33
535 890
680 265
535 890
680 388
535 480
680 186
535 340
680 611
535 876
680 33
535 316
680 398
535 480
680 379
535 890
680 458
535 455
680 797
535 658
680 868
535 429
680 817
535 426
680 19
535 200
680 663
535 612
680 932
535 247
680 697
535 560
680 310
535 450
680 692
535 200
680 907
535 955
680 127
535 496
680 181
535 890
680 611
535 481
680 797
535 642
680 581
535 111
680 198
535 187
680 143
535 429
680 186
535 7
680 749
535 429
680 135
535 340
680 621
535 99
680 315
535 481
680 932
535 99
680 932
535 455
680 387
535 200
680 932
535 589
680 749
535 480
680 458
535 315
680 181
535 756
680 127
535 247
680 127
535 61
680 387
535 876
680 596
535 450
680 135
535 315
680 952
535 655
680 79
535 876
680 315
535 650
680 33
535 426
680 388
535 433
680 866
535 409
680 868
535 496
680 703
535 421
680 790
535 481
680 33
535 421
680 821
535 890
680 622
535 480
680 265
535 315
680 622
535 426
680 265
535 615
680 596
535 480
680 265
535 481
680 310
535 96
680 127
535 496
680 33
535 409
680 315
535 96
680 622
535 61
680 51
535 756
680 379
535 315
680 198
535 945
680 621
535 496
680 265
535 455
680 932
535 964
680 127
535 907
680 692
535 992
680 907
535 560
680 621
535 249
680 868
535 480
680 821
535 952
680 19
535 756
680 866
535 200
680 896
535 426
680 387
535 795
680 265
535 890
680 896
535 489
680 896
535 111
680 103
535 421
680 790
535 496
680 581
535 61
680 596
535 340
680 379
535 340
680 477
535 876
680 388
535 756
680 663
535 964
680 868
535 6
680 143
535 612
680 398
535 46
680 458
535 612
680 932
535 658
680 317
535 589
680 317
535 574
680 596
535 658
680 379
535 642
680 797
535 955
680 657
535 96
680 135
535 316
680 317
535 249
680 817
535 247
680 135
535 890
680 32
535 315
680 932
535 480
680 932
535 340
680 896
535 574
680 19
535 247
680 703
535 111
680 896
535 426
680 790
535 200
680 821
535 96
680 103
535 426
680 181
535 450
680 907
535 795
680 896
535 615
680 265
535 111
680 315
535 61
680 932
535 455
680 477
535 756
680 79
535 480
680 790
535 433
680 198
535 481
680 596
535 574
680 692
535 247
680 821
535 496
680 958
535 7
680 621
535 426
680 143
535 421
680 79
535 612
680 477
535 489
680 581
535 756
680 51
535 46
680 32
535 992
680 398
535 450
680 703
535 111
680 866
535 612
680 19
535 655
680 317
535 876
680 622
535 426
680 663
535 642
680 315
535 315
680 143
535 455
680 181
535 480
680 181
535 249
680 19
535 574
680 458
535 159
680 103
535 61
680 181
535 455
680 797
535 480
680 51
535 480
680 33
535 795
680 868
535 409
680 458
535 455
680 952
535 99
680 387
535 433
680 896
535 46
680 621
535 496
680 398
535 6
680 611
535 945
680 749
535 964
680 127
535 952
680 103
535 952
680 388
535 756
680 896
535 340
680 958
535 455
680 135
535 6
680 387
535 589
680 703
535 455
680 907
535 795
680 458
535 756
680 181
535 560
680 19
535 560
680 135
535 480
680 79
535 952
680 33
535 433
680 797
535 560
680 317
535 249
680 103
535 964
680 315
535 315
680 33
535 481
680 135
535 99
680 181
535 46
680 896
535 650
680 817
535 187
680 388
535 952
680 181
535 433
680 622
535 481
680 622
535 187
680 181
535 658
680 866
535 340
680 622
535 945
680 388
535 96
680 691
535 340
680 692
535 315
680 749
535 6
680 310
535 481
680 19
535 480
680 103
535 655
680 907
535 756
680 622
535 426
680 135
535 96
680 198
535 574
680 817
535 247
680 868
535 489
680 932
535 489
680 181
535 650
680 907
535 187
680 866
535 876
680 398
535 433
680 19
535 315
680 790
535 890
680 596
535 560
680 198
535 6
680 186
535 450
680 596
535 615
680 317
535 615
680 692
535 952
680 621
535 595
680 622
535 200
680 310
535 992
680 596
535 615
680 143
535 650
680 79
535 315
680 952
535 433
680 127
535 615
680 866
535 421
680 817
535 455
680 51
535 907
680 821
535 481
680 622
535 655
680 265
535 159
680 817
535 496
680 265
535 106
680 317
535 249
680 596
535 433
680 181
535 480
680 181
535 200
680 817
535 589
680 387
535 496
680 477
535 650
680 657
535 421
680 932
535 247
680 749
535 481
680 958
535 595
680 143
535 955
680 657
535 615
680 398
535 876
680 907
535 489
680 817
535 7
680 33
535 200
680 663
535 96
680 703
535 340
680 310
535 187
680 868
535 46
680 697
535 99
680 611
535 964
680 663
535 658
680 797
535 429
680 866
535 964
680 952
535 650
680 821
535 200
680 33
535 315
680 932
535 99
680 868
535 159
680 692
535 340
680 657
535 409
680 346
535 756
680 135
535 489
680 821
535 200
680 33
535 655
680 896
535 455
680 379
535 890
680 387
535 247
680 703
535 111
680 866
535 952
680 797
535 945
680 932
535 952
680 790
535 574
680 181
535 595
680 611
535 907
680 703
535 409
680 703
535 7
680 32
535 46
680 749
535 433
680 868
535 480
680 398
535 489
680 657
535 658
680 821
535 595
680 692
535 560
680 143
535 455
680 198
535 200
680 135
535 650
680 458
535 421
680 821
535 574
680 310
535 658
680 611
535 409
680 19
535 560
680 458
535 890
680 749
535 99
680 581
535 315
680 379
535 96
680 596
535 658
680 458
535 876
680 135
535 992
680 477
535 642
680 581
535 99
680 186
535 907
680 135
535 876
680 868
535 876
680 33
535 756
680 458
535 574
680 143
535 496
680 797
535 340
680 315
535 480
680 186
535 480
680 896
535 560
680 198
535 96
680 907
535 316
680 388
535 589
680 790
535 489
680 186
535 61
680 952
535 6
680 907
535 992
680 317
535 655
680 387
535 200
680 315
535 574
680 817
535 421
680 866
535 952
680 692
535 992
680 657
535 615
680 310
535 480
680 749
535 496
680 317
535 952
680 379
535 992
680 952
535 159
680 310
535 426
680 611
535 658
680 458
535 945
680 387
535 890
680 19
535 945
680 749
535 200
680 663
535 61
680 317
535 106
680 186
535 496
680 797
535 496
680 79
535 187
680 611
535 159
680 749
535 595
680 265
535 756
680 907
535 952
680 697
535 964
680 387
535 658
680 315
535 433
680 932
535 111
680 657
535 876
680 379
535 964
680 703
535 7
680 32
535 560
680 703
535 658
680 821
535 876
680 817
535 481
680 657
535 187
680 621
535 409
680 398
535 61
680 821
535 111
680 387
535 409
680 458
535 61
680 265
535 795
680 621
535 595
680 186
535 876
680 958
535 46
680 127
535 945
680 896
535 450
680 866
535 658
680 817
535 756
680 32
535 7
680 952
535 187
680 32
535 187
680 797
535 952
680 797
535 46
680 697
535 159
680 477
535 46
680 388
535 340
680 797
535 655
680 621
535 964
680 458
535 589
680 817
535 106
680 379
535 99
680 477
535 655
680 310
535 589
680 691
535 655
680 866
535 106
680 866
535 455
680 346
535 589
680 135
535 6
680 387
535 964
680 181
535 187
680 749
535 61
680 33
535 890
680 691
535 481
680 135
535 945
680 198
535 247
680 868
535 655
680 657
535 450
680 143
535 111
680 379
535 489
680 315
535 316
680 181
535 612
680 657
535 61
680 388
535 46
680 697
535 249
680 697
535 249
680 388
535 489
680 581
535 890
680 622
535 247
680 866
535 945
680 477
535 315
680 657
535 7
680 866
535 615
680 622
535 340
680 317
535 433
680 866
535 756
680 932
535 247
680 477
535 955
680 581
535 612
680 866
535 589
680 868
535 7
680 703
535 200
680 346
535 111
680 143
535 952
680 51
535 890
680 198
535 249
680 657
535 96
680 692
535 655
680 186
535 756
680 135
535 315
680 33
535 655
680 621
535 187
680 388
535 489
680 181
535 964
680 621
535 426
680 186
535 480
680 346
535 658
680 388
535 496
680 622
535 992
680 622
535 249
680 611
535 574
680 317
535 952
680 477
535 409
680 127
535 450
680 143
535 595
680 103
535 907
680 51
535 99
680 691
535 992
680 127
535 159
680 958
535 574
680 458
535 952
680 19
535 945
680 663
535 655
680 581
535 247
680 315
535 247
680 33
535 795
680 198
535 106
680 958
535 612
680 907
535 890
680 621
535 574
680 821
535 574
680 790
535 159
680 797
535 7
680 896
535 480
680 127
535 450
680 817
535 433
680 622
535 247
680 127
535 496
680 317
535 455
680 135
535 247
680 907
535 756
680 907
535 455
680 866
535 315
680 135
535 249
680 317
535 907
680 896
535 315
680 181
535 426
680 315
535 480
680 907
535 655
680 315
535 433
680 611
535 907
680 186
535 876
680 265
535 409
680 581
535 480
680 379
535 99
680 103
535 489
680 388
535 200
680 596
535 574
680 198
535 7
680 907
535 642
680 387
535 46
680 581
535 890
680 33
535 46
680 317
535 315
680 703
535 992
680 19
535 945
680 19
535 106
680 952
535 7
680 265
535 429
680 691
535 642
680 821
535 200
680 611
535 658
680 692
535 756
680 265
535 450
680 181
535 615
680 691
535 992
680 477
535 756
680 932
535 421
680 265
535 574
680 749
535 615
680 596
535 907
680 398
535 200
680 749
535 964
680 817
535 429
680 398
535 945
680 310
535 426
680 19
535 409
680 396
535 46
680 657
535 658
680 181
535 489
680 181
535 96
680 103
535 496
680 697
535 7
680 622
535 955
680 581
535 612
680 790
535 795
680 657
535 99
680 387
535 890
680 127
535 409
680 396
535 642
680 932
535 249
680 19
535 450
680 621
535 200
680 622
535 890
680 477
535 7
680 181
535 945
680 315
535 655
680 896
535 421
680 907
535 589
680 346
535 876
680 186
535 907
680 622
535 421
680 458
535 315
680 622
535 756
680 379
535 480
680 581
535 61
680 932
535 455
680 32
535 574
680 79
535 340
680 622
535 952
680 181
535 964
680 703
535 658
680 181
535 450
680 79
535 316
680 958
535 955
680 868
535 316
680 103
535 340
680 691
535 945
680 310
535 574
680 611
535 61
680 186
535 907
680 596
535 61
680 32
535 99
680 622
535 6
680 790
535 481
680 135
535 595
680 657
535 159
680 310
535 489
680 868
535 111
680 103
535 615
680 265
535 612
680 315
535 907
680 896
535 46
680 952
535 433
680 387
535 7
680 317
535 655
680 317
535 249
680 181
535 574
680 388
535 615
680 198
535 249
680 103
535 658
680 749
535 756
680 186
535 247
680 135
535 111
680 691
535 106
680 181
535 952
680 19
535 496
680 663
535 433
680 817
535 964
680 907
535 560
680 749
535 247
680 186
535 409
680 697
535 7
680 315
535 111
680 143
535 952
680 32
535 795
680 265
535 46
680 79
535 655
680 581
535 876
680 691
535 249
680 186
535 187
680 749
535 61
680 621
535 655
680 691
535 426
680 181
535 316
680 32
535 876
680 186
535 756
680 388
535 612
680 315
535 945
680 622
535 421
680 32
535 945
680 398
535 159
680 135
535 655
680 181
535 952
680 958
535 106
680 821
535 61
680 33
535 595
680 932
535 409
680 51
535 316
680 907
535 595
680 387
535 890
680 896
535 795
680 790
535 655
680 958
535 795
680 265
535 455
680 33
535 952
680 596
535 489
680 817
535 876
680 32
535 650
680 958
535 496
680 958
535 249
680 310
535 612
680 932
535 7
680 379
535 426
680 103
535 560
680 907
535 316
680 315
535 200
680 398
535 315
680 868
535 96
680 103
535 96
680 952
535 496
680 310
535 429
680 317
535 945
680 388
535 6
680 692
535 489
680 310
535 595
680 181
535 795
680 952
535 106
680 703
535 106
680 181
535 426
680 958
535 46
680 581
535 489
680 866
535 111
680 379
535 7
680 103
535 655
680 581
535 106
680 611
535 481
680 127
535 952
680 310
535 907
680 387
535 945
680 797
535 964
680 797
535 421
680 477
535 247
680 317
535 340
680 622
535 46
680 198
535 992
680 317
535 409
680 387
535 455
680 32
535 480
680 790
535 46
680 181
535 6
680 32
535 61
680 186
535 247
680 596
535 595
680 143
535 795
680 33
535 455
680 663
535 496
680 622
535 96
680 958
535 650
680 611
535 106
680 691
535 99
680 477
535 409
680 790
535 756
680 379
535 96
680 596
535 159
680 749
535 6
680 458
535 876
680 388
535 111
680 868
535 200
680 596
535 249
680 621
535 650
680 315
535 655
680 797
535 945
680 821
535 421
680 821
535 316
680 611
535 6
680 135
535 612
680 611
535 612
680 692
535 200
680 958
535 496
680 32
535 429
680 198
535 200
680 749
535 247
680 33
535 890
680 477
535 96
680 310
535 316
680 866
535 46
680 477
535 964
680 821
535 46
680 19
535 574
680 692
535 489
680 317
535 455
680 388
535 992
680 657
535 612
680 181
535 795
680 611
535 6
680 790
535 496
680 398
535 595
680 657
535 952
680 952
535 99
680 346
535 426
680 821
535 890
680 458
535 952
680 581
535 952
680 310
535 612
680 458
535 111
680 387
535 96
680 868
535 106
680 346
535 455
680 398
535 964
680 611
535 433
680 596
535 496
680 396
535 992
680 387
535 426
680 103
535 795
680 51
535 409
680 135
535 315
680 581
535 945
680 868
535 429
680 817
535 574
680 622
535 247
680 315
535 61
680 817
535 574
680 817
535 589
680 387
535 111
680 186
535 96
680 692
535 187
680 79
535 650
680 932
535 650
680 691
535 615
680 346
535 658
680 32
535 560
680 317
535 890
680 19
535 907
680 198
535 61
680 797
535 992
680 663
535 890
680 611
535 595
680 703
535 480
680 186
535 249
680 932
535 650
680 387
535 187
680 622
535 409
680 33
535 433
680 790
535 650
680 19
535 455
680 817
535 421
680 398
535 426
680 477
535 481
680 896
535 560
680 396
535 795
680 310
535 426
680 379
535 496
680 32
535 952
680 396
535 890
680 896
535 61
680 186
535 907
680 703
535 187
680 596
535 589
680 691
535 61
680 143
535 111
680 32
535 429
680 622
535 46
680 186
535 615
680 181
535 642
680 265
535 315
680 749
535 481
680 596
535 99
680 315
535 247
680 127
535 247
680 388
535 574
680 697
535 642
680 315
535 340
680 790
535 756
680 621
535 159
680 797
535 595
680 611
535 945
680 896
535 480
680 703
535 6
680 127
535 480
680 32
535 99
680 317
535 111
680 790
535 315
680 932
535 907
680 315
535 455
680 387
535 96
680 315
535 187
680 663
535 249
680 33
535 907
680 611
535 426
680 387
535 315
680 797
535 111
680 33
535 315
680 19
535 46
680 797
535 247
680 907
535 315
680 458
535 655
680 952
535 187
680 127
535 429
680 621
535 907
680 51
535 481
680 396
535 658
680 135
535 187
680 866
535 106
680 821
535 642
680 596
535 481
680 103
535 795
680 621
535 992
680 135
535 876
680 952
535 247
680 596
535 890
680 103
535 7
680 703
535 316
680 581
535 455
680 458
535 642
680 692
535 650
680 33
535 6
680 135
535 658
680 896
535 907
680 817
535 455
680 198
535 187
680 697
535 316
680 621
535 111
680 866
535 945
680 663
535 795
680 958
535 589
680 310
535 560
680 51
535 945
680 622
535 612
680 817
535 489
680 79
535 907
680 697
535 612
680 103
535 433
680 346
535 340
680 317
535 964
680 868
535 907
680 958
535 159
680 697
535 964
680 265
535 159
680 952
535 589
680 143
535 952
680 692
535 615
680 315
535 650
680 797
535 6
680 477
535 200
680 790
535 433
680 33
535 200
680 387
535 952
680 691
535 409
680 821
535 159
680 79
535 955
680 198
535 46
680 581
535 159
680 797
535 247
680 821
535 955
680 477
535 200
680 198
535 247
680 396
535 421
680 868
535 964
680 749
535 655
680 315
535 650
680 622
535 589
680 103
535 433
680 896
535 106
680 379
535 340
680 790
535 480
680 622
535 426
680 32
535 421
680 896
535 795
680 388
535 340
680 703
535 421
680 703
535 655
680 790
535 655
680 186
535 6
680 596
535 964
680 181
535 795
680 143
535 589
680 310
535 247
680 135
535 560
680 315
535 429
680 797
535 480
680 317
535 96
680 621
535 907
680 79
535 6
680 315
535 890
680 896
535 964
680 907
535 316
680 697
535 247
680 477
535 955
680 821
535 426
680 952
535 455
680 692
535 612
680 103
535 945
680 932
535 955
680 186
535 455
680 621
535 340
680 51
535 61
680 596
535 489
680 388
535 489
680 817
535 876
680 621
535 481
680 127
535 595
680 952
535 964
680 821
535 450
680 797
535 111
680 19
535 450
680 315
535 560
680 32
535 658
680 143
535 876
680 135
535 876
680 797
535 955
680 663
535 200
680 346
535 650
680 317
535 612
680 663
535 890
680 896
535 61
680 398
535 642
680 896
535 560
680 346
535 992
680 379
535 876
680 135
535 650
680 103
535 655
680 186
535 421
680 692
535 655
680 663
535 455
680 821
535 429
680 817
535 589
680 907
535 96
680 477
535 496
680 611
535 111
680 127
535 106
680 135
535 7
680 398
535 876
680 477
535 890
680 790
535 7
680 103
535 315
680 19
535 574
680 790
535 615
680 657
535 612
680 622
535 106
680 703
535 426
680 315
535 955
680 127
535 433
680 181
535 111
680 346
535 61
680 310
535 187
680 790
535 200
680 958
535 612
680 79
535 421
680 622
535 955
680 186
535 496
680 697
535 6
680 379
535 795
680 817
535 589
680 51
535 595
680 952
535 964
680 103
535 650
680 797
535 496
680 697
535 247
680 310
535 650
680 697
535 46
680 797
535 111
680 596
535 480
680 143
535 315
680 621
535 650
680 19
535 642
680 866
535 111
680 932
535 7
680 181
535 340
680 32
535 955
680 317
535 200
680 79
535 421
680 33
535 7
680 622
535 964
680 958
535 612
680 135
535 992
680 19
535 340
680 477
535 159
680 477
535 615
680 821
535 247
680 866
535 589
680 79
535 756
680 32
535 876
680 127
535 106
680 317
535 795
680 79
535 964
680 797
535 952
680 821
535 615
680 33
535 61
680 657
535 111
680 749
535 429
680 265
535 340
680 657
535 480
680 749
535 481
680 821
535 159
680 51
535 7
680 396
535 249
680 692
535 589
680 691
535 876
680 697
535 200
680 388
535 480
680 198
535 187
680 866
535 340
680 932
535 952
680 797
535 7
680 103
535 455
680 581
535 46
680 596
535 159
680 143
535 61
680 692
535 111
680 32
535 615
680 19
535 481
680 198
535 7
680 346
535 450
680 388
535 247
680 458
535 7
680 621
535 945
680 346
535 200
680 749
535 450
680 346
535 46
680 657
535 945
680 398
535 907
680 79
535 642
680 477
535 106
680 866
535 480
680 749
535 756
680 866
535 964
680 817
535 187
680 32
535 200
680 186
535 409
680 868
535 907
680 703
535 574
680 310
535 650
680 868
535 952
680 821
535 159
680 103
535 340
680 265
535 945
680 396
535 111
680 198
535 907
680 317
535 159
680 388
535 249
680 310
535 595
680 127
535 455
680 621
535 650
680 135
535 876
680 663
535 450
680 697
535 795
680 143
535 433
680 896
535 489
680 692
535 426
680 958
535 409
680 33
535 6
680 790
535 249
680 797
535 247
680 797
535 316
680 692
535 642
680 265
535 111
680 868
535 96
680 907
535 992
680 868
535 315
680 315
535 46
680 310
535 489
680 703
535 99
680 821
535 642
680 51
535 945
680 458
535 316
680 103
535 650
680 388
535 6
680 79
535 340
680 596
535 658
680 79
535 340
680 581
535 615
680 663
535 480
680 749
535 249
680 868
535 159
680 611
535 955
680 703
535 455
680 611
535 433
680 79
535 200
680 398
535 907
680 581
535 589
680 663
535 315
680 135
535 658
680 697
535 945
680 691
535 795
680 186
535 655
680 621
535 316
680 952
535 187
680 868
535 655
680 127
535 945
680 691
535 489
680 596
535 952
680 691
535 111
680 143
535 96
680 790
535 409
680 817
535 61
680 379
535 876
680 817
535 409
680 317
535 247
680 797
535 340
680 621
535 489
680 127
535 99
680 797
535 489
680 596
535 340
680 398
535 61
680 790
535 61
680 135
535 426
680 821
535 247
680 622
535 99
680 379
535 615
680 79
535 658
680 691
535 890
680 817
535 426
680 692
535 111
680 32
535 481
680 663
535 315
680 310
535 61
680 621
535 429
680 657
535 455
680 315
535 650
680 691
535 992
680 932
535 615
680 388
535 455
680 703
535 96
680 692
535 658
680 32
535 6
680 797
535 655
680 866
535 316
680 387
535 316
680 51
535 496
680 387
535 642
680 186
535 489
680 458
535 955
680 663
535 655
680 79
535 890
680 821
535 560
680 387
535 489
680 958
535 7
680 581
535 615
680 749
535 952
680 958
535 7
680 315
535 315
680 622
535 46
680 388
535 340
680 186
535 589
680 622
535 61
680 790
535 316
680 932
535 795
680 596
535 496
680 315
535 450
680 749
535 409
680 621
535 658
680 663
535 955
680 868
535 876
680 621
535 455
680 611
535 96
680 458
535 595
680 51
535 795
680 127
535 560
680 186
535 249
680 387
535 658
680 817
535 429
680 657
535 574
680 477
535 992
680 703
535 964
680 868
535 426
680 697
535 650
680 657
535 876
680 181
535 315
680 692
535 247
680 749
535 615
680 622
535 315
680 581
535 756
680 611
535 489
680 265
535 480
680 611
535 409
680 135
535 316
680 398
535 655
680 622
535 249
680 868
535 595
680 458
535 433
680 315
535 574
680 315
535 756
680 477
535 421
680 611
535 560
680 198
535 106
680 622
535 890
680 346
535 655
680 103
535 315
680 817
535 340
680 103
535 433
680 692
535 890
680 265
535 655
680 622
535 560
680 346
535 315
680 657
535 952
680 398
535 61
680 310
535 247
680 907
535 200
680 868
535 756
680 51
535 450
680 186
535 955
680 186
535 106
680 310
535 489
680 657
535 187
680 32
535 481
680 387
535 200
680 19
535 945
680 896
535 945
680 103
535 642
680 657
535 890
680 663
535 316
680 143
535 409
680 596
535 496
680 691
535 421
680 657
535 876
680 817
535 426
680 703
535 426
680 621
535 876
680 33
535 7
680 198
535 655
680 388
535 200
680 32
535 481
680 387
535 7
680 32
535 409
680 817
535 964
680 33
535 433
680 896
535 642
680 388
535 96
680 697
535 455
680 143
535 655
680 379
535 316
680 458
535 612
680 317
535 159
680 79
535 426
680 790
535 589
680 135
535 756
680 817
535 6
680 958
535 7
680 657
535 426
680 310
535 340
680 346
535 907
680 19
535 952
680 387
535 560
680 396
535 247
680 958
535 433
680 663
535 433
680 51
535 99
680 697
535 433
680 198
535 612
680 310
535 106
680 458
535 489
680 790
535 612
680 186
535 99
680 51
535 249
680 388
535 615
680 310
535 7
680 663
535 200
680 458
535 6
680 703
535 756
680 821
535 187
680 33
535 658
680 19
535 421
680 596
535 61
680 396
535 615
680 691
535 7
680 703
535 489
680 19
535 111
680 317
535 159
680 398
535 421
680 932
535 106
680 379
535 7
680 317
535 955
680 703
535 159
680 691
535 249
680 135
535 429
680 691
535 200
680 596
535 455
680 19
535 756
680 749
535 890
680 581
535 421
680 866
535 46
680 896
535 489
680 821
535 106
680 265
535 316
680 398
535 964
680 315
535 316
680 907
535 595
680 697
535 421
680 135
535 409
680 379
535 99
680 186
535 890
680 581
535 455
680 692
535 615
680 103
535 876
680 621
535 421
680 135
535 111
680 265
535 489
680 797
535 433
680 749
535 642
680 396
535 316
680 19
535 964
680 387
535 455
680 346
535 489
680 388
535 106
680 379
535 433
680 315
535 315
680 346
535 595
680 387
535 650
680 181
535 247
680 103
535 111
680 907
535 481
680 135
535 876
680 317
535 249
680 692
535 429
680 691
535 907
680 127
535 560
680 663
535 429
680 135
535 480
680 657
535 642
680 896
535 426
680 310
535 455
680 387
535 249
680 596
535 409
680 611
535 247
680 135
535 421
680 703
535 481
680 396
535 7
680 958
535 964
680 596
535 650
680 127
535 429
680 663
535 795
680 821
535 964
680 621
535 574
680 127
535 111
680 622
535 756
680 317
535 612
680 907
535 496
680 697
535 945
680 458
535 200
680 907
535 315
680 952
535 6
680 181
535 429
680 657
535 642
680 611
535 952
680 396
535 795
680 477
535 111
680 143
535 409
680 181
535 876
680 51
535 496
680 657
535 650
680 611
535 481
680 315
535 111
680 817
535 955
680 692
535 7
680 379
535 992
680 79
535 574
680 317
535 481
680 135
535 433
680 596
535 655
680 866
535 795
680 896
535 421
680 198
535 560
680 952
535 489
680 697
535 795
680 952
535 409
680 186
535 907
680 821
535 7
680 315
535 642
680 265
535 421
680 821
535 756
680 958
535 612
680 817
535 964
680 310
535 455
680 821
535 409
680 32
535 595
680 32
535 200
680 143
535 907
680 596
535 945
680 817
535 907
680 581
535 426
680 868
535 945
680 907
535 496
680 477
535 595
680 932
535 496
680 396
535 615
680 817
535 247
680 317
535 106
680 958
535 481
680 346
535 795
680 458
535 658
680 868
535 642
680 596
535 96
680 181
535 450
680 387
535 992
680 932
535 945
680 103
535 964
680 127
535 496
680 181
535 574
680 657
535 890
680 458
535 595
680 315
535 655
680 657
535 952
680 817
535 7
680 315
535 426
680 952
535 650
680 749
535 46
680 896
535 890
680 611
535 429
680 346
535 496
680 622
535 340
680 346
535 595
680 790
535 650
680 310
535 907
680 907
535 650
680 32
535 7
680 896
535 200
680 611
535 612
680 611
535 159
680 458
535 560
680 477
535 249
680 958
535 574
680 692
535 615
680 896
535 964
680 821
535 111
680 127
535 111
680 596
535 655
680 958
535 429
680 868
535 756
680 692
535 955
680 310
535 46
680 703
535 421
680 379
535 421
680 32
535 890
680 33
535 455
680 265
535 489
680 797
535 992
680 821
535 6
680 310
535 200
680 19
535 907
680 896
535 249
680 692
535 429
680 790
535 421
680 198
535 6
680 622
535 106
680 657
535 945
680 458
535 187
680 32
535 409
680 198
535 421
680 79
535 952
680 697
535 249
680 697
535 409
680 797
535 99
680 265
535 589
680 703
535 756
680 691
535 433
680 51
535 6
680 388
535 595
680 51
535 945
680 398
535 340
680 135
535 249
680 265
535 964
680 581
535 433
680 143
535 650
680 663
535 7
680 596
535 46
680 143
535 409
680 692
535 589
680 198
535 433
680 703
535 615
680 896
535 658
680 198
535 450
680 310
535 907
680 797
535 595
680 398
535 650
680 198
535 247
680 396
535 96
680 477
535 249
680 315
535 612
680 398
535 560
680 19
535 106
680 477
535 890
680 663
535 489
680 657
535 111
680 198
535 655
680 387
535 589
680 396
535 433
680 379
535 429
680 103
535 612
680 315
535 426
680 310
535 111
680 952
535 315
680 186
535 99
680 388
535 955
680 181
535 433
680 611
535 159
680 790
535 429
680 186
535 316
680 33
535 450
680 621
535 455
680 186
535 46
680 657
535 964
680 315
535 964
680 621
535 964
680 79
535 992
680 621
535 340
680 657
535 658
680 198
535 560
680 932
535 429
680 388
535 481
680 135
535 876
680 958
535 61
680 932
535 655
680 379
535 429
680 198
535 61
680 896
535 574
680 611
535 992
680 396
535 106
680 79
535 7
680 703
535 890
680 958
535 795
680 868
535 340
680 691
535 655
680 51
535 247
680 907
535 560
680 346
535 455
680 581
535 496
680 143
535 615
680 186
535 7
680 379
535 612
680 477
535 426
680 79
535 7
680 958
535 964
680 817
535 756
680 907
535 612
680 692
535 890
680 703
535 595
680 346
535 340
680 315
535 658
680 797
535 574
680 621
535 61
680 821
535 159
680 797
535 952
680 596
535 642
680 622
535 247
680 477
535 955
680 186
535 61
680 181
535 455
680 692
535 756
680 379
535 650
680 703
535 249
680 868
535 955
680 198
535 595
680 33
535 756
680 611
535 249
680 186
535 574
680 749
535 187
680 198
535 433
680 932
535 99
680 388
535 409
680 79
535 200
680 186
535 574
680 866
535 409
680 932
535 61
680 317
535 46
680 896
535 890
680 817
535 455
680 621
535 187
680 79
535 489
680 958
535 159
680 896
535 159
680 143
535 200
680 697
535 249
680 181
535 795
680 663
535 249
680 379
535 6
680 868
535 952
680 821
535 496
680 310
535 574
680 198
535 642
680 181
535 876
680 611
535 249
680 581
535 6
680 621
535 6
680 703
535 489
680 703
535 450
680 181
535 61
680 657
535 455
680 958
535 795
680 477
535 315
680 315
535 945
680 458
535 650
680 387
535 429
680 663
535 480
680 33
535 496
680 103
535 481
680 103
535 489
680 611
535 907
680 932
535 795
680 388
535 433
680 958
535 426
680 477
535 6
680 51
535 595
680 379
535 876
680 622
535 945
680 317
535 316
680 896
535 655
680 379
535 489
680 477
535 992
680 952
535 46
680 907
535 200
680 143
535 907
680 817
535 6
680 396
535 315
680 396
535 409
680 958
535 249
680 135
535 489
680 315
535 955
680 596
535 315
680 691
535 964
680 797
535 876
680 797
535 46
680 821
535 907
680 388
535 315
680 19
535 409
680 581
535 187
680 952
535 650
680 32
535 455
680 458
535 496
680 691
535 450
680 32
535 340
680 611
535 340
680 458
535 496
680 32
535 433
680 265
535 481
680 952
535 658
680 79
535 890
680 143
535 46
680 749
535 247
680 51
535 455
680 932
535 450
680 958
535 992
680 32
535 421
680 621
535 890
680 697
535 655
680 703
535 247
680 866
535 489
680 186
535 642
680 103
535 111
680 19
535 433
680 866
535 106
680 896
535 106
680 749
535 433
680 103
535 316
680 749
535 964
680 379
535 496
680 387
535 106
680 310
535 99
680 379
535 426
680 198
535 489
680 198
535 111
680 103
535 340
680 790
535 200
680 817
535 574
680 581
535 560
680 33
535 249
680 143
535 964
680 692
535 574
680 396
535 890
680 398
535 429
680 458
535 455
680 51
535 955
680 51
535 46
680 458
535 111
680 19
535 46
680 198
535 6
680 621
535 409
680 310
535 315
680 932
535 429
680 790
535 876
680 932
535 489
680 143
535 159
680 932
535 615
680 611
535 106
680 611
535 426
680 749
535 489
680 663
535 496
680 821
535 249
680 103
535 340
680 135
535 96
680 477
535 655
680 663
535 433
680 907
535 756
680 32
535 455
680 596
535 61
680 127
535 455
680 749
535 433
680 797
535 756
680 181
535 450
680 379
535 574
680 932
535 489
680 697
535 992
680 315
535 315
680 19
535 952
680 181
535 480
680 868
535 992
680 387
535 46
680 958
535 560
680 396
535 46
680 181
535 955
680 79
535 992
680 135
535 589
680 691
535 952
680 135
535 433
680 691
535 595
680 51
535 658
680 458
535 574
680 703
535 450
680 907
535 560
680 135
535 756
680 265
535 992
680 265
535 907
680 866
535 964
680 388
535 589
680 458
535 340
680 581
535 795
680 621
535 421
680 622
535 876
680 135
535 560
680 621
535 7
680 932
535 574
680 697
535 992
680 396
535 496
680 657
535 187
680 817
535 315
680 868
535 945
680 317
535 589
680 387
535 756
680 907
535 159
680 703
535 316
680 51
535 655
680 697
535 7
680 33
535 496
680 181
535 574
680 19
535 907
680 396
535 496
680 458
535 421
680 697
535 159
680 186
535 595
680 198
535 992
680 581
535 46
680 265
535 612
680 952
535 421
680 907
535 247
680 135
535 650
680 79
535 480
680 79
535 756
680 388
535 650
680 143
535 316
680 663
535 992
680 932
535 489
680 396
535 560
680 143
535 615
680 143
535 96
680 622
535 481
680 821
535 658
680 663
535 560
680 821
535 6
680 596
535 589
680 181
535 316
680 310
535 890
680 265
535 480
680 317
535 111
680 749
535 6
680 379
535 249
680 581
535 247
680 817
535 595
680 797
535 655
680 821
535 642
680 932
535 481
680 135
535 433
680 866
535 595
680 135
535 340
680 703
535 795
680 317
535 99
680 596
535 46
680 379
535 650
680 749
535 61
680 611
535 96
680 958
535 433
680 622
535 340
680 797
535 496
680 866
535 907
680 265
535 111
680 387
535 589
680 703
535 945
680 396
535 409
680 317
535 489
680 181
535 658
680 396
535 615
680 19
535 106
680 198
535 96
680 581
535 455
680 458
535 952
680 186
535 615
680 958
535 340
680 310
535 111
680 703
535 316
680 621
535 111
680 19
535 421
680 51
535 964
680 265
535 6
680 697
535 496
680 621
535 560
680 379
535 200
680 621
535 952
680 952
535 964
680 79
535 429
680 387
535 46
680 821
535 496
680 310
535 595
680 697
535 658
680 907
535 481
680 32
535 992
680 33
535 6
680 127
535 450
680 691
535 429
680 127
535 200
680 691
535 756
680 33
535 6
680 398
535 595
680 396
535 61
680 310
535 455
680 657
535 658
680 143
535 111
680 79
535 481
680 749
535 595
680 896
535 589
680 265
535 111
680 868
535 99
680 143
535 496
680 379
535 7
680 896
535 560
680 596
535 481
680 398
535 429
680 952
535 876
680 181
535 315
680 181
535 964
680 143
535 409
680 33
535 992
680 907
535 6
680 103
535 7
680 135
535 480
680 317
535 7
680 265
535 589
680 611
535 650
680 51
535 756
680 127
535 658
680 691
535 655
680 127
535 249
680 868
535 106
680 596
535 945
680 387
535 595
680 398
535 650
680 797
535 907
680 621
535 795
680 691
535 907
680 657
535 481
680 396
535 756
680 317
535 612
680 952
535 655
680 127
535 612
680 907
535 7
680 396
535 612
680 32
535 159
680 749
535 560
680 398
535 450
680 33
535 876
680 51
535 595
680 186
535 426
680 790
535 316
680 907
535 907
680 703
535 992
680 821
535 96
680 821
535 589
680 581
535 340
680 398
535 429
680 896
535 106
680 127
535 99
680 19
535 455
680 79
535 99
680 33
535 159
680 135
535 480
680 135
535 658
680 198
535 111
680 346
535 589
680 817
535 340
680 692
535 642
680 621
535 655
680 19
535 907
680 932
535 7
680 697
535 655
680 581
535 111
680 621
535 247
680 952
535 99
680 907
535 992
680 958
535 200
680 186
535 480
680 692
535 481
680 797
535 907
680 458
535 876
680 317
535 455
680 697
535 409
680 143
535 481
680 198
535 480
680 958
535 595
680 691
535 61
680 317
535 111
680 621
535 658
680 866
535 907
680 135
535 316
680 181
535 450
680 621
535 247
680 19
535 907
680 663
535 945
680 79
535 655
680 866
535 455
680 657
535 589
680 186
535 7
680 907
535 316
680 622
535 61
680 32
535 481
680 127
535 615
680 907
535 187
680 317
535 340
680 186
535 340
680 896
535 450
680 458
535 421
680 317
535 7
680 265
535 952
680 657
535 955
680 458
535 658
680 398
535 890
680 596
535 650
680 315
535 480
680 749
535 46
680 181
535 612
680 907
535 429
680 866
535 96
680 477
535 907
680 611
535 496
680 198
535 658
680 379
535 421
680 186
535 612
680 387
535 589
680 346
535 589
680 315
535 96
680 379
535 46
680 621
535 247
680 611
535 429
680 622
535 426
680 866
535 200
680 866
535 642
680 33
535 560
680 388
535 106
680 458
535 756
680 611
535 111
680 868
535 340
680 186
535 426
680 186
535 615
680 387
535 480
680 621
535 560
680 315
535 249
680 181
535 96
680 32
535 6
680 51
535 615
680 143
535 111
680 663
535 429
680 692
535 480
680 477
535 992
680 958
535 612
680 135
535 615
680 866
535 159
680 817
535 955
680 379
535 249
680 135
535 496
680 103
535 200
680 868
535 340
680 958
535 945
680 952
535 46
680 621
535 455
680 477
535 952
680 310
535 992
680 958
535 409
680 458
535 481
680 127
535 655
680 703
535 496
680 51
535 595
680 379
535 480
680 896
535 876
680 103
535 426
680 663
535 409
680 310
535 945
680 691
535 455
680 611
535 756
680 387
535 642
680 388
535 46
680 33
535 489
680 821
535 433
680 703
535 615
680 868
535 340
680 317
535 589
680 663
535 421
680 581
535 433
680 932
535 450
680 749
535 615
680 379
535 945
680 821
535 159
680 387
535 992
680 477
535 658
680 821
535 426
680 581
535 249
680 315
535 46
680 868
535 7
680 581
535 955
680 797
535 315
680 315
535 574
680 379
535 952
680 621
535 111
680 379
535 964
680 458
535 756
680 103
535 890
680 127
535 595
680 198
535 489
680 657
535 481
680 181
535 433
680 703
535 421
680 611
535 489
680 79
535 426
680 103
535 481
680 749
535 409
680 32
535 433
680 198
535 61
680 790
535 6
680 896
535 496
680 181
535 187
680 51
535 907
680 458
535 907
680 33
535 489
680 458
535 650
680 315
535 658
680 621
535 7
680 143
535 595
680 388
535 426
680 596
535 907
680 143
535 952
680 127
535 187
680 790
535 187
680 622
535 595
680 127
535 316
680 817
535 795
680 181
535 589
680 958
535 955
680 181
535 890
680 310
535 952
680 932
535 642
680 379
535 955
680 396
535 340
680 181
535 658
680 596
535 96
680 310
535 907
680 821
535 574
680 958
535 655
680 315
535 200
680 143
535 964
680 749
535 560
680 310
535 756
680 265
535 429
680 868
535 340
680 611
535 612
680 33
535 890
680 692
535 658
680 346
535 159
680 907
535 992
680 458
535 496
680 103
535 560
680 33
535 658
680 866
535 99
680 663
535 450
680 346
535 964
680 596
535 99
680 621
535 96
680 79
535 945
680 692
535 426
680 868
535 247
680 821
535 964
680 143
535 890
680 388
535 481
680 611
535 450
680 32
535 426
680 51
535 489
680 821
535 249
680 692
535 992
680 103
535 96
680 33
535 111
680 952
535 61
680 477
535 642
680 379
535 964
680 611
535 429
680 186
535 945
680 703
535 615
680 458
535 612
680 198
535 421
680 907
535 964
680 388
535 99
680 907
535 111
680 143
535 421
680 315
535 7
680 265
535 247
680 691
535 655
680 907
535 247
680 103
535 480
680 379
535 247
680 32
535 409
680 581
535 595
680 265
535 46
680 388
535 615
680 611
535 907
680 958
535 907
680 703
535 945
680 697
535 964
680 310
535 481
680 186
535 200
680 317
535 249
680 387
535 409
680 790
535 61
680 797
535 247
680 396
535 589
680 143
535 992
680 19
535 795
680 907
535 642
680 797
535 489
680 596
535 756
680 33
535 907
680 657
535 795
680 896
535 560
680 135
535 426
680 387
535 642
680 958
535 106
680 749
535 315
680 317
535 876
680 127
535 46
680 315
535 560
680 749
535 615
680 790
535 595
680 952
535 159
680 398
535 574
680 186
535 46
680 310
535 480
680 692
535 655
680 703
535 890
680 821
535 46
680 821
535 111
680 703
535 450
680 181
535 574
680 315
535 574
680 692
535 650
680 198
535 964
680 19
535 61
680 896
535 496
680 33
535 992
680 622
535 455
680 657
535 159
680 622
535 106
680 33
535 187
680 51
535 481
680 611
535 658
680 198
535 200
680 33
535 200
680 958
535 409
680 622
535 200
680 896
535 955
680 692
535 433
680 143
535 560
680 33
535 992
680 79
535 106
680 19
535 61
680 181
535 952
680 103
535 450
680 458
535 6
680 622
535 450
680 477
535 187
680 315
535 200
680 33
535 650
680 143
535 589
680 181
535 96
680 692
535 655
680 379
535 340
680 135
535 247
680 181
535 612
680 103
535 876
680 821
535 99
680 398
535 247
680 621
535 650
680 387
535 249
680 198
535 433
680 691
535 756
680 692
535 159
680 866
535 489
680 749
535 450
680 477
535 964
680 817
535 96
680 596
535 340
680 907
535 795
680 692
535 340
680 387
535 315
680 265
535 409
680 127
535 315
680 622
535 615
680 379
535 560
680 581
535 595
680 790
535 992
680 388
535 890
680 817
535 340
680 79
535 945
680 657
535 340
680 346
535 61
680 821
535 795
680 663
535 992
680 817
535 480
680 907
535 480
680 896
535 481
680 181
535 315
680 315
535 6
680 797
535 187
680 315
535 46
680 691
535 7
680 657
535 99
680 143
535 99
680 866
535 249
680 896
535 433
680 866
535 945
680 103
535 642
680 398
535 111
680 396
535 589
680 596
535 6
680 697
535 426
680 817
535 200
680 346
535 480
680 477
535 595
680 396
535 907
680 346
535 595
680 797
535 200
680 379
535 409
680 346
535 7
680 797
535 992
680 691
535 560
680 79
535 247
680 315
535 496
680 749
535 421
680 896
535 655
680 317
535 6
680 596
535 409
680 103
535 106
680 181
535 450
680 657
535 992
680 663
535 658
680 952
535 340
680 596
535 890
680 310
535 96
680 127
535 756
680 622
535 429
680 265
535 489
680 317
535 421
680 388
535 955
680 952
535 6
680 346
535 61
680 143
535 876
680 315
535 409
680 621
535 955
680 186
535 421
680 932
535 61
680 611
535 992
680 907
535 795
680 317
535 560
680 398
535 421
680 398
535 992
680 51
535 945
680 797
535 7
680 198
535 589
680 143
535 421
680 821
535 61
680 866
535 200
680 621
535 409
680 19
535 595
680 952
535 955
680 103
535 574
680 388
535 159
680 346
535 595
680 310
535 658
680 821
535 615
680 817
535 247
680 135
535 111
680 621
535 316
680 749
535 7
680 19
535 964
680 692
535 421
680 596
535 952
680 692
535 945
680 310
535 480
680 135
535 247
680 868
535 595
680 51
535 200
680 907
535 159
680 388
535 480
680 317
535 455
680 692
535 450
680 79
535 489
680 33
535 890
680 611
535 612
680 581
535 952
680 387
535 200
680 51
535 560
680 790
535 46
680 398
535 658
680 868
535 315
680 596
535 481
680 622
535 595
680 51
535 187
680 387
535 426
680 458
535 489
680 691
535 964
680 315
535 200
680 477
535 964
680 896
535 111
680 198
535 496
680 958
535 249
680 663
535 340
680 127
535 200
680 657
535 106
680 691
535 433
680 379
535 249
680 952
535 421
680 697
535 61
680 379
535 952
680 135
535 46
680 32
535 612
680 596
535 964
680 797
535 429
680 19
535 99
680 379
535 340
680 790
535 642
680 692
535 6
680 181
535 642
680 127
535 61
680 868
535 612
680 103
535 433
680 458
535 612
680 127
535 433
680 657
535 187
680 958
535 421
680 952
535 480
680 379
535 159
680 907
535 61
680 866
535 907
680 958
535 46
680 103
535 249
680 596
535 612
680 691
535 890
680 663
535 756
680 821
535 421
680 388
535 955
680 703
535 429
680 952
535 481
680 135
535 481
680 622
535 6
680 611
535 187
680 611
535 574
680 315
535 247
680 697
535 187
680 181
535 890
680 621
535 481
680 198
535 955
680 692
535 249
680 79
535 200
680 379
535 574
680 581
535 249
680 198
535 429
680 907
535 992
680 692
535 964
680 388
535 455
680 317
535 560
680 198
535 964
680 181
535 46
680 622
535 159
680 396
535 187
680 181
535 481
680 657
535 450
680 697
535 249
680 127
535 187
680 398
535 249
680 749
535 496
680 19
535 450
680 396
535 795
680 866
535 455
680 79
535 315
680 621
535 795
680 317
535 455
680 866
535 642
680 135
535 658
680 611
535 433
680 691
535 992
680 952
535 247
680 181
535 876
680 817
535 655
680 611
535 247
680 51
535 655
680 315
535 481
680 622
535 61
680 315
535 574
680 458
535 992
680 663
535 595
680 692
535 6
680 749
535 574
680 896
535 6
680 127
535 650
680 186
535 876
680 135
535 426
680 265
535 650
680 19
535 200
680 790
535 315
680 396
535 421
680 396
535 992
680 691
535 955
680 51
535 200
680 692
535 658
680 596
535 658
680 817
535 247
680 657
535 409
680 143
535 111
680 621
535 200
680 346
535 642
680 32
535 61
680 952
535 489
680 186
535 7
680 817
535 756
680 817
535 655
680 186
535 952
680 310
535 945
680 396
535 496
680 181
535 7
680 621
535 61
680 866
535 650
680 33
535 426
680 907
535 756
680 317
535 106
680 51
535 952
680 317
535 658
680 797
535 481
680 958
535 595
680 198
535 589
680 127
535 247
680 596
535 200
680 907
535 907
680 103
535 61
680 388
535 756
680 952
535 945
680 186
535 481
680 198
535 426
680 79
535 106
680 790
535 964
680 621
535 316
680 33
535 426
680 817
535 106
680 622
535 615
680 346
535 945
680 32
535 200
680 388
535 409
680 79
535 61
680 817
535 595
680 310
535 890
680 317
535 480
680 181
535 992
680 79
535 496
680 346
535 480
680 315
535 642
680 186
535 111
680 186
535 964
680 198
535 658
680 596
535 426
680 790
535 955
680 265
535 316
680 346
535 945
680 896
535 455
680 51
535 249
680 691
535 409
680 797
535 756
680 611
535 642
680 958
535 658
680 691
535 655
680 663
535 574
680 477
535 655
680 932
535 589
680 346
535 890
680 19
535 481
680 198
535 481
680 663
535 96
680 621
535 876
680 32
535 6
680 611
535 99
680 691
535 99
680 691
535 433
680 143
535 450
680 396
535 650
680 663
535 589
680 697
535 907
680 866
535 409
680 346
535 187
680 198
535 480
680 477
535 46
680 33
535 7
680 79
535 433
680 817
535 560
680 932
535 159
680 868
535 316
680 79
535 890
680 907
535 574
680 388
535 907
680 697
535 159
680 265
535 496
680 379
535 955
680 477
535 955
680 691
535 952
680 127
535 481
680 317
535 574
680 198
535 955
680 198
535 247
680 135
535 429
680 703
535 756
680 817
535 247
680 697
535 455
680 317
535 876
680 621
535 6
680 821
535 560
680 103
535 340
680 379
535 964
680 749
535 61
680 346
535 955
680 127
535 650
680 691
535 642
680 458
535 589
680 32
535 200
680 388
535 955
680 477
535 159
680 198
535 992
680 387
535 200
680 703
535 992
680 692
535 658
680 952
535 61
680 387
535 99
680 458
535 955
680 33
535 455
680 896
535 187
680 697
535 409
680 907
535 658
680 127
535 340
680 692
535 46
680 143
535 247
680 817
535 111
680 611
535 481
680 32
535 200
680 952
535 658
680 868
535 589
680 817
535 96
680 663
535 200
680 317
535 99
680 135
535 992
680 581
535 46
680 396
535 315
680 198
535 187
680 952
535 655
680 697
535 340
680 310
535 429
680 477
535 795
680 79
535 316
680 622
535 433
680 379
535 7
680 477
535 655
680 581
535 159
680 127
535 200
680 657
535 612
680 346
535 316
680 817
535 421
680 657
535 876
680 388
535 450
680 135
535 409
680 622
535 7
680 932
535 433
680 317
535 795
680 33
535 316
680 866
535 890
680 310
535 890
680 663
535 7
680 622
535 890
680 181
535 61
680 379
535 650
680 310
535 111
680 790
535 890
680 310
535 890
680 952
535 6
680 19
535 955
680 398
535 247
680 663
535 955
680 657
535 187
680 703
535 650
680 821
535 159
680 398
535 890
680 181
535 200
680 51
535 450
680 79
535 61
680 797
535 249
680 896
535 450
680 79
535 890
680 932
535 964
680 817
535 61
680 797
535 340
680 388
535 6
680 868
535 907
680 103
535 249
680 621
535 595
680 866
535 481
680 749
535 945
680 596
535 480
680 19
535 247
680 346
535 249
680 127
535 247
680 663
535 795
680 346
535 99
680 103
535 955
680 458
535 955
680 817
535 429
680 622
535 655
680 477
535 952
680 866
535 907
680 596
535 96
680 697
535 315
680 33
535 315
680 19
535 489
680 621
535 650
680 697
535 574
680 907
535 426
680 697
535 496
680 388
535 61
680 749
535 433
680 198
535 99
680 388
535 952
680 346
535 200
680 868
535 7
680 622
535 642
680 821
535 111
680 896
535 955
680 657
535 315
680 33
535 61
680 749
535 650
680 663
535 489
680 143
535 429
680 198
535 249
680 310
535 574
680 596
535 187
680 692
535 450
680 127
535 480
680 458
535 6
680 703
535 964
680 703
535 187
680 379
535 612
680 958
535 992
680 657
535 421
680 868
535 426
680 135
535 642
680 907
535 876
680 477
535 433
680 135
535 655
680 317
535 480
680 749
535 481
680 186
535 421
680 135
535 187
680 186
535 945
680 663
535 658
680 907
535 992
680 127
535 907
680 952
535 7
680 749
535 945
680 907
535 574
680 310
535 450
680 932
535 99
680 958
535 46
680 186
535 187
680 817
535 7
680 790
535 111
680 310
535 642
680 797
535 560
680 181
535 964
680 907
535 200
680 896
535 615
680 51
535 612
680 135
535 200
680 697
535 642
680 621
535 560
680 398
535 574
680 265
535 756
680 32
535 658
680 379
535 61
680 692
535 7
680 477
535 6
680 691
535 426
680 749
535 574
680 749
535 46
680 127
535 964
680 703
535 655
680 657
535 455
680 79
535 876
680 346
535 106
680 932
535 952
680 932
535 489
680 749
535 316
680 817
535 589
680 952
535 964
680 749
535 316
680 346
535 187
680 198
535 111
680 388
535 455
680 346
535 595
680 79
535 106
680 657
535 61
680 692
535 489
680 907
535 46
680 611
535 496
680 907
535 249
680 310
535 907
680 396
535 642
680 32
535 429
680 346
535 964
680 198
535 876
680 19
535 249
680 749
535 907
680 32
535 589
680 866
535 955
680 790
535 249
680 896
535 455
680 19
535 159
680 817
535 642
680 388
535 560
680 868
535 200
680 896
535 111
680 596
535 574
680 663
535 489
680 310
535 952
680 33
535 481
680 477
535 433
680 135
535 421
680 596
535 429
680 103
535 612
680 958
535 952
680 79
535 106
680 379
535 433
680 691
535 560
680 51
535 615
680 19
535 315
680 51
535 952
680 387
535 589
680 749
535 574
680 749
535 574
680 866
535 409
680 866
535 560
680 388
535 421
680 198
535 433
680 379
535 315
680 691
535 890
680 198
535 992
680 127
535 61
680 198
535 187
680 346
535 907
680 821
535 316
680 315
535 615
680 315
535 595
680 396
535 496
680 181
535 574
680 821
535 159
680 19
535 247
680 315
535 642
680 198
535 480
680 790
535 159
680 621
535 6
680 398
535 574
680 932
535 200
680 103
535 409
680 388
535 992
680 127
535 6
680 932
535 560
680 317
535 615
680 379
535 7
680 657
535 952
680 127
535 429
680 186
535 6
680 907
535 560
680 127
535 642
680 692
535 595
680 51
535 876
680 692
535 945
680 388
535 612
680 198
535 96
680 932
535 964
680 143
535 409
680 622
535 340
680 749
535 574
680 79
535 247
680 315
535 409
680 691
535 992
680 596
535 421
680 477
535 574
680 868
535 574
680 932
535 574
680 317
535 655
680 691
535 560
680 379
535 249
680 692
535 99
680 691
535 952
680 952
535 955
680 663
535 6
680 135
535 421
680 749
535 159
680 932
535 658
680 622
535 480
680 265
535 111
680 310
535 595
680 932
535 421
680 477
535 595
680 458
535 795
680 611
535 455
680 691
535 955
680 143
535 99
680 143
535 955
680 310
535 756
680 896
535 658
680 32
535 795
680 611
535 615
680 19
535 433
680 315
535 756
680 398
535 247
680 868
535 589
680 317
535 433
680 143
535 111
680 611
535 340
680 611
535 964
680 477
535 615
680 866
535 187
680 821
535 876
680 143
535 964
680 396
535 96
680 346
535 876
680 896
535 433
680 310
535 615
680 33
535 455
680 33
535 96
680 622
535 480
680 186
535 489
680 932
535 99
680 396
535 61
680 398
535 658
680 692
535 455
680 477
535 316
680 265
535 876
680 952
535 111
680 186
535 187
680 611
535 655
680 265
535 642
680 387
535 316
680 797
535 589
680 181
535 496
680 621
535 964
680 691
535 560
680 103
535 615
680 103
535 159
680 387
535 496
680 932
535 964
680 697
535 955
680 33
535 955
680 265
535 489
680 821
535 249
680 181
535 964
680 310
535 595
680 458
535 560
680 398
535 612
680 387
535 574
680 958
535 964
680 265
535 964
680 596
535 955
680 396
535 952
680 317
535 421
680 398
535 111
680 952
535 426
680 135
535 46
680 135
535 952
680 19
535 615
680 33
535 560
680 315
535 421
680 621
535 429
680 388
535 249
680 932
535 315
680 821
535 433
680 657
535 106
680 703
535 450
680 611
535 200
680 310
535 187
680 32
535 945
680 387
535 642
680 79
535 106
680 697
535 409
680 51
535 480
680 932
535 111
680 797
535 409
680 19
535 99
680 477
535 481
680 866
535 429
680 310
535 589
680 657
535 595
680 458
535 247
680 868
535 340
680 866
535 7
680 896
535 496
680 388
535 187
680 477
535 46
680 749
535 992
680 265
535 429
680 477
535 489
680 866
535 642
680 692
535 61
680 692
535 99
680 596
535 890
680 135
535 964
680 621
535 650
680 866
535 595
680 703
535 595
680 135
535 46
680 952
535 756
680 622
535 6
680 749
535 426
680 32
535 421
680 896
535 795
680 265
535 481
680 396
535 574
680 581
535 560
680 611
535 612
680 611
535 595
680 657
535 421
680 691
535 6
680 692
535 945
680 611
535 480
680 398
535 249
680 958
535 455
680 398
535 247
680 396
535 992
680 265
535 249
680 691
535 409
680 387
535 340
680 379
535 159
680 697
535 964
680 265
535 480
680 952
535 421
680 821
535 247
680 398
535 612
680 790
535 450
680 703
535 945
680 896
535 612
680 611
535 46
680 797
535 450
680 907
535 589
680 621
535 187
680 691
535 595
680 611
535 429
680 265
535 650
680 33
535 658
680 127
535 612
680 866
535 489
680 33
535 46
680 866
535 756
680 477
535 650
680 703
535 655
680 952
535 589
680 958
535 650
680 691
535 61
680 657
535 200
680 346
535 756
680 51
535 433
680 691
535 655
680 265
535 480
680 388
535 589
680 749
535 574
680 398
535 612
680 33
535 480
680 310
535 574
680 315
535 247
680 657
535 433
680 379
535 159
680 622
535 187
680 703
535 455
680 79
535 455
680 621
535 655
680 657
535 247
680 596
535 496
680 143
535 7
680 51
535 429
680 703
535 316
680 952
535 429
680 317
535 560
680 896
535 187
680 477
535 642
680 692
535 99
680 346
535 489
680 32
535 106
680 749
535 7
680 265
535 658
680 790
535 6
680 611
535 574
680 387
535 595
680 186
535 655
680 952
535 340
680 932
535 6
680 181
535 426
680 19
535 612
680 458
535 433
680 310
535 249
680 458
535 7
680 821
535 315
680 181
535 964
680 697
535 159
680 186
535 426
680 396
535 96
680 692
535 426
680 622
535 249
680 317
535 46
680 622
535 615
680 103
535 612
680 103
535 560
680 317
535 316
680 703
535 955
680 181
535 560
680 387
535 992
680 388
535 7
680 32
535 111
680 697
535 481
680 691
535 481
680 103
535 159
680 51
535 247
680 611
535 247
680 387
535 795
680 691
535 409
680 817
535 106
680 932
535 955
680 821
535 955
680 127
535 615
680 692
535 61
680 32
535 61
680 396
535 560
680 310
535 612
680 379
535 595
680 396
535 96
680 958
535 489
680 952
535 421
680 317
535 455
680 33
535 560
680 932
535 589
680 458
535 159
680 952
535 907
680 398
535 658
680 821
535 46
680 958
535 316
680 896
535 106
680 866
535 6
680 458
535 421
680 657
535 46
680 817
535 61
680 692
535 907
680 952
535 315
680 868
535 99
680 32
535 249
680 581
535 61
680 387
535 481
680 691
535 99
680 186
535 200
680 797
535 642
680 692
535 964
680 79
535 964
680 317
535 6
680 265
535 489
680 896
535 481
680 396
535 890
680 932
535 795
680 621
535 159
680 33
535 945
680 387
535 247
680 388
535 315
680 817
535 111
680 458
535 642
680 797
535 952
680 581
535 316
680 317
535 907
680 663
535 316
680 310
535 907
680 896
535 615
680 581
535 46
680 135
535 247
680 932
535 756
680 692
535 876
680 932
535 111
680 663
535 945
680 697
535 876
680 315
535 315
680 32
535 496
680 958
535 46
680 663
535 111
680 932
535 455
680 697
535 421
680 663
535 890
680 581
535 496
680 398
535 159
680 622
535 964
680 398
535 429
680 32
535 96
680 317
535 450
680 692
535 106
680 821
535 249
680 51
535 658
680 697
535 589
680 749
535 187
680 458
535 890
680 398
535 795
680 51
535 96
680 868
535 595
680 181
535 907
680 581
535 316
680 663
535 99
680 181
535 615
680 477
535 595
680 896
535 907
680 817
535 642
680 952
535 952
680 866
535 409
680 265
535 481
680 866
535 658
680 952
535 876
680 51
535 876
680 317
535 450
680 51
535 6
680 622
535 111
680 932
535 46
680 135
535 421
680 33
535 96
680 790
535 429
680 821
535 992
680 33
535 496
680 790
535 450
680 198
535 187
680 692
535 7
680 691
535 952
680 379
535 642
680 379
535 426
680 611
535 429
680 315
535 455
680 703
535 421
680 958
535 945
680 379
535 426
680 692
535 7
680 33
535 433
680 265
535 658
680 33
535 99
680 817
535 249
680 79
535 615
680 907
535 945
680 581
535 6
680 317
535 426
680 621
535 955
680 817
535 409
680 596
535 992
680 749
535 187
680 32
535 945
680 387
535 496
680 458
535 433
680 817
535 574
680 817
535 560
680 907
535 955
680 387
535 952
680 181
535 496
680 621
535 964
680 181
535 96
680 907
535 560
680 663
535 496
680 581
535 433
680 958
535 247
680 866
535 249
680 797
535 945
680 477
535 595
680 691
535 795
680 477
535 111
680 458
535 315
680 749
535 421
680 388
535 595
680 749
535 429
680 388
535 106
680 317
535 450
680 387
535 316
680 32
535 756
680 907
535 426
680 396
535 795
680 703
535 187
680 703
535 481
680 622
535 99
680 198
535 433
680 868
535 992
680 51
535 658
680 663
535 589
680 581
535 249
680 127
535 46
680 790
535 650
680 866
535 421
680 697
535 249
680 621
535 433
680 691
535 421
680 396
535 795
680 317
535 187
680 697
535 409
680 581
535 426
680 458
535 595
680 379
535 159
680 387
535 489
680 79
535 99
680 907
535 945
680 866
535 247
680 19
535 655
680 790
535 955
680 596
535 955
680 198
535 6
680 32
535 249
680 317
535 615
680 103
535 481
680 186
535 340
680 181
535 615
680 135
535 6
680 317
535 876
680 181
535 200
680 596
535 642
680 143
535 111
680 186
535 658
680 596
535 650
680 315
535 496
680 127
535 200
680 186
535 480
680 663
535 340
680 797
535 316
680 596
535 187
680 135
535 907
680 33
535 489
680 596
535 450
680 346
535 426
680 388
535 111
680 186
535 111
680 32
535 560
680 896
535 655
680 315
535 247
680 396
535 955
680 181
535 658
680 396
535 315
680 621
535 249
680 697
535 876
680 127
535 409
680 265
535 876
680 821
535 658
680 19
535 496
680 79
535 99
680 79
535 46
680 379
535 952
680 896
535 340
680 379
535 315
680 135
535 6
680 458
535 964
680 387
535 6
680 32
535 249
680 581
535 187
680 697
535 99
680 611
535 99
680 817
535 658
680 611
535 455
680 32
535 450
680 477
535 560
680 186
535 612
680 79
535 907
680 477
535 890
680 691
535 433
680 596
535 496
680 181
535 615
680 103
535 106
680 749
535 340
680 703
535 106
680 868
535 964
680 317
535 106
680 127
535 340
680 663
535 316
680 692
535 595
680 265
535 455
680 621
535 655
680 310
535 595
680 181
535 61
680 821
535 489
680 458
535 247
680 958
535 658
680 135
535 658
680 51
535 480
680 621
535 496
680 866
535 187
680 19
535 480
680 621
535 200
680 622
535 455
680 315
535 560
680 932
535 560
680 821
535 615
680 103
535 481
680 866
535 340
680 797
535 890
680 621
535 955
680 907
535 111
680 387
535 340
680 581
535 658
680 581
535 61
680 657
535 655
680 896
535 247
680 866
535 159
680 387
535 615
680 907
535 315
680 692
535 655
680 952
535 421
680 952
535 159
680 103
535 489
680 866
535 450
680 692
535 615
680 317
535 612
680 33
535 612
680 749
535 795
680 907
535 574
680 79
535 6
680 265
535 945
680 127
535 574
680 790
535 46
680 790
535 560
680 265
535 655
680 198
535 6
680 797
535 756
680 621
535 496
680 315
535 455
680 396
535 795
680 896
535 99
680 958
535 907
680 790
535 655
680 749
535 481
680 697
535 876
680 797
535 615
680 32
535 111
680 477
535 111
680 692
535 655
680 477
535 655
680 310
535 964
680 692
535 964
680 398
535 315
680 181
535 642
680 315
535 964
680 581
535 450
680 396
535 455
680 317
535 315
680 396
535 111
680 398
535 433
680 749
535 890
680 143
535 187
680 692
535 655
680 896
535 340
680 622
535 595
680 907
535 6
680 477
535 340
680 398
535 61
680 103
535 61
680 952
535 595
680 907
535 907
680 398
535 187
680 821
535 795
680 749
535 615
680 127
535 46
680 135
535 340
680 388
535 249
680 388
535 992
680 19
535 658
680 797
535 952
680 866
535 890
680 388
535 489
680 103
535 560
680 143
535 589
680 952
535 890
680 817
535 756
680 398
535 489
680 186
535 455
680 310
535 187
680 866
535 429
680 691
535 315
680 396
535 952
680 797
535 795
680 181
535 964
680 896
535 409
680 692
535 945
680 181
535 992
680 33
535 450
680 697
535 187
680 317
535 340
680 697
535 907
680 19
535 650
680 866
535 612
680 896
535 655
680 821
535 316
680 181
535 159
680 896
535 574
680 388
535 489
680 398
535 890
680 103
535 315
680 186
535 612
680 790
535 426
680 265
535 496
680 19
535 340
680 181
535 96
680 458
535 612
680 821
535 433
680 458
535 315
680 749
535 952
680 703
535 450
680 896
535 952
680 315
535 650
680 621
535 421
680 621
535 595
680 932
535 496
680 703
535 200
680 932
535 756
680 663
535 955
680 657
535 650
680 387
535 612
680 181
535 907
680 817
535 574
680 703
535 316
680 697
535 315
680 33
535 876
680 611
535 421
680 581
535 426
680 346
535 96
680 79
535 159
680 797
535 99
680 198
535 955
680 458
535 655
680 821
535 589
680 181
535 111
680 477
535 612
680 749
535 433
680 952
535 489
680 127
535 46
680 907
535 200
680 596
535 409
680 32
535 340
680 396
535 481
680 477
535 7
680 181
535 642
680 265
535 7
680 317
535 106
680 79
535 964
680 398
535 876
680 790
535 945
680 181
535 574
680 398
535 200
680 691
535 574
680 663
535 756
680 657
535 496
680 19
535 450
680 697
535 615
680 896
535 574
680 691
535 433
680 611
535 111
680 458
535 642
680 19
535 187
680 51
535 433
680 198
535 247
680 198
535 964
680 103
535 429
680 19
535 489
680 103
535 316
680 186
535 642
680 387
535 426
680 657
535 247
680 657
535 7
680 703
535 433
680 958
535 595
680 581
535 99
680 749
535 658
680 697
535 96
680 477
535 7
680 821
535 964
680 952
535 876
680 379
535 111
680 621
535 589
680 51
535 340
680 103
535 876
680 379
535 316
680 265
535 992
680 387
535 409
680 143
535 200
680 33
535 6
680 265
535 489
680 932
535 496
680 817
535 642
680 932
535 315
680 265
535 615
680 198
535 316
680 907
535 795
680 817
535 595
680 703
535 489
680 317
535 455
680 692
535 450
680 315
535 945
680 103
535 111
680 198
535 560
680 33
535 421
680 797
535 106
680 265
535 480
680 691
535 890
680 896
535 574
680 958
535 99
680 32
535 489
680 127
535 450
680 663
535 111
680 749
535 945
680 797
535 890
680 317
535 187
680 398
535 756
680 866
535 650
680 663
535 200
680 103
535 574
680 790
535 615
680 186
535 756
680 79
535 455
680 143
535 650
680 387
535 450
680 692
535 890
680 198
535 589
680 868
535 429
680 315
535 316
680 703
535 187
680 198
535 489
680 821
535 658
680 346
535 615
680 135
535 890
680 79
535 450
680 477
535 315
680 821
535 481
680 611
535 496
680 181
535 890
680 458
535 756
680 181
535 99
680 749
535 433
680 265
535 247
680 317
535 421
680 79
535 560
680 317
535 450
680 51
535 426
680 143
535 560
680 79
535 615
680 907
535 496
680 896
535 340
680 346
535 612
680 958
535 421
680 932
535 99
680 611
535 481
680 749
535 187
680 896
535 159
680 181
535 247
680 477
535 421
680 387
535 61
680 310
535 200
680 596
535 574
680 691
535 589
680 181
535 496
680 868
535 560
680 821
535 315
680 907
535 426
680 596
535 61
680 622
535 890
680 379
535 200
680 611
535 409
680 821
535 574
680 186
535 340
680 198
535 96
680 79
535 421
680 581
535 756
680 396
535 560
680 663
535 159
680 127
535 574
680 51
535 61
680 387
535 560
680 379
535 429
680 458
535 496
680 581
535 481
680 198
535 96
680 611
535 642
680 265
535 992
680 398
535 907
680 310
535 7
680 51
535 795
680 387
535 46
680 596
535 480
680 19
535 955
680 458
535 7
680 51
535 426
680 866
535 7
680 697
535 890
680 315
535 316
680 907
535 595
680 697
535 756
680 198
535 159
680 622
535 6
680 33
535 612
680 398
535 992
680 596
535 955
680 79
535 316
680 663
535 316
680 790
535 481
680 958
535 433
680 868
535 429
680 135
535 655
680 691
535 756
680 692
535 955
680 127
535 496
680 51
535 964
680 388
535 650
680 622
535 650
680 952
535 316
680 596
535 61
680 958
535 992
680 19
535 421
680 33
535 876
680 398
535 992
680 703
535 6
680 749
535 992
680 387
535 589
680 691
535 481
680 749
535 481
680 703
535 496
680 621
535 574
680 33
535 655
680 697
535 574
680 265
535 433
680 907
535 655
680 896
535 496
680 868
535 7
680 379
535 316
680 51
535 340
680 32
535 795
680 821
535 316
680 790
535 187
680 868
535 907
680 388
535 249
680 265
535 450
680 477
535 340
680 477
535 907
680 346
535 111
680 697
535 429
680 398
535 409
680 790
535 964
680 79
535 890
680 621
535 426
680 611
535 106
680 958
535 952
680 103
535 187
680 907
535 96
680 692
535 655
680 388
535 876
680 398
535 658
680 663
535 964
680 663
535 650
680 657
535 455
680 663
535 642
680 817
535 450
680 33
535 658
680 198
535 560
680 398
535 200
680 198
535 421
680 477
535 249
680 663
535 187
680 611
535 46
680 868
535 489
680 581
535 159
680 958
535 658
680 821
535 315
680 458
535 200
680 817
535 955
680 621
535 96
680 581
535 955
680 379
535 6
680 379
535 455
680 932
535 876
680 103
535 496
680 398
535 795
680 907
535 200
680 143
535 429
680 697
535 756
680 315
535 6
680 657
535 426
680 388
535 111
680 749
535 615
680 697
535 429
680 310
535 247
680 19
535 595
680 135
535 480
680 315
535 200
680 611
535 249
680 952
535 589
680 458
535 426
680 265
535 46
680 388
535 340
680 265
535 480
680 103
535 187
680 33
535 952
680 181
535 756
680 388
535 409
680 396
535 421
680 310
535 433
680 907
535 876
680 198
535 890
680 797
535 429
680 657
535 111
680 790
535 964
680 317
535 595
680 32
535 992
680 477
535 426
680 127
535 187
680 103
535 7
680 958
535 952
680 896
535 574
680 458
535 560
680 51
535 876
680 932
535 46
680 477
535 111
680 596
535 249
680 396
535 46
680 797
535 876
680 866
535 7
680 387
535 945
680 315
535 876
680 907
535 655
680 32
535 450
680 477
535 6
680 103
535 756
680 79
535 433
680 697
535 61
680 692
535 655
680 703
535 574
680 703
535 756
680 797
535 952
680 749
535 421
680 703
535 890
680 622
535 111
680 703
535 429
680 32
535 429
680 265
535 421
680 458
535 426
680 596
535 61
680 387
535 200
680 310
535 658
680 477
535 426
680 198
535 455
680 143
535 756
680 817
535 489
680 868
535 907
680 868
535 480
680 790
535 249
680 866
535 111
680 952
535 106
680 51
535 589
680 958
535 615
680 868
535 7
680 315
535 187
680 346
535 429
680 749
535 187
680 958
535 795
680 907
535 96
680 657
535 111
680 477
535 658
680 103
535 249
680 458
535 945
680 265
535 99
680 379
535 426
680 797
535 316
680 310
535 496
680 932
535 650
680 749
535 595
680 596
535 247
680 310
535 159
680 790
535 106
680 697
535 876
680 477
535 945
680 797
535 650
680 821
535 489
680 621
535 340
680 103
535 409
680 621
535 560
680 952
535 795
680 458
535 992
680 19
535 589
680 907
535 450
680 868
535 315
680 596
535 200
680 692
535 650
680 477
535 433
680 477
535 650
680 398
535 907
680 790
535 159
680 703
535 612
680 387
535 455
680 398
535 655
680 691
535 952
680 387
535 795
680 346
535 99
680 952
535 595
680 907
535 96
680 797
535 945
680 896
535 560
680 265
535 247
680 396
535 315
680 611
535 187
680 388
535 489
680 596
535 61
680 317
535 315
680 749
535 7
680 749
535 876
680 866
535 61
680 143
535 756
680 703
535 429
680 611
535 612
680 396
535 952
680 932
535 111
680 143
535 247
680 396
535 159
680 458
535 480
680 19
535 496
680 797
535 249
680 135
535 480
680 657
535 187
680 907
535 650
680 703
535 589
680 19
535 187
680 866
535 426
680 611
535 907
680 797
535 756
680 622
535 450
680 692
535 952
680 265
535 876
680 749
535 481
680 868
535 795
680 396
535 111
680 691
535 945
680 581
535 111
680 692
535 481
680 817
535 111
680 310
535 200
680 749
535 249
680 958
535 795
680 32
535 187
680 19
535 316
680 265
535 159
680 692
535 6
680 697
535 99
680 907
535 489
680 346
535 96
680 127
535 247
680 143
535 315
680 691
535 574
680 621
535 61
680 143
535 111
680 19
535 595
680 317
535 907
680 317
535 111
680 868
535 187
680 866
535 316
680 317
535 612
680 51
535 574
680 697
535 795
680 663
535 99
680 19
535 658
680 907
535 907
680 315
535 433
680 907
535 429
680 135
535 106
680 396
535 952
680 135
535 907
680 51
535 480
680 396
535 480
680 396
535 992
680 346
535 187
680 817
535 560
680 51
535 955
680 697
535 247
680 379
535 955
680 790
535 795
680 896
535 6
680 398
535 106
680 32
535 992
680 581
535 429
680 477
535 992
680 387
535 658
680 103
535 952
680 315
535 642
680 198
535 6
680 868
535 489
680 697
535 61
680 135
535 589
680 127
535 426
680 692
535 890
680 866
535 992
680 127
535 496
680 797
535 650
680 477
535 315
680 821
535 480
680 265
535 99
680 265
535 795
680 33
535 111
680 398
535 46
680 186
535 247
680 797
535 655
680 821
535 409
680 692
535 315
680 458
535 496
680 265
535 489
680 621
535 99
680 817
535 489
680 388
535 655
680 388
535 187
680 817
535 96
680 346
535 876
680 932
535 247
680 186
535 952
680 127
535 455
680 51
535 46
680 932
535 560
680 127
535 96
680 691
535 6
680 657
535 187
680 79
535 6
680 127
535 481
680 596
535 200
680 817
535 795
680 932
535 480
680 797
535 955
680 317
535 159
680 387
535 496
680 952
535 96
680 703
535 756
680 103
535 480
680 143
535 795
680 866
535 650
680 932
535 945
680 868
535 890
680 346
535 6
680 265
535 316
680 310
535 433
680 866
535 433
680 797
535 992
680 186
535 876
680 611
535 655
680 596
535 159
680 181
535 655
680 265
535 187
680 958
535 409
680 663
535 481
680 958
535 433
680 103
535 426
680 19
535 795
680 127
535 426
680 581
535 756
680 32
535 480
680 907
535 247
680 907
535 481
680 657
535 658
680 952
535 655
680 265
535 450
680 379
535 61
680 896
535 907
680 790
535 907
680 581
535 615
680 33
535 340
680 621
535 876
680 691
535 612
680 315
535 481
680 398
535 756
680 749
535 560
680 477
535 247
680 127
535 96
680 19
535 795
680 388
535 200
680 692
535 455
680 611
535 187
680 387
535 247
680 697
535 247
680 127
535 890
680 315
535 642
680 611
535 429
680 697
535 907
680 952
535 159
680 51
535 589
680 79
535 650
680 198
535 795
680 896
535 612
680 663
535 489
680 265
535 658
680 265
535 340
680 958
535 642
680 817
535 450
680 657
535 433
680 388
535 595
680 817
535 890
680 103
535 340
680 821
535 7
680 181
535 650
680 907
535 560
680 622
535 247
680 265
535 6
680 896
535 61
680 621
535 560
680 135
535 111
680 388
535 316
680 32
535 249
680 79
535 595
680 657
535 159
680 581
535 795
680 749
535 560
680 703
535 7
680 103
535 560
680 663
535 955
680 398
535 655
680 907
535 955
680 458
535 340
680 958
535 433
680 596
535 480
680 868
535 489
680 181
535 615
680 310
535 876
680 32
535 795
680 621
535 106
680 611
535 945
680 821
535 433
680 32
535 455
680 692
535 429
680 692
535 99
680 907
535 433
680 611
535 159
680 907
535 615
680 692
535 340
680 310
535 658
680 317
535 642
680 611
535 187
680 932
535 589
680 186
535 409
680 622
535 992
680 51
535 249
680 703
535 955
680 663
535 945
680 186
535 964
680 458
535 795
680 621
535 612
680 896
535 756
680 581
535 907
680 958
535 612
680 817
535 421
680 621
535 952
680 952
535 7
680 692
535 615
680 32
535 455
680 127
535 409
680 310
535 316
680 581
535 560
680 127
535 455
680 868
535 907
680 346
535 589
680 703
535 426
680 346
535 480
680 663
535 187
680 265
535 595
680 186
535 421
680 657
535 952
680 477
535 99
680 127
535 952
680 51
535 655
680 143
535 315
680 703
535 480
680 398
535 574
680 143
535 658
680 79
535 46
680 932
535 96
680 896
535 612
680 790
535 650
680 581
535 421
680 379
535 952
680 797
535 612
680 866
535 650
680 32
535 187
680 692
535 187
680 907
535 61
680 387
535 111
680 458
535 429
680 458
535 574
680 346
535 187
680 868
535 964
680 581
535 612
680 458
535 450
680 932
535 340
680 127
535 655
680 186
535 61
680 79
535 159
680 387
535 756
680 396
535 595
680 19
535 409
680 790
535 876
680 388
535 159
680 19
535 96
680 622
535 952
680 317
535 340
680 143
535 426
680 581
535 589
680 691
535 46
680 387
535 876
680 32
535 99
680 952
535 876
680 657
535 964
680 181
535 409
680 477
535 612
680 896
535 111
680 379
535 46
680 958
535 46
680 797
535 315
680 703
535 589
680 398
535 249
680 317
535 560
680 265
535 907
680 691
535 340
680 79
535 658
680 346
535 945
680 103
535 96
680 103
535 480
680 19
535 96
680 388
535 450
680 143
535 489
680 346
535 480
680 19
535 890
680 868
535 945
680 388
535 574
680 691
535 46
680 396
535 111
680 32
535 992
680 611
535 952
680 821
535 480
680 790
535 99
680 143
535 612
680 697
535 964
680 310
535 481
680 310
535 96
680 127
535 455
680 51
535 489
680 621
535 589
680 952
535 595
680 143
535 945
680 19
535 421
680 621
535 46
680 387
535 642
680 198
535 187
680 398
535 96
680 398
535 876
680 611
535 481
680 692
535 612
680 797
535 650
680 749
535 111
680 821
535 7
680 691
535 200
680 388
535 426
680 310
535 655
680 952
535 316
680 657
535 106
680 790
535 952
680 622
535 955
680 198
535 992
680 135
535 589
680 868
535 560
680 388
535 964
680 797
535 249
680 32
535 249
680 821
535 96
680 692
535 574
680 198
535 99
680 663
535 6
680 581
535 429
680 797
535 756
680 477
535 795
680 458
535 756
680 186
535 111
680 315
535 6
680 310
535 187
680 581
535 187
680 932
535 426
680 821
535 450
680 127
535 316
680 317
535 200
680 866
535 952
680 866
535 6
680 817
535 481
680 749
535 612
680 596
535 612
680 896
535 429
680 379
535 615
680 19
535 6
680 817
535 316
680 79
535 574
680 621
535 249
680 103
535 876
680 458
535 7
680 458
535 756
680 103
535 46
680 19
535 111
680 186
535 955
680 581
535 907
680 691
535 964
680 387
535 650
680 621
535 615
680 198
535 450
680 388
535 106
680 958
535 560
680 790
535 560
680 198
535 106
680 692
535 615
680 817
535 642
680 135
535 455
680 265
535 890
680 866
535 409
680 51
535 6
680 896
535 876
680 33
535 99
680 51
535 96
680 663
535 907
680 663
535 409
680 622
535 200
680 866
535 187
680 33
535 589
680 797
535 433
680 866
535 795
680 310
535 952
680 103
535 589
680 477
535 481
680 198
535 247
680 611
535 589
680 103
535 316
680 79
535 496
680 797
535 480
680 703
535 6
680 32
535 890
680 821
535 429
680 657
535 795
680 691
535 99
680 51
535 795
680 581
535 200
680 657
535 61
680 388
535 99
680 691
535 876
680 790
535 480
680 621
535 650
680 458
535 61
680 866
535 159
680 868
535 450
680 622
535 964
680 868
535 945
680 317
535 655
680 315
535 426
680 622
535 612
680 932
535 433
680 398
535 429
680 19
535 455
680 663
535 99
680 310
535 890
680 958
535 907
680 621
535 409
680 958
535 249
680 458
535 187
680 868
535 159
680 33
535 96
680 135
535 61
680 790
535 316
680 198
535 429
680 458
535 96
680 952
535 159
680 310
535 595
680 181
535 642
680 622
535 455
680 186
535 595
680 868
535 433
680 198
535 46
680 657
535 650
680 310
535 111
680 703
535 421
680 198
535 955
680 310
535 187
680 346
535 421
680 691
535 7
680 79
535 615
680 697
535 433
680 198
535 111
680 387
535 187
680 622
535 658
680 398
535 890
680 932
535 61
680 581
535 433
680 143
535 589
680 907
535 650
680 315
535 496
680 749
535 955
680 749
535 964
680 315
535 106
680 143
535 955
680 33
535 945
680 790
535 200
680 697
535 106
680 866
535 655
680 817
535 200
680 657
535 612
680 622
535 655
680 790
535 429
680 127
535 96
680 198
535 200
680 866
535 952
680 317
535 409
680 387
535 489
680 265
535 316
680 797
535 480
680 103
535 450
680 596
535 46
680 821
535 426
680 315
535 612
680 932
535 907
680 315
535 247
680 458
535 595
680 932
535 247
680 477
535 589
680 932
535 658
680 596
535 481
680 622
535 480
680 181
535 409
680 663
535 890
680 51
535 658
680 143
535 876
680 896
535 650
680 932
535 890
680 387
535 890
680 790
535 992
680 135
535 876
680 398
535 756
680 657
535 106
680 458
535 890
680 186
535 756
680 51
535 612
680 596
535 409
680 932
535 247
680 691
535 200
680 315
535 992
680 596
535 574
680 315
535 756
680 310
535 489
680 797
535 615
680 657
535 489
680 703
535 106
680 396
535 650
680 692
535 96
680 749
535 247
680 315
535 890
680 657
535 612
680 310
535 795
680 621
535 455
680 907
535 426
680 657
535 612
680 51
535 61
680 186
535 612
680 749
535 992
680 310
535 247
680 143
535 480
680 198
535 433
680 866
535 964
680 697
535 315
680 817
535 955
680 821
535 46
680 952
535 426
680 388
535 480
680 265
535 46
680 181
535 450
680 817
535 426
680 396
535 890
680 19
535 964
680 477
535 589
680 396
535 340
680 315
535 655
680 790
535 612
680 797
535 409
680 186
535 106
680 143
535 612
680 32
535 409
680 396
535 111
680 379
535 489
680 379
535 99
680 697
535 907
680 477
535 426
680 621
535 574
680 581
535 489
680 33
535 159
680 265
535 574
680 797
535 247
680 103
535 890
680 317
535 642
680 127
535 429
680 907
535 795
680 32
535 992
680 398
535 945
680 458
535 106
680 952
535 106
680 958
535 421
680 396
535 200
680 265
535 907
680 388
535 426
680 932
535 595
680 135
535 450
680 32
535 6
680 387
535 200
680 621
535 612
680 51
535 595
680 387
535 200
680 379
535 106
680 703
535 496
680 797
535 615
680 868
535 945
680 346
535 409
680 398
535 426
680 581
535 964
680 611
535 249
680 952
535 315
680 265
535 489
680 265
535 61
680 398
535 496
680 127
535 589
680 135
535 480
680 692
535 589
680 103
535 421
680 611
535 480
680 127
535 876
680 477
535 658
680 51
535 455
680 749
535 111
680 33
535 560
680 315
535 595
680 186
535 247
680 346
535 200
680 388
535 187
680 697
535 187
680 621
535 316
680 143
535 795
680 32
535 560
680 952
535 489
680 458
535 481
680 458
535 992
680 817
535 249
680 952
535 655
680 33
535 964
680 103
535 756
680 907
535 756
680 33
535 955
680 388
535 249
680 692
535 455
680 621
535 964
680 181
535 612
680 388
535 187
680 868
535 7
680 958
535 890
680 143
535 615
680 749
535 964
680 396
535 795
680 186
535 655
680 868
535 433
680 346
535 426
680 581
535 429
680 143
535 61
680 265
535 907
680 581
535 7
680 896
535 249
680 103
535 756
680 458
535 756
680 749
535 496
680 907
535 200
680 952
535 450
680 379
535 615
680 315
535 61
680 388
535 6
680 866
535 61
680 458
535 574
680 958
535 409
680 932
535 429
680 127
535 992
680 817
535 574
680 907
535 106
680 622
535 658
680 396
535 655
680 621
535 200
680 310
535 106
680 790
535 574
680 691
535 955
680 135
535 340
680 868
535 612
680 932
535 6
680 790
535 200
680 388
535 187
680 79
535 249
680 398
535 595
680 51
535 615
680 797
535 429
680 317
535 450
680 703
535 615
680 310
535 876
680 697
535 247
680 790
535 429
680 932
535 316
680 611
535 481
680 79
535 612
680 621
535 450
680 477
535 795
680 198
535 615
680 186
535 421
680 458
535 964
680 79
535 574
680 896
535 315
680 477
535 316
680 346
535 658
680 265
535 945
680 697
535 612
680 317
535 489
680 265
535 615
680 198
535 655
680 19
535 595
680 79
535 481
680 317
535 595
680 691
535 480
680 581
535 964
680 817
535 876
680 186
535 952
680 952
535 890
680 657
535 955
680 265
535 655
680 866
535 426
680 103
535 429
680 310
535 316
680 790
535 795
680 907
535 574
680 621
535 489
680 749
535 187
680 907
535 315
680 181
535 455
680 749
535 756
680 581
535 96
680 657
535 574
680 703
535 955
680 19
535 315
680 596
535 46
680 315
535 560
680 907
535 99
680 907
535 615
680 896
535 480
680 32
535 247
680 692
535 433
680 692
535 46
680 315
535 650
680 315
535 642
680 127
535 955
680 396
535 340
680 868
535 589
680 310
535 99
680 622
535 964
680 346
535 421
680 19
535 964
680 33
535 907
680 398
535 409
680 663
535 7
680 388
535 409
680 663
535 595
680 821
535 426
680 697
535 756
680 33
535 106
680 896
535 450
680 749
535 481
680 186
535 6
680 703
535 315
680 657
535 795
680 51
535 756
680 797
535 795
680 697
535 200
680 198
535 964
680 379
535 450
680 817
535 650
680 186
535 159
680 611
535 964
680 596
535 756
680 135
535 99
680 817
535 481
680 143
535 615
680 398
535 455
680 663
535 7
680 186
535 615
680 691
535 61
680 32
535 421
680 310
535 481
680 143
535 876
680 821
535 7
680 310
535 429
680 51
535 658
680 932
535 756
680 821
535 106
680 657
535 612
680 317
535 61
680 657
535 952
680 952
535 6
680 33
535 589
680 622
535 315
680 692
535 945
680 79
535 480
680 691
535 876
680 692
535 964
680 952
535 61
680 396
535 409
680 866
535 429
680 581
535 247
680 51
535 489
680 32
535 756
680 821
535 187
680 581
535 426
680 103
535 876
680 907
535 945
680 135
535 96
680 932
535 615
680 317
535 992
680 51
535 992
680 703
535 99
680 817
535 450
680 265
535 315
680 907
535 615
680 692
535 480
680 127
535 595
680 952
535 890
680 398
535 96
680 596
535 106
680 310
535 106
680 581
535 655
680 458
535 316
680 379
535 316
680 952
535 426
680 657
535 945
680 398
535 340
680 127
535 992
680 387
535 642
680 143
535 655
680 79
535 46
680 790
535 249
680 797
535 106
680 749
535 964
680 821
535 249
680 346
535 795
680 127
535 433
680 868
535 409
680 317
535 455
680 621
535 96
680 33
535 595
680 33
535 992
680 186
535 340
680 198
535 595
680 907
535 642
680 317
535 560
680 749
535 496
680 596
535 315
680 896
535 615
680 692
535 106
680 135
535 316
680 663
535 409
680 703
535 589
680 181
535 795
680 32
535 589
680 127
535 952
680 581
535 409
680 181
535 111
680 387
535 992
680 79
535 187
680 387
535 992
680 19
535 952
680 396
535 61
680 310
535 964
680 663
535 316
680 866
535 952
680 458
535 159
680 596
535 421
680 387
535 433
680 143
535 7
680 866
535 595
680 790
535 890
680 749
535 6
680 388
535 964
680 622
535 964
680 33
535 409
680 621
535 890
680 821
535 612
680 265
535 6
680 477
535 433
680 621
535 496
680 198
535 340
680 797
535 46
680 797
535 433
680 398
535 560
680 657
535 316
680 181
535 560
680 396
535 595
680 135
535 480
680 186
535 595
680 387
535 96
680 458
535 99
680 703
535 642
680 33
535 6
680 387
535 890
680 596
535 658
680 691
535 658
680 907
535 480
680 186
535 496
680 346
535 890
680 821
535 964
680 817
535 907
680 657
535 429
680 692
535 496
680 317
535 7
680 265
535 756
680 663
535 658
680 958
535 315
680 907
535 480
680 103
535 159
680 952
535 61
680 317
535 496
680 315
535 426
680 127
535 159
680 396
535 111
680 622
535 589
680 51
535 159
680 186
535 876
680 127
535 955
680 388
535 795
680 135
535 589
680 896
535 200
680 958
535 574
680 596
535 455
680 315
535 992
680 663
535 7
680 797
535 340
680 387
535 200
680 749
535 489
680 896
535 480
680 697
535 61
680 868
535 876
680 315
535 187
680 310
535 7
680 396
535 615
680 458
535 612
680 346
535 489
680 186
535 421
680 797
535 615
680 181
535 795
680 396
535 876
680 32
535 992
680 692
535 658
680 127
535 247
680 51
535 315
680 317
535 612
680 663
535 426
680 379
535 650
680 387
535 159
680 398
535 316
680 33
535 46
680 821
535 658
680 127
535 612
680 398
535 952
680 866
535 955
680 581
535 409
680 817
535 315
680 315
535 455
680 703
535 409
680 315
535 907
680 398
535 61
680 932
535 6
680 127
535 945
680 663
535 46
680 821
535 340
680 315
535 249
680 379
535 247
680 32
535 615
680 692
535 650
680 388
535 315
680 32
535 249
680 310
535 890
680 79
535 955
680 135
535 99
680 346
535 6
680 596
535 560
680 198
535 421
680 596
535 650
680 135
535 7
680 396
535 756
680 458
535 46
680 51
535 409
680 657
535 496
680 310
535 992
680 103
535 615
680 458
535 560
680 749
535 650
680 33
535 574
680 33
535 615
680 907
535 187
680 379
535 187
680 596
535 421
680 198
535 200
680 868
535 61
680 932
535 61
680 691
535 945
680 103
535 481
680 458
535 650
680 396
535 315
680 458
535 595
680 477
535 99
680 657
535 489
680 866
535 159
680 19
535 952
680 896
535 642
680 657
535 496
680 907
535 589
680 51
535 574
680 952
535 876
680 932
535 426
680 310
535 876
680 127
535 650
680 143
535 650
680 868
535 655
680 581
535 111
680 692
535 200
680 387
535 907
680 398
535 6
680 907
535 489
680 817
535 642
680 907
535 907
680 866
535 421
680 310
535 496
680 868
535 574
680 817
535 315
680 315
535 496
680 596
535 589
680 868
535 907
680 596
535 560
680 622
535 106
680 396
535 99
680 317
535 964
680 33
535 481
680 866
535 945
680 866
535 574
680 346
535 574
680 477
535 992
680 51
535 111
680 458
535 560
680 697
535 795
680 691
535 409
680 797
535 421
680 691
535 96
680 127
535 650
680 135
535 876
680 896
535 111
680 596
535 992
680 868
535 560
680 317
535 876
680 51
535 560
680 663
535 433
680 346
535 61
680 103
535 756
680 198
535 658
680 790
535 6
680 379
535 106
680 622
535 615
680 896
535 61
680 19
535 159
680 143
535 658
680 797
535 992
680 127
535 964
680 387
535 560
680 477
535 595
680 749
535 658
680 19
535 489
680 346
535 589
680 135
535 433
680 797
535 612
680 821
535 756
680 691
535 890
680 135
535 200
680 691
535 964
680 398
535 46
680 611
535 340
680 103
535 890
680 32
535 795
680 387
535 106
680 398
535 574
680 657
535 409
680 866
535 187
680 79
535 612
680 697
535 612
680 749
535 426
680 691
535 945
680 458
535 992
680 135
535 46
680 315
535 481
680 186
535 615
680 265
535 795
680 186
535 964
680 611
535 429
680 387
535 187
680 896
535 249
680 379
535 907
680 32
535 574
680 317
535 489
680 790
535 316
680 186
535 340
680 958
535 907
680 866
535 876
680 51
535 429
680 32
535 433
680 817
535 945
680 379
535 455
680 477
535 574
680 51
535 907
680 663
535 421
680 396
535 315
680 19
535 426
680 581
535 945
680 952
535 907
680 691
535 795
680 127
535 106
680 797
535 992
680 621
535 455
680 692
535 316
680 581
535 612
680 691
535 952
680 868
535 907
680 181
535 340
680 866
535 992
680 387
535 481
680 79
535 340
680 657
535 200
680 581
535 496
680 932
535 595
680 103
535 159
680 103
535 61
680 691
535 249
680 458
535 200
680 181
535 7
680 477
535 200
680 817
535 612
680 691
535 200
680 388
535 489
680 32
535 421
680 346
535 409
680 458
535 795
680 32
535 945
680 958
535 480
680 143
535 247
680 581
535 945
680 346
535 612
680 697
535 756
680 310
535 615
680 790
535 96
680 790
535 964
680 458
535 421
680 907
535 421
680 797
535 489
680 388
535 480
680 32
535 7
680 663
535 106
680 51
535 560
680 952
535 481
680 458
535 658
680 692
535 455
680 33
535 574
680 932
535 61
680 127
535 200
680 265
535 756
680 181
535 340
680 51
535 6
680 621
535 429
680 265
535 650
680 317
535 756
680 817
535 249
680 198
535 106
680 958
535 96
680 79
535 7
680 186
535 574
680 379
535 46
680 310
535 200
680 657
535 496
680 958
535 496
680 663
535 964
680 663
535 340
680 79
535 589
680 143
535 340
680 622
535 315
680 396
535 61
680 181
535 795
680 958
535 480
680 315
535 249
680 317
535 159
680 477
535 433
680 868
535 187
680 32
535 615
680 477
535 426
680 265
535 964
680 896
535 249
680 692
535 481
680 868
535 421
680 866
535 480
680 181
535 952
680 19
535 159
680 817
535 795
680 317
535 795
680 797
535 756
680 932
535 589
680 32
535 421
680 265
535 481
680 79
535 455
680 346
535 429
680 135
535 756
680 790
535 247
680 32
535 945
680 379
535 61
680 265
535 795
680 952
535 316
680 181
535 655
680 19
535 315
680 697
535 615
680 790
535 650
680 958
535 249
680 265
535 650
680 817
535 340
680 387
535 795
680 821
535 6
680 398
535 655
680 692
535 7
680 692
535 615
680 907
535 480
680 79
535 111
680 663
535 316
680 697
535 429
680 135
535 612
680 703
535 409
680 198
535 187
680 265
535 249
680 868
535 595
680 657
535 7
680 596
535 612
680 51
535 964
680 821
535 890
680 181
535 955
680 103
535 247
680 622
535 642
680 396
535 429
680 317
535 409
680 790
535 642
680 458
535 650
680 396
535 642
680 581
535 650
680 19
535 6
680 866
535 876
680 621
535 340
680 317
535 595
680 127
535 650
680 692
535 455
680 310
535 409
680 622
535 99
680 477
535 429
680 265
535 426
680 797
535 574
680 692
535 200
680 868
535 658
680 611
535 249
680 458
535 589
680 79
535 907
680 581
535 315
680 817
535 249
680 691
535 480
680 596
535 7
680 143
535 6
680 477
535 955
680 33
535 589
680 135
535 642
680 317
535 111
680 186
535 480
680 697
535 615
680 32
535 658
680 896
535 560
680 310
535 429
680 396
535 574
680 388
535 945
680 310
535 99
680 797
535 111
680 581
535 655
680 265
535 46
680 186
535 795
680 315
535 159
680 790
535 61
680 581
535 589
680 398
535 455
680 198
535 756
680 907
535 426
680 581
535 409
680 866
535 187
680 51
535 111
680 952
535 6
680 181
535 96
680 797
535 426
680 135
535 111
680 821
535 489
680 315
535 642
680 691
535 876
680 907
535 159
680 51
535 426
680 19
535 992
680 790
535 99
680 79
535 111
680 265
535 450
680 817
535 952
680 135
535 46
680 790
535 615
680 797
535 658
680 103
535 574
680 32
535 409
680 317
535 876
680 821
535 99
680 907
535 655
680 198
535 655
680 396
535 409
680 581
535 658
680 181
535 560
680 79
535 480
680 797
535 61
680 19
535 615
680 379
535 642
680 477
535 560
680 657
535 481
680 932
535 589
680 790
535 187
680 143
535 964
680 581
535 964
680 458
535 952
680 310
535 952
680 697
535 61
680 127
535 876
680 198
535 964
680 19
535 907
680 396
535 409
680 821
535 650
680 691
535 955
680 952
535 560
680 657
535 574
680 896
535 481
680 315
535 187
680 388
535 315
680 621
535 96
680 907
535 46
680 379
535 159
680 657
535 907
680 181
535 655
680 310
535 496
680 691
535 992
680 907
535 489
680 596
535 574
680 596
535 200
680 127
535 952
680 315
535 315
680 32
535 489
680 310
535 433
680 477
535 574
680 663
535 426
680 135
535 952
680 581
535 907
680 32
535 612
680 896
535 455
680 315
535 409
680 790
535 955
680 657
535 340
680 317
535 756
680 396
535 481
680 388
535 642
680 458
535 650
680 797
535 612
680 657
535 450
680 143
535 46
680 310
535 409
680 611
535 421
680 581
535 249
680 932
535 247
680 265
535 642
680 315
535 642
680 932
535 247
680 477
535 426
680 691
535 574
680 692
535 615
680 396
535 340
680 19
535 595
680 581
535 489
680 388
535 316
680 703
535 99
680 958
535 952
680 596
535 481
680 958
535 589
680 477
535 99
680 265
535 61
680 79
535 612
680 477
535 200
680 396
535 316
680 198
535 450
680 868
535 480
680 143
535 481
680 346
535 945
680 952
535 111
680 198
535 426
680 143
535 952
680 398
535 316
680 103
535 795
680 398
535 455
680 19
535 159
680 952
535 421
680 317
535 187
680 127
535 489
680 127
535 46
680 749
535 589
680 387
535 247
680 477
535 481
680 932
535 658
680 103
535 795
680 51
535 340
680 181
535 496
680 663
535 795
680 907
535 249
680 621
535 106
680 127
535 496
680 103
535 61
680 388
535 876
680 596
535 992
680 32
535 433
680 622
535 756
680 821
535 615
680 103
535 316
680 866
535 952
680 32
535 574
680 387
535 756
680 691
535 247
680 932
535 450
680 388
535 658
680 952
535 964
680 477
535 96
680 32
535 655
680 181
535 795
680 458
535 890
680 181
535 907
680 181
535 111
680 691
535 642
680 32
535 480
680 622
535 159
680 896
535 106
680 315
535 907
680 181
535 187
680 103
535 315
680 103
535 106
680 79
535 7
680 952
535 61
680 127
535 595
680 749
535 795
680 346
535 187
680 103
535 574
680 907
535 96
680 19
535 421
680 315
535 96
680 581
535 7
680 596
535 945
680 932
535 612
680 79
535 159
680 692
535 316
680 396
535 612
680 611
535 992
680 691
535 450
680 790
535 429
680 135
535 945
680 697
535 46
680 663
535 489
680 697
535 429
680 79
535 159
680 198
535 481
680 790
535 455
680 19
535 249
680 143
535 655
680 958
535 615
680 317
535 6
680 952
535 615
680 611
535 876
680 958
535 7
680 388
535 6
680 691
535 106
680 103
535 6
680 346
535 480
680 310
535 480
680 657
535 481
680 621
535 489
680 866
535 426
680 817
535 200
680 866
535 992
680 265
535 642
680 952
535 316
680 749
535 480
680 315
535 574
680 315
535 7
680 790
535 450
680 697
535 61
680 398
535 46
680 611
535 890
680 186
535 642
680 458
535 249
680 907
535 7
680 198
535 187
680 790
535 247
680 198
535 955
680 458
535 7
680 692
535 433
680 458
535 650
680 952
535 955
680 896
535 159
680 657
535 450
680 265
535 421
680 458
535 46
680 581
535 650
680 387
535 642
680 896
535 450
680 477
535 409
680 127
535 315
680 396
535 945
680 790
535 46
680 51
535 429
680 51
535 315
680 127
535 795
680 379
535 964
680 749
535 964
680 198
535 574
680 346
535 964
680 387
535 421
680 398
535 642
680 866
535 756
680 396
535 589
680 315
535 96
680 127
535 247
680 866
535 612
680 398
535 955
680 181
535 658
680 181
535 481
680 19
535 409
680 697
535 426
680 379
535 6
680 458
535 421
680 398
535 907
680 611
535 876
680 596
535 315
680 346
535 658
680 797
535 655
680 396
535 450
680 387
535 964
680 317
535 96
680 127
535 658
680 33
535 642
680 398
535 315
680 346
535 890
680 611
535 409
680 317
535 650
680 388
535 249
680 817
535 574
680 692
535 111
680 581
535 316
680 181
535 61
680 907
535 96
680 143
535 421
680 868
535 450
680 866
535 340
680 657
535 159
680 127
535 455
680 932
535 7
680 621
535 340
680 896
535 249
680 315
535 560
680 396
535 249
680 396
535 247
680 379
535 159
680 817
535 249
680 379
535 315
680 692
535 955
680 657
535 409
680 143
535 187
680 691
535 655
680 611
535 642
680 317
535 249
680 703
535 496
680 33
535 159
680 611
535 642
680 51
535 455
680 691
535 249
680 198
535 480
680 143
535 642
680 866
535 589
680 868
535 642
680 396
535 655
680 952
535 433
680 692
535 595
680 387
535 876
680 611
535 756
680 703
535 187
680 398
535 655
680 958
535 433
680 32
535 658
680 790
535 409
680 135
535 876
680 797
535 907
680 868
535 952
680 186
535 574
680 51
535 7
680 477
535 890
680 896
535 612
680 821
535 615
680 33
535 955
680 868
535 574
680 398
535 61
680 703
535 340
680 143
535 756
680 749
535 615
680 611
535 907
680 817
535 489
680 866
535 96
680 581
535 315
680 33
535 595
680 379
535 7
680 663
535 964
680 33
535 952
680 317
535 450
680 868
535 560
680 198
535 159
680 186
535 61
680 622
535 955
680 932
535 316
680 749
535 589
680 265
535 187
680 79
535 429
680 198
535 7
680 181
535 650
680 19
535 46
680 396
535 315
680 143
535 756
680 703
535 574
680 135
535 316
680 692
535 450
680 817
535 46
680 622
535 642
680 477
535 106
680 346
535 756
680 186
535 489
680 398
535 315
680 315
535 992
680 388
535 200
680 398
535 560
680 866
535 433
680 346
535 642
680 51
535 595
680 79
535 964
680 388
535 455
680 868
535 952
680 790
535 455
680 958
535 61
680 79
535 187
680 379
535 890
680 143
535 876
680 186
535 106
680 907
535 481
680 896
535 945
680 379
535 952
680 51
535 756
680 611
535 111
680 143
535 560
680 868
535 247
680 596
535 455
680 79
535 952
680 346
535 46
680 477
535 421
680 932
535 945
680 907
535 61
680 896
535 249
680 958
535 421
680 896
535 200
680 79
535 480
680 32
535 249
680 396
535 429
680 866
535 964
680 127
535 7
680 127
535 945
680 396
535 876
680 868
535 658
680 817
535 99
680 790
535 426
680 797
535 455
680 32
535 480
680 79
535 249
680 103
535 489
680 703
535 955
680 186
535 421
680 697
535 450
680 596
535 409
680 181
535 964
680 697
535 429
680 387
535 952
680 458
535 658
680 186
535 450
680 346
535 426
680 387
535 992
680 958
535 7
680 127
535 106
680 186
535 560
680 19
535 655
680 691
535 433
680 388
535 756
680 896
535 450
680 697
535 409
680 387
535 7
680 821
535 615
680 657
535 952
680 19
535 111
680 611
535 890
680 379
535 481
680 958
535 658
680 611
535 907
680 265
535 200
680 958
535 316
680 103
535 955
680 692
535 106
680 398
535 6
680 346
535 429
680 657
535 480
680 907
535 489
680 657
535 7
680 198
535 247
680 692
535 650
680 621
535 612
680 346
535 955
680 79
535 249
680 310
535 421
680 868
535 455
680 691
535 106
680 896
535 249
680 797
535 340
680 388
535 249
680 790
535 481
680 143
535 429
680 896
535 964
680 79
535 496
680 868
535 574
680 310
535 992
680 198
535 489
680 952
535 480
680 317
535 159
680 692
535 433
680 896
535 481
680 896
535 756
680 691
535 658
680 657
535 574
680 821
535 650
680 135
535 496
680 398
535 187
680 622
535 7
680 346
535 247
680 790
535 481
680 398
535 890
680 868
535 650
680 315
535 560
680 387
535 426
680 952
535 876
680 317
535 99
680 958
535 106
680 317
535 429
680 379
535 450
680 458
535 433
680 622
535 6
680 186
535 316
680 932
535 429
680 596
535 426
680 127
535 480
680 346
535 111
680 186
535 99
680 265
535 106
680 611
535 595
680 657
535 99
680 663
535 560
680 143
535 247
680 697
535 876
680 621
535 907
680 398
535 247
680 127
535 589
680 33
535 340
680 952
535 159
680 33
535 496
680 265
535 450
680 310
535 480
680 310
535 615
680 907
535 187
680 33
535 876
680 952
535 574
680 19
535 450
680 79
535 421
680 790
535 658
680 186
535 315
680 198
535 876
680 790
535 489
680 127
535 409
680 868
535 952
680 32
535 433
680 396
535 945
680 33
535 61
680 310
535 7
680 749
535 315
680 622
535 429
680 797
535 7
680 657
535 315
680 33
535 6
680 817
535 907
680 33
535 61
680 663
535 96
680 581
535 340
680 51
535 455
680 79
535 992
680 703
535 560
680 396
535 187
680 79
535 992
680 103
535 315
680 697
535 876
680 817
535 890
680 388
535 481
680 866
535 992
680 127
535 658
680 932
535 650
680 958
535 655
680 896
535 496
680 611
535 421
680 611
535 655
680 310
535 655
680 458
535 99
680 198
535 496
680 663
535 200
680 51
535 315
680 817
535 481
680 398
535 99
680 19
535 615
680 310
535 96
680 821
535 560
680 135
535 612
680 697
535 421
680 821
535 560
680 581
535 46
680 821
535 945
680 621
535 642
680 932
535 96
680 596
535 315
680 186
535 450
680 817
535 945
680 868
535 615
680 817
535 945
680 346
535 496
680 127
535 450
680 691
535 945
680 379
535 187
680 265
535 496
680 477
535 46
680 19
535 247
680 932
535 409
680 622
535 560
680 581
535 429
680 703
535 340
680 79
535 159
680 907
535 6
680 458
535 7
680 596
535 315
680 198
535 795
680 866
535 589
680 127
535 907
680 907
535 249
680 317
535 489
680 896
535 642
680 697
535 111
680 387
535 955
680 907
535 96
680 790
535 106
680 703
535 249
680 19
535 964
680 398
535 433
680 907
535 187
680 703
535 421
680 817
535 952
680 181
535 964
680 821
535 159
680 868
535 642
680 477
535 450
680 703
535 612
680 346
535 756
680 387
535 589
680 611
535 907
680 868
535 187
680 621
535 426
680 866
535 560
680 817
535 247
680 622
535 560
680 388
535 433
680 749
535 433
680 657
535 481
680 868
535 187
680 135
535 489
680 611
535 612
680 387
535 450
680 317
535 964
680 315
535 964
680 181
535 615
680 103
535 249
680 19
535 876
680 310
535 756
680 663
535 455
680 932
535 615
680 749
535 952
680 952
535 340
680 958
535 890
680 398
535 46
680 346
535 642
680 958
535 409
680 32
535 7
680 127
535 595
680 51
535 756
680 611
535 992
680 581
535 945
680 198
535 111
680 932
535 61
680 952
535 340
680 581
535 876
680 797
535 247
680 19
535 952
680 657
535 247
680 817
535 481
680 621
535 496
680 817
535 6
680 127
535 450
680 32
535 992
680 135
535 945
680 703
535 876
680 396
535 249
680 621
535 658
680 387
535 496
680 19
535 955
680 186
535 429
680 51
535 429
680 868
535 426
680 952
535 46
680 907
535 480
680 581
535 589
680 317
535 426
680 379
535 907
680 32
535 595
680 663
535 756
680 398
535 876
680 749
535 595
680 797
535 187
680 907
535 964
680 749
535 433
680 896
535 907
680 317
535 992
680 265
535 907
680 663
535 795
680 79
535 187
680 797
535 650
680 703
535 187
680 458
535 315
680 379
535 574
680 896
535 455
680 703
535 945
680 379
535 890
680 581
535 340
680 596
535 955
680 458
535 574
680 346
535 496
680 317
535 247
680 866
535 907
680 33
535 433
680 581
535 316
680 33
535 46
680 143
535 876
680 697
535 455
680 33
535 429
680 388
535 595
680 388
535 589
680 186
535 955
680 317
535 96
680 477
535 612
680 907
535 426
680 143
535 615
680 866
535 595
680 396
535 96
680 135
535 61
680 868
535 106
680 581
535 96
680 19
535 200
680 697
535 455
680 691
535 187
680 310
535 655
680 868
535 655
680 396
535 489
680 388
535 316
680 51
535 46
680 33
535 964
680 33
535 489
680 958
535 945
680 186
535 560
680 143
535 992
680 691
535 574
680 51
535 61
680 952
535 890
680 127
535 61
680 398
535 650
680 621
535 574
680 265
535 200
680 663
535 111
680 952
535 159
680 581
535 111
680 346
535 955
680 315
535 876
680 581
535 96
680 387
535 964
680 346
535 907
680 952
535 7
680 621
535 409
680 821
535 480
680 703
535 433
680 622
535 945
680 657
535 589
680 477
535 455
680 703
535 489
680 198
535 945
680 596
535 574
680 79
535 615
680 790
535 876
680 817
535 421
680 19
535 890
680 958
535 615
680 697
535 756
680 346
535 316
680 265
535 955
680 703
535 574
680 611
535 589
680 51
535 6
680 51
535 642
680 958
535 615
680 596
535 316
680 458
535 316
680 797
535 247
680 181
535 615
680 388
535 61
680 265
535 159
680 379
535 315
680 821
535 658
680 477
535 426
680 379
535 615
680 896
535 200
680 458
535 249
680 958
535 99
680 398
535 409
680 387
535 46
680 596
535 340
680 790
535 650
680 346
535 99
680 749
535 7
680 896
535 658
680 622
535 615
680 51
535 99
680 51
535 952
680 396
535 642
680 458
535 642
680 396
535 409
680 398
535 642
680 697
535 455
680 596
535 589
680 32
535 315
680 315
535 421
680 103
535 429
680 143
535 429
680 663
535 247
680 186
535 952
680 622
535 480
680 387
535 159
680 866
535 952
680 790
535 249
680 315
535 642
680 51
535 6
680 315
535 955
680 821
535 589
680 388
535 99
680 33
535 642
680 265
535 61
680 346
535 426
680 32
535 589
680 622
535 655
680 611
535 315
680 198
535 421
680 622
535 106
680 198
535 421
680 458
535 409
680 103
535 952
680 315
535 421
680 458
535 650
680 103
535 890
680 198
535 481
680 186
535 907
680 186
535 340
680 379
535 7
680 317
535 200
680 346
535 642
680 866
535 589
680 317
535 450
680 388
535 429
680 33
535 890
680 866
535 455
680 797
535 46
680 33
535 111
680 398
535 496
680 33
535 247
680 186
535 106
680 958
535 6
680 663
535 159
680 19
535 96
680 703
535 642
680 691
535 890
680 32
535 106
680 611
535 159
680 596
535 612
680 396
535 249
680 663
535 7
680 127
535 658
680 19
535 249
680 691
535 455
680 477
535 955
680 103
535 106
680 19
535 952
680 621
535 187
680 265
535 907
680 388
535 589
680 388
535 481
680 32
535 496
680 790
535 111
680 611
535 340
680 958
535 612
680 317
535 992
680 621
535 426
680 896
535 61
680 103
535 907
680 611
535 340
680 703
535 187
680 817
535 992
680 51
535 450
680 127
535 612
680 346
535 992
680 581
535 615
680 181
535 159
680 379
535 489
680 896
535 756
680 817
535 433
680 198
535 655
680 896
535 61
680 663
535 642
680 186
535 7
680 198
535 7
680 387
535 61
680 458
535 955
680 932
535 615
680 868
535 589
680 19
535 489
680 79
535 876
680 458
535 481
680 896
535 46
680 821
535 489
680 821
535 907
680 596
535 46
680 79
535 480
680 32
535 99
680 952
535 955
680 398
535 658
680 310
535 99
680 33
535 945
680 198
535 426
680 346
535 952
680 657
535 99
680 611
535 433
680 387
535 99
680 379
535 159
680 952
535 187
680 749
535 409
680 797
535 756
680 19
535 496
680 32
535 589
680 458
535 200
680 33
535 480
680 315
535 159
680 458
535 316
680 868
535 421
680 691
535 876
680 379
535 455
680 33
535 595
680 379
535 480
680 596
535 890
680 749
535 945
680 33
535 426
680 866
535 159
680 396
535 421
680 103
535 496
680 797
535 106
680 703
535 481
680 692
535 249
680 181
535 247
680 581
535 159
680 79
535 907
680 621
535 964
680 388
535 455
680 821
535 489
680 896
535 496
680 379
535 340
680 181
535 992
680 932
535 159
680 310
535 756
680 143
535 642
680 581
535 876
680 596
535 481
680 817
535 409
680 79
535 907
680 932
535 99
680 317
535 945
680 379
535 650
680 103
535 7
680 379
535 480
680 663
535 106
680 621
535 111
680 749
535 429
680 581
535 595
680 103
535 429
680 143
535 409
680 315
535 612
680 19
535 612
680 388
535 655
680 749
535 46
680 797
535 106
680 51
535 481
680 596
535 655
680 79
535 433
680 611
535 426
680 477
535 589
680 621
535 876
680 790
535 409
680 621
535 99
680 186
535 756
680 265
535 316
680 181
535 952
680 703
535 756
680 703
535 61
680 317
535 249
680 817
535 247
680 181
535 429
680 388
535 945
680 143
535 316
680 379
535 429
680 952
535 890
680 265
535 655
680 398
535 421
680 135
535 433
680 186
535 409
680 657
535 61
680 198
535 945
680 396
535 574
680 398
535 481
680 697
535 955
680 181
535 200
680 379
535 480
680 317
535 964
680 697
535 106
680 663
535 455
680 907
535 650
680 396
535 612
680 32
535 106
680 691
535 589
680 697
535 315
680 821
535 200
680 691
535 595
680 790
535 595
680 388
535 99
680 907
535 61
680 657
535 480
680 143
535 46
680 621
535 992
680 581
535 46
680 379
535 756
680 952
535 249
680 821
535 560
680 797
535 429
680 958
535 429
680 611
535 560
680 817
535 409
680 186
535 159
680 697
535 589
680 388
535 409
680 398
535 409
680 907
535 612
680 581
535 421
680 952
535 612
680 749
535 433
680 611
535 650
680 596
535 642
680 32
535 890
680 663
535 96
680 388
535 480
680 691
535 249
680 663
535 615
680 868
535 992
680 790
535 955
680 387
535 46
680 103
535 945
680 79
535 247
680 697
535 99
680 581
535 455
680 821
535 560
680 691
535 7
680 932
535 316
680 79
535 159
680 346
535 756
680 868
535 426
680 932
535 315
680 697
535 96
680 907
535 496
680 952
535 890
680 697
535 480
680 186
535 650
680 32
535 589
680 692
535 992
680 611
535 96
680 958
535 187
680 958
535 249
680 265
535 247
680 622
535 249
680 932
535 481
680 868
535 496
680 622
535 480
680 379
535 955
680 797
535 955
680 749
535 187
680 396
535 7
680 817
535 106
680 622
535 756
680 32
535 642
680 388
535 99
680 127
535 429
680 143
535 433
680 398
535 200
680 692
535 612
680 398
535 7
680 790
535 61
680 127
535 426
680 387
535 315
680 135
535 489
680 790
535 106
680 866
535 655
680 596
535 480
680 181
535 159
680 817
535 426
680 103
535 756
680 703
535 756
680 622
535 421
680 387
535 450
680 396
535 6
680 33
535 61
680 866
535 421
680 477
535 876
680 387
535 612
680 198
535 655
680 186
535 315
680 310
535 247
680 596
535 315
680 379
535 450
680 186
535 421
680 797
535 409
680 265
535 96
680 896
535 106
680 398
535 952
680 387
535 615
680 388
535 46
680 821
535 187
680 181
535 6
680 611
535 7
680 310
535 795
680 396
535 46
680 611
535 421
680 866
535 315
680 310
535 876
680 398
535 46
680 932
535 6
680 310
535 46
680 33
535 907
680 186
535 574
680 817
535 642
680 143
535 200
680 32
535 315
680 691
535 574
680 143
535 46
680 703
535 496
680 379
535 96
680 317
535 46
680 663
535 96
680 127
535 7
680 703
535 574
680 458
535 409
680 396
535 99
680 596
535 99
680 317
535 496
680 181
535 642
680 797
535 96
680 952
535 480
680 581
535 574
680 79
535 421
680 821
535 589
680 477
535 99
680 749
535 560
680 896
535 481
680 691
535 111
680 181
535 426
680 317
535 96
680 32
535 756
680 379
535 574
680 596
535 876
680 477
535 426
680 907
535 589
680 692
535 106
680 657
535 7
680 103
535 952
680 817
535 650
680 932
535 249
680 697
535 96
680 265
535 450
680 691
535 560
680 127
535 952
680 952
535 876
680 315
535 200
680 103
535 99
680 611
535 481
680 19
535 159
680 33
535 455
680 477
535 952
680 622
535 574
680 186
535 945
680 958
535 481
680 310
535 433
680 79
535 409
680 103
535 574
680 198
535 106
680 398
535 450
680 398
535 876
680 611
535 560
680 868
535 421
680 749
535 340
680 265
535 589
680 19
535 421
680 19
535 496
680 821
535 159
680 135
535 907
680 790
535 315
680 33
535 890
680 703
535 615
680 33
535 249
680 657
535 96
680 477
535 111
680 32
535 756
680 596
535 455
680 692
535 316
680 611
535 612
680 749
535 496
680 387
535 952
680 866
535 945
680 611
535 658
680 581
535 560
680 958
535 6
680 691
535 61
680 896
535 890
680 657
535 756
680 581
535 756
680 692
535 429
680 181
535 560
680 135
535 187
680 51
535 955
680 32
535 655
680 396
535 795
680 958
535 560
680 51
535 595
680 817
535 658
680 198
535 247
680 398
535 61
680 621
535 481
680 790
535 955
680 477
535 907
680 958
535 574
680 103
535 433
680 697
535 7
680 749
535 658
680 181
535 159
680 868
535 795
680 135
535 249
680 346
535 96
680 32
535 480
680 19
535 6
680 458
535 200
680 663
535 964
680 817
535 61
680 691
535 658
680 790
535 455
680 310
535 433
680 896
535 876
680 458
535 650
680 622
535 6
680 388
535 560
680 198
535 615
680 317
535 340
680 691
535 595
680 51
535 409
680 33
535 955
680 143
535 589
680 790
535 96
680 622
535 429
680 198
535 450
680 621
535 650
680 581
535 955
680 596
535 106
680 797
535 955
680 749
535 489
680 797
535 496
680 79
535 655
680 958
535 612
680 32
535 249
680 866
535 247
680 622
535 964
680 691
535 316
680 952
535 574
680 622
535 795
680 310
535 409
680 310
535 315
680 310
535 795
680 387
535 795
680 657
535 433
680 932
535 589
680 477
535 615
680 622
535 612
680 181
535 945
680 896
535 612
680 143
535 429
680 907
535 249
680 265
535 907
680 19
535 489
680 398
535 612
680 317
535 655
680 458
535 650
680 932
535 876
680 703
535 433
680 896
535 795
680 896
535 106
680 691
535 658
680 387
535 907
680 477
535 907
680 315
535 7
680 621
535 99
680 79
535 595
680 703
535 907
680 657
535 247
680 790
535 200
680 896
535 595
680 657
535 876
680 265
535 650
680 346
535 890
680 388
535 955
680 346
535 907
680 692
535 612
680 817
535 46
680 198
535 890
680 143
535 890
680 379
535 7
680 398
535 945
680 79
535 480
680 691
535 589
680 181
535 315
680 315
535 964
680 33
535 315
680 821
535 795
680 477
535 480
680 621
535 589
680 622
535 876
680 79
535 612
680 315
535 952
680 346
535 952
680 868
535 106
680 387
535 46
680 32
535 612
680 388
535 955
680 907
535 61
680 265
535 642
680 596
535 650
680 396
535 650
680 697
535 46
680 186
535 159
680 691
535 658
680 388
535 159
680 181
535 890
680 703
535 96
680 657
535 952
680 692
535 642
680 821
535 159
680 790
535 876
680 379
535 61
680 396
535 496
680 143
535 480
680 663
535 589
680 387
535 756
680 790
535 642
680 181
535 955
680 692
535 6
680 932
535 6
680 896
535 159
680 198
535 658
680 749
535 46
680 458
535 658
680 821
535 489
680 398
535 952
680 477
535 99
680 477
535 945
680 958
535 655
680 663
535 340
680 315
535 340
680 596
535 106
680 79
535 409
680 697
535 615
680 697
535 99
680 790
535 655
680 315
535 409
680 398
535 480
680 621
535 655
680 458
535 589
680 952
535 480
680 596
535 247
680 817
535 574
680 181
535 96
680 127
535 480
680 749
535 952
680 790
535 6
680 388
535 7
680 896
535 612
680 477
535 560
680 310
535 595
680 692
535 96
680 790
535 409
680 692
535 200
680 398
535 433
680 797
535 964
680 932
535 658
680 346
535 574
680 691
535 340
680 657
535 426
680 198
535 316
680 79
535 6
680 186
535 658
680 315
535 595
680 458
535 655
680 621
535 496
680 198
535 187
680 135
535 96
680 663
535 481
680 396
535 650
680 866
535 574
680 127
535 756
680 388
535 642
680 817
535 574
680 749
535 433
680 596
535 96
680 186
535 340
680 379
535 249
680 19
535 99
680 387
535 907
680 310
535 111
680 932
535 426
680 265
535 480
680 868
535 945
680 611
535 560
680 932
535 426
680 310
535 489
680 596
535 650
680 621
535 876
680 611
535 952
680 749
535 481
680 315
535 96
680 952
535 61
680 51
535 595
680 33
535 106
680 692
535 247
680 19
535 7
680 932
535 560
680 866
535 429
680 790
535 450
680 388
535 111
680 135
535 945
680 749
535 316
680 477
535 249
680 387
535 316
680 703
535 496
680 477
535 200
680 596
535 589
680 749
535 952
680 749
535 589
680 346
535 455
680 387
535 450
680 127
535 340
680 691
535 489
680 691
535 642
680 396
535 340
680 388
535 315
680 379
535 890
680 379
535 340
680 346
535 7
680 143
535 249
680 866
535 111
680 868
535 480
680 317
535 658
680 622
535 496
680 477
535 489
680 388
535 560
680 691
535 61
680 103
535 6
680 611
535 200
680 51
535 247
680 866
535 106
680 581
535 992
680 388
535 106
680 315
535 658
680 33
535 315
680 691
535 61
680 958
535 795
680 611
535 595
680 186
535 7
680 143
535 200
680 692
535 992
680 398
535 99
680 817
535 316
680 477
535 642
680 581
535 890
680 32
535 7
680 387
535 489
680 692
535 429
680 387
535 945
680 310
535 876
680 958
535 574
680 135
535 340
680 33
535 340
680 907
535 480
680 958
535 756
680 181
535 6
680 958
535 99
680 663
535 7
680 387
535 315
680 896
535 111
680 477
535 46
680 749
535 111
680 703
535 200
680 622
535 99
680 265
535 612
680 866
535 756
680 458
535 890
680 387
535 650
680 657
535 481
680 581
535 615
680 346
535 642
680 907
535 876
680 387
535 429
680 692
535 450
680 379
535 952
680 51
535 106
680 817
535 795
680 821
535 61
680 79
535 907
680 866
535 99
680 315
535 200
680 310
535 455
680 135
535 99
680 821
535 7
680 458
535 46
680 596
535 992
680 143
535 964
680 477
535 890
680 622
535 187
680 346
535 421
680 458
535 421
680 379
535 111
680 958
535 200
680 691
535 481
680 379
535 187
680 868
535 615
680 749
535 481
680 621
535 61
680 621
535 955
680 33
535 589
680 143
535 595
680 907
535 316
680 868
535 106
680 657
535 756
680 596
535 964
680 896
535 61
680 135
535 340
680 821
535 658
680 317
535 409
680 135
535 99
680 932
535 6
680 697
535 589
680 958
535 595
680 821
535 249
680 51
535 595
680 127
535 340
680 477
535 955
680 198
535 111
680 379
535 409
680 697
535 96
680 315
535 200
680 797
535 429
680 398
535 340
680 143
535 187
680 821
535 945
680 868
535 658
680 33
535 99
680 866
535 945
680 387
535 187
680 907
535 450
680 868
535 96
680 622
535 945
680 198
535 106
680 265
535 890
680 19
535 316
680 398
535 612
680 79
535 560
680 181
535 315
680 932
535 964
680 663
535 6
680 32
535 99
680 932
535 340
680 396
535 249
680 79
535 952
680 186
535 650
680 379
535 496
680 398
535 315
680 379
535 409
680 379
535 560
680 797
535 429
680 703
535 574
680 692
535 315
680 33
535 589
680 135
535 187
680 265
535 455
680 790
535 615
680 135
535 595
680 265
535 450
680 896
535 96
680 33
535 450
680 127
535 481
680 663
535 111
680 692
535 615
680 396
535 964
680 866
535 876
680 622
535 426
680 797
535 421
680 703
535 480
680 749
535 61
680 33
535 421
680 310
535 159
680 797
535 952
680 596
535 106
680 697
535 249
680 396
535 496
680 657
535 876
680 896
535 890
680 346
535 658
680 198
535 247
680 127
535 426
680 127
535 187
680 388
535 612
680 396
535 159
680 143
535 61
680 379
535 159
680 346
535 642
680 797
535 450
680 697
535 655
680 896
535 480
680 186
535 560
680 692
535 455
680 703
535 496
680 396
535 426
680 458
535 496
680 315
535 187
680 198
535 658
680 458
535 658
680 388
535 907
680 611
535 421
680 581
535 615
680 32
535 455
680 135
535 658
680 749
535 612
680 952
535 650
680 379
535 6
680 866
535 615
680 19
535 61
680 697
535 589
680 398
535 876
680 32
535 111
680 821
535 650
680 143
535 560
680 186
535 642
680 346
535 111
680 315
535 455
680 388
535 6
680 817
535 433
680 388
535 589
680 458
535 560
680 346
535 450
680 186
535 955
680 387
535 480
680 581
535 955
680 379
535 876
680 51
535 595
680 697
535 96
680 821
535 61
680 32
535 496
680 346
535 99
680 79
535 421
680 821
535 247
680 581
535 426
680 692
535 955
680 907
535 655
680 663
535 574
680 127
535 340
680 797
535 96
680 265
535 650
680 932
535 876
680 611
535 455
680 379
535 481
680 868
535 658
680 135
535 992
680 127
535 945
680 477
535 409
680 143
535 480
680 198
535 111
680 703
535 455
680 79
535 455
680 32
535 650
680 198
535 316
680 581
535 890
680 896
535 795
680 477
535 159
680 596
535 650
680 33
535 455
680 79
535 876
680 79
535 589
680 622
535 907
680 797
535 159
680 621
535 642
680 952
535 756
680 103
535 455
680 749
535 890
680 703
535 340
680 387
535 964
680 821
535 111
680 103
535 7
680 19
535 480
680 19
535 945
680 315
535 496
680 703
535 200
680 866
535 964
680 797
535 964
680 596
535 455
680 32
535 159
680 265
535 615
680 581
535 315
680 135
535 612
680 866
535 952
680 581
535 96
680 868
535 945
680 958
535 612
680 33
535 655
680 103
535 655
680 387
535 247
680 19
535 560
680 749
535 421
680 135
535 159
680 621
535 46
680 697
535 187
680 317
535 615
680 691
535 658
680 817
535 46
680 396
535 200
680 797
535 421
680 186
535 315
680 32
535 612
680 181
535 955
680 952
535 992
680 703
535 450
680 33
535 187
680 868
535 421
680 868
535 890
680 691
535 952
680 703
535 992
680 907
535 574
680 621
535 642
680 477
535 650
680 51
535 907
680 32
535 658
680 657
535 111
680 103
535 6
680 817
535 315
680 317
535 650
680 79
535 481
680 596
535 658
680 621
535 964
680 135
535 99
680 866
535 429
680 657
535 615
680 932
535 6
680 611
535 642
680 143
535 992
680 703
535 655
680 596
535 426
680 317
535 426
680 866
535 6
680 103
535 106
680 821
535 450
680 932
535 574
680 33
535 46
680 932
535 6
680 181
535 650
680 749
535 96
680 346
535 111
680 932
535 247
680 32
535 992
680 51
535 409
680 19
535 481
680 51
535 589
680 186
535 489
680 315
535 574
680 32
535 433
680 703
535 658
680 396
535 429
680 896
535 455
680 790
535 574
680 821
535 612
680 797
535 650
680 198
535 952
680 379
535 890
680 51
535 945
680 790
535 426
680 79
535 187
680 186
535 46
680 458
535 574
680 692
535 589
680 611
535 421
680 692
535 481
680 896
535 876
680 703
535 589
680 749
535 945
680 932
535 907
680 621
535 247
680 379
535 6
680 817
535 890
680 379
535 200
680 51
535 658
680 398
535 642
680 663
535 574
680 697
535 615
680 346
535 315
680 663
535 316
680 181
535 795
680 396
535 955
680 621
535 106
680 692
535 429
680 135
535 247
680 896
535 426
680 932
535 96
680 691
535 455
680 135
535 340
680 790
535 480
680 703
535 952
680 611
535 340
680 346
535 496
680 315
535 907
680 477
535 159
680 866
535 46
680 657
535 489
680 958
535 99
680 103
535 247
680 398
535 450
680 143
535 952
680 691
535 574
680 932
535 560
680 103
535 340
680 79
535 46
680 703
535 421
680 398
535 615
680 198
535 756
680 749
535 481
680 663
535 187
680 32
535 481
680 817
535 96
680 317
535 111
680 396
535 595
680 79
535 907
680 32
535 61
680 379
535 756
680 181
535 159
680 379
535 46
680 663
535 756
680 317
535 106
680 797
535 450
680 103
535 658
680 33
535 159
680 790
535 876
680 703
535 907
680 265
535 315
680 621
535 890
680 33
535 455
680 387
535 455
680 181
535 99
680 611
535 992
680 458
535 187
680 611
535 200
680 387
535 247
680 692
535 964
680 697
535 955
680 703
535 655
680 387
535 650
680 622
535 450
680 821
535 96
680 103
535 612
680 265
535 429
680 691
535 795
680 749
535 106
680 692
535 595
680 181
535 945
680 388
535 574
680 19
535 560
680 907
535 455
680 697
535 433
680 315
535 480
680 622
535 481
680 398
535 907
680 181
535 489
680 657
535 46
680 797
535 106
680 387
535 247
680 458
535 560
680 932
535 658
680 817
535 316
680 186
535 964
680 581
535 658
680 346
535 595
680 691
535 7
680 33
535 964
680 581
535 756
680 692
535 945
680 51
535 574
680 868
535 315
680 622
535 574
680 19
535 46
680 663
535 159
680 932
535 433
680 388
535 658
680 477
535 907
680 32
535 955
680 379
535 612
680 379
535 560
680 458
535 650
680 691
535 642
680 657
535 455
680 398
535 450
680 657
535 426
680 19
535 992
680 186
535 560
680 379
535 955
680 596
535 795
680 310
535 316
680 398
535 955
680 315
535 658
680 896
535 249
680 817
535 455
680 703
535 615
680 657
535 964
680 379
535 429
680 790
535 496
680 388
535 99
680 315
535 7
680 379
535 159
680 379
535 429
680 103
535 455
680 379
535 560
680 817
535 61
680 703
535 574
680 79
535 409
680 821
535 574
680 581
535 964
680 387
535 481
680 379
535 7
680 866
535 907
680 32
535 964
680 958
535 159
680 19
535 99
680 388
535 315
680 952
535 450
680 657
535 106
680 703
535 481
680 703
535 61
680 135
535 96
680 51
535 612
680 458
535 96
680 657
535 200
680 387
535 756
680 181
535 200
680 387
535 945
680 581
535 658
680 103
535 450
680 33
535 450
680 398
535 249
680 315
535 159
680 596
535 433
680 19
535 247
680 265
535 560
680 692
535 106
680 198
535 433
680 398
535 589
680 703
535 589
680 315
535 7
680 32
535 955
680 181
535 316
680 958
535 6
680 817
535 642
680 691
535 952
680 868
535 795
680 398
535 433
680 310
535 489
680 265
535 6
680 387
535 426
680 198
535 655
680 51
535 6
680 396
535 340
680 866
535 992
680 817
535 111
680 932
535 589
680 896
535 106
680 663
535 111
680 821
535 642
680 896
535 46
680 51
535 615
680 703
535 964
680 691
535 106
680 868
535 795
680 32
535 955
680 458
535 159
680 697
535 658
680 622
535 106
680 477
535 650
680 868
535 655
680 143
535 992
680 79
535 99
680 657
535 481
680 817
535 489
680 790
535 890
680 797
535 955
680 33
535 955
680 790
535 6
680 896
535 433
680 186
535 421
680 958
535 429
680 821
535 111
680 79
535 589
680 181
535 429
680 692
535 589
680 821
535 315
680 317
535 650
680 51
535 642
680 866
535 6
680 749
535 421
680 387
535 187
680 797
535 106
680 907
535 615
680 315
535 6
680 821
535 642
680 32
535 316
680 692
535 200
680 622
535 992
680 51
535 455
680 596
535 655
680 817
535 595
680 621
535 7
680 703
535 426
680 790
535 249
680 346
535 421
680 127
535 7
680 896
535 455
680 817
535 650
680 51
535 907
680 691
535 589
680 821
535 426
680 691
535 429
680 611
535 481
680 477
535 615
680 697
535 249
680 33
535 642
680 596
535 574
680 622
535 612
680 621
535 316
680 896
535 890
680 611
535 316
680 19
535 429
680 907
535 955
680 143
535 642
680 379
535 907
680 622
535 795
680 692
535 992
680 866
535 595
680 379
535 642
680 398
535 433
680 398
535 658
680 477
535 409
680 127
535 650
680 398
535 489
680 388
535 560
680 749
535 315
680 932
535 615
680 749
535 455
680 790
535 595
680 135
535 61
680 477
535 615
680 379
535 7
680 317
535 655
680 790
535 433
680 186
535 615
680 387
535 46
680 958
535 316
680 958
535 450
680 387
535 560
680 33
535 200
680 379
535 409
680 135
535 612
680 896
535 96
680 186
535 429
680 958
535 658
680 143
535 480
680 51
535 106
680 611
535 249
680 396
535 992
680 379
535 658
680 388
535 96
680 821
535 945
680 396
535 96
680 265
535 7
680 127
535 890
680 19
535 489
680 317
535 952
680 611
535 46
680 127
535 426
680 821
535 612
680 477
535 612
680 310
535 595
680 703
535 795
680 32
535 111
680 797
535 159
680 310
535 650
680 51
535 955
680 797
535 481
680 866
535 574
680 33
535 106
680 127
535 409
680 868
535 795
680 932
535 952
680 697
535 426
680 310
535 426
680 691
535 595
680 135
535 426
680 79
535 187
680 33
535 200
680 135
535 795
680 611
535 159
680 596
535 655
680 346
535 658
680 388
535 496
680 692
535 955
680 396
535 7
680 868
535 7
680 663
535 340
680 907
535 642
680 866
535 589
680 379
535 658
680 868
535 426
680 622
535 574
680 33
535 46
680 817
535 655
680 379
535 249
680 907
535 409
680 703
535 945
680 387
535 159
680 896
535 876
680 691
535 992
680 958
535 795
680 143
535 655
680 346
535 106
680 611
535 46
680 896
535 650
680 198
535 655
680 396
535 642
680 622
535 615
680 790
535 642
680 621
535 907
680 265
535 795
680 622
535 480
680 691
535 890
680 317
535 496
680 697
535 111
680 817
535 340
680 346
535 795
680 697
535 96
680 388
535 247
680 79
535 7
680 388
535 433
680 907
535 650
680 127
535 187
680 79
535 489
680 611
535 642
680 952
535 61
680 186
535 952
680 663
535 642
680 697
535 409
680 868
535 642
680 33
535 795
680 611
535 890
680 103
535 964
680 703
535 433
680 310
535 159
680 697
535 187
680 458
535 46
680 265
535 409
680 581
535 480
680 621
535 99
680 622
535 574
680 866
535 455
680 135
535 340
680 265
535 6
680 315
535 612
680 143
535 642
680 19
535 426
680 797
535 111
680 198
535 200
680 379
535 200
680 797
535 481
680 749
535 907
680 317
535 655
680 135
535 955
680 663
535 455
680 952
535 574
680 611
535 489
680 868
535 496
680 33
535 489
680 896
535 316
680 790
535 340
680 398
535 615
680 186
535 61
680 186
535 409
680 310
535 96
680 790
535 574
680 596
535 249
680 821
535 642
680 127
535 489
680 387
535 574
680 952
535 481
680 379
535 450
680 790
535 455
680 749
535 945
680 866
535 496
680 657
535 655
680 611
535 481
680 896
535 187
680 79
535 642
680 703
535 642
680 265
535 876
680 198
535 876
680 790
535 955
680 952
535 249
680 310
535 433
680 315
535 61
680 932
535 890
680 387
535 421
680 265
535 409
680 790
535 159
680 692
535 574
680 51
535 200
680 896
535 658
680 127
535 6
680 265
535 421
680 32
535 574
680 817
535 574
680 749
535 481
680 388
535 249
680 33
535 6
680 866
535 574
680 458
535 964
680 622
535 589
680 398
535 7
680 19
535 945
680 958
535 46
680 19
535 876
680 817
535 455
680 198
535 496
680 51
535 945
680 790
535 159
680 135
535 595
680 388
535 159
680 907
535 99
680 907
535 876
680 310
535 61
680 198
535 46
680 581
535 589
680 458
535 187
680 817
535 574
680 697
535 247
680 346
535 658
680 103
535 450
680 79
535 890
680 33
535 658
680 143
535 111
680 952
535 642
680 103
535 489
680 186
535 890
680 790
535 187
680 387
535 316
680 398
535 99
680 821
535 612
680 32
535 574
680 135
535 964
680 32
535 992
680 387
535 955
680 907
535 6
680 388
535 890
680 958
535 756
680 596
535 249
680 32
535 907
680 611
535 481
680 127
535 46
680 127
535 429
680 817
535 595
680 317
535 890
680 379
535 952
680 127
535 952
680 821
535 61
680 817
535 795
680 315
535 46
680 265
535 111
680 692
535 200
680 310
535 99
680 396
535 574
680 198
535 421
680 932
535 655
680 346
535 429
680 51
535 650
680 103
535 409
680 896
535 450
680 186
535 574
680 691
535 159
680 265
535 655
680 346
535 99
680 315
535 247
680 817
535 589
680 458
535 6
680 611
535 756
680 315
535 61
680 346
535 340
680 691
535 200
680 186
535 642
680 398
535 159
680 581
535 658
680 32
535 340
680 379
535 655
680 379
535 315
680 265
535 595
680 310
535 795
680 697
535 589
680 896
535 426
680 477
535 480
680 866
535 450
680 265
535 952
680 749
535 489
680 817
535 315
680 346
535 7
680 51
535 421
680 198
535 315
680 32
535 429
680 611
535 426
680 19
535 99
680 458
535 642
680 198
535 96
680 387
535 7
680 387
535 612
680 265
535 200
680 932
535 595
680 198
535 650
680 317
535 7
680 958
535 595
680 51
535 955
680 458
535 46
680 19
535 6
680 396
535 574
680 797
535 249
680 458
535 249
680 317
535 200
680 51
535 589
680 387
535 409
680 458
535 489
680 703
535 612
680 103
535 496
680 198
535 595
680 19
535 595
680 821
535 315
680 692
535 409
680 703
535 481
680 703
535 595
680 697
535 489
680 622
535 481
680 79
535 756
680 703
535 560
680 315
535 421
680 657
535 964
680 310
535 6
680 51
535 574
680 181
535 200
680 797
535 106
680 135
535 795
680 611
535 589
680 379
535 945
680 310
535 952
680 181
535 106
680 398
535 200
680 198
535 489
680 387
535 955
680 317
535 7
680 896
535 489
680 692
535 890
680 346
535 589
680 790
535 429
680 821
535 907
680 32
535 111
680 622
535 964
680 896
535 612
680 19
535 655
680 127
535 187
680 19
535 96
680 387
535 945
680 379
535 455
680 19
535 650
680 51
535 409
680 621
535 795
680 398
535 795
680 692
535 247
680 19
535 612
680 817
535 159
680 32
535 316
680 596
535 496
680 458
535 955
680 868
535 450
680 398
535 650
680 896
535 574
680 310
535 907
680 663
535 450
680 388
535 316
680 388
535 249
680 958
535 99
680 697
535 247
680 657
535 7
680 458
535 61
680 379
535 187
680 821
535 200
680 32
535 655
680 621
535 655
680 817
535 96
680 622
535 615
680 388
535 187
680 396
535 658
680 315
535 489
680 817
535 247
680 143
535 589
680 458
535 450
680 198
535 655
680 657
535 247
680 692
535 955
680 181
535 589
680 817
535 159
680 868
535 992
680 932
535 964
680 135
535 658
680 127
535 111
680 51
535 340
680 692
535 612
680 346
535 340
680 866
535 560
680 317
535 876
680 621
535 187
680 932
535 658
680 797
535 340
680 181
535 433
680 19
535 589
680 32
535 560
680 186
535 795
680 703
535 574
680 19
535 455
680 396
535 496
680 79
535 615
680 952
535 111
680 398
535 455
680 697
535 907
680 657
535 421
680 703
535 426
680 868
535 650
680 657
535 159
680 896
535 247
680 611
535 315
680 387
535 247
680 181
535 426
680 581
535 992
680 611
535 489
680 703
535 615
680 265
535 450
680 33
535 964
680 198
535 952
680 866
535 574
680 866
535 650
680 135
535 589
680 186
535 61
680 315
535 200
680 458
535 6
680 477
535 595
680 186
535 952
680 866
535 106
680 817
535 642
680 135
535 955
680 697
535 615
680 611
535 200
680 896
535 907
680 32
535 890
680 398
535 481
680 396
535 450
680 703
535 46
680 866
535 6
680 186
535 496
680 79
535 61
680 703
535 655
680 181
535 315
680 596
535 99
680 477
535 481
680 657
535 61
680 19
535 481
680 821
535 409
680 663
535 187
680 611
535 595
680 596
535 574
680 907
535 795
680 622
535 200
680 135
535 7
680 866
535 952
680 396
535 952
680 932
535 200
680 749
535 655
680 896
535 907
680 797
535 795
680 657
535 890
680 596
535 756
680 663
535 795
680 135
535 159
680 103
535 496
680 596
535 316
680 32
535 595
680 396
535 964
680 79
535 46
680 379
535 658
680 315
535 890
680 19
535 433
680 186
535 658
680 596
535 455
680 379
535 316
680 866
535 574
680 135
535 429
680 581
535 111
680 315
535 612
680 33
535 952
680 958
535 992
680 135
535 315
680 32
535 890
680 952
535 964
680 896
535 46
680 952
535 964
680 581
535 964
680 958
535 560
680 32
535 340
680 103
535 945
680 181
535 61
680 32
535 615
680 692
535 795
680 817
535 46
680 135
535 433
680 817
535 409
680 907
535 595
680 797
535 99
680 458
535 496
680 703
535 658
680 346
535 658
680 790
535 589
680 398
535 7
680 790
535 187
680 907
535 964
680 611
535 756
680 790
535 249
680 697
535 106
680 697
535 964
680 317
535 61
680 622
535 159
680 797
535 890
680 315
535 650
680 379
535 756
680 790
535 890
680 32
535 426
680 663
535 96
680 186
535 589
680 396
535 574
680 51
535 421
680 868
535 612
680 868
535 496
680 396
535 247
680 33
535 756
680 692
535 945
680 265
535 316
680 691
535 480
680 691
535 315
680 265
535 952
680 697
535 964
680 958
535 756
680 663
535 890
680 817
535 615
680 477
535 955
680 103
535 46
680 33
535 655
680 581
535 421
680 181
535 481
680 691
535 409
680 33
535 496
680 817
535 99
680 346
535 46
680 817
535 907
680 866
535 429
680 952
535 6
680 703
535 795
680 596
535 658
680 703
535 481
680 749
535 433
680 396
535 489
680 866
535 489
680 797
535 421
680 477
535 650
680 817
535 907
680 379
535 489
680 51
535 450
680 821
535 481
680 51
535 955
680 958
535 6
680 477
535 612
680 958
535 615
680 398
535 409
680 907
535 756
680 692
535 560
680 663
535 595
680 198
535 658
680 907
535 480
680 907
535 433
680 581
535 595
680 398
535 7
680 821
535 6
680 952
535 655
680 932
535 612
680 692
535 615
680 396
535 200
680 32
535 450
680 143
535 61
680 952
535 650
680 186
535 480
680 868
535 756
680 611
535 658
680 103
535 658
680 866
535 496
680 396
535 61
680 143
535 992
680 611
535 658
680 315
535 955
680 868
535 560
680 103
535 964
680 697
535 612
680 379
535 426
680 866
535 560
680 265
535 316
680 797
535 187
680 79
535 907
680 379
535 481
680 79
535 46
680 135
535 795
680 181
535 955
680 821
535 795
680 143
535 421
680 265
535 6
680 51
535 658
680 896
535 426
680 703
535 945
680 868
535 945
680 181
535 481
680 691
535 945
680 477
535 642
680 790
535 187
680 396
535 200
680 396
535 450
680 396
535 450
680 458
535 589
680 896
535 560
680 797
535 433
680 379
535 61
680 817
535 200
680 387
535 480
680 396
535 421
680 692
535 46
680 317
535 450
680 581
535 316
680 821
535 945
680 127
535 433
680 51
535 489
680 663
535 945
680 315
535 200
680 797
535 200
680 33
535 650
680 388
535 496
680 398
535 560
680 657
535 249
680 198
535 952
680 103
535 96
680 797
535 658
680 181
535 481
680 596
535 560
680 265
535 61
680 692
535 955
680 51
535 756
680 198
535 945
680 396
535 409
680 621
535 455
680 697
535 96
680 388
535 574
680 896
535 489
680 32
535 595
680 663
535 615
680 657
535 481
680 866
535 450
680 317
535 795
680 32
535 955
680 346
535 187
680 621
535 46
680 198
535 450
680 458
535 421
680 143
535 658
680 790
535 595
680 135
535 433
680 821
535 964
680 797
535 61
680 691
535 589
680 797
535 756
680 79
535 876
680 866
535 655
680 477
535 658
680 317
535 481
680 33
535 964
680 79
535 61
680 458
535 421
680 797
535 658
680 198
535 159
680 315
535 480
680 797
535 187
680 33
535 955
680 749
535 795
680 692
535 574
680 692
535 249
680 657
535 159
680 265
535 159
680 697
535 61
680 477
535 589
680 198
535 61
680 398
535 340
680 396
535 187
680 790
535 247
680 821
535 955
680 790
535 247
680 868
535 655
680 907
535 200
680 265
535 574
680 103
535 455
680 596
535 955
680 32
535 756
680 821
535 409
680 186
535 96
680 866
535 650
680 135
535 433
680 622
535 489
680 907
535 496
680 703
535 433
680 346
535 409
680 315
535 450
680 477
535 247
680 691
535 907
680 691
535 650
680 896
535 615
680 477
535 200
680 817
535 421
680 932
535 247
680 477
535 111
680 135
535 756
680 868
535 756
680 868
535 7
680 143
535 111
680 458
535 945
680 186
535 106
680 127
535 589
680 958
535 655
680 932
535 61
680 952
535 964
680 398
535 890
680 896
535 315
680 932
535 99
680 692
535 409
680 596
535 876
680 691
535 595
680 663
535 642
680 611
535 574
680 346
535 426
680 387
535 7
680 703
535 455
680 703
535 455
680 346
535 890
680 932
535 46
680 821
535 46
680 143
535 876
680 797
535 315
680 952
535 907
680 596
535 589
680 797
535 650
680 958
535 409
680 657
535 489
680 458
535 655
680 379
535 589
680 346
535 316
680 596
535 589
680 797
535 612
680 697
535 612
680 32
535 658
680 477
535 96
680 181
535 200
680 692
535 200
680 932
535 952
680 135
535 450
680 181
535 756
680 396
535 795
680 79
535 247
680 907
535 615
680 51
535 421
680 691
535 650
680 379
535 655
680 51
535 426
680 866
535 945
680 186
535 589
680 958
535 6
680 896
535 890
680 265
535 421
680 958
535 455
680 346
535 7
680 932
535 650
680 581
535 409
680 181
535 99
680 749
535 249
680 346
535 61
680 581
535 421
680 315
535 249
680 135
535 409
680 346
535 658
680 186
535 409
680 932
535 99
680 317
535 249
680 866
535 46
680 817
535 945
680 817
535 61
680 952
535 480
680 692
535 450
680 135
535 655
680 692
535 496
680 611
535 111
680 458
535 61
680 398
535 450
680 866
535 249
680 896
535 945
680 611
535 655
680 143
535 658
680 198
535 658
680 657
535 496
680 198
535 964
680 387
535 876
680 581
535 655
680 398
535 907
680 458
535 574
680 388
535 574
680 387
535 756
680 398
535 187
680 317
535 615
680 907
535 455
680 749
535 316
680 477
535 650
680 611
535 46
680 51
535 595
680 896
535 890
680 958
535 890
680 477
535 429
680 790
535 496
680 103
535 489
680 315
535 481
680 581
535 756
680 907
535 96
680 703
535 426
680 657
535 489
680 388
535 642
680 198
535 106
680 621
535 642
680 265
535 159
680 398
535 46
680 657
535 96
680 388
535 612
680 907
535 615
680 596
535 876
680 387
535 455
680 868
535 96
680 817
535 433
680 346
535 111
680 33
535 96
680 958
535 61
680 749
535 612
680 868
535 992
680 952
535 46
680 127
535 455
680 907
535 612
680 692
535 409
680 896
535 6
680 697
535 433
680 692
535 574
680 387
535 187
680 51
535 46
680 387
535 61
680 315
535 247
680 907
535 249
680 932
535 876
680 388
535 429
680 611
535 61
680 611
535 756
680 790
535 574
680 622
535 316
680 749
535 61
680 896
535 6
680 458
535 7
680 379
535 952
680 32
535 964
680 821
535 249
680 866
535 489
680 657
535 187
680 581
535 433
680 186
535 480
680 186
535 429
680 581
535 907
680 896
535 200
680 657
535 316
680 621
535 455
680 622
535 964
680 611
535 890
680 958
535 655
680 315
535 409
680 932
535 249
680 186
535 159
680 697
535 955
680 317
535 907
680 33
535 46
680 868
535 650
680 317
535 907
680 317
535 945
680 379
535 615
680 697
535 650
680 797
535 642
680 663
535 907
680 932
535 96
680 790
535 247
680 181
535 450
680 379
535 890
680 866
535 46
680 817
535 876
680 896
535 560
680 388
535 907
680 315
535 315
680 181
535 952
680 797
535 7
680 477
535 46
680 692
535 481
680 621
535 496
680 315
535 756
680 868
535 876
680 387
535 615
680 103
535 99
680 33
535 945
680 958
535 992
680 657
535 450
680 388
535 421
680 896
535 481
680 387
535 6
680 621
535 642
680 143
535 890
680 346
535 429
680 657
535 945
680 103
535 426
680 596
535 340
680 896
535 481
680 657
535 612
680 896
535 187
680 868
535 658
680 317
535 187
680 379
535 6
680 458
535 945
680 932
535 340
680 817
535 455
680 958
535 945
680 657
535 650
680 703
535 964
680 32
535 450
680 703
535 455
680 697
535 574
680 396
535 655
680 932
535 615
680 315
535 795
680 663
535 421
680 265
535 315
680 790
535 595
680 932
535 429
680 622
535 455
680 317
535 316
680 346
535 642
680 866
535 433
680 896
535 6
680 896
535 642
680 958
535 96
680 103
535 111
680 622
535 489
680 790
535 992
680 581
535 99
680 797
535 409
680 51
535 6
680 932
535 595
680 596
535 907
680 821
535 61
680 797
535 429
680 958
535 450
680 310
535 945
680 388
535 46
680 958
535 642
680 703
535 992
680 19
535 340
680 907
535 450
680 691
535 992
680 103
535 187
680 621
535 99
680 79
535 46
680 663
535 99
680 907
535 99
680 611
535 426
680 79
535 421
680 315
535 455
680 932
535 658
680 952
535 612
680 817
535 560
680 611
535 187
680 821
535 496
680 79
535 480
680 387
535 992
680 135
535 433
680 33
535 421
680 458
535 658
680 817
535 159
680 387
535 655
680 932
535 247
680 907
535 450
680 317
535 46
680 387
535 61
680 821
535 480
680 866
535 159
680 958
535 99
680 749
535 642
680 398
535 595
680 703
535 560
680 317
535 96
680 477
535 964
680 896
535 426
680 79
535 455
680 458
535 99
680 315
535 247
680 398
535 96
680 33
535 907
680 398
535 46
680 51
535 642
680 817
535 955
680 703
535 249
680 692
535 560
680 181
535 315
680 127
535 655
680 932
535 409
680 868
535 890
680 692
535 795
680 622
535 426
680 346
535 650
680 346
535 409
680 611
535 642
680 477
535 187
680 749
535 642
680 581
535 795
680 135
535 955
680 749
535 876
680 458
535 106
680 896
535 96
680 896
535 615
680 817
535 481
680 346
535 945
680 103
535 106
680 703
535 480
680 821
535 455
680 749
535 46
680 315
535 612
680 51
535 480
680 198
535 426
680 379
535 247
680 396
535 426
680 821
535 650
680 198
535 952
680 317
535 426
680 265
535 450
680 692
535 907
680 317
535 247
680 952
535 658
680 692
535 560
680 622
535 450
680 198
535 106
680 749
535 421
680 265
535 589
680 622
535 61
680 398
535 200
680 135
535 249
680 127
535 450
680 797
535 612
680 657
535 46
680 663
535 450
680 697
535 111
680 692
535 964
680 388
535 426
680 703
535 340
680 596
535 560
680 181
535 61
680 458
535 187
680 315
535 315
680 346
535 574
680 692
535 200
680 458
535 421
680 663
535 650
680 790
535 249
680 697
535 200
680 186
535 96
680 866
535 340
680 310
535 409
680 198
535 455
680 817
535 655
680 388
535 489
680 691
535 574
680 477
535 907
680 622
535 595
680 866
535 249
680 398
535 595
680 398
535 316
680 621
535 945
680 396
535 955
680 868
535 655
680 79
535 574
680 932
535 642
680 611
535 945
680 896
535 429
680 817
535 480
680 896
535 589
680 103
535 99
680 33
535 658
680 821
535 200
680 952
535 315
680 310
535 658
680 135
535 433
680 868
535 96
680 866
535 890
680 265
535 426
680 896
535 945
680 379
535 315
680 896
535 106
680 458
535 489
680 958
535 945
680 310
535 595
680 379
535 433
680 596
535 455
680 868
535 421
680 868
535 433
680 703
535 615
680 797
535 615
680 581
535 658
680 932
535 658
680 127
535 876
680 79
535 992
680 596
535 658
680 866
535 450
680 379
535 756
680 19
535 955
680 379
535 200
680 317
535 795
680 458
535 574
680 952
535 955
680 581
535 96
680 79
535 615
680 398
535 658
680 866
535 612
680 79
535 890
680 821
535 655
680 396
535 612
680 265
535 426
680 33
535 433
680 596
535 7
680 703
535 612
680 749
535 907
680 265
535 992
680 388
535 489
680 657
535 409
680 135
535 6
680 596
535 187
680 317
535 106
680 622
535 455
680 868
535 876
680 703
535 756
680 896
535 574
680 346
535 642
680 703
535 96
680 379
535 650
680 127
535 6
680 958
535 907
680 387
535 907
680 19
535 96
680 51
535 574
680 317
535 249
680 143
535 247
680 797
535 429
680 896
535 658
680 657
535 159
680 817
535 589
680 32
535 756
680 310
535 612
680 317
535 642
680 749
535 952
680 703
535 315
680 198
535 6
680 477
535 426
680 19
535 426
680 896
535 96
680 398
535 426
680 622
535 46
680 896
535 489
680 310
535 992
680 697
535 187
680 198
535 955
680 821
535 450
680 817
535 650
680 186
535 409
680 265
535 426
680 596
535 187
680 817
535 480
680 821
535 642
680 265
535 96
680 181
535 187
680 458
535 589
680 691
535 111
680 387
535 756
680 186
535 200
680 127
535 249
680 315
535 409
680 821
535 315
680 596
535 615
680 79
535 612
680 19
535 876
680 32
535 455
680 703
535 106
680 581
535 315
680 265
535 574
680 181
535 200
680 143
535 200
680 477
535 615
680 317
535 615
680 379
535 200
680 51
535 421
680 396
535 945
680 621
535 429
680 198
535 99
680 817
535 249
680 388
535 421
680 663
535 421
680 611
535 964
680 51
535 595
680 33
535 489
680 866
535 46
680 317
535 496
680 379
535 907
680 611
535 450
680 388
535 315
680 896
535 574
680 749
535 890
680 198
535 159
680 135
535 595
680 127
535 642
680 817
535 106
680 19
535 249
680 692
535 658
680 581
535 455
680 317
535 595
680 79
535 955
680 396
535 46
680 663
535 111
680 907
535 496
680 379
535 907
680 958
535 6
680 692
535 455
680 186
535 612
680 692
535 480
680 663
535 756
680 868
535 756
680 19
535 952
680 697
535 481
680 952
535 99
680 310
535 340
680 186
535 655
680 907
535 315
680 663
535 481
680 621
535 574
680 143
535 955
680 32
535 560
680 868
535 247
680 379
535 955
680 790
535 756
680 32
535 642
680 621
535 655
680 458
535 249
680 346
535 595
680 310
535 106
680 103
535 247
680 315
535 200
680 315
535 455
680 143
535 61
680 797
535 907
680 127
535 46
680 477
535 795
680 697
535 409
680 663
535 642
680 198
535 992
680 181
535 7
680 749
535 890
680 265
535 159
680 790
535 316
680 477
535 187
680 181
535 249
680 581
535 650
680 51
535 876
680 797
535 612
680 621
535 615
680 958
535 964
680 797
535 61
680 697
535 574
680 868
535 200
680 396
535 615
680 907
535 111
680 51
535 574
680 388
535 907
680 663
535 187
680 387
535 890
680 622
535 655
680 103
535 421
680 952
535 421
680 33
535 340
680 317
535 650
680 388
535 316
680 622
535 756
680 821
535 650
680 458
535 615
680 135
535 955
680 952
535 496
680 317
535 876
680 866
535 595
680 103
535 99
680 79
535 964
680 896
535 200
680 32
535 429
680 817
535 247
680 663
535 890
680 958
535 655
680 19
535 480
680 346
535 907
680 952
535 595
680 692
535 876
680 932
535 159
680 181
535 316
680 398
535 964
680 181
535 642
680 622
535 249
680 866
535 642
680 703
535 615
680 315
535 6
680 657
535 876
680 907
535 421
680 396
535 455
680 19
535 111
680 181
535 795
680 596
535 316
680 135
535 560
680 33
535 496
680 103
535 249
680 611
535 964
680 611
535 249
680 398
535 433
680 265
535 96
680 958
535 480
680 458
535 489
680 186
535 480
680 611
535 612
680 143
535 876
680 317
535 589
680 186
535 46
680 596
535 111
680 657
535 433
680 79
535 945
680 181
535 574
680 51
535 890
680 186
535 315
680 596
535 315
680 749
535 409
680 692
535 876
680 663
535 426
680 663
535 595
680 32
535 200
680 388
535 421
680 691
535 7
680 379
535 595
680 265
535 315
680 477
535 426
680 896
535 247
680 398
535 340
680 310
535 964
680 657
535 650
680 692
535 46
680 51
535 612
680 477
535 247
680 317
535 560
680 657
535 316
680 315
535 560
680 868
535 658
680 32
535 99
680 622
535 480
680 907
535 7
680 19
535 455
680 907
535 315
680 143
535 642
680 51
535 7
680 477
535 480
680 621
535 450
680 477
535 480
680 33
535 615
680 379
535 429
680 692
535 159
680 657
535 795
680 821
535 7
680 611
535 615
680 19
535 340
680 868
535 450
680 32
535 612
680 32
535 907
680 346
535 433
680 596
535 589
680 797
535 429
680 396
535 6
680 691
535 96
680 398
535 247
680 749
535 489
680 703
535 756
680 315
535 489
680 379
535 450
680 458
535 46
680 181
535 489
680 387
535 409
680 33
535 489
680 143
535 952
680 866
535 489
680 817
535 433
680 596
535 200
680 388
535 61
680 103
535 489
680 952
535 489
680 896
535 159
680 265
535 876
680 315
535 340
680 51
535 6
680 396
535 480
680 896
535 249
680 379
535 612
680 596
535 658
680 127
535 945
680 866
535 595
680 896
535 560
680 611
535 876
680 657
535 450
680 198
535 6
680 697
535 658
680 317
535 612
680 265
535 907
680 749
535 650
680 135
535 650
680 32
535 99
680 866
535 409
680 868
535 756
680 866
535 642
680 749
535 952
680 622
535 907
680 596
535 642
680 896
535 316
680 379
535 46
680 581
535 992
680 79
535 650
680 657
535 595
680 477
535 650
680 317
535 907
680 866
535 890
680 932
535 200
680 907
535 890
680 181
535 111
680 79
535 481
680 265
535 876
680 952
535 46
680 103
535 340
680 127
535 955
680 657
535 890
680 387
535 480
680 703
535 481
680 581
535 642
680 749
535 642
680 346
535 795
680 749
535 992
680 79
535 955
680 186
535 589
680 143
535 106
680 186
535 907
680 663
535 481
680 51
535 340
680 310
535 429
680 32
535 615
680 317
535 455
680 32
535 455
680 907
535 111
680 596
535 111
680 797
535 489
680 315
535 7
680 621
535 496
680 691
535 795
680 581
535 489
680 388
535 756
680 932
535 247
680 265
535 340
680 817
535 612
680 477
535 6
680 310
535 489
680 621
535 450
680 33
535 426
680 817
535 650
680 790
535 46
680 581
535 426
680 379
535 595
680 691
535 409
680 581
535 111
680 868
535 992
680 749
535 964
680 32
535 642
680 103
535 907
680 103
535 756
680 198
535 589
680 932
535 595
680 33
535 658
680 868
535 890
680 143
535 187
680 186
535 429
680 181
535 589
680 907
535 200
680 19
535 496
680 33
535 409
680 181
535 876
680 310
535 955
680 198
535 964
680 622
535 99
680 749
535 61
680 958
535 876
680 817
535 655
680 622
535 589
680 127
535 450
680 186
535 316
680 127
535 111
680 621
535 429
680 790
535 595
680 265
535 612
680 932
535 6
680 398
535 615
680 622
535 952
680 477
535 249
680 477
535 890
680 952
535 496
680 790
535 340
680 691
535 955
680 581
535 876
680 143
535 455
680 33
535 111
680 657
535 6
680 387
535 46
680 932
535 795
680 703
535 159
680 958
535 481
680 315
535 340
680 817
535 658
680 127
535 187
680 790
535 642
680 198
535 7
680 697
535 409
680 315
535 315
680 896
535 589
680 868
535 642
680 396
535 489
680 622
535 315
680 797
535 945
680 657
535 574
680 692
535 99
680 379
535 159
680 581
535 46
680 198
535 316
680 51
535 106
680 186
535 433
680 663
535 795
680 458
535 655
680 186
535 187
680 692
535 945
680 181
535 421
680 958
535 450
680 396
535 111
680 198
535 247
680 621
535 650
680 398
535 945
680 33
535 450
680 33
535 650
680 19
535 249
680 749
535 876
680 952
535 612
680 310
535 480
680 821
535 429
680 581
535 795
680 663
535 612
680 103
535 612
680 932
535 955
680 958
535 574
680 33
535 612
680 821
535 159
680 952
535 249
680 265
535 945
680 821
535 481
680 797
535 6
680 657
535 560
680 388
535 6
680 817
535 315
680 315
535 433
680 622
535 409
680 657
535 595
680 198
535 159
680 315
535 876
680 51
535 316
680 198
535 658
680 387
535 496
680 315
535 907
680 611
535 429
680 581
535 421
680 866
535 340
680 866
535 489
680 317
535 421
680 611
535 316
680 611
535 945
680 387
535 658
680 103
535 316
680 51
535 589
680 396
535 455
680 868
535 612
680 821
535 964
680 663
535 574
680 821
535 111
680 103
535 106
680 19
535 315
680 868
535 421
680 181
535 481
680 790
535 945
680 611
535 612
680 866
535 111
680 749
535 574
680 868
535 247
680 127
535 421
680 866
535 61
680 317
535 249
680 703
535 200
680 797
535 658
680 663
535 99
680 907
535 589
680 866
535 99
680 317
535 589
680 33
535 6
680 596
535 96
680 907
535 876
680 396
535 455
680 103
535 409
680 797
535 945
680 265
535 481
680 379
535 574
680 379
535 61
680 387
535 99
680 396
535 595
680 797
535 795
680 581
535 481
680 186
535 429
680 907
535 480
680 387
535 560
680 691
535 106
680 477
535 247
680 749
535 315
680 79
535 455
680 143
535 890
680 622
535 595
680 581
535 200
680 868
535 876
680 143
535 642
680 388
535 159
680 866
535 481
680 346
535 952
680 186
535 595
680 821
535 61
680 103
535 992
680 387
535 876
680 186
535 945
680 186
535 159
680 317
535 96
680 790
535 200
680 315
535 595
680 932
535 409
680 143
535 315
680 952
535 560
680 692
535 560
680 596
535 642
680 396
535 496
680 622
535 481
680 396
535 952
680 398
535 595
680 622
535 46
680 477
535 795
680 458
535 316
680 19
535 6
680 932
535 200
680 396
535 595
680 265
535 489
680 398
535 481
680 19
535 316
680 32
535 159
680 952
535 46
680 821
535 612
680 657
535 159
680 932
535 945
680 932
535 642
680 621
535 655
680 32
535 61
680 692
535 890
680 127
535 964
680 32
535 159
680 33
535 433
680 398
535 612
680 310
535 480
680 315
535 455
680 697
535 429
680 458
535 111
680 477
535 421
680 749
535 409
680 186
535 249
680 952
535 247
680 398
535 574
680 317
535 111
680 51
535 945
680 135
535 964
680 932
535 200
680 703
535 247
680 692
535 890
680 868
535 952
680 958
535 876
680 458
535 111
680 265
535 111
680 611
535 433
680 346
535 615
680 958
535 111
680 817
535 249
680 51
535 106
680 866
535 650
680 51
535 200
680 581
535 907
680 622
535 642
680 143
535 450
680 622
535 890
680 663
535 159
680 346
535 615
680 797
535 589
680 387
535 650
680 697
535 249
680 79
535 876
680 198
535 450
680 692
535 111
680 181
535 316
680 663
535 955
680 596
535 658
680 135
535 96
680 310
535 159
680 691
535 595
680 315
535 890
680 749
535 200
680 797
535 658
680 387
535 756
680 51
535 574
680 932
535 480
680 581
535 655
680 692
535 426
680 821
535 907
680 19
535 99
680 346
535 658
680 821
535 421
680 821
535 481
680 51
535 945
680 866
535 945
680 79
535 952
680 265
535 61
680 896
535 480
680 398
535 945
680 657
535 433
680 611
535 409
680 387
535 650
680 622
535 247
680 458
535 795
680 181
535 955
680 181
535 450
680 958
535 589
680 346
535 560
680 310
535 426
680 691
535 455
680 697
535 964
680 703
535 964
680 958
535 650
680 317
535 589
680 51
535 876
680 932
535 106
680 790
535 455
680 19
535 106
680 143
535 489
680 310
535 7
680 663
535 187
680 396
535 955
680 33
535 945
680 866
535 574
680 657
535 46
680 387
535 595
680 379
535 46
680 317
535 187
680 958
535 426
680 692
535 7
680 346
535 247
680 51
535 952
680 135
535 433
680 379
535 426
680 33
535 106
680 621
535 658
680 663
535 574
680 398
535 595
680 896
535 489
680 103
535 496
680 317
535 96
680 127
535 964
680 186
535 642
680 103
535 316
680 790
535 409
680 821
535 595
680 622
535 450
680 33
535 426
680 663
535 450
680 866
535 249
680 817
535 421
680 866
535 612
680 581
535 426
680 749
535 249
680 932
535 650
680 611
535 955
680 621
535 795
680 611
535 876
680 317
535 955
680 611
535 433
680 315
535 574
680 143
535 426
680 596
535 96
680 51
535 480
680 103
535 642
680 51
535 655
680 396
535 315
680 657
535 560
680 181
535 650
680 697
535 187
680 198
535 6
680 657
535 111
680 198
535 615
680 181
535 316
680 581
535 340
680 611
535 589
680 663
535 890
680 697
535 111
680 581
535 200
680 581
535 615
680 622
535 99
680 896
535 316
680 907
535 480
680 790
535 655
680 581
535 907
680 310
535 876
680 310
535 6
680 265
535 992
680 596
535 450
680 868
535 316
680 952
535 247
680 186
535 589
680 749
535 247
680 387
535 907
680 103
535 7
680 907
535 61
680 790
535 99
680 51
535 455
680 896
535 992
680 691
535 247
680 181
535 315
680 622
535 106
680 622
535 876
680 379
535 481
680 621
535 426
680 691
535 650
680 691
535 7
680 611
535 429
680 379
535 106
680 866
535 99
680 387
535 187
680 868
535 907
680 581
535 650
680 477
535 955
680 33
535 7
680 379
535 7
680 33
535 426
680 477
535 496
680 265
535 964
680 703
535 429
680 198
535 200
680 657
535 61
680 317
535 589
680 135
535 481
680 32
535 247
680 692
535 658
680 622
535 429
680 621
535 450
680 310
535 574
680 19
535 952
680 127
535 890
680 703
535 952
680 135
535 480
680 79
535 480
680 79
535 316
680 143
535 496
680 691
535 642
680 51
535 650
680 657
535 421
680 186
535 480
680 79
535 7
680 398
535 876
680 315
535 795
680 143
535 96
680 186
535 340
680 817
535 316
680 32
535 200
680 657
535 409
680 817
535 159
680 663
535 589
680 868
535 433
680 387
535 992
680 396
535 187
680 458
535 795
680 797
535 455
680 33
535 489
680 621
535 96
680 697
535 450
680 19
535 426
680 817
535 945
680 868
535 340
680 958
535 481
680 32
535 429
680 398
535 315
680 697
535 992
680 388
535 481
680 581
535 890
680 866
535 450
680 703
535 200
680 458
535 46
680 691
535 615
680 692
535 7
680 697
535 595
680 103
535 876
680 797
535 433
680 657
535 111
680 611
535 249
680 596
535 496
680 896
535 480
680 135
535 111
680 186
535 61
680 790
535 952
680 198
535 955
680 663
535 589
680 315
535 450
680 596
535 489
680 663
535 455
680 315
535 658
680 622
535 955
680 896
535 655
680 907
535 756
680 181
535 642
680 317
535 187
680 458
535 489
680 621
535 247
680 387
535 200
680 697
535 642
680 866
535 106
680 663
535 6
680 51
535 642
680 958
535 595
680 657
535 964
680 749
535 200
680 657
535 247
680 952
535 795
680 19
535 61
680 346
535 409
680 388
535 955
680 621
535 315
680 817
535 455
680 310
535 945
680 622
535 409
680 398
535 421
680 622
535 159
680 198
535 96
680 103
535 409
680 821
535 612
680 952
535 96
680 896
535 952
680 907
535 426
680 32
535 481
680 186
535 480
680 103
535 159
680 310
535 658
680 622
535 795
680 691
535 589
680 181
535 7
680 691
535 964
680 958
535 489
680 622
535 247
680 127
535 955
680 127
535 481
680 346
535 876
680 346
535 421
680 181
535 589
680 127
535 409
680 621
535 615
680 932
535 99
680 186
535 433
680 198
535 481
680 932
535 876
680 797
535 650
680 396
535 650
680 621
535 595
680 135
535 340
680 33
535 658
680 387
535 642
680 821
535 496
680 790
535 96
680 692
535 964
680 19
535 426
680 749
535 952
680 596
535 650
680 388
535 560
680 790
535 429
680 622
535 955
680 797
535 480
680 692
535 589
680 51
535 589
680 611
535 756
680 79
535 481
680 622
535 111
680 749
535 756
680 657
535 450
680 398
535 574
680 315
535 964
680 387
535 315
680 33
535 106
680 396
535 340
680 817
535 315
680 817
535 340
680 458
535 595
680 932
535 560
680 317
535 315
680 958
535 481
680 821
535 964
680 477
535 99
680 621
535 595
680 346
535 421
680 19
535 489
680 868
535 655
680 198
535 429
680 817
535 955
680 611
535 489
680 198
535 409
680 458
535 612
680 663
535 7
680 868
535 249
680 79
535 481
680 749
535 481
680 310
535 795
680 310
535 496
680 32
535 99
680 958
535 658
680 907
535 795
680 817
535 111
680 388
535 642
680 198
535 61
680 749
535 481
680 388
535 964
680 19
535 187
680 317
535 907
680 135
535 890
680 388
535 955
680 611
535 433
680 315
535 249
680 315
535 409
680 379
535 96
680 315
535 489
680 697
535 642
680 265
535 106
680 691
535 560
680 458
535 589
680 379
535 7
680 692
535 655
680 621
535 247
680 458
535 876
680 691
535 455
680 581
535 955
680 797
535 595
680 33
535 340
680 32
535 6
680 32
535 106
680 621
535 247
680 186
535 945
680 952
535 429
680 611
535 455
680 477
535 429
680 19
535 612
680 907
535 429
680 581
535 876
680 458
535 795
680 143
535 96
680 379
535 876
680 33
535 642
680 821
535 955
680 952
535 315
680 127
535 450
680 186
535 455
680 186
535 96
680 51
535 756
680 749
535 450
680 611
535 340
680 19
535 106
680 477
535 756
680 868
535 907
680 181
535 61
680 907
535 890
680 51
535 200
680 797
535 945
680 581
535 111
680 143
535 658
680 622
535 421
680 703
535 6
680 19
535 560
680 315
535 480
680 691
535 595
680 33
535 964
680 663
535 756
680 477
535 612
680 315
535 429
680 907
535 315
680 657
535 964
680 697
535 480
680 657
535 615
680 265
535 496
680 691
535 106
680 181
535 159
680 896
535 450
680 958
535 455
680 186
535 450
680 398
535 655
680 398
535 560
680 315
535 433
680 821
535 560
680 379
535 450
680 703
535 496
680 692
535 756
680 581
535 421
680 135
535 481
680 387
535 655
680 19
535 795
680 379
535 964
680 821
535 249
680 663
535 955
680 32
535 876
680 265
535 111
680 32
535 315
680 797
535 340
680 817
535 159
680 907
535 795
680 143
535 496
680 387
535 409
680 952
535 7
680 896
535 574
680 135
535 480
680 657
535 7
680 866
535 890
680 797
535 200
680 952
535 159
680 622
535 992
680 932
535 455
680 621
535 907
680 697
535 756
680 692
535 111
680 51
535 340
680 622
535 96
680 932
535 615
680 265
535 496
680 458
535 200
680 896
535 159
680 143
535 247
680 749
535 907
680 387
535 106
680 692
535 890
680 79
535 945
680 797
535 642
680 797
535 249
680 396
535 429
680 749
535 655
680 387
535 450
680 396
535 316
680 127
535 429
680 817
535 756
680 310
535 907
680 790
535 6
680 379
535 945
680 817
535 756
680 703
535 426
680 749
535 247
680 868
535 795
680 697
535 890
680 749
535 595
680 310
535 7
680 198
535 756
680 79
535 615
680 388
535 187
680 821
535 187
680 51
535 964
680 458
535 200
680 396
535 560
680 135
535 187
680 868
535 409
680 135
535 7
680 622
535 421
680 896
535 952
680 932
535 421
680 596
535 489
680 181
535 421
680 135
535 907
680 621
535 429
680 198
535 6
680 749
535 992
680 33
535 187
680 379
535 99
680 581
535 795
680 379
535 106
680 315
535 496
680 896
535 421
680 143
535 200
680 32
535 964
680 396
535 6
680 388
535 61
680 958
535 964
680 127
535 481
680 388
535 96
680 127
535 6
680 458
535 612
680 821
535 429
680 310
535 455
680 265
535 489
680 127
535 756
680 310
535 876
680 458
535 450
680 621
535 496
680 33
535 992
680 387
535 111
680 103
535 340
680 315
535 247
680 691
535 574
680 398
535 159
680 135
535 496
680 315
535 106
680 398
535 650
680 477
535 574
680 103
535 655
680 907
535 316
680 581
535 642
680 703
535 450
680 958
535 480
680 621
535 560
680 866
535 481
680 51
535 992
680 265
535 795
680 33
535 106
680 143
535 247
680 346
535 249
680 33
535 200
680 817
535 496
680 477
535 111
680 310
535 945
680 33
535 409
680 181
535 890
680 691
535 615
680 657
535 6
680 790
535 574
680 33
535 409
680 51
535 111
680 821
535 574
680 198
535 907
680 621
535 945
680 265
535 247
680 103
535 61
680 477
535 340
680 396
535 952
680 19
535 159
680 396
535 249
680 622
535 247
680 310
535 612
680 32
535 595
680 477
535 589
680 866
535 658
680 198
535 7
680 611
535 574
680 952
535 964
680 477
535 316
680 958
535 481
680 896
535 658
680 697
535 615
680 310
535 481
680 691
535 642
680 103
535 480
680 379
535 187
680 749
535 574
680 388
535 795
680 317
535 642
680 135
535 187
680 790
535 247
680 749
535 46
680 622
535 426
680 143
535 433
680 186
535 481
680 622
535 945
680 143
535 450
680 103
535 876
680 657
535 658
680 817
535 6
680 581
535 480
680 868
535 574
680 379
535 650
680 663
535 421
680 691
535 480
680 346
535 756
680 379
535 455
680 932
535 46
680 817
535 450
680 749
535 450
680 19
535 46
680 186
535 111
680 398
535 316
680 958
535 615
680 477
535 433
680 346
535 421
680 310
535 455
680 749
535 615
680 33
535 187
680 697
535 61
680 19
535 316
680 317
535 455
680 749
535 200
680 398
535 455
680 317
535 249
680 622
535 426
680 387
535 890
680 79
535 455
680 896
535 574
680 19
535 426
680 135
535 655
680 952
535 200
680 135
535 952
680 817
535 111
680 379
535 99
680 346
535 433
680 797
535 890
680 135
535 249
680 51
535 315
680 952
535 433
680 387
535 426
680 952
535 589
680 952
535 340
680 932
535 200
680 388
535 612
680 622
535 955
680 181
535 46
680 697
535 455
680 866
535 96
680 387
535 340
680 866
535 106
680 19
535 574
680 143
535 159
680 621
535 574
680 198
535 450
680 396
535 992
680 692
535 489
680 127
535 111
680 79
535 952
680 790
535 111
680 396
535 426
680 621
535 642
680 317
535 316
680 821
535 496
680 396
535 642
680 135
535 952
680 932
535 247
680 691
535 96
680 790
535 409
680 958
535 7
680 398
535 455
680 317
535 96
680 477
535 315
680 821
535 409
680 663
535 249
680 932
535 595
680 868
535 890
680 315
535 907
680 379
535 421
680 896
535 595
680 581
535 426
680 821
535 615
680 310
535 496
680 315
535 955
680 398
535 450
680 868
535 574
680 958
535 421
680 19
535 658
680 51
535 96
680 477
535 247
680 51
535 421
680 317
535 955
680 663
535 421
680 387
535 61
680 697
535 7
680 103
535 200
680 135
535 187
680 611
535 106
680 310
535 952
680 749
535 589
680 896
535 316
680 958
535 315
680 907
535 340
680 265
535 964
680 317
535 955
680 477
535 61
680 697
535 595
680 621
535 574
680 932
535 421
680 388
535 496
680 817
535 496
680 866
535 756
680 703
535 316
680 657
535 7
680 143
535 159
680 127
535 907
680 19
535 187
680 958
535 907
680 51
535 795
680 958
535 642
680 703
535 426
680 622
535 315
680 398
535 650
680 135
535 159
680 621
535 589
680 797
535 907
680 51
535 99
680 388
535 496
680 697
535 421
680 952
535 315
680 896
535 795
680 952
535 574
680 952
535 574
680 896
535 315
680 317
535 642
680 127
535 795
680 868
535 560
680 817
535 952
680 310
535 650
680 697
535 481
680 663
535 615
680 398
535 615
680 19
535 429
680 692
535 426
680 896
535 955
680 33
535 7
680 33
535 992
680 135
535 952
680 79
535 489
680 958
535 316
680 317
535 658
680 198
535 992
680 797
535 655
680 32
535 480
680 388
535 876
680 198
535 574
680 621
535 658
680 663
535 964
680 622
535 964
680 692
535 589
680 611
535 642
680 387
535 480
680 817
535 340
680 103
535 890
680 103
535 247
680 317
535 315
680 33
535 890
680 127
535 46
680 477
535 650
680 749
535 650
680 611
535 433
680 611
535 615
680 181
535 650
680 749
535 315
680 396
535 455
680 703
535 429
680 51
535 481
680 32
535 560
680 621
535 655
680 346
535 316
680 896
535 612
680 868
535 595
680 51
535 615
680 621
535 200
680 388
535 876
680 952
535 612
680 703
535 433
680 32
535 7
680 896
535 655
680 19
535 340
680 866
535 111
680 33
535 992
680 32
535 61
680 821
535 589
680 186
535 655
680 103
535 421
680 663
535 890
680 388
535 187
680 135
535 106
680 868
535 489
680 907
535 480
680 817
535 46
680 396
535 876
680 265
535 7
680 317
535 99
680 398
535 450
680 379
535 489
680 797
535 480
680 181
535 46
680 387
535 433
680 458
535 450
680 379
535 480
680 32
535 409
680 388
535 574
680 790
535 612
680 821
535 480
680 952
535 876
680 396
535 247
680 596
535 756
680 477
535 315
680 398
535 106
680 32
535 642
680 79
535 200
680 19
535 340
680 396
535 955
680 379
535 650
680 317
535 992
680 896
535 316
680 198
535 61
680 135
535 426
680 896
535 426
680 611
535 612
680 657
535 106
680 790
535 455
680 79
535 496
680 621
535 99
680 621
535 340
680 958
535 907
680 135
535 106
680 477
535 409
680 749
535 159
680 821
535 99
680 103
535 426
680 181
535 890
680 33
535 795
680 396
535 340
680 790
535 480
680 19
535 409
680 896
535 955
680 958
535 450
680 186
535 945
680 821
535 6
680 697
535 496
680 346
535 655
680 581
535 99
680 19
535 589
680 458
535 992
680 186
535 952
680 33
535 249
680 458
535 907
680 346
535 952
680 135
535 595
680 866
535 340
680 32
535 589
680 958
535 992
680 817
535 795
680 388
535 480
680 396
535 200
680 907
535 658
680 388
535 642
680 697
535 340
680 581
535 574
680 143
535 890
680 621
535 429
680 703
535 955
680 135
535 450
680 896
535 421
680 621
535 315
680 477
535 658
680 958
535 481
680 198
535 952
680 596
535 106
680 896
535 46
680 691
535 455
680 181
535 560
680 135
535 955
680 388
535 409
680 379
535 455
680 315
535 795
680 186
535 480
680 388
535 421
680 388
535 159
680 692
535 99
680 611
535 756
680 127
535 612
680 958
535 795
680 692
535 907
680 817
535 890
680 317
535 658
680 797
535 421
680 932
535 964
680 692
535 409
680 621
535 756
680 692
535 615
680 817
535 6
680 581
535 756
680 692
535 46
680 135
535 489
680 79
535 496
680 143
535 589
680 868
535 992
680 866
535 159
680 907
535 316
680 396
535 106
680 663
535 106
680 458
535 187
680 51
535 421
680 821
535 409
680 135
535 756
680 198
535 756
680 697
535 409
680 817
535 111
680 315
535 409
680 932
535 481
680 817
535 907
680 611
535 489
680 265
535 964
680 346
535 560
680 797
535 433
680 821
535 187
680 896
535 795
680 657
535 409
680 388
535 7
680 398
535 795
680 692
535 489
680 477
535 61
680 896
535 426
680 663
535 315
680 317
535 890
680 79
535 429
680 621
535 612
680 310
535 409
680 19
535 159
680 388
535 433
680 143
535 496
680 663
535 6
680 749
535 480
680 596
535 7
680 265
535 106
680 477
535 315
680 317
535 450
680 581
535 426
680 896
535 316
680 33
535 595
680 958
535 480
680 622
535 945
680 379
535 409
680 596
535 111
680 33
535 111
680 932
535 589
680 907
535 450
680 703
535 658
680 868
535 480
680 19
535 945
680 265
535 106
680 663
535 316
680 663
535 955
680 596
535 340
680 790
535 992
680 458
535 187
680 866
535 481
680 621
535 433
680 265
535 200
680 657
535 247
680 315
535 429
680 388
535 46
680 821
535 658
680 797
535 480
680 596
535 890
680 952
535 496
680 398
535 964
680 181
535 795
680 379
535 316
680 143
535 907
680 952
535 658
680 657
535 560
680 749
535 111
680 622
535 316
680 868
535 992
680 388
535 595
680 611
535 615
680 181
535 496
680 868
535 489
680 19
535 595
680 581
535 159
680 51
535 187
680 611
535 187
680 315
535 159
680 315
535 316
680 657
535 650
680 396
535 615
680 19
535 574
680 103
535 429
680 821
535 426
680 896
535 992
680 33
535 876
680 797
535 890
680 19
535 429
680 477
535 589
680 896
535 46
680 621
535 992
680 198
535 61
680 817
