6
11
11
11
11
11
11
11
11
11
11
11
11
11
11
11
11
11
11
11
11
11
6
6
6
6
6
6
6
6
6
6
6
6
6
6
6
6
6
6
6
6
6
6
6
6
6
6
6
6
6
6
6
6
6
6
6
6
6
6
6
6
6
6
6
6
6
6
6
6
6
6
6
6
6
6
6
6
6
6
6
6
6
6
6
6
6
6
6
6
6
6
6
6
6
6
6
6
6
6
6
6
6
6
6
6
6
6
6
6
6
6
6
6
6
6
6
6
6
6
6
6
6
6
6
6
6
6
6
6
6
6
6
6
6
6
6
6
6
6
6
6
6
6
6
16
16
16
3
3
3
3
3
3
3
3
3
3
3
3
3
3
3
3
3
3
3
3
3
3
3
3
3
3
3
3
3
3
3
3
3
3
3
3
3
3
3
3
3
3
3
3
3
3
3
3
3
3
3
3
3
3
3
9
9
9
9
9
9
9
9
9
9
124
124
124
124
124
124
124
124
124
124
124
22
22
22
22
22
22
22
22
22
373
658
663
663
663
663
663
663
663
663
663
663
18
18
18
18
18
18
18
18
18
18
18
18
18
18
18
18
18
18
18
18
18
18
18
29
29
29
29
29
29
29
29
29
29
29
29
29
29
29
29
29
29
29
29
29
18
18
18
18
18
18
18
18
18
18
18
18
18
18
18
18
18
18
18
18
18
18
18
18
18
18
18
18
18
18
18
18
18
18
18
18
18
18
18
18
18
18
18
18
18
18
18
18
18
18
18
18
18
18
18
18
18
18
18
18
18
18
18
18
18
18
18
18
18
18
18
18
18
18
18
18
18
18
18
18
18
18
18
18
18
18
18
18
18
18
18
18
18
18
18
18
18
18
18
18
18
18
18
18
18
18
18
18
18
18
50
50
50
50
3
3
3
3
3
3
3
3
3
3
3
3
3
3
3
3
3
3
3
3
3
3
3
29
29
29
29
29
57
55
57
57
57
57
31
31
31
31
31
31
31
31
31
31
31
31
31
31
31
31
37
37
29
29
29
58
5
5
105
105
31
33
33
255
4
4
4
4
4
4
4
4
29
29
29
29
29
29
29
29
29
29
29
29
29
29
29
29
29
29
29
29
29
29
29
29
29
29
29
29
29
29
29
29
29
29
29
29
29
29
29
29
29
29
29
29
29
29
29
29
29
29
29
29
29
29
29
29
29
29
29
29
29
29
29
29
29
29
29
29
29
29
29
29
4
4
4
4
4
4
4
209
209
209
209
209
209
209
209
4
4
4
7
4
4
4
4
4
4
4
4
4
33
33
33
33
33
33
33
33
33
33
33
33
33
33
255
255
255
255
255
255
94
94
94
94
357
357
222
222
222
18
18
18
18
18
18
18
18
18
18
18
18
18
18
18
18
18
18
18
18
18
18
18
18
18
18
18
18
18
18
18
18
18
18
18
18
18
18
18
18
18
18
18
18
18
18
18
18
18
18
18
18
18
18
18
18
18
18
18
18
18
18
18
18
18
18
18
18
18
18
18
18
18
18
18
18
18
18
18
18
18
18
18
18
18
18
18
18
18
18
18
18
18
18
18
18
18
18
18
18
18
18
18
18
18
18
18
18
18
18
18
18
18
18
18
18
18
18
18
18
18
18
18
18
18
18
18
18
18
18
18
18
18
18
18
18
18
18
18
18
18
18
18
18
18
18
18
18
18
18
18
18
18
18
18
18
18
18
18
18
18
18
18
18
18
18
162
162
162
162
162
162
162
162
162
162
162
162
162
162
162
162
162
162
162
162
162
162
162
162
162
162
162
162
162
162
162
3
3
3
3
3
3
3
3
3
3
124
124
124
124
124
124
124
124
124
124
124
124
124
124
124
124
124
124
124
27
27
27
27
27
27
27
27
27
27
27
124
124
124
124
124
124
124
124
124
124
124
124
124
124
124
124
124
27
27
27
27
27
39
27
27
27
27
27
27
27
4
4
4
4
4
4
4
4
4
4
4
4
4
4
4
4
4
4
4
18
18
18
18
18
18
18
18
18
18
18
18
18
18
18
18
18
18
18
18
18
18
801
801
801
801
801
801
801
801
801
801
801
801
323
111
111
111
111
132
132
132
132
116
116
116
876
876
579
14
14
14
14
14
14
14
14
14
14
14
14
14
14
835
835
835
835
835
835
835
835
835
835
835
835
835
352
352
903
903
18
18
18
18
18
18
18
18
18
18
18
18
18
18
18
18
18
18
18
18
18
18
18
18
18
18
18
18
18
18
18
18
18
18
18
18
18
18
18
18
18
18
18
18
18
18
18
18
18
18
18
18
18
18
18
18
18
60
60
60
60
60
382
382
382
382
382
382
382
382
382
382
382
382
382
382
382
382
382
382
382
382
382
382
382
382
382
382
382
382
382
382
382
382
382
382
382
382
382
382
60
60
60
60
60
60
678
678
678
678
678
678
678
678
678
678
678
678
678
329
329
329
329
329
329
329
329
329
329
329
329
329
329
329
329
329
10
418
418
418
418
418
418
418
418
418
418
418
418
10
10
10
10
10
10
10
10
10
10
10
10
10
10
10
10
12
12
12
12
12
12
12
12
12
12
12
12
12
12
12
12
12
12
12
12
12
12
12
12
123
123
123
123
123
12
12
717
717
717
10
10
717
717
978
978
978
978
12
12
12
12
12
12
12
12
12
375
375
295
12
12
12
12
12
12
12
12
12
12
12
12
12
12
12
12
12
12
12
12
12
12
12
12
12
11
11
11
357
357
357
357
357
357
357
357
357
357
357
357
357
357
357
357
357
357
357
357
357
235
76
76
76
76
76
76
76
76
76
60
60
60
60
60
60
60
60
60
60
60
60
60
60
60
60
60
60
60
60
60
60
60
60
60
60
60
60
380
380
380
380
380
380
380
380
678
678
678
678
678
678
678
988
988
380
380
11
11
11
11
11
11
11
11
11
11
11
11
11
10
10
10
10
10
10
10
10
10
10
10
10
10
10
10
162
162
314
314
314
314
314
314
162
162
703
703
703
221
221
162
162
162
162
162
162
162
162
162
162
162
162
162
162
162
162
162
162
703
49
49
49
49
538
538
538
538
538
538
538
538
538
538
538
538
538
538
538
538
538
538
538
538
538
538
538
538
538
538
538
538
538
538
538
538
538
538
538
538
538
538
503
503
503
503
503
503
546
546
546
546
538
546
546
546
546
546
546
18
18
18
18
18
18
18
18
18
18
18
18
18
18
76
76
76
683
683
683
457
457
457
457
457
457
457
457
457
457
457
457
457
457
329
329
329
329
501
501
501
501
501
501
501
501
501
501
501
501
501
501
134
134
134
134
134
134
134
134
134
134
134
134
134
134
134
134
134
134
134
134
134
134
134
134
134
134
134
134
134
134
134
134
134
134
134
134
134
134
134
134
134
134
134
134
134
134
134
134
134
134
134
134
134
134
134
134
134
134
134
134
134
134
134
134
134
307
307
307
307
307
307
307
307
307
307
307
307
76
76
76
76
76
76
76
76
76
76
76
76
76
76
235
235
235
235
76
76
76
76
76
76
76
76
76
76
76
235
235
235
235
235
235
235
235
235
235
235
235
235
235
235
235
235
235
235
235
235
235
235
235
235
235
235
235
235
235
76
76
76
76
76
76
76
76
76
76
76
76
76
76
76
76
76
76
76
76
76
307
307
307
307
307
307
307
307
307
307
307
307
307
307
307
307
307
307
307
307
307
307
307
307
307
307
307
307
307
307
307
307
307
307
114
134
114
114
134
134
114
134
134
380
134
380
380
380
380
380
380
380
380
380
380
380
380
380
380
380
380
380
380
380
118
225
60
60
60
60
60
60
60
60
60
197
197
197
177
177
177
177
177
177
650
650
650
650
650
650
650
380
380
380
380
380
380
380
650
650
650
650
650
650
650
650
650
650
650
650
650
101
101
101
101
101
101
101
101
101
101
101
151
151
151
151
193
193
193
193
193
193
193
193
193
151
801
801
801
801
801
801
431
431
431
431
607
307
307
307
307
307
307
307
307
307
307
307
307
307
307
307
307
307
307
307
307
307
307
307
307
307
307
307
307
307
307
307
307
307
307
307
307
307
307
307
307
307
307
307
307
307
307
307
307
307
307
307
307
307
307
307
307
307
307
307
307
307
307
307
307
307
307
307
307
307
307
307
307
307
307
307
307
307
307
307
307
307
307
307
307
307
307
307
307
307
307
307
307
307
307
307
307
307
307
307
307
307
307
307
307
307
307
307
307
307
307
307
307
307
307
714
714
235
235
235
76
76
76
76
76
76
76
714
714
714
437
437
437
404
404
404
404
404
243
243
243
243
243
243
243
243
243
243
243
243
243
34
34
243
243
243
243
243
243
243
243
243
243
243
243
235
235
243
243
34
34
34
34
34
34
34
307
307
307
307
307
307
307
307
307
307
307
307
307
307
307
307
307
307
307
307
307
307
307
307
307
307
307
307
307
307
307
307
26
26
26
26
837
837
837
837
837
837
65
65
65
65
65
65
65
65
65
65
65
65
65
65
65
65
65
65
65
824
824
824
824
824
824
824
235
76
76
76
324
324
324
324
324
352
352
352
352
352
352
352
352
352
352
352
352
352
352
352
352
352
352
19
19
19
19
371
371
371
371
371
371
371
371
371
371
371
371
371
371
371
371
371
371
371
371
371
371
371
371
371
371
371
371
371
371
371
371
371
371
371
371
371
371
371
371
371
371
371
371
371
371
371
396
6
6
6
6
6
6
6
6
371
506
506
506
506
506
371
371
371
371
371
371
371
371
371
371
371
371
371
371
371
371
371
371
371
371
371
371
371
371
371
371
371
371
371
371
371
371
371
371
371
371
371
371
371
371
371
371
371
371
371
371
371
371
371
371
371
371
371
512
512
512
512
512
512
512
512
512
512
512
512
512
512
512
512
512
512
512
512
512
512
512
512
512
512
512
512
512
512
512
512
512
512
512
512
512
512
512
512
512
512
512
512
512
512
512
512
512
512
512
512
512
512
512
512
512
512
512
512
512
512
512
512
512
512
512
512
512
512
512
512
512
512
512
512
512
512
512
512
512
512
512
512
512
512
512
512
512
512
512
512
512
512
512
512
512
512
468
468
468
468
468
468
468
468
468
468
435
435
435
435
435
435
435
590
590
590
590
590
590
590
590
590
468
468
468
468
468
468
468
590
590
590
590
590
590
590
590
590
590
590
590
590
590
590
590
590
590
590
590
590
590
590
590
590
590
590
590
590
590
590
590
590
590
590
590
590
590
590
590
265
265
265
590
590
590
590
590
265
265
468
415
897
897
435
435
897
435
590
590
590
590
590
435
435
435
435
435
435
435
435
435
435
435
435
435
435
435
435
435
435
435
435
435
435
435
435
435
435
435
435
435
435
435
435
435
512
512
512
512
512
512
512
512
512
512
512
512
512
512
512
512
512
512
512
512
512
512
512
512
512
512
512
512
512
512
512
512
512
512
512
512
512
512
287
356
287
287
287
287
356
356
356
506
506
506
506
506
506
506
506
506
506
506
506
506
506
506
506
506
506
506
506
506
506
506
506
506
506
506
506
506
506
506
506
506
506
506
506
506
506
506
506
506
506
506
506
506
512
512
512
512
512
512
512
512
512
512
512
512
512
512
512
512
512
512
512
512
512
512
512
512
512
512
512
512
379
379
379
379
379
379
506
506
506
506
506
506
506
506
506
506
506
506
506
506
506
506
506
506
506
506
506
506
506
506
506
506
506
506
506
506
506
506
506
506
506
506
506
506
506
506
506
506
506
506
506
512
512
512
512
512
512
512
512
512
512
512
512
658
658
658
506
506
506
506
506
506
506
506
506
506
506
506
506
506
506
506
506
506
506
506
677
435
435
435
435
435
435
435
435
435
435
435
435
435
435
435
435
435
435
435
435
435
435
677
658
658
658
34
34
34
34
215
357
357
357
158
158
158
158
144
144
278
278
278
278
278
278
278
278
144
144
144
144
144
144
144
144
144
144
144
278
278
278
287
287
287
287
287
121
528
528
528
170
170
170
170
170
170
170
170
528
528
287
287
287
287
287
506
506
506
506
506
506
506
506
506
506
506
506
506
506
506
506
506
506
506
506
506
506
372
372
309
309
309
309
372
372
372
372
372
372
372
372
278
278
278
278
278
278
278
278
278
278
278
278
278
278
278
278
278
278
278
278
278
278
278
278
278
278
278
278
278
278
278
278
278
278
278
278
278
278
278
278
278
278
278
278
194
194
194
194
194
194
278
278
278
278
278
278
278
278
278
278
278
278
278
278
278
278
278
278
215
215
47
47
47
47
47
900
255
255
255
255
255
255
255
255
255
255
255
255
255
255
255
372
372
372
372
512
512
194
194
25
25
25
25
821
821
158
158
158
158
158
158
158
158
158
158
158
158
158
158
158
158
158
158
158
158
158
158
158
158
158
158
158
158
158
158
158
25
25
243
243
209
209
243
821
209
158
158
158
158
158
158
194
194
194
194
194
194
379
379
379
379
379
379
379
379
379
379
869
869
869
869
869
379
379
379
379
379
379
379
379
379
379
379
379
379
379
379
379
379
379
379
379
379
379
379
379
379
422
422
422
422
422
422
422
422
506
506
422
422
422
422
422
422
422
422
422
422
422
422
422
422
422
422
422
869
869
869
869
869
869
869
379
379
379
379
379
379
379
379
379
379
379
379
379
379
379
379
379
379
379
379
379
379
379
379
379
379
379
379
379
379
379
379
379
379
379
379
379
379
379
379
379
379
379
379
379
379
379
379
372
372
512
512
512
379
379
379
379
379
379
379
379
379
379
379
379
379
379
379
379
379
379
379
379
379
379
379
379
379
379
379
379
379
379
379
379
379
379
379
379
379
379
379
379
379
379
379
379
379
379
379
379
379
379
379
379
379
379
379
379
379
379
379
379
379
379
379
379
379
379
379
209
209
821
869
209
209
209
209
209
209
209
209
209
209
209
209
209
209
209
209
209
209
869
869
821
821
821
821
821
821
821
869
869
869
869
869
869
869
821
869
821
821
821
821
821
821
821
821
821
821
209
209
209
209
209
209
209
209
209
209
209
209
209
209
209
209
209
209
209
209
209
209
209
209
209
209
209
209
209
209
209
209
209
209
209
209
209
209
209
209
209
209
209
209
209
209
209
209
209
209
209
209
209
209
209
209
209
209
209
562
562
562
562
562
562
562
562
562
562
562
562
562
562
562
562
562
562
562
562
562
562
562
562
75
75
75
47
47
47
47
47
47
47
47
47
47
47
47
47
47
47
47
47
47
47
47
47
47
47
47
47
47
47
47
47
47
47
47
47
47
47
47
47
47
47
47
47
47
47
47
47
47
75
75
75
75
75
75
75
75
75
75
75
75
256
256
256
75
75
75
75
75
75
75
75
75
75
75
75
75
75
75
75
75
256
256
256
256
256
256
256
256
458
458
458
458
458
458
458
458
210
210
201
201
201
201
201
201
201
201
201
201
201
201
201
201
201
201
201
201
201
445
445
445
196
196
196
256
256
256
256
256
256
256
256
256
256
256
256
256
256
256
256
256
256
23
23
23
19
19
19
19
19
19
494
68
68
68
68
68
263
263
263
263
263
263
237
237
399
399
399
399
399
816
816
816
816
816
816
816
816
399
399
399
399
399
379
379
379
379
115
883
399
399
399
399
399
399
399
399
399
399
714
714
458
458
458
237
237
714
689
689
689
689
689
689
714
714
92
92
459
459
459
459
459
459
459
459
459
459
459
459
459
459
459
941
941
941
941
941
941
121
121
957
957
957
957
957
957
957
957
957
957
957
957
644
644
957
957
957
877
957
957
957
957
957
957
135
135
135
135
135
135
135
135
135
763
763
763
763
763
763
763
763
763
763
763
763
763
763
763
763
763
763
763
763
763
763
49
49
49
49
49
49
49
49
33
763
763
763
763
763
763
763
763
763
763
415
415
415
348
763
763
763
763
763
763
763
763
763
33
33
33
33
33
33
33
33
33
33
33
135
135
135
135
135
135
135
135
473
473
473
473
473
473
473
473
473
473
473
473
256
256
256
256
256
256
256
256
256
256
256
256
256
256
256
797
797
797
797
797
797
797
797
797
797
797
256
256
256
256
256
256
256
256
256
256
256
256
256
256
256
256
840
840
840
903
903
903
903
903
903
903
903
903
17
17
790
790
711
812
812
812
121
121
797
797
797
797
605
605
605
605
605
605
605
605
605
605
605
605
605
605
605
547
547
547
251
251
256
256
256
256
256
256
256
256
605
605
872
872
594
594
594
594
872
605
605
594
605
605
605
263
263
263
263
263
263
263
263
263
263
263
543
543
543
543
263
263
263
263
263
263
263
263
263
602
602
602
602
602
602
602
602
602
602
602
602
602
602
602
602
602
602
602
602
602
602
602
602
602
602
602
602
602
602
602
602
602
602
602
602
602
602
602
602
144
144
144
181
181
181
181
181
181
816
816
816
816
816
816
61
61
61
61
61
61
61
61
61
61
61
61
685
685
685
685
889
280
280
889
889
889
889
889
889
889
889
889
889
889
889
889
889
889
889
889
889
889
602
602
602
416
162
162
836
836
836
941
836
416
416
416
416
416
416
416
502
502
459
459
459
459
459
459
459
459
459
459
941
941
493
571
571
571
263
263
263
263
263
263
263
263
636
636
636
636
636
263
636
263
263
263
263
263
144
144
144
144
144
144
144
144
144
144
144
144
144
144
144
144
144
144
144
144
144
144
144
144
144
144
144
144
144
144
144
144
144
144
144
144
144
144
144
144
144
493
493
493
493
493
493
493
493
493
493
493
493
493
493
493
493
493
493
493
493
493
493
493
493
493
493
493
493
493
493
493
493
493
493
493
881
881
493
493
493
493
493
493
493
493
493
493
711
711
170
170
170
170
170
170
170
170
170
170
170
170
170
170
170
170
170
170
170
170
493
493
170
170
170
170
170
170
170
170
170
493
493
493
493
493
493
493
493
493
822
900
19
19
19
19
19
19
19
19
19
19
19
938
938
938
938
938
938
938
938
938
938
938
170
170
170
170
170
170
170
170
170
170
170
938
938
938
938
938
938
938
938
938
938
938
938
938
938
938
938
938
938
938
938
938
938
938
938
938
938
938
938
938
938
109
109
109
109
109
109
938
938
938
938
938
938
938
938
938
938
938
938
938
938
588
444
444
444
444
444
444
109
109
109
428
109
109
938
938
170
170
170
170
170
170
352
352
352
352
352
352
352
352
352
352
352
352
352
352
588
588
588
190
190
190
190
190
190
190
190
190
190
190
8
829
263
263
263
263
263
263
263
263
263
263
263
940
940
940
940
940
352
352
352
352
352
352
352
141
141
141
141
141
141
141
141
141
141
141
141
141
141
141
352
352
352
352
352
352
109
109
109
109
444
444
444
444
444
444
352
352
352
440
440
440
440
141
141
141
141
141
141
141
141
141
141
141
141
962
962
962
962
141
141
141
141
141
141
141
141
141
141
141
141
352
288
288
288
288
288
288
288
288
288
288
288
288
209
288
288
288
288
209
834
209
209
209
209
209
209
834
834
834
141
141
141
141
141
141
141
141
141
141
141
141
141
141
141
141
141
141
141
141
141
141
962
962
962
962
962
962
962
962
962
962
962
962
962
962
962
962
962
962
962
962
962
962
962
962
962
962
962
962
962
962
962
962
962
962
962
962
962
962
962
962
962
962
962
962
962
962
962
881
881
762
962
962
962
962
962
962
962
962
962
962
962
962
962
962
962
962
962
962
962
962
962
962
962
962
962
962
962
962
354
354
354
354
354
354
354
248
248
248
248
128
128
128
128
128
128
128
128
128
128
34
354
226
226
226
226
354
354
354
354
226
248
248
248
248
248
248
248
248
248
248
217
834
834
834
834
834
834
834
834
834
834
834
834
834
834
834
834
834
834
834
834
834
714
714
714
714
714
714
714
714
714
714
714
714
714
714
714
714
967
967
967
967
967
967
370
370
370
370
370
370
370
370
403
403
403
403
403
519
519
519
519
519
519
519
519
519
519
519
519
519
519
519
519
519
519
519
519
519
519
519
519
519
519
519
519
519
519
519
519
519
519
519
519
519
519
519
519
519
519
519
519
519
519
519
506
506
506
506
506
506
506
506
506
506
506
506
506
506
506
506
506
506
506
506
506
506
506
506
506
506
506
506
506
506
506
506
506
506
506
506
506
506
506
506
506
506
141
141
141
141
141
141
141
141
922
922
922
922
922
922
922
273
273
273
23
23
23
23
273
273
273
922
922
922
922
922
922
922
922
922
922
922
922
922
922
922
922
922
922
922
922
922
564
564
564
564
564
564
564
564
564
564
564
564
564
564
564
564
564
564
564
564
564
564
564
564
564
564
564
564
564
564
564
564
564
738
738
738
738
738
738
738
738
738
738
738
738
738
738
738
738
738
738
738
738
738
738
532
564
564
564
564
564
564
564
738
738
738
738
738
738
738
738
738
738
738
738
424
424
424
424
424
738
424
424
424
424
424
424
424
424
424
738
738
738
738
738
738
738
738
738
738
738
738
738
738
738
738
738
738
738
738
738
738
738
738
738
738
738
738
1000
231
231
231
231
231
231
231
231
231
231
231
231
231
231
231
231
231
231
231
231
231
432
432
432
432
432
432
68
432
432
432
432
1000
1000
1000
1000
403
403
403
403
403
403
403
403
403
403
403
403
403
403
403
403
403
403
730
730
730
730
730
730
730
730
730
730
730
730
730
730
730
730
730
730
730
730
730
730
730
730
730
730
730
730
730
730
730
730
730
730
730
730
730
730
730
730
730
730
730
730
730
730
730
730
730
730
730
730
730
730
730
730
730
730
730
730
730
730
730
730
949
949
949
949
949
949
949
949
949
949
949
949
949
949
949
949
949
949
949
949
949
949
949
949
949
949
949
949
949
949
949
949
949
949
949
949
949
949
949
949
949
949
949
949
949
949
935
935
935
935
935
935
935
935
935
935
935
935
935
247
471
471
471
471
247
247
247
247
247
247
247
247
247
247
247
247
247
247
247
247
13
432
432
432
935
935
935
935
935
935
935
935
935
935
935
935
935
935
935
935
935
935
471
471
935
935
935
935
935
935
935
935
935
935
935
935
466
949
432
432
432
432
432
466
432
432
432
432
432
432
432
432
432
432
68
68
68
432
432
432
636
636
466
466
466
466
466
466
466
67
67
67
802
67
67
67
432
755
755
755
755
755
755
755
755
755
755
755
755
755
58
58
58
58
58
58
58
58
58
58
58
58
58
58
58
58
58
58
58
58
58
58
537
537
653
653
653
653
653
653
653
653
653
653
653
537
537
537
537
537
714
714
714
714
714
714
714
714
169
169
169
169
169
169
653
349
714
714
714
110
110
432
432
432
349
349
349
349
349
349
349
349
349
349
349
349
349
349
349
349
349
349
349
349
349
349
349
349
349
349
349
349
349
349
349
349
349
349
349
349
349
349
349
349
784
784
784
784
784
784
784
784
784
784
784
784
784
784
784
784
784
784
784
784
784
784
784
784
784
784
784
784
784
784
784
784
784
784
784
784
784
784
784
784
784
784
784
784
784
784
784
784
784
784
784
784
784
784
784
896
896
896
896
896
896
58
58
58
58
334
334
334
334
334
334
334
334
334
334
334
334
334
334
334
334
334
334
334
334
334
259
259
259
259
259
259
259
259
259
762
762
762
762
537
537
537
537
537
537
537
537
537
537
537
537
537
537
537
537
537
537
537
537
537
762
259
259
259
259
259
259
259
259
259
259
259
259
259
259
259
259
259
259
259
259
259
259
259
259
259
259
259
259
259
259
259
259
259
259
259
259
259
259
259
259
259
259
259
259
259
259
259
259
259
259
259
259
259
259
259
259
259
259
259
259
259
259
259
259
259
259
259
259
259
259
259
259
259
259
259
259
259
259
259
259
259
259
259
259
259
259
259
259
259
259
259
259
259
259
259
259
259
259
259
259
762
762
762
762
762
762
762
762
762
762
762
762
762
762
762
762
762
762
762
762
762
762
762
762
762
762
762
762
762
762
762
762
762
762
762
762
762
762
762
762
762
762
762
762
762
762
762
762
762
762
762
762
762
762
762
762
762
762
762
762
762
762
762
762
762
762
762
762
762
762
762
251
251
251
259
259
259
259
259
259
505
259
259
259
762
762
762
762
762
762
762
762
762
947
251
251
947
947
947
762
762
762
762
762
762
762
762
762
762
762
762
762
762
762
762
762
762
762
762
762
762
762
762
762
762
762
762
762
762
762
762
762
762
762
762
762
762
762
762
762
762
762
762
762
762
762
148
148
148
718
718
947
947
947
110
110
110
110
110
110
594
594
594
594
594
594
718
718
718
718
718
718
718
718
718
718
718
718
718
718
718
718
718
718
947
947
947
947
947
947
947
947
612
718
718
718
718
718
718
718
718
718
718
718
718
718
718
718
718
718
718
718
718
718
718
718
718
718
718
718
718
718
718
718
718
718
718
718
718
718
718
718
718
718
718
718
718
718
258
258
718
718
718
718
718
718
718
718
718
718
718
718
718
718
718
718
718
718
718
718
718
718
718
718
718
718
718
718
718
718
718
718
718
718
718
718
718
718
718
718
718
718
718
718
718
718
718
718
718
718
718
718
718
718
718
718
718
718
428
428
428
428
428
428
428
428
428
428
428
428
428
428
428
428
428
428
428
428
428
428
428
428
428
428
428
428
428
428
908
428
428
908
428
428
428
428
428
428
428
428
428
428
428
53
53
53
53
53
53
53
53
53
53
53
53
53
53
53
53
53
53
53
53
53
53
53
815
815
815
815
815
815
815
815
815
815
815
815
815
815
815
815
815
815
815
815
815
815
474
474
794
794
794
794
815
815
815
815
815
815
815
815
815
815
815
815
815
815
815
428
428
428
428
428
428
428
428
428
428
428
428
428
428
428
428
815
815
815
815
815
815
815
815
815
799
799
799
799
799
799
799
243
243
774
774
774
243
243
428
428
428
655
655
655
655
655
655
655
655
655
655
655
655
655
655
655
655
655
428
428
428
428
428
428
428
428
428
438
516
516
516
516
516
516
438
438
438
438
516
516
516
516
516
516
516
290
290
290
290
290
290
290
290
290
516
516
516
516
516
516
714
714
655
655
655
655
655
655
655
481
481
481
375
375
375
375
375
450
450
269
269
269
269
269
269
269
269
269
700
700
700
700
700
700
700
269
269
269
269
269
269
269
269
269
269
700
700
700
269
269
269
269
423
423
1000
1000
1000
1000
1000
1000
1000
1000
1000
1000
1000
1000
1000
1000
1000
1000
1000
1000
1000
1000
1000
1000
1000
1000
1000
1000
1000
947
947
947
947
947
947
947
947
947
947
947
947
947
947
947
947
947
947
947
947
947
947
947
947
947
947
947
947
927
275
947
947
947
947
947
1000
1000
1000
1000
1000
1000
1000
1000
1000
1000
1000
1000
1000
1000
1000
1000
1000
1000
1000
1000
1000
1000
1000
1000
1000
1000
1000
1000
1000
1000
1000
1000
1000
1000
1000
1000
1000
885
885
885
885
885
885
885
885
885
885
885
885
885
885
885
885
885
885
885
885
885
885
885
885
1000
1000
1000
1000
1000
1000
1000
1000
1000
1000
1000
1000
1000
1000
1000
1000
1000
1000
1000
355
355
355
355
355
355
355
355
355
355
355
355
355
355
355
355
355
355
355
355
771
161
893
893
893
893
492
492
492
492
492
492
492
492
492
492
492
492
492
492
492
492
492
492
492
492
492
492
492
492
492
492
492
492
492
947
947
947
947
947
947
947
947
947
947
492
492
492
492
492
492
492
492
492
492
492
492
492
492
492
492
492
492
492
492
492
492
492
492
492
492
492
492
492
492
492
492
492
492
492
492
492
492
492
492
492
492
492
492
492
492
492
492
492
492
492
492
492
492
492
492
492
492
492
492
492
492
492
492
492
492
492
492
492
492
492
492
492
492
492
492
492
492
492
492
492
492
492
492
492
492
492
492
492
492
492
492
492
492
492
492
492
492
492
492
492
492
492
492
492
492
492
587
587
587
587
587
587
587
587
587
587
587
587
587
587
177
177
177
177
177
177
177
445
445
445
445
445
445
445
445
445
445
445
445
1000
1000
1000
177
1000
236
236
236
236
236
236
236
177
177
177
177
177
177
177
177
177
177
177
177
177
177
568
863
863
568
8
914
914
914
177
177
859
859
859
859
859
859
859
859
859
859
859
859
859
859
859
208
208
208
208
208
208
208
208
208
208
208
208
208
208
208
208
208
208
208
208
208
208
208
588
588
588
588
588
588
588
588
588
588
588
208
208
588
588
588
588
588
588
859
377
377
683
683
683
683
683
377
377
377
377
377
377
859
568
568
568
568
568
683
683
683
683
683
683
683
683
683
683
683
177
177
177
177
177
177
568
568
568
568
568
568
568
568
863
177
177
177
177
177
177
177
177
177
177
177
683
683
683
683
683
683
683
683
683
683
683
683
683
683
683
683
683
683
683
683
683
683
177
177
177
177
177
177
177
177
177
177
177
177
177
177
177
177
177
177
177
177
177
177
177
177
177
177
177
177
177
177
177
177
177
568
568
568
568
568
568
568
377
377
377
377
377
859
859
859
859
859
859
859
859
859
859
859
859
859
859
859
859
859
859
859
859
859
859
859
859
859
859
859
859
859
859
859
859
859
859
549
549
549
549
549
549
549
549
549
549
549
549
549
549
549
549
549
549
549
549
332
332
572
572
572
201
201
201
201
201
201
201
201
171
171
171
171
171
171
171
171
171
171
171
171
171
171
171
171
171
171
171
171
171
171
171
171
171
171
171
171
171
171
171
171
171
171
171
171
171
171
171
171
171
171
171
171
171
171
171
171
171
171
171
171
171
171
171
171
171
171
171
171
171
171
171
171
171
171
171
171
171
171
171
171
171
171
171
171
171
171
171
171
171
171
171
171
171
171
171
171
171
171
171
171
171
171
92
92
92
92
92
92
92
92
92
92
92
92
92
92
92
92
723
723
723
723
723
723
35
35
35
35
335
335
335
335
335
335
335
335
335
335
335
335
335
335
335
335
335
335
335
335
335
335
335
335
335
335
335
335
335
335
335
335
232
271
271
271
271
271
271
271
271
271
271
271
16
762
762
762
762
762
16
749
749
749
232
232
232
232
232
232
232
232
232
66
232
232
232
232
232
232
232
232
232
232
232
232
232
232
232
232
232
232
232
232
232
232
749
749
749
749
749
749
749
749
749
749
749
749
749
749
749
749
749
749
749
749
749
749
749
749
749
749
749
749
749
749
749
749
979
979
965
91
91
965
979
979
979
979
979
749
749
749
749
749
749
749
749
749
749
749
749
749
749
749
749
749
749
295
295
295
295
295
295
295
295
295
295
295
295
295
295
295
295
295
295
201
201
201
201
201
201
201
201
201
201
201
201
201
201
201
201
201
201
201
749
749
749
749
749
253
253
253
253
253
253
253
253
253
253
177
177
177
177
177
436
436
436
177
436
177
177
783
783
783
714
714
171
253
253
253
253
253
253
253
253
253
253
253
253
253
253
253
253
253
253
253
253
253
253
190
190
714
714
714
714
714
714
714
714
714
714
714
714
714
714
714
714
714
714
714
714
714
714
714
714
714
714
714
714
714
714
714
762
762
335
123
123
463
463
463
463
463
463
463
463
463
463
295
295
295
295
295
295
123
123
123
123
123
123
123
123
123
123
123
123
123
123
611
611
611
611
611
611
611
611
611
611
611
611
611
611
611
707
707
707
707
707
707
707
707
707
707
707
707
707
707
707
707
707
707
707
707
707
707
707
707
707
707
707
707
707
707
707
707
707
707
707
707
707
707
707
707
707
707
707
707
707
707
707
707
707
707
707
707
707
707
707
707
707
707
707
707
707
707
707
707
707
707
707
707
707
707
707
707
707
707
707
707
707
707
707
707
707
707
707
611
611
611
611
611
611
611
611
611
611
611
611
611
611
611
611
611
611
611
611
611
611
611
611
611
611
611
611
611
611
611
611
611
611
611
611
611
611
611
611
611
611
611
970
970
970
970
707
707
707
707
436
436
436
436
436
436
436
436
436
436
436
436
16
177
177
177
177
177
952
594
594
594
594
594
952
952
952
952
952
952
16
16
16
16
16
16
177
177
177
177
177
177
177
177
177
177
177
177
177
177
177
177
16
634
634
634
634
634
634
634
634
707
201
201
201
201
201
201
201
707
707
707
707
707
707
707
707
707
707
707
707
707
707
259
259
259
259
259
259
259
259
259
259
259
259
259
259
259
259
259
259
436
436
436
436
436
177
436
436
177
177
177
177
177
177
177
177
177
177
436
436
436
436
436
436
436
436
436
436
436
436
436
436
436
436
436
177
177
177
177
177
177
177
177
177
177
842
842
707
707
707
707
707
707
707
707
707
448
248
248
248
248
248
436
436
436
436
436
436
410
768
768
768
768
768
768
201
201
768
768
768
768
768
768
768
768
768
768
768
768
768
768
768
768
768
768
768
768
768
768
768
768
768
768
768
768
768
768
768
768
768
768
768
768
768
768
768
768
768
768
768
768
768
768
768
768
768
768
768
768
768
768
768
768
768
768
768
768
768
768
768
768
768
768
768
768
768
768
768
768
768
768
768
768
768
768
768
768
768
768
768
768
768
768
768
768
259
259
675
675
675
473
473
473
473
473
473
492
473
492
492
275
275
275
275
275
275
275
275
275
66
66
66
66
66
66
66
66
66
66
66
66
66
66
66
66
66
66
66
66
66
66
66
66
66
66
66
66
66
66
66
66
66
66
66
66
66
66
66
66
66
66
66
66
66
66
66
66
66
66
66
66
66
66
66
66
66
66
66
66
66
66
66
66
66
66
66
66
66
66
66
66
66
66
66
66
66
66
460
460
460
460
460
460
460
460
460
460
460
460
460
460
460
460
460
460
460
460
460
66
733
733
733
733
733
733
733
733
733
733
733
460
460
460
460
268
268
268
268
707
707
707
707
707
707
707
707
707
707
707
707
707
707
707
707
707
707
707
707
707
707
707
707
707
707
707
707
707
707
707
707
707
707
707
707
707
707
707
707
707
707
707
707
707
707
707
707
707
707
707
707
707
707
707
707
707
707
707
707
707
24
24
24
24
24
24
24
24
24
24
24
24
24
24
24
24
24
24
24
24
24
24
24
24
24
24
24
24
24
24
24
24
24
24
24
24
24
24
24
24
253
253
253
253
253
253
253
253
253
253
253
253
253
253
253
275
253
253
253
253
253
253
253
253
253
253
253
253
253
253
253
253
253
253
253
253
253
253
253
253
253
24
24
24
24
24
24
24
24
24
24
24
24
24
24
24
24
24
24
24
24
24
24
24
24
24
24
24
24
24
24
24
24
24
24
24
24
24
24
166
166
166
166
166
166
166
166
166
166
166
166
166
166
166
166
166
166
166
166
166
166
166
166
166
166
166
253
253
253
253
253
253
253
253
253
253
166
166
166
166
166
166
166
166
166
166
166
166
166
166
166
166
24
24
24
478
478
478
478
478
478
478
478
478
467
467
467
467
467
467
467
467
467
618
618
618
618
618
618
618
618
618
618
618
618
618
618
618
618
618
618
618
618
618
618
618
618
618
618
72
72
72
72
72
72
72
72
72
72
72
72
72
72
72
72
72
72
72
72
72
72
72
72
72
72
72
72
72
72
72
72
72
72
72
72
72
72
72
72
72
72
72
72
72
72
72
72
72
72
72
72
72
72
72
72
72
72
72
72
72
72
72
72
72
72
72
72
72
72
72
72
72
72
72
72
72
72
72
72
72
72
72
72
72
72
72
72
72
72
72
72
72
72
72
72
72
72
72
72
72
72
72
72
72
72
72
72
72
72
72
72
72
72
72
72
72
72
72
72
72
72
72
72
72
72
72
72
72
72
72
72
72
72
460
460
460
460
460
460
460
460
460
460
460
460
460
460
943
943
943
943
943
943
943
943
943
943
943
943
943
943
943
943
943
943
943
943
943
943
943
943
943
943
943
943
943
943
943
943
943
943
943
943
943
943
943
943
943
943
943
943
943
943
299
299
299
299
299
299
299
707
707
707
707
707
707
885
885
885
885
885
885
885
885
885
885
885
885
885
885
885
885
885
885
885
885
885
885
885
885
885
885
885
885
885
885
885
885
885
885
885
885
885
885
885
885
885
885
885
885
707
707
707
707
707
707
707
885
885
885
885
885
885
885
885
885
885
885
885
885
885
885
885
885
885
885
885
885
885
885
885
885
885
885
885
885
885
883
883
883
883
883
883
883
883
883
883
883
883
883
883
883
883
883
883
883
883
883
883
883
883
883
883
883
883
883
883
883
883
883
883
883
883
883
883
883
883
883
883
883
883
883
883
883
883
883
883
883
883
883
707
707
707
707
707
707
707
707
707
707
707
707
707
707
707
883
883
883
883
883
883
883
883
883
883
883
617
617
617
617
883
883
883
883
883
883
617
617
617
617
617
617
617
617
617
515
24
24
707
707
707
707
707
707
707
707
707
707
707
707
707
707
707
707
707
707
707
707
707
707
581
451
967
967
967
967
908
908
908
908
707
707
707
707
707
707
707
707
707
707
707
707
707
602
602
602
602
299
299
299
299
602
602
602
602
602
602
602
299
299
299
299
299
299
299
299
299
299
299
299
299
299
299
299
299
299
299
299
299
299
299
299
299
299
602
299
299
299
299
299
299
299
299
602
515
515
515
515
515
515
515
515
515
515
515
515
515
515
515
515
515
515
515
515
515
515
515
515
515
515
515
515
515
515
515
515
515
515
515
515
515
515
515
515
515
515
515
515
515
515
515
515
515
366
366
366
366
366
366
611
611
99
366
366
911
911
588
588
588
588
588
588
588
236
236
236
236
236
236
660
236
236
660
588
588
588
588
366
911
911
220
220
220
220
220
220
220
220
532
532
532
532
959
959
959
959
959
959
959
959
515
883
883
883
883
883
883
883
883
883
883
883
883
883
883
883
883
883
883
883
883
883
883
883
883
883
883
883
883
353
353
756
756
28
28
28
353
353
353
756
756
756
756
756
756
756
756
756
756
756
28
353
353
182
122
293
293
293
293
293
720
554
554
883
883
883
883
883
883
883
883
883
883
883
883
883
883
883
883
883
883
883
883
883
883
883
883
549
549
549
883
883
883
883
189
189
189
189
189
189
189
189
189
189
189
189
189
189
189
189
189
189
189
189
189
189
189
189
189
189
189
189
189
189
189
189
189
189
189
189
189
189
189
941
941
941
941
883
883
883
660
660
660
660
660
515
515
515
515
515
515
515
515
515
515
515
515
515
515
515
515
515
515
515
515
515
515
515
515
515
515
515
515
515
515
515
515
515
515
515
660
660
660
959
959
959
959
959
959
959
959
959
959
959
959
959
959
959
959
959
959
959
959
959
959
959
959
959
959
959
959
959
633
633
633
633
633
633
633
633
633
633
633
633
633
633
633
633
633
633
633
633
633
633
633
633
959
959
959
959
959
959
959
959
959
959
959
959
959
959
959
959
959
959
959
959
959
959
959
959
959
959
959
959
959
959
959
959
959
959
959
959
959
959
959
959
959
959
959
959
649
649
649
649
649
937
937
937
937
937
937
937
937
937
937
937
937
937
937
633
633
294
294
294
294
294
294
832
832
832
832
832
832
832
832
832
832
832
832
581
581
581
581
581
581
581
581
581
581
581
581
581
581
581
581
581
581
581
581
621
621
621
621
621
621
621
766
766
766
766
766
766
766
766
766
766
766
766
766
766
766
766
766
766
766
766
766
766
766
766
766
766
766
766
766
766
766
766
766
766
766
766
766
766
766
766
766
766
766
766
766
766
766
766
766
766
766
766
766
766
766
766
766
766
766
766
766
766
766
766
766
766
766
508
508
766
508
508
508
508
508
508
508
508
508
508
508
508
508
515
515
515
375
375
375
375
602
602
733
733
733
733
733
733
733
733
733
733
733
733
733
733
733
733
733
733
733
733
733
733
733
733
733
733
733
733
733
733
733
733
733
515
515
515
515
515
515
515
515
515
515
515
515
515
515
393
992
992
992
992
393
393
393
393
733
733
733
733
733
733
171
171
375
375
733
733
733
733
733
393
393
905
905
905
905
905
189
189
189
189
189
189
189
189
189
189
189
189
2
146
146
146
146
515
515
515
515
515
515
515
515
515
956
956
956
956
956
956
956
956
956
956
956
956
937
937
956
956
956
956
956
956
956
956
956
956
115
115
115
115
115
115
115
115
115
115
115
115
115
115
115
115
115
115
115
115
115
115
115
115
115
115
115
115
115
115
115
115
115
115
941
941
941
941
941
941
926
508
508
508
508
508
508
508
508
508
508
508
508
508
508
508
469
703
703
703
703
703
703
703
703
703
703
703
703
703
703
703
703
703
703
703
703
703
703
703
703
703
703
703
703
703
703
703
703
703
703
703
703
703
703
703
703
703
703
703
703
703
703
703
703
703
703
703
703
703
703
703
703
703
703
703
703
703
703
703
703
703
703
703
703
703
703
703
703
703
703
703
703
703
703
703
703
703
703
703
515
515
710
710
710
710
710
710
710
710
710
710
710
710
710
710
710
710
947
947
947
947
947
947
947
947
710
710
710
710
710
710
710
710
710
710
959
959
959
959
959
959
959
959
959
959
959
515
515
515
515
515
515
515
515
515
515
515
515
515
515
515
515
515
515
515
515
515
515
515
703
189
189
189
189
189
189
189
189
189
189
189
189
189
189
189
189
189
189
657
657
657
189
189
913
913
913
913
913
913
913
913
913
913
913
913
913
913
913
913
913
913
913
913
913
913
913
913
913
913
913
913
913
913
913
913
913
30
30
30
30
30
30
30
30
30
30
30
30
30
30
30
30
30
30
30
30
30
30
30
634
634
634
634
633
633
633
633
634
634
634
634
634
634
634
126
971
971
971
165
165
165
971
377
377
377
377
377
377
377
377
377
377
377
377
377
377
377
377
377
732
732
732
732
732
733
733
733
733
733
733
733
733
733
733
733
733
733
733
733
733
733
733
733
659
659
659
659
659
659
659
659
659
659
659
659
659
659
659
659
659
659
659
710
710
710
347
347
347
347
347
347
347
347
347
347
347
347
347
347
347
347
347
347
347
347
347
347
347
347
347
347
347
347
347
347
347
347
347
347
347
347
347
347
347
347
347
347
347
347
347
347
347
347
347
347
347
347
347
347
347
347
347
347
347
347
347
347
347
347
347
347
347
347
347
347
347
347
347
347
347
347
347
347
347
347
347
347
347
347
347
347
347
347
347
347
347
347
347
347
347
347
347
347
347
347
347
347
347
347
347
347
347
347
362
362
575
362
362
613
613
621
621
621
621
621
211
621
621
621
621
621
621
621
621
621
621
621
771
771
771
211
621
211
575
575
575
575
318
318
318
318
318
318
318
318
318
318
318
318
318
318
318
70
70
70
70
70
70
70
389
389
389
389
389
362
362
362
362
362
613
496
496
215
215
215
215
215
215
377
377
377
215
215
215
215
146
146
146
146
146
146
146
146
146
146
146
146
146
146
146
200
200
37
37
37
146
146
146
146
146
146
146
37
377
377
377
842
842
389
389
389
389
389
389
70
70
70
70
70
70
70
70
70
70
70
70
70
70
70
70
389
389
389
389
389
389
389
389
389
389
389
389
389
389
389
389
389
389
389
389
389
389
389
389
389
389
389
389
389
389
389
389
389
389
389
389
389
389
389
389
389
389
389
70
70
70
70
70
70
70
389
389
389
389
389
389
389
96
96
96
389
389
599
599
599
599
766
854
988
988
988
988
988
988
988
988
988
988
988
766
766
766
766
766
988
988
988
854
854
854
854
854
854
854
854
952
952
519
332
952
952
952
952
952
952
952
952
952
952
952
952
952
952
952
952
936
936
936
936
936
936
936
936
834
834
834
834
834
834
834
834
834
834
834
834
834
834
834
834
834
834
834
834
834
834
834
834
834
834
834
952
952
952
952
952
952
952
952
952
952
952
952
952
952
952
952
952
952
952
952
952
952
952
952
952
952
952
952
952
952
952
952
952
952
952
952
952
952
952
952
952
952
952
952
952
952
952
952
952
952
952
952
952
952
952
952
952
952
952
952
952
952
952
952
952
952
952
952
952
952
952
952
952
952
952
952
952
952
952
952
952
952
952
952
952
952
952
952
952
952
952
952
952
952
952
952
952
952
952
952
952
952
952
952
952
952
952
952
952
952
952
952
952
952
952
952
952
952
952
952
952
952
952
952
952
952
952
952
952
952
952
952
952
952
952
663
663
663
663
663
663
663
663
663
663
663
663
663
663
663
663
663
663
663
663
663
663
663
663
663
663
663
663
663
663
663
663
663
663
663
663
663
663
663
663
663
663
663
663
663
663
663
663
663
663
663
663
663
663
663
663
663
663
663
663
663
663
663
663
663
663
663
663
663
663
663
663
663
663
663
663
279
279
279
279
279
279
279
279
279
279
279
279
279
279
279
279
279
279
279
279
279
279
279
279
279
279
279
279
279
279
279
279
279
279
279
279
279
279
279
279
279
279
279
279
279
279
279
279
279
279
279
279
279
279
279
279
279
279
663
663
663
663
663
663
952
952
952
952
952
952
952
952
952
952
952
952
952
952
952
952
952
952
952
952
952
952
952
952
952
952
952
952
952
952
952
241
241
241
241
241
952
952
952
952
952
952
952
952
952
952
952
952
15
15
15
967
967
967
713
713
713
663
713
713
713
713
713
713
713
713
663
713
15
15
15
15
15
15
15
15
15
15
15
15
15
15
15
15
15
15
15
241
241
241
241
241
241
241
241
241
241
241
241
241
241
241
241
241
241
241
241
241
241
241
241
241
241
241
241
241
241
241
241
241
241
241
241
241
241
241
241
241
241
241
250
241
241
241
241
241
241
241
241
241
241
241
241
604
604
604
604
604
604
604
723
327
327
327
327
723
604
604
604
604
604
604
604
604
239
239
239
239
604
604
604
604
324
324
324
324
324
324
324
324
324
324
324
324
713
713
713
713
713
713
713
713
713
713
713
713
713
713
713
713
713
713
713
713
713
713
713
713
713
713
713
713
713
713
713
713
713
713
713
713
713
713
713
713
713
713
713
713
713
15
15
15
15
15
15
15
15
15
15
15
15
15
15
15
15
15
15
15
15
106
106
106
106
106
106
106
106
106
956
864
864
864
864
864
864
864
864
864
864
864
864
864
864
864
864
864
864
220
12
193
193
193
193
595
595
193
193
193
595
595
595
977
977
977
977
977
977
977
977
530
530
560
560
577
560
560
577
577
577
560
560
560
560
560
560
577
577
577
560
560
560
560
560
560
560
560
560
560
560
560
560
560
560
530
530
91
91
91
91
91
91
91
91
91
91
91
91
91
91
91
91
91
91
91
964
964
964
964
964
106
106
91
91
91
91
303
303
303
303
303
303
218
218
218
218
218
218
218
218
218
218
218
218
218
218
218
218
218
218
218
218
218
218
218
218
182
91
91
91
91
91
91
91
91
91
91
91
91
91
91
91
91
91
91
91
91
91
218
218
218
218
273
273
273
273
273
273
273
273
273
273
273
273
273
273
273
273
273
273
273
273
273
273
273
273
273
273
273
273
273
273
273
273
273
273
273
273
273
273
273
273
273
273
273
273
273
273
273
273
273
273
273
273
273
273
273
273
273
273
273
273
273
273
273
273
273
273
273
273
273
273
273
273
273
273
273
273
273
273
273
273
273
273
273
273
273
273
273
273
273
273
273
273
273
273
273
273
273
273
503
503
503
503
503
503
503
503
503
503
503
503
503
503
503
503
503
503
503
503
503
503
968
968
968
968
452
452
452
452
452
189
189
189
503
503
503
503
503
503
503
503
503
503
503
503
503
503
503
503
114
114
114
114
114
114
114
114
114
114
114
114
114
114
419
419
419
114
939
939
386
386
107
107
386
861
861
861
861
861
861
861
861
861
861
889
889
44
44
4
4
4
4
823
985
988
988
90
90
90
90
90
90
90
90
90
90
90
917
917
917
917
917
917
917
917
917
917
917
917
917
917
917
917
917
917
917
917
917
917
917
917
917
917
917
917
917
917
917
917
917
917
917
917
917
917
917
917
917
917
917
917
917
917
917
917
917
917
917
917
917
917
917
917
422
422
422
422
422
422
422
422
422
422
422
422
422
422
422
422
422
422
422
422
422
422
422
422
422
422
422
422
422
422
422
422
422
422
422
422
422
422
422
422
422
422
422
422
422
422
90
90
90
422
422
422
422
422
422
422
422
422
422
645
645
645
645
645
645
645
645
712
742
742
742
742
742
742
742
742
742
742
558
558
558
558
44
44
44
422
422
422
422
422
422
422
422
422
422
422
422
422
422
422
422
422
422
422
422
422
422
422
422
422
422
422
422
422
422
422
422
422
422
422
422
422
422
422
422
422
990
990
990
990
990
990
990
990
990
990
990
990
990
990
990
990
990
990
990
990
990
990
990
990
990
990
990
990
990
990
990
990
990
990
990
990
990
990
990
990
990
990
990
990
990
990
990
990
990
990
990
990
990
990
990
990
990
990
990
990
990
990
990
990
990
990
990
990
990
990
990
990
990
990
990
990
990
133
133
218
218
218
218
218
218
218
218
218
218
218
218
218
218
218
218
218
218
218
218
218
218
218
218
218
218
218
218
218
218
218
218
218
218
218
218
218
218
218
218
218
218
218
218
218
218
218
218
218
218
218
218
218
218
218
218
218
218
218
218
218
218
218
218
218
218
218
218
218
218
218
218
218
218
218
218
218
218
218
218
218
218
218
218
218
218
218
218
218
218
218
218
218
218
218
328
328
328
328
328
328
328
328
328
328
517
517
517
517
517
517
517
517
297
517
517
860
860
324
324
4
4
147
903
878
878
147
147
767
849
807
807
218
218
218
218
218
218
849
849
849
849
545
545
545
545
545
545
545
545
545
545
545
545
545
545
545
545
545
545
545
545
545
545
545
545
545
545
545
545
545
545
545
545
545
545
545
545
545
545
545
545
807
807
807
807
331
331
331
331
331
331
331
331
331
331
331
331
331
331
331
331
331
331
331
331
331
331
331
331
331
331
331
331
816
816
816
807
807
807
807
807
807
807
807
807
807
807
807
807
807
807
807
807
807
807
807
807
807
807
807
807
807
807
807
807
807
807
807
682
682
682
682
682
682
783
783
783
47
145
189
189
189
189
189
189
189
189
189
189
189
189
189
189
189
189
189
189
189
189
189
189
189
189
582
452
452
452
452
328
328
328
328
328
517
517
517
517
517
517
334
334
334
334
334
334
218
218
218
218
218
218
218
218
218
334
334
774
774
774
774
774
774
774
774
488
488
488
488
488
488
488
488
488
488
488
488
488
488
488
488
648
648
648
648
648
648
648
488
488
488
488
488
488
488
90
90
90
90
90
90
90
90
90
90
90
90
90
90
90
90
90
90
90
90
90
90
90
90
90
90
90
90
90
90
90
90
90
90
90
90
90
90
90
90
90
90
90
90
90
90
682
682
218
218
218
218
218
218
218
218
218
90
90
90
90
90
90
90
90
90
90
90
90
90
90
90
90
90
90
90
90
90
90
730
730
730
730
730
730
730
730
730
730
730
730
730
730
730
730
730
730
730
730
730
730
730
730
730
730
730
730
730
730
730
730
730
730
730
730
730
241
241
241
241
241
241
241
241
241
241
241
241
241
241
241
849
849
849
849
849
23
959
959
959
959
959
959
844
844
844
844
844
844
844
844
844
844
844
844
844
844
844
140
140
140
134
134
134
134
134
134
134
134
134
134
134
134
134
134
134
134
134
134
134
134
134
134
134
134
134
134
134
134
134
134
134
134
134
134
134
134
134
134
134
134
134
134
134
134
134
217
217
217
248
248
653
653
653
217
217
217
217
217
217
217
217
217
583
583
583
583
583
901
217
217
217
217
217
217
217
217
217
583
583
217
241
241
241
241
241
241
583
583
583
447
447
354
354
354
447
447
447
241
583
241
328
328
328
328
328
328
328
328
328
328
328
328
328
328
328
328
328
328
328
328
328
328
328
328
328
328
328
328
328
328
328
328
328
328
328
580
580
580
580
580
580
580
580
580
218
580
580
580
517
517
517
517
517
517
517
517
517
517
297
328
328
328
328
328
328
328
328
580
580
580
580
580
580
580
580
580
580
580
580
580
580
580
580
812
812
812
812
812
135
135
872
872
872
872
517
517
517
517
517
517
517
517
517
517
438
438
438
438
438
438
438
438
438
438
438
438
930
438
438
438
438
438
438
656
656
473
50
473
473
473
473
473
452
452
452
452
452
792
930
330
330
622
588
960
330
330
58
58
58
58
58
58
58
58
58
58
58
58
58
58
58
58
58
58
58
58
58
58
58
58
58
58
58
58
58
58
58
58
58
58
218
218
218
218
218
218
218
218
133
133
218
218
218
218
218
218
133
133
133
218
218
550
550
550
550
550
550
550
550
550
550
550
550
550
550
550
550
550
550
550
550
550
550
550
550
550
550
550
550
550
550
550
550
550
550
133
133
133
133
133
133
133
133
133
133
133
133
133
133
133
133
133
133
133
133
133
218
218
218
218
218
218
218
218
218
218
133
133
133
133
133
133
133
133
133
133
133
133
133
133
133
133
133
133
133
133
133
133
133
133
133
133
133
133
133
133
133
133
133
133
133
133
133
133
218
218
218
218
218
218
218
218
218
218
218
328
328
328
328
328
328
517
517
517
517
517
517
517
660
660
660
660
660
660
660
660
660
660
660
660
660
660
660
660
660
660
660
660
660
660
660
660
133
133
133
133
133
133
218
218
218
218
218
218
218
218
218
218
218
223
223
223
223
223
223
223
8
8
8
8
8
8
8
8
8
8
175
175
175
175
175
175
921
921
175
175
175
921
223
223
223
223
223
223
223
223
223
175
175
175
175
921
223
223
223
223
223
223
223
223
223
223
223
223
223
223
223
223
223
223
223
223
223
223
223
223
223
223
223
223
223
175
175
175
175
175
175
175
175
8
8
8
223
223
223
223
223
223
223
223
223
223
223
223
223
223
257
257
223
223
132
223
223
132
762
44
44
44
44
44
739
344
739
739
739
344
344
132
344
344
344
739
739
739
739
739
762
762
44
44
44
44
44
44
44
44
44
739
739
739
739
739
739
762
762
762
762
739
739
739
739
44
44
44
44
44
44
44
44
44
44
44
44
44
44
44
44
44
44
44
739
229
229
229
229
229
229
229
229
229
223
223
100
140
140
140
140
380
229
229
229
229
229
229
223
223
229
229
229
229
229
229
229
229
242
242
242
242
242
242
242
242
242
242
242
242
380
242
242
242
242
242
242
242
242
242
242
242
242
242
242
242
242
242
242
242
242
242
242
242
242
242
242
242
242
242
242
242
242
242
242
242
242
242
242
242
242
242
242
242
242
242
242
242
242
242
242
242
242
242
242
380
660
660
660
660
660
776
776
100
100
100
660
660
100
100
100
660
660
100
100
380
380
380
380
380
380
380
229
229
229
229
229
229
229
229
229
229
229
229
229
229
229
229
242
242
242
229
229
229
229
229
229
229
482
482
482
261
261
261
776
776
261
261
261
261
261
261
261
261
261
261
261
261
243
261
229
229
229
229
242
242
242
660
660
776
776
776
776
776
776
776
776
776
776
776
776
776
776
776
776
242
776
776
776
776
776
776
776
776
776
776
472
482
482
472
472
482
482
482
482
482
482
482
812
812
812
812
812
812
812
812
812
812
65
542
542
878
878
748
243
243
243
243
243
243
243
243
243
243
243
243
223
223
223
223
223
223
243
243
243
243
243
243
243
243
243
243
243
243
243
243
698
698
698
698
698
698
698
698
698
698
698
698
698
698
698
698
698
698
530
140
140
140
140
223
223
223
223
223
223
223
223
223
223
223
223
223
223
223
223
223
223
223
223
223
223
223
223
223
223
223
223
223
223
223
223
223
223
875
875
875
875
875
875
875
875
875
875
875
875
875
875
875
431
431
431
431
431
530
530
530
530
223
223
223
223
223
223
223
223
223
223
223
223
223
223
223
223
223
223
223
223
223
431
431
577
577
431
431
431
431
431
431
223
431
431
431
431
431
431
431
180
180
180
180
180
180
180
180
180
180
180
180
180
180
180
180
180
180
180
180
180
180
180
180
180
180
180
180
180
180
180
180
180
180
180
180
180
180
180
180
180
180
180
180
180
180
180
180
180
180
180
180
180
180
180
180
180
180
180
180
180
180
180
180
180
180
180
180
180
180
180
180
180
180
180
180
180
180
180
180
180
180
180
180
180
180
180
180
180
180
180
180
180
180
180
180
180
180
180
180
180
180
180
180
180
180
180
180
180
180
180
180
180
180
180
180
180
180
180
180
180
180
180
180
180
180
180
180
180
180
180
22
22
22
22
22
22
22
22
22
22
22
22
22
22
22
22
22
22
22
22
22
22
22
22
22
22
22
22
22
22
22
22
22
22
22
22
22
22
22
22
22
22
22
22
266
266
135
135
135
135
135
135
135
135
135
180
180
180
180
135
135
135
135
135
135
135
135
135
135
135
135
135
135
135
135
135
135
135
135
135
135
135
135
135
135
135
135
135
135
135
135
135
135
135
135
135
135
135
135
135
135
135
135
135
135
135
135
135
135
135
135
135
135
135
135
135
135
135
135
135
812
812
812
812
812
812
812
812
774
774
774
774
774
774
774
774
774
774
774
774
774
774
774
774
774
22
22
22
22
22
22
22
22
22
22
22
22
959
959
452
452
452
452
452
452
452
452
452
452
452
159
159
430
266
266
266
266
266
266
609
609
609
609
452
452
452
452
452
452
452
452
430
430
452
452
452
452
452
452
452
452
452
452
452
452
452
452
452
452
452
452
452
452
452
452
452
452
452
452
452
22
22
180
180
180
180
180
180
180
180
180
180
180
180
180
180
180
180
180
180
180
180
180
180
180
180
180
180
180
180
180
180
180
180
180
180
180
180
180
180
180
180
180
180
180
180
180
180
180
180
180
180
180
180
180
180
180
180
180
180
180
180
180
180
180
180
180
180
180
180
180
180
180
180
180
180
180
180
180
180
180
180
180
180
180
180
180
180
180
180
180
180
180
180
180
180
180
180
180
180
180
180
180
180
180
180
180
180
180
180
180
180
180
180
180
180
180
180
180
180
180
180
180
180
180
180
180
180
180
180
180
180
180
180
180
180
180
180
180
180
180
180
180
180
180
180
180
164
164
164
164
164
164
164
164
164
164
164
164
164
164
164
164
164
164
164
164
164
164
164
164
164
164
164
164
164
164
164
164
180
180
180
180
180
180
748
748
748
748
748
587
587
587
587
587
587
587
587
587
587
587
587
587
587
587
587
587
587
587
587
748
748
748
748
748
748
748
587
587
389
389
389
389
389
389
716
716
716
913
913
913
913
913
936
936
186
389
389
389
389
389
389
389
389
389
389
389
389
389
748
748
748
748
748
748
748
748
748
748
748
748
748
748
748
748
748
748
748
748
748
748
748
748
748
748
748
748
748
748
748
748
748
748
748
748
748
748
748
748
748
493
493
493
493
493
493
493
493
493
493
493
493
493
493
493
493
493
493
493
493
493
493
587
587
587
587
587
587
587
587
587
587
587
587
587
587
587
587
587
587
587
587
587
587
587
587
587
587
587
587
587
587
587
587
587
587
587
587
587
587
587
587
587
587
587
587
587
587
587
493
493
493
493
493
493
493
493
493
493
493
493
493
493
493
493
493
493
493
493
493
493
493
493
493
493
493
493
493
493
756
756
353
353
353
353
353
353
353
353
353
353
353
353
353
939
939
939
939
939
939
939
939
939
939
939
939
939
939
939
939
939
939
939
939
939
939
939
939
939
939
939
939
939
939
939
939
939
939
939
397
939
939
939
939
939
939
939
939
939
939
939
939
939
939
939
939
939
939
939
939
242
242
242
242
242
242
242
242
242
242
242
242
242
242
242
242
242
242
242
242
242
242
242
242
242
242
242
242
242
242
242
242
242
242
242
242
242
242
820
820
906
906
906
906
906
906
261
261
261
261
261
261
261
261
261
261
261
261
261
261
261
261
261
261
261
261
261
261
261
261
261
261
261
261
261
261
261
261
261
261
261
261
261
261
812
812
812
812
812
812
812
812
812
812
812
812
812
812
812
812
812
812
812
812
812
812
812
812
812
812
812
812
812
812
812
812
812
812
812
812
812
812
261
261
261
261
261
261
261
261
261
261
261
261
261
261
261
261
261
261
261
261
261
261
261
261
261
261
261
261
261
261
261
261
261
261
261
261
261
261
261
261
261
261
261
261
261
261
261
261
261
261
261
261
261
261
261
261
261
261
261
261
261
261
261
261
261
261
261
261
261
261
70
70
261
261
261
261
261
261
261
261
261
261
261
261
261
261
261
261
261
261
261
261
261
587
587
587
587
587
587
587
587
587
587
587
587
587
587
490
490
490
457
457
457
457
733
733
448
448
448
448
448
448
448
448
448
448
158
158
158
158
158
158
158
158
448
448
448
874
539
539
539
249
249
249
158
158
158
158
158
158
158
158
158
158
158
158
158
158
158
914
914
914
914
914
914
914
914
914
914
914
914
914
914
914
914
914
914
914
914
914
914
914
914
914
914
734
734
734
734
734
734
734
734
734
734
734
734
734
734
734
734
734
734
734
734
734
734
734
734
734
734
734
734
734
734
734
734
734
757
757
757
757
757
757
757
757
757
757
757
757
757
757
757
757
757
757
757
757
757
757
757
757
757
757
757
757
757
757
757
757
757
757
757
757
757
757
757
757
757
757
757
757
757
757
757
757
757
757
757
757
757
757
757
757
757
757
757
757
757
757
757
757
757
757
130
130
130
130
130
130
130
130
130
980
980
980
980
980
980
980
980
980
980
980
980
980
980
980
980
980
980
980
980
980
980
980
980
980
980
980
980
980
980
980
980
980
980
980
980
980
980
980
980
980
980
980
980
980
980
834
834
834
834
834
834
834
834
834
834
834
834
834
834
834
605
605
605
605
605
130
130
329
130
130
130
130
130
130
130
130
130
980
980
300
300
300
300
300
300
300
300
300
300
300
995
432
432
432
432
432
432
432
432
432
432
432
432
432
432
432
980
980
980
980
980
980
980
980
980
980
980
980
980
980
980
980
980
980
980
980
980
980
980
980
980
980
980
432
432
432
432
432
432
432
432
432
432
432
432
432
432
432
980
980
980
980
980
980
980
980
980
980
130
130
130
130
130
130
130
130
130
130
130
300
300
300
300
300
300
300
300
300
300
300
300
300
300
300
300
300
405
405
405
405
405
405
405
405
405
405
405
405
405
405
405
405
405
405
405
405
405
405
405
164
300
300
300
300
300
300
300
300
300
300
300
300
300
329
329
329
374
374
374
374
374
374
374
374
374
374
374
374
374
374
374
374
980
980
980
980
980
980
980
980
980
980
980
980
980
980
980
980
980
923
923
575
575
575
575
374
374
374
374
374
374
374
374
980
980
980
980
980
980
980
980
374
374
374
980
980
980
980
980
980
980
980
980
980
980
980
980
980
980
980
980
980
980
980
980
980
980
980
980
980
980
980
980
980
980
980
980
980
980
980
980
980
980
980
980
374
374
374
374
374
374
374
374
374
374
374
374
374
374
374
374
374
374
374
374
374
374
374
374
374
374
374
374
374
374
374
374
374
374
374
374
374
374
374
374
374
374
374
374
374
374
374
374
374
374
374
374
374
374
374
374
374
374
374
980
980
980
980
980
980
980
980
980
980
980
980
980
980
980
980
980
980
980
980
980
652
980
980
980
980
980
980
980
980
980
980
980
980
980
383
383
383
383
383
557
557
557
557
557
557
980
329
329
130
130
130
130
130
130
597
597
130
130
130
130
130
130
130
130
329
329
329
329
329
329
329
329
329
329
329
329
329
329
329
329
329
329
329
329
329
329
329
329
329
329
329
329
329
329
329
329
329
329
329
329
329
329
329
329
557
557
557
557
557
557
557
557
557
557
557
557
557
557
557
557
995
65
65
65
995
300
995
133
133
133
133
133
133
133
448
133
249
557
329
329
329
329
329
329
329
329
329
329
329
329
329
329
329
329
329
329
329
329
329
329
329
329
130
130
130
329
329
130
130
130
130
130
329
329
329
329
329
329
329
329
329
329
329
329
329
329
329
329
329
329
329
329
329
329
130
130
130
130
130
130
130
130
130
130
130
130
130
130
130
130
130
130
130
130
130
130
130
130
130
130
130
130
130
130
130
130
130
130
130
130
130
130
130
130
130
130
130
130
130
130
130
130
130
130
130
130
168
168
168
168
934
934
934
934
934
934
934
934
934
934
934
934
934
934
934
934
934
934
913
277
277
277
277
277
277
277
277
277
277
277
277
277
277
277
277
277
986
986
986
277
277
277
986
657
657
657
657
657
657
657
657
657
657
657
657
657
657
657
657
657
657
855
855
855
855
855
657
986
986
277
277
657
657
657
68
68
68
68
68
68
68
68
68
68
68
68
68
68
68
68
68
68
68
68
154
154
154
154
154
154
154
154
154
332
332
332
855
855
855
986
855
855
855
855
855
855
855
855
855
855
855
855
855
855
855
855
855
855
855
855
855
449
449
449
449
127
127
127
127
127
127
127
127
127
127
127
127
127
127
127
127
127
127
127
127
127
127
127
127
127
127
127
127
127
127
127
127
127
127
127
127
127
127
127
127
127
127
127
127
127
127
127
127
127
275
275
275
275
275
275
868
958
958
958
958
958
958
958
958
958
958
958
958
958
958
958
958
657
657
657
657
275
275
275
275
275
275
275
275
275
275
275
275
275
275
275
275
275
275
275
275
275
275
275
275
275
275
275
275
275
275
275
275
275
275
275
275
275
275
275
275
275
275
275
275
275
275
275
275
275
275
275
275
275
275
275
275
275
275
851
851
456
456
456
275
275
275
275
275
275
275
275
275
275
275
275
883
883
883
883
883
883
883
883
883
883
883
883
883
883
883
883
883
883
883
127
127
127
127
127
127
127
127
127
127
127
449
449
449
449
449
449
449
449
449
449
449
119
119
119
449
449
449
449
449
449
449
127
127
127
127
127
127
127
127
127
127
127
127
127
127
127
127
127
127
127
127
449
449
820
820
820
820
820
820
820
820
820
820
820
820
820
820
820
820
820
820
820
820
820
820
820
820
820
820
820
820
820
820
820
820
820
820
820
820
820
820
820
383
383
383
383
383
383
383
383
383
383
383
383
383
383
383
383
383
383
383
383
383
383
383
383
383
383
383
383
383
820
820
820
820
383
383
383
383
383
383
383
383
383
383
383
383
383
383
383
383
383
394
891
891
891
820
820
820
820
820
820
820
820
820
820
820
516
516
516
516
516
516
516
516
516
516
516
516
516
516
516
516
516
516
516
516
516
516
84
84
84
84
514
514
515
515
515
515
515
515
515
515
117
859
859
859
859
859
859
859
859
859
859
859
859
859
859
859
127
127
127
127
127
127
127
127
127
127
127
127
127
127
127
127
127
127
127
127
127
127
127
127
127
127
127
127
315
652
315
315
315
315
315
315
652
652
652
652
349
349
349
349
349
349
349
349
349
349
349
349
349
349
349
504
349
349
349
349
349
349
349
349
349
349
127
127
127
127
652
103
103
103
103
103
103
103
652
652
652
652
652
652
652
652
652
652
652
652
652
652
652
652
652
652
652
652
652
652
652
652
652
716
716
716
716
716
716
716
716
716
716
716
652
652
652
652
652
652
652
652
652
652
652
652
652
652
652
652
652
652
652
1
1
1
1
1
1
1
1
1
1
1
1
1
1
1
1
1
1
1
1
1
1
1
1
1
1
1
1
1
1
1
1
1
1
1
1
1
1
1
1
1
1
1
1
1
1
1
1
1
1
35
35
35
35
35
35
35
35
35
35
35
35
35
35
35
957
957
957
957
957
957
957
957
957
957
957
957
957
957
982
982
982
1
1
1
691
691
691
691
691
691
691
691
756
756
756
756
756
756
756
756
691
691
691
691
691
691
691
982
982
982
982
982
982
982
936
491
491
936
936
936
805
398
982
982
982
982
982
982
491
491
491
491
491
491
491
936
936
936
936
936
936
936
982
982
982
982
982
982
936
936
990
691
691
691
691
691
691
691
691
691
691
691
691
691
691
691
691
691
691
691
691
691
691
691
691
691
691
691
691
691
691
691
691
691
691
691
691
479
352
352
352
352
352
352
352
352
352
691
691
691
691
691
691
352
352
352
352
352
352
352
352
352
691
691
691
691
691
502
502
502
502
502
502
502
502
502
502
502
502
502
502
502
502
502
502
502
502
502
502
502
502
502
502
502
502
502
502
502
502
502
502
502
502
502
502
502
502
502
502
502
502
502
502
502
502
502
502
502
502
502
502
502
502
502
502
502
502
502
502
502
502
502
502
502
502
502
502
502
502
502
502
502
502
502
502
502
502
502
502
154
154
154
154
154
657
657
657
657
657
657
657
657
657
855
103
103
103
248
248
248
248
248
103
103
103
103
103
103
103
103
103
103
103
103
103
691
691
691
479
479
479
479
479
479
479
479
479
479
479
479
479
479
479
479
479
479
479
479
479
479
479
463
262
262
262
262
968
968
968
968
463
463
55
55
55
55
55
352
352
352
352
352
624
624
624
624
624
624
624
624
624
624
624
624
624
624
624
624
624
624
624
624
624
624
624
161
161
161
161
668
668
668
668
668
668
668
668
668
668
668
668
668
668
668
668
668
668
668
668
668
668
668
668
668
668
668
668
668
668
668
668
668
691
691
691
691
691
691
691
691
691
691
691
691
691
691
691
691
691
691
691
691
691
691
691
691
691
691
691
691
691
691
691
691
691
691
691
691
691
691
652
652
652
652
652
652
883
883
883
883
652
652
693
693
399
399
399
399
399
399
399
399
399
399
693
693
693
693
693
693
693
693
693
693
693
693
693
693
693
693
693
693
693
693
265
265
265
265
265
167
167
167
167
399
882
882
882
882
882
882
882
882
882
882
882
882
882
882
882
882
882
882
399
399
399
399
399
399
399
399
399
399
306
306
306
306
306
161
161
161
161
161
161
161
161
161
161
161
161
161
161
161
161
161
161
161
161
161
161
161
161
161
161
161
161
161
161
161
161
161
161
161
161
161
161
161
161
161
161
161
161
161
161
161
161
161
161
161
161
161
161
161
161
161
161
161
161
161
161
161
161
161
161
161
161
161
161
161
161
161
873
873
243
161
161
161
161
161
693
693
693
693
693
693
693
693
161
161
161
161
161
161
161
161
161
161
161
161
161
161
161
161
161
161
161
161
161
161
161
161
161
161
161
161
161
161
161
161
161
161
161
161
161
161
161
161
161
161
161
161
161
161
161
161
161
161
161
161
161
161
161
161
161
161
161
161
409
409
409
409
409
409
409
409
409
409
409
409
409
409
409
409
409
409
409
409
409
625
625
625
625
625
625
625
625
625
625
625
625
625
625
625
625
625
262
262
262
262
262
262
262
262
262
262
262
262
262
262
428
428
428
428
428
428
428
428
428
428
428
262
262
262
262
262
262
262
262
262
262
262
262
262
262
262
262
262
262
262
262
262
262
262
262
262
983
983
767
767
159
159
415
415
415
415
415
415
415
415
621
621
621
621
621
621
621
625
625
625
625
625
625
625
625
625
625
625
625
625
262
262
262
262
383
383
383
383
383
837
837
837
837
837
837
837
837
837
625
625
625
625
625
625
625
625
625
625
625
625
625
625
625
625
625
625
625
625
625
625
625
625
625
625
625
625
624
624
624
624
624
624
624
624
624
624
624
624
624
624
624
624
624
624
624
624
624
624
624
624
624
624
624
624
624
624
624
624
624
322
322
322
322
322
322
322
322
322
322
322
322
322
322
322
322
322
322
322
322
322
322
322
322
322
322
322
322
322
322
322
322
322
322
322
322
322
352
352
352
352
352
352
352
352
352
352
262
262
262
262
262
262
621
621
621
621
621
621
621
621
621
621
621
621
621
621
621
621
621
621
621
621
621
621
621
621
621
621
621
621
621
621
625
625
625
625
625
625
625
352
352
352
352
352
262
262
262
262
262
262
262
954
954
954
954
954
954
954
954
954
954
954
954
954
954
954
954
954
954
954
322
954
954
954
954
954
954
322
322
322
322
322
438
438
438
73
73
73
73
73
73
73
73
73
73
352
352
352
352
352
352
352
352
352
352
352
352
352
352
352
352
352
352
352
352
352
352
352
352
352
352
352
352
352
352
352
352
352
352
352
352
352
352
352
352
352
352
352
352
352
352
352
352
352
451
451
451
451
451
451
451
781
781
781
781
781
35
35
35
210
210
210
210
210
234
234
234
234
234
234
234
234
234
234
234
234
234
234
234
234
234
234
234
234
234
234
234
234
234
883
883
883
883
883
352
352
352
352
352
352
352
352
352
73
73
73
73
73
73
73
73
73
73
302
302
120
120
120
120
120
120
120
120
120
120
120
120
120
120
120
120
120
120
262
262
262
262
262
262
262
262
262
262
262
262
262
262
262
262
262
262
262
262
262
262
262
262
262
262
262
262
262
262
262
262
262
262
262
262
262
262
262
262
432
432
432
432
432
432
432
599
316
316
820
820
820
820
820
820
316
316
316
316
316
316
316
316
316
316
316
316
316
316
316
316
316
316
193
193
193
695
695
695
695
695
695
695
695
695
695
695
695
695
695
695
695
695
695
695
695
695
695
695
695
695
695
695
695
695
695
695
695
695
695
695
695
695
599
599
599
599
599
599
599
599
599
599
599
599
599
788
788
788
788
788
788
788
788
788
788
788
788
788
788
788
788
788
788
788
788
788
788
599
599
599
599
599
599
599
599
599
599
599
599
599
599
599
599
599
599
599
599
599
599
599
599
599
820
820
820
820
820
820
820
820
820
820
820
820
820
820
820
820
820
820
820
820
820
820
820
820
820
820
820
820
820
820
820
820
820
820
820
820
820
820
820
820
820
820
820
820
820
820
820
820
820
820
820
820
820
820
820
820
820
820
820
820
820
820
820
820
820
820
820
820
820
820
820
820
820
820
820
599
599
599
599
599
599
599
599
599
599
599
193
193
193
193
193
193
193
193
193
193
193
193
788
788
788
788
788
788
788
265
265
265
265
265
265
265
265
265
265
265
265
265
820
686
265
265
265
265
265
265
265
265
265
265
265
265
265
867
867
867
867
867
867
867
867
867
867
867
867
867
867
867
867
867
867
867
867
596
596
596
596
457
457
457
457
457
457
457
457
669
669
669
596
596
596
596
596
596
596
432
776
776
776
776
177
177
177
177
177
523
523
976
976
976
976
976
976
976
976
976
976
976
976
136
136
136
136
136
136
136
136
136
136
136
136
529
529
529
529
529
529
781
781
781
781
529
529
529
529
781
781
781
781
781
781
36
781
781
529
529
781
781
781
586
586
586
301
301
301
301
301
301
529
529
529
529
529
529
529
529
529
529
529
529
529
529
529
529
529
529
529
529
976
976
976
976
976
976
976
976
976
976
976
976
976
976
976
976
976
976
976
976
883
883
883
883
883
611
611
170
708
708
708
708
708
708
708
712
136
136
136
136
136
136
136
136
136
136
136
136
136
136
136
136
136
136
136
136
136
136
136
136
136
136
136
136
136
136
136
136
136
136
136
136
136
136
136
130
130
130
130
130
130
130
130
130
130
130
130
130
130
130
130
130
130
130
130
130
130
130
130
130
130
130
130
130
130
130
130
130
136
136
136
136
136
136
136
136
136
136
136
136
136
136
136
136
136
218
340
340
283
283
283
283
283
283
39
39
340
340
340
340
340
340
340
340
340
340
340
283
283
283
283
283
283
170
170
170
170
980
980
980
980
515
515
515
515
515
515
515
515
515
170
170
170
438
438
438
357
357
357
438
438
438
357
357
357
438
438
438
438
438
357
357
438
515
515
515
515
515
515
515
515
515
515
515
515
515
515
515
515
515
515
515
515
515
515
515
515
933
515
515
515
515
933
933
170
170
170
170
170
170
170
170
170
170
170
170
170
170
170
470
470
470
470
470
387
387
387
387
387
387
387
387
387
387
387
387
387
387
387
387
387
169
169
169
169
169
169
169
169
169
169
169
169
169
169
169
169
169
169
169
169
387
387
387
387
387
387
387
169
169
169
169
22
22
285
285
285
285
285
285
285
285
428
428
428
428
428
428
867
867
867
428
428
428
428
428
428
428
190
428
428
428
190
190
190
190
190
190
190
190
190
190
190
190
190
190
190
190
190
190
190
190
190
867
867
867
867
867
867
867
976
976
976
976
976
976
976
976
976
976
976
976
976
976
328
328
328
328
328
328
328
328
328
328
328
328
328
976
976
976
976
976
976
976
976
976
976
976
976
976
976
976
976
976
976
976
976
976
976
976
976
976
976
976
976
976
976
976
976
976
976
976
976
976
976
976
976
976
976
976
976
976
976
976
976
976
976
976
976
976
976
976
976
976
976
976
976
976
976
976
976
976
976
976
976
976
976
976
976
976
976
976
976
976
976
976
976
976
976
976
976
976
976
976
976
976
976
976
976
976
976
976
976
976
976
976
976
976
976
976
976
976
665
665
665
665
665
665
665
665
665
665
665
665
665
665
665
665
665
665
665
665
665
665
665
665
665
665
665
665
665
665
665
475
475
475
475
475
976
976
581
581
581
161
475
475
475
976
976
581
581
976
976
976
976
976
976
976
976
976
976
976
976
976
976
976
976
475
880
880
665
665
665
665
665
665
665
665
665
665
665
665
665
665
665
665
665
665
665
665
665
665
665
665
237
237
237
577
717
717
717
717
717
717
717
717
717
717
717
717
717
717
717
717
717
717
717
717
717
555
555
555
555
555
604
604
604
662
577
577
577
577
577
577
577
577
577
577
577
577
976
976
832
832
832
832
832
832
832
832
832
832
832
832
832
832
832
832
832
832
832
832
832
832
832
832
832
832
832
976
976
976
976
832
832
832
832
832
832
832
832
832
832
976
265
265
265
265
265
265
265
265
265
265
265
265
265
265
265
265
265
265
265
265
976
976
976
976
976
976
976
976
976
976
976
976
976
976
976
976
976
139
139
139
139
139
139
139
139
139
139
139
139
139
139
139
139
139
546
546
546
546
546
546
546
546
738
738
850
850
850
246
275
812
812
812
812
812
812
812
812
812
812
246
246
246
246
246
246
246
246
246
246
246
246
246
246
246
246
246
246
246
246
246
246
11
11
11
11
11
11
284
284
284
284
823
823
823
823
823
823
823
823
823
431
431
431
422
422
422
800
800
800
800
800
984
984
984
984
984
593
800
248
248
248
248
248
248
248
800
800
800
121
121
121
248
248
248
248
248
284
284
284
284
284
284
284
284
284
339
339
339
339
339
339
339
339
339
339
339
339
339
339
339
339
339
339
339
339
339
339
339
339
339
339
339
339
339
248
339
339
339
339
339
339
339
339
339
339
339
339
339
339
339
339
339
248
248
248
339
339
339
339
339
339
339
339
339
339
339
339
431
431
431
431
431
431
431
431
431
431
431
431
431
431
431
431
431
431
431
431
431
431
431
431
431
431
431
431
431
431
431
431
431
431
431
431
431
431
431
431
431
431
431
431
431
431
431
431
431
431
431
431
431
431
431
431
431
431
431
431
431
431
431
431
431
431
431
431
431
431
431
431
431
431
431
431
431
431
431
431
431
431
431
431
431
431
431
431
431
431
431
431
431
431
431
431
431
431
744
744
744
744
744
744
744
744
431
431
431
431
431
431
431
431
431
431
431
431
431
431
431
431
431
431
431
431
431
431
431
431
431
431
431
431
431
431
529
529
529
529
529
529
529
529
529
529
529
529
529
529
529
529
529
529
529
529
529
529
529
529
529
86
86
86
86
832
832
832
832
832
832
832
832
832
832
832
832
832
832
832
832
832
832
832
832
832
832
832
832
832
832
832
832
832
832
832
832
832
832
832
832
832
832
832
832
832
832
832
832
832
832
832
832
832
832
832
832
832
832
832
832
832
832
832
832
832
832
832
832
832
832
832
832
832
832
832
832
832
832
832
832
832
832
832
832
832
832
832
832
832
832
832
832
832
832
832
832
832
832
832
832
832
832
832
832
832
832
832
832
832
832
832
832
832
832
832
832
832
832
832
832
832
832
832
832
832
832
832
832
832
832
832
832
832
832
832
654
654
654
654
654
654
654
654
654
654
654
654
654
654
654
654
654
654
107
107
107
107
107
107
107
107
107
107
107
107
107
107
107
107
107
107
107
107
812
812
812
812
812
812
812
812
812
812
812
812
812
812
812
812
812
787
787
787
787
787
787
787
787
787
174
107
107
107
107
107
107
107
107
107
107
107
107
107
107
107
107
107
107
107
107
107
107
107
107
107
107
107
107
107
107
107
107
107
107
107
107
107
107
107
107
107
339
339
339
339
339
339
339
339
339
339
339
339
339
339
339
339
339
339
339
339
339
339
475
475
205
205
205
205
500
550
550
550
550
550
550
500
500
500
500
500
500
778
778
778
550
550
550
550
550
550
778
778
778
778
778
778
778
778
778
778
778
778
778
778
778
778
778
778
778
778
778
778
778
778
778
778
778
778
778
778
778
778
778
778
778
778
778
778
778
778
778
778
778
778
778
778
778
778
778
778
778
778
778
778
778
778
778
778
778
778
778
778
778
778
778
432
432
432
432
432
432
432
432
432
432
432
432
432
432
432
432
432
432
432
432
432
432
432
432
432
432
432
432
432
432
432
432
432
432
831
831
284
372
354
354
33
33
33
354
354
354
354
214
214
214
354
354
354
354
354
354
354
354
354
326
326
326
354
354
354
354
354
326
326
326
241
241
241
241
241
241
241
241
241
241
432
432
432
432
432
432
432
432
432
432
432
432
432
432
432
432
432
432
432
432
432
432
432
432
432
432
432
432
432
432
432
432
667
667
667
667
667
667
667
667
667
667
667
132
667
667
667
731
731
731
731
731
731
731
731
731
731
731
731
731
731
731
731
731
731
731
731
731
731
731
731
731
731
731
731
132
132
132
132
132
132
132
132
132
132
132
132
132
132
132
132
132
132
132
132
97
97
170
170
170
170
170
170
170
170
170
170
170
170
170
170
170
170
170
170
170
170
170
227
170
170
170
170
170
170
170
170
170
170
170
170
170
170
170
170
170
170
170
170
170
170
170
170
170
170
170
170
170
170
170
170
170
170
170
170
170
97
97
97
97
97
97
97
97
97
97
97
97
97
97
97
97
97
97
97
97
97
97
97
97
97
97
97
97
97
97
97
97
97
97
97
97
97
97
97
97
97
97
97
97
97
97
97
97
97
97
97
97
97
97
97
831
831
831
438
438
438
438
438
438
438
465
465
465
465
688
688
688
688
688
688
688
688
688
688
688
66
66
66
260
260
551
551
551
551
551
551
551
551
551
551
551
551
551
551
551
551
551
551
551
551
551
551
551
551
551
551
551
551
551
551
551
551
551
551
551
551
551
778
778
778
778
99
99
99
99
99
99
99
99
99
978
978
97
97
778
778
778
778
778
778
778
778
778
778
778
778
778
778
778
778
784
446
446
544
42
544
544
544
544
544
446
446
238
42
42
42
42
42
42
42
446
446
66
66
66
66
66
66
66
66
66
66
66
66
66
66
66
66
66
66
66
66
66
66
66
66
446
66
66
66
66
66
66
66
66
66
66
66
66
66
66
24
24
24
24
24
24
24
24
24
24
24
24
24
24
24
782
782
782
782
782
782
782
782
782
782
782
782
782
24
24
24
24
24
24
24
24
24
24
24
24
24
24
24
24
782
782
782
782
782
782
782
24
24
24
24
24
170
170
170
24
24
24
24
24
24
24
495
495
495
495
495
495
495
495
495
495
495
24
24
24
24
778
778
778
778
778
778
778
778
778
778
778
778
778
778
778
778
778
778
778
778
778
778
778
778
778
778
778
778
778
778
778
778
778
778
778
778
778
778
778
778
778
778
778
778
778
778
778
778
778
778
778
778
778
778
778
778
778
778
778
778
778
778
778
778
778
778
778
778
778
778
778
778
778
778
97
97
97
97
170
170
170
170
170
170
170
170
170
170
170
170
170
170
170
170
170
170
170
170
170
170
170
170
170
170
170
170
170
778
778
778
778
778
778
778
778
778
778
778
778
778
778
778
778
778
778
778
778
778
778
778
778
778
778
778
778
778
778
770
770
554
554
554
554
554
554
554
554
554
115
494
812
812
812
633
633
633
13
13
457
457
457
457
457
457
457
457
457
457
457
457
457
457
457
457
457
457
134
134
134
134
134
134
134
134
134
134
134
134
134
832
832
832
832
127
127
87
861
861
861
87
87
857
87
87
87
87
87
684
684
684
832
832
832
483
483
483
483
495
495
495
495
495
495
495
778
778
778
778
567
567
483
483
483
483
483
483
483
66
134
134
134
134
134
134
134
134
603
603
603
465
465
465
465
465
465
465
465
126
126
126
126
126
126
126
875
875
875
875
2
2
2
2
2
2
2
107
107
107
793
793
651
651
651
651
651
651
651
651
651
651
651
651
651
651
651
651
651
651
651
651
651
651
651
651
688
688
688
688
688
688
48
48
48
48
48
48
784
784
784
784
784
784
784
784
784
633
633
633
633
457
457
457
457
457
457
457
457
457
457
457
457
457
457
457
457
457
457
457
457
457
457
651
651
651
651
651
651
651
651
651
651
651
651
651
929
929
929
929
929
567
42
42
42
929
929
929
929
929
929
929
929
929
929
929
929
929
929
929
929
929
929
929
929
929
929
929
929
929
929
929
929
929
929
929
929
929
929
929
929
567
567
721
721
721
721
848
848
848
848
848
848
848
848
52
52
52
52
52
52
52
52
52
52
52
52
465
465
465
889
283
283
283
465
465
465
131
131
94
283
283
283
283
283
283
889
889
889
889
889
465
465
283
283
283
283
283
283
283
283
283
283
283
283
283
283
283
283
283
283
283
283
283
283
283
283
283
283
283
283
283
283
283
283
283
283
283
283
283
283
283
283
283
283
283
283
283
283
283
283
465
465
465
465
465
465
465
465
465
465
465
465
283
283
283
283
283
283
283
283
283
283
283
283
283
283
283
283
283
283
283
465
465
465
465
465
465
465
283
283
283
283
283
283
283
867
867
867
867
867
867
867
867
867
867
867
867
867
867
867
867
465
465
465
231
231
231
231
231
231
231
231
231
231
231
231
231
982
982
199
199
199
199
983
983
983
983
983
983
983
983
983
983
231
231
231
231
231
231
231
231
231
231
870
870
870
870
870
870
867
867
231
231
867
867
867
867
867
867
867
867
867
867
867
867
867
867
132
132
605
605
605
848
848
848
848
848
848
848
132
132
132
132
132
132
132
132
132
132
132
132
132
132
132
132
132
848
848
848
848
848
848
848
577
577
290
290
290
728
728
848
848
848
848
848
848
848
848
848
848
848
848
848
728
728
728
939
939
939
970
802
802
970
970
970
970
970
132
132
132
132
132
132
132
132
132
132
132
848
848
848
848
848
848
848
848
848
848
848
848
848
848
848
848
848
848
848
848
848
651
651
651
651
651
651
651
651
651
885
885
885
970
970
970
970
970
848
848
848
848
848
848
848
848
848
848
848
848
848
848
848
848
848
848
848
848
848
848
848
848
848
848
848
848
848
848
848
848
848
848
848
848
848
848
848
848
848
848
848
848
848
848
848
848
848
848
848
848
848
848
848
848
848
848
848
848
885
885
885
885
885
885
885
885
885
810
848
848
848
848
848
810
810
810
810
810
810
810
810
475
475
475
475
475
475
475
475
475
848
848
848
848
848
848
848
848
848
848
848
848
848
848
848
848
848
810
810
810
810
810
810
810
810
810
810
810
810
475
475
475
475
475
475
475
475
475
475
475
475
475
475
475
475
475
475
475
475
475
475
475
475
475
475
475
475
475
475
475
475
475
475
475
475
475
475
475
475
475
475
475
475
475
475
475
475
475
475
475
475
475
475
475
475
475
475
475
475
475
475
475
475
475
475
475
475
475
475
475
475
475
475
475
475
475
475
475
475
475
475
475
475
475
475
475
475
475
475
475
810
810
810
810
810
810
810
810
810
810
810
810
810
810
810
810
810
810
810
810
810
810
810
810
810
810
810
810
810
810
810
810
810
810
475
475
475
475
475
475
475
475
475
475
4
339
4
4
4
4
885
885
885
157
157
157
157
157
157
157
157
157
157
157
157
157
623
623
623
623
623
623
623
623
623
623
623
571
571
571
571
571
571
571
571
762
762
762
351
351
571
571
571
571
571
571
571
571
571
571
571
571
571
571
571
571
571
7
342
455
455
703
703
703
703
703
703
703
703
703
703
64
880
64
64
497
605
605
605
605
471
710
710
710
710
471
471
471
342
342
342
342
342
342
983
983
983
983
983
983
983
571
571
571
287
497
497
497
497
497
497
497
497
867
867
867
867
867
867
867
867
867
867
867
867
867
975
975
975
975
975
975
975
330
330
330
330
330
330
330
330
330
330
330
330
330
330
330
330
330
330
330
330
330
330
330
330
330
330
330
330
330
330
330
330
330
330
330
330
330
330
330
330
330
330
330
330
330
330
330
330
330
330
330
330
330
283
283
283
283
283
283
890
890
890
890
890
890
890
890
890
890
890
890
890
890
890
890
890
283
283
283
283
283
283
283
283
283
283
283
483
483
483
483
483
483
483
483
483
483
483
483
483
483
483
483
483
483
483
890
890
890
890
890
890
890
890
890
890
890
890
890
890
890
890
890
890
890
890
890
890
890
890
890
890
890
890
890
890
890
890
890
890
890
890
890
890
890
890
890
890
890
890
890
890
890
890
890
890
890
283
283
283
283
283
283
283
283
283
283
283
283
283
283
283
283
283
283
283
283
890
890
890
890
890
890
890
890
890
890
890
890
890
890
890
890
890
890
890
890
890
890
890
890
890
890
890
890
890
890
890
890
890
890
890
890
890
890
890
890
890
890
890
890
890
890
890
890
890
890
890
890
890
890
890
890
890
890
890
890
937
937
937
937
937
937
937
937
937
937
937
937
937
937
937
937
937
937
937
937
937
937
937
937
937
937
937
937
937
937
937
937
937
937
937
937
937
337
337
337
337
337
337
337
937
937
937
937
937
337
337
337
337
337
337
337
937
937
337
860
860
860
860
860
860
860
860
860
860
860
860
860
860
860
860
860
860
860
860
860
860
860
860
860
860
860
860
860
860
860
860
860
860
337
337
262
262
262
694
168
168
168
168
168
168
168
168
168
168
168
168
168
168
860
860
860
586
586
586
586
586
168
168
168
168
168
168
168
168
168
287
168
168
168
168
168
168
168
168
860
860
860
860
337
337
337
937
937
937
937
937
937
937
937
937
937
937
937
937
937
937
337
337
337
937
937
937
937
937
937
937
82
809
809
809
809
809
809
809
809
809
809
809
809
809
809
809
809
809
809
809
809
809
809
809
809
809
809
809
809
913
913
913
913
913
913
913
913
913
913
913
937
937
937
937
937
937
937
937
937
937
865
865
865
865
865
865
865
865
865
865
865
865
865
865
865
865
865
865
865
865
865
865
865
865
865
865
865
865
283
283
283
283
283
283
283
943
943
865
865
865
865
176
176
176
176
176
913
913
913
913
913
913
913
809
299
299
114
114
114
114
860
860
860
860
860
860
860
860
860
860
860
860
860
984
984
984
146
146
146
146
146
146
146
146
146
146
860
984
860
860
860
860
146
146
146
146
146
146
146
146
146
146
146
146
146
146
146
146
146
146
146
146
146
146
146
146
146
146
146
146
146
146
146
146
146
146
146
146
146
146
146
146
146
146
146
146
146
146
146
146
146
146
146
146
146
146
146
146
146
146
146
146
146
146
146
146
146
146
146
146
146
146
146
146
146
146
146
146
146
146
146
146
146
146
146
146
146
146
146
146
146
146
146
146
146
146
146
176
176
176
176
176
176
176
176
176
176
176
176
176
146
176
283
283
283
283
283
283
283
283
283
283
283
283
283
283
283
283
283
283
283
283
283
283
283
283
199
199
199
199
199
199
199
199
199
199
199
199
199
199
199
199
199
199
199
199
199
199
199
199
199
199
199
199
199
199
199
199
199
199
199
199
199
199
199
199
199
199
199
199
199
199
199
892
892
892
892
892
892
892
892
892
892
892
892
892
146
146
146
146
146
146
146
146
146
146
146
146
146
146
146
146
146
146
146
146
146
146
146
146
146
146
146
146
146
146
146
146
146
146
146
146
146
146
146
146
146
146
146
146
146
146
146
146
146
146
146
146
146
176
176
176
176
176
176
176
952
952
952
952
952
952
952
952
952
952
952
952
571
571
843
565
565
565
565
565
565
565
843
843
881
881
881
565
565
565
565
565
176
176
176
176
176
176
176
176
176
176
952
952
176
176
176
176
176
176
176
176
176
176
176
176
176
176
176
176
176
176
176
176
176
176
176
146
146
146
146
284
284
284
284
284
284
284
284
284
284
284
284
284
284
284
284
284
284
284
284
284
284
284
284
284
284
284
284
284
284
284
284
284
284
284
284
146
146
146
146
146
146
146
146
146
176
176
176
176
176
176
176
176
176
176
176
176
176
176
176
176
176
176
176
176
176
176
176
176
176
176
176
176
176
176
176
176
176
176
176
176
176
176
176
176
176
176
176
176
176
176
176
176
176
176
176
176
176
176
176
176
176
176
176
176
176
176
176
176
176
176
176
176
176
176
176
176
176
176
176
176
176
176
176
176
176
176
176
724
724
724
724
724
724
724
298
298
298
298
298
298
284
146
146
146
176
176
176
176
176
176
176
176
176
176
176
176
176
176
176
176
176
176
176
176
176
292
292
292
292
551
551
551
551
176
176
176
176
292
176
176
176
176
176
176
292
292
176
176
176
176
176
146
176
176
176
176
176
176
752
74
74
74
74
74
74
74
74
74
74
74
74
74
74
74
74
74
74
74
74
74
74
74
74
74
74
74
74
74
74
74
74
74
74
74
74
486
486
486
486
74
74
74
74
74
74
74
74
74
74
74
74
74
74
74
74
74
74
74
74
74
74
74
74
74
74
74
74
74
74
74
74
74
74
74
74
74
74
74
74
74
74
74
74
74
74
74
74
74
74
74
74
74
74
74
74
74
74
74
74
74
74
74
74
74
74
74
74
74
74
74
74
74
74
74
74
74
74
74
74
74
74
74
74
74
74
74
74
74
74
74
74
74
74
74
74
74
74
74
74
74
74
74
74
74
74
74
74
74
74
74
74
74
74
486
74
74
74
74
74
304
304
304
74
74
74
486
519
519
519
519
519
519
519
519
519
519
519
519
284
284
284
284
284
284
284
284
284
358
358
358
358
879
879
971
971
971
971
971
971
971
752
752
752
752
752
752
90
90
10
960
960
960
960
960
960
960
960
960
960
520
520
413
952
952
952
952
952
952
952
952
952
952
952
952
952
952
952
952
952
952
952
952
952
952
952
952
952
952
952
952
952
952
952
952
952
952
952
952
952
547
547
547
547
547
547
547
547
547
547
547
39
39
39
39
39
39
39
39
39
39
39
39
39
39
39
39
39
39
39
39
39
39
39
39
39
39
39
39
39
39
39
39
39
39
39
39
39
39
39
39
39
39
39
39
39
39
39
39
39
39
39
39
39
39
39
39
39
39
39
39
39
39
39
39
39
39
39
39
39
39
39
39
39
39
39
39
39
39
39
39
39
39
39
39
39
39
39
39
39
39
39
39
39
39
39
39
39
39
39
39
158
39
39
39
952
952
952
952
952
952
952
952
952
952
952
952
952
952
952
952
952
952
952
952
952
508
508
422
422
422
422
422
422
422
422
422
422
422
422
422
422
422
422
422
422
42
235
235
347
347
347
347
347
347
347
347
347
347
585
915
915
404
915
915
915
915
585
585
585
585
585
585
389
389
768
768
768
768
768
768
768
768
768
768
768
389
389
389
389
389
389
364
364
364
364
648
648
648
648
648
264
264
264
264
264
264
264
264
264
264
264
264
389
389
389
389
389
389
389
389
389
389
389
389
389
389
389
389
389
389
389
389
389
389
389
389
879
879
879
879
879
99
99
99
99
99
99
99
879
879
577
577
577
389
389
389
389
389
389
389
389
389
389
389
389
389
389
389
389
389
389
389
389
389
389
389
389
389
389
389
389
389
389
389
389
389
389
389
389
389
389
389
389
389
389
389
389
389
389
389
389
389
389
389
389
389
389
389
389
389
389
389
389
389
389
389
389
389
459
459
459
459
459
459
459
459
459
459
459
459
459
459
459
459
459
459
459
459
459
459
967
967
967
967
967
967
967
967
967
967
459
459
459
459
459
459
459
459
459
176
176
176
176
176
176
176
264
264
264
459
459
459
459
459
459
459
459
459
459
459
459
459
459
459
459
459
459
459
459
459
459
459
459
459
459
459
459
459
459
459
459
459
459
459
459
459
459
459
459
459
459
459
459
459
459
459
459
459
459
459
459
459
459
459
459
459
459
459
459
459
459
459
459
459
459
459
459
459
459
967
967
967
967
967
967
967
967
967
967
967
967
967
967
4
4
4
4
4
4
4
4
4
4
4
4
4
4
4
4
4
4
4
4
4
4
4
4
4
4
4
4
4
4
4
4
969
969
969
969
969
969
969
969
969
307
969
608
608
967
967
967
967
967
967
967
967
967
967
967
967
967
969
969
969
969
969
511
969
969
969
969
969
969
969
969
969
969
969
969
969
969
969
969
969
969
767
969
969
969
969
969
969
967
725
608
608
608
608
608
608
608
608
608
608
608
608
608
608
608
969
969
969
969
969
969
969
969
969
969
969
969
969
969
969
969
969
969
969
969
969
969
969
969
969
969
969
969
969
969
969
969
969
969
969
370
370
377
377
377
377
377
377
377
377
377
377
377
377
377
377
377
377
377
377
377
377
377
377
377
377
377
377
377
377
377
377
377
377
377
377
377
377
377
377
377
377
377
377
377
377
377
377
377
377
377
377
377
377
11
11
11
11
11
11
399
682
682
682
682
682
682
682
682
682
682
682
682
682
682
377
377
377
377
377
377
377
152
377
377
377
377
377
377
377
377
377
377
377
377
377
377
377
377
377
4
377
377
377
377
377
377
377
377
377
377
377
377
377
377
377
377
377
377
377
377
377
377
377
377
377
377
377
377
377
377
377
377
377
996
996
996
996
996
996
996
996
996
996
996
996
996
996
996
996
996
996
996
996
996
996
996
996
996
996
996
996
996
996
996
996
322
322
322
322
272
322
322
322
272
272
272
542
542
542
542
542
542
542
942
942
942
942
942
942
942
542
542
542
542
542
542
542
542
542
561
561
561
561
561
561
561
561
795
795
795
795
795
272
366
366
366
366
366
366
366
366
366
366
366
366
366
366
366
366
366
366
366
366
366
366
366
366
366
366
4
377
377
377
377
377
377
377
377
377
377
377
377
377
377
747
795
795
366
366
388
388
943
943
943
943
943
208
208
208
208
208
208
208
208
78
78
78
78
840
840
840
840
208
208
208
208
208
208
208
208
208
208
208
208
208
208
208
208
208
208
208
208
208
208
208
208
208
208
208
208
208
208
208
897
897
897
897
897
897
897
897
897
897
897
897
897
897
897
897
897
897
897
897
897
897
897
897
897
897
897
897
897
897
897
897
897
897
897
897
897
897
897
897
897
897
897
897
897
897
897
897
897
897
897
897
897
897
897
897
897
897
897
897
897
897
897
897
897
897
897
897
897
897
897
897
897
897
897
897
897
897
897
897
897
897
897
897
897
897
776
776
897
897
897
897
897
897
897
897
897
897
897
1
1
69
69
69
69
69
69
69
69
241
241
241
241
241
241
241
241
241
241
241
241
241
241
241
241
405
405
405
405
8
8
762
762
762
762
762
762
8
8
8
8
8
8
8
8
8
8
8
8
8
405
405
405
405
405
405
405
405
405
405
528
351
351
351
405
528
528
405
405
405
405
405
405
405
957
957
528
528
528
528
261
261
261
261
261
261
69
69
69
69
69
69
69
69
69
69
69
69
69
69
69
69
69
69
69
69
69
69
69
69
69
69
69
69
69
69
69
69
69
69
69
69
69
69
69
69
69
69
69
69
69
69
69
69
69
69
69
69
69
69
69
69
69
69
69
69
69
69
69
69
69
69
69
69
69
6
69
664
664
664
664
664
664
664
664
664
664
664
664
664
664
664
664
664
664
664
664
897
897
897
897
897
897
897
897
897
897
897
897
897
897
572
572
572
572
572
572
572
572
572
572
572
11
11
572
572
572
572
572
572
572
572
572
572
572
185
185
185
185
591
591
591
591
591
591
591
591
591
591
591
591
591
591
591
591
591
591
591
591
591
591
591
591
432
432
432
432
432
432
432
432
432
261
261
261
261
261
185
185
185
185
185
185
185
185
185
185
185
185
185
185
185
185
185
185
185
185
185
185
185
185
572
572
572
572
572
572
572
572
572
185
185
455
455
455
185
185
185
455
455
455
455
455
572
572
897
897
897
897
897
897
909
897
897
897
909
909
909
909
909
862
862
862
862
862
862
897
945
405
945
945
945
637
405
405
405
909
909
434
591
591
591
591
591
591
591
591
591
591
591
572
572
572
572
572
572
572
572
572
572
572
572
432
432
572
572
572
572
572
572
572
572
572
572
572
572
572
572
572
572
572
572
572
572
572
572
572
572
572
572
572
572
572
572
434
434
434
434
434
434
434
434
874
874
874
874
874
874
625
625
625
833
833
833
833
791
791
791
791
740
740
740
740
637
11
11
11
11
11
11
11
11
11
11
11
11
11
11
11
11
747
650
650
650
650
328
328
328
328
328
328
11
642
642
572
572
572
572
572
572
572
572
572
572
572
572
572
572
572
572
572
572
572
572
572
572
572
572
572
572
572
572
572
572
572
572
572
572
572
572
572
572
572
572
572
572
572
572
572
572
572
572
572
642
572
572
572
572
572
572
572
572
572
572
572
572
572
572
572
642
642
642
642
171
171
171
171
171
171
171
171
932
932
932
932
335
825
825
825
825
825
870
870
335
335
335
335
335
335
335
335
335
335
335
335
335
335
335
335
335
335
335
335
335
335
335
335
335
335
335
335
335
335
335
335
335
335
335
335
335
335
224
224
224
224
224
224
224
932
932
932
932
932
932
932
932
932
932
932
335
335
335
335
455
572
572
633
633
633
633
633
633
633
633
633
633
633
633
633
633
633
633
633
986
986
986
727
633
633
633
633
633
633
633
633
633
633
633
633
11
11
11
11
185
185
185
185
185
185
185
185
134
754
754
754
754
754
754
754
185
185
520
520
176
176
176
176
176
176
176
176
176
176
176
176
176
176
176
176
176
176
176
176
176
176
883
883
883
883
883
883
883
883
883
883
520
520
520
520
241
241
241
241
241
241
241
241
241
241
185
185
185
542
542
542
542
542
542
542
542
542
542
542
542
542
542
542
542
542
542
542
542
542
542
542
134
134
134
134
134
134
134
134
134
134
134
134
134
134
134
134
134
134
134
134
134
134
134
134
134
134
134
134
134
134
261
261
91
91
91
91
91
91
91
791
791
791
791
791
791
791
791
791
791
791
791
791
791
791
791
791
791
791
791
791
385
385
385
385
385
385
385
385
385
385
385
385
385
385
385
385
385
385
385
385
385
385
385
385
385
385
385
385
176
176
176
176
176
176
176
176
176
176
176
176
176
176
176
176
176
176
176
176
176
176
176
176
176
176
176
176
176
176
176
176
176
176
176
176
176
176
176
176
176
176
176
176
176
176
176
176
176
176
176
176
176
176
176
176
176
176
176
176
176
176
176
176
176
176
176
176
176
176
176
176
176
176
176
176
176
176
176
176
176
176
176
176
176
176
176
176
176
176
176
176
407
407
407
176
176
407
176
176
176
176
176
176
176
176
176
176
176
176
200
200
200
200
200
200
53
53
53
53
53
53
53
53
53
53
53
53
117
117
291
291
291
291
117
239
239
239
239
239
239
176
176
176
176
176
636
636
636
636
636
636
636
636
636
636
636
636
636
636
636
636
636
636
636
636
423
423
423
423
423
423
261
261
261
261
384
384
384
791
791
791
791
791
791
791
791
791
385
385
385
385
385
385
385
385
385
385
385
385
385
385
385
385
385
385
385
385
962
335
335
335
335
335
335
335
335
335
335
335
335
335
335
335
261
261
261
261
966
966
966
966
966
966
966
945
945
636
636
636
636
636
636
636
636
636
636
636
636
636
636
636
636
636
636
636
636
636
636
636
636
636
636
636
636
636
636
636
636
636
636
636
636
636
636
636
636
636
636
636
335
335
261
185
1
1
1
1
1
1
261
335
335
185
335
261
261
261
261
261
261
261
261
261
423
423
423
423
791
651
423
423
423
423
423
423
423
423
423
423
423
423
423
423
423
423
423
423
423
200
200
200
200
200
200
200
200
200
200
200
200
200
200
200
200
200
200
200
200
200
200
200
200
200
200
200
200
200
200
200
200
200
200
200
200
200
200
200
200
200
200
200
200
200
200
200
200
200
200
200
200
200
200
200
200
200
200
200
200
200
200
200
927
200
200
200
200
927
927
927
927
927
927
927
927
927
927
945
945
945
945
945
945
945
945
945
945
945
945
945
945
945
945
43
43
43
43
43
43
43
832
832
530
530
530
929
929
929
530
530
192
192
192
530
530
530
993
993
993
530
530
590
530
530
530
530
530
530
530
530
530
530
530
929
929
929
929
929
929
929
929
929
929
929
929
929
929
929
929
929
929
929
929
929
929
929
929
929
929
929
929
929
929
929
929
929
929
929
929
929
674
674
929
929
929
800
800
800
800
800
800
800
800
800
800
800
800
800
800
800
800
800
800
800
800
800
800
800
800
800
800
800
800
800
800
800
800
800
800
800
800
800
800
800
800
800
800
800
800
91
91
91
91
91
800
800
800
800
800
800
800
800
800
800
800
800
800
800
791
791
791
791
791
791
791
791
791
791
791
791
791
791
791
791
791
791
791
791
791
791
791
791
848
848
848
848
848
848
848
848
848
848
848
848
848
848
667
7
7
7
7
7
7
7
7
7
7
804
804
804
804
631
986
986
239
631
631
631
631
631
631
631
631
631
804
804
804
804
804
804
973
272
272
29
29
29
578
578
578
578
578
578
224
224
960
960
960
960
393
469
469
469
469
469
469
469
469
469
469
710
710
710
710
710
710
710
710
710
710
710
710
710
710
710
281
281
281
281
281
281
281
281
281
281
281
281
281
281
281
281
281
281
281
281
281
281
398
469
224
224
224
224
224
224
469
469
469
469
469
469
469
469
469
469
469
469
469
469
469
469
469
469
469
469
469
469
469
469
469
469
469
469
469
469
469
469
469
205
205
205
205
205
205
205
205
205
205
976
976
976
976
292
423
423
423
423
423
423
423
423
423
423
423
264
205
800
800
800
800
800
800
800
800
800
439
439
439
439
439
439
439
439
439
439
439
439
439
458
458
458
347
347
347
347
347
347
347
347
565
463
463
463
463
463
463
609
609
609
609
609
609
609
609
609
609
609
609
609
609
609
609
609
609
609
609
609
609
609
609
609
609
609
609
609
609
235
235
235
235
235
235
235
235
235
347
347
347
347
347
347
347
347
347
347
347
347
264
264
205
205
205
205
205
205
205
205
205
205
205
205
205
205
205
205
205
205
205
205
205
205
205
205
205
205
205
205
205
205
205
205
205
205
205
205
205
205
205
205
205
205
205
205
205
205
205
205
205
205
205
205
205
205
205
205
498
1000
1000
1000
1000
469
205
205
205
205
205
205
205
205
205
205
205
205
205
955
955
955
955
955
800
800
800
800
800
800
800
800
800
364
364
364
364
364
364
364
800
800
800
800
800
800
800
364
364
364
364
364
364
364
364
364
364
364
364
364
364
364
364
364
364
364
364
236
608
608
608
608
608
608
608
608
608
608
608
608
608
608
608
608
608
608
608
205
205
205
205
205
914
17
17
17
984
984
287
287
287
287
984
984
460
460
236
236
988
988
988
988
988
988
988
988
988
670
670
670
670
670
670
670
670
670
670
670
547
547
547
547
547
547
547
547
547
547
547
547
547
547
547
547
547
547
547
547
547
547
547
547
547
547
547
547
547
547
547
547
547
547
547
547
547
547
547
547
547
547
547
119
119
119
119
119
119
119
119
119
119
119
119
119
907
907
907
907
907
907
907
585
921
921
921
921
921
921
921
921
921
921
921
405
843
843
843
843
843
843
843
169
848
848
848
848
848
848
848
848
848
848
848
848
848
848
848
848
848
848
848
848
848
848
848
848
848
848
959
959
959
959
959
959
959
959
959
959
959
959
959
959
959
959
959
959
959
959
959
236
236
236
236
236
70
70
70
70
70
70
84
84
84
84
84
70
70
70
70
70
70
70
70
70
70
84
84
84
84
84
84
84
84
84
84
84
84
84
84
84
674
287
287
287
287
287
287
287
287
287
287
287
287
287
287
287
287
287
287
287
287
287
287
287
287
287
287
287
287
287
287
287
287
467
467
740
740
740
740
907
907
907
907
740
323
323
323
323
323
323
323
323
323
323
323
323
323
323
323
323
323
323
323
323
323
323
323
323
323
323
660
660
660
660
660
660
660
660
660
660
660
660
660
660
660
660
660
660
660
660
660
660
660
660
660
660
660
660
660
660
660
660
660
660
660
660
660
660
660
660
660
660
660
660
660
660
660
660
660
660
660
171
70
70
84
851
851
851
851
851
851
851
851
851
851
851
851
851
851
851
851
851
478
478
478
478
478
660
660
660
660
660
660
660
660
660
660
660
660
660
660
660
660
660
660
660
660
660
385
385
385
385
385
385
385
385
385
385
385
385
385
385
385
385
385
385
385
385
385
385
385
385
385
385
385
385
385
205
205
205
205
205
205
385
385
385
385
385
385
385
385
385
385
385
385
385
385
385
385
385
385
385
385
385
385
385
385
385
385
385
385
385
385
385
385
385
385
385
385
385
385
385
385
385
385
385
385
385
385
385
385
385
644
96
96
96
96
96
96
96
96
96
96
96
96
96
96
96
96
699
699
241
670
670
96
96
907
907
907
907
907
907
907
907
907
644
644
95
95
95
95
95
95
95
95
95
95
95
95
95
95
95
95
95
95
95
95
95
715
715
323
323
323
323
323
323
323
323
323
715
87
87
87
87
87
87
87
87
87
115
115
651
651
651
651
651
651
651
651
651
651
651
651
651
651
651
651
651
651
651
651
651
651
651
651
651
651
651
651
651
651
651
651
651
651
651
651
651
651
651
651
651
651
651
651
651
651
651
651
651
651
651
651
651
651
651
651
651
651
651
651
651
651
651
651
651
651
651
651
651
651
651
651
651
651
651
651
651
651
651
651
651
651
651
651
651
651
651
651
651
651
651
651
651
651
651
651
651
651
651
651
651
651
651
651
651
651
651
651
651
651
651
651
651
651
651
651
651
651
651
651
651
651
651
651
651
651
651
115
115
115
115
62
62
62
62
62
62
62
62
62
62
62
62
62
62
62
62
62
62
62
62
62
62
62
62
62
62
62
62
62
62
62
62
62
62
62
62
62
115
115
250
250
250
115
115
250
250
250
250
250
480
480
115
115
115
115
115
115
115
115
115
115
115
115
115
115
115
115
115
115
115
115
115
115
115
250
250
250
250
250
250
250
80
80
80
80
80
80
80
80
80
80
80
80
80
80
80
80
80
80
80
80
80
80
80
80
80
80
80
80
80
80
80
80
80
80
80
250
250
250
250
250
250
250
250
250
115
115
115
115
115
115
115
115
115
115
115
115
115
115
115
115
115
250
250
250
250
250
250
250
250
250
250
250
250
250
250
250
250
250
250
250
250
250
250
250
250
250
250
250
250
250
250
250
651
651
606
606
606
606
282
282
282
282
326
282
103
103
848
209
209
209
209
209
209
209
209
209
209
209
609
609
1
29
29
29
29
29
29
132
132
387
387
387
387
387
387
132
387
387
387
387
387
387
387
387
387
651
651
651
651
651
651
651
651
651
651
642
642
683
683
643
651
651
651
651
651
651
642
642
642
642
642
642
642
642
642
642
642
642
642
642
642
642
651
651
651
651
651
651
651
651
651
651
651
651
651
651
651
651
651
651
651
651
651
651
651
651
651
651
651
651
651
651
651
651
651
651
651
651
651
651
651
651
651
651
651
651
651
651
651
651
651
651
651
651
651
651
651
651
651
651
651
651
651
651
651
651
651
651
651
651
651
651
651
651
651
651
651
651
651
651
651
651
651
651
651
651
651
651
651
651
651
651
651
651
651
651
651
651
651
651
651
651
651
651
651
651
651
651
651
651
651
651
651
651
651
651
651
651
651
651
651
502
502
502
502
502
502
502
502
502
502
502
502
502
502
502
502
502
502
502
502
502
502
502
502
502
502
502
502
502
502
502
502
502
440
440
440
899
430
430
502
502
130
502
502
26
739
739
739
739
739
739
739
739
739
739
247
247
247
247
247
247
247
247
247
739
739
739
739
739
739
739
739
739
739
739
739
739
739
739
247
247
247
676
676
676
676
676
676
676
676
676
676
676
676
676
676
676
676
676
676
676
247
247
247
247
247
247
247
247
247
247
247
247
247
247
247
247
247
247
247
247
247
247
247
247
247
247
247
683
683
683
683
683
683
683
683
247
247
247
247
651
651
651
651
651
651
651
651
651
651
651
651
651
651
651
673
673
673
673
673
673
255
255
255
255
255
255
673
673
673
673
833
60
60
60
60
60
60
60
60
60
60
60
60
60
60
60
60
60
60
60
60
667
667
710
78
78
651
676
676
384
384
384
384
384
384
384
384
384
179
683
683
683
683
683
683
683
683
683
512
512
977
977
252
252
252
252
252
252
252
252
252
252
252
252
252
252
252
252
252
252
252
252
252
848
848
848
848
651
683
683
683
683
26
739
739
739
739
739
739
739
739
739
739
739
739
739
739
739
739
683
683
483
483
683
683
683
683
683
683
683
593
593
593
495
495
495
495
495
495
495
495
495
495
495
495
495
8
8
8
848
848
848
848
651
848
848
848
848
848
848
651
683
683
683
683
779
779
779
779
779
111
111
111
111
683
683
683
683
683
179
179
179
179
117
117
117
117
117
117
117
117
117
117
117
117
117
117
117
117
117
117
739
739
739
739
739
739
84
84
84
84
84
84
84
84
84
84
84
84
84
84
84
84
84
84
84
84
84
84
84
84
84
84
636
179
179
179
179
179
179
179
179
179
179
179
179
179
179
179
179
179
683
683
683
362
362
362
362
362
362
362
362
362
362
362
362
362
362
362
476
492
492
543
543
543
492
492
492
492
385
385
385
385
385
848
848
848
848
848
848
848
848
848
848
848
848
848
848
848
848
848
848
848
848
848
848
848
848
848
848
848
848
848
848
848
848
848
848
848
848
848
848
848
848
848
848
848
848
848
848
848
848
848
848
848
848
848
848
848
848
848
848
848
848
683
683
683
683
683
683
683
683
683
683
683
683
683
683
848
848
848
848
848
848
848
848
848
683
683
683
683
683
683
683
683
683
683
683
683
683
683
683
683
683
683
683
683
683
683
683
683
683
683
683
683
683
683
683
683
683
683
683
683
683
683
683
683
683
683
683
683
683
683
683
683
683
683
683
683
683
683
683
683
651
651
651
651
683
651
683
683
683
683
683
683
683
683
651
683
300
738
738
738
738
738
738
738
738
738
738
738
738
738
738
738
738
738
738
738
738
738
738
738
738
310
310
310
310
310
385
385
477
819
477
477
819
819
819
819
477
477
477
477
994
994
994
994
819
819
819
819
819
819
819
310
477
477
477
520
520
520
520
520
520
520
520
520
520
335
335
335
335
335
335
335
335
335
335
335
335
317
317
317
317
317
317
317
317
317
317
317
317
317
335
876
876
876
876
445
876
139
876
876
876
876
251
251
251
139
139
139
139
139
401
401
401
401
401
401
401
401
401
139
139
139
139
139
139
139
139
139
139
139
139
139
139
139
139
139
139
139
139
139
139
139
139
139
139
139
139
139
139
139
139
139
139
139
139
139
139
139
139
139
139
139
852
852
852
852
852
852
852
852
852
852
852
852
852
852
852
852
852
852
852
852
852
852
852
852
852
852
852
852
852
852
852
852
852
852
852
852
852
852
852
852
139
139
139
139
139
139
139
139
139
139
139
139
139
139
139
139
139
852
852
852
852
852
852
852
852
852
852
852
852
852
852
852
852
852
852
852
852
852
852
852
852
852
852
852
852
852
852
852
852
852
852
852
852
852
852
852
852
852
852
852
852
852
852
29
29
29
29
29
29
29
29
29
29
512
512
512
512
512
512
512
512
512
512
512
516
401
401
401
401
401
401
401
401
401
401
401
401
401
401
516
516
516
516
516
516
516
516
516
516
516
516
516
516
516
516
516
516
516
516
516
516
516
516
516
516
516
516
516
516
516
516
516
516
516
516
516
401
401
401
401
401
401
401
401
947
947
947
947
961
961
455
455
455
455
455
455
253
455
455
455
455
455
455
455
455
455
455
455
455
991
991
991
991
991
991
991
991
991
991
991
991
991
991
991
991
803
803
803
803
991
991
991
991
991
991
403
403
403
403
403
403
403
403
455
455
455
455
2
2
2
2
2
2
2
2
2
2
2
2
2
455
455
455
455
455
455
455
455
455
455
455
455
455
455
455
2
2
2
2
2
2
2
2
2
2
2
231
769
769
769
769
403
403
403
403
403
403
403
403
403
403
403
403
403
403
403
403
403
403
403
403
403
403
403
403
403
403
403
403
403
403
208
208
208
208
208
455
455
455
455
455
455
455
455
455
455
455
455
455
455
455
455
455
455
455
455
455
455
455
455
455
455
455
455
873
873
873
873
873
873
243
243
820
820
820
820
820
820
820
820
820
820
820
820
820
820
820
820
820
512
512
512
512
820
820
820
820
820
820
820
820
820
820
820
820
820
820
820
820
820
820
820
820
820
820
820
820
820
820
820
820
820
820
820
820
820
820
820
820
820
820
820
820
820
820
820
820
820
820
820
820
820
820
820
820
820
820
820
820
820
820
820
820
820
820
820
820
820
820
820
820
820
820
820
820
820
820
820
820
820
820
820
820
820
820
820
243
243
243
243
243
243
243
243
243
45
45
45
45
45
45
45
45
45
45
45
45
45
45
45
45
45
45
45
902
902
902
902
902
902
902
902
902
902
902
902
902
902
902
902
243
243
243
243
243
243
243
243
243
243
243
243
243
243
243
243
243
243
386
386
386
386
386
386
386
386
386
386
386
386
386
386
386
453
453
661
661
661
661
661
661
661
661
661
661
661
661
661
661
661
661
243
386
879
879
478
478
478
478
478
478
478
478
478
478
385
385
385
385
385
385
385
385
385
385
385
385
385
385
385
385
385
385
385
385
385
385
385
385
385
385
385
385
385
385
385
385
385
502
502
502
502
502
502
502
502
502
502
502
502
845
845
702
702
702
702
702
702
845
845
845
845
502
962
962
962
502
502
502
502
502
502
502
962
962
962
962
962
502
962
962
962
962
962
962
962
962
962
962
962
962
962
962
962
962
962
962
962
962
962
962
962
962
962
962
962
962
962
244
244
244
244
244
337
337
337
337
879
879
337
337
337
337
337
337
337
337
337
337
337
385
385
385
385
385
385
385
385
385
935
46
46
46
46
46
46
46
46
46
46
411
411
411
411
411
411
411
411
411
411
411
411
411
411
411
411
411
411
411
411
411
411
411
411
411
411
411
411
411
411
411
411
411
411
411
411
411
411
411
411
411
411
411
411
411
411
411
411
411
411
411
411
411
411
411
411
411
411
411
411
411
411
411
411
411
411
411
411
411
411
411
411
411
411
411
411
411
411
411
411
411
411
411
411
411
411
411
411
411
411
411
411
411
411
411
411
447
365
145
145
231
478
447
447
145
145
145
365
584
584
584
478
478
231
584
584
478
478
584
584
584
584
584
584
522
522
522
522
522
381
381
381
522
522
522
522
522
522
522
522
522
522
522
506
506
506
381
381
522
522
295
295
295
295
295
145
145
231
231
231
231
231
231
231
676
700
700
700
700
700
700
700
700
700
700
700
700
700
621
621
621
621
411
411
411
411
411
411
411
411
411
411
411
411
411
411
411
411
411
280
280
280
280
280
121
280
280
411
411
411
411
411
411
411
411
411
411
411
411
411
411
411
411
845
845
845
845
845
845
845
845
845
845
845
845
845
845
845
845
845
508
508
508
508
508
508
508
508
508
508
508
508
508
508
508
508
508
508
508
508
508
508
425
425
337
337
337
337
337
337
337
337
337
337
337
337
845
386
386
386
386
386
386
386
386
386
386
386
386
386
386
386
386
386
386
386
386
386
386
386
386
386
386
386
386
386
386
386
386
386
386
386
386
386
386
386
386
386
386
244
244
244
244
244
244
244
244
244
244
244
244
244
244
244
244
244
244
244
244
244
244
244
244
244
244
244
244
244
244
244
244
244
244
244
244
244
244
244
244
244
244
244
244
244
244
244
244
244
244
244
244
244
244
244
244
244
244
244
244
244
244
244
244
244
244
244
244
244
244
244
244
244
244
244
401
401
401
401
401
401
401
799
799
799
799
799
493
493
493
493
399
274
274
984
984
984
984
399
984
984
984
274
274
799
799
799
799
799
799
799
799
759
759
759
399
759
759
759
759
759
759
759
759
799
799
799
799
799
799
799
799
799
799
799
799
799
799
799
799
799
799
799
393
393
799
799
799
799
799
799
799
799
799
799
799
799
799
799
799
799
799
799
799
452
348
883
883
883
883
883
883
883
883
968
968
348
451
451
451
451
348
348
348
451
451
451
451
451
451
593
593
593
593
883
883
883
883
883
891
891
891
891
891
891
891
654
654
654
654
654
654
654
654
654
654
654
654
654
654
654
654
654
654
654
654
654
654
654
654
654
654
654
654
654
654
654
654
654
654
654
654
654
654
654
654
654
654
654
654
654
654
654
654
654
654
654
654
654
654
654
654
654
654
654
654
654
386
386
386
386
386
386
386
386
386
386
386
386
386
386
386
386
386
386
386
386
386
61
61
61
61
61
61
61
61
147
147
386
386
386
386
386
386
386
386
386
386
126
126
126
126
386
386
386
386
386
386
386
386
386
386
386
386
386
386
386
386
386
99
99
99
61
99
99
99
99
99
99
99
99
99
99
99
386
386
386
386
386
386
386
386
386
386
386
386
386
891
909
909
909
909
909
909
909
909
909
909
909
909
909
891
891
891
386
386
386
386
386
386
99
99
99
99
636
768
768
768
720
720
720
720
720
891
891
891
891
891
891
891
891
891
891
891
891
891
891
891
891
891
891
891
891
768
768
768
768
768
768
768
768
768
768
768
768
768
768
768
768
768
768
768
768
768
768
768
768
759
759
759
599
827
827
827
827
827
827
827
827
827
827
827
827
827
827
827
827
175
175
175
175
175
29
29
29
29
29
29
29
29
29
759
759
759
759
759
759
759
759
759
759
759
759
759
759
759
759
759
759
759
759
759
759
759
759
29
29
29
29
29
29
29
29
29
29
29
29
29
29
759
759
759
759
759
941
941
941
941
827
827
827
919
352
352
352
352
352
931
314
314
314
314
314
314
178
178
178
178
178
178
178
941
941
941
941
941
941
941
941
941
29
29
29
29
29
29
29
29
29
29
29
29
29
29
29
29
29
29
29
29
29
29
29
29
29
29
29
29
29
29
29
29
29
762
762
762
673
673
673
673
673
673
673
673
673
673
673
751
751
751
751
751
751
751
751
751
751
751
751
751
751
751
751
97
97
97
97
97
97
97
97
97
97
97
97
97
97
804
673
673
673
673
673
673
673
751
751
751
751
751
751
751
751
751
751
751
751
751
751
751
751
751
751
751
751
751
751
751
751
673
673
673
673
673
673
673
355
355
355
355
355
355
355
355
355
355
355
355
355
355
355
355
673
673
673
673
673
673
178
178
178
178
178
178
178
178
762
762
762
762
762
81
81
7
178
178
178
178
178
178
178
178
178
178
178
178
178
178
178
178
178
178
178
178
827
759
759
759
759
759
759
759
355
355
355
355
355
355
355
910
355
355
355
355
355
673
673
673
673
673
673
673
673
673
673
673
673
673
673
673
673
673
673
673
673
673
673
673
673
673
673
673
673
673
673
673
673
673
673
673
673
673
673
673
673
673
673
673
673
673
673
673
673
673
673
673
673
673
673
673
673
673
673
673
673
673
673
673
673
673
673
673
673
673
673
673
673
673
673
673
673
673
673
673
673
673
673
673
673
673
673
673
673
152
152
152
152
152
152
152
152
152
152
152
152
152
152
152
152
152
152
152
152
152
152
152
152
152
152
152
152
152
152
152
152
152
152
152
152
152
152
152
152
152
152
152
152
152
152
152
152
152
152
152
152
152
152
152
152
152
152
152
152
152
152
152
152
152
152
152
152
152
152
152
152
152
673
673
673
673
673
673
673
673
673
673
673
673
673
673
673
673
338
338
338
338
338
673
673
673
673
673
673
673
673
673
673
673
673
673
673
673
673
673
673
673
673
673
673
673
673
673
673
673
673
673
673
673
673
673
673
673
673
673
152
152
899
899
899
899
899
899
899
899
899
899
899
899
899
899
228
228
228
746
746
746
746
746
746
746
746
746
746
368
338
338
338
338
673
673
673
673
673
368
368
368
368
368
368
368
368
368
368
368
368
368
479
479
18
368
368
368
368
839
839
839
839
368
368
368
368
663
663
663
173
663
663
663
663
663
663
663
663
663
663
675
675
675
663
663
663
663
663
663
663
663
663
663
663
663
663
663
663
663
663
335
335
335
335
335
335
335
335
335
335
335
335
335
335
335
657
657
657
657
657
299
299
299
657
657
657
657
299
163
163
163
368
368
368
368
368
368
814
814
675
675
675
675
675
675
675
663
663
663
663
663
663
663
663
663
663
663
350
350
768
768
768
768
768
768
768
663
663
663
663
663
663
663
803
663
663
663
663
663
803
803
803
803
803
803
803
803
803
803
803
803
891
891
891
891
891
891
891
891
891
891
891
891
891
891
891
891
891
891
891
891
891
891
891
891
395
395
395
395
395
395
395
395
395
395
395
50
50
50
50
50
50
395
395
395
395
395
395
395
395
395
395
395
395
395
395
395
395
395
395
395
395
395
395
395
395
395
395
395
395
395
395
395
395
395
395
395
395
395
395
395
395
395
395
395
395
395
395
395
395
395
395
395
395
395
395
395
395
395
395
395
395
395
395
395
395
395
395
395
395
395
395
395
395
395
395
395
395
395
395
395
395
395
395
395
395
395
395
657
657
657
657
657
657
720
720
720
720
815
815
815
815
815
815
815
815
815
815
815
815
815
815
815
815
815
815
815
815
163
163
163
163
163
163
163
163
163
163
163
163
163
163
163
385
385
799
799
799
799
812
812
968
968
968
968
968
968
968
968
968
529
529
529
529
529
529
529
529
529
529
529
529
561
561
529
529
529
529
529
529
529
529
529
529
812
812
812
812
812
812
812
812
812
812
812
812
812
812
812
812
812
812
812
812
812
812
812
812
812
812
812
812
812
812
812
812
812
812
812
812
812
812
812
812
812
812
812
812
812
812
812
812
812
812
691
691
691
691
691
691
691
691
691
691
691
691
691
691
691
691
691
691
691
691
691
691
691
691
691
691
691
691
691
691
691
424
424
424
424
141
141
865
865
865
865
865
141
141
141
141
141
141
141
141
424
424
44
44
44
44
44
880
865
865
865
44
424
424
424
424
424
424
424
424
424
424
424
880
880
44
44
44
502
502
502
502
502
502
865
865
865
865
865
865
865
865
865
865
386
386
896
896
896
896
896
896
157
157
975
713
713
713
713
713
713
713
713
713
713
713
713
713
713
713
713
713
713
713
713
713
713
713
713
713
713
713
713
713
713
713
713
713
713
713
713
713
713
713
713
713
379
379
379
379
379
379
379
379
379
379
379
379
379
379
379
379
379
379
379
379
379
379
379
379
379
379
379
379
379
379
379
379
379
208
208
208
208
444
444
444
444
673
673
673
751
751
751
751
751
317
317
796
796
796
796
796
796
130
130
130
130
130
130
130
130
130
130
130
130
130
130
130
796
97
751
751
751
751
751
751
751
751
751
751
751
751
751
751
751
751
751
751
751
751
751
97
97
97
176
176
176
794
176
317
488
567
317
317
176
317
317
317
317
317
317
317
713
713
713
713
713
713
713
713
713
713
713
713
713
713
713
713
713
713
713
713
713
713
713
713
713
713
713
713
713
713
713
713
713
713
98
98
98
98
98
98
98
98
247
247
247
247
247
247
130
130
130
130
130
130
130
130
130
525
525
525
525
176
317
317
317
247
247
331
331
331
331
331
331
331
331
331
331
331
886
886
886
886
886
886
886
886
886
886
886
291
291
291
291
291
291
291
291
291
291
291
291
291
495
495
495
495
495
495
495
495
495
495
495
495
495
495
800
800
800
800
800
800
495
495
495
495
495
535
37
37
37
37
567
567
567
567
567
567
567
567
567
567
567
567
567
567
567
567
567
567
567
567
567
567
567
567
958
958
958
958
958
958
67
67
67
67
67
491
491
491
491
491
491
491
491
491
491
491
491
491
491
491
896
896
896
896
896
896
896
896
896
896
896
896
896
896
896
896
896
896
896
881
303
303
303
303
303
303
303
303
303
303
303
303
303
303
881
881
303
303
303
303
303
746
746
746
746
283
283
283
154
746
746
746
746
746
746
746
746
746
746
746
746
746
746
746
746
746
746
746
746
746
746
746
805
805
805
746
746
746
746
746
746
746
746
746
746
746
746
805
13
13
13
487
487
487
487
487
487
487
897
487
487
109
109
109
109
109
109
109
109
109
109
897
897
897
897
897
281
281
780
780
249
208
208
13
13
13
13
13
13
13
13
13
13
13
13
13
13
13
13
13
13
13
13
13
13
728
728
728
728
728
728
728
728
728
728
728
728
728
728
170
379
379
379
98
379
98
170
170
170
170
170
170
170
170
170
170
170
98
98
98
678
678
678
678
678
678
678
678
678
678
678
678
678
678
678
678
678
678
678
678
678
678
678
678
678
678
678
678
678
678
678
678
678
678
678
678
678
678
678
678
678
678
678
678
678
678
678
446
446
883
883
883
883
883
810
883
883
944
944
944
944
678
678
678
678
678
496
496
496
496
496
561
561
561
561
549
549
549
98
98
381
381
381
528
528
528
528
528
528
528
528
528
528
528
698
698
698
490
490
528
528
528
381
528
228
228
228
228
228
228
228
228
228
228
228
228
228
228
228
228
228
228
228
228
228
228
228
228
228
228
228
228
228
228
228
228
228
228
228
228
228
228
228
228
228
228
228
228
228
228
228
228
228
228
228
228
228
228
228
228
228
228
228
228
228
228
228
228
228
228
228
228
228
228
228
228
228
228
228
249
249
249
249
249
249
249
249
249
249
249
249
249
249
249
249
249
249
365
365
797
797
797
797
769
769
448
448
448
448
448
448
448
448
448
61
61
866
866
866
866
866
769
769
769
769
448
448
866
866
866
448
448
866
866
866
866
866
866
866
866
866
866
866
866
866
866
866
769
769
769
769
299
299
299
299
299
299
299
299
299
299
299
299
299
299
299
299
299
299
299
299
299
299
299
299
299
299
299
299
299
228
228
228
228
228
228
228
228
228
228
228
228
228
228
228
228
228
228
228
228
228
228
228
601
601
601
601
601
601
601
601
601
601
601
601
601
601
601
601
601
601
601
601
601
601
601
601
601
601
601
601
601
601
601
601
601
601
601
601
601
601
299
299
299
299
299
299
299
299
299
299
299
299
299
299
299
299
299
299
299
299
299
299
299
299
299
299
299
299
805
805
805
805
805
805
805
805
805
805
805
805
805
698
698
769
769
448
448
769
769
769
769
448
448
448
448
448
853
853
853
899
899
899
899
899
899
899
671
671
671
671
671
658
658
658
658
658
658
658
658
658
658
658
658
658
658
658
658
658
658
658
658
658
658
658
658
658
658
658
658
658
658
658
658
658
658
658
250
250
142
769
769
769
769
769
769
769
769
769
899
899
141
141
141
141
751
751
751
751
751
751
160
160
160
160
160
160
160
160
160
160
160
160
160
160
160
160
160
160
160
160
160
160
160
160
160
160
160
160
160
160
886
886
886
886
886
886
886
886
886
886
886
886
886
886
886
886
886
886
886
886
886
226
226
226
226
226
226
226
226
226
226
886
886
886
886
886
886
886
886
886
886
886
886
886
886
68
68
68
68
975
975
975
975
975
975
975
886
886
886
886
975
975
975
975
975
975
975
975
975
975
975
975
975
975
975
975
975
975
975
975
975
975
975
975
975
975
975
975
975
975
975
975
975
975
975
975
975
975
975
975
975
975
975
975
975
975
841
841
841
841
841
841
841
841
841
841
841
841
841
841
841
841
841
841
841
841
698
698
698
698
698
698
909
205
841
841
841
841
841
841
841
841
698
698
698
698
698
698
698
698
698
698
698
698
698
975
909
909
708
708
698
698
698
698
698
841
841
841
841
841
841
841
841
841
841
841
841
841
841
841
841
841
841
841
841
841
841
841
841
841
841
841
841
841
841
841
841
330
330
330
841
841
330
330
330
841
841
965
965
965
841
841
841
841
841
841
841
841
841
841
841
841
841
841
841
841
196
196
196
196
196
196
196
196
196
196
196
196
196
196
196
196
196
196
196
196
196
196
196
196
196
196
196
196
115
115
115
115
115
115
115
115
115
115
115
115
115
115
115
115
115
115
115
115
115
115
115
115
221
196
196
196
196
196
196
196
196
196
196
196
196
196
196
196
196
196
196
196
196
196
196
196
196
196
196
196
196
196
196
196
196
196
841
841
841
841
841
841
841
841
841
841
841
841
841
841
841
841
841
841
841
841
841
841
841
115
115
115
115
115
115
115
115
115
115
115
587
304
304
304
304
304
304
304
708
708
708
708
708
708
708
708
708
708
708
708
708
708
708
708
708
708
708
708
708
708
708
708
708
708
708
708
708
708
708
708
708
708
708
708
708
708
708
708
708
708
708
708
708
708
708
708
708
708
708
708
708
115
115
115
115
115
115
115
115
115
115
115
115
115
115
115
115
115
115
115
115
115
115
115
115
115
115
115
115
115
115
115
115
115
115
115
115
115
115
115
115
115
115
115
115
115
115
115
115
115
115
115
115
115
115
115
115
115
115
115
115
115
115
115
115
115
115
115
115
115
115
115
115
115
115
115
115
115
115
115
115
115
115
115
115
115
115
115
115
115
115
115
115
115
115
115
115
115
115
115
115
115
115
115
115
115
115
115
115
115
115
115
115
115
115
115
115
115
115
115
115
115
115
115
115
115
115
115
115
115
115
115
115
115
115
115
115
115
115
115
115
115
115
115
115
115
115
115
115
115
115
115
115
115
115
115
115
115
115
115
115
115
115
115
115
115
115
115
115
115
115
115
115
658
658
658
658
658
658
658
658
658
658
658
658
658
658
658
658
658
658
658
658
658
658
658
658
658
658
658
658
658
658
658
658
658
658
658
658
658
658
658
658
658
658
658
658
658
658
658
658
658
658
658
658
658
658
658
658
658
658
658
658
658
658
658
658
658
658
658
658
658
658
658
658
658
658
658
658
658
658
658
658
658
658
658
658
658
658
658
658
658
658
658
658
658
658
658
658
658
658
658
658
658
658
658
658
658
658
658
658
658
658
658
658
658
658
658
658
658
658
658
658
658
658
658
658
658
658
658
658
658
658
658
658
658
658
658
658
658
658
658
609
609
609
609
658
658
658
658
658
658
658
658
658
658
658
658
658
658
658
658
658
658
658
658
658
658
658
658
658
658
658
658
609
609
609
609
609
609
609
609
609
609
609
609
609
609
609
609
609
609
609
609
609
609
609
609
609
609
609
609
609
609
