1000 36639
1 2
1 3
2 3
1 4
2 4
3 4
1 5
2 5
3 5
4 5
1 6
2 6
3 6
4 6
5 6
1 7
2 7
3 7
4 7
5 7
6 7
1 8
2 8
3 8
4 8
5 8
6 8
7 8
1 9
2 9
3 9
4 9
5 9
6 9
7 9
8 9
1 10
2 10
3 10
4 10
5 10
6 10
7 10
8 10
9 10
1 11
2 11
3 11
4 11
5 11
6 11
7 11
8 11
9 11
10 11
1 12
2 12
3 12
4 12
5 12
6 12
7 12
8 12
9 12
10 12
11 12
1 13
2 13
3 13
4 13
5 13
6 13
7 13
8 13
9 13
10 13
11 13
12 13
1 14
2 14
3 14
4 14
5 14
6 14
7 14
8 14
9 14
10 14
11 14
12 14
13 14
1 15
2 15
3 15
4 15
5 15
6 15
7 15
8 15
9 15
10 15
11 15
12 15
13 15
14 15
1 16
2 16
3 16
4 16
5 16
6 16
7 16
8 16
9 16
10 16
11 16
12 16
13 16
14 16
15 16
1 17
2 17
3 17
4 17
5 17
6 17
7 17
8 17
9 17
10 17
11 17
12 17
13 17
14 17
15 17
16 17
1 18
2 18
3 18
4 18
5 18
6 18
7 18
8 18
9 18
10 18
11 18
12 18
13 18
14 18
15 18
16 18
17 18
1 19
2 19
3 19
4 19
5 19
6 19
7 19
8 19
9 19
10 19
11 19
12 19
13 19
14 19
15 19
16 19
17 19
18 19
1 20
2 20
3 20
4 20
5 20
6 20
7 20
8 20
9 20
10 20
11 20
12 20
13 20
14 20
15 20
16 20
17 20
18 20
19 20
1 21
2 21
3 21
4 21
5 21
6 21
7 21
8 21
9 21
10 21
11 21
12 21
13 21
14 21
15 21
16 21
17 21
18 21
19 21
20 21
1 22
2 22
3 22
4 22
5 22
6 22
7 22
8 22
9 22
10 22
11 22
12 22
13 22
14 22
15 22
16 22
17 22
18 22
19 22
20 22
21 22
1 23
2 23
3 23
4 23
5 23
6 23
7 23
8 23
9 23
10 23
11 23
12 23
13 23
14 23
15 23
16 23
17 23
18 23
19 23
20 23
21 23
22 23
1 24
2 24
3 24
4 24
5 24
6 24
7 24
8 24
9 24
10 24
11 24
12 24
13 24
14 24
15 24
16 24
17 24
18 24
19 24
20 24
21 24
22 24
23 24
1 25
2 25
3 25
4 25
5 25
6 25
7 25
8 25
9 25
10 25
11 25
12 25
13 25
14 25
15 25
16 25
17 25
18 25
19 25
20 25
21 25
22 25
23 25
24 25
1 26
2 26
3 26
4 26
5 26
6 26
7 26
8 26
9 26
10 26
11 26
12 26
13 26
14 26
15 26
16 26
17 26
18 26
19 26
20 26
21 26
22 26
23 26
24 26
25 26
1 27
2 27
3 27
4 27
5 27
6 27
7 27
8 27
9 27
10 27
11 27
12 27
13 27
14 27
15 27
16 27
17 27
18 27
19 27
20 27
21 27
22 27
23 27
24 27
25 27
26 27
1 28
2 28
3 28
4 28
5 28
6 28
7 28
8 28
9 28
10 28
11 28
12 28
13 28
14 28
15 28
16 28
17 28
18 28
19 28
20 28
21 28
22 28
23 28
24 28
25 28
26 28
27 28
1 29
2 29
3 29
4 29
5 29
6 29
7 29
8 29
9 29
10 29
11 29
12 29
13 29
14 29
15 29
16 29
17 29
18 29
19 29
20 29
21 29
22 29
23 29
24 29
25 29
26 29
27 29
28 29
1 30
2 30
3 30
4 30
5 30
6 30
7 30
8 30
9 30
10 30
11 30
12 30
13 30
14 30
15 30
16 30
17 30
18 30
19 30
20 30
21 30
22 30
23 30
24 30
25 30
26 30
27 30
28 30
29 30
1 31
2 31
3 31
4 31
5 31
6 31
7 31
8 31
9 31
10 31
11 31
12 31
13 31
14 31
15 31
16 31
17 31
18 31
19 31
20 31
21 31
22 31
23 31
24 31
25 31
26 31
27 31
28 31
29 31
30 31
1 32
2 32
3 32
4 32
5 32
6 32
7 32
8 32
9 32
10 32
11 32
12 32
13 32
14 32
15 32
16 32
17 32
18 32
19 32
20 32
21 32
22 32
23 32
24 32
25 32
26 32
27 32
28 32
29 32
30 32
31 32
1 33
2 33
3 33
4 33
5 33
6 33
7 33
8 33
9 33
10 33
11 33
12 33
13 33
14 33
15 33
16 33
17 33
18 33
19 33
20 33
21 33
22 33
23 33
24 33
25 33
26 33
27 33
28 33
29 33
30 33
31 33
32 33
1 34
2 34
3 34
4 34
5 34
6 34
7 34
8 34
9 34
10 34
11 34
12 34
13 34
14 34
15 34
16 34
17 34
18 34
19 34
20 34
21 34
22 34
23 34
24 34
25 34
26 34
27 34
28 34
29 34
30 34
31 34
32 34
33 34
1 35
2 35
3 35
4 35
5 35
6 35
7 35
8 35
9 35
10 35
11 35
12 35
13 35
14 35
15 35
16 35
17 35
18 35
19 35
20 35
21 35
22 35
23 35
24 35
25 35
26 35
27 35
28 35
29 35
30 35
31 35
32 35
33 35
34 35
1 36
2 36
3 36
4 36
5 36
6 36
7 36
8 36
9 36
10 36
11 36
12 36
13 36
14 36
15 36
16 36
17 36
18 36
19 36
20 36
21 36
22 36
23 36
24 36
25 36
26 36
27 36
28 36
29 36
30 36
31 36
32 36
33 36
34 36
35 36
1 37
2 37
3 37
4 37
5 37
6 37
7 37
8 37
9 37
10 37
11 37
12 37
13 37
14 37
15 37
16 37
17 37
18 37
19 37
20 37
21 37
22 37
23 37
24 37
25 37
26 37
27 37
28 37
29 37
30 37
31 37
32 37
33 37
34 37
35 37
36 37
1 38
2 38
3 38
4 38
5 38
6 38
7 38
8 38
9 38
10 38
11 38
12 38
13 38
14 38
15 38
16 38
17 38
18 38
19 38
20 38
21 38
22 38
23 38
24 38
25 38
26 38
27 38
28 38
29 38
30 38
31 38
32 38
33 38
34 38
35 38
36 38
37 38
1 39
2 39
3 39
4 39
5 39
6 39
7 39
8 39
9 39
10 39
11 39
12 39
13 39
14 39
15 39
16 39
17 39
18 39
19 39
20 39
21 39
22 39
23 39
24 39
25 39
26 39
27 39
28 39
29 39
30 39
31 39
32 39
33 39
34 39
35 39
36 39
37 39
38 39
1 40
2 40
3 40
4 40
5 40
6 40
7 40
8 40
9 40
10 40
11 40
12 40
13 40
14 40
15 40
16 40
17 40
18 40
19 40
20 40
21 40
22 40
23 40
24 40
25 40
26 40
27 40
28 40
29 40
30 40
31 40
32 40
33 40
34 40
35 40
36 40
37 40
38 40
39 40
1 41
2 41
3 41
4 41
5 41
6 41
7 41
8 41
9 41
10 41
11 41
12 41
13 41
14 41
15 41
16 41
17 41
18 41
19 41
20 41
21 41
22 41
23 41
24 41
25 41
26 41
27 41
28 41
29 41
30 41
31 41
32 41
33 41
34 41
35 41
36 41
37 41
38 41
39 41
40 41
1 42
2 42
3 42
4 42
5 42
6 42
7 42
8 42
9 42
10 42
11 42
12 42
13 42
14 42
15 42
16 42
17 42
18 42
19 42
20 42
21 42
22 42
23 42
24 42
25 42
26 42
27 42
28 42
29 42
30 42
31 42
32 42
33 42
34 42
35 42
36 42
37 42
38 42
39 42
40 42
41 42
1 43
2 43
3 43
4 43
5 43
6 43
7 43
8 43
9 43
10 43
11 43
12 43
13 43
14 43
15 43
16 43
17 43
18 43
19 43
20 43
21 43
22 43
23 43
24 43
25 43
26 43
27 43
28 43
29 43
30 43
31 43
32 43
33 43
34 43
35 43
36 43
37 43
38 43
39 43
40 43
41 43
42 43
1 44
2 44
3 44
4 44
5 44
6 44
7 44
8 44
9 44
10 44
11 44
12 44
13 44
14 44
15 44
16 44
17 44
18 44
19 44
20 44
21 44
22 44
23 44
24 44
25 44
26 44
27 44
28 44
29 44
30 44
31 44
32 44
33 44
34 44
35 44
36 44
37 44
38 44
39 44
40 44
41 44
42 44
43 44
1 45
2 45
3 45
4 45
5 45
6 45
7 45
8 45
9 45
10 45
11 45
12 45
13 45
14 45
15 45
16 45
17 45
18 45
19 45
20 45
21 45
22 45
23 45
24 45
25 45
26 45
27 45
28 45
29 45
30 45
31 45
32 45
33 45
34 45
35 45
36 45
37 45
38 45
39 45
40 45
41 45
42 45
43 45
44 45
1 46
2 46
3 46
4 46
5 46
6 46
7 46
8 46
9 46
10 46
11 46
12 46
13 46
14 46
15 46
16 46
17 46
18 46
19 46
20 46
21 46
22 46
23 46
24 46
25 46
26 46
27 46
28 46
29 46
30 46
31 46
32 46
33 46
34 46
35 46
36 46
37 46
38 46
39 46
40 46
41 46
42 46
43 46
44 46
45 46
1 47
2 47
3 47
4 47
5 47
6 47
7 47
8 47
9 47
10 47
11 47
12 47
13 47
14 47
15 47
16 47
17 47
18 47
19 47
20 47
21 47
22 47
23 47
24 47
25 47
26 47
27 47
28 47
29 47
30 47
31 47
32 47
33 47
34 47
35 47
36 47
37 47
38 47
39 47
40 47
41 47
42 47
43 47
44 47
45 47
46 47
1 48
2 48
3 48
4 48
5 48
6 48
7 48
8 48
9 48
10 48
11 48
12 48
13 48
14 48
15 48
16 48
17 48
18 48
19 48
20 48
21 48
22 48
23 48
24 48
25 48
26 48
27 48
28 48
29 48
30 48
31 48
32 48
33 48
34 48
35 48
36 48
37 48
38 48
39 48
40 48
41 48
42 48
43 48
44 48
45 48
46 48
47 48
1 49
2 49
3 49
4 49
5 49
6 49
7 49
8 49
9 49
10 49
11 49
12 49
13 49
14 49
15 49
16 49
17 49
18 49
19 49
20 49
21 49
22 49
23 49
24 49
25 49
26 49
27 49
28 49
29 49
30 49
31 49
32 49
33 49
34 49
35 49
36 49
37 49
38 49
39 49
40 49
41 49
42 49
43 49
44 49
45 49
46 49
47 49
48 49
1 50
2 50
3 50
4 50
5 50
6 50
7 50
8 50
9 50
10 50
11 50
12 50
13 50
14 50
15 50
16 50
17 50
18 50
19 50
20 50
21 50
22 50
23 50
24 50
25 50
26 50
27 50
28 50
29 50
30 50
31 50
32 50
33 50
34 50
35 50
36 50
37 50
38 50
39 50
40 50
41 50
42 50
43 50
44 50
45 50
46 50
47 50
48 50
49 50
1 51
2 51
3 51
4 51
5 51
6 51
7 51
8 51
9 51
10 51
11 51
12 51
13 51
14 51
15 51
16 51
17 51
18 51
19 51
20 51
21 51
22 51
23 51
24 51
25 51
26 51
27 51
28 51
29 51
30 51
31 51
32 51
33 51
34 51
35 51
36 51
37 51
38 51
39 51
40 51
41 51
42 51
43 51
44 51
45 51
46 51
47 51
48 51
49 51
50 51
1 52
2 52
3 52
4 52
5 52
6 52
7 52
8 52
9 52
10 52
11 52
12 52
13 52
14 52
15 52
16 52
17 52
18 52
19 52
20 52
21 52
22 52
23 52
24 52
25 52
26 52
27 52
28 52
29 52
30 52
31 52
32 52
33 52
34 52
35 52
36 52
37 52
38 52
39 52
40 52
41 52
42 52
43 52
44 52
45 52
46 52
47 52
48 52
49 52
50 52
51 52
1 53
2 53
3 53
4 53
5 53
6 53
7 53
8 53
9 53
10 53
11 53
12 53
13 53
14 53
15 53
16 53
17 53
18 53
19 53
20 53
21 53
22 53
23 53
24 53
25 53
26 53
27 53
28 53
29 53
30 53
31 53
32 53
33 53
34 53
35 53
36 53
37 53
38 53
39 53
40 53
41 53
42 53
43 53
44 53
45 53
46 53
47 53
48 53
49 53
50 53
51 53
52 53
1 54
2 54
3 54
4 54
5 54
6 54
7 54
8 54
9 54
10 54
11 54
12 54
13 54
14 54
15 54
16 54
17 54
18 54
19 54
20 54
21 54
22 54
23 54
24 54
25 54
26 54
27 54
28 54
29 54
30 54
31 54
32 54
33 54
34 54
35 54
36 54
37 54
38 54
39 54
40 54
41 54
42 54
43 54
44 54
45 54
46 54
47 54
48 54
49 54
50 54
51 54
52 54
53 54
1 55
2 55
3 55
4 55
5 55
6 55
7 55
8 55
9 55
10 55
11 55
12 55
13 55
14 55
15 55
16 55
17 55
18 55
19 55
20 55
21 55
22 55
23 55
24 55
25 55
26 55
27 55
28 55
29 55
30 55
31 55
32 55
33 55
34 55
35 55
36 55
37 55
38 55
39 55
40 55
41 55
42 55
43 55
44 55
45 55
46 55
47 55
48 55
49 55
50 55
51 55
52 55
53 55
54 55
1 56
2 56
3 56
4 56
5 56
6 56
7 56
8 56
9 56
10 56
11 56
12 56
13 56
14 56
15 56
16 56
17 56
18 56
19 56
20 56
21 56
22 56
23 56
24 56
25 56
26 56
27 56
28 56
29 56
30 56
31 56
32 56
33 56
34 56
35 56
36 56
37 56
38 56
39 56
40 56
41 56
42 56
43 56
44 56
45 56
46 56
47 56
48 56
49 56
50 56
51 56
52 56
53 56
54 56
55 56
1 57
2 57
3 57
4 57
5 57
6 57
7 57
8 57
9 57
10 57
11 57
12 57
13 57
14 57
15 57
16 57
17 57
18 57
19 57
20 57
21 57
22 57
23 57
24 57
25 57
26 57
27 57
28 57
29 57
30 57
31 57
32 57
33 57
34 57
35 57
36 57
37 57
38 57
39 57
40 57
41 57
42 57
43 57
44 57
45 57
46 57
47 57
48 57
49 57
50 57
51 57
52 57
53 57
54 57
55 57
56 57
18 58
18 59
58 59
18 60
58 60
59 60
18 61
58 61
59 61
60 61
18 62
58 62
59 62
60 62
61 62
18 63
58 63
59 63
60 63
61 63
62 63
18 64
58 64
59 64
60 64
61 64
62 64
63 64
18 65
58 65
59 65
60 65
61 65
62 65
63 65
64 65
18 66
58 66
59 66
60 66
61 66
62 66
63 66
64 66
65 66
18 67
58 67
59 67
60 67
61 67
62 67
63 67
64 67
65 67
66 67
18 68
58 68
59 68
60 68
61 68
62 68
63 68
64 68
65 68
66 68
67 68
18 69
58 69
59 69
60 69
61 69
62 69
63 69
64 69
65 69
66 69
67 69
68 69
18 70
58 70
59 70
60 70
61 70
62 70
63 70
64 70
65 70
66 70
67 70
68 70
69 70
18 71
58 71
59 71
60 71
61 71
62 71
63 71
64 71
65 71
66 71
67 71
68 71
69 71
70 71
18 72
58 72
59 72
60 72
61 72
62 72
63 72
64 72
65 72
66 72
67 72
68 72
69 72
70 72
71 72
18 73
58 73
59 73
60 73
61 73
62 73
63 73
64 73
65 73
66 73
67 73
68 73
69 73
70 73
71 73
72 73
18 74
58 74
59 74
60 74
61 74
62 74
63 74
64 74
65 74
66 74
67 74
68 74
69 74
70 74
71 74
72 74
73 74
18 75
58 75
59 75
60 75
61 75
62 75
63 75
64 75
65 75
66 75
67 75
68 75
69 75
70 75
71 75
72 75
73 75
74 75
18 76
58 76
59 76
60 76
61 76
62 76
63 76
64 76
65 76
66 76
67 76
68 76
69 76
70 76
71 76
72 76
73 76
74 76
75 76
18 77
58 77
59 77
60 77
61 77
62 77
63 77
64 77
65 77
66 77
67 77
68 77
69 77
70 77
71 77
72 77
73 77
74 77
75 77
76 77
18 78
58 78
59 78
60 78
61 78
62 78
63 78
64 78
65 78
66 78
67 78
68 78
69 78
70 78
71 78
72 78
73 78
74 78
75 78
76 78
77 78
18 79
58 79
59 79
60 79
61 79
62 79
63 79
64 79
65 79
66 79
67 79
68 79
69 79
70 79
71 79
72 79
73 79
74 79
75 79
76 79
77 79
78 79
18 80
58 80
59 80
60 80
61 80
62 80
63 80
64 80
65 80
66 80
67 80
68 80
69 80
70 80
71 80
72 80
73 80
74 80
75 80
76 80
77 80
78 80
79 80
18 81
58 81
59 81
60 81
61 81
62 81
63 81
64 81
65 81
66 81
67 81
68 81
69 81
70 81
71 81
72 81
73 81
74 81
75 81
76 81
77 81
78 81
79 81
80 81
18 82
58 82
59 82
60 82
61 82
62 82
63 82
64 82
65 82
66 82
67 82
68 82
69 82
70 82
71 82
72 82
73 82
74 82
75 82
76 82
77 82
78 82
79 82
80 82
81 82
18 83
58 83
59 83
60 83
61 83
62 83
63 83
64 83
65 83
66 83
67 83
68 83
69 83
70 83
71 83
72 83
73 83
74 83
75 83
76 83
77 83
78 83
79 83
80 83
81 83
82 83
18 84
58 84
59 84
60 84
61 84
62 84
63 84
64 84
65 84
66 84
67 84
68 84
69 84
70 84
71 84
72 84
73 84
74 84
75 84
76 84
77 84
78 84
79 84
80 84
81 84
82 84
83 84
18 85
58 85
59 85
60 85
61 85
62 85
63 85
64 85
65 85
66 85
67 85
68 85
69 85
70 85
71 85
72 85
73 85
74 85
75 85
76 85
77 85
78 85
79 85
80 85
81 85
82 85
83 85
84 85
18 86
58 86
59 86
60 86
61 86
62 86
63 86
64 86
65 86
66 86
67 86
68 86
69 86
70 86
71 86
72 86
73 86
74 86
75 86
76 86
77 86
78 86
79 86
80 86
81 86
82 86
83 86
84 86
85 86
18 87
58 87
59 87
60 87
61 87
62 87
63 87
64 87
65 87
66 87
67 87
68 87
69 87
70 87
71 87
72 87
73 87
74 87
75 87
76 87
77 87
78 87
79 87
80 87
81 87
82 87
83 87
84 87
85 87
86 87
18 88
58 88
59 88
60 88
61 88
62 88
63 88
64 88
65 88
66 88
67 88
68 88
69 88
70 88
71 88
72 88
73 88
74 88
75 88
76 88
77 88
78 88
79 88
80 88
81 88
82 88
83 88
84 88
85 88
86 88
87 88
18 89
58 89
59 89
60 89
61 89
62 89
63 89
64 89
65 89
66 89
67 89
68 89
69 89
70 89
71 89
72 89
73 89
74 89
75 89
76 89
77 89
78 89
79 89
80 89
81 89
82 89
83 89
84 89
85 89
86 89
87 89
88 89
18 90
58 90
59 90
60 90
61 90
62 90
63 90
64 90
65 90
66 90
67 90
68 90
69 90
70 90
71 90
72 90
73 90
74 90
75 90
76 90
77 90
78 90
79 90
80 90
81 90
82 90
83 90
84 90
85 90
86 90
87 90
88 90
89 90
18 91
58 91
59 91
60 91
61 91
62 91
63 91
64 91
65 91
66 91
67 91
68 91
69 91
70 91
71 91
72 91
73 91
74 91
75 91
76 91
77 91
78 91
79 91
80 91
81 91
82 91
83 91
84 91
85 91
86 91
87 91
88 91
89 91
90 91
18 92
58 92
59 92
60 92
61 92
62 92
63 92
64 92
65 92
66 92
67 92
68 92
69 92
70 92
71 92
72 92
73 92
74 92
75 92
76 92
77 92
78 92
79 92
80 92
81 92
82 92
83 92
84 92
85 92
86 92
87 92
88 92
89 92
90 92
91 92
18 93
58 93
59 93
60 93
61 93
62 93
63 93
64 93
65 93
66 93
67 93
68 93
69 93
70 93
71 93
72 93
73 93
74 93
75 93
76 93
77 93
78 93
79 93
80 93
81 93
82 93
83 93
84 93
85 93
86 93
87 93
88 93
89 93
90 93
91 93
92 93
18 94
58 94
59 94
60 94
61 94
62 94
63 94
64 94
65 94
66 94
67 94
68 94
69 94
70 94
71 94
72 94
73 94
74 94
75 94
76 94
77 94
78 94
79 94
80 94
81 94
82 94
83 94
84 94
85 94
86 94
87 94
88 94
89 94
90 94
91 94
92 94
93 94
18 95
58 95
59 95
60 95
61 95
62 95
63 95
64 95
65 95
66 95
67 95
68 95
69 95
70 95
71 95
72 95
73 95
74 95
75 95
76 95
77 95
78 95
79 95
80 95
81 95
82 95
83 95
84 95
85 95
86 95
87 95
88 95
89 95
90 95
91 95
92 95
93 95
94 95
18 96
58 96
59 96
60 96
61 96
62 96
63 96
64 96
65 96
66 96
67 96
68 96
69 96
70 96
71 96
72 96
73 96
74 96
75 96
76 96
77 96
78 96
79 96
80 96
81 96
82 96
83 96
84 96
85 96
86 96
87 96
88 96
89 96
90 96
91 96
92 96
93 96
94 96
95 96
18 97
58 97
59 97
60 97
61 97
62 97
63 97
64 97
65 97
66 97
67 97
68 97
69 97
70 97
71 97
72 97
73 97
74 97
75 97
76 97
77 97
78 97
79 97
80 97
81 97
82 97
83 97
84 97
85 97
86 97
87 97
88 97
89 97
90 97
91 97
92 97
93 97
94 97
95 97
96 97
18 98
58 98
59 98
60 98
61 98
62 98
63 98
64 98
65 98
66 98
67 98
68 98
69 98
70 98
71 98
72 98
73 98
74 98
75 98
76 98
77 98
78 98
79 98
80 98
81 98
82 98
83 98
84 98
85 98
86 98
87 98
88 98
89 98
90 98
91 98
92 98
93 98
94 98
95 98
96 98
97 98
18 99
58 99
59 99
60 99
61 99
62 99
63 99
64 99
65 99
66 99
67 99
68 99
69 99
70 99
71 99
72 99
73 99
74 99
75 99
76 99
77 99
78 99
79 99
80 99
81 99
82 99
83 99
84 99
85 99
86 99
87 99
88 99
89 99
90 99
91 99
92 99
93 99
94 99
95 99
96 99
97 99
98 99
18 100
58 100
59 100
60 100
61 100
62 100
63 100
64 100
65 100
66 100
67 100
68 100
69 100
70 100
71 100
72 100
73 100
74 100
75 100
76 100
77 100
78 100
79 100
80 100
81 100
82 100
83 100
84 100
85 100
86 100
87 100
88 100
89 100
90 100
91 100
92 100
93 100
94 100
95 100
96 100
97 100
98 100
99 100
18 101
58 101
59 101
60 101
61 101
62 101
63 101
64 101
65 101
66 101
67 101
68 101
69 101
70 101
71 101
72 101
73 101
74 101
75 101
76 101
77 101
78 101
79 101
80 101
81 101
82 101
83 101
84 101
85 101
86 101
87 101
88 101
89 101
90 101
91 101
92 101
93 101
94 101
95 101
96 101
97 101
98 101
99 101
100 101
18 102
58 102
59 102
60 102
61 102
62 102
63 102
64 102
65 102
66 102
67 102
68 102
69 102
70 102
71 102
72 102
73 102
74 102
75 102
76 102
77 102
78 102
79 102
80 102
81 102
82 102
83 102
84 102
85 102
86 102
87 102
88 102
89 102
90 102
91 102
92 102
93 102
94 102
95 102
96 102
97 102
98 102
99 102
100 102
101 102
18 103
58 103
59 103
60 103
61 103
62 103
63 103
64 103
65 103
66 103
67 103
68 103
69 103
70 103
71 103
72 103
73 103
74 103
75 103
76 103
77 103
78 103
79 103
80 103
81 103
82 103
83 103
84 103
85 103
86 103
87 103
88 103
89 103
90 103
91 103
92 103
93 103
94 103
95 103
96 103
97 103
98 103
99 103
100 103
101 103
102 103
18 104
58 104
59 104
60 104
61 104
62 104
63 104
64 104
65 104
66 104
67 104
68 104
69 104
70 104
71 104
72 104
73 104
74 104
75 104
76 104
77 104
78 104
79 104
80 104
81 104
82 104
83 104
84 104
85 104
86 104
87 104
88 104
89 104
90 104
91 104
92 104
93 104
94 104
95 104
96 104
97 104
98 104
99 104
100 104
101 104
102 104
103 104
18 105
58 105
59 105
60 105
61 105
62 105
63 105
64 105
65 105
66 105
67 105
68 105
69 105
70 105
71 105
72 105
73 105
74 105
75 105
76 105
77 105
78 105
79 105
80 105
81 105
82 105
83 105
84 105
85 105
86 105
87 105
88 105
89 105
90 105
91 105
92 105
93 105
94 105
95 105
96 105
97 105
98 105
99 105
100 105
101 105
102 105
103 105
104 105
18 106
58 106
59 106
60 106
61 106
62 106
63 106
64 106
65 106
66 106
67 106
68 106
69 106
70 106
71 106
72 106
73 106
74 106
75 106
76 106
77 106
78 106
79 106
80 106
81 106
82 106
83 106
84 106
85 106
86 106
87 106
88 106
89 106
90 106
91 106
92 106
93 106
94 106
95 106
96 106
97 106
98 106
99 106
100 106
101 106
102 106
103 106
104 106
105 106
18 107
58 107
59 107
60 107
61 107
62 107
63 107
64 107
65 107
66 107
67 107
68 107
69 107
70 107
71 107
72 107
73 107
74 107
75 107
76 107
77 107
78 107
79 107
80 107
81 107
82 107
83 107
84 107
85 107
86 107
87 107
88 107
89 107
90 107
91 107
92 107
93 107
94 107
95 107
96 107
97 107
98 107
99 107
100 107
101 107
102 107
103 107
104 107
105 107
106 107
18 108
58 108
59 108
60 108
61 108
62 108
63 108
64 108
65 108
66 108
67 108
68 108
69 108
70 108
71 108
72 108
73 108
74 108
75 108
76 108
77 108
78 108
79 108
80 108
81 108
82 108
83 108
84 108
85 108
86 108
87 108
88 108
89 108
90 108
91 108
92 108
93 108
94 108
95 108
96 108
97 108
98 108
99 108
100 108
101 108
102 108
103 108
104 108
105 108
106 108
107 108
18 109
58 109
59 109
60 109
61 109
62 109
63 109
64 109
65 109
66 109
67 109
68 109
69 109
70 109
71 109
72 109
73 109
74 109
75 109
76 109
77 109
78 109
79 109
80 109
81 109
82 109
83 109
84 109
85 109
86 109
87 109
88 109
89 109
90 109
91 109
92 109
93 109
94 109
95 109
96 109
97 109
98 109
99 109
100 109
101 109
102 109
103 109
104 109
105 109
106 109
107 109
108 109
18 110
58 110
59 110
60 110
61 110
62 110
63 110
64 110
65 110
66 110
67 110
68 110
69 110
70 110
71 110
72 110
73 110
74 110
75 110
76 110
77 110
78 110
79 110
80 110
81 110
82 110
83 110
84 110
85 110
86 110
87 110
88 110
89 110
90 110
91 110
92 110
93 110
94 110
95 110
96 110
97 110
98 110
99 110
100 110
101 110
102 110
103 110
104 110
105 110
106 110
107 110
108 110
109 110
18 111
58 111
59 111
60 111
61 111
62 111
63 111
64 111
65 111
66 111
67 111
68 111
69 111
70 111
71 111
72 111
73 111
74 111
75 111
76 111
77 111
78 111
79 111
80 111
81 111
82 111
83 111
84 111
85 111
86 111
87 111
88 111
89 111
90 111
91 111
92 111
93 111
94 111
95 111
96 111
97 111
98 111
99 111
100 111
101 111
102 111
103 111
104 111
105 111
106 111
107 111
108 111
109 111
110 111
18 112
58 112
59 112
60 112
61 112
62 112
63 112
64 112
65 112
66 112
67 112
68 112
69 112
70 112
71 112
72 112
73 112
74 112
75 112
76 112
77 112
78 112
79 112
80 112
81 112
82 112
83 112
84 112
85 112
86 112
87 112
88 112
89 112
90 112
91 112
92 112
93 112
94 112
95 112
96 112
97 112
98 112
99 112
100 112
101 112
102 112
103 112
104 112
105 112
106 112
107 112
108 112
109 112
110 112
111 112
18 113
58 113
59 113
60 113
61 113
62 113
63 113
64 113
65 113
66 113
67 113
68 113
69 113
70 113
71 113
72 113
73 113
74 113
75 113
76 113
77 113
78 113
79 113
80 113
81 113
82 113
83 113
84 113
85 113
86 113
87 113
88 113
89 113
90 113
91 113
92 113
93 113
94 113
95 113
96 113
97 113
98 113
99 113
100 113
101 113
102 113
103 113
104 113
105 113
106 113
107 113
108 113
109 113
110 113
111 113
112 113
18 114
58 114
59 114
60 114
61 114
62 114
63 114
64 114
65 114
66 114
67 114
68 114
69 114
70 114
71 114
72 114
73 114
74 114
75 114
76 114
77 114
78 114
79 114
80 114
81 114
82 114
83 114
84 114
85 114
86 114
87 114
88 114
89 114
90 114
91 114
92 114
93 114
94 114
95 114
96 114
97 114
98 114
99 114
100 114
101 114
102 114
103 114
104 114
105 114
106 114
107 114
108 114
109 114
110 114
111 114
112 114
113 114
18 115
58 115
59 115
60 115
61 115
62 115
63 115
64 115
65 115
66 115
67 115
68 115
69 115
70 115
71 115
72 115
73 115
74 115
75 115
76 115
77 115
78 115
79 115
80 115
81 115
82 115
83 115
84 115
85 115
86 115
87 115
88 115
89 115
90 115
91 115
92 115
93 115
94 115
95 115
96 115
97 115
98 115
99 115
100 115
101 115
102 115
103 115
104 115
105 115
106 115
107 115
108 115
109 115
110 115
111 115
112 115
113 115
114 115
18 116
58 116
59 116
60 116
61 116
62 116
63 116
64 116
65 116
66 116
67 116
68 116
69 116
70 116
71 116
72 116
73 116
74 116
75 116
76 116
77 116
78 116
79 116
80 116
81 116
82 116
83 116
84 116
85 116
86 116
87 116
88 116
89 116
90 116
91 116
92 116
93 116
94 116
95 116
96 116
97 116
98 116
99 116
100 116
101 116
102 116
103 116
104 116
105 116
106 116
107 116
108 116
109 116
110 116
111 116
112 116
113 116
114 116
115 116
18 117
58 117
59 117
60 117
61 117
62 117
63 117
64 117
65 117
66 117
67 117
68 117
69 117
70 117
71 117
72 117
73 117
74 117
75 117
76 117
77 117
78 117
79 117
80 117
81 117
82 117
83 117
84 117
85 117
86 117
87 117
88 117
89 117
90 117
91 117
92 117
93 117
94 117
95 117
96 117
97 117
98 117
99 117
100 117
101 117
102 117
103 117
104 117
105 117
106 117
107 117
108 117
109 117
110 117
111 117
112 117
113 117
114 117
115 117
116 117
18 118
58 118
59 118
60 118
61 118
62 118
63 118
64 118
65 118
66 118
67 118
68 118
69 118
70 118
71 118
72 118
73 118
74 118
75 118
76 118
77 118
78 118
79 118
80 118
81 118
82 118
83 118
84 118
85 118
86 118
87 118
88 118
89 118
90 118
91 118
92 118
93 118
94 118
95 118
96 118
97 118
98 118
99 118
100 118
101 118
102 118
103 118
104 118
105 118
106 118
107 118
108 118
109 118
110 118
111 118
112 118
113 118
114 118
115 118
116 118
117 118
18 119
58 119
59 119
60 119
61 119
62 119
63 119
64 119
65 119
66 119
67 119
68 119
69 119
70 119
71 119
72 119
73 119
74 119
75 119
76 119
77 119
78 119
79 119
80 119
81 119
82 119
83 119
84 119
85 119
86 119
87 119
88 119
89 119
90 119
91 119
92 119
93 119
94 119
95 119
96 119
97 119
98 119
99 119
100 119
101 119
102 119
103 119
104 119
105 119
106 119
107 119
108 119
109 119
110 119
111 119
112 119
113 119
114 119
115 119
116 119
117 119
118 119
18 120
58 120
59 120
60 120
61 120
62 120
63 120
64 120
65 120
66 120
67 120
68 120
69 120
70 120
71 120
72 120
73 120
74 120
75 120
76 120
77 120
78 120
79 120
80 120
81 120
82 120
83 120
84 120
85 120
86 120
87 120
88 120
89 120
90 120
91 120
92 120
93 120
94 120
95 120
96 120
97 120
98 120
99 120
100 120
101 120
102 120
103 120
104 120
105 120
106 120
107 120
108 120
109 120
110 120
111 120
112 120
113 120
114 120
115 120
116 120
117 120
118 120
119 120
18 121
58 121
59 121
60 121
61 121
62 121
63 121
64 121
65 121
66 121
67 121
68 121
69 121
70 121
71 121
72 121
73 121
74 121
75 121
76 121
77 121
78 121
79 121
80 121
81 121
82 121
83 121
84 121
85 121
86 121
87 121
88 121
89 121
90 121
91 121
92 121
93 121
94 121
95 121
96 121
97 121
98 121
99 121
100 121
101 121
102 121
103 121
104 121
105 121
106 121
107 121
108 121
109 121
110 121
111 121
112 121
113 121
114 121
115 121
116 121
117 121
118 121
119 121
120 121
18 122
58 122
59 122
60 122
61 122
62 122
63 122
64 122
65 122
66 122
67 122
68 122
69 122
70 122
71 122
72 122
73 122
74 122
75 122
76 122
77 122
78 122
79 122
80 122
81 122
82 122
83 122
84 122
85 122
86 122
87 122
88 122
89 122
90 122
91 122
92 122
93 122
94 122
95 122
96 122
97 122
98 122
99 122
100 122
101 122
102 122
103 122
104 122
105 122
106 122
107 122
108 122
109 122
110 122
111 122
112 122
113 122
114 122
115 122
116 122
117 122
118 122
119 122
120 122
121 122
18 123
58 123
59 123
60 123
61 123
62 123
63 123
64 123
65 123
66 123
67 123
68 123
69 123
70 123
71 123
72 123
73 123
74 123
75 123
76 123
77 123
78 123
79 123
80 123
81 123
82 123
83 123
84 123
85 123
86 123
87 123
88 123
89 123
90 123
91 123
92 123
93 123
94 123
95 123
96 123
97 123
98 123
99 123
100 123
101 123
102 123
103 123
104 123
105 123
106 123
107 123
108 123
109 123
110 123
111 123
112 123
113 123
114 123
115 123
116 123
117 123
118 123
119 123
120 123
121 123
122 123
18 124
58 124
59 124
60 124
61 124
62 124
63 124
64 124
65 124
66 124
67 124
68 124
69 124
70 124
71 124
72 124
73 124
74 124
75 124
76 124
77 124
78 124
79 124
80 124
81 124
82 124
83 124
84 124
85 124
86 124
87 124
88 124
89 124
90 124
91 124
92 124
93 124
94 124
95 124
96 124
97 124
98 124
99 124
100 124
101 124
102 124
103 124
104 124
105 124
106 124
107 124
108 124
109 124
110 124
111 124
112 124
113 124
114 124
115 124
116 124
117 124
118 124
119 124
120 124
121 124
122 124
123 124
18 125
58 125
59 125
60 125
61 125
62 125
63 125
64 125
65 125
66 125
67 125
68 125
69 125
70 125
71 125
72 125
73 125
74 125
75 125
76 125
77 125
78 125
79 125
80 125
81 125
82 125
83 125
84 125
85 125
86 125
87 125
88 125
89 125
90 125
91 125
92 125
93 125
94 125
95 125
96 125
97 125
98 125
99 125
100 125
101 125
102 125
103 125
104 125
105 125
106 125
107 125
108 125
109 125
110 125
111 125
112 125
113 125
114 125
115 125
116 125
117 125
118 125
119 125
120 125
121 125
122 125
123 125
124 125
18 126
58 126
59 126
60 126
61 126
62 126
63 126
64 126
65 126
66 126
67 126
68 126
69 126
70 126
71 126
72 126
73 126
74 126
75 126
76 126
77 126
78 126
79 126
80 126
81 126
82 126
83 126
84 126
85 126
86 126
87 126
88 126
89 126
90 126
91 126
92 126
93 126
94 126
95 126
96 126
97 126
98 126
99 126
100 126
101 126
102 126
103 126
104 126
105 126
106 126
107 126
108 126
109 126
110 126
111 126
112 126
113 126
114 126
115 126
116 126
117 126
118 126
119 126
120 126
121 126
122 126
123 126
124 126
125 126
18 127
58 127
59 127
60 127
61 127
62 127
63 127
64 127
65 127
66 127
67 127
68 127
69 127
70 127
71 127
72 127
73 127
74 127
75 127
76 127
77 127
78 127
79 127
80 127
81 127
82 127
83 127
84 127
85 127
86 127
87 127
88 127
89 127
90 127
91 127
92 127
93 127
94 127
95 127
96 127
97 127
98 127
99 127
100 127
101 127
102 127
103 127
104 127
105 127
106 127
107 127
108 127
109 127
110 127
111 127
112 127
113 127
114 127
115 127
116 127
117 127
118 127
119 127
120 127
121 127
122 127
123 127
124 127
125 127
126 127
18 128
58 128
59 128
60 128
61 128
62 128
63 128
64 128
65 128
66 128
67 128
68 128
69 128
70 128
71 128
72 128
73 128
74 128
75 128
76 128
77 128
78 128
79 128
80 128
81 128
82 128
83 128
84 128
85 128
86 128
87 128
88 128
89 128
90 128
91 128
92 128
93 128
94 128
95 128
96 128
97 128
98 128
99 128
100 128
101 128
102 128
103 128
104 128
105 128
106 128
107 128
108 128
109 128
110 128
111 128
112 128
113 128
114 128
115 128
116 128
117 128
118 128
119 128
120 128
121 128
122 128
123 128
124 128
125 128
126 128
127 128
18 129
58 129
59 129
60 129
61 129
62 129
63 129
64 129
65 129
66 129
67 129
68 129
69 129
70 129
71 129
72 129
73 129
74 129
75 129
76 129
77 129
78 129
79 129
80 129
81 129
82 129
83 129
84 129
85 129
86 129
87 129
88 129
89 129
90 129
91 129
92 129
93 129
94 129
95 129
96 129
97 129
98 129
99 129
100 129
101 129
102 129
103 129
104 129
105 129
106 129
107 129
108 129
109 129
110 129
111 129
112 129
113 129
114 129
115 129
116 129
117 129
118 129
119 129
120 129
121 129
122 129
123 129
124 129
125 129
126 129
127 129
128 129
18 130
58 130
59 130
60 130
61 130
62 130
63 130
64 130
65 130
66 130
67 130
68 130
69 130
70 130
71 130
72 130
73 130
74 130
75 130
76 130
77 130
78 130
79 130
80 130
81 130
82 130
83 130
84 130
85 130
86 130
87 130
88 130
89 130
90 130
91 130
92 130
93 130
94 130
95 130
96 130
97 130
98 130
99 130
100 130
101 130
102 130
103 130
104 130
105 130
106 130
107 130
108 130
109 130
110 130
111 130
112 130
113 130
114 130
115 130
116 130
117 130
118 130
119 130
120 130
121 130
122 130
123 130
124 130
125 130
126 130
127 130
128 130
129 130
18 131
58 131
59 131
60 131
61 131
62 131
63 131
64 131
65 131
66 131
67 131
68 131
69 131
70 131
71 131
72 131
73 131
74 131
75 131
76 131
77 131
78 131
79 131
80 131
81 131
82 131
83 131
84 131
85 131
86 131
87 131
88 131
89 131
90 131
91 131
92 131
93 131
94 131
95 131
96 131
97 131
98 131
99 131
100 131
101 131
102 131
103 131
104 131
105 131
106 131
107 131
108 131
109 131
110 131
111 131
112 131
113 131
114 131
115 131
116 131
117 131
118 131
119 131
120 131
121 131
122 131
123 131
124 131
125 131
126 131
127 131
128 131
129 131
130 131
18 132
58 132
59 132
60 132
61 132
62 132
63 132
64 132
65 132
66 132
67 132
68 132
69 132
70 132
71 132
72 132
73 132
74 132
75 132
76 132
77 132
78 132
79 132
80 132
81 132
82 132
83 132
84 132
85 132
86 132
87 132
88 132
89 132
90 132
91 132
92 132
93 132
94 132
95 132
96 132
97 132
98 132
99 132
100 132
101 132
102 132
103 132
104 132
105 132
106 132
107 132
108 132
109 132
110 132
111 132
112 132
113 132
114 132
115 132
116 132
117 132
118 132
119 132
120 132
121 132
122 132
123 132
124 132
125 132
126 132
127 132
128 132
129 132
130 132
131 132
18 133
58 133
59 133
60 133
61 133
62 133
63 133
64 133
65 133
66 133
67 133
68 133
69 133
70 133
71 133
72 133
73 133
74 133
75 133
76 133
77 133
78 133
79 133
80 133
81 133
82 133
83 133
84 133
85 133
86 133
87 133
88 133
89 133
90 133
91 133
92 133
93 133
94 133
95 133
96 133
97 133
98 133
99 133
100 133
101 133
102 133
103 133
104 133
105 133
106 133
107 133
108 133
109 133
110 133
111 133
112 133
113 133
114 133
115 133
116 133
117 133
118 133
119 133
120 133
121 133
122 133
123 133
124 133
125 133
126 133
127 133
128 133
129 133
130 133
131 133
132 133
36 134
36 135
134 135
36 136
134 136
135 136
36 137
134 137
135 137
136 137
36 138
134 138
135 138
136 138
137 138
36 139
134 139
135 139
136 139
137 139
138 139
36 140
134 140
135 140
136 140
137 140
138 140
139 140
36 141
134 141
135 141
136 141
137 141
138 141
139 141
140 141
36 142
134 142
135 142
136 142
137 142
138 142
139 142
140 142
141 142
36 143
134 143
135 143
136 143
137 143
138 143
139 143
140 143
141 143
142 143
36 144
134 144
135 144
136 144
137 144
138 144
139 144
140 144
141 144
142 144
143 144
36 145
134 145
135 145
136 145
137 145
138 145
139 145
140 145
141 145
142 145
143 145
144 145
36 146
134 146
135 146
136 146
137 146
138 146
139 146
140 146
141 146
142 146
143 146
144 146
145 146
36 147
134 147
135 147
136 147
137 147
138 147
139 147
140 147
141 147
142 147
143 147
144 147
145 147
146 147
36 148
134 148
135 148
136 148
137 148
138 148
139 148
140 148
141 148
142 148
143 148
144 148
145 148
146 148
147 148
36 149
134 149
135 149
136 149
137 149
138 149
139 149
140 149
141 149
142 149
143 149
144 149
145 149
146 149
147 149
148 149
36 150
134 150
135 150
136 150
137 150
138 150
139 150
140 150
141 150
142 150
143 150
144 150
145 150
146 150
147 150
148 150
149 150
36 151
134 151
135 151
136 151
137 151
138 151
139 151
140 151
141 151
142 151
143 151
144 151
145 151
146 151
147 151
148 151
149 151
150 151
36 152
134 152
135 152
136 152
137 152
138 152
139 152
140 152
141 152
142 152
143 152
144 152
145 152
146 152
147 152
148 152
149 152
150 152
151 152
36 153
134 153
135 153
136 153
137 153
138 153
139 153
140 153
141 153
142 153
143 153
144 153
145 153
146 153
147 153
148 153
149 153
150 153
151 153
152 153
36 154
134 154
135 154
136 154
137 154
138 154
139 154
140 154
141 154
142 154
143 154
144 154
145 154
146 154
147 154
148 154
149 154
150 154
151 154
152 154
153 154
36 155
134 155
135 155
136 155
137 155
138 155
139 155
140 155
141 155
142 155
143 155
144 155
145 155
146 155
147 155
148 155
149 155
150 155
151 155
152 155
153 155
154 155
36 156
134 156
135 156
136 156
137 156
138 156
139 156
140 156
141 156
142 156
143 156
144 156
145 156
146 156
147 156
148 156
149 156
150 156
151 156
152 156
153 156
154 156
155 156
36 157
134 157
135 157
136 157
137 157
138 157
139 157
140 157
141 157
142 157
143 157
144 157
145 157
146 157
147 157
148 157
149 157
150 157
151 157
152 157
153 157
154 157
155 157
156 157
36 158
134 158
135 158
136 158
137 158
138 158
139 158
140 158
141 158
142 158
143 158
144 158
145 158
146 158
147 158
148 158
149 158
150 158
151 158
152 158
153 158
154 158
155 158
156 158
157 158
36 159
134 159
135 159
136 159
137 159
138 159
139 159
140 159
141 159
142 159
143 159
144 159
145 159
146 159
147 159
148 159
149 159
150 159
151 159
152 159
153 159
154 159
155 159
156 159
157 159
158 159
36 160
134 160
135 160
136 160
137 160
138 160
139 160
140 160
141 160
142 160
143 160
144 160
145 160
146 160
147 160
148 160
149 160
150 160
151 160
152 160
153 160
154 160
155 160
156 160
157 160
158 160
159 160
36 161
134 161
135 161
136 161
137 161
138 161
139 161
140 161
141 161
142 161
143 161
144 161
145 161
146 161
147 161
148 161
149 161
150 161
151 161
152 161
153 161
154 161
155 161
156 161
157 161
158 161
159 161
160 161
36 162
134 162
135 162
136 162
137 162
138 162
139 162
140 162
141 162
142 162
143 162
144 162
145 162
146 162
147 162
148 162
149 162
150 162
151 162
152 162
153 162
154 162
155 162
156 162
157 162
158 162
159 162
160 162
161 162
36 163
134 163
135 163
136 163
137 163
138 163
139 163
140 163
141 163
142 163
143 163
144 163
145 163
146 163
147 163
148 163
149 163
150 163
151 163
152 163
153 163
154 163
155 163
156 163
157 163
158 163
159 163
160 163
161 163
162 163
36 164
134 164
135 164
136 164
137 164
138 164
139 164
140 164
141 164
142 164
143 164
144 164
145 164
146 164
147 164
148 164
149 164
150 164
151 164
152 164
153 164
154 164
155 164
156 164
157 164
158 164
159 164
160 164
161 164
162 164
163 164
36 165
134 165
135 165
136 165
137 165
138 165
139 165
140 165
141 165
142 165
143 165
144 165
145 165
146 165
147 165
148 165
149 165
150 165
151 165
152 165
153 165
154 165
155 165
156 165
157 165
158 165
159 165
160 165
161 165
162 165
163 165
164 165
36 166
134 166
135 166
136 166
137 166
138 166
139 166
140 166
141 166
142 166
143 166
144 166
145 166
146 166
147 166
148 166
149 166
150 166
151 166
152 166
153 166
154 166
155 166
156 166
157 166
158 166
159 166
160 166
161 166
162 166
163 166
164 166
165 166
36 167
134 167
135 167
136 167
137 167
138 167
139 167
140 167
141 167
142 167
143 167
144 167
145 167
146 167
147 167
148 167
149 167
150 167
151 167
152 167
153 167
154 167
155 167
156 167
157 167
158 167
159 167
160 167
161 167
162 167
163 167
164 167
165 167
166 167
36 168
134 168
135 168
136 168
137 168
138 168
139 168
140 168
141 168
142 168
143 168
144 168
145 168
146 168
147 168
148 168
149 168
150 168
151 168
152 168
153 168
154 168
155 168
156 168
157 168
158 168
159 168
160 168
161 168
162 168
163 168
164 168
165 168
166 168
167 168
36 169
134 169
135 169
136 169
137 169
138 169
139 169
140 169
141 169
142 169
143 169
144 169
145 169
146 169
147 169
148 169
149 169
150 169
151 169
152 169
153 169
154 169
155 169
156 169
157 169
158 169
159 169
160 169
161 169
162 169
163 169
164 169
165 169
166 169
167 169
168 169
36 170
134 170
135 170
136 170
137 170
138 170
139 170
140 170
141 170
142 170
143 170
144 170
145 170
146 170
147 170
148 170
149 170
150 170
151 170
152 170
153 170
154 170
155 170
156 170
157 170
158 170
159 170
160 170
161 170
162 170
163 170
164 170
165 170
166 170
167 170
168 170
169 170
36 171
134 171
135 171
136 171
137 171
138 171
139 171
140 171
141 171
142 171
143 171
144 171
145 171
146 171
147 171
148 171
149 171
150 171
151 171
152 171
153 171
154 171
155 171
156 171
157 171
158 171
159 171
160 171
161 171
162 171
163 171
164 171
165 171
166 171
167 171
168 171
169 171
170 171
36 172
134 172
135 172
136 172
137 172
138 172
139 172
140 172
141 172
142 172
143 172
144 172
145 172
146 172
147 172
148 172
149 172
150 172
151 172
152 172
153 172
154 172
155 172
156 172
157 172
158 172
159 172
160 172
161 172
162 172
163 172
164 172
165 172
166 172
167 172
168 172
169 172
170 172
171 172
36 173
134 173
135 173
136 173
137 173
138 173
139 173
140 173
141 173
142 173
143 173
144 173
145 173
146 173
147 173
148 173
149 173
150 173
151 173
152 173
153 173
154 173
155 173
156 173
157 173
158 173
159 173
160 173
161 173
162 173
163 173
164 173
165 173
166 173
167 173
168 173
169 173
170 173
171 173
172 173
36 174
134 174
135 174
136 174
137 174
138 174
139 174
140 174
141 174
142 174
143 174
144 174
145 174
146 174
147 174
148 174
149 174
150 174
151 174
152 174
153 174
154 174
155 174
156 174
157 174
158 174
159 174
160 174
161 174
162 174
163 174
164 174
165 174
166 174
167 174
168 174
169 174
170 174
171 174
172 174
173 174
36 175
134 175
135 175
136 175
137 175
138 175
139 175
140 175
141 175
142 175
143 175
144 175
145 175
146 175
147 175
148 175
149 175
150 175
151 175
152 175
153 175
154 175
155 175
156 175
157 175
158 175
159 175
160 175
161 175
162 175
163 175
164 175
165 175
166 175
167 175
168 175
169 175
170 175
171 175
172 175
173 175
174 175
36 176
134 176
135 176
136 176
137 176
138 176
139 176
140 176
141 176
142 176
143 176
144 176
145 176
146 176
147 176
148 176
149 176
150 176
151 176
152 176
153 176
154 176
155 176
156 176
157 176
158 176
159 176
160 176
161 176
162 176
163 176
164 176
165 176
166 176
167 176
168 176
169 176
170 176
171 176
172 176
173 176
174 176
175 176
36 177
134 177
135 177
136 177
137 177
138 177
139 177
140 177
141 177
142 177
143 177
144 177
145 177
146 177
147 177
148 177
149 177
150 177
151 177
152 177
153 177
154 177
155 177
156 177
157 177
158 177
159 177
160 177
161 177
162 177
163 177
164 177
165 177
166 177
167 177
168 177
169 177
170 177
171 177
172 177
173 177
174 177
175 177
176 177
36 178
134 178
135 178
136 178
137 178
138 178
139 178
140 178
141 178
142 178
143 178
144 178
145 178
146 178
147 178
148 178
149 178
150 178
151 178
152 178
153 178
154 178
155 178
156 178
157 178
158 178
159 178
160 178
161 178
162 178
163 178
164 178
165 178
166 178
167 178
168 178
169 178
170 178
171 178
172 178
173 178
174 178
175 178
176 178
177 178
36 179
134 179
135 179
136 179
137 179
138 179
139 179
140 179
141 179
142 179
143 179
144 179
145 179
146 179
147 179
148 179
149 179
150 179
151 179
152 179
153 179
154 179
155 179
156 179
157 179
158 179
159 179
160 179
161 179
162 179
163 179
164 179
165 179
166 179
167 179
168 179
169 179
170 179
171 179
172 179
173 179
174 179
175 179
176 179
177 179
178 179
36 180
134 180
135 180
136 180
137 180
138 180
139 180
140 180
141 180
142 180
143 180
144 180
145 180
146 180
147 180
148 180
149 180
150 180
151 180
152 180
153 180
154 180
155 180
156 180
157 180
158 180
159 180
160 180
161 180
162 180
163 180
164 180
165 180
166 180
167 180
168 180
169 180
170 180
171 180
172 180
173 180
174 180
175 180
176 180
177 180
178 180
179 180
36 181
134 181
135 181
136 181
137 181
138 181
139 181
140 181
141 181
142 181
143 181
144 181
145 181
146 181
147 181
148 181
149 181
150 181
151 181
152 181
153 181
154 181
155 181
156 181
157 181
158 181
159 181
160 181
161 181
162 181
163 181
164 181
165 181
166 181
167 181
168 181
169 181
170 181
171 181
172 181
173 181
174 181
175 181
176 181
177 181
178 181
179 181
180 181
36 182
134 182
135 182
136 182
137 182
138 182
139 182
140 182
141 182
142 182
143 182
144 182
145 182
146 182
147 182
148 182
149 182
150 182
151 182
152 182
153 182
154 182
155 182
156 182
157 182
158 182
159 182
160 182
161 182
162 182
163 182
164 182
165 182
166 182
167 182
168 182
169 182
170 182
171 182
172 182
173 182
174 182
175 182
176 182
177 182
178 182
179 182
180 182
181 182
36 183
134 183
135 183
136 183
137 183
138 183
139 183
140 183
141 183
142 183
143 183
144 183
145 183
146 183
147 183
148 183
149 183
150 183
151 183
152 183
153 183
154 183
155 183
156 183
157 183
158 183
159 183
160 183
161 183
162 183
163 183
164 183
165 183
166 183
167 183
168 183
169 183
170 183
171 183
172 183
173 183
174 183
175 183
176 183
177 183
178 183
179 183
180 183
181 183
182 183
36 184
134 184
135 184
136 184
137 184
138 184
139 184
140 184
141 184
142 184
143 184
144 184
145 184
146 184
147 184
148 184
149 184
150 184
151 184
152 184
153 184
154 184
155 184
156 184
157 184
158 184
159 184
160 184
161 184
162 184
163 184
164 184
165 184
166 184
167 184
168 184
169 184
170 184
171 184
172 184
173 184
174 184
175 184
176 184
177 184
178 184
179 184
180 184
181 184
182 184
183 184
36 185
134 185
135 185
136 185
137 185
138 185
139 185
140 185
141 185
142 185
143 185
144 185
145 185
146 185
147 185
148 185
149 185
150 185
151 185
152 185
153 185
154 185
155 185
156 185
157 185
158 185
159 185
160 185
161 185
162 185
163 185
164 185
165 185
166 185
167 185
168 185
169 185
170 185
171 185
172 185
173 185
174 185
175 185
176 185
177 185
178 185
179 185
180 185
181 185
182 185
183 185
184 185
36 186
134 186
135 186
136 186
137 186
138 186
139 186
140 186
141 186
142 186
143 186
144 186
145 186
146 186
147 186
148 186
149 186
150 186
151 186
152 186
153 186
154 186
155 186
156 186
157 186
158 186
159 186
160 186
161 186
162 186
163 186
164 186
165 186
166 186
167 186
168 186
169 186
170 186
171 186
172 186
173 186
174 186
175 186
176 186
177 186
178 186
179 186
180 186
181 186
182 186
183 186
184 186
185 186
36 187
134 187
135 187
136 187
137 187
138 187
139 187
140 187
141 187
142 187
143 187
144 187
145 187
146 187
147 187
148 187
149 187
150 187
151 187
152 187
153 187
154 187
155 187
156 187
157 187
158 187
159 187
160 187
161 187
162 187
163 187
164 187
165 187
166 187
167 187
168 187
169 187
170 187
171 187
172 187
173 187
174 187
175 187
176 187
177 187
178 187
179 187
180 187
181 187
182 187
183 187
184 187
185 187
186 187
36 188
134 188
135 188
136 188
137 188
138 188
139 188
140 188
141 188
142 188
143 188
144 188
145 188
146 188
147 188
148 188
149 188
150 188
151 188
152 188
153 188
154 188
155 188
156 188
157 188
158 188
159 188
160 188
161 188
162 188
163 188
164 188
165 188
166 188
167 188
168 188
169 188
170 188
171 188
172 188
173 188
174 188
175 188
176 188
177 188
178 188
179 188
180 188
181 188
182 188
183 188
184 188
185 188
186 188
187 188
36 189
134 189
135 189
136 189
137 189
138 189
139 189
140 189
141 189
142 189
143 189
144 189
145 189
146 189
147 189
148 189
149 189
150 189
151 189
152 189
153 189
154 189
155 189
156 189
157 189
158 189
159 189
160 189
161 189
162 189
163 189
164 189
165 189
166 189
167 189
168 189
169 189
170 189
171 189
172 189
173 189
174 189
175 189
176 189
177 189
178 189
179 189
180 189
181 189
182 189
183 189
184 189
185 189
186 189
187 189
188 189
36 190
134 190
135 190
136 190
137 190
138 190
139 190
140 190
141 190
142 190
143 190
144 190
145 190
146 190
147 190
148 190
149 190
150 190
151 190
152 190
153 190
154 190
155 190
156 190
157 190
158 190
159 190
160 190
161 190
162 190
163 190
164 190
165 190
166 190
167 190
168 190
169 190
170 190
171 190
172 190
173 190
174 190
175 190
176 190
177 190
178 190
179 190
180 190
181 190
182 190
183 190
184 190
185 190
186 190
187 190
188 190
189 190
36 191
134 191
135 191
136 191
137 191
138 191
139 191
140 191
141 191
142 191
143 191
144 191
145 191
146 191
147 191
148 191
149 191
150 191
151 191
152 191
153 191
154 191
155 191
156 191
157 191
158 191
159 191
160 191
161 191
162 191
163 191
164 191
165 191
166 191
167 191
168 191
169 191
170 191
171 191
172 191
173 191
174 191
175 191
176 191
177 191
178 191
179 191
180 191
181 191
182 191
183 191
184 191
185 191
186 191
187 191
188 191
189 191
190 191
36 192
134 192
135 192
136 192
137 192
138 192
139 192
140 192
141 192
142 192
143 192
144 192
145 192
146 192
147 192
148 192
149 192
150 192
151 192
152 192
153 192
154 192
155 192
156 192
157 192
158 192
159 192
160 192
161 192
162 192
163 192
164 192
165 192
166 192
167 192
168 192
169 192
170 192
171 192
172 192
173 192
174 192
175 192
176 192
177 192
178 192
179 192
180 192
181 192
182 192
183 192
184 192
185 192
186 192
187 192
188 192
189 192
190 192
191 192
36 193
134 193
135 193
136 193
137 193
138 193
139 193
140 193
141 193
142 193
143 193
144 193
145 193
146 193
147 193
148 193
149 193
150 193
151 193
152 193
153 193
154 193
155 193
156 193
157 193
158 193
159 193
160 193
161 193
162 193
163 193
164 193
165 193
166 193
167 193
168 193
169 193
170 193
171 193
172 193
173 193
174 193
175 193
176 193
177 193
178 193
179 193
180 193
181 193
182 193
183 193
184 193
185 193
186 193
187 193
188 193
189 193
190 193
191 193
192 193
36 194
134 194
135 194
136 194
137 194
138 194
139 194
140 194
141 194
142 194
143 194
144 194
145 194
146 194
147 194
148 194
149 194
150 194
151 194
152 194
153 194
154 194
155 194
156 194
157 194
158 194
159 194
160 194
161 194
162 194
163 194
164 194
165 194
166 194
167 194
168 194
169 194
170 194
171 194
172 194
173 194
174 194
175 194
176 194
177 194
178 194
179 194
180 194
181 194
182 194
183 194
184 194
185 194
186 194
187 194
188 194
189 194
190 194
191 194
192 194
193 194
36 195
134 195
135 195
136 195
137 195
138 195
139 195
140 195
141 195
142 195
143 195
144 195
145 195
146 195
147 195
148 195
149 195
150 195
151 195
152 195
153 195
154 195
155 195
156 195
157 195
158 195
159 195
160 195
161 195
162 195
163 195
164 195
165 195
166 195
167 195
168 195
169 195
170 195
171 195
172 195
173 195
174 195
175 195
176 195
177 195
178 195
179 195
180 195
181 195
182 195
183 195
184 195
185 195
186 195
187 195
188 195
189 195
190 195
191 195
192 195
193 195
194 195
36 196
134 196
135 196
136 196
137 196
138 196
139 196
140 196
141 196
142 196
143 196
144 196
145 196
146 196
147 196
148 196
149 196
150 196
151 196
152 196
153 196
154 196
155 196
156 196
157 196
158 196
159 196
160 196
161 196
162 196
163 196
164 196
165 196
166 196
167 196
168 196
169 196
170 196
171 196
172 196
173 196
174 196
175 196
176 196
177 196
178 196
179 196
180 196
181 196
182 196
183 196
184 196
185 196
186 196
187 196
188 196
189 196
190 196
191 196
192 196
193 196
194 196
195 196
36 197
134 197
135 197
136 197
137 197
138 197
139 197
140 197
141 197
142 197
143 197
144 197
145 197
146 197
147 197
148 197
149 197
150 197
151 197
152 197
153 197
154 197
155 197
156 197
157 197
158 197
159 197
160 197
161 197
162 197
163 197
164 197
165 197
166 197
167 197
168 197
169 197
170 197
171 197
172 197
173 197
174 197
175 197
176 197
177 197
178 197
179 197
180 197
181 197
182 197
183 197
184 197
185 197
186 197
187 197
188 197
189 197
190 197
191 197
192 197
193 197
194 197
195 197
196 197
36 198
134 198
135 198
136 198
137 198
138 198
139 198
140 198
141 198
142 198
143 198
144 198
145 198
146 198
147 198
148 198
149 198
150 198
151 198
152 198
153 198
154 198
155 198
156 198
157 198
158 198
159 198
160 198
161 198
162 198
163 198
164 198
165 198
166 198
167 198
168 198
169 198
170 198
171 198
172 198
173 198
174 198
175 198
176 198
177 198
178 198
179 198
180 198
181 198
182 198
183 198
184 198
185 198
186 198
187 198
188 198
189 198
190 198
191 198
192 198
193 198
194 198
195 198
196 198
197 198
36 199
134 199
135 199
136 199
137 199
138 199
139 199
140 199
141 199
142 199
143 199
144 199
145 199
146 199
147 199
148 199
149 199
150 199
151 199
152 199
153 199
154 199
155 199
156 199
157 199
158 199
159 199
160 199
161 199
162 199
163 199
164 199
165 199
166 199
167 199
168 199
169 199
170 199
171 199
172 199
173 199
174 199
175 199
176 199
177 199
178 199
179 199
180 199
181 199
182 199
183 199
184 199
185 199
186 199
187 199
188 199
189 199
190 199
191 199
192 199
193 199
194 199
195 199
196 199
197 199
198 199
36 200
134 200
135 200
136 200
137 200
138 200
139 200
140 200
141 200
142 200
143 200
144 200
145 200
146 200
147 200
148 200
149 200
150 200
151 200
152 200
153 200
154 200
155 200
156 200
157 200
158 200
159 200
160 200
161 200
162 200
163 200
164 200
165 200
166 200
167 200
168 200
169 200
170 200
171 200
172 200
173 200
174 200
175 200
176 200
177 200
178 200
179 200
180 200
181 200
182 200
183 200
184 200
185 200
186 200
187 200
188 200
189 200
190 200
191 200
192 200
193 200
194 200
195 200
196 200
197 200
198 200
199 200
36 201
134 201
135 201
136 201
137 201
138 201
139 201
140 201
141 201
142 201
143 201
144 201
145 201
146 201
147 201
148 201
149 201
150 201
151 201
152 201
153 201
154 201
155 201
156 201
157 201
158 201
159 201
160 201
161 201
162 201
163 201
164 201
165 201
166 201
167 201
168 201
169 201
170 201
171 201
172 201
173 201
174 201
175 201
176 201
177 201
178 201
179 201
180 201
181 201
182 201
183 201
184 201
185 201
186 201
187 201
188 201
189 201
190 201
191 201
192 201
193 201
194 201
195 201
196 201
197 201
198 201
199 201
200 201
36 202
134 202
135 202
136 202
137 202
138 202
139 202
140 202
141 202
142 202
143 202
144 202
145 202
146 202
147 202
148 202
149 202
150 202
151 202
152 202
153 202
154 202
155 202
156 202
157 202
158 202
159 202
160 202
161 202
162 202
163 202
164 202
165 202
166 202
167 202
168 202
169 202
170 202
171 202
172 202
173 202
174 202
175 202
176 202
177 202
178 202
179 202
180 202
181 202
182 202
183 202
184 202
185 202
186 202
187 202
188 202
189 202
190 202
191 202
192 202
193 202
194 202
195 202
196 202
197 202
198 202
199 202
200 202
201 202
36 203
134 203
135 203
136 203
137 203
138 203
139 203
140 203
141 203
142 203
143 203
144 203
145 203
146 203
147 203
148 203
149 203
150 203
151 203
152 203
153 203
154 203
155 203
156 203
157 203
158 203
159 203
160 203
161 203
162 203
163 203
164 203
165 203
166 203
167 203
168 203
169 203
170 203
171 203
172 203
173 203
174 203
175 203
176 203
177 203
178 203
179 203
180 203
181 203
182 203
183 203
184 203
185 203
186 203
187 203
188 203
189 203
190 203
191 203
192 203
193 203
194 203
195 203
196 203
197 203
198 203
199 203
200 203
201 203
202 203
36 204
134 204
135 204
136 204
137 204
138 204
139 204
140 204
141 204
142 204
143 204
144 204
145 204
146 204
147 204
148 204
149 204
150 204
151 204
152 204
153 204
154 204
155 204
156 204
157 204
158 204
159 204
160 204
161 204
162 204
163 204
164 204
165 204
166 204
167 204
168 204
169 204
170 204
171 204
172 204
173 204
174 204
175 204
176 204
177 204
178 204
179 204
180 204
181 204
182 204
183 204
184 204
185 204
186 204
187 204
188 204
189 204
190 204
191 204
192 204
193 204
194 204
195 204
196 204
197 204
198 204
199 204
200 204
201 204
202 204
203 204
36 205
134 205
135 205
136 205
137 205
138 205
139 205
140 205
141 205
142 205
143 205
144 205
145 205
146 205
147 205
148 205
149 205
150 205
151 205
152 205
153 205
154 205
155 205
156 205
157 205
158 205
159 205
160 205
161 205
162 205
163 205
164 205
165 205
166 205
167 205
168 205
169 205
170 205
171 205
172 205
173 205
174 205
175 205
176 205
177 205
178 205
179 205
180 205
181 205
182 205
183 205
184 205
185 205
186 205
187 205
188 205
189 205
190 205
191 205
192 205
193 205
194 205
195 205
196 205
197 205
198 205
199 205
200 205
201 205
202 205
203 205
204 205
36 206
134 206
135 206
136 206
137 206
138 206
139 206
140 206
141 206
142 206
143 206
144 206
145 206
146 206
147 206
148 206
149 206
150 206
151 206
152 206
153 206
154 206
155 206
156 206
157 206
158 206
159 206
160 206
161 206
162 206
163 206
164 206
165 206
166 206
167 206
168 206
169 206
170 206
171 206
172 206
173 206
174 206
175 206
176 206
177 206
178 206
179 206
180 206
181 206
182 206
183 206
184 206
185 206
186 206
187 206
188 206
189 206
190 206
191 206
192 206
193 206
194 206
195 206
196 206
197 206
198 206
199 206
200 206
201 206
202 206
203 206
204 206
205 206
36 207
134 207
135 207
136 207
137 207
138 207
139 207
140 207
141 207
142 207
143 207
144 207
145 207
146 207
147 207
148 207
149 207
150 207
151 207
152 207
153 207
154 207
155 207
156 207
157 207
158 207
159 207
160 207
161 207
162 207
163 207
164 207
165 207
166 207
167 207
168 207
169 207
170 207
171 207
172 207
173 207
174 207
175 207
176 207
177 207
178 207
179 207
180 207
181 207
182 207
183 207
184 207
185 207
186 207
187 207
188 207
189 207
190 207
191 207
192 207
193 207
194 207
195 207
196 207
197 207
198 207
199 207
200 207
201 207
202 207
203 207
204 207
205 207
206 207
36 208
134 208
135 208
136 208
137 208
138 208
139 208
140 208
141 208
142 208
143 208
144 208
145 208
146 208
147 208
148 208
149 208
150 208
151 208
152 208
153 208
154 208
155 208
156 208
157 208
158 208
159 208
160 208
161 208
162 208
163 208
164 208
165 208
166 208
167 208
168 208
169 208
170 208
171 208
172 208
173 208
174 208
175 208
176 208
177 208
178 208
179 208
180 208
181 208
182 208
183 208
184 208
185 208
186 208
187 208
188 208
189 208
190 208
191 208
192 208
193 208
194 208
195 208
196 208
197 208
198 208
199 208
200 208
201 208
202 208
203 208
204 208
205 208
206 208
207 208
36 209
134 209
135 209
136 209
137 209
138 209
139 209
140 209
141 209
142 209
143 209
144 209
145 209
146 209
147 209
148 209
149 209
150 209
151 209
152 209
153 209
154 209
155 209
156 209
157 209
158 209
159 209
160 209
161 209
162 209
163 209
164 209
165 209
166 209
167 209
168 209
169 209
170 209
171 209
172 209
173 209
174 209
175 209
176 209
177 209
178 209
179 209
180 209
181 209
182 209
183 209
184 209
185 209
186 209
187 209
188 209
189 209
190 209
191 209
192 209
193 209
194 209
195 209
196 209
197 209
198 209
199 209
200 209
201 209
202 209
203 209
204 209
205 209
206 209
207 209
208 209
8 210
8 211
210 211
8 212
210 212
211 212
8 213
210 213
211 213
212 213
8 214
210 214
211 214
212 214
213 214
8 215
210 215
211 215
212 215
213 215
214 215
8 216
210 216
211 216
212 216
213 216
214 216
215 216
8 217
210 217
211 217
212 217
213 217
214 217
215 217
216 217
8 218
210 218
211 218
212 218
213 218
214 218
215 218
216 218
217 218
8 219
210 219
211 219
212 219
213 219
214 219
215 219
216 219
217 219
218 219
8 220
210 220
211 220
212 220
213 220
214 220
215 220
216 220
217 220
218 220
219 220
8 221
210 221
211 221
212 221
213 221
214 221
215 221
216 221
217 221
218 221
219 221
220 221
8 222
210 222
211 222
212 222
213 222
214 222
215 222
216 222
217 222
218 222
219 222
220 222
221 222
8 223
210 223
211 223
212 223
213 223
214 223
215 223
216 223
217 223
218 223
219 223
220 223
221 223
222 223
8 224
210 224
211 224
212 224
213 224
214 224
215 224
216 224
217 224
218 224
219 224
220 224
221 224
222 224
223 224
8 225
210 225
211 225
212 225
213 225
214 225
215 225
216 225
217 225
218 225
219 225
220 225
221 225
222 225
223 225
224 225
8 226
210 226
211 226
212 226
213 226
214 226
215 226
216 226
217 226
218 226
219 226
220 226
221 226
222 226
223 226
224 226
225 226
8 227
210 227
211 227
212 227
213 227
214 227
215 227
216 227
217 227
218 227
219 227
220 227
221 227
222 227
223 227
224 227
225 227
226 227
8 228
210 228
211 228
212 228
213 228
214 228
215 228
216 228
217 228
218 228
219 228
220 228
221 228
222 228
223 228
224 228
225 228
226 228
227 228
8 229
210 229
211 229
212 229
213 229
214 229
215 229
216 229
217 229
218 229
219 229
220 229
221 229
222 229
223 229
224 229
225 229
226 229
227 229
228 229
8 230
210 230
211 230
212 230
213 230
214 230
215 230
216 230
217 230
218 230
219 230
220 230
221 230
222 230
223 230
224 230
225 230
226 230
227 230
228 230
229 230
8 231
210 231
211 231
212 231
213 231
214 231
215 231
216 231
217 231
218 231
219 231
220 231
221 231
222 231
223 231
224 231
225 231
226 231
227 231
228 231
229 231
230 231
8 232
210 232
211 232
212 232
213 232
214 232
215 232
216 232
217 232
218 232
219 232
220 232
221 232
222 232
223 232
224 232
225 232
226 232
227 232
228 232
229 232
230 232
231 232
8 233
210 233
211 233
212 233
213 233
214 233
215 233
216 233
217 233
218 233
219 233
220 233
221 233
222 233
223 233
224 233
225 233
226 233
227 233
228 233
229 233
230 233
231 233
232 233
8 234
210 234
211 234
212 234
213 234
214 234
215 234
216 234
217 234
218 234
219 234
220 234
221 234
222 234
223 234
224 234
225 234
226 234
227 234
228 234
229 234
230 234
231 234
232 234
233 234
8 235
210 235
211 235
212 235
213 235
214 235
215 235
216 235
217 235
218 235
219 235
220 235
221 235
222 235
223 235
224 235
225 235
226 235
227 235
228 235
229 235
230 235
231 235
232 235
233 235
234 235
8 236
210 236
211 236
212 236
213 236
214 236
215 236
216 236
217 236
218 236
219 236
220 236
221 236
222 236
223 236
224 236
225 236
226 236
227 236
228 236
229 236
230 236
231 236
232 236
233 236
234 236
235 236
8 237
210 237
211 237
212 237
213 237
214 237
215 237
216 237
217 237
218 237
219 237
220 237
221 237
222 237
223 237
224 237
225 237
226 237
227 237
228 237
229 237
230 237
231 237
232 237
233 237
234 237
235 237
236 237
8 238
210 238
211 238
212 238
213 238
214 238
215 238
216 238
217 238
218 238
219 238
220 238
221 238
222 238
223 238
224 238
225 238
226 238
227 238
228 238
229 238
230 238
231 238
232 238
233 238
234 238
235 238
236 238
237 238
8 239
210 239
211 239
212 239
213 239
214 239
215 239
216 239
217 239
218 239
219 239
220 239
221 239
222 239
223 239
224 239
225 239
226 239
227 239
228 239
229 239
230 239
231 239
232 239
233 239
234 239
235 239
236 239
237 239
238 239
8 240
210 240
211 240
212 240
213 240
214 240
215 240
216 240
217 240
218 240
219 240
220 240
221 240
222 240
223 240
224 240
225 240
226 240
227 240
228 240
229 240
230 240
231 240
232 240
233 240
234 240
235 240
236 240
237 240
238 240
239 240
8 241
210 241
211 241
212 241
213 241
214 241
215 241
216 241
217 241
218 241
219 241
220 241
221 241
222 241
223 241
224 241
225 241
226 241
227 241
228 241
229 241
230 241
231 241
232 241
233 241
234 241
235 241
236 241
237 241
238 241
239 241
240 241
8 242
210 242
211 242
212 242
213 242
214 242
215 242
216 242
217 242
218 242
219 242
220 242
221 242
222 242
223 242
224 242
225 242
226 242
227 242
228 242
229 242
230 242
231 242
232 242
233 242
234 242
235 242
236 242
237 242
238 242
239 242
240 242
241 242
8 243
210 243
211 243
212 243
213 243
214 243
215 243
216 243
217 243
218 243
219 243
220 243
221 243
222 243
223 243
224 243
225 243
226 243
227 243
228 243
229 243
230 243
231 243
232 243
233 243
234 243
235 243
236 243
237 243
238 243
239 243
240 243
241 243
242 243
8 244
210 244
211 244
212 244
213 244
214 244
215 244
216 244
217 244
218 244
219 244
220 244
221 244
222 244
223 244
224 244
225 244
226 244
227 244
228 244
229 244
230 244
231 244
232 244
233 244
234 244
235 244
236 244
237 244
238 244
239 244
240 244
241 244
242 244
243 244
8 245
210 245
211 245
212 245
213 245
214 245
215 245
216 245
217 245
218 245
219 245
220 245
221 245
222 245
223 245
224 245
225 245
226 245
227 245
228 245
229 245
230 245
231 245
232 245
233 245
234 245
235 245
236 245
237 245
238 245
239 245
240 245
241 245
242 245
243 245
244 245
8 246
210 246
211 246
212 246
213 246
214 246
215 246
216 246
217 246
218 246
219 246
220 246
221 246
222 246
223 246
224 246
225 246
226 246
227 246
228 246
229 246
230 246
231 246
232 246
233 246
234 246
235 246
236 246
237 246
238 246
239 246
240 246
241 246
242 246
243 246
244 246
245 246
8 247
210 247
211 247
212 247
213 247
214 247
215 247
216 247
217 247
218 247
219 247
220 247
221 247
222 247
223 247
224 247
225 247
226 247
227 247
228 247
229 247
230 247
231 247
232 247
233 247
234 247
235 247
236 247
237 247
238 247
239 247
240 247
241 247
242 247
243 247
244 247
245 247
246 247
8 248
210 248
211 248
212 248
213 248
214 248
215 248
216 248
217 248
218 248
219 248
220 248
221 248
222 248
223 248
224 248
225 248
226 248
227 248
228 248
229 248
230 248
231 248
232 248
233 248
234 248
235 248
236 248
237 248
238 248
239 248
240 248
241 248
242 248
243 248
244 248
245 248
246 248
247 248
8 249
210 249
211 249
212 249
213 249
214 249
215 249
216 249
217 249
218 249
219 249
220 249
221 249
222 249
223 249
224 249
225 249
226 249
227 249
228 249
229 249
230 249
231 249
232 249
233 249
234 249
235 249
236 249
237 249
238 249
239 249
240 249
241 249
242 249
243 249
244 249
245 249
246 249
247 249
248 249
8 250
210 250
211 250
212 250
213 250
214 250
215 250
216 250
217 250
218 250
219 250
220 250
221 250
222 250
223 250
224 250
225 250
226 250
227 250
228 250
229 250
230 250
231 250
232 250
233 250
234 250
235 250
236 250
237 250
238 250
239 250
240 250
241 250
242 250
243 250
244 250
245 250
246 250
247 250
248 250
249 250
8 251
210 251
211 251
212 251
213 251
214 251
215 251
216 251
217 251
218 251
219 251
220 251
221 251
222 251
223 251
224 251
225 251
226 251
227 251
228 251
229 251
230 251
231 251
232 251
233 251
234 251
235 251
236 251
237 251
238 251
239 251
240 251
241 251
242 251
243 251
244 251
245 251
246 251
247 251
248 251
249 251
250 251
8 252
210 252
211 252
212 252
213 252
214 252
215 252
216 252
217 252
218 252
219 252
220 252
221 252
222 252
223 252
224 252
225 252
226 252
227 252
228 252
229 252
230 252
231 252
232 252
233 252
234 252
235 252
236 252
237 252
238 252
239 252
240 252
241 252
242 252
243 252
244 252
245 252
246 252
247 252
248 252
249 252
250 252
251 252
121 253
121 254
253 254
121 255
253 255
254 255
121 256
253 256
254 256
255 256
121 257
253 257
254 257
255 257
256 257
121 258
253 258
254 258
255 258
256 258
257 258
121 259
253 259
254 259
255 259
256 259
257 259
258 259
121 260
253 260
254 260
255 260
256 260
257 260
258 260
259 260
121 261
253 261
254 261
255 261
256 261
257 261
258 261
259 261
260 261
121 262
253 262
254 262
255 262
256 262
257 262
258 262
259 262
260 262
261 262
121 263
253 263
254 263
255 263
256 263
257 263
258 263
259 263
260 263
261 263
262 263
121 264
253 264
254 264
255 264
256 264
257 264
258 264
259 264
260 264
261 264
262 264
263 264
121 265
253 265
254 265
255 265
256 265
257 265
258 265
259 265
260 265
261 265
262 265
263 265
264 265
121 266
253 266
254 266
255 266
256 266
257 266
258 266
259 266
260 266
261 266
262 266
263 266
264 266
265 266
121 267
253 267
254 267
255 267
256 267
257 267
258 267
259 267
260 267
261 267
262 267
263 267
264 267
265 267
266 267
121 268
253 268
254 268
255 268
256 268
257 268
258 268
259 268
260 268
261 268
262 268
263 268
264 268
265 268
266 268
267 268
121 269
253 269
254 269
255 269
256 269
257 269
258 269
259 269
260 269
261 269
262 269
263 269
264 269
265 269
266 269
267 269
268 269
121 270
253 270
254 270
255 270
256 270
257 270
258 270
259 270
260 270
261 270
262 270
263 270
264 270
265 270
266 270
267 270
268 270
269 270
121 271
253 271
254 271
255 271
256 271
257 271
258 271
259 271
260 271
261 271
262 271
263 271
264 271
265 271
266 271
267 271
268 271
269 271
270 271
121 272
253 272
254 272
255 272
256 272
257 272
258 272
259 272
260 272
261 272
262 272
263 272
264 272
265 272
266 272
267 272
268 272
269 272
270 272
271 272
121 273
253 273
254 273
255 273
256 273
257 273
258 273
259 273
260 273
261 273
262 273
263 273
264 273
265 273
266 273
267 273
268 273
269 273
270 273
271 273
272 273
121 274
253 274
254 274
255 274
256 274
257 274
258 274
259 274
260 274
261 274
262 274
263 274
264 274
265 274
266 274
267 274
268 274
269 274
270 274
271 274
272 274
273 274
121 275
253 275
254 275
255 275
256 275
257 275
258 275
259 275
260 275
261 275
262 275
263 275
264 275
265 275
266 275
267 275
268 275
269 275
270 275
271 275
272 275
273 275
274 275
121 276
253 276
254 276
255 276
256 276
257 276
258 276
259 276
260 276
261 276
262 276
263 276
264 276
265 276
266 276
267 276
268 276
269 276
270 276
271 276
272 276
273 276
274 276
275 276
121 277
253 277
254 277
255 277
256 277
257 277
258 277
259 277
260 277
261 277
262 277
263 277
264 277
265 277
266 277
267 277
268 277
269 277
270 277
271 277
272 277
273 277
274 277
275 277
276 277
121 278
253 278
254 278
255 278
256 278
257 278
258 278
259 278
260 278
261 278
262 278
263 278
264 278
265 278
266 278
267 278
268 278
269 278
270 278
271 278
272 278
273 278
274 278
275 278
276 278
277 278
121 279
253 279
254 279
255 279
256 279
257 279
258 279
259 279
260 279
261 279
262 279
263 279
264 279
265 279
266 279
267 279
268 279
269 279
270 279
271 279
272 279
273 279
274 279
275 279
276 279
277 279
278 279
121 280
253 280
254 280
255 280
256 280
257 280
258 280
259 280
260 280
261 280
262 280
263 280
264 280
265 280
266 280
267 280
268 280
269 280
270 280
271 280
272 280
273 280
274 280
275 280
276 280
277 280
278 280
279 280
121 281
253 281
254 281
255 281
256 281
257 281
258 281
259 281
260 281
261 281
262 281
263 281
264 281
265 281
266 281
267 281
268 281
269 281
270 281
271 281
272 281
273 281
274 281
275 281
276 281
277 281
278 281
279 281
280 281
121 282
253 282
254 282
255 282
256 282
257 282
258 282
259 282
260 282
261 282
262 282
263 282
264 282
265 282
266 282
267 282
268 282
269 282
270 282
271 282
272 282
273 282
274 282
275 282
276 282
277 282
278 282
279 282
280 282
281 282
121 283
253 283
254 283
255 283
256 283
257 283
258 283
259 283
260 283
261 283
262 283
263 283
264 283
265 283
266 283
267 283
268 283
269 283
270 283
271 283
272 283
273 283
274 283
275 283
276 283
277 283
278 283
279 283
280 283
281 283
282 283
121 284
253 284
254 284
255 284
256 284
257 284
258 284
259 284
260 284
261 284
262 284
263 284
264 284
265 284
266 284
267 284
268 284
269 284
270 284
271 284
272 284
273 284
274 284
275 284
276 284
277 284
278 284
279 284
280 284
281 284
282 284
283 284
121 285
253 285
254 285
255 285
256 285
257 285
258 285
259 285
260 285
261 285
262 285
263 285
264 285
265 285
266 285
267 285
268 285
269 285
270 285
271 285
272 285
273 285
274 285
275 285
276 285
277 285
278 285
279 285
280 285
281 285
282 285
283 285
284 285
121 286
253 286
254 286
255 286
256 286
257 286
258 286
259 286
260 286
261 286
262 286
263 286
264 286
265 286
266 286
267 286
268 286
269 286
270 286
271 286
272 286
273 286
274 286
275 286
276 286
277 286
278 286
279 286
280 286
281 286
282 286
283 286
284 286
285 286
121 287
253 287
254 287
255 287
256 287
257 287
258 287
259 287
260 287
261 287
262 287
263 287
264 287
265 287
266 287
267 287
268 287
269 287
270 287
271 287
272 287
273 287
274 287
275 287
276 287
277 287
278 287
279 287
280 287
281 287
282 287
283 287
284 287
285 287
286 287
121 288
253 288
254 288
255 288
256 288
257 288
258 288
259 288
260 288
261 288
262 288
263 288
264 288
265 288
266 288
267 288
268 288
269 288
270 288
271 288
272 288
273 288
274 288
275 288
276 288
277 288
278 288
279 288
280 288
281 288
282 288
283 288
284 288
285 288
286 288
287 288
121 289
253 289
254 289
255 289
256 289
257 289
258 289
259 289
260 289
261 289
262 289
263 289
264 289
265 289
266 289
267 289
268 289
269 289
270 289
271 289
272 289
273 289
274 289
275 289
276 289
277 289
278 289
279 289
280 289
281 289
282 289
283 289
284 289
285 289
286 289
287 289
288 289
121 290
253 290
254 290
255 290
256 290
257 290
258 290
259 290
260 290
261 290
262 290
263 290
264 290
265 290
266 290
267 290
268 290
269 290
270 290
271 290
272 290
273 290
274 290
275 290
276 290
277 290
278 290
279 290
280 290
281 290
282 290
283 290
284 290
285 290
286 290
287 290
288 290
289 290
121 291
253 291
254 291
255 291
256 291
257 291
258 291
259 291
260 291
261 291
262 291
263 291
264 291
265 291
266 291
267 291
268 291
269 291
270 291
271 291
272 291
273 291
274 291
275 291
276 291
277 291
278 291
279 291
280 291
281 291
282 291
283 291
284 291
285 291
286 291
287 291
288 291
289 291
290 291
121 292
253 292
254 292
255 292
256 292
257 292
258 292
259 292
260 292
261 292
262 292
263 292
264 292
265 292
266 292
267 292
268 292
269 292
270 292
271 292
272 292
273 292
274 292
275 292
276 292
277 292
278 292
279 292
280 292
281 292
282 292
283 292
284 292
285 292
286 292
287 292
288 292
289 292
290 292
291 292
121 293
253 293
254 293
255 293
256 293
257 293
258 293
259 293
260 293
261 293
262 293
263 293
264 293
265 293
266 293
267 293
268 293
269 293
270 293
271 293
272 293
273 293
274 293
275 293
276 293
277 293
278 293
279 293
280 293
281 293
282 293
283 293
284 293
285 293
286 293
287 293
288 293
289 293
290 293
291 293
292 293
121 294
253 294
254 294
255 294
256 294
257 294
258 294
259 294
260 294
261 294
262 294
263 294
264 294
265 294
266 294
267 294
268 294
269 294
270 294
271 294
272 294
273 294
274 294
275 294
276 294
277 294
278 294
279 294
280 294
281 294
282 294
283 294
284 294
285 294
286 294
287 294
288 294
289 294
290 294
291 294
292 294
293 294
121 295
253 295
254 295
255 295
256 295
257 295
258 295
259 295
260 295
261 295
262 295
263 295
264 295
265 295
266 295
267 295
268 295
269 295
270 295
271 295
272 295
273 295
274 295
275 295
276 295
277 295
278 295
279 295
280 295
281 295
282 295
283 295
284 295
285 295
286 295
287 295
288 295
289 295
290 295
291 295
292 295
293 295
294 295
121 296
253 296
254 296
255 296
256 296
257 296
258 296
259 296
260 296
261 296
262 296
263 296
264 296
265 296
266 296
267 296
268 296
269 296
270 296
271 296
272 296
273 296
274 296
275 296
276 296
277 296
278 296
279 296
280 296
281 296
282 296
283 296
284 296
285 296
286 296
287 296
288 296
289 296
290 296
291 296
292 296
293 296
294 296
295 296
121 297
253 297
254 297
255 297
256 297
257 297
258 297
259 297
260 297
261 297
262 297
263 297
264 297
265 297
266 297
267 297
268 297
269 297
270 297
271 297
272 297
273 297
274 297
275 297
276 297
277 297
278 297
279 297
280 297
281 297
282 297
283 297
284 297
285 297
286 297
287 297
288 297
289 297
290 297
291 297
292 297
293 297
294 297
295 297
296 297
121 298
253 298
254 298
255 298
256 298
257 298
258 298
259 298
260 298
261 298
262 298
263 298
264 298
265 298
266 298
267 298
268 298
269 298
270 298
271 298
272 298
273 298
274 298
275 298
276 298
277 298
278 298
279 298
280 298
281 298
282 298
283 298
284 298
285 298
286 298
287 298
288 298
289 298
290 298
291 298
292 298
293 298
294 298
295 298
296 298
297 298
121 299
253 299
254 299
255 299
256 299
257 299
258 299
259 299
260 299
261 299
262 299
263 299
264 299
265 299
266 299
267 299
268 299
269 299
270 299
271 299
272 299
273 299
274 299
275 299
276 299
277 299
278 299
279 299
280 299
281 299
282 299
283 299
284 299
285 299
286 299
287 299
288 299
289 299
290 299
291 299
292 299
293 299
294 299
295 299
296 299
297 299
298 299
121 300
253 300
254 300
255 300
256 300
257 300
258 300
259 300
260 300
261 300
262 300
263 300
264 300
265 300
266 300
267 300
268 300
269 300
270 300
271 300
272 300
273 300
274 300
275 300
276 300
277 300
278 300
279 300
280 300
281 300
282 300
283 300
284 300
285 300
286 300
287 300
288 300
289 300
290 300
291 300
292 300
293 300
294 300
295 300
296 300
297 300
298 300
299 300
121 301
253 301
254 301
255 301
256 301
257 301
258 301
259 301
260 301
261 301
262 301
263 301
264 301
265 301
266 301
267 301
268 301
269 301
270 301
271 301
272 301
273 301
274 301
275 301
276 301
277 301
278 301
279 301
280 301
281 301
282 301
283 301
284 301
285 301
286 301
287 301
288 301
289 301
290 301
291 301
292 301
293 301
294 301
295 301
296 301
297 301
298 301
299 301
300 301
121 302
253 302
254 302
255 302
256 302
257 302
258 302
259 302
260 302
261 302
262 302
263 302
264 302
265 302
266 302
267 302
268 302
269 302
270 302
271 302
272 302
273 302
274 302
275 302
276 302
277 302
278 302
279 302
280 302
281 302
282 302
283 302
284 302
285 302
286 302
287 302
288 302
289 302
290 302
291 302
292 302
293 302
294 302
295 302
296 302
297 302
298 302
299 302
300 302
301 302
121 303
253 303
254 303
255 303
256 303
257 303
258 303
259 303
260 303
261 303
262 303
263 303
264 303
265 303
266 303
267 303
268 303
269 303
270 303
271 303
272 303
273 303
274 303
275 303
276 303
277 303
278 303
279 303
280 303
281 303
282 303
283 303
284 303
285 303
286 303
287 303
288 303
289 303
290 303
291 303
292 303
293 303
294 303
295 303
296 303
297 303
298 303
299 303
300 303
301 303
302 303
121 304
253 304
254 304
255 304
256 304
257 304
258 304
259 304
260 304
261 304
262 304
263 304
264 304
265 304
266 304
267 304
268 304
269 304
270 304
271 304
272 304
273 304
274 304
275 304
276 304
277 304
278 304
279 304
280 304
281 304
282 304
283 304
284 304
285 304
286 304
287 304
288 304
289 304
290 304
291 304
292 304
293 304
294 304
295 304
296 304
297 304
298 304
299 304
300 304
301 304
302 304
303 304
121 305
253 305
254 305
255 305
256 305
257 305
258 305
259 305
260 305
261 305
262 305
263 305
264 305
265 305
266 305
267 305
268 305
269 305
270 305
271 305
272 305
273 305
274 305
275 305
276 305
277 305
278 305
279 305
280 305
281 305
282 305
283 305
284 305
285 305
286 305
287 305
288 305
289 305
290 305
291 305
292 305
293 305
294 305
295 305
296 305
297 305
298 305
299 305
300 305
301 305
302 305
303 305
304 305
121 306
253 306
254 306
255 306
256 306
257 306
258 306
259 306
260 306
261 306
262 306
263 306
264 306
265 306
266 306
267 306
268 306
269 306
270 306
271 306
272 306
273 306
274 306
275 306
276 306
277 306
278 306
279 306
280 306
281 306
282 306
283 306
284 306
285 306
286 306
287 306
288 306
289 306
290 306
291 306
292 306
293 306
294 306
295 306
296 306
297 306
298 306
299 306
300 306
301 306
302 306
303 306
304 306
305 306
121 307
253 307
254 307
255 307
256 307
257 307
258 307
259 307
260 307
261 307
262 307
263 307
264 307
265 307
266 307
267 307
268 307
269 307
270 307
271 307
272 307
273 307
274 307
275 307
276 307
277 307
278 307
279 307
280 307
281 307
282 307
283 307
284 307
285 307
286 307
287 307
288 307
289 307
290 307
291 307
292 307
293 307
294 307
295 307
296 307
297 307
298 307
299 307
300 307
301 307
302 307
303 307
304 307
305 307
306 307
121 308
253 308
254 308
255 308
256 308
257 308
258 308
259 308
260 308
261 308
262 308
263 308
264 308
265 308
266 308
267 308
268 308
269 308
270 308
271 308
272 308
273 308
274 308
275 308
276 308
277 308
278 308
279 308
280 308
281 308
282 308
283 308
284 308
285 308
286 308
287 308
288 308
289 308
290 308
291 308
292 308
293 308
294 308
295 308
296 308
297 308
298 308
299 308
300 308
301 308
302 308
303 308
304 308
305 308
306 308
307 308
121 309
253 309
254 309
255 309
256 309
257 309
258 309
259 309
260 309
261 309
262 309
263 309
264 309
265 309
266 309
267 309
268 309
269 309
270 309
271 309
272 309
273 309
274 309
275 309
276 309
277 309
278 309
279 309
280 309
281 309
282 309
283 309
284 309
285 309
286 309
287 309
288 309
289 309
290 309
291 309
292 309
293 309
294 309
295 309
296 309
297 309
298 309
299 309
300 309
301 309
302 309
303 309
304 309
305 309
306 309
307 309
308 309
121 310
253 310
254 310
255 310
256 310
257 310
258 310
259 310
260 310
261 310
262 310
263 310
264 310
265 310
266 310
267 310
268 310
269 310
270 310
271 310
272 310
273 310
274 310
275 310
276 310
277 310
278 310
279 310
280 310
281 310
282 310
283 310
284 310
285 310
286 310
287 310
288 310
289 310
290 310
291 310
292 310
293 310
294 310
295 310
296 310
297 310
298 310
299 310
300 310
301 310
302 310
303 310
304 310
305 310
306 310
307 310
308 310
309 310
121 311
253 311
254 311
255 311
256 311
257 311
258 311
259 311
260 311
261 311
262 311
263 311
264 311
265 311
266 311
267 311
268 311
269 311
270 311
271 311
272 311
273 311
274 311
275 311
276 311
277 311
278 311
279 311
280 311
281 311
282 311
283 311
284 311
285 311
286 311
287 311
288 311
289 311
290 311
291 311
292 311
293 311
294 311
295 311
296 311
297 311
298 311
299 311
300 311
301 311
302 311
303 311
304 311
305 311
306 311
307 311
308 311
309 311
310 311
121 312
253 312
254 312
255 312
256 312
257 312
258 312
259 312
260 312
261 312
262 312
263 312
264 312
265 312
266 312
267 312
268 312
269 312
270 312
271 312
272 312
273 312
274 312
275 312
276 312
277 312
278 312
279 312
280 312
281 312
282 312
283 312
284 312
285 312
286 312
287 312
288 312
289 312
290 312
291 312
292 312
293 312
294 312
295 312
296 312
297 312
298 312
299 312
300 312
301 312
302 312
303 312
304 312
305 312
306 312
307 312
308 312
309 312
310 312
311 312
121 313
253 313
254 313
255 313
256 313
257 313
258 313
259 313
260 313
261 313
262 313
263 313
264 313
265 313
266 313
267 313
268 313
269 313
270 313
271 313
272 313
273 313
274 313
275 313
276 313
277 313
278 313
279 313
280 313
281 313
282 313
283 313
284 313
285 313
286 313
287 313
288 313
289 313
290 313
291 313
292 313
293 313
294 313
295 313
296 313
297 313
298 313
299 313
300 313
301 313
302 313
303 313
304 313
305 313
306 313
307 313
308 313
309 313
310 313
311 313
312 313
121 314
253 314
254 314
255 314
256 314
257 314
258 314
259 314
260 314
261 314
262 314
263 314
264 314
265 314
266 314
267 314
268 314
269 314
270 314
271 314
272 314
273 314
274 314
275 314
276 314
277 314
278 314
279 314
280 314
281 314
282 314
283 314
284 314
285 314
286 314
287 314
288 314
289 314
290 314
291 314
292 314
293 314
294 314
295 314
296 314
297 314
298 314
299 314
300 314
301 314
302 314
303 314
304 314
305 314
306 314
307 314
308 314
309 314
310 314
311 314
312 314
313 314
121 315
253 315
254 315
255 315
256 315
257 315
258 315
259 315
260 315
261 315
262 315
263 315
264 315
265 315
266 315
267 315
268 315
269 315
270 315
271 315
272 315
273 315
274 315
275 315
276 315
277 315
278 315
279 315
280 315
281 315
282 315
283 315
284 315
285 315
286 315
287 315
288 315
289 315
290 315
291 315
292 315
293 315
294 315
295 315
296 315
297 315
298 315
299 315
300 315
301 315
302 315
303 315
304 315
305 315
306 315
307 315
308 315
309 315
310 315
311 315
312 315
313 315
314 315
121 316
253 316
254 316
255 316
256 316
257 316
258 316
259 316
260 316
261 316
262 316
263 316
264 316
265 316
266 316
267 316
268 316
269 316
270 316
271 316
272 316
273 316
274 316
275 316
276 316
277 316
278 316
279 316
280 316
281 316
282 316
283 316
284 316
285 316
286 316
287 316
288 316
289 316
290 316
291 316
292 316
293 316
294 316
295 316
296 316
297 316
298 316
299 316
300 316
301 316
302 316
303 316
304 316
305 316
306 316
307 316
308 316
309 316
310 316
311 316
312 316
313 316
314 316
315 316
121 317
253 317
254 317
255 317
256 317
257 317
258 317
259 317
260 317
261 317
262 317
263 317
264 317
265 317
266 317
267 317
268 317
269 317
270 317
271 317
272 317
273 317
274 317
275 317
276 317
277 317
278 317
279 317
280 317
281 317
282 317
283 317
284 317
285 317
286 317
287 317
288 317
289 317
290 317
291 317
292 317
293 317
294 317
295 317
296 317
297 317
298 317
299 317
300 317
301 317
302 317
303 317
304 317
305 317
306 317
307 317
308 317
309 317
310 317
311 317
312 317
313 317
314 317
315 317
316 317
121 318
253 318
254 318
255 318
256 318
257 318
258 318
259 318
260 318
261 318
262 318
263 318
264 318
265 318
266 318
267 318
268 318
269 318
270 318
271 318
272 318
273 318
274 318
275 318
276 318
277 318
278 318
279 318
280 318
281 318
282 318
283 318
284 318
285 318
286 318
287 318
288 318
289 318
290 318
291 318
292 318
293 318
294 318
295 318
296 318
297 318
298 318
299 318
300 318
301 318
302 318
303 318
304 318
305 318
306 318
307 318
308 318
309 318
310 318
311 318
312 318
313 318
314 318
315 318
316 318
317 318
121 319
253 319
254 319
255 319
256 319
257 319
258 319
259 319
260 319
261 319
262 319
263 319
264 319
265 319
266 319
267 319
268 319
269 319
270 319
271 319
272 319
273 319
274 319
275 319
276 319
277 319
278 319
279 319
280 319
281 319
282 319
283 319
284 319
285 319
286 319
287 319
288 319
289 319
290 319
291 319
292 319
293 319
294 319
295 319
296 319
297 319
298 319
299 319
300 319
301 319
302 319
303 319
304 319
305 319
306 319
307 319
308 319
309 319
310 319
311 319
312 319
313 319
314 319
315 319
316 319
317 319
318 319
121 320
253 320
254 320
255 320
256 320
257 320
258 320
259 320
260 320
261 320
262 320
263 320
264 320
265 320
266 320
267 320
268 320
269 320
270 320
271 320
272 320
273 320
274 320
275 320
276 320
277 320
278 320
279 320
280 320
281 320
282 320
283 320
284 320
285 320
286 320
287 320
288 320
289 320
290 320
291 320
292 320
293 320
294 320
295 320
296 320
297 320
298 320
299 320
300 320
301 320
302 320
303 320
304 320
305 320
306 320
307 320
308 320
309 320
310 320
311 320
312 320
313 320
314 320
315 320
316 320
317 320
318 320
319 320
121 321
253 321
254 321
255 321
256 321
257 321
258 321
259 321
260 321
261 321
262 321
263 321
264 321
265 321
266 321
267 321
268 321
269 321
270 321
271 321
272 321
273 321
274 321
275 321
276 321
277 321
278 321
279 321
280 321
281 321
282 321
283 321
284 321
285 321
286 321
287 321
288 321
289 321
290 321
291 321
292 321
293 321
294 321
295 321
296 321
297 321
298 321
299 321
300 321
301 321
302 321
303 321
304 321
305 321
306 321
307 321
308 321
309 321
310 321
311 321
312 321
313 321
314 321
315 321
316 321
317 321
318 321
319 321
320 321
121 322
253 322
254 322
255 322
256 322
257 322
258 322
259 322
260 322
261 322
262 322
263 322
264 322
265 322
266 322
267 322
268 322
269 322
270 322
271 322
272 322
273 322
274 322
275 322
276 322
277 322
278 322
279 322
280 322
281 322
282 322
283 322
284 322
285 322
286 322
287 322
288 322
289 322
290 322
291 322
292 322
293 322
294 322
295 322
296 322
297 322
298 322
299 322
300 322
301 322
302 322
303 322
304 322
305 322
306 322
307 322
308 322
309 322
310 322
311 322
312 322
313 322
314 322
315 322
316 322
317 322
318 322
319 322
320 322
321 322
121 323
253 323
254 323
255 323
256 323
257 323
258 323
259 323
260 323
261 323
262 323
263 323
264 323
265 323
266 323
267 323
268 323
269 323
270 323
271 323
272 323
273 323
274 323
275 323
276 323
277 323
278 323
279 323
280 323
281 323
282 323
283 323
284 323
285 323
286 323
287 323
288 323
289 323
290 323
291 323
292 323
293 323
294 323
295 323
296 323
297 323
298 323
299 323
300 323
301 323
302 323
303 323
304 323
305 323
306 323
307 323
308 323
309 323
310 323
311 323
312 323
313 323
314 323
315 323
316 323
317 323
318 323
319 323
320 323
321 323
322 323
121 324
253 324
254 324
255 324
256 324
257 324
258 324
259 324
260 324
261 324
262 324
263 324
264 324
265 324
266 324
267 324
268 324
269 324
270 324
271 324
272 324
273 324
274 324
275 324
276 324
277 324
278 324
279 324
280 324
281 324
282 324
283 324
284 324
285 324
286 324
287 324
288 324
289 324
290 324
291 324
292 324
293 324
294 324
295 324
296 324
297 324
298 324
299 324
300 324
301 324
302 324
303 324
304 324
305 324
306 324
307 324
308 324
309 324
310 324
311 324
312 324
313 324
314 324
315 324
316 324
317 324
318 324
319 324
320 324
321 324
322 324
323 324
121 325
253 325
254 325
255 325
256 325
257 325
258 325
259 325
260 325
261 325
262 325
263 325
264 325
265 325
266 325
267 325
268 325
269 325
270 325
271 325
272 325
273 325
274 325
275 325
276 325
277 325
278 325
279 325
280 325
281 325
282 325
283 325
284 325
285 325
286 325
287 325
288 325
289 325
290 325
291 325
292 325
293 325
294 325
295 325
296 325
297 325
298 325
299 325
300 325
301 325
302 325
303 325
304 325
305 325
306 325
307 325
308 325
309 325
310 325
311 325
312 325
313 325
314 325
315 325
316 325
317 325
318 325
319 325
320 325
321 325
322 325
323 325
324 325
121 326
253 326
254 326
255 326
256 326
257 326
258 326
259 326
260 326
261 326
262 326
263 326
264 326
265 326
266 326
267 326
268 326
269 326
270 326
271 326
272 326
273 326
274 326
275 326
276 326
277 326
278 326
279 326
280 326
281 326
282 326
283 326
284 326
285 326
286 326
287 326
288 326
289 326
290 326
291 326
292 326
293 326
294 326
295 326
296 326
297 326
298 326
299 326
300 326
301 326
302 326
303 326
304 326
305 326
306 326
307 326
308 326
309 326
310 326
311 326
312 326
313 326
314 326
315 326
316 326
317 326
318 326
319 326
320 326
321 326
322 326
323 326
324 326
325 326
121 327
253 327
254 327
255 327
256 327
257 327
258 327
259 327
260 327
261 327
262 327
263 327
264 327
265 327
266 327
267 327
268 327
269 327
270 327
271 327
272 327
273 327
274 327
275 327
276 327
277 327
278 327
279 327
280 327
281 327
282 327
283 327
284 327
285 327
286 327
287 327
288 327
289 327
290 327
291 327
292 327
293 327
294 327
295 327
296 327
297 327
298 327
299 327
300 327
301 327
302 327
303 327
304 327
305 327
306 327
307 327
308 327
309 327
310 327
311 327
312 327
313 327
314 327
315 327
316 327
317 327
318 327
319 327
320 327
321 327
322 327
323 327
324 327
325 327
326 327
121 328
253 328
254 328
255 328
256 328
257 328
258 328
259 328
260 328
261 328
262 328
263 328
264 328
265 328
266 328
267 328
268 328
269 328
270 328
271 328
272 328
273 328
274 328
275 328
276 328
277 328
278 328
279 328
280 328
281 328
282 328
283 328
284 328
285 328
286 328
287 328
288 328
289 328
290 328
291 328
292 328
293 328
294 328
295 328
296 328
297 328
298 328
299 328
300 328
301 328
302 328
303 328
304 328
305 328
306 328
307 328
308 328
309 328
310 328
311 328
312 328
313 328
314 328
315 328
316 328
317 328
318 328
319 328
320 328
321 328
322 328
323 328
324 328
325 328
326 328
327 328
121 329
253 329
254 329
255 329
256 329
257 329
258 329
259 329
260 329
261 329
262 329
263 329
264 329
265 329
266 329
267 329
268 329
269 329
270 329
271 329
272 329
273 329
274 329
275 329
276 329
277 329
278 329
279 329
280 329
281 329
282 329
283 329
284 329
285 329
286 329
287 329
288 329
289 329
290 329
291 329
292 329
293 329
294 329
295 329
296 329
297 329
298 329
299 329
300 329
301 329
302 329
303 329
304 329
305 329
306 329
307 329
308 329
309 329
310 329
311 329
312 329
313 329
314 329
315 329
316 329
317 329
318 329
319 329
320 329
321 329
322 329
323 329
324 329
325 329
326 329
327 329
328 329
121 330
253 330
254 330
255 330
256 330
257 330
258 330
259 330
260 330
261 330
262 330
263 330
264 330
265 330
266 330
267 330
268 330
269 330
270 330
271 330
272 330
273 330
274 330
275 330
276 330
277 330
278 330
279 330
280 330
281 330
282 330
283 330
284 330
285 330
286 330
287 330
288 330
289 330
290 330
291 330
292 330
293 330
294 330
295 330
296 330
297 330
298 330
299 330
300 330
301 330
302 330
303 330
304 330
305 330
306 330
307 330
308 330
309 330
310 330
311 330
312 330
313 330
314 330
315 330
316 330
317 330
318 330
319 330
320 330
321 330
322 330
323 330
324 330
325 330
326 330
327 330
328 330
329 330
121 331
253 331
254 331
255 331
256 331
257 331
258 331
259 331
260 331
261 331
262 331
263 331
264 331
265 331
266 331
267 331
268 331
269 331
270 331
271 331
272 331
273 331
274 331
275 331
276 331
277 331
278 331
279 331
280 331
281 331
282 331
283 331
284 331
285 331
286 331
287 331
288 331
289 331
290 331
291 331
292 331
293 331
294 331
295 331
296 331
297 331
298 331
299 331
300 331
301 331
302 331
303 331
304 331
305 331
306 331
307 331
308 331
309 331
310 331
311 331
312 331
313 331
314 331
315 331
316 331
317 331
318 331
319 331
320 331
321 331
322 331
323 331
324 331
325 331
326 331
327 331
328 331
329 331
330 331
121 332
253 332
254 332
255 332
256 332
257 332
258 332
259 332
260 332
261 332
262 332
263 332
264 332
265 332
266 332
267 332
268 332
269 332
270 332
271 332
272 332
273 332
274 332
275 332
276 332
277 332
278 332
279 332
280 332
281 332
282 332
283 332
284 332
285 332
286 332
287 332
288 332
289 332
290 332
291 332
292 332
293 332
294 332
295 332
296 332
297 332
298 332
299 332
300 332
301 332
302 332
303 332
304 332
305 332
306 332
307 332
308 332
309 332
310 332
311 332
312 332
313 332
314 332
315 332
316 332
317 332
318 332
319 332
320 332
321 332
322 332
323 332
324 332
325 332
326 332
327 332
328 332
329 332
330 332
331 332
121 333
253 333
254 333
255 333
256 333
257 333
258 333
259 333
260 333
261 333
262 333
263 333
264 333
265 333
266 333
267 333
268 333
269 333
270 333
271 333
272 333
273 333
274 333
275 333
276 333
277 333
278 333
279 333
280 333
281 333
282 333
283 333
284 333
285 333
286 333
287 333
288 333
289 333
290 333
291 333
292 333
293 333
294 333
295 333
296 333
297 333
298 333
299 333
300 333
301 333
302 333
303 333
304 333
305 333
306 333
307 333
308 333
309 333
310 333
311 333
312 333
313 333
314 333
315 333
316 333
317 333
318 333
319 333
320 333
321 333
322 333
323 333
324 333
325 333
326 333
327 333
328 333
329 333
330 333
331 333
332 333
121 334
253 334
254 334
255 334
256 334
257 334
258 334
259 334
260 334
261 334
262 334
263 334
264 334
265 334
266 334
267 334
268 334
269 334
270 334
271 334
272 334
273 334
274 334
275 334
276 334
277 334
278 334
279 334
280 334
281 334
282 334
283 334
284 334
285 334
286 334
287 334
288 334
289 334
290 334
291 334
292 334
293 334
294 334
295 334
296 334
297 334
298 334
299 334
300 334
301 334
302 334
303 334
304 334
305 334
306 334
307 334
308 334
309 334
310 334
311 334
312 334
313 334
314 334
315 334
316 334
317 334
318 334
319 334
320 334
321 334
322 334
323 334
324 334
325 334
326 334
327 334
328 334
329 334
330 334
331 334
332 334
333 334
121 335
253 335
254 335
255 335
256 335
257 335
258 335
259 335
260 335
261 335
262 335
263 335
264 335
265 335
266 335
267 335
268 335
269 335
270 335
271 335
272 335
273 335
274 335
275 335
276 335
277 335
278 335
279 335
280 335
281 335
282 335
283 335
284 335
285 335
286 335
287 335
288 335
289 335
290 335
291 335
292 335
293 335
294 335
295 335
296 335
297 335
298 335
299 335
300 335
301 335
302 335
303 335
304 335
305 335
306 335
307 335
308 335
309 335
310 335
311 335
312 335
313 335
314 335
315 335
316 335
317 335
318 335
319 335
320 335
321 335
322 335
323 335
324 335
325 335
326 335
327 335
328 335
329 335
330 335
331 335
332 335
333 335
334 335
121 336
253 336
254 336
255 336
256 336
257 336
258 336
259 336
260 336
261 336
262 336
263 336
264 336
265 336
266 336
267 336
268 336
269 336
270 336
271 336
272 336
273 336
274 336
275 336
276 336
277 336
278 336
279 336
280 336
281 336
282 336
283 336
284 336
285 336
286 336
287 336
288 336
289 336
290 336
291 336
292 336
293 336
294 336
295 336
296 336
297 336
298 336
299 336
300 336
301 336
302 336
303 336
304 336
305 336
306 336
307 336
308 336
309 336
310 336
311 336
312 336
313 336
314 336
315 336
316 336
317 336
318 336
319 336
320 336
321 336
322 336
323 336
324 336
325 336
326 336
327 336
328 336
329 336
330 336
331 336
332 336
333 336
334 336
335 336
136 337
136 338
337 338
136 339
337 339
338 339
136 340
337 340
338 340
339 340
136 341
337 341
338 341
339 341
340 341
136 342
337 342
338 342
339 342
340 342
341 342
136 343
337 343
338 343
339 343
340 343
341 343
342 343
136 344
337 344
338 344
339 344
340 344
341 344
342 344
343 344
136 345
337 345
338 345
339 345
340 345
341 345
342 345
343 345
344 345
136 346
337 346
338 346
339 346
340 346
341 346
342 346
343 346
344 346
345 346
136 347
337 347
338 347
339 347
340 347
341 347
342 347
343 347
344 347
345 347
346 347
136 348
337 348
338 348
339 348
340 348
341 348
342 348
343 348
344 348
345 348
346 348
347 348
136 349
337 349
338 349
339 349
340 349
341 349
342 349
343 349
344 349
345 349
346 349
347 349
348 349
136 350
337 350
338 350
339 350
340 350
341 350
342 350
343 350
344 350
345 350
346 350
347 350
348 350
349 350
136 351
337 351
338 351
339 351
340 351
341 351
342 351
343 351
344 351
345 351
346 351
347 351
348 351
349 351
350 351
136 352
337 352
338 352
339 352
340 352
341 352
342 352
343 352
344 352
345 352
346 352
347 352
348 352
349 352
350 352
351 352
136 353
337 353
338 353
339 353
340 353
341 353
342 353
343 353
344 353
345 353
346 353
347 353
348 353
349 353
350 353
351 353
352 353
136 354
337 354
338 354
339 354
340 354
341 354
342 354
343 354
344 354
345 354
346 354
347 354
348 354
349 354
350 354
351 354
352 354
353 354
136 355
337 355
338 355
339 355
340 355
341 355
342 355
343 355
344 355
345 355
346 355
347 355
348 355
349 355
350 355
351 355
352 355
353 355
354 355
136 356
337 356
338 356
339 356
340 356
341 356
342 356
343 356
344 356
345 356
346 356
347 356
348 356
349 356
350 356
351 356
352 356
353 356
354 356
355 356
136 357
337 357
338 357
339 357
340 357
341 357
342 357
343 357
344 357
345 357
346 357
347 357
348 357
349 357
350 357
351 357
352 357
353 357
354 357
355 357
356 357
136 358
337 358
338 358
339 358
340 358
341 358
342 358
343 358
344 358
345 358
346 358
347 358
348 358
349 358
350 358
351 358
352 358
353 358
354 358
355 358
356 358
357 358
136 359
337 359
338 359
339 359
340 359
341 359
342 359
343 359
344 359
345 359
346 359
347 359
348 359
349 359
350 359
351 359
352 359
353 359
354 359
355 359
356 359
357 359
358 359
136 360
337 360
338 360
339 360
340 360
341 360
342 360
343 360
344 360
345 360
346 360
347 360
348 360
349 360
350 360
351 360
352 360
353 360
354 360
355 360
356 360
357 360
358 360
359 360
136 361
337 361
338 361
339 361
340 361
341 361
342 361
343 361
344 361
345 361
346 361
347 361
348 361
349 361
350 361
351 361
352 361
353 361
354 361
355 361
356 361
357 361
358 361
359 361
360 361
136 362
337 362
338 362
339 362
340 362
341 362
342 362
343 362
344 362
345 362
346 362
347 362
348 362
349 362
350 362
351 362
352 362
353 362
354 362
355 362
356 362
357 362
358 362
359 362
360 362
361 362
136 363
337 363
338 363
339 363
340 363
341 363
342 363
343 363
344 363
345 363
346 363
347 363
348 363
349 363
350 363
351 363
352 363
353 363
354 363
355 363
356 363
357 363
358 363
359 363
360 363
361 363
362 363
136 364
337 364
338 364
339 364
340 364
341 364
342 364
343 364
344 364
345 364
346 364
347 364
348 364
349 364
350 364
351 364
352 364
353 364
354 364
355 364
356 364
357 364
358 364
359 364
360 364
361 364
362 364
363 364
136 365
337 365
338 365
339 365
340 365
341 365
342 365
343 365
344 365
345 365
346 365
347 365
348 365
349 365
350 365
351 365
352 365
353 365
354 365
355 365
356 365
357 365
358 365
359 365
360 365
361 365
362 365
363 365
364 365
136 366
337 366
338 366
339 366
340 366
341 366
342 366
343 366
344 366
345 366
346 366
347 366
348 366
349 366
350 366
351 366
352 366
353 366
354 366
355 366
356 366
357 366
358 366
359 366
360 366
361 366
362 366
363 366
364 366
365 366
136 367
337 367
338 367
339 367
340 367
341 367
342 367
343 367
344 367
345 367
346 367
347 367
348 367
349 367
350 367
351 367
352 367
353 367
354 367
355 367
356 367
357 367
358 367
359 367
360 367
361 367
362 367
363 367
364 367
365 367
366 367
136 368
337 368
338 368
339 368
340 368
341 368
342 368
343 368
344 368
345 368
346 368
347 368
348 368
349 368
350 368
351 368
352 368
353 368
354 368
355 368
356 368
357 368
358 368
359 368
360 368
361 368
362 368
363 368
364 368
365 368
366 368
367 368
136 369
337 369
338 369
339 369
340 369
341 369
342 369
343 369
344 369
345 369
346 369
347 369
348 369
349 369
350 369
351 369
352 369
353 369
354 369
355 369
356 369
357 369
358 369
359 369
360 369
361 369
362 369
363 369
364 369
365 369
366 369
367 369
368 369
136 370
337 370
338 370
339 370
340 370
341 370
342 370
343 370
344 370
345 370
346 370
347 370
348 370
349 370
350 370
351 370
352 370
353 370
354 370
355 370
356 370
357 370
358 370
359 370
360 370
361 370
362 370
363 370
364 370
365 370
366 370
367 370
368 370
369 370
136 371
337 371
338 371
339 371
340 371
341 371
342 371
343 371
344 371
345 371
346 371
347 371
348 371
349 371
350 371
351 371
352 371
353 371
354 371
355 371
356 371
357 371
358 371
359 371
360 371
361 371
362 371
363 371
364 371
365 371
366 371
367 371
368 371
369 371
370 371
136 372
337 372
338 372
339 372
340 372
341 372
342 372
343 372
344 372
345 372
346 372
347 372
348 372
349 372
350 372
351 372
352 372
353 372
354 372
355 372
356 372
357 372
358 372
359 372
360 372
361 372
362 372
363 372
364 372
365 372
366 372
367 372
368 372
369 372
370 372
371 372
136 373
337 373
338 373
339 373
340 373
341 373
342 373
343 373
344 373
345 373
346 373
347 373
348 373
349 373
350 373
351 373
352 373
353 373
354 373
355 373
356 373
357 373
358 373
359 373
360 373
361 373
362 373
363 373
364 373
365 373
366 373
367 373
368 373
369 373
370 373
371 373
372 373
136 374
337 374
338 374
339 374
340 374
341 374
342 374
343 374
344 374
345 374
346 374
347 374
348 374
349 374
350 374
351 374
352 374
353 374
354 374
355 374
356 374
357 374
358 374
359 374
360 374
361 374
362 374
363 374
364 374
365 374
366 374
367 374
368 374
369 374
370 374
371 374
372 374
373 374
136 375
337 375
338 375
339 375
340 375
341 375
342 375
343 375
344 375
345 375
346 375
347 375
348 375
349 375
350 375
351 375
352 375
353 375
354 375
355 375
356 375
357 375
358 375
359 375
360 375
361 375
362 375
363 375
364 375
365 375
366 375
367 375
368 375
369 375
370 375
371 375
372 375
373 375
374 375
136 376
337 376
338 376
339 376
340 376
341 376
342 376
343 376
344 376
345 376
346 376
347 376
348 376
349 376
350 376
351 376
352 376
353 376
354 376
355 376
356 376
357 376
358 376
359 376
360 376
361 376
362 376
363 376
364 376
365 376
366 376
367 376
368 376
369 376
370 376
371 376
372 376
373 376
374 376
375 376
136 377
337 377
338 377
339 377
340 377
341 377
342 377
343 377
344 377
345 377
346 377
347 377
348 377
349 377
350 377
351 377
352 377
353 377
354 377
355 377
356 377
357 377
358 377
359 377
360 377
361 377
362 377
363 377
364 377
365 377
366 377
367 377
368 377
369 377
370 377
371 377
372 377
373 377
374 377
375 377
376 377
136 378
337 378
338 378
339 378
340 378
341 378
342 378
343 378
344 378
345 378
346 378
347 378
348 378
349 378
350 378
351 378
352 378
353 378
354 378
355 378
356 378
357 378
358 378
359 378
360 378
361 378
362 378
363 378
364 378
365 378
366 378
367 378
368 378
369 378
370 378
371 378
372 378
373 378
374 378
375 378
376 378
377 378
136 379
337 379
338 379
339 379
340 379
341 379
342 379
343 379
344 379
345 379
346 379
347 379
348 379
349 379
350 379
351 379
352 379
353 379
354 379
355 379
356 379
357 379
358 379
359 379
360 379
361 379
362 379
363 379
364 379
365 379
366 379
367 379
368 379
369 379
370 379
371 379
372 379
373 379
374 379
375 379
376 379
377 379
378 379
136 380
337 380
338 380
339 380
340 380
341 380
342 380
343 380
344 380
345 380
346 380
347 380
348 380
349 380
350 380
351 380
352 380
353 380
354 380
355 380
356 380
357 380
358 380
359 380
360 380
361 380
362 380
363 380
364 380
365 380
366 380
367 380
368 380
369 380
370 380
371 380
372 380
373 380
374 380
375 380
376 380
377 380
378 380
379 380
136 381
337 381
338 381
339 381
340 381
341 381
342 381
343 381
344 381
345 381
346 381
347 381
348 381
349 381
350 381
351 381
352 381
353 381
354 381
355 381
356 381
357 381
358 381
359 381
360 381
361 381
362 381
363 381
364 381
365 381
366 381
367 381
368 381
369 381
370 381
371 381
372 381
373 381
374 381
375 381
376 381
377 381
378 381
379 381
380 381
136 382
337 382
338 382
339 382
340 382
341 382
342 382
343 382
344 382
345 382
346 382
347 382
348 382
349 382
350 382
351 382
352 382
353 382
354 382
355 382
356 382
357 382
358 382
359 382
360 382
361 382
362 382
363 382
364 382
365 382
366 382
367 382
368 382
369 382
370 382
371 382
372 382
373 382
374 382
375 382
376 382
377 382
378 382
379 382
380 382
381 382
136 383
337 383
338 383
339 383
340 383
341 383
342 383
343 383
344 383
345 383
346 383
347 383
348 383
349 383
350 383
351 383
352 383
353 383
354 383
355 383
356 383
357 383
358 383
359 383
360 383
361 383
362 383
363 383
364 383
365 383
366 383
367 383
368 383
369 383
370 383
371 383
372 383
373 383
374 383
375 383
376 383
377 383
378 383
379 383
380 383
381 383
382 383
136 384
337 384
338 384
339 384
340 384
341 384
342 384
343 384
344 384
345 384
346 384
347 384
348 384
349 384
350 384
351 384
352 384
353 384
354 384
355 384
356 384
357 384
358 384
359 384
360 384
361 384
362 384
363 384
364 384
365 384
366 384
367 384
368 384
369 384
370 384
371 384
372 384
373 384
374 384
375 384
376 384
377 384
378 384
379 384
380 384
381 384
382 384
383 384
136 385
337 385
338 385
339 385
340 385
341 385
342 385
343 385
344 385
345 385
346 385
347 385
348 385
349 385
350 385
351 385
352 385
353 385
354 385
355 385
356 385
357 385
358 385
359 385
360 385
361 385
362 385
363 385
364 385
365 385
366 385
367 385
368 385
369 385
370 385
371 385
372 385
373 385
374 385
375 385
376 385
377 385
378 385
379 385
380 385
381 385
382 385
383 385
384 385
136 386
337 386
338 386
339 386
340 386
341 386
342 386
343 386
344 386
345 386
346 386
347 386
348 386
349 386
350 386
351 386
352 386
353 386
354 386
355 386
356 386
357 386
358 386
359 386
360 386
361 386
362 386
363 386
364 386
365 386
366 386
367 386
368 386
369 386
370 386
371 386
372 386
373 386
374 386
375 386
376 386
377 386
378 386
379 386
380 386
381 386
382 386
383 386
384 386
385 386
136 387
337 387
338 387
339 387
340 387
341 387
342 387
343 387
344 387
345 387
346 387
347 387
348 387
349 387
350 387
351 387
352 387
353 387
354 387
355 387
356 387
357 387
358 387
359 387
360 387
361 387
362 387
363 387
364 387
365 387
366 387
367 387
368 387
369 387
370 387
371 387
372 387
373 387
374 387
375 387
376 387
377 387
378 387
379 387
380 387
381 387
382 387
383 387
384 387
385 387
386 387
136 388
337 388
338 388
339 388
340 388
341 388
342 388
343 388
344 388
345 388
346 388
347 388
348 388
349 388
350 388
351 388
352 388
353 388
354 388
355 388
356 388
357 388
358 388
359 388
360 388
361 388
362 388
363 388
364 388
365 388
366 388
367 388
368 388
369 388
370 388
371 388
372 388
373 388
374 388
375 388
376 388
377 388
378 388
379 388
380 388
381 388
382 388
383 388
384 388
385 388
386 388
387 388
136 389
337 389
338 389
339 389
340 389
341 389
342 389
343 389
344 389
345 389
346 389
347 389
348 389
349 389
350 389
351 389
352 389
353 389
354 389
355 389
356 389
357 389
358 389
359 389
360 389
361 389
362 389
363 389
364 389
365 389
366 389
367 389
368 389
369 389
370 389
371 389
372 389
373 389
374 389
375 389
376 389
377 389
378 389
379 389
380 389
381 389
382 389
383 389
384 389
385 389
386 389
387 389
388 389
136 390
337 390
338 390
339 390
340 390
341 390
342 390
343 390
344 390
345 390
346 390
347 390
348 390
349 390
350 390
351 390
352 390
353 390
354 390
355 390
356 390
357 390
358 390
359 390
360 390
361 390
362 390
363 390
364 390
365 390
366 390
367 390
368 390
369 390
370 390
371 390
372 390
373 390
374 390
375 390
376 390
377 390
378 390
379 390
380 390
381 390
382 390
383 390
384 390
385 390
386 390
387 390
388 390
389 390
136 391
337 391
338 391
339 391
340 391
341 391
342 391
343 391
344 391
345 391
346 391
347 391
348 391
349 391
350 391
351 391
352 391
353 391
354 391
355 391
356 391
357 391
358 391
359 391
360 391
361 391
362 391
363 391
364 391
365 391
366 391
367 391
368 391
369 391
370 391
371 391
372 391
373 391
374 391
375 391
376 391
377 391
378 391
379 391
380 391
381 391
382 391
383 391
384 391
385 391
386 391
387 391
388 391
389 391
390 391
136 392
337 392
338 392
339 392
340 392
341 392
342 392
343 392
344 392
345 392
346 392
347 392
348 392
349 392
350 392
351 392
352 392
353 392
354 392
355 392
356 392
357 392
358 392
359 392
360 392
361 392
362 392
363 392
364 392
365 392
366 392
367 392
368 392
369 392
370 392
371 392
372 392
373 392
374 392
375 392
376 392
377 392
378 392
379 392
380 392
381 392
382 392
383 392
384 392
385 392
386 392
387 392
388 392
389 392
390 392
391 392
136 393
337 393
338 393
339 393
340 393
341 393
342 393
343 393
344 393
345 393
346 393
347 393
348 393
349 393
350 393
351 393
352 393
353 393
354 393
355 393
356 393
357 393
358 393
359 393
360 393
361 393
362 393
363 393
364 393
365 393
366 393
367 393
368 393
369 393
370 393
371 393
372 393
373 393
374 393
375 393
376 393
377 393
378 393
379 393
380 393
381 393
382 393
383 393
384 393
385 393
386 393
387 393
388 393
389 393
390 393
391 393
392 393
136 394
337 394
338 394
339 394
340 394
341 394
342 394
343 394
344 394
345 394
346 394
347 394
348 394
349 394
350 394
351 394
352 394
353 394
354 394
355 394
356 394
357 394
358 394
359 394
360 394
361 394
362 394
363 394
364 394
365 394
366 394
367 394
368 394
369 394
370 394
371 394
372 394
373 394
374 394
375 394
376 394
377 394
378 394
379 394
380 394
381 394
382 394
383 394
384 394
385 394
386 394
387 394
388 394
389 394
390 394
391 394
392 394
393 394
136 395
337 395
338 395
339 395
340 395
341 395
342 395
343 395
344 395
345 395
346 395
347 395
348 395
349 395
350 395
351 395
352 395
353 395
354 395
355 395
356 395
357 395
358 395
359 395
360 395
361 395
362 395
363 395
364 395
365 395
366 395
367 395
368 395
369 395
370 395
371 395
372 395
373 395
374 395
375 395
376 395
377 395
378 395
379 395
380 395
381 395
382 395
383 395
384 395
385 395
386 395
387 395
388 395
389 395
390 395
391 395
392 395
393 395
394 395
136 396
337 396
338 396
339 396
340 396
341 396
342 396
343 396
344 396
345 396
346 396
347 396
348 396
349 396
350 396
351 396
352 396
353 396
354 396
355 396
356 396
357 396
358 396
359 396
360 396
361 396
362 396
363 396
364 396
365 396
366 396
367 396
368 396
369 396
370 396
371 396
372 396
373 396
374 396
375 396
376 396
377 396
378 396
379 396
380 396
381 396
382 396
383 396
384 396
385 396
386 396
387 396
388 396
389 396
390 396
391 396
392 396
393 396
394 396
395 396
136 397
337 397
338 397
339 397
340 397
341 397
342 397
343 397
344 397
345 397
346 397
347 397
348 397
349 397
350 397
351 397
352 397
353 397
354 397
355 397
356 397
357 397
358 397
359 397
360 397
361 397
362 397
363 397
364 397
365 397
366 397
367 397
368 397
369 397
370 397
371 397
372 397
373 397
374 397
375 397
376 397
377 397
378 397
379 397
380 397
381 397
382 397
383 397
384 397
385 397
386 397
387 397
388 397
389 397
390 397
391 397
392 397
393 397
394 397
395 397
396 397
136 398
337 398
338 398
339 398
340 398
341 398
342 398
343 398
344 398
345 398
346 398
347 398
348 398
349 398
350 398
351 398
352 398
353 398
354 398
355 398
356 398
357 398
358 398
359 398
360 398
361 398
362 398
363 398
364 398
365 398
366 398
367 398
368 398
369 398
370 398
371 398
372 398
373 398
374 398
375 398
376 398
377 398
378 398
379 398
380 398
381 398
382 398
383 398
384 398
385 398
386 398
387 398
388 398
389 398
390 398
391 398
392 398
393 398
394 398
395 398
396 398
397 398
136 399
337 399
338 399
339 399
340 399
341 399
342 399
343 399
344 399
345 399
346 399
347 399
348 399
349 399
350 399
351 399
352 399
353 399
354 399
355 399
356 399
357 399
358 399
359 399
360 399
361 399
362 399
363 399
364 399
365 399
366 399
367 399
368 399
369 399
370 399
371 399
372 399
373 399
374 399
375 399
376 399
377 399
378 399
379 399
380 399
381 399
382 399
383 399
384 399
385 399
386 399
387 399
388 399
389 399
390 399
391 399
392 399
393 399
394 399
395 399
396 399
397 399
398 399
136 400
337 400
338 400
339 400
340 400
341 400
342 400
343 400
344 400
345 400
346 400
347 400
348 400
349 400
350 400
351 400
352 400
353 400
354 400
355 400
356 400
357 400
358 400
359 400
360 400
361 400
362 400
363 400
364 400
365 400
366 400
367 400
368 400
369 400
370 400
371 400
372 400
373 400
374 400
375 400
376 400
377 400
378 400
379 400
380 400
381 400
382 400
383 400
384 400
385 400
386 400
387 400
388 400
389 400
390 400
391 400
392 400
393 400
394 400
395 400
396 400
397 400
398 400
399 400
136 401
337 401
338 401
339 401
340 401
341 401
342 401
343 401
344 401
345 401
346 401
347 401
348 401
349 401
350 401
351 401
352 401
353 401
354 401
355 401
356 401
357 401
358 401
359 401
360 401
361 401
362 401
363 401
364 401
365 401
366 401
367 401
368 401
369 401
370 401
371 401
372 401
373 401
374 401
375 401
376 401
377 401
378 401
379 401
380 401
381 401
382 401
383 401
384 401
385 401
386 401
387 401
388 401
389 401
390 401
391 401
392 401
393 401
394 401
395 401
396 401
397 401
398 401
399 401
400 401
136 402
337 402
338 402
339 402
340 402
341 402
342 402
343 402
344 402
345 402
346 402
347 402
348 402
349 402
350 402
351 402
352 402
353 402
354 402
355 402
356 402
357 402
358 402
359 402
360 402
361 402
362 402
363 402
364 402
365 402
366 402
367 402
368 402
369 402
370 402
371 402
372 402
373 402
374 402
375 402
376 402
377 402
378 402
379 402
380 402
381 402
382 402
383 402
384 402
385 402
386 402
387 402
388 402
389 402
390 402
391 402
392 402
393 402
394 402
395 402
396 402
397 402
398 402
399 402
400 402
401 402
136 403
337 403
338 403
339 403
340 403
341 403
342 403
343 403
344 403
345 403
346 403
347 403
348 403
349 403
350 403
351 403
352 403
353 403
354 403
355 403
356 403
357 403
358 403
359 403
360 403
361 403
362 403
363 403
364 403
365 403
366 403
367 403
368 403
369 403
370 403
371 403
372 403
373 403
374 403
375 403
376 403
377 403
378 403
379 403
380 403
381 403
382 403
383 403
384 403
385 403
386 403
387 403
388 403
389 403
390 403
391 403
392 403
393 403
394 403
395 403
396 403
397 403
398 403
399 403
400 403
401 403
402 403
136 404
337 404
338 404
339 404
340 404
341 404
342 404
343 404
344 404
345 404
346 404
347 404
348 404
349 404
350 404
351 404
352 404
353 404
354 404
355 404
356 404
357 404
358 404
359 404
360 404
361 404
362 404
363 404
364 404
365 404
366 404
367 404
368 404
369 404
370 404
371 404
372 404
373 404
374 404
375 404
376 404
377 404
378 404
379 404
380 404
381 404
382 404
383 404
384 404
385 404
386 404
387 404
388 404
389 404
390 404
391 404
392 404
393 404
394 404
395 404
396 404
397 404
398 404
399 404
400 404
401 404
402 404
403 404
136 405
337 405
338 405
339 405
340 405
341 405
342 405
343 405
344 405
345 405
346 405
347 405
348 405
349 405
350 405
351 405
352 405
353 405
354 405
355 405
356 405
357 405
358 405
359 405
360 405
361 405
362 405
363 405
364 405
365 405
366 405
367 405
368 405
369 405
370 405
371 405
372 405
373 405
374 405
375 405
376 405
377 405
378 405
379 405
380 405
381 405
382 405
383 405
384 405
385 405
386 405
387 405
388 405
389 405
390 405
391 405
392 405
393 405
394 405
395 405
396 405
397 405
398 405
399 405
400 405
401 405
402 405
403 405
404 405
136 406
337 406
338 406
339 406
340 406
341 406
342 406
343 406
344 406
345 406
346 406
347 406
348 406
349 406
350 406
351 406
352 406
353 406
354 406
355 406
356 406
357 406
358 406
359 406
360 406
361 406
362 406
363 406
364 406
365 406
366 406
367 406
368 406
369 406
370 406
371 406
372 406
373 406
374 406
375 406
376 406
377 406
378 406
379 406
380 406
381 406
382 406
383 406
384 406
385 406
386 406
387 406
388 406
389 406
390 406
391 406
392 406
393 406
394 406
395 406
396 406
397 406
398 406
399 406
400 406
401 406
402 406
403 406
404 406
405 406
136 407
337 407
338 407
339 407
340 407
341 407
342 407
343 407
344 407
345 407
346 407
347 407
348 407
349 407
350 407
351 407
352 407
353 407
354 407
355 407
356 407
357 407
358 407
359 407
360 407
361 407
362 407
363 407
364 407
365 407
366 407
367 407
368 407
369 407
370 407
371 407
372 407
373 407
374 407
375 407
376 407
377 407
378 407
379 407
380 407
381 407
382 407
383 407
384 407
385 407
386 407
387 407
388 407
389 407
390 407
391 407
392 407
393 407
394 407
395 407
396 407
397 407
398 407
399 407
400 407
401 407
402 407
403 407
404 407
405 407
406 407
136 408
337 408
338 408
339 408
340 408
341 408
342 408
343 408
344 408
345 408
346 408
347 408
348 408
349 408
350 408
351 408
352 408
353 408
354 408
355 408
356 408
357 408
358 408
359 408
360 408
361 408
362 408
363 408
364 408
365 408
366 408
367 408
368 408
369 408
370 408
371 408
372 408
373 408
374 408
375 408
376 408
377 408
378 408
379 408
380 408
381 408
382 408
383 408
384 408
385 408
386 408
387 408
388 408
389 408
390 408
391 408
392 408
393 408
394 408
395 408
396 408
397 408
398 408
399 408
400 408
401 408
402 408
403 408
404 408
405 408
406 408
407 408
136 409
337 409
338 409
339 409
340 409
341 409
342 409
343 409
344 409
345 409
346 409
347 409
348 409
349 409
350 409
351 409
352 409
353 409
354 409
355 409
356 409
357 409
358 409
359 409
360 409
361 409
362 409
363 409
364 409
365 409
366 409
367 409
368 409
369 409
370 409
371 409
372 409
373 409
374 409
375 409
376 409
377 409
378 409
379 409
380 409
381 409
382 409
383 409
384 409
385 409
386 409
387 409
388 409
389 409
390 409
391 409
392 409
393 409
394 409
395 409
396 409
397 409
398 409
399 409
400 409
401 409
402 409
403 409
404 409
405 409
406 409
407 409
408 409
136 410
337 410
338 410
339 410
340 410
341 410
342 410
343 410
344 410
345 410
346 410
347 410
348 410
349 410
350 410
351 410
352 410
353 410
354 410
355 410
356 410
357 410
358 410
359 410
360 410
361 410
362 410
363 410
364 410
365 410
366 410
367 410
368 410
369 410
370 410
371 410
372 410
373 410
374 410
375 410
376 410
377 410
378 410
379 410
380 410
381 410
382 410
383 410
384 410
385 410
386 410
387 410
388 410
389 410
390 410
391 410
392 410
393 410
394 410
395 410
396 410
397 410
398 410
399 410
400 410
401 410
402 410
403 410
404 410
405 410
406 410
407 410
408 410
409 410
136 411
337 411
338 411
339 411
340 411
341 411
342 411
343 411
344 411
345 411
346 411
347 411
348 411
349 411
350 411
351 411
352 411
353 411
354 411
355 411
356 411
357 411
358 411
359 411
360 411
361 411
362 411
363 411
364 411
365 411
366 411
367 411
368 411
369 411
370 411
371 411
372 411
373 411
374 411
375 411
376 411
377 411
378 411
379 411
380 411
381 411
382 411
383 411
384 411
385 411
386 411
387 411
388 411
389 411
390 411
391 411
392 411
393 411
394 411
395 411
396 411
397 411
398 411
399 411
400 411
401 411
402 411
403 411
404 411
405 411
406 411
407 411
408 411
409 411
410 411
136 412
337 412
338 412
339 412
340 412
341 412
342 412
343 412
344 412
345 412
346 412
347 412
348 412
349 412
350 412
351 412
352 412
353 412
354 412
355 412
356 412
357 412
358 412
359 412
360 412
361 412
362 412
363 412
364 412
365 412
366 412
367 412
368 412
369 412
370 412
371 412
372 412
373 412
374 412
375 412
376 412
377 412
378 412
379 412
380 412
381 412
382 412
383 412
384 412
385 412
386 412
387 412
388 412
389 412
390 412
391 412
392 412
393 412
394 412
395 412
396 412
397 412
398 412
399 412
400 412
401 412
402 412
403 412
404 412
405 412
406 412
407 412
408 412
409 412
410 412
411 412
136 413
337 413
338 413
339 413
340 413
341 413
342 413
343 413
344 413
345 413
346 413
347 413
348 413
349 413
350 413
351 413
352 413
353 413
354 413
355 413
356 413
357 413
358 413
359 413
360 413
361 413
362 413
363 413
364 413
365 413
366 413
367 413
368 413
369 413
370 413
371 413
372 413
373 413
374 413
375 413
376 413
377 413
378 413
379 413
380 413
381 413
382 413
383 413
384 413
385 413
386 413
387 413
388 413
389 413
390 413
391 413
392 413
393 413
394 413
395 413
396 413
397 413
398 413
399 413
400 413
401 413
402 413
403 413
404 413
405 413
406 413
407 413
408 413
409 413
410 413
411 413
412 413
136 414
337 414
338 414
339 414
340 414
341 414
342 414
343 414
344 414
345 414
346 414
347 414
348 414
349 414
350 414
351 414
352 414
353 414
354 414
355 414
356 414
357 414
358 414
359 414
360 414
361 414
362 414
363 414
364 414
365 414
366 414
367 414
368 414
369 414
370 414
371 414
372 414
373 414
374 414
375 414
376 414
377 414
378 414
379 414
380 414
381 414
382 414
383 414
384 414
385 414
386 414
387 414
388 414
389 414
390 414
391 414
392 414
393 414
394 414
395 414
396 414
397 414
398 414
399 414
400 414
401 414
402 414
403 414
404 414
405 414
406 414
407 414
408 414
409 414
410 414
411 414
412 414
413 414
136 415
337 415
338 415
339 415
340 415
341 415
342 415
343 415
344 415
345 415
346 415
347 415
348 415
349 415
350 415
351 415
352 415
353 415
354 415
355 415
356 415
357 415
358 415
359 415
360 415
361 415
362 415
363 415
364 415
365 415
366 415
367 415
368 415
369 415
370 415
371 415
372 415
373 415
374 415
375 415
376 415
377 415
378 415
379 415
380 415
381 415
382 415
383 415
384 415
385 415
386 415
387 415
388 415
389 415
390 415
391 415
392 415
393 415
394 415
395 415
396 415
397 415
398 415
399 415
400 415
401 415
402 415
403 415
404 415
405 415
406 415
407 415
408 415
409 415
410 415
411 415
412 415
413 415
414 415
136 416
337 416
338 416
339 416
340 416
341 416
342 416
343 416
344 416
345 416
346 416
347 416
348 416
349 416
350 416
351 416
352 416
353 416
354 416
355 416
356 416
357 416
358 416
359 416
360 416
361 416
362 416
363 416
364 416
365 416
366 416
367 416
368 416
369 416
370 416
371 416
372 416
373 416
374 416
375 416
376 416
377 416
378 416
379 416
380 416
381 416
382 416
383 416
384 416
385 416
386 416
387 416
388 416
389 416
390 416
391 416
392 416
393 416
394 416
395 416
396 416
397 416
398 416
399 416
400 416
401 416
402 416
403 416
404 416
405 416
406 416
407 416
408 416
409 416
410 416
411 416
412 416
413 416
414 416
415 416
136 417
337 417
338 417
339 417
340 417
341 417
342 417
343 417
344 417
345 417
346 417
347 417
348 417
349 417
350 417
351 417
352 417
353 417
354 417
355 417
356 417
357 417
358 417
359 417
360 417
361 417
362 417
363 417
364 417
365 417
366 417
367 417
368 417
369 417
370 417
371 417
372 417
373 417
374 417
375 417
376 417
377 417
378 417
379 417
380 417
381 417
382 417
383 417
384 417
385 417
386 417
387 417
388 417
389 417
390 417
391 417
392 417
393 417
394 417
395 417
396 417
397 417
398 417
399 417
400 417
401 417
402 417
403 417
404 417
405 417
406 417
407 417
408 417
409 417
410 417
411 417
412 417
413 417
414 417
415 417
416 417
136 418
337 418
338 418
339 418
340 418
341 418
342 418
343 418
344 418
345 418
346 418
347 418
348 418
349 418
350 418
351 418
352 418
353 418
354 418
355 418
356 418
357 418
358 418
359 418
360 418
361 418
362 418
363 418
364 418
365 418
366 418
367 418
368 418
369 418
370 418
371 418
372 418
373 418
374 418
375 418
376 418
377 418
378 418
379 418
380 418
381 418
382 418
383 418
384 418
385 418
386 418
387 418
388 418
389 418
390 418
391 418
392 418
393 418
394 418
395 418
396 418
397 418
398 418
399 418
400 418
401 418
402 418
403 418
404 418
405 418
406 418
407 418
408 418
409 418
410 418
411 418
412 418
413 418
414 418
415 418
416 418
417 418
136 419
337 419
338 419
339 419
340 419
341 419
342 419
343 419
344 419
345 419
346 419
347 419
348 419
349 419
350 419
351 419
352 419
353 419
354 419
355 419
356 419
357 419
358 419
359 419
360 419
361 419
362 419
363 419
364 419
365 419
366 419
367 419
368 419
369 419
370 419
371 419
372 419
373 419
374 419
375 419
376 419
377 419
378 419
379 419
380 419
381 419
382 419
383 419
384 419
385 419
386 419
387 419
388 419
389 419
390 419
391 419
392 419
393 419
394 419
395 419
396 419
397 419
398 419
399 419
400 419
401 419
402 419
403 419
404 419
405 419
406 419
407 419
408 419
409 419
410 419
411 419
412 419
413 419
414 419
415 419
416 419
417 419
418 419
136 420
337 420
338 420
339 420
340 420
341 420
342 420
343 420
344 420
345 420
346 420
347 420
348 420
349 420
350 420
351 420
352 420
353 420
354 420
355 420
356 420
357 420
358 420
359 420
360 420
361 420
362 420
363 420
364 420
365 420
366 420
367 420
368 420
369 420
370 420
371 420
372 420
373 420
374 420
375 420
376 420
377 420
378 420
379 420
380 420
381 420
382 420
383 420
384 420
385 420
386 420
387 420
388 420
389 420
390 420
391 420
392 420
393 420
394 420
395 420
396 420
397 420
398 420
399 420
400 420
401 420
402 420
403 420
404 420
405 420
406 420
407 420
408 420
409 420
410 420
411 420
412 420
413 420
414 420
415 420
416 420
417 420
418 420
419 420
136 421
337 421
338 421
339 421
340 421
341 421
342 421
343 421
344 421
345 421
346 421
347 421
348 421
349 421
350 421
351 421
352 421
353 421
354 421
355 421
356 421
357 421
358 421
359 421
360 421
361 421
362 421
363 421
364 421
365 421
366 421
367 421
368 421
369 421
370 421
371 421
372 421
373 421
374 421
375 421
376 421
377 421
378 421
379 421
380 421
381 421
382 421
383 421
384 421
385 421
386 421
387 421
388 421
389 421
390 421
391 421
392 421
393 421
394 421
395 421
396 421
397 421
398 421
399 421
400 421
401 421
402 421
403 421
404 421
405 421
406 421
407 421
408 421
409 421
410 421
411 421
412 421
413 421
414 421
415 421
416 421
417 421
418 421
419 421
420 421
136 422
337 422
338 422
339 422
340 422
341 422
342 422
343 422
344 422
345 422
346 422
347 422
348 422
349 422
350 422
351 422
352 422
353 422
354 422
355 422
356 422
357 422
358 422
359 422
360 422
361 422
362 422
363 422
364 422
365 422
366 422
367 422
368 422
369 422
370 422
371 422
372 422
373 422
374 422
375 422
376 422
377 422
378 422
379 422
380 422
381 422
382 422
383 422
384 422
385 422
386 422
387 422
388 422
389 422
390 422
391 422
392 422
393 422
394 422
395 422
396 422
397 422
398 422
399 422
400 422
401 422
402 422
403 422
404 422
405 422
406 422
407 422
408 422
409 422
410 422
411 422
412 422
413 422
414 422
415 422
416 422
417 422
418 422
419 422
420 422
421 422
136 423
337 423
338 423
339 423
340 423
341 423
342 423
343 423
344 423
345 423
346 423
347 423
348 423
349 423
350 423
351 423
352 423
353 423
354 423
355 423
356 423
357 423
358 423
359 423
360 423
361 423
362 423
363 423
364 423
365 423
366 423
367 423
368 423
369 423
370 423
371 423
372 423
373 423
374 423
375 423
376 423
377 423
378 423
379 423
380 423
381 423
382 423
383 423
384 423
385 423
386 423
387 423
388 423
389 423
390 423
391 423
392 423
393 423
394 423
395 423
396 423
397 423
398 423
399 423
400 423
401 423
402 423
403 423
404 423
405 423
406 423
407 423
408 423
409 423
410 423
411 423
412 423
413 423
414 423
415 423
416 423
417 423
418 423
419 423
420 423
421 423
422 423
136 424
337 424
338 424
339 424
340 424
341 424
342 424
343 424
344 424
345 424
346 424
347 424
348 424
349 424
350 424
351 424
352 424
353 424
354 424
355 424
356 424
357 424
358 424
359 424
360 424
361 424
362 424
363 424
364 424
365 424
366 424
367 424
368 424
369 424
370 424
371 424
372 424
373 424
374 424
375 424
376 424
377 424
378 424
379 424
380 424
381 424
382 424
383 424
384 424
385 424
386 424
387 424
388 424
389 424
390 424
391 424
392 424
393 424
394 424
395 424
396 424
397 424
398 424
399 424
400 424
401 424
402 424
403 424
404 424
405 424
406 424
407 424
408 424
409 424
410 424
411 424
412 424
413 424
414 424
415 424
416 424
417 424
418 424
419 424
420 424
421 424
422 424
423 424
136 425
337 425
338 425
339 425
340 425
341 425
342 425
343 425
344 425
345 425
346 425
347 425
348 425
349 425
350 425
351 425
352 425
353 425
354 425
355 425
356 425
357 425
358 425
359 425
360 425
361 425
362 425
363 425
364 425
365 425
366 425
367 425
368 425
369 425
370 425
371 425
372 425
373 425
374 425
375 425
376 425
377 425
378 425
379 425
380 425
381 425
382 425
383 425
384 425
385 425
386 425
387 425
388 425
389 425
390 425
391 425
392 425
393 425
394 425
395 425
396 425
397 425
398 425
399 425
400 425
401 425
402 425
403 425
404 425
405 425
406 425
407 425
408 425
409 425
410 425
411 425
412 425
413 425
414 425
415 425
416 425
417 425
418 425
419 425
420 425
421 425
422 425
423 425
424 425
136 426
337 426
338 426
339 426
340 426
341 426
342 426
343 426
344 426
345 426
346 426
347 426
348 426
349 426
350 426
351 426
352 426
353 426
354 426
355 426
356 426
357 426
358 426
359 426
360 426
361 426
362 426
363 426
364 426
365 426
366 426
367 426
368 426
369 426
370 426
371 426
372 426
373 426
374 426
375 426
376 426
377 426
378 426
379 426
380 426
381 426
382 426
383 426
384 426
385 426
386 426
387 426
388 426
389 426
390 426
391 426
392 426
393 426
394 426
395 426
396 426
397 426
398 426
399 426
400 426
401 426
402 426
403 426
404 426
405 426
406 426
407 426
408 426
409 426
410 426
411 426
412 426
413 426
414 426
415 426
416 426
417 426
418 426
419 426
420 426
421 426
422 426
423 426
424 426
425 426
374 427
374 428
427 428
374 429
427 429
428 429
374 430
427 430
428 430
429 430
374 431
427 431
428 431
429 431
430 431
374 432
427 432
428 432
429 432
430 432
431 432
374 433
427 433
428 433
429 433
430 433
431 433
432 433
374 434
427 434
428 434
429 434
430 434
431 434
432 434
433 434
374 435
427 435
428 435
429 435
430 435
431 435
432 435
433 435
434 435
374 436
427 436
428 436
429 436
430 436
431 436
432 436
433 436
434 436
435 436
374 437
427 437
428 437
429 437
430 437
431 437
432 437
433 437
434 437
435 437
436 437
374 438
427 438
428 438
429 438
430 438
431 438
432 438
433 438
434 438
435 438
436 438
437 438
374 439
427 439
428 439
429 439
430 439
431 439
432 439
433 439
434 439
435 439
436 439
437 439
438 439
374 440
427 440
428 440
429 440
430 440
431 440
432 440
433 440
434 440
435 440
436 440
437 440
438 440
439 440
374 441
427 441
428 441
429 441
430 441
431 441
432 441
433 441
434 441
435 441
436 441
437 441
438 441
439 441
440 441
374 442
427 442
428 442
429 442
430 442
431 442
432 442
433 442
434 442
435 442
436 442
437 442
438 442
439 442
440 442
441 442
374 443
427 443
428 443
429 443
430 443
431 443
432 443
433 443
434 443
435 443
436 443
437 443
438 443
439 443
440 443
441 443
442 443
374 444
427 444
428 444
429 444
430 444
431 444
432 444
433 444
434 444
435 444
436 444
437 444
438 444
439 444
440 444
441 444
442 444
443 444
374 445
427 445
428 445
429 445
430 445
431 445
432 445
433 445
434 445
435 445
436 445
437 445
438 445
439 445
440 445
441 445
442 445
443 445
444 445
374 446
427 446
428 446
429 446
430 446
431 446
432 446
433 446
434 446
435 446
436 446
437 446
438 446
439 446
440 446
441 446
442 446
443 446
444 446
445 446
374 447
427 447
428 447
429 447
430 447
431 447
432 447
433 447
434 447
435 447
436 447
437 447
438 447
439 447
440 447
441 447
442 447
443 447
444 447
445 447
446 447
374 448
427 448
428 448
429 448
430 448
431 448
432 448
433 448
434 448
435 448
436 448
437 448
438 448
439 448
440 448
441 448
442 448
443 448
444 448
445 448
446 448
447 448
374 449
427 449
428 449
429 449
430 449
431 449
432 449
433 449
434 449
435 449
436 449
437 449
438 449
439 449
440 449
441 449
442 449
443 449
444 449
445 449
446 449
447 449
448 449
374 450
427 450
428 450
429 450
430 450
431 450
432 450
433 450
434 450
435 450
436 450
437 450
438 450
439 450
440 450
441 450
442 450
443 450
444 450
445 450
446 450
447 450
448 450
449 450
374 451
427 451
428 451
429 451
430 451
431 451
432 451
433 451
434 451
435 451
436 451
437 451
438 451
439 451
440 451
441 451
442 451
443 451
444 451
445 451
446 451
447 451
448 451
449 451
450 451
374 452
427 452
428 452
429 452
430 452
431 452
432 452
433 452
434 452
435 452
436 452
437 452
438 452
439 452
440 452
441 452
442 452
443 452
444 452
445 452
446 452
447 452
448 452
449 452
450 452
451 452
374 453
427 453
428 453
429 453
430 453
431 453
432 453
433 453
434 453
435 453
436 453
437 453
438 453
439 453
440 453
441 453
442 453
443 453
444 453
445 453
446 453
447 453
448 453
449 453
450 453
451 453
452 453
374 454
427 454
428 454
429 454
430 454
431 454
432 454
433 454
434 454
435 454
436 454
437 454
438 454
439 454
440 454
441 454
442 454
443 454
444 454
445 454
446 454
447 454
448 454
449 454
450 454
451 454
452 454
453 454
374 455
427 455
428 455
429 455
430 455
431 455
432 455
433 455
434 455
435 455
436 455
437 455
438 455
439 455
440 455
441 455
442 455
443 455
444 455
445 455
446 455
447 455
448 455
449 455
450 455
451 455
452 455
453 455
454 455
374 456
427 456
428 456
429 456
430 456
431 456
432 456
433 456
434 456
435 456
436 456
437 456
438 456
439 456
440 456
441 456
442 456
443 456
444 456
445 456
446 456
447 456
448 456
449 456
450 456
451 456
452 456
453 456
454 456
455 456
374 457
427 457
428 457
429 457
430 457
431 457
432 457
433 457
434 457
435 457
436 457
437 457
438 457
439 457
440 457
441 457
442 457
443 457
444 457
445 457
446 457
447 457
448 457
449 457
450 457
451 457
452 457
453 457
454 457
455 457
456 457
374 458
427 458
428 458
429 458
430 458
431 458
432 458
433 458
434 458
435 458
436 458
437 458
438 458
439 458
440 458
441 458
442 458
443 458
444 458
445 458
446 458
447 458
448 458
449 458
450 458
451 458
452 458
453 458
454 458
455 458
456 458
457 458
374 459
427 459
428 459
429 459
430 459
431 459
432 459
433 459
434 459
435 459
436 459
437 459
438 459
439 459
440 459
441 459
442 459
443 459
444 459
445 459
446 459
447 459
448 459
449 459
450 459
451 459
452 459
453 459
454 459
455 459
456 459
457 459
458 459
374 460
427 460
428 460
429 460
430 460
431 460
432 460
433 460
434 460
435 460
436 460
437 460
438 460
439 460
440 460
441 460
442 460
443 460
444 460
445 460
446 460
447 460
448 460
449 460
450 460
451 460
452 460
453 460
454 460
455 460
456 460
457 460
458 460
459 460
374 461
427 461
428 461
429 461
430 461
431 461
432 461
433 461
434 461
435 461
436 461
437 461
438 461
439 461
440 461
441 461
442 461
443 461
444 461
445 461
446 461
447 461
448 461
449 461
450 461
451 461
452 461
453 461
454 461
455 461
456 461
457 461
458 461
459 461
460 461
374 462
427 462
428 462
429 462
430 462
431 462
432 462
433 462
434 462
435 462
436 462
437 462
438 462
439 462
440 462
441 462
442 462
443 462
444 462
445 462
446 462
447 462
448 462
449 462
450 462
451 462
452 462
453 462
454 462
455 462
456 462
457 462
458 462
459 462
460 462
461 462
374 463
427 463
428 463
429 463
430 463
431 463
432 463
433 463
434 463
435 463
436 463
437 463
438 463
439 463
440 463
441 463
442 463
443 463
444 463
445 463
446 463
447 463
448 463
449 463
450 463
451 463
452 463
453 463
454 463
455 463
456 463
457 463
458 463
459 463
460 463
461 463
462 463
374 464
427 464
428 464
429 464
430 464
431 464
432 464
433 464
434 464
435 464
436 464
437 464
438 464
439 464
440 464
441 464
442 464
443 464
444 464
445 464
446 464
447 464
448 464
449 464
450 464
451 464
452 464
453 464
454 464
455 464
456 464
457 464
458 464
459 464
460 464
461 464
462 464
463 464
374 465
427 465
428 465
429 465
430 465
431 465
432 465
433 465
434 465
435 465
436 465
437 465
438 465
439 465
440 465
441 465
442 465
443 465
444 465
445 465
446 465
447 465
448 465
449 465
450 465
451 465
452 465
453 465
454 465
455 465
456 465
457 465
458 465
459 465
460 465
461 465
462 465
463 465
464 465
374 466
427 466
428 466
429 466
430 466
431 466
432 466
433 466
434 466
435 466
436 466
437 466
438 466
439 466
440 466
441 466
442 466
443 466
444 466
445 466
446 466
447 466
448 466
449 466
450 466
451 466
452 466
453 466
454 466
455 466
456 466
457 466
458 466
459 466
460 466
461 466
462 466
463 466
464 466
465 466
374 467
427 467
428 467
429 467
430 467
431 467
432 467
433 467
434 467
435 467
436 467
437 467
438 467
439 467
440 467
441 467
442 467
443 467
444 467
445 467
446 467
447 467
448 467
449 467
450 467
451 467
452 467
453 467
454 467
455 467
456 467
457 467
458 467
459 467
460 467
461 467
462 467
463 467
464 467
465 467
466 467
374 468
427 468
428 468
429 468
430 468
431 468
432 468
433 468
434 468
435 468
436 468
437 468
438 468
439 468
440 468
441 468
442 468
443 468
444 468
445 468
446 468
447 468
448 468
449 468
450 468
451 468
452 468
453 468
454 468
455 468
456 468
457 468
458 468
459 468
460 468
461 468
462 468
463 468
464 468
465 468
466 468
467 468
374 469
427 469
428 469
429 469
430 469
431 469
432 469
433 469
434 469
435 469
436 469
437 469
438 469
439 469
440 469
441 469
442 469
443 469
444 469
445 469
446 469
447 469
448 469
449 469
450 469
451 469
452 469
453 469
454 469
455 469
456 469
457 469
458 469
459 469
460 469
461 469
462 469
463 469
464 469
465 469
466 469
467 469
468 469
374 470
427 470
428 470
429 470
430 470
431 470
432 470
433 470
434 470
435 470
436 470
437 470
438 470
439 470
440 470
441 470
442 470
443 470
444 470
445 470
446 470
447 470
448 470
449 470
450 470
451 470
452 470
453 470
454 470
455 470
456 470
457 470
458 470
459 470
460 470
461 470
462 470
463 470
464 470
465 470
466 470
467 470
468 470
469 470
374 471
427 471
428 471
429 471
430 471
431 471
432 471
433 471
434 471
435 471
436 471
437 471
438 471
439 471
440 471
441 471
442 471
443 471
444 471
445 471
446 471
447 471
448 471
449 471
450 471
451 471
452 471
453 471
454 471
455 471
456 471
457 471
458 471
459 471
460 471
461 471
462 471
463 471
464 471
465 471
466 471
467 471
468 471
469 471
470 471
374 472
427 472
428 472
429 472
430 472
431 472
432 472
433 472
434 472
435 472
436 472
437 472
438 472
439 472
440 472
441 472
442 472
443 472
444 472
445 472
446 472
447 472
448 472
449 472
450 472
451 472
452 472
453 472
454 472
455 472
456 472
457 472
458 472
459 472
460 472
461 472
462 472
463 472
464 472
465 472
466 472
467 472
468 472
469 472
470 472
471 472
374 473
427 473
428 473
429 473
430 473
431 473
432 473
433 473
434 473
435 473
436 473
437 473
438 473
439 473
440 473
441 473
442 473
443 473
444 473
445 473
446 473
447 473
448 473
449 473
450 473
451 473
452 473
453 473
454 473
455 473
456 473
457 473
458 473
459 473
460 473
461 473
462 473
463 473
464 473
465 473
466 473
467 473
468 473
469 473
470 473
471 473
472 473
374 474
427 474
428 474
429 474
430 474
431 474
432 474
433 474
434 474
435 474
436 474
437 474
438 474
439 474
440 474
441 474
442 474
443 474
444 474
445 474
446 474
447 474
448 474
449 474
450 474
451 474
452 474
453 474
454 474
455 474
456 474
457 474
458 474
459 474
460 474
461 474
462 474
463 474
464 474
465 474
466 474
467 474
468 474
469 474
470 474
471 474
472 474
473 474
374 475
427 475
428 475
429 475
430 475
431 475
432 475
433 475
434 475
435 475
436 475
437 475
438 475
439 475
440 475
441 475
442 475
443 475
444 475
445 475
446 475
447 475
448 475
449 475
450 475
451 475
452 475
453 475
454 475
455 475
456 475
457 475
458 475
459 475
460 475
461 475
462 475
463 475
464 475
465 475
466 475
467 475
468 475
469 475
470 475
471 475
472 475
473 475
474 475
374 476
427 476
428 476
429 476
430 476
431 476
432 476
433 476
434 476
435 476
436 476
437 476
438 476
439 476
440 476
441 476
442 476
443 476
444 476
445 476
446 476
447 476
448 476
449 476
450 476
451 476
452 476
453 476
454 476
455 476
456 476
457 476
458 476
459 476
460 476
461 476
462 476
463 476
464 476
465 476
466 476
467 476
468 476
469 476
470 476
471 476
472 476
473 476
474 476
475 476
374 477
427 477
428 477
429 477
430 477
431 477
432 477
433 477
434 477
435 477
436 477
437 477
438 477
439 477
440 477
441 477
442 477
443 477
444 477
445 477
446 477
447 477
448 477
449 477
450 477
451 477
452 477
453 477
454 477
455 477
456 477
457 477
458 477
459 477
460 477
461 477
462 477
463 477
464 477
465 477
466 477
467 477
468 477
469 477
470 477
471 477
472 477
473 477
474 477
475 477
476 477
374 478
427 478
428 478
429 478
430 478
431 478
432 478
433 478
434 478
435 478
436 478
437 478
438 478
439 478
440 478
441 478
442 478
443 478
444 478
445 478
446 478
447 478
448 478
449 478
450 478
451 478
452 478
453 478
454 478
455 478
456 478
457 478
458 478
459 478
460 478
461 478
462 478
463 478
464 478
465 478
466 478
467 478
468 478
469 478
470 478
471 478
472 478
473 478
474 478
475 478
476 478
477 478
374 479
427 479
428 479
429 479
430 479
431 479
432 479
433 479
434 479
435 479
436 479
437 479
438 479
439 479
440 479
441 479
442 479
443 479
444 479
445 479
446 479
447 479
448 479
449 479
450 479
451 479
452 479
453 479
454 479
455 479
456 479
457 479
458 479
459 479
460 479
461 479
462 479
463 479
464 479
465 479
466 479
467 479
468 479
469 479
470 479
471 479
472 479
473 479
474 479
475 479
476 479
477 479
478 479
374 480
427 480
428 480
429 480
430 480
431 480
432 480
433 480
434 480
435 480
436 480
437 480
438 480
439 480
440 480
441 480
442 480
443 480
444 480
445 480
446 480
447 480
448 480
449 480
450 480
451 480
452 480
453 480
454 480
455 480
456 480
457 480
458 480
459 480
460 480
461 480
462 480
463 480
464 480
465 480
466 480
467 480
468 480
469 480
470 480
471 480
472 480
473 480
474 480
475 480
476 480
477 480
478 480
479 480
374 481
427 481
428 481
429 481
430 481
431 481
432 481
433 481
434 481
435 481
436 481
437 481
438 481
439 481
440 481
441 481
442 481
443 481
444 481
445 481
446 481
447 481
448 481
449 481
450 481
451 481
452 481
453 481
454 481
455 481
456 481
457 481
458 481
459 481
460 481
461 481
462 481
463 481
464 481
465 481
466 481
467 481
468 481
469 481
470 481
471 481
472 481
473 481
474 481
475 481
476 481
477 481
478 481
479 481
480 481
374 482
427 482
428 482
429 482
430 482
431 482
432 482
433 482
434 482
435 482
436 482
437 482
438 482
439 482
440 482
441 482
442 482
443 482
444 482
445 482
446 482
447 482
448 482
449 482
450 482
451 482
452 482
453 482
454 482
455 482
456 482
457 482
458 482
459 482
460 482
461 482
462 482
463 482
464 482
465 482
466 482
467 482
468 482
469 482
470 482
471 482
472 482
473 482
474 482
475 482
476 482
477 482
478 482
479 482
480 482
481 482
374 483
427 483
428 483
429 483
430 483
431 483
432 483
433 483
434 483
435 483
436 483
437 483
438 483
439 483
440 483
441 483
442 483
443 483
444 483
445 483
446 483
447 483
448 483
449 483
450 483
451 483
452 483
453 483
454 483
455 483
456 483
457 483
458 483
459 483
460 483
461 483
462 483
463 483
464 483
465 483
466 483
467 483
468 483
469 483
470 483
471 483
472 483
473 483
474 483
475 483
476 483
477 483
478 483
479 483
480 483
481 483
482 483
374 484
427 484
428 484
429 484
430 484
431 484
432 484
433 484
434 484
435 484
436 484
437 484
438 484
439 484
440 484
441 484
442 484
443 484
444 484
445 484
446 484
447 484
448 484
449 484
450 484
451 484
452 484
453 484
454 484
455 484
456 484
457 484
458 484
459 484
460 484
461 484
462 484
463 484
464 484
465 484
466 484
467 484
468 484
469 484
470 484
471 484
472 484
473 484
474 484
475 484
476 484
477 484
478 484
479 484
480 484
481 484
482 484
483 484
374 485
427 485
428 485
429 485
430 485
431 485
432 485
433 485
434 485
435 485
436 485
437 485
438 485
439 485
440 485
441 485
442 485
443 485
444 485
445 485
446 485
447 485
448 485
449 485
450 485
451 485
452 485
453 485
454 485
455 485
456 485
457 485
458 485
459 485
460 485
461 485
462 485
463 485
464 485
465 485
466 485
467 485
468 485
469 485
470 485
471 485
472 485
473 485
474 485
475 485
476 485
477 485
478 485
479 485
480 485
481 485
482 485
483 485
484 485
374 486
427 486
428 486
429 486
430 486
431 486
432 486
433 486
434 486
435 486
436 486
437 486
438 486
439 486
440 486
441 486
442 486
443 486
444 486
445 486
446 486
447 486
448 486
449 486
450 486
451 486
452 486
453 486
454 486
455 486
456 486
457 486
458 486
459 486
460 486
461 486
462 486
463 486
464 486
465 486
466 486
467 486
468 486
469 486
470 486
471 486
472 486
473 486
474 486
475 486
476 486
477 486
478 486
479 486
480 486
481 486
482 486
483 486
484 486
485 486
374 487
427 487
428 487
429 487
430 487
431 487
432 487
433 487
434 487
435 487
436 487
437 487
438 487
439 487
440 487
441 487
442 487
443 487
444 487
445 487
446 487
447 487
448 487
449 487
450 487
451 487
452 487
453 487
454 487
455 487
456 487
457 487
458 487
459 487
460 487
461 487
462 487
463 487
464 487
465 487
466 487
467 487
468 487
469 487
470 487
471 487
472 487
473 487
474 487
475 487
476 487
477 487
478 487
479 487
480 487
481 487
482 487
483 487
484 487
485 487
486 487
374 488
427 488
428 488
429 488
430 488
431 488
432 488
433 488
434 488
435 488
436 488
437 488
438 488
439 488
440 488
441 488
442 488
443 488
444 488
445 488
446 488
447 488
448 488
449 488
450 488
451 488
452 488
453 488
454 488
455 488
456 488
457 488
458 488
459 488
460 488
461 488
462 488
463 488
464 488
465 488
466 488
467 488
468 488
469 488
470 488
471 488
472 488
473 488
474 488
475 488
476 488
477 488
478 488
479 488
480 488
481 488
482 488
483 488
484 488
485 488
486 488
487 488
374 489
427 489
428 489
429 489
430 489
431 489
432 489
433 489
434 489
435 489
436 489
437 489
438 489
439 489
440 489
441 489
442 489
443 489
444 489
445 489
446 489
447 489
448 489
449 489
450 489
451 489
452 489
453 489
454 489
455 489
456 489
457 489
458 489
459 489
460 489
461 489
462 489
463 489
464 489
465 489
466 489
467 489
468 489
469 489
470 489
471 489
472 489
473 489
474 489
475 489
476 489
477 489
478 489
479 489
480 489
481 489
482 489
483 489
484 489
485 489
486 489
487 489
488 489
374 490
427 490
428 490
429 490
430 490
431 490
432 490
433 490
434 490
435 490
436 490
437 490
438 490
439 490
440 490
441 490
442 490
443 490
444 490
445 490
446 490
447 490
448 490
449 490
450 490
451 490
452 490
453 490
454 490
455 490
456 490
457 490
458 490
459 490
460 490
461 490
462 490
463 490
464 490
465 490
466 490
467 490
468 490
469 490
470 490
471 490
472 490
473 490
474 490
475 490
476 490
477 490
478 490
479 490
480 490
481 490
482 490
483 490
484 490
485 490
486 490
487 490
488 490
489 490
374 491
427 491
428 491
429 491
430 491
431 491
432 491
433 491
434 491
435 491
436 491
437 491
438 491
439 491
440 491
441 491
442 491
443 491
444 491
445 491
446 491
447 491
448 491
449 491
450 491
451 491
452 491
453 491
454 491
455 491
456 491
457 491
458 491
459 491
460 491
461 491
462 491
463 491
464 491
465 491
466 491
467 491
468 491
469 491
470 491
471 491
472 491
473 491
474 491
475 491
476 491
477 491
478 491
479 491
480 491
481 491
482 491
483 491
484 491
485 491
486 491
487 491
488 491
489 491
490 491
374 492
427 492
428 492
429 492
430 492
431 492
432 492
433 492
434 492
435 492
436 492
437 492
438 492
439 492
440 492
441 492
442 492
443 492
444 492
445 492
446 492
447 492
448 492
449 492
450 492
451 492
452 492
453 492
454 492
455 492
456 492
457 492
458 492
459 492
460 492
461 492
462 492
463 492
464 492
465 492
466 492
467 492
468 492
469 492
470 492
471 492
472 492
473 492
474 492
475 492
476 492
477 492
478 492
479 492
480 492
481 492
482 492
483 492
484 492
485 492
486 492
487 492
488 492
489 492
490 492
491 492
374 493
427 493
428 493
429 493
430 493
431 493
432 493
433 493
434 493
435 493
436 493
437 493
438 493
439 493
440 493
441 493
442 493
443 493
444 493
445 493
446 493
447 493
448 493
449 493
450 493
451 493
452 493
453 493
454 493
455 493
456 493
457 493
458 493
459 493
460 493
461 493
462 493
463 493
464 493
465 493
466 493
467 493
468 493
469 493
470 493
471 493
472 493
473 493
474 493
475 493
476 493
477 493
478 493
479 493
480 493
481 493
482 493
483 493
484 493
485 493
486 493
487 493
488 493
489 493
490 493
491 493
492 493
374 494
427 494
428 494
429 494
430 494
431 494
432 494
433 494
434 494
435 494
436 494
437 494
438 494
439 494
440 494
441 494
442 494
443 494
444 494
445 494
446 494
447 494
448 494
449 494
450 494
451 494
452 494
453 494
454 494
455 494
456 494
457 494
458 494
459 494
460 494
461 494
462 494
463 494
464 494
465 494
466 494
467 494
468 494
469 494
470 494
471 494
472 494
473 494
474 494
475 494
476 494
477 494
478 494
479 494
480 494
481 494
482 494
483 494
484 494
485 494
486 494
487 494
488 494
489 494
490 494
491 494
492 494
493 494
374 495
427 495
428 495
429 495
430 495
431 495
432 495
433 495
434 495
435 495
436 495
437 495
438 495
439 495
440 495
441 495
442 495
443 495
444 495
445 495
446 495
447 495
448 495
449 495
450 495
451 495
452 495
453 495
454 495
455 495
456 495
457 495
458 495
459 495
460 495
461 495
462 495
463 495
464 495
465 495
466 495
467 495
468 495
469 495
470 495
471 495
472 495
473 495
474 495
475 495
476 495
477 495
478 495
479 495
480 495
481 495
482 495
483 495
484 495
485 495
486 495
487 495
488 495
489 495
490 495
491 495
492 495
493 495
494 495
374 496
427 496
428 496
429 496
430 496
431 496
432 496
433 496
434 496
435 496
436 496
437 496
438 496
439 496
440 496
441 496
442 496
443 496
444 496
445 496
446 496
447 496
448 496
449 496
450 496
451 496
452 496
453 496
454 496
455 496
456 496
457 496
458 496
459 496
460 496
461 496
462 496
463 496
464 496
465 496
466 496
467 496
468 496
469 496
470 496
471 496
472 496
473 496
474 496
475 496
476 496
477 496
478 496
479 496
480 496
481 496
482 496
483 496
484 496
485 496
486 496
487 496
488 496
489 496
490 496
491 496
492 496
493 496
494 496
495 496
374 497
427 497
428 497
429 497
430 497
431 497
432 497
433 497
434 497
435 497
436 497
437 497
438 497
439 497
440 497
441 497
442 497
443 497
444 497
445 497
446 497
447 497
448 497
449 497
450 497
451 497
452 497
453 497
454 497
455 497
456 497
457 497
458 497
459 497
460 497
461 497
462 497
463 497
464 497
465 497
466 497
467 497
468 497
469 497
470 497
471 497
472 497
473 497
474 497
475 497
476 497
477 497
478 497
479 497
480 497
481 497
482 497
483 497
484 497
485 497
486 497
487 497
488 497
489 497
490 497
491 497
492 497
493 497
494 497
495 497
496 497
396 498
396 499
498 499
396 500
498 500
499 500
396 501
498 501
499 501
500 501
396 502
498 502
499 502
500 502
501 502
396 503
498 503
499 503
500 503
501 503
502 503
396 504
498 504
499 504
500 504
501 504
502 504
503 504
396 505
498 505
499 505
500 505
501 505
502 505
503 505
504 505
396 506
498 506
499 506
500 506
501 506
502 506
503 506
504 506
505 506
396 507
498 507
499 507
500 507
501 507
502 507
503 507
504 507
505 507
506 507
396 508
498 508
499 508
500 508
501 508
502 508
503 508
504 508
505 508
506 508
507 508
396 509
498 509
499 509
500 509
501 509
502 509
503 509
504 509
505 509
506 509
507 509
508 509
396 510
498 510
499 510
500 510
501 510
502 510
503 510
504 510
505 510
506 510
507 510
508 510
509 510
396 511
498 511
499 511
500 511
501 511
502 511
503 511
504 511
505 511
506 511
507 511
508 511
509 511
510 511
396 512
498 512
499 512
500 512
501 512
502 512
503 512
504 512
505 512
506 512
507 512
508 512
509 512
510 512
511 512
396 513
498 513
499 513
500 513
501 513
502 513
503 513
504 513
505 513
506 513
507 513
508 513
509 513
510 513
511 513
512 513
396 514
498 514
499 514
500 514
501 514
502 514
503 514
504 514
505 514
506 514
507 514
508 514
509 514
510 514
511 514
512 514
513 514
396 515
498 515
499 515
500 515
501 515
502 515
503 515
504 515
505 515
506 515
507 515
508 515
509 515
510 515
511 515
512 515
513 515
514 515
396 516
498 516
499 516
500 516
501 516
502 516
503 516
504 516
505 516
506 516
507 516
508 516
509 516
510 516
511 516
512 516
513 516
514 516
515 516
396 517
498 517
499 517
500 517
501 517
502 517
503 517
504 517
505 517
506 517
507 517
508 517
509 517
510 517
511 517
512 517
513 517
514 517
515 517
516 517
396 518
498 518
499 518
500 518
501 518
502 518
503 518
504 518
505 518
506 518
507 518
508 518
509 518
510 518
511 518
512 518
513 518
514 518
515 518
516 518
517 518
396 519
498 519
499 519
500 519
501 519
502 519
503 519
504 519
505 519
506 519
507 519
508 519
509 519
510 519
511 519
512 519
513 519
514 519
515 519
516 519
517 519
518 519
396 520
498 520
499 520
500 520
501 520
502 520
503 520
504 520
505 520
506 520
507 520
508 520
509 520
510 520
511 520
512 520
513 520
514 520
515 520
516 520
517 520
518 520
519 520
396 521
498 521
499 521
500 521
501 521
502 521
503 521
504 521
505 521
506 521
507 521
508 521
509 521
510 521
511 521
512 521
513 521
514 521
515 521
516 521
517 521
518 521
519 521
520 521
396 522
498 522
499 522
500 522
501 522
502 522
503 522
504 522
505 522
506 522
507 522
508 522
509 522
510 522
511 522
512 522
513 522
514 522
515 522
516 522
517 522
518 522
519 522
520 522
521 522
396 523
498 523
499 523
500 523
501 523
502 523
503 523
504 523
505 523
506 523
507 523
508 523
509 523
510 523
511 523
512 523
513 523
514 523
515 523
516 523
517 523
518 523
519 523
520 523
521 523
522 523
396 524
498 524
499 524
500 524
501 524
502 524
503 524
504 524
505 524
506 524
507 524
508 524
509 524
510 524
511 524
512 524
513 524
514 524
515 524
516 524
517 524
518 524
519 524
520 524
521 524
522 524
523 524
396 525
498 525
499 525
500 525
501 525
502 525
503 525
504 525
505 525
506 525
507 525
508 525
509 525
510 525
511 525
512 525
513 525
514 525
515 525
516 525
517 525
518 525
519 525
520 525
521 525
522 525
523 525
524 525
396 526
498 526
499 526
500 526
501 526
502 526
503 526
504 526
505 526
506 526
507 526
508 526
509 526
510 526
511 526
512 526
513 526
514 526
515 526
516 526
517 526
518 526
519 526
520 526
521 526
522 526
523 526
524 526
525 526
396 527
498 527
499 527
500 527
501 527
502 527
503 527
504 527
505 527
506 527
507 527
508 527
509 527
510 527
511 527
512 527
513 527
514 527
515 527
516 527
517 527
518 527
519 527
520 527
521 527
522 527
523 527
524 527
525 527
526 527
396 528
498 528
499 528
500 528
501 528
502 528
503 528
504 528
505 528
506 528
507 528
508 528
509 528
510 528
511 528
512 528
513 528
514 528
515 528
516 528
517 528
518 528
519 528
520 528
521 528
522 528
523 528
524 528
525 528
526 528
527 528
396 529
498 529
499 529
500 529
501 529
502 529
503 529
504 529
505 529
506 529
507 529
508 529
509 529
510 529
511 529
512 529
513 529
514 529
515 529
516 529
517 529
518 529
519 529
520 529
521 529
522 529
523 529
524 529
525 529
526 529
527 529
528 529
396 530
498 530
499 530
500 530
501 530
502 530
503 530
504 530
505 530
506 530
507 530
508 530
509 530
510 530
511 530
512 530
513 530
514 530
515 530
516 530
517 530
518 530
519 530
520 530
521 530
522 530
523 530
524 530
525 530
526 530
527 530
528 530
529 530
396 531
498 531
499 531
500 531
501 531
502 531
503 531
504 531
505 531
506 531
507 531
508 531
509 531
510 531
511 531
512 531
513 531
514 531
515 531
516 531
517 531
518 531
519 531
520 531
521 531
522 531
523 531
524 531
525 531
526 531
527 531
528 531
529 531
530 531
396 532
498 532
499 532
500 532
501 532
502 532
503 532
504 532
505 532
506 532
507 532
508 532
509 532
510 532
511 532
512 532
513 532
514 532
515 532
516 532
517 532
518 532
519 532
520 532
521 532
522 532
523 532
524 532
525 532
526 532
527 532
528 532
529 532
530 532
531 532
396 533
498 533
499 533
500 533
501 533
502 533
503 533
504 533
505 533
506 533
507 533
508 533
509 533
510 533
511 533
512 533
513 533
514 533
515 533
516 533
517 533
518 533
519 533
520 533
521 533
522 533
523 533
524 533
525 533
526 533
527 533
528 533
529 533
530 533
531 533
532 533
396 534
498 534
499 534
500 534
501 534
502 534
503 534
504 534
505 534
506 534
507 534
508 534
509 534
510 534
511 534
512 534
513 534
514 534
515 534
516 534
517 534
518 534
519 534
520 534
521 534
522 534
523 534
524 534
525 534
526 534
527 534
528 534
529 534
530 534
531 534
532 534
533 534
396 535
498 535
499 535
500 535
501 535
502 535
503 535
504 535
505 535
506 535
507 535
508 535
509 535
510 535
511 535
512 535
513 535
514 535
515 535
516 535
517 535
518 535
519 535
520 535
521 535
522 535
523 535
524 535
525 535
526 535
527 535
528 535
529 535
530 535
531 535
532 535
533 535
534 535
396 536
498 536
499 536
500 536
501 536
502 536
503 536
504 536
505 536
506 536
507 536
508 536
509 536
510 536
511 536
512 536
513 536
514 536
515 536
516 536
517 536
518 536
519 536
520 536
521 536
522 536
523 536
524 536
525 536
526 536
527 536
528 536
529 536
530 536
531 536
532 536
533 536
534 536
535 536
396 537
498 537
499 537
500 537
501 537
502 537
503 537
504 537
505 537
506 537
507 537
508 537
509 537
510 537
511 537
512 537
513 537
514 537
515 537
516 537
517 537
518 537
519 537
520 537
521 537
522 537
523 537
524 537
525 537
526 537
527 537
528 537
529 537
530 537
531 537
532 537
533 537
534 537
535 537
536 537
396 538
498 538
499 538
500 538
501 538
502 538
503 538
504 538
505 538
506 538
507 538
508 538
509 538
510 538
511 538
512 538
513 538
514 538
515 538
516 538
517 538
518 538
519 538
520 538
521 538
522 538
523 538
524 538
525 538
526 538
527 538
528 538
529 538
530 538
531 538
532 538
533 538
534 538
535 538
536 538
537 538
396 539
498 539
499 539
500 539
501 539
502 539
503 539
504 539
505 539
506 539
507 539
508 539
509 539
510 539
511 539
512 539
513 539
514 539
515 539
516 539
517 539
518 539
519 539
520 539
521 539
522 539
523 539
524 539
525 539
526 539
527 539
528 539
529 539
530 539
531 539
532 539
533 539
534 539
535 539
536 539
537 539
538 539
396 540
498 540
499 540
500 540
501 540
502 540
503 540
504 540
505 540
506 540
507 540
508 540
509 540
510 540
511 540
512 540
513 540
514 540
515 540
516 540
517 540
518 540
519 540
520 540
521 540
522 540
523 540
524 540
525 540
526 540
527 540
528 540
529 540
530 540
531 540
532 540
533 540
534 540
535 540
536 540
537 540
538 540
539 540
396 541
498 541
499 541
500 541
501 541
502 541
503 541
504 541
505 541
506 541
507 541
508 541
509 541
510 541
511 541
512 541
513 541
514 541
515 541
516 541
517 541
518 541
519 541
520 541
521 541
522 541
523 541
524 541
525 541
526 541
527 541
528 541
529 541
530 541
531 541
532 541
533 541
534 541
535 541
536 541
537 541
538 541
539 541
540 541
396 542
498 542
499 542
500 542
501 542
502 542
503 542
504 542
505 542
506 542
507 542
508 542
509 542
510 542
511 542
512 542
513 542
514 542
515 542
516 542
517 542
518 542
519 542
520 542
521 542
522 542
523 542
524 542
525 542
526 542
527 542
528 542
529 542
530 542
531 542
532 542
533 542
534 542
535 542
536 542
537 542
538 542
539 542
540 542
541 542
396 543
498 543
499 543
500 543
501 543
502 543
503 543
504 543
505 543
506 543
507 543
508 543
509 543
510 543
511 543
512 543
513 543
514 543
515 543
516 543
517 543
518 543
519 543
520 543
521 543
522 543
523 543
524 543
525 543
526 543
527 543
528 543
529 543
530 543
531 543
532 543
533 543
534 543
535 543
536 543
537 543
538 543
539 543
540 543
541 543
542 543
396 544
498 544
499 544
500 544
501 544
502 544
503 544
504 544
505 544
506 544
507 544
508 544
509 544
510 544
511 544
512 544
513 544
514 544
515 544
516 544
517 544
518 544
519 544
520 544
521 544
522 544
523 544
524 544
525 544
526 544
527 544
528 544
529 544
530 544
531 544
532 544
533 544
534 544
535 544
536 544
537 544
538 544
539 544
540 544
541 544
542 544
543 544
396 545
498 545
499 545
500 545
501 545
502 545
503 545
504 545
505 545
506 545
507 545
508 545
509 545
510 545
511 545
512 545
513 545
514 545
515 545
516 545
517 545
518 545
519 545
520 545
521 545
522 545
523 545
524 545
525 545
526 545
527 545
528 545
529 545
530 545
531 545
532 545
533 545
534 545
535 545
536 545
537 545
538 545
539 545
540 545
541 545
542 545
543 545
544 545
396 546
498 546
499 546
500 546
501 546
502 546
503 546
504 546
505 546
506 546
507 546
508 546
509 546
510 546
511 546
512 546
513 546
514 546
515 546
516 546
517 546
518 546
519 546
520 546
521 546
522 546
523 546
524 546
525 546
526 546
527 546
528 546
529 546
530 546
531 546
532 546
533 546
534 546
535 546
536 546
537 546
538 546
539 546
540 546
541 546
542 546
543 546
544 546
545 546
396 547
498 547
499 547
500 547
501 547
502 547
503 547
504 547
505 547
506 547
507 547
508 547
509 547
510 547
511 547
512 547
513 547
514 547
515 547
516 547
517 547
518 547
519 547
520 547
521 547
522 547
523 547
524 547
525 547
526 547
527 547
528 547
529 547
530 547
531 547
532 547
533 547
534 547
535 547
536 547
537 547
538 547
539 547
540 547
541 547
542 547
543 547
544 547
545 547
546 547
396 548
498 548
499 548
500 548
501 548
502 548
503 548
504 548
505 548
506 548
507 548
508 548
509 548
510 548
511 548
512 548
513 548
514 548
515 548
516 548
517 548
518 548
519 548
520 548
521 548
522 548
523 548
524 548
525 548
526 548
527 548
528 548
529 548
530 548
531 548
532 548
533 548
534 548
535 548
536 548
537 548
538 548
539 548
540 548
541 548
542 548
543 548
544 548
545 548
546 548
547 548
396 549
498 549
499 549
500 549
501 549
502 549
503 549
504 549
505 549
506 549
507 549
508 549
509 549
510 549
511 549
512 549
513 549
514 549
515 549
516 549
517 549
518 549
519 549
520 549
521 549
522 549
523 549
524 549
525 549
526 549
527 549
528 549
529 549
530 549
531 549
532 549
533 549
534 549
535 549
536 549
537 549
538 549
539 549
540 549
541 549
542 549
543 549
544 549
545 549
546 549
547 549
548 549
396 550
498 550
499 550
500 550
501 550
502 550
503 550
504 550
505 550
506 550
507 550
508 550
509 550
510 550
511 550
512 550
513 550
514 550
515 550
516 550
517 550
518 550
519 550
520 550
521 550
522 550
523 550
524 550
525 550
526 550
527 550
528 550
529 550
530 550
531 550
532 550
533 550
534 550
535 550
536 550
537 550
538 550
539 550
540 550
541 550
542 550
543 550
544 550
545 550
546 550
547 550
548 550
549 550
396 551
498 551
499 551
500 551
501 551
502 551
503 551
504 551
505 551
506 551
507 551
508 551
509 551
510 551
511 551
512 551
513 551
514 551
515 551
516 551
517 551
518 551
519 551
520 551
521 551
522 551
523 551
524 551
525 551
526 551
527 551
528 551
529 551
530 551
531 551
532 551
533 551
534 551
535 551
536 551
537 551
538 551
539 551
540 551
541 551
542 551
543 551
544 551
545 551
546 551
547 551
548 551
549 551
550 551
396 552
498 552
499 552
500 552
501 552
502 552
503 552
504 552
505 552
506 552
507 552
508 552
509 552
510 552
511 552
512 552
513 552
514 552
515 552
516 552
517 552
518 552
519 552
520 552
521 552
522 552
523 552
524 552
525 552
526 552
527 552
528 552
529 552
530 552
531 552
532 552
533 552
534 552
535 552
536 552
537 552
538 552
539 552
540 552
541 552
542 552
543 552
544 552
545 552
546 552
547 552
548 552
549 552
550 552
551 552
396 553
498 553
499 553
500 553
501 553
502 553
503 553
504 553
505 553
506 553
507 553
508 553
509 553
510 553
511 553
512 553
513 553
514 553
515 553
516 553
517 553
518 553
519 553
520 553
521 553
522 553
523 553
524 553
525 553
526 553
527 553
528 553
529 553
530 553
531 553
532 553
533 553
534 553
535 553
536 553
537 553
538 553
539 553
540 553
541 553
542 553
543 553
544 553
545 553
546 553
547 553
548 553
549 553
550 553
551 553
552 553
396 554
498 554
499 554
500 554
501 554
502 554
503 554
504 554
505 554
506 554
507 554
508 554
509 554
510 554
511 554
512 554
513 554
514 554
515 554
516 554
517 554
518 554
519 554
520 554
521 554
522 554
523 554
524 554
525 554
526 554
527 554
528 554
529 554
530 554
531 554
532 554
533 554
534 554
535 554
536 554
537 554
538 554
539 554
540 554
541 554
542 554
543 554
544 554
545 554
546 554
547 554
548 554
549 554
550 554
551 554
552 554
553 554
396 555
498 555
499 555
500 555
501 555
502 555
503 555
504 555
505 555
506 555
507 555
508 555
509 555
510 555
511 555
512 555
513 555
514 555
515 555
516 555
517 555
518 555
519 555
520 555
521 555
522 555
523 555
524 555
525 555
526 555
527 555
528 555
529 555
530 555
531 555
532 555
533 555
534 555
535 555
536 555
537 555
538 555
539 555
540 555
541 555
542 555
543 555
544 555
545 555
546 555
547 555
548 555
549 555
550 555
551 555
552 555
553 555
554 555
396 556
498 556
499 556
500 556
501 556
502 556
503 556
504 556
505 556
506 556
507 556
508 556
509 556
510 556
511 556
512 556
513 556
514 556
515 556
516 556
517 556
518 556
519 556
520 556
521 556
522 556
523 556
524 556
525 556
526 556
527 556
528 556
529 556
530 556
531 556
532 556
533 556
534 556
535 556
536 556
537 556
538 556
539 556
540 556
541 556
542 556
543 556
544 556
545 556
546 556
547 556
548 556
549 556
550 556
551 556
552 556
553 556
554 556
555 556
396 557
498 557
499 557
500 557
501 557
502 557
503 557
504 557
505 557
506 557
507 557
508 557
509 557
510 557
511 557
512 557
513 557
514 557
515 557
516 557
517 557
518 557
519 557
520 557
521 557
522 557
523 557
524 557
525 557
526 557
527 557
528 557
529 557
530 557
531 557
532 557
533 557
534 557
535 557
536 557
537 557
538 557
539 557
540 557
541 557
542 557
543 557
544 557
545 557
546 557
547 557
548 557
549 557
550 557
551 557
552 557
553 557
554 557
555 557
556 557
396 558
498 558
499 558
500 558
501 558
502 558
503 558
504 558
505 558
506 558
507 558
508 558
509 558
510 558
511 558
512 558
513 558
514 558
515 558
516 558
517 558
518 558
519 558
520 558
521 558
522 558
523 558
524 558
525 558
526 558
527 558
528 558
529 558
530 558
531 558
532 558
533 558
534 558
535 558
536 558
537 558
538 558
539 558
540 558
541 558
542 558
543 558
544 558
545 558
546 558
547 558
548 558
549 558
550 558
551 558
552 558
553 558
554 558
555 558
556 558
557 558
396 559
498 559
499 559
500 559
501 559
502 559
503 559
504 559
505 559
506 559
507 559
508 559
509 559
510 559
511 559
512 559
513 559
514 559
515 559
516 559
517 559
518 559
519 559
520 559
521 559
522 559
523 559
524 559
525 559
526 559
527 559
528 559
529 559
530 559
531 559
532 559
533 559
534 559
535 559
536 559
537 559
538 559
539 559
540 559
541 559
542 559
543 559
544 559
545 559
546 559
547 559
548 559
549 559
550 559
551 559
552 559
553 559
554 559
555 559
556 559
557 559
558 559
396 560
498 560
499 560
500 560
501 560
502 560
503 560
504 560
505 560
506 560
507 560
508 560
509 560
510 560
511 560
512 560
513 560
514 560
515 560
516 560
517 560
518 560
519 560
520 560
521 560
522 560
523 560
524 560
525 560
526 560
527 560
528 560
529 560
530 560
531 560
532 560
533 560
534 560
535 560
536 560
537 560
538 560
539 560
540 560
541 560
542 560
543 560
544 560
545 560
546 560
547 560
548 560
549 560
550 560
551 560
552 560
553 560
554 560
555 560
556 560
557 560
558 560
559 560
396 561
498 561
499 561
500 561
501 561
502 561
503 561
504 561
505 561
506 561
507 561
508 561
509 561
510 561
511 561
512 561
513 561
514 561
515 561
516 561
517 561
518 561
519 561
520 561
521 561
522 561
523 561
524 561
525 561
526 561
527 561
528 561
529 561
530 561
531 561
532 561
533 561
534 561
535 561
536 561
537 561
538 561
539 561
540 561
541 561
542 561
543 561
544 561
545 561
546 561
547 561
548 561
549 561
550 561
551 561
552 561
553 561
554 561
555 561
556 561
557 561
558 561
559 561
560 561
396 562
498 562
499 562
500 562
501 562
502 562
503 562
504 562
505 562
506 562
507 562
508 562
509 562
510 562
511 562
512 562
513 562
514 562
515 562
516 562
517 562
518 562
519 562
520 562
521 562
522 562
523 562
524 562
525 562
526 562
527 562
528 562
529 562
530 562
531 562
532 562
533 562
534 562
535 562
536 562
537 562
538 562
539 562
540 562
541 562
542 562
543 562
544 562
545 562
546 562
547 562
548 562
549 562
550 562
551 562
552 562
553 562
554 562
555 562
556 562
557 562
558 562
559 562
560 562
561 562
396 563
498 563
499 563
500 563
501 563
502 563
503 563
504 563
505 563
506 563
507 563
508 563
509 563
510 563
511 563
512 563
513 563
514 563
515 563
516 563
517 563
518 563
519 563
520 563
521 563
522 563
523 563
524 563
525 563
526 563
527 563
528 563
529 563
530 563
531 563
532 563
533 563
534 563
535 563
536 563
537 563
538 563
539 563
540 563
541 563
542 563
543 563
544 563
545 563
546 563
547 563
548 563
549 563
550 563
551 563
552 563
553 563
554 563
555 563
556 563
557 563
558 563
559 563
560 563
561 563
562 563
396 564
498 564
499 564
500 564
501 564
502 564
503 564
504 564
505 564
506 564
507 564
508 564
509 564
510 564
511 564
512 564
513 564
514 564
515 564
516 564
517 564
518 564
519 564
520 564
521 564
522 564
523 564
524 564
525 564
526 564
527 564
528 564
529 564
530 564
531 564
532 564
533 564
534 564
535 564
536 564
537 564
538 564
539 564
540 564
541 564
542 564
543 564
544 564
545 564
546 564
547 564
548 564
549 564
550 564
551 564
552 564
553 564
554 564
555 564
556 564
557 564
558 564
559 564
560 564
561 564
562 564
563 564
396 565
498 565
499 565
500 565
501 565
502 565
503 565
504 565
505 565
506 565
507 565
508 565
509 565
510 565
511 565
512 565
513 565
514 565
515 565
516 565
517 565
518 565
519 565
520 565
521 565
522 565
523 565
524 565
525 565
526 565
527 565
528 565
529 565
530 565
531 565
532 565
533 565
534 565
535 565
536 565
537 565
538 565
539 565
540 565
541 565
542 565
543 565
544 565
545 565
546 565
547 565
548 565
549 565
550 565
551 565
552 565
553 565
554 565
555 565
556 565
557 565
558 565
559 565
560 565
561 565
562 565
563 565
564 565
396 566
498 566
499 566
500 566
501 566
502 566
503 566
504 566
505 566
506 566
507 566
508 566
509 566
510 566
511 566
512 566
513 566
514 566
515 566
516 566
517 566
518 566
519 566
520 566
521 566
522 566
523 566
524 566
525 566
526 566
527 566
528 566
529 566
530 566
531 566
532 566
533 566
534 566
535 566
536 566
537 566
538 566
539 566
540 566
541 566
542 566
543 566
544 566
545 566
546 566
547 566
548 566
549 566
550 566
551 566
552 566
553 566
554 566
555 566
556 566
557 566
558 566
559 566
560 566
561 566
562 566
563 566
564 566
565 566
396 567
498 567
499 567
500 567
501 567
502 567
503 567
504 567
505 567
506 567
507 567
508 567
509 567
510 567
511 567
512 567
513 567
514 567
515 567
516 567
517 567
518 567
519 567
520 567
521 567
522 567
523 567
524 567
525 567
526 567
527 567
528 567
529 567
530 567
531 567
532 567
533 567
534 567
535 567
536 567
537 567
538 567
539 567
540 567
541 567
542 567
543 567
544 567
545 567
546 567
547 567
548 567
549 567
550 567
551 567
552 567
553 567
554 567
555 567
556 567
557 567
558 567
559 567
560 567
561 567
562 567
563 567
564 567
565 567
566 567
396 568
498 568
499 568
500 568
501 568
502 568
503 568
504 568
505 568
506 568
507 568
508 568
509 568
510 568
511 568
512 568
513 568
514 568
515 568
516 568
517 568
518 568
519 568
520 568
521 568
522 568
523 568
524 568
525 568
526 568
527 568
528 568
529 568
530 568
531 568
532 568
533 568
534 568
535 568
536 568
537 568
538 568
539 568
540 568
541 568
542 568
543 568
544 568
545 568
546 568
547 568
548 568
549 568
550 568
551 568
552 568
553 568
554 568
555 568
556 568
557 568
558 568
559 568
560 568
561 568
562 568
563 568
564 568
565 568
566 568
567 568
396 569
498 569
499 569
500 569
501 569
502 569
503 569
504 569
505 569
506 569
507 569
508 569
509 569
510 569
511 569
512 569
513 569
514 569
515 569
516 569
517 569
518 569
519 569
520 569
521 569
522 569
523 569
524 569
525 569
526 569
527 569
528 569
529 569
530 569
531 569
532 569
533 569
534 569
535 569
536 569
537 569
538 569
539 569
540 569
541 569
542 569
543 569
544 569
545 569
546 569
547 569
548 569
549 569
550 569
551 569
552 569
553 569
554 569
555 569
556 569
557 569
558 569
559 569
560 569
561 569
562 569
563 569
564 569
565 569
566 569
567 569
568 569
396 570
498 570
499 570
500 570
501 570
502 570
503 570
504 570
505 570
506 570
507 570
508 570
509 570
510 570
511 570
512 570
513 570
514 570
515 570
516 570
517 570
518 570
519 570
520 570
521 570
522 570
523 570
524 570
525 570
526 570
527 570
528 570
529 570
530 570
531 570
532 570
533 570
534 570
535 570
536 570
537 570
538 570
539 570
540 570
541 570
542 570
543 570
544 570
545 570
546 570
547 570
548 570
549 570
550 570
551 570
552 570
553 570
554 570
555 570
556 570
557 570
558 570
559 570
560 570
561 570
562 570
563 570
564 570
565 570
566 570
567 570
568 570
569 570
396 571
498 571
499 571
500 571
501 571
502 571
503 571
504 571
505 571
506 571
507 571
508 571
509 571
510 571
511 571
512 571
513 571
514 571
515 571
516 571
517 571
518 571
519 571
520 571
521 571
522 571
523 571
524 571
525 571
526 571
527 571
528 571
529 571
530 571
531 571
532 571
533 571
534 571
535 571
536 571
537 571
538 571
539 571
540 571
541 571
542 571
543 571
544 571
545 571
546 571
547 571
548 571
549 571
550 571
551 571
552 571
553 571
554 571
555 571
556 571
557 571
558 571
559 571
560 571
561 571
562 571
563 571
564 571
565 571
566 571
567 571
568 571
569 571
570 571
396 572
498 572
499 572
500 572
501 572
502 572
503 572
504 572
505 572
506 572
507 572
508 572
509 572
510 572
511 572
512 572
513 572
514 572
515 572
516 572
517 572
518 572
519 572
520 572
521 572
522 572
523 572
524 572
525 572
526 572
527 572
528 572
529 572
530 572
531 572
532 572
533 572
534 572
535 572
536 572
537 572
538 572
539 572
540 572
541 572
542 572
543 572
544 572
545 572
546 572
547 572
548 572
549 572
550 572
551 572
552 572
553 572
554 572
555 572
556 572
557 572
558 572
559 572
560 572
561 572
562 572
563 572
564 572
565 572
566 572
567 572
568 572
569 572
570 572
571 572
396 573
498 573
499 573
500 573
501 573
502 573
503 573
504 573
505 573
506 573
507 573
508 573
509 573
510 573
511 573
512 573
513 573
514 573
515 573
516 573
517 573
518 573
519 573
520 573
521 573
522 573
523 573
524 573
525 573
526 573
527 573
528 573
529 573
530 573
531 573
532 573
533 573
534 573
535 573
536 573
537 573
538 573
539 573
540 573
541 573
542 573
543 573
544 573
545 573
546 573
547 573
548 573
549 573
550 573
551 573
552 573
553 573
554 573
555 573
556 573
557 573
558 573
559 573
560 573
561 573
562 573
563 573
564 573
565 573
566 573
567 573
568 573
569 573
570 573
571 573
572 573
396 574
498 574
499 574
500 574
501 574
502 574
503 574
504 574
505 574
506 574
507 574
508 574
509 574
510 574
511 574
512 574
513 574
514 574
515 574
516 574
517 574
518 574
519 574
520 574
521 574
522 574
523 574
524 574
525 574
526 574
527 574
528 574
529 574
530 574
531 574
532 574
533 574
534 574
535 574
536 574
537 574
538 574
539 574
540 574
541 574
542 574
543 574
544 574
545 574
546 574
547 574
548 574
549 574
550 574
551 574
552 574
553 574
554 574
555 574
556 574
557 574
558 574
559 574
560 574
561 574
562 574
563 574
564 574
565 574
566 574
567 574
568 574
569 574
570 574
571 574
572 574
573 574
396 575
498 575
499 575
500 575
501 575
502 575
503 575
504 575
505 575
506 575
507 575
508 575
509 575
510 575
511 575
512 575
513 575
514 575
515 575
516 575
517 575
518 575
519 575
520 575
521 575
522 575
523 575
524 575
525 575
526 575
527 575
528 575
529 575
530 575
531 575
532 575
533 575
534 575
535 575
536 575
537 575
538 575
539 575
540 575
541 575
542 575
543 575
544 575
545 575
546 575
547 575
548 575
549 575
550 575
551 575
552 575
553 575
554 575
555 575
556 575
557 575
558 575
559 575
560 575
561 575
562 575
563 575
564 575
565 575
566 575
567 575
568 575
569 575
570 575
571 575
572 575
573 575
574 575
396 576
498 576
499 576
500 576
501 576
502 576
503 576
504 576
505 576
506 576
507 576
508 576
509 576
510 576
511 576
512 576
513 576
514 576
515 576
516 576
517 576
518 576
519 576
520 576
521 576
522 576
523 576
524 576
525 576
526 576
527 576
528 576
529 576
530 576
531 576
532 576
533 576
534 576
535 576
536 576
537 576
538 576
539 576
540 576
541 576
542 576
543 576
544 576
545 576
546 576
547 576
548 576
549 576
550 576
551 576
552 576
553 576
554 576
555 576
556 576
557 576
558 576
559 576
560 576
561 576
562 576
563 576
564 576
565 576
566 576
567 576
568 576
569 576
570 576
571 576
572 576
573 576
574 576
575 576
396 577
498 577
499 577
500 577
501 577
502 577
503 577
504 577
505 577
506 577
507 577
508 577
509 577
510 577
511 577
512 577
513 577
514 577
515 577
516 577
517 577
518 577
519 577
520 577
521 577
522 577
523 577
524 577
525 577
526 577
527 577
528 577
529 577
530 577
531 577
532 577
533 577
534 577
535 577
536 577
537 577
538 577
539 577
540 577
541 577
542 577
543 577
544 577
545 577
546 577
547 577
548 577
549 577
550 577
551 577
552 577
553 577
554 577
555 577
556 577
557 577
558 577
559 577
560 577
561 577
562 577
563 577
564 577
565 577
566 577
567 577
568 577
569 577
570 577
571 577
572 577
573 577
574 577
575 577
576 577
396 578
498 578
499 578
500 578
501 578
502 578
503 578
504 578
505 578
506 578
507 578
508 578
509 578
510 578
511 578
512 578
513 578
514 578
515 578
516 578
517 578
518 578
519 578
520 578
521 578
522 578
523 578
524 578
525 578
526 578
527 578
528 578
529 578
530 578
531 578
532 578
533 578
534 578
535 578
536 578
537 578
538 578
539 578
540 578
541 578
542 578
543 578
544 578
545 578
546 578
547 578
548 578
549 578
550 578
551 578
552 578
553 578
554 578
555 578
556 578
557 578
558 578
559 578
560 578
561 578
562 578
563 578
564 578
565 578
566 578
567 578
568 578
569 578
570 578
571 578
572 578
573 578
574 578
575 578
576 578
577 578
396 579
498 579
499 579
500 579
501 579
502 579
503 579
504 579
505 579
506 579
507 579
508 579
509 579
510 579
511 579
512 579
513 579
514 579
515 579
516 579
517 579
518 579
519 579
520 579
521 579
522 579
523 579
524 579
525 579
526 579
527 579
528 579
529 579
530 579
531 579
532 579
533 579
534 579
535 579
536 579
537 579
538 579
539 579
540 579
541 579
542 579
543 579
544 579
545 579
546 579
547 579
548 579
549 579
550 579
551 579
552 579
553 579
554 579
555 579
556 579
557 579
558 579
559 579
560 579
561 579
562 579
563 579
564 579
565 579
566 579
567 579
568 579
569 579
570 579
571 579
572 579
573 579
574 579
575 579
576 579
577 579
578 579
396 580
498 580
499 580
500 580
501 580
502 580
503 580
504 580
505 580
506 580
507 580
508 580
509 580
510 580
511 580
512 580
513 580
514 580
515 580
516 580
517 580
518 580
519 580
520 580
521 580
522 580
523 580
524 580
525 580
526 580
527 580
528 580
529 580
530 580
531 580
532 580
533 580
534 580
535 580
536 580
537 580
538 580
539 580
540 580
541 580
542 580
543 580
544 580
545 580
546 580
547 580
548 580
549 580
550 580
551 580
552 580
553 580
554 580
555 580
556 580
557 580
558 580
559 580
560 580
561 580
562 580
563 580
564 580
565 580
566 580
567 580
568 580
569 580
570 580
571 580
572 580
573 580
574 580
575 580
576 580
577 580
578 580
579 580
396 581
498 581
499 581
500 581
501 581
502 581
503 581
504 581
505 581
506 581
507 581
508 581
509 581
510 581
511 581
512 581
513 581
514 581
515 581
516 581
517 581
518 581
519 581
520 581
521 581
522 581
523 581
524 581
525 581
526 581
527 581
528 581
529 581
530 581
531 581
532 581
533 581
534 581
535 581
536 581
537 581
538 581
539 581
540 581
541 581
542 581
543 581
544 581
545 581
546 581
547 581
548 581
549 581
550 581
551 581
552 581
553 581
554 581
555 581
556 581
557 581
558 581
559 581
560 581
561 581
562 581
563 581
564 581
565 581
566 581
567 581
568 581
569 581
570 581
571 581
572 581
573 581
574 581
575 581
576 581
577 581
578 581
579 581
580 581
396 582
498 582
499 582
500 582
501 582
502 582
503 582
504 582
505 582
506 582
507 582
508 582
509 582
510 582
511 582
512 582
513 582
514 582
515 582
516 582
517 582
518 582
519 582
520 582
521 582
522 582
523 582
524 582
525 582
526 582
527 582
528 582
529 582
530 582
531 582
532 582
533 582
534 582
535 582
536 582
537 582
538 582
539 582
540 582
541 582
542 582
543 582
544 582
545 582
546 582
547 582
548 582
549 582
550 582
551 582
552 582
553 582
554 582
555 582
556 582
557 582
558 582
559 582
560 582
561 582
562 582
563 582
564 582
565 582
566 582
567 582
568 582
569 582
570 582
571 582
572 582
573 582
574 582
575 582
576 582
577 582
578 582
579 582
580 582
581 582
200 583
200 584
583 584
148 585
148 586
585 586
148 587
585 587
586 587
148 588
585 588
586 588
587 588
148 589
585 589
586 589
587 589
588 589
148 590
585 590
586 590
587 590
588 590
589 590
148 591
585 591
586 591
587 591
588 591
589 591
590 591
148 592
585 592
586 592
587 592
588 592
589 592
590 592
591 592
148 593
585 593
586 593
587 593
588 593
589 593
590 593
591 593
592 593
148 594
585 594
586 594
587 594
588 594
589 594
590 594
591 594
592 594
593 594
148 595
585 595
586 595
587 595
588 595
589 595
590 595
591 595
592 595
593 595
594 595
148 596
585 596
586 596
587 596
588 596
589 596
590 596
591 596
592 596
593 596
594 596
595 596
148 597
585 597
586 597
587 597
588 597
589 597
590 597
591 597
592 597
593 597
594 597
595 597
596 597
148 598
585 598
586 598
587 598
588 598
589 598
590 598
591 598
592 598
593 598
594 598
595 598
596 598
597 598
148 599
585 599
586 599
587 599
588 599
589 599
590 599
591 599
592 599
593 599
594 599
595 599
596 599
597 599
598 599
148 600
585 600
586 600
587 600
588 600
589 600
590 600
591 600
592 600
593 600
594 600
595 600
596 600
597 600
598 600
599 600
148 601
585 601
586 601
587 601
588 601
589 601
590 601
591 601
592 601
593 601
594 601
595 601
596 601
597 601
598 601
599 601
600 601
148 602
585 602
586 602
587 602
588 602
589 602
590 602
591 602
592 602
593 602
594 602
595 602
596 602
597 602
598 602
599 602
600 602
601 602
148 603
585 603
586 603
587 603
588 603
589 603
590 603
591 603
592 603
593 603
594 603
595 603
596 603
597 603
598 603
599 603
600 603
601 603
602 603
148 604
585 604
586 604
587 604
588 604
589 604
590 604
591 604
592 604
593 604
594 604
595 604
596 604
597 604
598 604
599 604
600 604
601 604
602 604
603 604
148 605
585 605
586 605
587 605
588 605
589 605
590 605
591 605
592 605
593 605
594 605
595 605
596 605
597 605
598 605
599 605
600 605
601 605
602 605
603 605
604 605
148 606
585 606
586 606
587 606
588 606
589 606
590 606
591 606
592 606
593 606
594 606
595 606
596 606
597 606
598 606
599 606
600 606
601 606
602 606
603 606
604 606
605 606
148 607
585 607
586 607
587 607
588 607
589 607
590 607
591 607
592 607
593 607
594 607
595 607
596 607
597 607
598 607
599 607
600 607
601 607
602 607
603 607
604 607
605 607
606 607
148 608
585 608
586 608
587 608
588 608
589 608
590 608
591 608
592 608
593 608
594 608
595 608
596 608
597 608
598 608
599 608
600 608
601 608
602 608
603 608
604 608
605 608
606 608
607 608
148 609
585 609
586 609
587 609
588 609
589 609
590 609
591 609
592 609
593 609
594 609
595 609
596 609
597 609
598 609
599 609
600 609
601 609
602 609
603 609
604 609
605 609
606 609
607 609
608 609
148 610
585 610
586 610
587 610
588 610
589 610
590 610
591 610
592 610
593 610
594 610
595 610
596 610
597 610
598 610
599 610
600 610
601 610
602 610
603 610
604 610
605 610
606 610
607 610
608 610
609 610
148 611
585 611
586 611
587 611
588 611
589 611
590 611
591 611
592 611
593 611
594 611
595 611
596 611
597 611
598 611
599 611
600 611
601 611
602 611
603 611
604 611
605 611
606 611
607 611
608 611
609 611
610 611
148 612
585 612
586 612
587 612
588 612
589 612
590 612
591 612
592 612
593 612
594 612
595 612
596 612
597 612
598 612
599 612
600 612
601 612
602 612
603 612
604 612
605 612
606 612
607 612
608 612
609 612
610 612
611 612
148 613
585 613
586 613
587 613
588 613
589 613
590 613
591 613
592 613
593 613
594 613
595 613
596 613
597 613
598 613
599 613
600 613
601 613
602 613
603 613
604 613
605 613
606 613
607 613
608 613
609 613
610 613
611 613
612 613
148 614
585 614
586 614
587 614
588 614
589 614
590 614
591 614
592 614
593 614
594 614
595 614
596 614
597 614
598 614
599 614
600 614
601 614
602 614
603 614
604 614
605 614
606 614
607 614
608 614
609 614
610 614
611 614
612 614
613 614
148 615
585 615
586 615
587 615
588 615
589 615
590 615
591 615
592 615
593 615
594 615
595 615
596 615
597 615
598 615
599 615
600 615
601 615
602 615
603 615
604 615
605 615
606 615
607 615
608 615
609 615
610 615
611 615
612 615
613 615
614 615
148 616
585 616
586 616
587 616
588 616
589 616
590 616
591 616
592 616
593 616
594 616
595 616
596 616
597 616
598 616
599 616
600 616
601 616
602 616
603 616
604 616
605 616
606 616
607 616
608 616
609 616
610 616
611 616
612 616
613 616
614 616
615 616
148 617
585 617
586 617
587 617
588 617
589 617
590 617
591 617
592 617
593 617
594 617
595 617
596 617
597 617
598 617
599 617
600 617
601 617
602 617
603 617
604 617
605 617
606 617
607 617
608 617
609 617
610 617
611 617
612 617
613 617
614 617
615 617
616 617
148 618
585 618
586 618
587 618
588 618
589 618
590 618
591 618
592 618
593 618
594 618
595 618
596 618
597 618
598 618
599 618
600 618
601 618
602 618
603 618
604 618
605 618
606 618
607 618
608 618
609 618
610 618
611 618
612 618
613 618
614 618
615 618
616 618
617 618
148 619
585 619
586 619
587 619
588 619
589 619
590 619
591 619
592 619
593 619
594 619
595 619
596 619
597 619
598 619
599 619
600 619
601 619
602 619
603 619
604 619
605 619
606 619
607 619
608 619
609 619
610 619
611 619
612 619
613 619
614 619
615 619
616 619
617 619
618 619
148 620
585 620
586 620
587 620
588 620
589 620
590 620
591 620
592 620
593 620
594 620
595 620
596 620
597 620
598 620
599 620
600 620
601 620
602 620
603 620
604 620
605 620
606 620
607 620
608 620
609 620
610 620
611 620
612 620
613 620
614 620
615 620
616 620
617 620
618 620
619 620
148 621
585 621
586 621
587 621
588 621
589 621
590 621
591 621
592 621
593 621
594 621
595 621
596 621
597 621
598 621
599 621
600 621
601 621
602 621
603 621
604 621
605 621
606 621
607 621
608 621
609 621
610 621
611 621
612 621
613 621
614 621
615 621
616 621
617 621
618 621
619 621
620 621
148 622
585 622
586 622
587 622
588 622
589 622
590 622
591 622
592 622
593 622
594 622
595 622
596 622
597 622
598 622
599 622
600 622
601 622
602 622
603 622
604 622
605 622
606 622
607 622
608 622
609 622
610 622
611 622
612 622
613 622
614 622
615 622
616 622
617 622
618 622
619 622
620 622
621 622
148 623
585 623
586 623
587 623
588 623
589 623
590 623
591 623
592 623
593 623
594 623
595 623
596 623
597 623
598 623
599 623
600 623
601 623
602 623
603 623
604 623
605 623
606 623
607 623
608 623
609 623
610 623
611 623
612 623
613 623
614 623
615 623
616 623
617 623
618 623
619 623
620 623
621 623
622 623
148 624
585 624
586 624
587 624
588 624
589 624
590 624
591 624
592 624
593 624
594 624
595 624
596 624
597 624
598 624
599 624
600 624
601 624
602 624
603 624
604 624
605 624
606 624
607 624
608 624
609 624
610 624
611 624
612 624
613 624
614 624
615 624
616 624
617 624
618 624
619 624
620 624
621 624
622 624
623 624
148 625
585 625
586 625
587 625
588 625
589 625
590 625
591 625
592 625
593 625
594 625
595 625
596 625
597 625
598 625
599 625
600 625
601 625
602 625
603 625
604 625
605 625
606 625
607 625
608 625
609 625
610 625
611 625
612 625
613 625
614 625
615 625
616 625
617 625
618 625
619 625
620 625
621 625
622 625
623 625
624 625
148 626
585 626
586 626
587 626
588 626
589 626
590 626
591 626
592 626
593 626
594 626
595 626
596 626
597 626
598 626
599 626
600 626
601 626
602 626
603 626
604 626
605 626
606 626
607 626
608 626
609 626
610 626
611 626
612 626
613 626
614 626
615 626
616 626
617 626
618 626
619 626
620 626
621 626
622 626
623 626
624 626
625 626
148 627
585 627
586 627
587 627
588 627
589 627
590 627
591 627
592 627
593 627
594 627
595 627
596 627
597 627
598 627
599 627
600 627
601 627
602 627
603 627
604 627
605 627
606 627
607 627
608 627
609 627
610 627
611 627
612 627
613 627
614 627
615 627
616 627
617 627
618 627
619 627
620 627
621 627
622 627
623 627
624 627
625 627
626 627
148 628
585 628
586 628
587 628
588 628
589 628
590 628
591 628
592 628
593 628
594 628
595 628
596 628
597 628
598 628
599 628
600 628
601 628
602 628
603 628
604 628
605 628
606 628
607 628
608 628
609 628
610 628
611 628
612 628
613 628
614 628
615 628
616 628
617 628
618 628
619 628
620 628
621 628
622 628
623 628
624 628
625 628
626 628
627 628
148 629
585 629
586 629
587 629
588 629
589 629
590 629
591 629
592 629
593 629
594 629
595 629
596 629
597 629
598 629
599 629
600 629
601 629
602 629
603 629
604 629
605 629
606 629
607 629
608 629
609 629
610 629
611 629
612 629
613 629
614 629
615 629
616 629
617 629
618 629
619 629
620 629
621 629
622 629
623 629
624 629
625 629
626 629
627 629
628 629
148 630
585 630
586 630
587 630
588 630
589 630
590 630
591 630
592 630
593 630
594 630
595 630
596 630
597 630
598 630
599 630
600 630
601 630
602 630
603 630
604 630
605 630
606 630
607 630
608 630
609 630
610 630
611 630
612 630
613 630
614 630
615 630
616 630
617 630
618 630
619 630
620 630
621 630
622 630
623 630
624 630
625 630
626 630
627 630
628 630
629 630
148 631
585 631
586 631
587 631
588 631
589 631
590 631
591 631
592 631
593 631
594 631
595 631
596 631
597 631
598 631
599 631
600 631
601 631
602 631
603 631
604 631
605 631
606 631
607 631
608 631
609 631
610 631
611 631
612 631
613 631
614 631
615 631
616 631
617 631
618 631
619 631
620 631
621 631
622 631
623 631
624 631
625 631
626 631
627 631
628 631
629 631
630 631
148 632
585 632
586 632
587 632
588 632
589 632
590 632
591 632
592 632
593 632
594 632
595 632
596 632
597 632
598 632
599 632
600 632
601 632
602 632
603 632
604 632
605 632
606 632
607 632
608 632
609 632
610 632
611 632
612 632
613 632
614 632
615 632
616 632
617 632
618 632
619 632
620 632
621 632
622 632
623 632
624 632
625 632
626 632
627 632
628 632
629 632
630 632
631 632
148 633
585 633
586 633
587 633
588 633
589 633
590 633
591 633
592 633
593 633
594 633
595 633
596 633
597 633
598 633
599 633
600 633
601 633
602 633
603 633
604 633
605 633
606 633
607 633
608 633
609 633
610 633
611 633
612 633
613 633
614 633
615 633
616 633
617 633
618 633
619 633
620 633
621 633
622 633
623 633
624 633
625 633
626 633
627 633
628 633
629 633
630 633
631 633
632 633
148 634
585 634
586 634
587 634
588 634
589 634
590 634
591 634
592 634
593 634
594 634
595 634
596 634
597 634
598 634
599 634
600 634
601 634
602 634
603 634
604 634
605 634
606 634
607 634
608 634
609 634
610 634
611 634
612 634
613 634
614 634
615 634
616 634
617 634
618 634
619 634
620 634
621 634
622 634
623 634
624 634
625 634
626 634
627 634
628 634
629 634
630 634
631 634
632 634
633 634
148 635
585 635
586 635
587 635
588 635
589 635
590 635
591 635
592 635
593 635
594 635
595 635
596 635
597 635
598 635
599 635
600 635
601 635
602 635
603 635
604 635
605 635
606 635
607 635
608 635
609 635
610 635
611 635
612 635
613 635
614 635
615 635
616 635
617 635
618 635
619 635
620 635
621 635
622 635
623 635
624 635
625 635
626 635
627 635
628 635
629 635
630 635
631 635
632 635
633 635
634 635
148 636
585 636
586 636
587 636
588 636
589 636
590 636
591 636
592 636
593 636
594 636
595 636
596 636
597 636
598 636
599 636
600 636
601 636
602 636
603 636
604 636
605 636
606 636
607 636
608 636
609 636
610 636
611 636
612 636
613 636
614 636
615 636
616 636
617 636
618 636
619 636
620 636
621 636
622 636
623 636
624 636
625 636
626 636
627 636
628 636
629 636
630 636
631 636
632 636
633 636
634 636
635 636
148 637
585 637
586 637
587 637
588 637
589 637
590 637
591 637
592 637
593 637
594 637
595 637
596 637
597 637
598 637
599 637
600 637
601 637
602 637
603 637
604 637
605 637
606 637
607 637
608 637
609 637
610 637
611 637
612 637
613 637
614 637
615 637
616 637
617 637
618 637
619 637
620 637
621 637
622 637
623 637
624 637
625 637
626 637
627 637
628 637
629 637
630 637
631 637
632 637
633 637
634 637
635 637
636 637
148 638
585 638
586 638
587 638
588 638
589 638
590 638
591 638
592 638
593 638
594 638
595 638
596 638
597 638
598 638
599 638
600 638
601 638
602 638
603 638
604 638
605 638
606 638
607 638
608 638
609 638
610 638
611 638
612 638
613 638
614 638
615 638
616 638
617 638
618 638
619 638
620 638
621 638
622 638
623 638
624 638
625 638
626 638
627 638
628 638
629 638
630 638
631 638
632 638
633 638
634 638
635 638
636 638
637 638
148 639
585 639
586 639
587 639
588 639
589 639
590 639
591 639
592 639
593 639
594 639
595 639
596 639
597 639
598 639
599 639
600 639
601 639
602 639
603 639
604 639
605 639
606 639
607 639
608 639
609 639
610 639
611 639
612 639
613 639
614 639
615 639
616 639
617 639
618 639
619 639
620 639
621 639
622 639
623 639
624 639
625 639
626 639
627 639
628 639
629 639
630 639
631 639
632 639
633 639
634 639
635 639
636 639
637 639
638 639
148 640
585 640
586 640
587 640
588 640
589 640
590 640
591 640
592 640
593 640
594 640
595 640
596 640
597 640
598 640
599 640
600 640
601 640
602 640
603 640
604 640
605 640
606 640
607 640
608 640
609 640
610 640
611 640
612 640
613 640
614 640
615 640
616 640
617 640
618 640
619 640
620 640
621 640
622 640
623 640
624 640
625 640
626 640
627 640
628 640
629 640
630 640
631 640
632 640
633 640
634 640
635 640
636 640
637 640
638 640
639 640
148 641
585 641
586 641
587 641
588 641
589 641
590 641
591 641
592 641
593 641
594 641
595 641
596 641
597 641
598 641
599 641
600 641
601 641
602 641
603 641
604 641
605 641
606 641
607 641
608 641
609 641
610 641
611 641
612 641
613 641
614 641
615 641
616 641
617 641
618 641
619 641
620 641
621 641
622 641
623 641
624 641
625 641
626 641
627 641
628 641
629 641
630 641
631 641
632 641
633 641
634 641
635 641
636 641
637 641
638 641
639 641
640 641
148 642
585 642
586 642
587 642
588 642
589 642
590 642
591 642
592 642
593 642
594 642
595 642
596 642
597 642
598 642
599 642
600 642
601 642
602 642
603 642
604 642
605 642
606 642
607 642
608 642
609 642
610 642
611 642
612 642
613 642
614 642
615 642
616 642
617 642
618 642
619 642
620 642
621 642
622 642
623 642
624 642
625 642
626 642
627 642
628 642
629 642
630 642
631 642
632 642
633 642
634 642
635 642
636 642
637 642
638 642
639 642
640 642
641 642
148 643
585 643
586 643
587 643
588 643
589 643
590 643
591 643
592 643
593 643
594 643
595 643
596 643
597 643
598 643
599 643
600 643
601 643
602 643
603 643
604 643
605 643
606 643
607 643
608 643
609 643
610 643
611 643
612 643
613 643
614 643
615 643
616 643
617 643
618 643
619 643
620 643
621 643
622 643
623 643
624 643
625 643
626 643
627 643
628 643
629 643
630 643
631 643
632 643
633 643
634 643
635 643
636 643
637 643
638 643
639 643
640 643
641 643
642 643
148 644
585 644
586 644
587 644
588 644
589 644
590 644
591 644
592 644
593 644
594 644
595 644
596 644
597 644
598 644
599 644
600 644
601 644
602 644
603 644
604 644
605 644
606 644
607 644
608 644
609 644
610 644
611 644
612 644
613 644
614 644
615 644
616 644
617 644
618 644
619 644
620 644
621 644
622 644
623 644
624 644
625 644
626 644
627 644
628 644
629 644
630 644
631 644
632 644
633 644
634 644
635 644
636 644
637 644
638 644
639 644
640 644
641 644
642 644
643 644
148 645
585 645
586 645
587 645
588 645
589 645
590 645
591 645
592 645
593 645
594 645
595 645
596 645
597 645
598 645
599 645
600 645
601 645
602 645
603 645
604 645
605 645
606 645
607 645
608 645
609 645
610 645
611 645
612 645
613 645
614 645
615 645
616 645
617 645
618 645
619 645
620 645
621 645
622 645
623 645
624 645
625 645
626 645
627 645
628 645
629 645
630 645
631 645
632 645
633 645
634 645
635 645
636 645
637 645
638 645
639 645
640 645
641 645
642 645
643 645
644 645
148 646
585 646
586 646
587 646
588 646
589 646
590 646
591 646
592 646
593 646
594 646
595 646
596 646
597 646
598 646
599 646
600 646
601 646
602 646
603 646
604 646
605 646
606 646
607 646
608 646
609 646
610 646
611 646
612 646
613 646
614 646
615 646
616 646
617 646
618 646
619 646
620 646
621 646
622 646
623 646
624 646
625 646
626 646
627 646
628 646
629 646
630 646
631 646
632 646
633 646
634 646
635 646
636 646
637 646
638 646
639 646
640 646
641 646
642 646
643 646
644 646
645 646
148 647
585 647
586 647
587 647
588 647
589 647
590 647
591 647
592 647
593 647
594 647
595 647
596 647
597 647
598 647
599 647
600 647
601 647
602 647
603 647
604 647
605 647
606 647
607 647
608 647
609 647
610 647
611 647
612 647
613 647
614 647
615 647
616 647
617 647
618 647
619 647
620 647
621 647
622 647
623 647
624 647
625 647
626 647
627 647
628 647
629 647
630 647
631 647
632 647
633 647
634 647
635 647
636 647
637 647
638 647
639 647
640 647
641 647
642 647
643 647
644 647
645 647
646 647
148 648
585 648
586 648
587 648
588 648
589 648
590 648
591 648
592 648
593 648
594 648
595 648
596 648
597 648
598 648
599 648
600 648
601 648
602 648
603 648
604 648
605 648
606 648
607 648
608 648
609 648
610 648
611 648
612 648
613 648
614 648
615 648
616 648
617 648
618 648
619 648
620 648
621 648
622 648
623 648
624 648
625 648
626 648
627 648
628 648
629 648
630 648
631 648
632 648
633 648
634 648
635 648
636 648
637 648
638 648
639 648
640 648
641 648
642 648
643 648
644 648
645 648
646 648
647 648
148 649
585 649
586 649
587 649
588 649
589 649
590 649
591 649
592 649
593 649
594 649
595 649
596 649
597 649
598 649
599 649
600 649
601 649
602 649
603 649
604 649
605 649
606 649
607 649
608 649
609 649
610 649
611 649
612 649
613 649
614 649
615 649
616 649
617 649
618 649
619 649
620 649
621 649
622 649
623 649
624 649
625 649
626 649
627 649
628 649
629 649
630 649
631 649
632 649
633 649
634 649
635 649
636 649
637 649
638 649
639 649
640 649
641 649
642 649
643 649
644 649
645 649
646 649
647 649
648 649
148 650
585 650
586 650
587 650
588 650
589 650
590 650
591 650
592 650
593 650
594 650
595 650
596 650
597 650
598 650
599 650
600 650
601 650
602 650
603 650
604 650
605 650
606 650
607 650
608 650
609 650
610 650
611 650
612 650
613 650
614 650
615 650
616 650
617 650
618 650
619 650
620 650
621 650
622 650
623 650
624 650
625 650
626 650
627 650
628 650
629 650
630 650
631 650
632 650
633 650
634 650
635 650
636 650
637 650
638 650
639 650
640 650
641 650
642 650
643 650
644 650
645 650
646 650
647 650
648 650
649 650
148 651
585 651
586 651
587 651
588 651
589 651
590 651
591 651
592 651
593 651
594 651
595 651
596 651
597 651
598 651
599 651
600 651
601 651
602 651
603 651
604 651
605 651
606 651
607 651
608 651
609 651
610 651
611 651
612 651
613 651
614 651
615 651
616 651
617 651
618 651
619 651
620 651
621 651
622 651
623 651
624 651
625 651
626 651
627 651
628 651
629 651
630 651
631 651
632 651
633 651
634 651
635 651
636 651
637 651
638 651
639 651
640 651
641 651
642 651
643 651
644 651
645 651
646 651
647 651
648 651
649 651
650 651
148 652
585 652
586 652
587 652
588 652
589 652
590 652
591 652
592 652
593 652
594 652
595 652
596 652
597 652
598 652
599 652
600 652
601 652
602 652
603 652
604 652
605 652
606 652
607 652
608 652
609 652
610 652
611 652
612 652
613 652
614 652
615 652
616 652
617 652
618 652
619 652
620 652
621 652
622 652
623 652
624 652
625 652
626 652
627 652
628 652
629 652
630 652
631 652
632 652
633 652
634 652
635 652
636 652
637 652
638 652
639 652
640 652
641 652
642 652
643 652
644 652
645 652
646 652
647 652
648 652
649 652
650 652
651 652
148 653
585 653
586 653
587 653
588 653
589 653
590 653
591 653
592 653
593 653
594 653
595 653
596 653
597 653
598 653
599 653
600 653
601 653
602 653
603 653
604 653
605 653
606 653
607 653
608 653
609 653
610 653
611 653
612 653
613 653
614 653
615 653
616 653
617 653
618 653
619 653
620 653
621 653
622 653
623 653
624 653
625 653
626 653
627 653
628 653
629 653
630 653
631 653
632 653
633 653
634 653
635 653
636 653
637 653
638 653
639 653
640 653
641 653
642 653
643 653
644 653
645 653
646 653
647 653
648 653
649 653
650 653
651 653
652 653
111 654
111 655
654 655
111 656
654 656
655 656
111 657
654 657
655 657
656 657
111 658
654 658
655 658
656 658
657 658
111 659
654 659
655 659
656 659
657 659
658 659
111 660
654 660
655 660
656 660
657 660
658 660
659 660
111 661
654 661
655 661
656 661
657 661
658 661
659 661
660 661
111 662
654 662
655 662
656 662
657 662
658 662
659 662
660 662
661 662
334 663
334 664
663 664
334 665
663 665
664 665
334 666
663 666
664 666
665 666
334 667
663 667
664 667
665 667
666 667
334 668
663 668
664 668
665 668
666 668
667 668
334 669
663 669
664 669
665 669
666 669
667 669
668 669
334 670
663 670
664 670
665 670
666 670
667 670
668 670
669 670
334 671
663 671
664 671
665 671
666 671
667 671
668 671
669 671
670 671
334 672
663 672
664 672
665 672
666 672
667 672
668 672
669 672
670 672
671 672
334 673
663 673
664 673
665 673
666 673
667 673
668 673
669 673
670 673
671 673
672 673
334 674
663 674
664 674
665 674
666 674
667 674
668 674
669 674
670 674
671 674
672 674
673 674
334 675
663 675
664 675
665 675
666 675
667 675
668 675
669 675
670 675
671 675
672 675
673 675
674 675
334 676
663 676
664 676
665 676
666 676
667 676
668 676
669 676
670 676
671 676
672 676
673 676
674 676
675 676
334 677
663 677
664 677
665 677
666 677
667 677
668 677
669 677
670 677
671 677
672 677
673 677
674 677
675 677
676 677
334 678
663 678
664 678
665 678
666 678
667 678
668 678
669 678
670 678
671 678
672 678
673 678
674 678
675 678
676 678
677 678
334 679
663 679
664 679
665 679
666 679
667 679
668 679
669 679
670 679
671 679
672 679
673 679
674 679
675 679
676 679
677 679
678 679
334 680
663 680
664 680
665 680
666 680
667 680
668 680
669 680
670 680
671 680
672 680
673 680
674 680
675 680
676 680
677 680
678 680
679 680
334 681
663 681
664 681
665 681
666 681
667 681
668 681
669 681
670 681
671 681
672 681
673 681
674 681
675 681
676 681
677 681
678 681
679 681
680 681
334 682
663 682
664 682
665 682
666 682
667 682
668 682
669 682
670 682
671 682
672 682
673 682
674 682
675 682
676 682
677 682
678 682
679 682
680 682
681 682
334 683
663 683
664 683
665 683
666 683
667 683
668 683
669 683
670 683
671 683
672 683
673 683
674 683
675 683
676 683
677 683
678 683
679 683
680 683
681 683
682 683
334 684
663 684
664 684
665 684
666 684
667 684
668 684
669 684
670 684
671 684
672 684
673 684
674 684
675 684
676 684
677 684
678 684
679 684
680 684
681 684
682 684
683 684
334 685
663 685
664 685
665 685
666 685
667 685
668 685
669 685
670 685
671 685
672 685
673 685
674 685
675 685
676 685
677 685
678 685
679 685
680 685
681 685
682 685
683 685
684 685
334 686
663 686
664 686
665 686
666 686
667 686
668 686
669 686
670 686
671 686
672 686
673 686
674 686
675 686
676 686
677 686
678 686
679 686
680 686
681 686
682 686
683 686
684 686
685 686
334 687
663 687
664 687
665 687
666 687
667 687
668 687
669 687
670 687
671 687
672 687
673 687
674 687
675 687
676 687
677 687
678 687
679 687
680 687
681 687
682 687
683 687
684 687
685 687
686 687
334 688
663 688
664 688
665 688
666 688
667 688
668 688
669 688
670 688
671 688
672 688
673 688
674 688
675 688
676 688
677 688
678 688
679 688
680 688
681 688
682 688
683 688
684 688
685 688
686 688
687 688
334 689
663 689
664 689
665 689
666 689
667 689
668 689
669 689
670 689
671 689
672 689
673 689
674 689
675 689
676 689
677 689
678 689
679 689
680 689
681 689
682 689
683 689
684 689
685 689
686 689
687 689
688 689
334 690
663 690
664 690
665 690
666 690
667 690
668 690
669 690
670 690
671 690
672 690
673 690
674 690
675 690
676 690
677 690
678 690
679 690
680 690
681 690
682 690
683 690
684 690
685 690
686 690
687 690
688 690
689 690
334 691
663 691
664 691
665 691
666 691
667 691
668 691
669 691
670 691
671 691
672 691
673 691
674 691
675 691
676 691
677 691
678 691
679 691
680 691
681 691
682 691
683 691
684 691
685 691
686 691
687 691
688 691
689 691
690 691
334 692
663 692
664 692
665 692
666 692
667 692
668 692
669 692
670 692
671 692
672 692
673 692
674 692
675 692
676 692
677 692
678 692
679 692
680 692
681 692
682 692
683 692
684 692
685 692
686 692
687 692
688 692
689 692
690 692
691 692
334 693
663 693
664 693
665 693
666 693
667 693
668 693
669 693
670 693
671 693
672 693
673 693
674 693
675 693
676 693
677 693
678 693
679 693
680 693
681 693
682 693
683 693
684 693
685 693
686 693
687 693
688 693
689 693
690 693
691 693
692 693
334 694
663 694
664 694
665 694
666 694
667 694
668 694
669 694
670 694
671 694
672 694
673 694
674 694
675 694
676 694
677 694
678 694
679 694
680 694
681 694
682 694
683 694
684 694
685 694
686 694
687 694
688 694
689 694
690 694
691 694
692 694
693 694
334 695
663 695
664 695
665 695
666 695
667 695
668 695
669 695
670 695
671 695
672 695
673 695
674 695
675 695
676 695
677 695
678 695
679 695
680 695
681 695
682 695
683 695
684 695
685 695
686 695
687 695
688 695
689 695
690 695
691 695
692 695
693 695
694 695
334 696
663 696
664 696
665 696
666 696
667 696
668 696
669 696
670 696
671 696
672 696
673 696
674 696
675 696
676 696
677 696
678 696
679 696
680 696
681 696
682 696
683 696
684 696
685 696
686 696
687 696
688 696
689 696
690 696
691 696
692 696
693 696
694 696
695 696
334 697
663 697
664 697
665 697
666 697
667 697
668 697
669 697
670 697
671 697
672 697
673 697
674 697
675 697
676 697
677 697
678 697
679 697
680 697
681 697
682 697
683 697
684 697
685 697
686 697
687 697
688 697
689 697
690 697
691 697
692 697
693 697
694 697
695 697
696 697
334 698
663 698
664 698
665 698
666 698
667 698
668 698
669 698
670 698
671 698
672 698
673 698
674 698
675 698
676 698
677 698
678 698
679 698
680 698
681 698
682 698
683 698
684 698
685 698
686 698
687 698
688 698
689 698
690 698
691 698
692 698
693 698
694 698
695 698
696 698
697 698
334 699
663 699
664 699
665 699
666 699
667 699
668 699
669 699
670 699
671 699
672 699
673 699
674 699
675 699
676 699
677 699
678 699
679 699
680 699
681 699
682 699
683 699
684 699
685 699
686 699
687 699
688 699
689 699
690 699
691 699
692 699
693 699
694 699
695 699
696 699
697 699
698 699
334 700
663 700
664 700
665 700
666 700
667 700
668 700
669 700
670 700
671 700
672 700
673 700
674 700
675 700
676 700
677 700
678 700
679 700
680 700
681 700
682 700
683 700
684 700
685 700
686 700
687 700
688 700
689 700
690 700
691 700
692 700
693 700
694 700
695 700
696 700
697 700
698 700
699 700
334 701
663 701
664 701
665 701
666 701
667 701
668 701
669 701
670 701
671 701
672 701
673 701
674 701
675 701
676 701
677 701
678 701
679 701
680 701
681 701
682 701
683 701
684 701
685 701
686 701
687 701
688 701
689 701
690 701
691 701
692 701
693 701
694 701
695 701
696 701
697 701
698 701
699 701
700 701
334 702
663 702
664 702
665 702
666 702
667 702
668 702
669 702
670 702
671 702
672 702
673 702
674 702
675 702
676 702
677 702
678 702
679 702
680 702
681 702
682 702
683 702
684 702
685 702
686 702
687 702
688 702
689 702
690 702
691 702
692 702
693 702
694 702
695 702
696 702
697 702
698 702
699 702
700 702
701 702
334 703
663 703
664 703
665 703
666 703
667 703
668 703
669 703
670 703
671 703
672 703
673 703
674 703
675 703
676 703
677 703
678 703
679 703
680 703
681 703
682 703
683 703
684 703
685 703
686 703
687 703
688 703
689 703
690 703
691 703
692 703
693 703
694 703
695 703
696 703
697 703
698 703
699 703
700 703
701 703
702 703
334 704
663 704
664 704
665 704
666 704
667 704
668 704
669 704
670 704
671 704
672 704
673 704
674 704
675 704
676 704
677 704
678 704
679 704
680 704
681 704
682 704
683 704
684 704
685 704
686 704
687 704
688 704
689 704
690 704
691 704
692 704
693 704
694 704
695 704
696 704
697 704
698 704
699 704
700 704
701 704
702 704
703 704
334 705
663 705
664 705
665 705
666 705
667 705
668 705
669 705
670 705
671 705
672 705
673 705
674 705
675 705
676 705
677 705
678 705
679 705
680 705
681 705
682 705
683 705
684 705
685 705
686 705
687 705
688 705
689 705
690 705
691 705
692 705
693 705
694 705
695 705
696 705
697 705
698 705
699 705
700 705
701 705
702 705
703 705
704 705
334 706
663 706
664 706
665 706
666 706
667 706
668 706
669 706
670 706
671 706
672 706
673 706
674 706
675 706
676 706
677 706
678 706
679 706
680 706
681 706
682 706
683 706
684 706
685 706
686 706
687 706
688 706
689 706
690 706
691 706
692 706
693 706
694 706
695 706
696 706
697 706
698 706
699 706
700 706
701 706
702 706
703 706
704 706
705 706
334 707
663 707
664 707
665 707
666 707
667 707
668 707
669 707
670 707
671 707
672 707
673 707
674 707
675 707
676 707
677 707
678 707
679 707
680 707
681 707
682 707
683 707
684 707
685 707
686 707
687 707
688 707
689 707
690 707
691 707
692 707
693 707
694 707
695 707
696 707
697 707
698 707
699 707
700 707
701 707
702 707
703 707
704 707
705 707
706 707
334 708
663 708
664 708
665 708
666 708
667 708
668 708
669 708
670 708
671 708
672 708
673 708
674 708
675 708
676 708
677 708
678 708
679 708
680 708
681 708
682 708
683 708
684 708
685 708
686 708
687 708
688 708
689 708
690 708
691 708
692 708
693 708
694 708
695 708
696 708
697 708
698 708
699 708
700 708
701 708
702 708
703 708
704 708
705 708
706 708
707 708
334 709
663 709
664 709
665 709
666 709
667 709
668 709
669 709
670 709
671 709
672 709
673 709
674 709
675 709
676 709
677 709
678 709
679 709
680 709
681 709
682 709
683 709
684 709
685 709
686 709
687 709
688 709
689 709
690 709
691 709
692 709
693 709
694 709
695 709
696 709
697 709
698 709
699 709
700 709
701 709
702 709
703 709
704 709
705 709
706 709
707 709
708 709
334 710
663 710
664 710
665 710
666 710
667 710
668 710
669 710
670 710
671 710
672 710
673 710
674 710
675 710
676 710
677 710
678 710
679 710
680 710
681 710
682 710
683 710
684 710
685 710
686 710
687 710
688 710
689 710
690 710
691 710
692 710
693 710
694 710
695 710
696 710
697 710
698 710
699 710
700 710
701 710
702 710
703 710
704 710
705 710
706 710
707 710
708 710
709 710
334 711
663 711
664 711
665 711
666 711
667 711
668 711
669 711
670 711
671 711
672 711
673 711
674 711
675 711
676 711
677 711
678 711
679 711
680 711
681 711
682 711
683 711
684 711
685 711
686 711
687 711
688 711
689 711
690 711
691 711
692 711
693 711
694 711
695 711
696 711
697 711
698 711
699 711
700 711
701 711
702 711
703 711
704 711
705 711
706 711
707 711
708 711
709 711
710 711
334 712
663 712
664 712
665 712
666 712
667 712
668 712
669 712
670 712
671 712
672 712
673 712
674 712
675 712
676 712
677 712
678 712
679 712
680 712
681 712
682 712
683 712
684 712
685 712
686 712
687 712
688 712
689 712
690 712
691 712
692 712
693 712
694 712
695 712
696 712
697 712
698 712
699 712
700 712
701 712
702 712
703 712
704 712
705 712
706 712
707 712
708 712
709 712
710 712
711 712
334 713
663 713
664 713
665 713
666 713
667 713
668 713
669 713
670 713
671 713
672 713
673 713
674 713
675 713
676 713
677 713
678 713
679 713
680 713
681 713
682 713
683 713
684 713
685 713
686 713
687 713
688 713
689 713
690 713
691 713
692 713
693 713
694 713
695 713
696 713
697 713
698 713
699 713
700 713
701 713
702 713
703 713
704 713
705 713
706 713
707 713
708 713
709 713
710 713
711 713
712 713
334 714
663 714
664 714
665 714
666 714
667 714
668 714
669 714
670 714
671 714
672 714
673 714
674 714
675 714
676 714
677 714
678 714
679 714
680 714
681 714
682 714
683 714
684 714
685 714
686 714
687 714
688 714
689 714
690 714
691 714
692 714
693 714
694 714
695 714
696 714
697 714
698 714
699 714
700 714
701 714
702 714
703 714
704 714
705 714
706 714
707 714
708 714
709 714
710 714
711 714
712 714
713 714
334 715
663 715
664 715
665 715
666 715
667 715
668 715
669 715
670 715
671 715
672 715
673 715
674 715
675 715
676 715
677 715
678 715
679 715
680 715
681 715
682 715
683 715
684 715
685 715
686 715
687 715
688 715
689 715
690 715
691 715
692 715
693 715
694 715
695 715
696 715
697 715
698 715
699 715
700 715
701 715
702 715
703 715
704 715
705 715
706 715
707 715
708 715
709 715
710 715
711 715
712 715
713 715
714 715
334 716
663 716
664 716
665 716
666 716
667 716
668 716
669 716
670 716
671 716
672 716
673 716
674 716
675 716
676 716
677 716
678 716
679 716
680 716
681 716
682 716
683 716
684 716
685 716
686 716
687 716
688 716
689 716
690 716
691 716
692 716
693 716
694 716
695 716
696 716
697 716
698 716
699 716
700 716
701 716
702 716
703 716
704 716
705 716
706 716
707 716
708 716
709 716
710 716
711 716
712 716
713 716
714 716
715 716
334 717
663 717
664 717
665 717
666 717
667 717
668 717
669 717
670 717
671 717
672 717
673 717
674 717
675 717
676 717
677 717
678 717
679 717
680 717
681 717
682 717
683 717
684 717
685 717
686 717
687 717
688 717
689 717
690 717
691 717
692 717
693 717
694 717
695 717
696 717
697 717
698 717
699 717
700 717
701 717
702 717
703 717
704 717
705 717
706 717
707 717
708 717
709 717
710 717
711 717
712 717
713 717
714 717
715 717
716 717
334 718
663 718
664 718
665 718
666 718
667 718
668 718
669 718
670 718
671 718
672 718
673 718
674 718
675 718
676 718
677 718
678 718
679 718
680 718
681 718
682 718
683 718
684 718
685 718
686 718
687 718
688 718
689 718
690 718
691 718
692 718
693 718
694 718
695 718
696 718
697 718
698 718
699 718
700 718
701 718
702 718
703 718
704 718
705 718
706 718
707 718
708 718
709 718
710 718
711 718
712 718
713 718
714 718
715 718
716 718
717 718
334 719
663 719
664 719
665 719
666 719
667 719
668 719
669 719
670 719
671 719
672 719
673 719
674 719
675 719
676 719
677 719
678 719
679 719
680 719
681 719
682 719
683 719
684 719
685 719
686 719
687 719
688 719
689 719
690 719
691 719
692 719
693 719
694 719
695 719
696 719
697 719
698 719
699 719
700 719
701 719
702 719
703 719
704 719
705 719
706 719
707 719
708 719
709 719
710 719
711 719
712 719
713 719
714 719
715 719
716 719
717 719
718 719
334 720
663 720
664 720
665 720
666 720
667 720
668 720
669 720
670 720
671 720
672 720
673 720
674 720
675 720
676 720
677 720
678 720
679 720
680 720
681 720
682 720
683 720
684 720
685 720
686 720
687 720
688 720
689 720
690 720
691 720
692 720
693 720
694 720
695 720
696 720
697 720
698 720
699 720
700 720
701 720
702 720
703 720
704 720
705 720
706 720
707 720
708 720
709 720
710 720
711 720
712 720
713 720
714 720
715 720
716 720
717 720
718 720
719 720
334 721
663 721
664 721
665 721
666 721
667 721
668 721
669 721
670 721
671 721
672 721
673 721
674 721
675 721
676 721
677 721
678 721
679 721
680 721
681 721
682 721
683 721
684 721
685 721
686 721
687 721
688 721
689 721
690 721
691 721
692 721
693 721
694 721
695 721
696 721
697 721
698 721
699 721
700 721
701 721
702 721
703 721
704 721
705 721
706 721
707 721
708 721
709 721
710 721
711 721
712 721
713 721
714 721
715 721
716 721
717 721
718 721
719 721
720 721
334 722
663 722
664 722
665 722
666 722
667 722
668 722
669 722
670 722
671 722
672 722
673 722
674 722
675 722
676 722
677 722
678 722
679 722
680 722
681 722
682 722
683 722
684 722
685 722
686 722
687 722
688 722
689 722
690 722
691 722
692 722
693 722
694 722
695 722
696 722
697 722
698 722
699 722
700 722
701 722
702 722
703 722
704 722
705 722
706 722
707 722
708 722
709 722
710 722
711 722
712 722
713 722
714 722
715 722
716 722
717 722
718 722
719 722
720 722
721 722
334 723
663 723
664 723
665 723
666 723
667 723
668 723
669 723
670 723
671 723
672 723
673 723
674 723
675 723
676 723
677 723
678 723
679 723
680 723
681 723
682 723
683 723
684 723
685 723
686 723
687 723
688 723
689 723
690 723
691 723
692 723
693 723
694 723
695 723
696 723
697 723
698 723
699 723
700 723
701 723
702 723
703 723
704 723
705 723
706 723
707 723
708 723
709 723
710 723
711 723
712 723
713 723
714 723
715 723
716 723
717 723
718 723
719 723
720 723
721 723
722 723
334 724
663 724
664 724
665 724
666 724
667 724
668 724
669 724
670 724
671 724
672 724
673 724
674 724
675 724
676 724
677 724
678 724
679 724
680 724
681 724
682 724
683 724
684 724
685 724
686 724
687 724
688 724
689 724
690 724
691 724
692 724
693 724
694 724
695 724
696 724
697 724
698 724
699 724
700 724
701 724
702 724
703 724
704 724
705 724
706 724
707 724
708 724
709 724
710 724
711 724
712 724
713 724
714 724
715 724
716 724
717 724
718 724
719 724
720 724
721 724
722 724
723 724
334 725
663 725
664 725
665 725
666 725
667 725
668 725
669 725
670 725
671 725
672 725
673 725
674 725
675 725
676 725
677 725
678 725
679 725
680 725
681 725
682 725
683 725
684 725
685 725
686 725
687 725
688 725
689 725
690 725
691 725
692 725
693 725
694 725
695 725
696 725
697 725
698 725
699 725
700 725
701 725
702 725
703 725
704 725
705 725
706 725
707 725
708 725
709 725
710 725
711 725
712 725
713 725
714 725
715 725
716 725
717 725
718 725
719 725
720 725
721 725
722 725
723 725
724 725
334 726
663 726
664 726
665 726
666 726
667 726
668 726
669 726
670 726
671 726
672 726
673 726
674 726
675 726
676 726
677 726
678 726
679 726
680 726
681 726
682 726
683 726
684 726
685 726
686 726
687 726
688 726
689 726
690 726
691 726
692 726
693 726
694 726
695 726
696 726
697 726
698 726
699 726
700 726
701 726
702 726
703 726
704 726
705 726
706 726
707 726
708 726
709 726
710 726
711 726
712 726
713 726
714 726
715 726
716 726
717 726
718 726
719 726
720 726
721 726
722 726
723 726
724 726
725 726
334 727
663 727
664 727
665 727
666 727
667 727
668 727
669 727
670 727
671 727
672 727
673 727
674 727
675 727
676 727
677 727
678 727
679 727
680 727
681 727
682 727
683 727
684 727
685 727
686 727
687 727
688 727
689 727
690 727
691 727
692 727
693 727
694 727
695 727
696 727
697 727
698 727
699 727
700 727
701 727
702 727
703 727
704 727
705 727
706 727
707 727
708 727
709 727
710 727
711 727
712 727
713 727
714 727
715 727
716 727
717 727
718 727
719 727
720 727
721 727
722 727
723 727
724 727
725 727
726 727
334 728
663 728
664 728
665 728
666 728
667 728
668 728
669 728
670 728
671 728
672 728
673 728
674 728
675 728
676 728
677 728
678 728
679 728
680 728
681 728
682 728
683 728
684 728
685 728
686 728
687 728
688 728
689 728
690 728
691 728
692 728
693 728
694 728
695 728
696 728
697 728
698 728
699 728
700 728
701 728
702 728
703 728
704 728
705 728
706 728
707 728
708 728
709 728
710 728
711 728
712 728
713 728
714 728
715 728
716 728
717 728
718 728
719 728
720 728
721 728
722 728
723 728
724 728
725 728
726 728
727 728
334 729
663 729
664 729
665 729
666 729
667 729
668 729
669 729
670 729
671 729
672 729
673 729
674 729
675 729
676 729
677 729
678 729
679 729
680 729
681 729
682 729
683 729
684 729
685 729
686 729
687 729
688 729
689 729
690 729
691 729
692 729
693 729
694 729
695 729
696 729
697 729
698 729
699 729
700 729
701 729
702 729
703 729
704 729
705 729
706 729
707 729
708 729
709 729
710 729
711 729
712 729
713 729
714 729
715 729
716 729
717 729
718 729
719 729
720 729
721 729
722 729
723 729
724 729
725 729
726 729
727 729
728 729
334 730
663 730
664 730
665 730
666 730
667 730
668 730
669 730
670 730
671 730
672 730
673 730
674 730
675 730
676 730
677 730
678 730
679 730
680 730
681 730
682 730
683 730
684 730
685 730
686 730
687 730
688 730
689 730
690 730
691 730
692 730
693 730
694 730
695 730
696 730
697 730
698 730
699 730
700 730
701 730
702 730
703 730
704 730
705 730
706 730
707 730
708 730
709 730
710 730
711 730
712 730
713 730
714 730
715 730
716 730
717 730
718 730
719 730
720 730
721 730
722 730
723 730
724 730
725 730
726 730
727 730
728 730
729 730
334 731
663 731
664 731
665 731
666 731
667 731
668 731
669 731
670 731
671 731
672 731
673 731
674 731
675 731
676 731
677 731
678 731
679 731
680 731
681 731
682 731
683 731
684 731
685 731
686 731
687 731
688 731
689 731
690 731
691 731
692 731
693 731
694 731
695 731
696 731
697 731
698 731
699 731
700 731
701 731
702 731
703 731
704 731
705 731
706 731
707 731
708 731
709 731
710 731
711 731
712 731
713 731
714 731
715 731
716 731
717 731
718 731
719 731
720 731
721 731
722 731
723 731
724 731
725 731
726 731
727 731
728 731
729 731
730 731
334 732
663 732
664 732
665 732
666 732
667 732
668 732
669 732
670 732
671 732
672 732
673 732
674 732
675 732
676 732
677 732
678 732
679 732
680 732
681 732
682 732
683 732
684 732
685 732
686 732
687 732
688 732
689 732
690 732
691 732
692 732
693 732
694 732
695 732
696 732
697 732
698 732
699 732
700 732
701 732
702 732
703 732
704 732
705 732
706 732
707 732
708 732
709 732
710 732
711 732
712 732
713 732
714 732
715 732
716 732
717 732
718 732
719 732
720 732
721 732
722 732
723 732
724 732
725 732
726 732
727 732
728 732
729 732
730 732
731 732
334 733
663 733
664 733
665 733
666 733
667 733
668 733
669 733
670 733
671 733
672 733
673 733
674 733
675 733
676 733
677 733
678 733
679 733
680 733
681 733
682 733
683 733
684 733
685 733
686 733
687 733
688 733
689 733
690 733
691 733
692 733
693 733
694 733
695 733
696 733
697 733
698 733
699 733
700 733
701 733
702 733
703 733
704 733
705 733
706 733
707 733
708 733
709 733
710 733
711 733
712 733
713 733
714 733
715 733
716 733
717 733
718 733
719 733
720 733
721 733
722 733
723 733
724 733
725 733
726 733
727 733
728 733
729 733
730 733
731 733
732 733
334 734
663 734
664 734
665 734
666 734
667 734
668 734
669 734
670 734
671 734
672 734
673 734
674 734
675 734
676 734
677 734
678 734
679 734
680 734
681 734
682 734
683 734
684 734
685 734
686 734
687 734
688 734
689 734
690 734
691 734
692 734
693 734
694 734
695 734
696 734
697 734
698 734
699 734
700 734
701 734
702 734
703 734
704 734
705 734
706 734
707 734
708 734
709 734
710 734
711 734
712 734
713 734
714 734
715 734
716 734
717 734
718 734
719 734
720 734
721 734
722 734
723 734
724 734
725 734
726 734
727 734
728 734
729 734
730 734
731 734
732 734
733 734
334 735
663 735
664 735
665 735
666 735
667 735
668 735
669 735
670 735
671 735
672 735
673 735
674 735
675 735
676 735
677 735
678 735
679 735
680 735
681 735
682 735
683 735
684 735
685 735
686 735
687 735
688 735
689 735
690 735
691 735
692 735
693 735
694 735
695 735
696 735
697 735
698 735
699 735
700 735
701 735
702 735
703 735
704 735
705 735
706 735
707 735
708 735
709 735
710 735
711 735
712 735
713 735
714 735
715 735
716 735
717 735
718 735
719 735
720 735
721 735
722 735
723 735
724 735
725 735
726 735
727 735
728 735
729 735
730 735
731 735
732 735
733 735
734 735
334 736
663 736
664 736
665 736
666 736
667 736
668 736
669 736
670 736
671 736
672 736
673 736
674 736
675 736
676 736
677 736
678 736
679 736
680 736
681 736
682 736
683 736
684 736
685 736
686 736
687 736
688 736
689 736
690 736
691 736
692 736
693 736
694 736
695 736
696 736
697 736
698 736
699 736
700 736
701 736
702 736
703 736
704 736
705 736
706 736
707 736
708 736
709 736
710 736
711 736
712 736
713 736
714 736
715 736
716 736
717 736
718 736
719 736
720 736
721 736
722 736
723 736
724 736
725 736
726 736
727 736
728 736
729 736
730 736
731 736
732 736
733 736
734 736
735 736
334 737
663 737
664 737
665 737
666 737
667 737
668 737
669 737
670 737
671 737
672 737
673 737
674 737
675 737
676 737
677 737
678 737
679 737
680 737
681 737
682 737
683 737
684 737
685 737
686 737
687 737
688 737
689 737
690 737
691 737
692 737
693 737
694 737
695 737
696 737
697 737
698 737
699 737
700 737
701 737
702 737
703 737
704 737
705 737
706 737
707 737
708 737
709 737
710 737
711 737
712 737
713 737
714 737
715 737
716 737
717 737
718 737
719 737
720 737
721 737
722 737
723 737
724 737
725 737
726 737
727 737
728 737
729 737
730 737
731 737
732 737
733 737
734 737
735 737
736 737
381 738
381 739
738 739
381 740
738 740
739 740
381 741
738 741
739 741
740 741
381 742
738 742
739 742
740 742
741 742
381 743
738 743
739 743
740 743
741 743
742 743
381 744
738 744
739 744
740 744
741 744
742 744
743 744
381 745
738 745
739 745
740 745
741 745
742 745
743 745
744 745
381 746
738 746
739 746
740 746
741 746
742 746
743 746
744 746
745 746
381 747
738 747
739 747
740 747
741 747
742 747
743 747
744 747
745 747
746 747
381 748
738 748
739 748
740 748
741 748
742 748
743 748
744 748
745 748
746 748
747 748
381 749
738 749
739 749
740 749
741 749
742 749
743 749
744 749
745 749
746 749
747 749
748 749
381 750
738 750
739 750
740 750
741 750
742 750
743 750
744 750
745 750
746 750
747 750
748 750
749 750
381 751
738 751
739 751
740 751
741 751
742 751
743 751
744 751
745 751
746 751
747 751
748 751
749 751
750 751
381 752
738 752
739 752
740 752
741 752
742 752
743 752
744 752
745 752
746 752
747 752
748 752
749 752
750 752
751 752
381 753
738 753
739 753
740 753
741 753
742 753
743 753
744 753
745 753
746 753
747 753
748 753
749 753
750 753
751 753
752 753
381 754
738 754
739 754
740 754
741 754
742 754
743 754
744 754
745 754
746 754
747 754
748 754
749 754
750 754
751 754
752 754
753 754
381 755
738 755
739 755
740 755
741 755
742 755
743 755
744 755
745 755
746 755
747 755
748 755
749 755
750 755
751 755
752 755
753 755
754 755
381 756
738 756
739 756
740 756
741 756
742 756
743 756
744 756
745 756
746 756
747 756
748 756
749 756
750 756
751 756
752 756
753 756
754 756
755 756
381 757
738 757
739 757
740 757
741 757
742 757
743 757
744 757
745 757
746 757
747 757
748 757
749 757
750 757
751 757
752 757
753 757
754 757
755 757
756 757
381 758
738 758
739 758
740 758
741 758
742 758
743 758
744 758
745 758
746 758
747 758
748 758
749 758
750 758
751 758
752 758
753 758
754 758
755 758
756 758
757 758
381 759
738 759
739 759
740 759
741 759
742 759
743 759
744 759
745 759
746 759
747 759
748 759
749 759
750 759
751 759
752 759
753 759
754 759
755 759
756 759
757 759
758 759
381 760
738 760
739 760
740 760
741 760
742 760
743 760
744 760
745 760
746 760
747 760
748 760
749 760
750 760
751 760
752 760
753 760
754 760
755 760
756 760
757 760
758 760
759 760
381 761
738 761
739 761
740 761
741 761
742 761
743 761
744 761
745 761
746 761
747 761
748 761
749 761
750 761
751 761
752 761
753 761
754 761
755 761
756 761
757 761
758 761
759 761
760 761
381 762
738 762
739 762
740 762
741 762
742 762
743 762
744 762
745 762
746 762
747 762
748 762
749 762
750 762
751 762
752 762
753 762
754 762
755 762
756 762
757 762
758 762
759 762
760 762
761 762
381 763
738 763
739 763
740 763
741 763
742 763
743 763
744 763
745 763
746 763
747 763
748 763
749 763
750 763
751 763
752 763
753 763
754 763
755 763
756 763
757 763
758 763
759 763
760 763
761 763
762 763
381 764
738 764
739 764
740 764
741 764
742 764
743 764
744 764
745 764
746 764
747 764
748 764
749 764
750 764
751 764
752 764
753 764
754 764
755 764
756 764
757 764
758 764
759 764
760 764
761 764
762 764
763 764
381 765
738 765
739 765
740 765
741 765
742 765
743 765
744 765
745 765
746 765
747 765
748 765
749 765
750 765
751 765
752 765
753 765
754 765
755 765
756 765
757 765
758 765
759 765
760 765
761 765
762 765
763 765
764 765
381 766
738 766
739 766
740 766
741 766
742 766
743 766
744 766
745 766
746 766
747 766
748 766
749 766
750 766
751 766
752 766
753 766
754 766
755 766
756 766
757 766
758 766
759 766
760 766
761 766
762 766
763 766
764 766
765 766
381 767
738 767
739 767
740 767
741 767
742 767
743 767
744 767
745 767
746 767
747 767
748 767
749 767
750 767
751 767
752 767
753 767
754 767
755 767
756 767
757 767
758 767
759 767
760 767
761 767
762 767
763 767
764 767
765 767
766 767
381 768
738 768
739 768
740 768
741 768
742 768
743 768
744 768
745 768
746 768
747 768
748 768
749 768
750 768
751 768
752 768
753 768
754 768
755 768
756 768
757 768
758 768
759 768
760 768
761 768
762 768
763 768
764 768
765 768
766 768
767 768
381 769
738 769
739 769
740 769
741 769
742 769
743 769
744 769
745 769
746 769
747 769
748 769
749 769
750 769
751 769
752 769
753 769
754 769
755 769
756 769
757 769
758 769
759 769
760 769
761 769
762 769
763 769
764 769
765 769
766 769
767 769
768 769
381 770
738 770
739 770
740 770
741 770
742 770
743 770
744 770
745 770
746 770
747 770
748 770
749 770
750 770
751 770
752 770
753 770
754 770
755 770
756 770
757 770
758 770
759 770
760 770
761 770
762 770
763 770
764 770
765 770
766 770
767 770
768 770
769 770
381 771
738 771
739 771
740 771
741 771
742 771
743 771
744 771
745 771
746 771
747 771
748 771
749 771
750 771
751 771
752 771
753 771
754 771
755 771
756 771
757 771
758 771
759 771
760 771
761 771
762 771
763 771
764 771
765 771
766 771
767 771
768 771
769 771
770 771
381 772
738 772
739 772
740 772
741 772
742 772
743 772
744 772
745 772
746 772
747 772
748 772
749 772
750 772
751 772
752 772
753 772
754 772
755 772
756 772
757 772
758 772
759 772
760 772
761 772
762 772
763 772
764 772
765 772
766 772
767 772
768 772
769 772
770 772
771 772
381 773
738 773
739 773
740 773
741 773
742 773
743 773
744 773
745 773
746 773
747 773
748 773
749 773
750 773
751 773
752 773
753 773
754 773
755 773
756 773
757 773
758 773
759 773
760 773
761 773
762 773
763 773
764 773
765 773
766 773
767 773
768 773
769 773
770 773
771 773
772 773
381 774
738 774
739 774
740 774
741 774
742 774
743 774
744 774
745 774
746 774
747 774
748 774
749 774
750 774
751 774
752 774
753 774
754 774
755 774
756 774
757 774
758 774
759 774
760 774
761 774
762 774
763 774
764 774
765 774
766 774
767 774
768 774
769 774
770 774
771 774
772 774
773 774
381 775
738 775
739 775
740 775
741 775
742 775
743 775
744 775
745 775
746 775
747 775
748 775
749 775
750 775
751 775
752 775
753 775
754 775
755 775
756 775
757 775
758 775
759 775
760 775
761 775
762 775
763 775
764 775
765 775
766 775
767 775
768 775
769 775
770 775
771 775
772 775
773 775
774 775
381 776
738 776
739 776
740 776
741 776
742 776
743 776
744 776
745 776
746 776
747 776
748 776
749 776
750 776
751 776
752 776
753 776
754 776
755 776
756 776
757 776
758 776
759 776
760 776
761 776
762 776
763 776
764 776
765 776
766 776
767 776
768 776
769 776
770 776
771 776
772 776
773 776
774 776
775 776
381 777
738 777
739 777
740 777
741 777
742 777
743 777
744 777
745 777
746 777
747 777
748 777
749 777
750 777
751 777
752 777
753 777
754 777
755 777
756 777
757 777
758 777
759 777
760 777
761 777
762 777
763 777
764 777
765 777
766 777
767 777
768 777
769 777
770 777
771 777
772 777
773 777
774 777
775 777
776 777
381 778
738 778
739 778
740 778
741 778
742 778
743 778
744 778
745 778
746 778
747 778
748 778
749 778
750 778
751 778
752 778
753 778
754 778
755 778
756 778
757 778
758 778
759 778
760 778
761 778
762 778
763 778
764 778
765 778
766 778
767 778
768 778
769 778
770 778
771 778
772 778
773 778
774 778
775 778
776 778
777 778
381 779
738 779
739 779
740 779
741 779
742 779
743 779
744 779
745 779
746 779
747 779
748 779
749 779
750 779
751 779
752 779
753 779
754 779
755 779
756 779
757 779
758 779
759 779
760 779
761 779
762 779
763 779
764 779
765 779
766 779
767 779
768 779
769 779
770 779
771 779
772 779
773 779
774 779
775 779
776 779
777 779
778 779
381 780
738 780
739 780
740 780
741 780
742 780
743 780
744 780
745 780
746 780
747 780
748 780
749 780
750 780
751 780
752 780
753 780
754 780
755 780
756 780
757 780
758 780
759 780
760 780
761 780
762 780
763 780
764 780
765 780
766 780
767 780
768 780
769 780
770 780
771 780
772 780
773 780
774 780
775 780
776 780
777 780
778 780
779 780
381 781
738 781
739 781
740 781
741 781
742 781
743 781
744 781
745 781
746 781
747 781
748 781
749 781
750 781
751 781
752 781
753 781
754 781
755 781
756 781
757 781
758 781
759 781
760 781
761 781
762 781
763 781
764 781
765 781
766 781
767 781
768 781
769 781
770 781
771 781
772 781
773 781
774 781
775 781
776 781
777 781
778 781
779 781
780 781
381 782
738 782
739 782
740 782
741 782
742 782
743 782
744 782
745 782
746 782
747 782
748 782
749 782
750 782
751 782
752 782
753 782
754 782
755 782
756 782
757 782
758 782
759 782
760 782
761 782
762 782
763 782
764 782
765 782
766 782
767 782
768 782
769 782
770 782
771 782
772 782
773 782
774 782
775 782
776 782
777 782
778 782
779 782
780 782
781 782
381 783
738 783
739 783
740 783
741 783
742 783
743 783
744 783
745 783
746 783
747 783
748 783
749 783
750 783
751 783
752 783
753 783
754 783
755 783
756 783
757 783
758 783
759 783
760 783
761 783
762 783
763 783
764 783
765 783
766 783
767 783
768 783
769 783
770 783
771 783
772 783
773 783
774 783
775 783
776 783
777 783
778 783
779 783
780 783
781 783
782 783
381 784
738 784
739 784
740 784
741 784
742 784
743 784
744 784
745 784
746 784
747 784
748 784
749 784
750 784
751 784
752 784
753 784
754 784
755 784
756 784
757 784
758 784
759 784
760 784
761 784
762 784
763 784
764 784
765 784
766 784
767 784
768 784
769 784
770 784
771 784
772 784
773 784
774 784
775 784
776 784
777 784
778 784
779 784
780 784
781 784
782 784
783 784
381 785
738 785
739 785
740 785
741 785
742 785
743 785
744 785
745 785
746 785
747 785
748 785
749 785
750 785
751 785
752 785
753 785
754 785
755 785
756 785
757 785
758 785
759 785
760 785
761 785
762 785
763 785
764 785
765 785
766 785
767 785
768 785
769 785
770 785
771 785
772 785
773 785
774 785
775 785
776 785
777 785
778 785
779 785
780 785
781 785
782 785
783 785
784 785
381 786
738 786
739 786
740 786
741 786
742 786
743 786
744 786
745 786
746 786
747 786
748 786
749 786
750 786
751 786
752 786
753 786
754 786
755 786
756 786
757 786
758 786
759 786
760 786
761 786
762 786
763 786
764 786
765 786
766 786
767 786
768 786
769 786
770 786
771 786
772 786
773 786
774 786
775 786
776 786
777 786
778 786
779 786
780 786
781 786
782 786
783 786
784 786
785 786
381 787
738 787
739 787
740 787
741 787
742 787
743 787
744 787
745 787
746 787
747 787
748 787
749 787
750 787
751 787
752 787
753 787
754 787
755 787
756 787
757 787
758 787
759 787
760 787
761 787
762 787
763 787
764 787
765 787
766 787
767 787
768 787
769 787
770 787
771 787
772 787
773 787
774 787
775 787
776 787
777 787
778 787
779 787
780 787
781 787
782 787
783 787
784 787
785 787
786 787
381 788
738 788
739 788
740 788
741 788
742 788
743 788
744 788
745 788
746 788
747 788
748 788
749 788
750 788
751 788
752 788
753 788
754 788
755 788
756 788
757 788
758 788
759 788
760 788
761 788
762 788
763 788
764 788
765 788
766 788
767 788
768 788
769 788
770 788
771 788
772 788
773 788
774 788
775 788
776 788
777 788
778 788
779 788
780 788
781 788
782 788
783 788
784 788
785 788
786 788
787 788
381 789
738 789
739 789
740 789
741 789
742 789
743 789
744 789
745 789
746 789
747 789
748 789
749 789
750 789
751 789
752 789
753 789
754 789
755 789
756 789
757 789
758 789
759 789
760 789
761 789
762 789
763 789
764 789
765 789
766 789
767 789
768 789
769 789
770 789
771 789
772 789
773 789
774 789
775 789
776 789
777 789
778 789
779 789
780 789
781 789
782 789
783 789
784 789
785 789
786 789
787 789
788 789
381 790
738 790
739 790
740 790
741 790
742 790
743 790
744 790
745 790
746 790
747 790
748 790
749 790
750 790
751 790
752 790
753 790
754 790
755 790
756 790
757 790
758 790
759 790
760 790
761 790
762 790
763 790
764 790
765 790
766 790
767 790
768 790
769 790
770 790
771 790
772 790
773 790
774 790
775 790
776 790
777 790
778 790
779 790
780 790
781 790
782 790
783 790
784 790
785 790
786 790
787 790
788 790
789 790
381 791
738 791
739 791
740 791
741 791
742 791
743 791
744 791
745 791
746 791
747 791
748 791
749 791
750 791
751 791
752 791
753 791
754 791
755 791
756 791
757 791
758 791
759 791
760 791
761 791
762 791
763 791
764 791
765 791
766 791
767 791
768 791
769 791
770 791
771 791
772 791
773 791
774 791
775 791
776 791
777 791
778 791
779 791
780 791
781 791
782 791
783 791
784 791
785 791
786 791
787 791
788 791
789 791
790 791
381 792
738 792
739 792
740 792
741 792
742 792
743 792
744 792
745 792
746 792
747 792
748 792
749 792
750 792
751 792
752 792
753 792
754 792
755 792
756 792
757 792
758 792
759 792
760 792
761 792
762 792
763 792
764 792
765 792
766 792
767 792
768 792
769 792
770 792
771 792
772 792
773 792
774 792
775 792
776 792
777 792
778 792
779 792
780 792
781 792
782 792
783 792
784 792
785 792
786 792
787 792
788 792
789 792
790 792
791 792
381 793
738 793
739 793
740 793
741 793
742 793
743 793
744 793
745 793
746 793
747 793
748 793
749 793
750 793
751 793
752 793
753 793
754 793
755 793
756 793
757 793
758 793
759 793
760 793
761 793
762 793
763 793
764 793
765 793
766 793
767 793
768 793
769 793
770 793
771 793
772 793
773 793
774 793
775 793
776 793
777 793
778 793
779 793
780 793
781 793
782 793
783 793
784 793
785 793
786 793
787 793
788 793
789 793
790 793
791 793
792 793
381 794
738 794
739 794
740 794
741 794
742 794
743 794
744 794
745 794
746 794
747 794
748 794
749 794
750 794
751 794
752 794
753 794
754 794
755 794
756 794
757 794
758 794
759 794
760 794
761 794
762 794
763 794
764 794
765 794
766 794
767 794
768 794
769 794
770 794
771 794
772 794
773 794
774 794
775 794
776 794
777 794
778 794
779 794
780 794
781 794
782 794
783 794
784 794
785 794
786 794
787 794
788 794
789 794
790 794
791 794
792 794
793 794
381 795
738 795
739 795
740 795
741 795
742 795
743 795
744 795
745 795
746 795
747 795
748 795
749 795
750 795
751 795
752 795
753 795
754 795
755 795
756 795
757 795
758 795
759 795
760 795
761 795
762 795
763 795
764 795
765 795
766 795
767 795
768 795
769 795
770 795
771 795
772 795
773 795
774 795
775 795
776 795
777 795
778 795
779 795
780 795
781 795
782 795
783 795
784 795
785 795
786 795
787 795
788 795
789 795
790 795
791 795
792 795
793 795
794 795
381 796
738 796
739 796
740 796
741 796
742 796
743 796
744 796
745 796
746 796
747 796
748 796
749 796
750 796
751 796
752 796
753 796
754 796
755 796
756 796
757 796
758 796
759 796
760 796
761 796
762 796
763 796
764 796
765 796
766 796
767 796
768 796
769 796
770 796
771 796
772 796
773 796
774 796
775 796
776 796
777 796
778 796
779 796
780 796
781 796
782 796
783 796
784 796
785 796
786 796
787 796
788 796
789 796
790 796
791 796
792 796
793 796
794 796
795 796
381 797
738 797
739 797
740 797
741 797
742 797
743 797
744 797
745 797
746 797
747 797
748 797
749 797
750 797
751 797
752 797
753 797
754 797
755 797
756 797
757 797
758 797
759 797
760 797
761 797
762 797
763 797
764 797
765 797
766 797
767 797
768 797
769 797
770 797
771 797
772 797
773 797
774 797
775 797
776 797
777 797
778 797
779 797
780 797
781 797
782 797
783 797
784 797
785 797
786 797
787 797
788 797
789 797
790 797
791 797
792 797
793 797
794 797
795 797
796 797
381 798
738 798
739 798
740 798
741 798
742 798
743 798
744 798
745 798
746 798
747 798
748 798
749 798
750 798
751 798
752 798
753 798
754 798
755 798
756 798
757 798
758 798
759 798
760 798
761 798
762 798
763 798
764 798
765 798
766 798
767 798
768 798
769 798
770 798
771 798
772 798
773 798
774 798
775 798
776 798
777 798
778 798
779 798
780 798
781 798
782 798
783 798
784 798
785 798
786 798
787 798
788 798
789 798
790 798
791 798
792 798
793 798
794 798
795 798
796 798
797 798
381 799
738 799
739 799
740 799
741 799
742 799
743 799
744 799
745 799
746 799
747 799
748 799
749 799
750 799
751 799
752 799
753 799
754 799
755 799
756 799
757 799
758 799
759 799
760 799
761 799
762 799
763 799
764 799
765 799
766 799
767 799
768 799
769 799
770 799
771 799
772 799
773 799
774 799
775 799
776 799
777 799
778 799
779 799
780 799
781 799
782 799
783 799
784 799
785 799
786 799
787 799
788 799
789 799
790 799
791 799
792 799
793 799
794 799
795 799
796 799
797 799
798 799
381 800
738 800
739 800
740 800
741 800
742 800
743 800
744 800
745 800
746 800
747 800
748 800
749 800
750 800
751 800
752 800
753 800
754 800
755 800
756 800
757 800
758 800
759 800
760 800
761 800
762 800
763 800
764 800
765 800
766 800
767 800
768 800
769 800
770 800
771 800
772 800
773 800
774 800
775 800
776 800
777 800
778 800
779 800
780 800
781 800
782 800
783 800
784 800
785 800
786 800
787 800
788 800
789 800
790 800
791 800
792 800
793 800
794 800
795 800
796 800
797 800
798 800
799 800
381 801
738 801
739 801
740 801
741 801
742 801
743 801
744 801
745 801
746 801
747 801
748 801
749 801
750 801
751 801
752 801
753 801
754 801
755 801
756 801
757 801
758 801
759 801
760 801
761 801
762 801
763 801
764 801
765 801
766 801
767 801
768 801
769 801
770 801
771 801
772 801
773 801
774 801
775 801
776 801
777 801
778 801
779 801
780 801
781 801
782 801
783 801
784 801
785 801
786 801
787 801
788 801
789 801
790 801
791 801
792 801
793 801
794 801
795 801
796 801
797 801
798 801
799 801
800 801
381 802
738 802
739 802
740 802
741 802
742 802
743 802
744 802
745 802
746 802
747 802
748 802
749 802
750 802
751 802
752 802
753 802
754 802
755 802
756 802
757 802
758 802
759 802
760 802
761 802
762 802
763 802
764 802
765 802
766 802
767 802
768 802
769 802
770 802
771 802
772 802
773 802
774 802
775 802
776 802
777 802
778 802
779 802
780 802
781 802
782 802
783 802
784 802
785 802
786 802
787 802
788 802
789 802
790 802
791 802
792 802
793 802
794 802
795 802
796 802
797 802
798 802
799 802
800 802
801 802
381 803
738 803
739 803
740 803
741 803
742 803
743 803
744 803
745 803
746 803
747 803
748 803
749 803
750 803
751 803
752 803
753 803
754 803
755 803
756 803
757 803
758 803
759 803
760 803
761 803
762 803
763 803
764 803
765 803
766 803
767 803
768 803
769 803
770 803
771 803
772 803
773 803
774 803
775 803
776 803
777 803
778 803
779 803
780 803
781 803
782 803
783 803
784 803
785 803
786 803
787 803
788 803
789 803
790 803
791 803
792 803
793 803
794 803
795 803
796 803
797 803
798 803
799 803
800 803
801 803
802 803
381 804
738 804
739 804
740 804
741 804
742 804
743 804
744 804
745 804
746 804
747 804
748 804
749 804
750 804
751 804
752 804
753 804
754 804
755 804
756 804
757 804
758 804
759 804
760 804
761 804
762 804
763 804
764 804
765 804
766 804
767 804
768 804
769 804
770 804
771 804
772 804
773 804
774 804
775 804
776 804
777 804
778 804
779 804
780 804
781 804
782 804
783 804
784 804
785 804
786 804
787 804
788 804
789 804
790 804
791 804
792 804
793 804
794 804
795 804
796 804
797 804
798 804
799 804
800 804
801 804
802 804
803 804
381 805
738 805
739 805
740 805
741 805
742 805
743 805
744 805
745 805
746 805
747 805
748 805
749 805
750 805
751 805
752 805
753 805
754 805
755 805
756 805
757 805
758 805
759 805
760 805
761 805
762 805
763 805
764 805
765 805
766 805
767 805
768 805
769 805
770 805
771 805
772 805
773 805
774 805
775 805
776 805
777 805
778 805
779 805
780 805
781 805
782 805
783 805
784 805
785 805
786 805
787 805
788 805
789 805
790 805
791 805
792 805
793 805
794 805
795 805
796 805
797 805
798 805
799 805
800 805
801 805
802 805
803 805
804 805
381 806
738 806
739 806
740 806
741 806
742 806
743 806
744 806
745 806
746 806
747 806
748 806
749 806
750 806
751 806
752 806
753 806
754 806
755 806
756 806
757 806
758 806
759 806
760 806
761 806
762 806
763 806
764 806
765 806
766 806
767 806
768 806
769 806
770 806
771 806
772 806
773 806
774 806
775 806
776 806
777 806
778 806
779 806
780 806
781 806
782 806
783 806
784 806
785 806
786 806
787 806
788 806
789 806
790 806
791 806
792 806
793 806
794 806
795 806
796 806
797 806
798 806
799 806
800 806
801 806
802 806
803 806
804 806
805 806
381 807
738 807
739 807
740 807
741 807
742 807
743 807
744 807
745 807
746 807
747 807
748 807
749 807
750 807
751 807
752 807
753 807
754 807
755 807
756 807
757 807
758 807
759 807
760 807
761 807
762 807
763 807
764 807
765 807
766 807
767 807
768 807
769 807
770 807
771 807
772 807
773 807
774 807
775 807
776 807
777 807
778 807
779 807
780 807
781 807
782 807
783 807
784 807
785 807
786 807
787 807
788 807
789 807
790 807
791 807
792 807
793 807
794 807
795 807
796 807
797 807
798 807
799 807
800 807
801 807
802 807
803 807
804 807
805 807
806 807
381 808
738 808
739 808
740 808
741 808
742 808
743 808
744 808
745 808
746 808
747 808
748 808
749 808
750 808
751 808
752 808
753 808
754 808
755 808
756 808
757 808
758 808
759 808
760 808
761 808
762 808
763 808
764 808
765 808
766 808
767 808
768 808
769 808
770 808
771 808
772 808
773 808
774 808
775 808
776 808
777 808
778 808
779 808
780 808
781 808
782 808
783 808
784 808
785 808
786 808
787 808
788 808
789 808
790 808
791 808
792 808
793 808
794 808
795 808
796 808
797 808
798 808
799 808
800 808
801 808
802 808
803 808
804 808
805 808
806 808
807 808
381 809
738 809
739 809
740 809
741 809
742 809
743 809
744 809
745 809
746 809
747 809
748 809
749 809
750 809
751 809
752 809
753 809
754 809
755 809
756 809
757 809
758 809
759 809
760 809
761 809
762 809
763 809
764 809
765 809
766 809
767 809
768 809
769 809
770 809
771 809
772 809
773 809
774 809
775 809
776 809
777 809
778 809
779 809
780 809
781 809
782 809
783 809
784 809
785 809
786 809
787 809
788 809
789 809
790 809
791 809
792 809
793 809
794 809
795 809
796 809
797 809
798 809
799 809
800 809
801 809
802 809
803 809
804 809
805 809
806 809
807 809
808 809
381 810
738 810
739 810
740 810
741 810
742 810
743 810
744 810
745 810
746 810
747 810
748 810
749 810
750 810
751 810
752 810
753 810
754 810
755 810
756 810
757 810
758 810
759 810
760 810
761 810
762 810
763 810
764 810
765 810
766 810
767 810
768 810
769 810
770 810
771 810
772 810
773 810
774 810
775 810
776 810
777 810
778 810
779 810
780 810
781 810
782 810
783 810
784 810
785 810
786 810
787 810
788 810
789 810
790 810
791 810
792 810
793 810
794 810
795 810
796 810
797 810
798 810
799 810
800 810
801 810
802 810
803 810
804 810
805 810
806 810
807 810
808 810
809 810
381 811
738 811
739 811
740 811
741 811
742 811
743 811
744 811
745 811
746 811
747 811
748 811
749 811
750 811
751 811
752 811
753 811
754 811
755 811
756 811
757 811
758 811
759 811
760 811
761 811
762 811
763 811
764 811
765 811
766 811
767 811
768 811
769 811
770 811
771 811
772 811
773 811
774 811
775 811
776 811
777 811
778 811
779 811
780 811
781 811
782 811
783 811
784 811
785 811
786 811
787 811
788 811
789 811
790 811
791 811
792 811
793 811
794 811
795 811
796 811
797 811
798 811
799 811
800 811
801 811
802 811
803 811
804 811
805 811
806 811
807 811
808 811
809 811
810 811
381 812
738 812
739 812
740 812
741 812
742 812
743 812
744 812
745 812
746 812
747 812
748 812
749 812
750 812
751 812
752 812
753 812
754 812
755 812
756 812
757 812
758 812
759 812
760 812
761 812
762 812
763 812
764 812
765 812
766 812
767 812
768 812
769 812
770 812
771 812
772 812
773 812
774 812
775 812
776 812
777 812
778 812
779 812
780 812
781 812
782 812
783 812
784 812
785 812
786 812
787 812
788 812
789 812
790 812
791 812
792 812
793 812
794 812
795 812
796 812
797 812
798 812
799 812
800 812
801 812
802 812
803 812
804 812
805 812
806 812
807 812
808 812
809 812
810 812
811 812
381 813
738 813
739 813
740 813
741 813
742 813
743 813
744 813
745 813
746 813
747 813
748 813
749 813
750 813
751 813
752 813
753 813
754 813
755 813
756 813
757 813
758 813
759 813
760 813
761 813
762 813
763 813
764 813
765 813
766 813
767 813
768 813
769 813
770 813
771 813
772 813
773 813
774 813
775 813
776 813
777 813
778 813
779 813
780 813
781 813
782 813
783 813
784 813
785 813
786 813
787 813
788 813
789 813
790 813
791 813
792 813
793 813
794 813
795 813
796 813
797 813
798 813
799 813
800 813
801 813
802 813
803 813
804 813
805 813
806 813
807 813
808 813
809 813
810 813
811 813
812 813
381 814
738 814
739 814
740 814
741 814
742 814
743 814
744 814
745 814
746 814
747 814
748 814
749 814
750 814
751 814
752 814
753 814
754 814
755 814
756 814
757 814
758 814
759 814
760 814
761 814
762 814
763 814
764 814
765 814
766 814
767 814
768 814
769 814
770 814
771 814
772 814
773 814
774 814
775 814
776 814
777 814
778 814
779 814
780 814
781 814
782 814
783 814
784 814
785 814
786 814
787 814
788 814
789 814
790 814
791 814
792 814
793 814
794 814
795 814
796 814
797 814
798 814
799 814
800 814
801 814
802 814
803 814
804 814
805 814
806 814
807 814
808 814
809 814
810 814
811 814
812 814
813 814
381 815
738 815
739 815
740 815
741 815
742 815
743 815
744 815
745 815
746 815
747 815
748 815
749 815
750 815
751 815
752 815
753 815
754 815
755 815
756 815
757 815
758 815
759 815
760 815
761 815
762 815
763 815
764 815
765 815
766 815
767 815
768 815
769 815
770 815
771 815
772 815
773 815
774 815
775 815
776 815
777 815
778 815
779 815
780 815
781 815
782 815
783 815
784 815
785 815
786 815
787 815
788 815
789 815
790 815
791 815
792 815
793 815
794 815
795 815
796 815
797 815
798 815
799 815
800 815
801 815
802 815
803 815
804 815
805 815
806 815
807 815
808 815
809 815
810 815
811 815
812 815
813 815
814 815
381 816
738 816
739 816
740 816
741 816
742 816
743 816
744 816
745 816
746 816
747 816
748 816
749 816
750 816
751 816
752 816
753 816
754 816
755 816
756 816
757 816
758 816
759 816
760 816
761 816
762 816
763 816
764 816
765 816
766 816
767 816
768 816
769 816
770 816
771 816
772 816
773 816
774 816
775 816
776 816
777 816
778 816
779 816
780 816
781 816
782 816
783 816
784 816
785 816
786 816
787 816
788 816
789 816
790 816
791 816
792 816
793 816
794 816
795 816
796 816
797 816
798 816
799 816
800 816
801 816
802 816
803 816
804 816
805 816
806 816
807 816
808 816
809 816
810 816
811 816
812 816
813 816
814 816
815 816
381 817
738 817
739 817
740 817
741 817
742 817
743 817
744 817
745 817
746 817
747 817
748 817
749 817
750 817
751 817
752 817
753 817
754 817
755 817
756 817
757 817
758 817
759 817
760 817
761 817
762 817
763 817
764 817
765 817
766 817
767 817
768 817
769 817
770 817
771 817
772 817
773 817
774 817
775 817
776 817
777 817
778 817
779 817
780 817
781 817
782 817
783 817
784 817
785 817
786 817
787 817
788 817
789 817
790 817
791 817
792 817
793 817
794 817
795 817
796 817
797 817
798 817
799 817
800 817
801 817
802 817
803 817
804 817
805 817
806 817
807 817
808 817
809 817
810 817
811 817
812 817
813 817
814 817
815 817
816 817
381 818
738 818
739 818
740 818
741 818
742 818
743 818
744 818
745 818
746 818
747 818
748 818
749 818
750 818
751 818
752 818
753 818
754 818
755 818
756 818
757 818
758 818
759 818
760 818
761 818
762 818
763 818
764 818
765 818
766 818
767 818
768 818
769 818
770 818
771 818
772 818
773 818
774 818
775 818
776 818
777 818
778 818
779 818
780 818
781 818
782 818
783 818
784 818
785 818
786 818
787 818
788 818
789 818
790 818
791 818
792 818
793 818
794 818
795 818
796 818
797 818
798 818
799 818
800 818
801 818
802 818
803 818
804 818
805 818
806 818
807 818
808 818
809 818
810 818
811 818
812 818
813 818
814 818
815 818
816 818
817 818
280 819
280 820
819 820
280 821
819 821
820 821
280 822
819 822
820 822
821 822
280 823
819 823
820 823
821 823
822 823
280 824
819 824
820 824
821 824
822 824
823 824
280 825
819 825
820 825
821 825
822 825
823 825
824 825
280 826
819 826
820 826
821 826
822 826
823 826
824 826
825 826
280 827
819 827
820 827
821 827
822 827
823 827
824 827
825 827
826 827
280 828
819 828
820 828
821 828
822 828
823 828
824 828
825 828
826 828
827 828
280 829
819 829
820 829
821 829
822 829
823 829
824 829
825 829
826 829
827 829
828 829
280 830
819 830
820 830
821 830
822 830
823 830
824 830
825 830
826 830
827 830
828 830
829 830
280 831
819 831
820 831
821 831
822 831
823 831
824 831
825 831
826 831
827 831
828 831
829 831
830 831
280 832
819 832
820 832
821 832
822 832
823 832
824 832
825 832
826 832
827 832
828 832
829 832
830 832
831 832
280 833
819 833
820 833
821 833
822 833
823 833
824 833
825 833
826 833
827 833
828 833
829 833
830 833
831 833
832 833
280 834
819 834
820 834
821 834
822 834
823 834
824 834
825 834
826 834
827 834
828 834
829 834
830 834
831 834
832 834
833 834
280 835
819 835
820 835
821 835
822 835
823 835
824 835
825 835
826 835
827 835
828 835
829 835
830 835
831 835
832 835
833 835
834 835
280 836
819 836
820 836
821 836
822 836
823 836
824 836
825 836
826 836
827 836
828 836
829 836
830 836
831 836
832 836
833 836
834 836
835 836
280 837
819 837
820 837
821 837
822 837
823 837
824 837
825 837
826 837
827 837
828 837
829 837
830 837
831 837
832 837
833 837
834 837
835 837
836 837
280 838
819 838
820 838
821 838
822 838
823 838
824 838
825 838
826 838
827 838
828 838
829 838
830 838
831 838
832 838
833 838
834 838
835 838
836 838
837 838
280 839
819 839
820 839
821 839
822 839
823 839
824 839
825 839
826 839
827 839
828 839
829 839
830 839
831 839
832 839
833 839
834 839
835 839
836 839
837 839
838 839
747 840
747 841
840 841
747 842
840 842
841 842
747 843
840 843
841 843
842 843
747 844
840 844
841 844
842 844
843 844
747 845
840 845
841 845
842 845
843 845
844 845
747 846
840 846
841 846
842 846
843 846
844 846
845 846
747 847
840 847
841 847
842 847
843 847
844 847
845 847
846 847
747 848
840 848
841 848
842 848
843 848
844 848
845 848
846 848
847 848
747 849
840 849
841 849
842 849
843 849
844 849
845 849
846 849
847 849
848 849
273 850
273 851
850 851
273 852
850 852
851 852
273 853
850 853
851 853
852 853
273 854
850 854
851 854
852 854
853 854
273 855
850 855
851 855
852 855
853 855
854 855
273 856
850 856
851 856
852 856
853 856
854 856
855 856
273 857
850 857
851 857
852 857
853 857
854 857
855 857
856 857
273 858
850 858
851 858
852 858
853 858
854 858
855 858
856 858
857 858
273 859
850 859
851 859
852 859
853 859
854 859
855 859
856 859
857 859
858 859
273 860
850 860
851 860
852 860
853 860
854 860
855 860
856 860
857 860
858 860
859 860
273 861
850 861
851 861
852 861
853 861
854 861
855 861
856 861
857 861
858 861
859 861
860 861
273 862
850 862
851 862
852 862
853 862
854 862
855 862
856 862
857 862
858 862
859 862
860 862
861 862
273 863
850 863
851 863
852 863
853 863
854 863
855 863
856 863
857 863
858 863
859 863
860 863
861 863
862 863
273 864
850 864
851 864
852 864
853 864
854 864
855 864
856 864
857 864
858 864
859 864
860 864
861 864
862 864
863 864
273 865
850 865
851 865
852 865
853 865
854 865
855 865
856 865
857 865
858 865
859 865
860 865
861 865
862 865
863 865
864 865
273 866
850 866
851 866
852 866
853 866
854 866
855 866
856 866
857 866
858 866
859 866
860 866
861 866
862 866
863 866
864 866
865 866
273 867
850 867
851 867
852 867
853 867
854 867
855 867
856 867
857 867
858 867
859 867
860 867
861 867
862 867
863 867
864 867
865 867
866 867
273 868
850 868
851 868
852 868
853 868
854 868
855 868
856 868
857 868
858 868
859 868
860 868
861 868
862 868
863 868
864 868
865 868
866 868
867 868
273 869
850 869
851 869
852 869
853 869
854 869
855 869
856 869
857 869
858 869
859 869
860 869
861 869
862 869
863 869
864 869
865 869
866 869
867 869
868 869
273 870
850 870
851 870
852 870
853 870
854 870
855 870
856 870
857 870
858 870
859 870
860 870
861 870
862 870
863 870
864 870
865 870
866 870
867 870
868 870
869 870
273 871
850 871
851 871
852 871
853 871
854 871
855 871
856 871
857 871
858 871
859 871
860 871
861 871
862 871
863 871
864 871
865 871
866 871
867 871
868 871
869 871
870 871
273 872
850 872
851 872
852 872
853 872
854 872
855 872
856 872
857 872
858 872
859 872
860 872
861 872
862 872
863 872
864 872
865 872
866 872
867 872
868 872
869 872
870 872
871 872
273 873
850 873
851 873
852 873
853 873
854 873
855 873
856 873
857 873
858 873
859 873
860 873
861 873
862 873
863 873
864 873
865 873
866 873
867 873
868 873
869 873
870 873
871 873
872 873
273 874
850 874
851 874
852 874
853 874
854 874
855 874
856 874
857 874
858 874
859 874
860 874
861 874
862 874
863 874
864 874
865 874
866 874
867 874
868 874
869 874
870 874
871 874
872 874
873 874
273 875
850 875
851 875
852 875
853 875
854 875
855 875
856 875
857 875
858 875
859 875
860 875
861 875
862 875
863 875
864 875
865 875
866 875
867 875
868 875
869 875
870 875
871 875
872 875
873 875
874 875
273 876
850 876
851 876
852 876
853 876
854 876
855 876
856 876
857 876
858 876
859 876
860 876
861 876
862 876
863 876
864 876
865 876
866 876
867 876
868 876
869 876
870 876
871 876
872 876
873 876
874 876
875 876
273 877
850 877
851 877
852 877
853 877
854 877
855 877
856 877
857 877
858 877
859 877
860 877
861 877
862 877
863 877
864 877
865 877
866 877
867 877
868 877
869 877
870 877
871 877
872 877
873 877
874 877
875 877
876 877
273 878
850 878
851 878
852 878
853 878
854 878
855 878
856 878
857 878
858 878
859 878
860 878
861 878
862 878
863 878
864 878
865 878
866 878
867 878
868 878
869 878
870 878
871 878
872 878
873 878
874 878
875 878
876 878
877 878
273 879
850 879
851 879
852 879
853 879
854 879
855 879
856 879
857 879
858 879
859 879
860 879
861 879
862 879
863 879
864 879
865 879
866 879
867 879
868 879
869 879
870 879
871 879
872 879
873 879
874 879
875 879
876 879
877 879
878 879
273 880
850 880
851 880
852 880
853 880
854 880
855 880
856 880
857 880
858 880
859 880
860 880
861 880
862 880
863 880
864 880
865 880
866 880
867 880
868 880
869 880
870 880
871 880
872 880
873 880
874 880
875 880
876 880
877 880
878 880
879 880
273 881
850 881
851 881
852 881
853 881
854 881
855 881
856 881
857 881
858 881
859 881
860 881
861 881
862 881
863 881
864 881
865 881
866 881
867 881
868 881
869 881
870 881
871 881
872 881
873 881
874 881
875 881
876 881
877 881
878 881
879 881
880 881
273 882
850 882
851 882
852 882
853 882
854 882
855 882
856 882
857 882
858 882
859 882
860 882
861 882
862 882
863 882
864 882
865 882
866 882
867 882
868 882
869 882
870 882
871 882
872 882
873 882
874 882
875 882
876 882
877 882
878 882
879 882
880 882
881 882
273 883
850 883
851 883
852 883
853 883
854 883
855 883
856 883
857 883
858 883
859 883
860 883
861 883
862 883
863 883
864 883
865 883
866 883
867 883
868 883
869 883
870 883
871 883
872 883
873 883
874 883
875 883
876 883
877 883
878 883
879 883
880 883
881 883
882 883
273 884
850 884
851 884
852 884
853 884
854 884
855 884
856 884
857 884
858 884
859 884
860 884
861 884
862 884
863 884
864 884
865 884
866 884
867 884
868 884
869 884
870 884
871 884
872 884
873 884
874 884
875 884
876 884
877 884
878 884
879 884
880 884
881 884
882 884
883 884
273 885
850 885
851 885
852 885
853 885
854 885
855 885
856 885
857 885
858 885
859 885
860 885
861 885
862 885
863 885
864 885
865 885
866 885
867 885
868 885
869 885
870 885
871 885
872 885
873 885
874 885
875 885
876 885
877 885
878 885
879 885
880 885
881 885
882 885
883 885
884 885
273 886
850 886
851 886
852 886
853 886
854 886
855 886
856 886
857 886
858 886
859 886
860 886
861 886
862 886
863 886
864 886
865 886
866 886
867 886
868 886
869 886
870 886
871 886
872 886
873 886
874 886
875 886
876 886
877 886
878 886
879 886
880 886
881 886
882 886
883 886
884 886
885 886
273 887
850 887
851 887
852 887
853 887
854 887
855 887
856 887
857 887
858 887
859 887
860 887
861 887
862 887
863 887
864 887
865 887
866 887
867 887
868 887
869 887
870 887
871 887
872 887
873 887
874 887
875 887
876 887
877 887
878 887
879 887
880 887
881 887
882 887
883 887
884 887
885 887
886 887
273 888
850 888
851 888
852 888
853 888
854 888
855 888
856 888
857 888
858 888
859 888
860 888
861 888
862 888
863 888
864 888
865 888
866 888
867 888
868 888
869 888
870 888
871 888
872 888
873 888
874 888
875 888
876 888
877 888
878 888
879 888
880 888
881 888
882 888
883 888
884 888
885 888
886 888
887 888
273 889
850 889
851 889
852 889
853 889
854 889
855 889
856 889
857 889
858 889
859 889
860 889
861 889
862 889
863 889
864 889
865 889
866 889
867 889
868 889
869 889
870 889
871 889
872 889
873 889
874 889
875 889
876 889
877 889
878 889
879 889
880 889
881 889
882 889
883 889
884 889
885 889
886 889
887 889
888 889
273 890
850 890
851 890
852 890
853 890
854 890
855 890
856 890
857 890
858 890
859 890
860 890
861 890
862 890
863 890
864 890
865 890
866 890
867 890
868 890
869 890
870 890
871 890
872 890
873 890
874 890
875 890
876 890
877 890
878 890
879 890
880 890
881 890
882 890
883 890
884 890
885 890
886 890
887 890
888 890
889 890
273 891
850 891
851 891
852 891
853 891
854 891
855 891
856 891
857 891
858 891
859 891
860 891
861 891
862 891
863 891
864 891
865 891
866 891
867 891
868 891
869 891
870 891
871 891
872 891
873 891
874 891
875 891
876 891
877 891
878 891
879 891
880 891
881 891
882 891
883 891
884 891
885 891
886 891
887 891
888 891
889 891
890 891
273 892
850 892
851 892
852 892
853 892
854 892
855 892
856 892
857 892
858 892
859 892
860 892
861 892
862 892
863 892
864 892
865 892
866 892
867 892
868 892
869 892
870 892
871 892
872 892
873 892
874 892
875 892
876 892
877 892
878 892
879 892
880 892
881 892
882 892
883 892
884 892
885 892
886 892
887 892
888 892
889 892
890 892
891 892
273 893
850 893
851 893
852 893
853 893
854 893
855 893
856 893
857 893
858 893
859 893
860 893
861 893
862 893
863 893
864 893
865 893
866 893
867 893
868 893
869 893
870 893
871 893
872 893
873 893
874 893
875 893
876 893
877 893
878 893
879 893
880 893
881 893
882 893
883 893
884 893
885 893
886 893
887 893
888 893
889 893
890 893
891 893
892 893
273 894
850 894
851 894
852 894
853 894
854 894
855 894
856 894
857 894
858 894
859 894
860 894
861 894
862 894
863 894
864 894
865 894
866 894
867 894
868 894
869 894
870 894
871 894
872 894
873 894
874 894
875 894
876 894
877 894
878 894
879 894
880 894
881 894
882 894
883 894
884 894
885 894
886 894
887 894
888 894
889 894
890 894
891 894
892 894
893 894
273 895
850 895
851 895
852 895
853 895
854 895
855 895
856 895
857 895
858 895
859 895
860 895
861 895
862 895
863 895
864 895
865 895
866 895
867 895
868 895
869 895
870 895
871 895
872 895
873 895
874 895
875 895
876 895
877 895
878 895
879 895
880 895
881 895
882 895
883 895
884 895
885 895
886 895
887 895
888 895
889 895
890 895
891 895
892 895
893 895
894 895
273 896
850 896
851 896
852 896
853 896
854 896
855 896
856 896
857 896
858 896
859 896
860 896
861 896
862 896
863 896
864 896
865 896
866 896
867 896
868 896
869 896
870 896
871 896
872 896
873 896
874 896
875 896
876 896
877 896
878 896
879 896
880 896
881 896
882 896
883 896
884 896
885 896
886 896
887 896
888 896
889 896
890 896
891 896
892 896
893 896
894 896
895 896
273 897
850 897
851 897
852 897
853 897
854 897
855 897
856 897
857 897
858 897
859 897
860 897
861 897
862 897
863 897
864 897
865 897
866 897
867 897
868 897
869 897
870 897
871 897
872 897
873 897
874 897
875 897
876 897
877 897
878 897
879 897
880 897
881 897
882 897
883 897
884 897
885 897
886 897
887 897
888 897
889 897
890 897
891 897
892 897
893 897
894 897
895 897
896 897
273 898
850 898
851 898
852 898
853 898
854 898
855 898
856 898
857 898
858 898
859 898
860 898
861 898
862 898
863 898
864 898
865 898
866 898
867 898
868 898
869 898
870 898
871 898
872 898
873 898
874 898
875 898
876 898
877 898
878 898
879 898
880 898
881 898
882 898
883 898
884 898
885 898
886 898
887 898
888 898
889 898
890 898
891 898
892 898
893 898
894 898
895 898
896 898
897 898
273 899
850 899
851 899
852 899
853 899
854 899
855 899
856 899
857 899
858 899
859 899
860 899
861 899
862 899
863 899
864 899
865 899
866 899
867 899
868 899
869 899
870 899
871 899
872 899
873 899
874 899
875 899
876 899
877 899
878 899
879 899
880 899
881 899
882 899
883 899
884 899
885 899
886 899
887 899
888 899
889 899
890 899
891 899
892 899
893 899
894 899
895 899
896 899
897 899
898 899
273 900
850 900
851 900
852 900
853 900
854 900
855 900
856 900
857 900
858 900
859 900
860 900
861 900
862 900
863 900
864 900
865 900
866 900
867 900
868 900
869 900
870 900
871 900
872 900
873 900
874 900
875 900
876 900
877 900
878 900
879 900
880 900
881 900
882 900
883 900
884 900
885 900
886 900
887 900
888 900
889 900
890 900
891 900
892 900
893 900
894 900
895 900
896 900
897 900
898 900
899 900
273 901
850 901
851 901
852 901
853 901
854 901
855 901
856 901
857 901
858 901
859 901
860 901
861 901
862 901
863 901
864 901
865 901
866 901
867 901
868 901
869 901
870 901
871 901
872 901
873 901
874 901
875 901
876 901
877 901
878 901
879 901
880 901
881 901
882 901
883 901
884 901
885 901
886 901
887 901
888 901
889 901
890 901
891 901
892 901
893 901
894 901
895 901
896 901
897 901
898 901
899 901
900 901
273 902
850 902
851 902
852 902
853 902
854 902
855 902
856 902
857 902
858 902
859 902
860 902
861 902
862 902
863 902
864 902
865 902
866 902
867 902
868 902
869 902
870 902
871 902
872 902
873 902
874 902
875 902
876 902
877 902
878 902
879 902
880 902
881 902
882 902
883 902
884 902
885 902
886 902
887 902
888 902
889 902
890 902
891 902
892 902
893 902
894 902
895 902
896 902
897 902
898 902
899 902
900 902
901 902
273 903
850 903
851 903
852 903
853 903
854 903
855 903
856 903
857 903
858 903
859 903
860 903
861 903
862 903
863 903
864 903
865 903
866 903
867 903
868 903
869 903
870 903
871 903
872 903
873 903
874 903
875 903
876 903
877 903
878 903
879 903
880 903
881 903
882 903
883 903
884 903
885 903
886 903
887 903
888 903
889 903
890 903
891 903
892 903
893 903
894 903
895 903
896 903
897 903
898 903
899 903
900 903
901 903
902 903
273 904
850 904
851 904
852 904
853 904
854 904
855 904
856 904
857 904
858 904
859 904
860 904
861 904
862 904
863 904
864 904
865 904
866 904
867 904
868 904
869 904
870 904
871 904
872 904
873 904
874 904
875 904
876 904
877 904
878 904
879 904
880 904
881 904
882 904
883 904
884 904
885 904
886 904
887 904
888 904
889 904
890 904
891 904
892 904
893 904
894 904
895 904
896 904
897 904
898 904
899 904
900 904
901 904
902 904
903 904
273 905
850 905
851 905
852 905
853 905
854 905
855 905
856 905
857 905
858 905
859 905
860 905
861 905
862 905
863 905
864 905
865 905
866 905
867 905
868 905
869 905
870 905
871 905
872 905
873 905
874 905
875 905
876 905
877 905
878 905
879 905
880 905
881 905
882 905
883 905
884 905
885 905
886 905
887 905
888 905
889 905
890 905
891 905
892 905
893 905
894 905
895 905
896 905
897 905
898 905
899 905
900 905
901 905
902 905
903 905
904 905
273 906
850 906
851 906
852 906
853 906
854 906
855 906
856 906
857 906
858 906
859 906
860 906
861 906
862 906
863 906
864 906
865 906
866 906
867 906
868 906
869 906
870 906
871 906
872 906
873 906
874 906
875 906
876 906
877 906
878 906
879 906
880 906
881 906
882 906
883 906
884 906
885 906
886 906
887 906
888 906
889 906
890 906
891 906
892 906
893 906
894 906
895 906
896 906
897 906
898 906
899 906
900 906
901 906
902 906
903 906
904 906
905 906
273 907
850 907
851 907
852 907
853 907
854 907
855 907
856 907
857 907
858 907
859 907
860 907
861 907
862 907
863 907
864 907
865 907
866 907
867 907
868 907
869 907
870 907
871 907
872 907
873 907
874 907
875 907
876 907
877 907
878 907
879 907
880 907
881 907
882 907
883 907
884 907
885 907
886 907
887 907
888 907
889 907
890 907
891 907
892 907
893 907
894 907
895 907
896 907
897 907
898 907
899 907
900 907
901 907
902 907
903 907
904 907
905 907
906 907
273 908
850 908
851 908
852 908
853 908
854 908
855 908
856 908
857 908
858 908
859 908
860 908
861 908
862 908
863 908
864 908
865 908
866 908
867 908
868 908
869 908
870 908
871 908
872 908
873 908
874 908
875 908
876 908
877 908
878 908
879 908
880 908
881 908
882 908
883 908
884 908
885 908
886 908
887 908
888 908
889 908
890 908
891 908
892 908
893 908
894 908
895 908
896 908
897 908
898 908
899 908
900 908
901 908
902 908
903 908
904 908
905 908
906 908
907 908
273 909
850 909
851 909
852 909
853 909
854 909
855 909
856 909
857 909
858 909
859 909
860 909
861 909
862 909
863 909
864 909
865 909
866 909
867 909
868 909
869 909
870 909
871 909
872 909
873 909
874 909
875 909
876 909
877 909
878 909
879 909
880 909
881 909
882 909
883 909
884 909
885 909
886 909
887 909
888 909
889 909
890 909
891 909
892 909
893 909
894 909
895 909
896 909
897 909
898 909
899 909
900 909
901 909
902 909
903 909
904 909
905 909
906 909
907 909
908 909
273 910
850 910
851 910
852 910
853 910
854 910
855 910
856 910
857 910
858 910
859 910
860 910
861 910
862 910
863 910
864 910
865 910
866 910
867 910
868 910
869 910
870 910
871 910
872 910
873 910
874 910
875 910
876 910
877 910
878 910
879 910
880 910
881 910
882 910
883 910
884 910
885 910
886 910
887 910
888 910
889 910
890 910
891 910
892 910
893 910
894 910
895 910
896 910
897 910
898 910
899 910
900 910
901 910
902 910
903 910
904 910
905 910
906 910
907 910
908 910
909 910
273 911
850 911
851 911
852 911
853 911
854 911
855 911
856 911
857 911
858 911
859 911
860 911
861 911
862 911
863 911
864 911
865 911
866 911
867 911
868 911
869 911
870 911
871 911
872 911
873 911
874 911
875 911
876 911
877 911
878 911
879 911
880 911
881 911
882 911
883 911
884 911
885 911
886 911
887 911
888 911
889 911
890 911
891 911
892 911
893 911
894 911
895 911
896 911
897 911
898 911
899 911
900 911
901 911
902 911
903 911
904 911
905 911
906 911
907 911
908 911
909 911
910 911
273 912
850 912
851 912
852 912
853 912
854 912
855 912
856 912
857 912
858 912
859 912
860 912
861 912
862 912
863 912
864 912
865 912
866 912
867 912
868 912
869 912
870 912
871 912
872 912
873 912
874 912
875 912
876 912
877 912
878 912
879 912
880 912
881 912
882 912
883 912
884 912
885 912
886 912
887 912
888 912
889 912
890 912
891 912
892 912
893 912
894 912
895 912
896 912
897 912
898 912
899 912
900 912
901 912
902 912
903 912
904 912
905 912
906 912
907 912
908 912
909 912
910 912
911 912
273 913
850 913
851 913
852 913
853 913
854 913
855 913
856 913
857 913
858 913
859 913
860 913
861 913
862 913
863 913
864 913
865 913
866 913
867 913
868 913
869 913
870 913
871 913
872 913
873 913
874 913
875 913
876 913
877 913
878 913
879 913
880 913
881 913
882 913
883 913
884 913
885 913
886 913
887 913
888 913
889 913
890 913
891 913
892 913
893 913
894 913
895 913
896 913
897 913
898 913
899 913
900 913
901 913
902 913
903 913
904 913
905 913
906 913
907 913
908 913
909 913
910 913
911 913
912 913
273 914
850 914
851 914
852 914
853 914
854 914
855 914
856 914
857 914
858 914
859 914
860 914
861 914
862 914
863 914
864 914
865 914
866 914
867 914
868 914
869 914
870 914
871 914
872 914
873 914
874 914
875 914
876 914
877 914
878 914
879 914
880 914
881 914
882 914
883 914
884 914
885 914
886 914
887 914
888 914
889 914
890 914
891 914
892 914
893 914
894 914
895 914
896 914
897 914
898 914
899 914
900 914
901 914
902 914
903 914
904 914
905 914
906 914
907 914
908 914
909 914
910 914
911 914
912 914
913 914
273 915
850 915
851 915
852 915
853 915
854 915
855 915
856 915
857 915
858 915
859 915
860 915
861 915
862 915
863 915
864 915
865 915
866 915
867 915
868 915
869 915
870 915
871 915
872 915
873 915
874 915
875 915
876 915
877 915
878 915
879 915
880 915
881 915
882 915
883 915
884 915
885 915
886 915
887 915
888 915
889 915
890 915
891 915
892 915
893 915
894 915
895 915
896 915
897 915
898 915
899 915
900 915
901 915
902 915
903 915
904 915
905 915
906 915
907 915
908 915
909 915
910 915
911 915
912 915
913 915
914 915
273 916
850 916
851 916
852 916
853 916
854 916
855 916
856 916
857 916
858 916
859 916
860 916
861 916
862 916
863 916
864 916
865 916
866 916
867 916
868 916
869 916
870 916
871 916
872 916
873 916
874 916
875 916
876 916
877 916
878 916
879 916
880 916
881 916
882 916
883 916
884 916
885 916
886 916
887 916
888 916
889 916
890 916
891 916
892 916
893 916
894 916
895 916
896 916
897 916
898 916
899 916
900 916
901 916
902 916
903 916
904 916
905 916
906 916
907 916
908 916
909 916
910 916
911 916
912 916
913 916
914 916
915 916
273 917
850 917
851 917
852 917
853 917
854 917
855 917
856 917
857 917
858 917
859 917
860 917
861 917
862 917
863 917
864 917
865 917
866 917
867 917
868 917
869 917
870 917
871 917
872 917
873 917
874 917
875 917
876 917
877 917
878 917
879 917
880 917
881 917
882 917
883 917
884 917
885 917
886 917
887 917
888 917
889 917
890 917
891 917
892 917
893 917
894 917
895 917
896 917
897 917
898 917
899 917
900 917
901 917
902 917
903 917
904 917
905 917
906 917
907 917
908 917
909 917
910 917
911 917
912 917
913 917
914 917
915 917
916 917
273 918
850 918
851 918
852 918
853 918
854 918
855 918
856 918
857 918
858 918
859 918
860 918
861 918
862 918
863 918
864 918
865 918
866 918
867 918
868 918
869 918
870 918
871 918
872 918
873 918
874 918
875 918
876 918
877 918
878 918
879 918
880 918
881 918
882 918
883 918
884 918
885 918
886 918
887 918
888 918
889 918
890 918
891 918
892 918
893 918
894 918
895 918
896 918
897 918
898 918
899 918
900 918
901 918
902 918
903 918
904 918
905 918
906 918
907 918
908 918
909 918
910 918
911 918
912 918
913 918
914 918
915 918
916 918
917 918
273 919
850 919
851 919
852 919
853 919
854 919
855 919
856 919
857 919
858 919
859 919
860 919
861 919
862 919
863 919
864 919
865 919
866 919
867 919
868 919
869 919
870 919
871 919
872 919
873 919
874 919
875 919
876 919
877 919
878 919
879 919
880 919
881 919
882 919
883 919
884 919
885 919
886 919
887 919
888 919
889 919
890 919
891 919
892 919
893 919
894 919
895 919
896 919
897 919
898 919
899 919
900 919
901 919
902 919
903 919
904 919
905 919
906 919
907 919
908 919
909 919
910 919
911 919
912 919
913 919
914 919
915 919
916 919
917 919
918 919
273 920
850 920
851 920
852 920
853 920
854 920
855 920
856 920
857 920
858 920
859 920
860 920
861 920
862 920
863 920
864 920
865 920
866 920
867 920
868 920
869 920
870 920
871 920
872 920
873 920
874 920
875 920
876 920
877 920
878 920
879 920
880 920
881 920
882 920
883 920
884 920
885 920
886 920
887 920
888 920
889 920
890 920
891 920
892 920
893 920
894 920
895 920
896 920
897 920
898 920
899 920
900 920
901 920
902 920
903 920
904 920
905 920
906 920
907 920
908 920
909 920
910 920
911 920
912 920
913 920
914 920
915 920
916 920
917 920
918 920
919 920
273 921
850 921
851 921
852 921
853 921
854 921
855 921
856 921
857 921
858 921
859 921
860 921
861 921
862 921
863 921
864 921
865 921
866 921
867 921
868 921
869 921
870 921
871 921
872 921
873 921
874 921
875 921
876 921
877 921
878 921
879 921
880 921
881 921
882 921
883 921
884 921
885 921
886 921
887 921
888 921
889 921
890 921
891 921
892 921
893 921
894 921
895 921
896 921
897 921
898 921
899 921
900 921
901 921
902 921
903 921
904 921
905 921
906 921
907 921
908 921
909 921
910 921
911 921
912 921
913 921
914 921
915 921
916 921
917 921
918 921
919 921
920 921
273 922
850 922
851 922
852 922
853 922
854 922
855 922
856 922
857 922
858 922
859 922
860 922
861 922
862 922
863 922
864 922
865 922
866 922
867 922
868 922
869 922
870 922
871 922
872 922
873 922
874 922
875 922
876 922
877 922
878 922
879 922
880 922
881 922
882 922
883 922
884 922
885 922
886 922
887 922
888 922
889 922
890 922
891 922
892 922
893 922
894 922
895 922
896 922
897 922
898 922
899 922
900 922
901 922
902 922
903 922
904 922
905 922
906 922
907 922
908 922
909 922
910 922
911 922
912 922
913 922
914 922
915 922
916 922
917 922
918 922
919 922
920 922
921 922
273 923
850 923
851 923
852 923
853 923
854 923
855 923
856 923
857 923
858 923
859 923
860 923
861 923
862 923
863 923
864 923
865 923
866 923
867 923
868 923
869 923
870 923
871 923
872 923
873 923
874 923
875 923
876 923
877 923
878 923
879 923
880 923
881 923
882 923
883 923
884 923
885 923
886 923
887 923
888 923
889 923
890 923
891 923
892 923
893 923
894 923
895 923
896 923
897 923
898 923
899 923
900 923
901 923
902 923
903 923
904 923
905 923
906 923
907 923
908 923
909 923
910 923
911 923
912 923
913 923
914 923
915 923
916 923
917 923
918 923
919 923
920 923
921 923
922 923
273 924
850 924
851 924
852 924
853 924
854 924
855 924
856 924
857 924
858 924
859 924
860 924
861 924
862 924
863 924
864 924
865 924
866 924
867 924
868 924
869 924
870 924
871 924
872 924
873 924
874 924
875 924
876 924
877 924
878 924
879 924
880 924
881 924
882 924
883 924
884 924
885 924
886 924
887 924
888 924
889 924
890 924
891 924
892 924
893 924
894 924
895 924
896 924
897 924
898 924
899 924
900 924
901 924
902 924
903 924
904 924
905 924
906 924
907 924
908 924
909 924
910 924
911 924
912 924
913 924
914 924
915 924
916 924
917 924
918 924
919 924
920 924
921 924
922 924
923 924
273 925
850 925
851 925
852 925
853 925
854 925
855 925
856 925
857 925
858 925
859 925
860 925
861 925
862 925
863 925
864 925
865 925
866 925
867 925
868 925
869 925
870 925
871 925
872 925
873 925
874 925
875 925
876 925
877 925
878 925
879 925
880 925
881 925
882 925
883 925
884 925
885 925
886 925
887 925
888 925
889 925
890 925
891 925
892 925
893 925
894 925
895 925
896 925
897 925
898 925
899 925
900 925
901 925
902 925
903 925
904 925
905 925
906 925
907 925
908 925
909 925
910 925
911 925
912 925
913 925
914 925
915 925
916 925
917 925
918 925
919 925
920 925
921 925
922 925
923 925
924 925
273 926
850 926
851 926
852 926
853 926
854 926
855 926
856 926
857 926
858 926
859 926
860 926
861 926
862 926
863 926
864 926
865 926
866 926
867 926
868 926
869 926
870 926
871 926
872 926
873 926
874 926
875 926
876 926
877 926
878 926
879 926
880 926
881 926
882 926
883 926
884 926
885 926
886 926
887 926
888 926
889 926
890 926
891 926
892 926
893 926
894 926
895 926
896 926
897 926
898 926
899 926
900 926
901 926
902 926
903 926
904 926
905 926
906 926
907 926
908 926
909 926
910 926
911 926
912 926
913 926
914 926
915 926
916 926
917 926
918 926
919 926
920 926
921 926
922 926
923 926
924 926
925 926
273 927
850 927
851 927
852 927
853 927
854 927
855 927
856 927
857 927
858 927
859 927
860 927
861 927
862 927
863 927
864 927
865 927
866 927
867 927
868 927
869 927
870 927
871 927
872 927
873 927
874 927
875 927
876 927
877 927
878 927
879 927
880 927
881 927
882 927
883 927
884 927
885 927
886 927
887 927
888 927
889 927
890 927
891 927
892 927
893 927
894 927
895 927
896 927
897 927
898 927
899 927
900 927
901 927
902 927
903 927
904 927
905 927
906 927
907 927
908 927
909 927
910 927
911 927
912 927
913 927
914 927
915 927
916 927
917 927
918 927
919 927
920 927
921 927
922 927
923 927
924 927
925 927
926 927
273 928
850 928
851 928
852 928
853 928
854 928
855 928
856 928
857 928
858 928
859 928
860 928
861 928
862 928
863 928
864 928
865 928
866 928
867 928
868 928
869 928
870 928
871 928
872 928
873 928
874 928
875 928
876 928
877 928
878 928
879 928
880 928
881 928
882 928
883 928
884 928
885 928
886 928
887 928
888 928
889 928
890 928
891 928
892 928
893 928
894 928
895 928
896 928
897 928
898 928
899 928
900 928
901 928
902 928
903 928
904 928
905 928
906 928
907 928
908 928
909 928
910 928
911 928
912 928
913 928
914 928
915 928
916 928
917 928
918 928
919 928
920 928
921 928
922 928
923 928
924 928
925 928
926 928
927 928
220 929
220 930
929 930
220 931
929 931
930 931
220 932
929 932
930 932
931 932
220 933
929 933
930 933
931 933
932 933
220 934
929 934
930 934
931 934
932 934
933 934
220 935
929 935
930 935
931 935
932 935
933 935
934 935
220 936
929 936
930 936
931 936
932 936
933 936
934 936
935 936
220 937
929 937
930 937
931 937
932 937
933 937
934 937
935 937
936 937
220 938
929 938
930 938
931 938
932 938
933 938
934 938
935 938
936 938
937 938
220 939
929 939
930 939
931 939
932 939
933 939
934 939
935 939
936 939
937 939
938 939
220 940
929 940
930 940
931 940
932 940
933 940
934 940
935 940
936 940
937 940
938 940
939 940
220 941
929 941
930 941
931 941
932 941
933 941
934 941
935 941
936 941
937 941
938 941
939 941
940 941
220 942
929 942
930 942
931 942
932 942
933 942
934 942
935 942
936 942
937 942
938 942
939 942
940 942
941 942
220 943
929 943
930 943
931 943
932 943
933 943
934 943
935 943
936 943
937 943
938 943
939 943
940 943
941 943
942 943
220 944
929 944
930 944
931 944
932 944
933 944
934 944
935 944
936 944
937 944
938 944
939 944
940 944
941 944
942 944
943 944
220 945
929 945
930 945
931 945
932 945
933 945
934 945
935 945
936 945
937 945
938 945
939 945
940 945
941 945
942 945
943 945
944 945
220 946
929 946
930 946
931 946
932 946
933 946
934 946
935 946
936 946
937 946
938 946
939 946
940 946
941 946
942 946
943 946
944 946
945 946
220 947
929 947
930 947
931 947
932 947
933 947
934 947
935 947
936 947
937 947
938 947
939 947
940 947
941 947
942 947
943 947
944 947
945 947
946 947
220 948
929 948
930 948
931 948
932 948
933 948
934 948
935 948
936 948
937 948
938 948
939 948
940 948
941 948
942 948
943 948
944 948
945 948
946 948
947 948
220 949
929 949
930 949
931 949
932 949
933 949
934 949
935 949
936 949
937 949
938 949
939 949
940 949
941 949
942 949
943 949
944 949
945 949
946 949
947 949
948 949
220 950
929 950
930 950
931 950
932 950
933 950
934 950
935 950
936 950
937 950
938 950
939 950
940 950
941 950
942 950
943 950
944 950
945 950
946 950
947 950
948 950
949 950
220 951
929 951
930 951
931 951
932 951
933 951
934 951
935 951
936 951
937 951
938 951
939 951
940 951
941 951
942 951
943 951
944 951
945 951
946 951
947 951
948 951
949 951
950 951
220 952
929 952
930 952
931 952
932 952
933 952
934 952
935 952
936 952
937 952
938 952
939 952
940 952
941 952
942 952
943 952
944 952
945 952
946 952
947 952
948 952
949 952
950 952
951 952
220 953
929 953
930 953
931 953
932 953
933 953
934 953
935 953
936 953
937 953
938 953
939 953
940 953
941 953
942 953
943 953
944 953
945 953
946 953
947 953
948 953
949 953
950 953
951 953
952 953
220 954
929 954
930 954
931 954
932 954
933 954
934 954
935 954
936 954
937 954
938 954
939 954
940 954
941 954
942 954
943 954
944 954
945 954
946 954
947 954
948 954
949 954
950 954
951 954
952 954
953 954
220 955
929 955
930 955
931 955
932 955
933 955
934 955
935 955
936 955
937 955
938 955
939 955
940 955
941 955
942 955
943 955
944 955
945 955
946 955
947 955
948 955
949 955
950 955
951 955
952 955
953 955
954 955
220 956
929 956
930 956
931 956
932 956
933 956
934 956
935 956
936 956
937 956
938 956
939 956
940 956
941 956
942 956
943 956
944 956
945 956
946 956
947 956
948 956
949 956
950 956
951 956
952 956
953 956
954 956
955 956
220 957
929 957
930 957
931 957
932 957
933 957
934 957
935 957
936 957
937 957
938 957
939 957
940 957
941 957
942 957
943 957
944 957
945 957
946 957
947 957
948 957
949 957
950 957
951 957
952 957
953 957
954 957
955 957
956 957
220 958
929 958
930 958
931 958
932 958
933 958
934 958
935 958
936 958
937 958
938 958
939 958
940 958
941 958
942 958
943 958
944 958
945 958
946 958
947 958
948 958
949 958
950 958
951 958
952 958
953 958
954 958
955 958
956 958
957 958
220 959
929 959
930 959
931 959
932 959
933 959
934 959
935 959
936 959
937 959
938 959
939 959
940 959
941 959
942 959
943 959
944 959
945 959
946 959
947 959
948 959
949 959
950 959
951 959
952 959
953 959
954 959
955 959
956 959
957 959
958 959
220 960
929 960
930 960
931 960
932 960
933 960
934 960
935 960
936 960
937 960
938 960
939 960
940 960
941 960
942 960
943 960
944 960
945 960
946 960
947 960
948 960
949 960
950 960
951 960
952 960
953 960
954 960
955 960
956 960
957 960
958 960
959 960
220 961
929 961
930 961
931 961
932 961
933 961
934 961
935 961
936 961
937 961
938 961
939 961
940 961
941 961
942 961
943 961
944 961
945 961
946 961
947 961
948 961
949 961
950 961
951 961
952 961
953 961
954 961
955 961
956 961
957 961
958 961
959 961
960 961
220 962
929 962
930 962
931 962
932 962
933 962
934 962
935 962
936 962
937 962
938 962
939 962
940 962
941 962
942 962
943 962
944 962
945 962
946 962
947 962
948 962
949 962
950 962
951 962
952 962
953 962
954 962
955 962
956 962
957 962
958 962
959 962
960 962
961 962
220 963
929 963
930 963
931 963
932 963
933 963
934 963
935 963
936 963
937 963
938 963
939 963
940 963
941 963
942 963
943 963
944 963
945 963
946 963
947 963
948 963
949 963
950 963
951 963
952 963
953 963
954 963
955 963
956 963
957 963
958 963
959 963
960 963
961 963
962 963
220 964
929 964
930 964
931 964
932 964
933 964
934 964
935 964
936 964
937 964
938 964
939 964
940 964
941 964
942 964
943 964
944 964
945 964
946 964
947 964
948 964
949 964
950 964
951 964
952 964
953 964
954 964
955 964
956 964
957 964
958 964
959 964
960 964
961 964
962 964
963 964
220 965
929 965
930 965
931 965
932 965
933 965
934 965
935 965
936 965
937 965
938 965
939 965
940 965
941 965
942 965
943 965
944 965
945 965
946 965
947 965
948 965
949 965
950 965
951 965
952 965
953 965
954 965
955 965
956 965
957 965
958 965
959 965
960 965
961 965
962 965
963 965
964 965
220 966
929 966
930 966
931 966
932 966
933 966
934 966
935 966
936 966
937 966
938 966
939 966
940 966
941 966
942 966
943 966
944 966
945 966
946 966
947 966
948 966
949 966
950 966
951 966
952 966
953 966
954 966
955 966
956 966
957 966
958 966
959 966
960 966
961 966
962 966
963 966
964 966
965 966
220 967
929 967
930 967
931 967
932 967
933 967
934 967
935 967
936 967
937 967
938 967
939 967
940 967
941 967
942 967
943 967
944 967
945 967
946 967
947 967
948 967
949 967
950 967
951 967
952 967
953 967
954 967
955 967
956 967
957 967
958 967
959 967
960 967
961 967
962 967
963 967
964 967
965 967
966 967
220 968
929 968
930 968
931 968
932 968
933 968
934 968
935 968
936 968
937 968
938 968
939 968
940 968
941 968
942 968
943 968
944 968
945 968
946 968
947 968
948 968
949 968
950 968
951 968
952 968
953 968
954 968
955 968
956 968
957 968
958 968
959 968
960 968
961 968
962 968
963 968
964 968
965 968
966 968
967 968
220 969
929 969
930 969
931 969
932 969
933 969
934 969
935 969
936 969
937 969
938 969
939 969
940 969
941 969
942 969
943 969
944 969
945 969
946 969
947 969
948 969
949 969
950 969
951 969
952 969
953 969
954 969
955 969
956 969
957 969
958 969
959 969
960 969
961 969
962 969
963 969
964 969
965 969
966 969
967 969
968 969
220 970
929 970
930 970
931 970
932 970
933 970
934 970
935 970
936 970
937 970
938 970
939 970
940 970
941 970
942 970
943 970
944 970
945 970
946 970
947 970
948 970
949 970
950 970
951 970
952 970
953 970
954 970
955 970
956 970
957 970
958 970
959 970
960 970
961 970
962 970
963 970
964 970
965 970
966 970
967 970
968 970
969 970
220 971
929 971
930 971
931 971
932 971
933 971
934 971
935 971
936 971
937 971
938 971
939 971
940 971
941 971
942 971
943 971
944 971
945 971
946 971
947 971
948 971
949 971
950 971
951 971
952 971
953 971
954 971
955 971
956 971
957 971
958 971
959 971
960 971
961 971
962 971
963 971
964 971
965 971
966 971
967 971
968 971
969 971
970 971
220 972
929 972
930 972
931 972
932 972
933 972
934 972
935 972
936 972
937 972
938 972
939 972
940 972
941 972
942 972
943 972
944 972
945 972
946 972
947 972
948 972
949 972
950 972
951 972
952 972
953 972
954 972
955 972
956 972
957 972
958 972
959 972
960 972
961 972
962 972
963 972
964 972
965 972
966 972
967 972
968 972
969 972
970 972
971 972
220 973
929 973
930 973
931 973
932 973
933 973
934 973
935 973
936 973
937 973
938 973
939 973
940 973
941 973
942 973
943 973
944 973
945 973
946 973
947 973
948 973
949 973
950 973
951 973
952 973
953 973
954 973
955 973
956 973
957 973
958 973
959 973
960 973
961 973
962 973
963 973
964 973
965 973
966 973
967 973
968 973
969 973
970 973
971 973
972 973
220 974
929 974
930 974
931 974
932 974
933 974
934 974
935 974
936 974
937 974
938 974
939 974
940 974
941 974
942 974
943 974
944 974
945 974
946 974
947 974
948 974
949 974
950 974
951 974
952 974
953 974
954 974
955 974
956 974
957 974
958 974
959 974
960 974
961 974
962 974
963 974
964 974
965 974
966 974
967 974
968 974
969 974
970 974
971 974
972 974
973 974
220 975
929 975
930 975
931 975
932 975
933 975
934 975
935 975
936 975
937 975
938 975
939 975
940 975
941 975
942 975
943 975
944 975
945 975
946 975
947 975
948 975
949 975
950 975
951 975
952 975
953 975
954 975
955 975
956 975
957 975
958 975
959 975
960 975
961 975
962 975
963 975
964 975
965 975
966 975
967 975
968 975
969 975
970 975
971 975
972 975
973 975
974 975
220 976
929 976
930 976
931 976
932 976
933 976
934 976
935 976
936 976
937 976
938 976
939 976
940 976
941 976
942 976
943 976
944 976
945 976
946 976
947 976
948 976
949 976
950 976
951 976
952 976
953 976
954 976
955 976
956 976
957 976
958 976
959 976
960 976
961 976
962 976
963 976
964 976
965 976
966 976
967 976
968 976
969 976
970 976
971 976
972 976
973 976
974 976
975 976
220 977
929 977
930 977
931 977
932 977
933 977
934 977
935 977
936 977
937 977
938 977
939 977
940 977
941 977
942 977
943 977
944 977
945 977
946 977
947 977
948 977
949 977
950 977
951 977
952 977
953 977
954 977
955 977
956 977
957 977
958 977
959 977
960 977
961 977
962 977
963 977
964 977
965 977
966 977
967 977
968 977
969 977
970 977
971 977
972 977
973 977
974 977
975 977
976 977
220 978
929 978
930 978
931 978
932 978
933 978
934 978
935 978
936 978
937 978
938 978
939 978
940 978
941 978
942 978
943 978
944 978
945 978
946 978
947 978
948 978
949 978
950 978
951 978
952 978
953 978
954 978
955 978
956 978
957 978
958 978
959 978
960 978
961 978
962 978
963 978
964 978
965 978
966 978
967 978
968 978
969 978
970 978
971 978
972 978
973 978
974 978
975 978
976 978
977 978
220 979
929 979
930 979
931 979
932 979
933 979
934 979
935 979
936 979
937 979
938 979
939 979
940 979
941 979
942 979
943 979
944 979
945 979
946 979
947 979
948 979
949 979
950 979
951 979
952 979
953 979
954 979
955 979
956 979
957 979
958 979
959 979
960 979
961 979
962 979
963 979
964 979
965 979
966 979
967 979
968 979
969 979
970 979
971 979
972 979
973 979
974 979
975 979
976 979
977 979
978 979
220 980
929 980
930 980
931 980
932 980
933 980
934 980
935 980
936 980
937 980
938 980
939 980
940 980
941 980
942 980
943 980
944 980
945 980
946 980
947 980
948 980
949 980
950 980
951 980
952 980
953 980
954 980
955 980
956 980
957 980
958 980
959 980
960 980
961 980
962 980
963 980
964 980
965 980
966 980
967 980
968 980
969 980
970 980
971 980
972 980
973 980
974 980
975 980
976 980
977 980
978 980
979 980
220 981
929 981
930 981
931 981
932 981
933 981
934 981
935 981
936 981
937 981
938 981
939 981
940 981
941 981
942 981
943 981
944 981
945 981
946 981
947 981
948 981
949 981
950 981
951 981
952 981
953 981
954 981
955 981
956 981
957 981
958 981
959 981
960 981
961 981
962 981
963 981
964 981
965 981
966 981
967 981
968 981
969 981
970 981
971 981
972 981
973 981
974 981
975 981
976 981
977 981
978 981
979 981
980 981
220 982
929 982
930 982
931 982
932 982
933 982
934 982
935 982
936 982
937 982
938 982
939 982
940 982
941 982
942 982
943 982
944 982
945 982
946 982
947 982
948 982
949 982
950 982
951 982
952 982
953 982
954 982
955 982
956 982
957 982
958 982
959 982
960 982
961 982
962 982
963 982
964 982
965 982
966 982
967 982
968 982
969 982
970 982
971 982
972 982
973 982
974 982
975 982
976 982
977 982
978 982
979 982
980 982
981 982
220 983
929 983
930 983
931 983
932 983
933 983
934 983
935 983
936 983
937 983
938 983
939 983
940 983
941 983
942 983
943 983
944 983
945 983
946 983
947 983
948 983
949 983
950 983
951 983
952 983
953 983
954 983
955 983
956 983
957 983
958 983
959 983
960 983
961 983
962 983
963 983
964 983
965 983
966 983
967 983
968 983
969 983
970 983
971 983
972 983
973 983
974 983
975 983
976 983
977 983
978 983
979 983
980 983
981 983
982 983
220 984
929 984
930 984
931 984
932 984
933 984
934 984
935 984
936 984
937 984
938 984
939 984
940 984
941 984
942 984
943 984
944 984
945 984
946 984
947 984
948 984
949 984
950 984
951 984
952 984
953 984
954 984
955 984
956 984
957 984
958 984
959 984
960 984
961 984
962 984
963 984
964 984
965 984
966 984
967 984
968 984
969 984
970 984
971 984
972 984
973 984
974 984
975 984
976 984
977 984
978 984
979 984
980 984
981 984
982 984
983 984
220 985
929 985
930 985
931 985
932 985
933 985
934 985
935 985
936 985
937 985
938 985
939 985
940 985
941 985
942 985
943 985
944 985
945 985
946 985
947 985
948 985
949 985
950 985
951 985
952 985
953 985
954 985
955 985
956 985
957 985
958 985
959 985
960 985
961 985
962 985
963 985
964 985
965 985
966 985
967 985
968 985
969 985
970 985
971 985
972 985
973 985
974 985
975 985
976 985
977 985
978 985
979 985
980 985
981 985
982 985
983 985
984 985
220 986
929 986
930 986
931 986
932 986
933 986
934 986
935 986
936 986
937 986
938 986
939 986
940 986
941 986
942 986
943 986
944 986
945 986
946 986
947 986
948 986
949 986
950 986
951 986
952 986
953 986
954 986
955 986
956 986
957 986
958 986
959 986
960 986
961 986
962 986
963 986
964 986
965 986
966 986
967 986
968 986
969 986
970 986
971 986
972 986
973 986
974 986
975 986
976 986
977 986
978 986
979 986
980 986
981 986
982 986
983 986
984 986
985 986
220 987
929 987
930 987
931 987
932 987
933 987
934 987
935 987
936 987
937 987
938 987
939 987
940 987
941 987
942 987
943 987
944 987
945 987
946 987
947 987
948 987
949 987
950 987
951 987
952 987
953 987
954 987
955 987
956 987
957 987
958 987
959 987
960 987
961 987
962 987
963 987
964 987
965 987
966 987
967 987
968 987
969 987
970 987
971 987
972 987
973 987
974 987
975 987
976 987
977 987
978 987
979 987
980 987
981 987
982 987
983 987
984 987
985 987
986 987
220 988
929 988
930 988
931 988
932 988
933 988
934 988
935 988
936 988
937 988
938 988
939 988
940 988
941 988
942 988
943 988
944 988
945 988
946 988
947 988
948 988
949 988
950 988
951 988
952 988
953 988
954 988
955 988
956 988
957 988
958 988
959 988
960 988
961 988
962 988
963 988
964 988
965 988
966 988
967 988
968 988
969 988
970 988
971 988
972 988
973 988
974 988
975 988
976 988
977 988
978 988
979 988
980 988
981 988
982 988
983 988
984 988
985 988
986 988
987 988
220 989
929 989
930 989
931 989
932 989
933 989
934 989
935 989
936 989
937 989
938 989
939 989
940 989
941 989
942 989
943 989
944 989
945 989
946 989
947 989
948 989
949 989
950 989
951 989
952 989
953 989
954 989
955 989
956 989
957 989
958 989
959 989
960 989
961 989
962 989
963 989
964 989
965 989
966 989
967 989
968 989
969 989
970 989
971 989
972 989
973 989
974 989
975 989
976 989
977 989
978 989
979 989
980 989
981 989
982 989
983 989
984 989
985 989
986 989
987 989
988 989
220 990
929 990
930 990
931 990
932 990
933 990
934 990
935 990
936 990
937 990
938 990
939 990
940 990
941 990
942 990
943 990
944 990
945 990
946 990
947 990
948 990
949 990
950 990
951 990
952 990
953 990
954 990
955 990
956 990
957 990
958 990
959 990
960 990
961 990
962 990
963 990
964 990
965 990
966 990
967 990
968 990
969 990
970 990
971 990
972 990
973 990
974 990
975 990
976 990
977 990
978 990
979 990
980 990
981 990
982 990
983 990
984 990
985 990
986 990
987 990
988 990
989 990
220 991
929 991
930 991
931 991
932 991
933 991
934 991
935 991
936 991
937 991
938 991
939 991
940 991
941 991
942 991
943 991
944 991
945 991
946 991
947 991
948 991
949 991
950 991
951 991
952 991
953 991
954 991
955 991
956 991
957 991
958 991
959 991
960 991
961 991
962 991
963 991
964 991
965 991
966 991
967 991
968 991
969 991
970 991
971 991
972 991
973 991
974 991
975 991
976 991
977 991
978 991
979 991
980 991
981 991
982 991
983 991
984 991
985 991
986 991
987 991
988 991
989 991
990 991
220 992
929 992
930 992
931 992
932 992
933 992
934 992
935 992
936 992
937 992
938 992
939 992
940 992
941 992
942 992
943 992
944 992
945 992
946 992
947 992
948 992
949 992
950 992
951 992
952 992
953 992
954 992
955 992
956 992
957 992
958 992
959 992
960 992
961 992
962 992
963 992
964 992
965 992
966 992
967 992
968 992
969 992
970 992
971 992
972 992
973 992
974 992
975 992
976 992
977 992
978 992
979 992
980 992
981 992
982 992
983 992
984 992
985 992
986 992
987 992
988 992
989 992
990 992
991 992
220 993
929 993
930 993
931 993
932 993
933 993
934 993
935 993
936 993
937 993
938 993
939 993
940 993
941 993
942 993
943 993
944 993
945 993
946 993
947 993
948 993
949 993
950 993
951 993
952 993
953 993
954 993
955 993
956 993
957 993
958 993
959 993
960 993
961 993
962 993
963 993
964 993
965 993
966 993
967 993
968 993
969 993
970 993
971 993
972 993
973 993
974 993
975 993
976 993
977 993
978 993
979 993
980 993
981 993
982 993
983 993
984 993
985 993
986 993
987 993
988 993
989 993
990 993
991 993
992 993
220 994
929 994
930 994
931 994
932 994
933 994
934 994
935 994
936 994
937 994
938 994
939 994
940 994
941 994
942 994
943 994
944 994
945 994
946 994
947 994
948 994
949 994
950 994
951 994
952 994
953 994
954 994
955 994
956 994
957 994
958 994
959 994
960 994
961 994
962 994
963 994
964 994
965 994
966 994
967 994
968 994
969 994
970 994
971 994
972 994
973 994
974 994
975 994
976 994
977 994
978 994
979 994
980 994
981 994
982 994
983 994
984 994
985 994
986 994
987 994
988 994
989 994
990 994
991 994
992 994
993 994
220 995
929 995
930 995
931 995
932 995
933 995
934 995
935 995
936 995
937 995
938 995
939 995
940 995
941 995
942 995
943 995
944 995
945 995
946 995
947 995
948 995
949 995
950 995
951 995
952 995
953 995
954 995
955 995
956 995
957 995
958 995
959 995
960 995
961 995
962 995
963 995
964 995
965 995
966 995
967 995
968 995
969 995
970 995
971 995
972 995
973 995
974 995
975 995
976 995
977 995
978 995
979 995
980 995
981 995
982 995
983 995
984 995
985 995
986 995
987 995
988 995
989 995
990 995
991 995
992 995
993 995
994 995
643 996
643 997
996 997
643 998
996 998
997 998
643 999
996 999
997 999
998 999
721 1000
