1000 71386
1 2
1 3
2 3
1 4
2 4
3 4
1 5
2 5
3 5
4 5
1 6
2 6
3 6
4 6
5 6
1 7
2 7
3 7
4 7
5 7
6 7
1 8
2 8
3 8
4 8
5 8
6 8
7 8
1 9
2 9
3 9
4 9
5 9
6 9
7 9
8 9
1 10
2 10
3 10
4 10
5 10
6 10
7 10
8 10
9 10
1 11
2 11
3 11
4 11
5 11
6 11
7 11
8 11
9 11
10 11
1 12
2 12
3 12
4 12
5 12
6 12
7 12
8 12
9 12
10 12
11 12
1 13
2 13
3 13
4 13
5 13
6 13
7 13
8 13
9 13
10 13
11 13
12 13
1 14
2 14
3 14
4 14
5 14
6 14
7 14
8 14
9 14
10 14
11 14
12 14
13 14
1 15
2 15
3 15
4 15
5 15
6 15
7 15
8 15
9 15
10 15
11 15
12 15
13 15
14 15
1 16
2 16
3 16
4 16
5 16
6 16
7 16
8 16
9 16
10 16
11 16
12 16
13 16
14 16
15 16
1 17
2 17
3 17
4 17
5 17
6 17
7 17
8 17
9 17
10 17
11 17
12 17
13 17
14 17
15 17
16 17
1 18
2 18
3 18
4 18
5 18
6 18
7 18
8 18
9 18
10 18
11 18
12 18
13 18
14 18
15 18
16 18
17 18
1 19
2 19
3 19
4 19
5 19
6 19
7 19
8 19
9 19
10 19
11 19
12 19
13 19
14 19
15 19
16 19
17 19
18 19
1 20
2 20
3 20
4 20
5 20
6 20
7 20
8 20
9 20
10 20
11 20
12 20
13 20
14 20
15 20
16 20
17 20
18 20
19 20
1 21
2 21
3 21
4 21
5 21
6 21
7 21
8 21
9 21
10 21
11 21
12 21
13 21
14 21
15 21
16 21
17 21
18 21
19 21
20 21
1 22
2 22
3 22
4 22
5 22
6 22
7 22
8 22
9 22
10 22
11 22
12 22
13 22
14 22
15 22
16 22
17 22
18 22
19 22
20 22
21 22
1 23
2 23
3 23
4 23
5 23
6 23
7 23
8 23
9 23
10 23
11 23
12 23
13 23
14 23
15 23
16 23
17 23
18 23
19 23
20 23
21 23
22 23
1 24
2 24
3 24
4 24
5 24
6 24
7 24
8 24
9 24
10 24
11 24
12 24
13 24
14 24
15 24
16 24
17 24
18 24
19 24
20 24
21 24
22 24
23 24
1 25
2 25
3 25
4 25
5 25
6 25
7 25
8 25
9 25
10 25
11 25
12 25
13 25
14 25
15 25
16 25
17 25
18 25
19 25
20 25
21 25
22 25
23 25
24 25
1 26
2 26
3 26
4 26
5 26
6 26
7 26
8 26
9 26
10 26
11 26
12 26
13 26
14 26
15 26
16 26
17 26
18 26
19 26
20 26
21 26
22 26
23 26
24 26
25 26
1 27
2 27
3 27
4 27
5 27
6 27
7 27
8 27
9 27
10 27
11 27
12 27
13 27
14 27
15 27
16 27
17 27
18 27
19 27
20 27
21 27
22 27
23 27
24 27
25 27
26 27
1 28
2 28
3 28
4 28
5 28
6 28
7 28
8 28
9 28
10 28
11 28
12 28
13 28
14 28
15 28
16 28
17 28
18 28
19 28
20 28
21 28
22 28
23 28
24 28
25 28
26 28
27 28
1 29
2 29
3 29
4 29
5 29
6 29
7 29
8 29
9 29
10 29
11 29
12 29
13 29
14 29
15 29
16 29
17 29
18 29
19 29
20 29
21 29
22 29
23 29
24 29
25 29
26 29
27 29
28 29
1 30
2 30
3 30
4 30
5 30
6 30
7 30
8 30
9 30
10 30
11 30
12 30
13 30
14 30
15 30
16 30
17 30
18 30
19 30
20 30
21 30
22 30
23 30
24 30
25 30
26 30
27 30
28 30
29 30
1 31
2 31
3 31
4 31
5 31
6 31
7 31
8 31
9 31
10 31
11 31
12 31
13 31
14 31
15 31
16 31
17 31
18 31
19 31
20 31
21 31
22 31
23 31
24 31
25 31
26 31
27 31
28 31
29 31
30 31
1 32
2 32
3 32
4 32
5 32
6 32
7 32
8 32
9 32
10 32
11 32
12 32
13 32
14 32
15 32
16 32
17 32
18 32
19 32
20 32
21 32
22 32
23 32
24 32
25 32
26 32
27 32
28 32
29 32
30 32
31 32
1 33
2 33
3 33
4 33
5 33
6 33
7 33
8 33
9 33
10 33
11 33
12 33
13 33
14 33
15 33
16 33
17 33
18 33
19 33
20 33
21 33
22 33
23 33
24 33
25 33
26 33
27 33
28 33
29 33
30 33
31 33
32 33
1 34
2 34
3 34
4 34
5 34
6 34
7 34
8 34
9 34
10 34
11 34
12 34
13 34
14 34
15 34
16 34
17 34
18 34
19 34
20 34
21 34
22 34
23 34
24 34
25 34
26 34
27 34
28 34
29 34
30 34
31 34
32 34
33 34
1 35
2 35
3 35
4 35
5 35
6 35
7 35
8 35
9 35
10 35
11 35
12 35
13 35
14 35
15 35
16 35
17 35
18 35
19 35
20 35
21 35
22 35
23 35
24 35
25 35
26 35
27 35
28 35
29 35
30 35
31 35
32 35
33 35
34 35
1 36
2 36
3 36
4 36
5 36
6 36
7 36
8 36
9 36
10 36
11 36
12 36
13 36
14 36
15 36
16 36
17 36
18 36
19 36
20 36
21 36
22 36
23 36
24 36
25 36
26 36
27 36
28 36
29 36
30 36
31 36
32 36
33 36
34 36
35 36
1 37
2 37
3 37
4 37
5 37
6 37
7 37
8 37
9 37
10 37
11 37
12 37
13 37
14 37
15 37
16 37
17 37
18 37
19 37
20 37
21 37
22 37
23 37
24 37
25 37
26 37
27 37
28 37
29 37
30 37
31 37
32 37
33 37
34 37
35 37
36 37
1 38
2 38
3 38
4 38
5 38
6 38
7 38
8 38
9 38
10 38
11 38
12 38
13 38
14 38
15 38
16 38
17 38
18 38
19 38
20 38
21 38
22 38
23 38
24 38
25 38
26 38
27 38
28 38
29 38
30 38
31 38
32 38
33 38
34 38
35 38
36 38
37 38
1 39
2 39
3 39
4 39
5 39
6 39
7 39
8 39
9 39
10 39
11 39
12 39
13 39
14 39
15 39
16 39
17 39
18 39
19 39
20 39
21 39
22 39
23 39
24 39
25 39
26 39
27 39
28 39
29 39
30 39
31 39
32 39
33 39
34 39
35 39
36 39
37 39
38 39
1 40
2 40
3 40
4 40
5 40
6 40
7 40
8 40
9 40
10 40
11 40
12 40
13 40
14 40
15 40
16 40
17 40
18 40
19 40
20 40
21 40
22 40
23 40
24 40
25 40
26 40
27 40
28 40
29 40
30 40
31 40
32 40
33 40
34 40
35 40
36 40
37 40
38 40
39 40
1 41
2 41
3 41
4 41
5 41
6 41
7 41
8 41
9 41
10 41
11 41
12 41
13 41
14 41
15 41
16 41
17 41
18 41
19 41
20 41
21 41
22 41
23 41
24 41
25 41
26 41
27 41
28 41
29 41
30 41
31 41
32 41
33 41
34 41
35 41
36 41
37 41
38 41
39 41
40 41
1 42
2 42
3 42
4 42
5 42
6 42
7 42
8 42
9 42
10 42
11 42
12 42
13 42
14 42
15 42
16 42
17 42
18 42
19 42
20 42
21 42
22 42
23 42
24 42
25 42
26 42
27 42
28 42
29 42
30 42
31 42
32 42
33 42
34 42
35 42
36 42
37 42
38 42
39 42
40 42
41 42
1 43
2 43
3 43
4 43
5 43
6 43
7 43
8 43
9 43
10 43
11 43
12 43
13 43
14 43
15 43
16 43
17 43
18 43
19 43
20 43
21 43
22 43
23 43
24 43
25 43
26 43
27 43
28 43
29 43
30 43
31 43
32 43
33 43
34 43
35 43
36 43
37 43
38 43
39 43
40 43
41 43
42 43
1 44
2 44
3 44
4 44
5 44
6 44
7 44
8 44
9 44
10 44
11 44
12 44
13 44
14 44
15 44
16 44
17 44
18 44
19 44
20 44
21 44
22 44
23 44
24 44
25 44
26 44
27 44
28 44
29 44
30 44
31 44
32 44
33 44
34 44
35 44
36 44
37 44
38 44
39 44
40 44
41 44
42 44
43 44
1 45
2 45
3 45
4 45
5 45
6 45
7 45
8 45
9 45
10 45
11 45
12 45
13 45
14 45
15 45
16 45
17 45
18 45
19 45
20 45
21 45
22 45
23 45
24 45
25 45
26 45
27 45
28 45
29 45
30 45
31 45
32 45
33 45
34 45
35 45
36 45
37 45
38 45
39 45
40 45
41 45
42 45
43 45
44 45
1 46
2 46
3 46
4 46
5 46
6 46
7 46
8 46
9 46
10 46
11 46
12 46
13 46
14 46
15 46
16 46
17 46
18 46
19 46
20 46
21 46
22 46
23 46
24 46
25 46
26 46
27 46
28 46
29 46
30 46
31 46
32 46
33 46
34 46
35 46
36 46
37 46
38 46
39 46
40 46
41 46
42 46
43 46
44 46
45 46
1 47
2 47
3 47
4 47
5 47
6 47
7 47
8 47
9 47
10 47
11 47
12 47
13 47
14 47
15 47
16 47
17 47
18 47
19 47
20 47
21 47
22 47
23 47
24 47
25 47
26 47
27 47
28 47
29 47
30 47
31 47
32 47
33 47
34 47
35 47
36 47
37 47
38 47
39 47
40 47
41 47
42 47
43 47
44 47
45 47
46 47
1 48
2 48
3 48
4 48
5 48
6 48
7 48
8 48
9 48
10 48
11 48
12 48
13 48
14 48
15 48
16 48
17 48
18 48
19 48
20 48
21 48
22 48
23 48
24 48
25 48
26 48
27 48
28 48
29 48
30 48
31 48
32 48
33 48
34 48
35 48
36 48
37 48
38 48
39 48
40 48
41 48
42 48
43 48
44 48
45 48
46 48
47 48
1 49
2 49
3 49
4 49
5 49
6 49
7 49
8 49
9 49
10 49
11 49
12 49
13 49
14 49
15 49
16 49
17 49
18 49
19 49
20 49
21 49
22 49
23 49
24 49
25 49
26 49
27 49
28 49
29 49
30 49
31 49
32 49
33 49
34 49
35 49
36 49
37 49
38 49
39 49
40 49
41 49
42 49
43 49
44 49
45 49
46 49
47 49
48 49
1 50
2 50
3 50
4 50
5 50
6 50
7 50
8 50
9 50
10 50
11 50
12 50
13 50
14 50
15 50
16 50
17 50
18 50
19 50
20 50
21 50
22 50
23 50
24 50
25 50
26 50
27 50
28 50
29 50
30 50
31 50
32 50
33 50
34 50
35 50
36 50
37 50
38 50
39 50
40 50
41 50
42 50
43 50
44 50
45 50
46 50
47 50
48 50
49 50
1 51
2 51
3 51
4 51
5 51
6 51
7 51
8 51
9 51
10 51
11 51
12 51
13 51
14 51
15 51
16 51
17 51
18 51
19 51
20 51
21 51
22 51
23 51
24 51
25 51
26 51
27 51
28 51
29 51
30 51
31 51
32 51
33 51
34 51
35 51
36 51
37 51
38 51
39 51
40 51
41 51
42 51
43 51
44 51
45 51
46 51
47 51
48 51
49 51
50 51
1 52
2 52
3 52
4 52
5 52
6 52
7 52
8 52
9 52
10 52
11 52
12 52
13 52
14 52
15 52
16 52
17 52
18 52
19 52
20 52
21 52
22 52
23 52
24 52
25 52
26 52
27 52
28 52
29 52
30 52
31 52
32 52
33 52
34 52
35 52
36 52
37 52
38 52
39 52
40 52
41 52
42 52
43 52
44 52
45 52
46 52
47 52
48 52
49 52
50 52
51 52
1 53
2 53
3 53
4 53
5 53
6 53
7 53
8 53
9 53
10 53
11 53
12 53
13 53
14 53
15 53
16 53
17 53
18 53
19 53
20 53
21 53
22 53
23 53
24 53
25 53
26 53
27 53
28 53
29 53
30 53
31 53
32 53
33 53
34 53
35 53
36 53
37 53
38 53
39 53
40 53
41 53
42 53
43 53
44 53
45 53
46 53
47 53
48 53
49 53
50 53
51 53
52 53
1 54
2 54
3 54
4 54
5 54
6 54
7 54
8 54
9 54
10 54
11 54
12 54
13 54
14 54
15 54
16 54
17 54
18 54
19 54
20 54
21 54
22 54
23 54
24 54
25 54
26 54
27 54
28 54
29 54
30 54
31 54
32 54
33 54
34 54
35 54
36 54
37 54
38 54
39 54
40 54
41 54
42 54
43 54
44 54
45 54
46 54
47 54
48 54
49 54
50 54
51 54
52 54
53 54
1 55
2 55
3 55
4 55
5 55
6 55
7 55
8 55
9 55
10 55
11 55
12 55
13 55
14 55
15 55
16 55
17 55
18 55
19 55
20 55
21 55
22 55
23 55
24 55
25 55
26 55
27 55
28 55
29 55
30 55
31 55
32 55
33 55
34 55
35 55
36 55
37 55
38 55
39 55
40 55
41 55
42 55
43 55
44 55
45 55
46 55
47 55
48 55
49 55
50 55
51 55
52 55
53 55
54 55
1 56
2 56
3 56
4 56
5 56
6 56
7 56
8 56
9 56
10 56
11 56
12 56
13 56
14 56
15 56
16 56
17 56
18 56
19 56
20 56
21 56
22 56
23 56
24 56
25 56
26 56
27 56
28 56
29 56
30 56
31 56
32 56
33 56
34 56
35 56
36 56
37 56
38 56
39 56
40 56
41 56
42 56
43 56
44 56
45 56
46 56
47 56
48 56
49 56
50 56
51 56
52 56
53 56
54 56
55 56
1 57
2 57
3 57
4 57
5 57
6 57
7 57
8 57
9 57
10 57
11 57
12 57
13 57
14 57
15 57
16 57
17 57
18 57
19 57
20 57
21 57
22 57
23 57
24 57
25 57
26 57
27 57
28 57
29 57
30 57
31 57
32 57
33 57
34 57
35 57
36 57
37 57
38 57
39 57
40 57
41 57
42 57
43 57
44 57
45 57
46 57
47 57
48 57
49 57
50 57
51 57
52 57
53 57
54 57
55 57
56 57
1 58
2 58
3 58
4 58
5 58
6 58
7 58
8 58
9 58
10 58
11 58
12 58
13 58
14 58
15 58
16 58
17 58
18 58
19 58
20 58
21 58
22 58
23 58
24 58
25 58
26 58
27 58
28 58
29 58
30 58
31 58
32 58
33 58
34 58
35 58
36 58
37 58
38 58
39 58
40 58
41 58
42 58
43 58
44 58
45 58
46 58
47 58
48 58
49 58
50 58
51 58
52 58
53 58
54 58
55 58
56 58
57 58
1 59
2 59
3 59
4 59
5 59
6 59
7 59
8 59
9 59
10 59
11 59
12 59
13 59
14 59
15 59
16 59
17 59
18 59
19 59
20 59
21 59
22 59
23 59
24 59
25 59
26 59
27 59
28 59
29 59
30 59
31 59
32 59
33 59
34 59
35 59
36 59
37 59
38 59
39 59
40 59
41 59
42 59
43 59
44 59
45 59
46 59
47 59
48 59
49 59
50 59
51 59
52 59
53 59
54 59
55 59
56 59
57 59
58 59
1 60
2 60
3 60
4 60
5 60
6 60
7 60
8 60
9 60
10 60
11 60
12 60
13 60
14 60
15 60
16 60
17 60
18 60
19 60
20 60
21 60
22 60
23 60
24 60
25 60
26 60
27 60
28 60
29 60
30 60
31 60
32 60
33 60
34 60
35 60
36 60
37 60
38 60
39 60
40 60
41 60
42 60
43 60
44 60
45 60
46 60
47 60
48 60
49 60
50 60
51 60
52 60
53 60
54 60
55 60
56 60
57 60
58 60
59 60
1 61
2 61
3 61
4 61
5 61
6 61
7 61
8 61
9 61
10 61
11 61
12 61
13 61
14 61
15 61
16 61
17 61
18 61
19 61
20 61
21 61
22 61
23 61
24 61
25 61
26 61
27 61
28 61
29 61
30 61
31 61
32 61
33 61
34 61
35 61
36 61
37 61
38 61
39 61
40 61
41 61
42 61
43 61
44 61
45 61
46 61
47 61
48 61
49 61
50 61
51 61
52 61
53 61
54 61
55 61
56 61
57 61
58 61
59 61
60 61
1 62
2 62
3 62
4 62
5 62
6 62
7 62
8 62
9 62
10 62
11 62
12 62
13 62
14 62
15 62
16 62
17 62
18 62
19 62
20 62
21 62
22 62
23 62
24 62
25 62
26 62
27 62
28 62
29 62
30 62
31 62
32 62
33 62
34 62
35 62
36 62
37 62
38 62
39 62
40 62
41 62
42 62
43 62
44 62
45 62
46 62
47 62
48 62
49 62
50 62
51 62
52 62
53 62
54 62
55 62
56 62
57 62
58 62
59 62
60 62
61 62
1 63
2 63
3 63
4 63
5 63
6 63
7 63
8 63
9 63
10 63
11 63
12 63
13 63
14 63
15 63
16 63
17 63
18 63
19 63
20 63
21 63
22 63
23 63
24 63
25 63
26 63
27 63
28 63
29 63
30 63
31 63
32 63
33 63
34 63
35 63
36 63
37 63
38 63
39 63
40 63
41 63
42 63
43 63
44 63
45 63
46 63
47 63
48 63
49 63
50 63
51 63
52 63
53 63
54 63
55 63
56 63
57 63
58 63
59 63
60 63
61 63
62 63
1 64
2 64
3 64
4 64
5 64
6 64
7 64
8 64
9 64
10 64
11 64
12 64
13 64
14 64
15 64
16 64
17 64
18 64
19 64
20 64
21 64
22 64
23 64
24 64
25 64
26 64
27 64
28 64
29 64
30 64
31 64
32 64
33 64
34 64
35 64
36 64
37 64
38 64
39 64
40 64
41 64
42 64
43 64
44 64
45 64
46 64
47 64
48 64
49 64
50 64
51 64
52 64
53 64
54 64
55 64
56 64
57 64
58 64
59 64
60 64
61 64
62 64
63 64
1 65
2 65
3 65
4 65
5 65
6 65
7 65
8 65
9 65
10 65
11 65
12 65
13 65
14 65
15 65
16 65
17 65
18 65
19 65
20 65
21 65
22 65
23 65
24 65
25 65
26 65
27 65
28 65
29 65
30 65
31 65
32 65
33 65
34 65
35 65
36 65
37 65
38 65
39 65
40 65
41 65
42 65
43 65
44 65
45 65
46 65
47 65
48 65
49 65
50 65
51 65
52 65
53 65
54 65
55 65
56 65
57 65
58 65
59 65
60 65
61 65
62 65
63 65
64 65
1 66
2 66
3 66
4 66
5 66
6 66
7 66
8 66
9 66
10 66
11 66
12 66
13 66
14 66
15 66
16 66
17 66
18 66
19 66
20 66
21 66
22 66
23 66
24 66
25 66
26 66
27 66
28 66
29 66
30 66
31 66
32 66
33 66
34 66
35 66
36 66
37 66
38 66
39 66
40 66
41 66
42 66
43 66
44 66
45 66
46 66
47 66
48 66
49 66
50 66
51 66
52 66
53 66
54 66
55 66
56 66
57 66
58 66
59 66
60 66
61 66
62 66
63 66
64 66
65 66
1 67
2 67
3 67
4 67
5 67
6 67
7 67
8 67
9 67
10 67
11 67
12 67
13 67
14 67
15 67
16 67
17 67
18 67
19 67
20 67
21 67
22 67
23 67
24 67
25 67
26 67
27 67
28 67
29 67
30 67
31 67
32 67
33 67
34 67
35 67
36 67
37 67
38 67
39 67
40 67
41 67
42 67
43 67
44 67
45 67
46 67
47 67
48 67
49 67
50 67
51 67
52 67
53 67
54 67
55 67
56 67
57 67
58 67
59 67
60 67
61 67
62 67
63 67
64 67
65 67
66 67
1 68
2 68
3 68
4 68
5 68
6 68
7 68
8 68
9 68
10 68
11 68
12 68
13 68
14 68
15 68
16 68
17 68
18 68
19 68
20 68
21 68
22 68
23 68
24 68
25 68
26 68
27 68
28 68
29 68
30 68
31 68
32 68
33 68
34 68
35 68
36 68
37 68
38 68
39 68
40 68
41 68
42 68
43 68
44 68
45 68
46 68
47 68
48 68
49 68
50 68
51 68
52 68
53 68
54 68
55 68
56 68
57 68
58 68
59 68
60 68
61 68
62 68
63 68
64 68
65 68
66 68
67 68
1 69
2 69
3 69
4 69
5 69
6 69
7 69
8 69
9 69
10 69
11 69
12 69
13 69
14 69
15 69
16 69
17 69
18 69
19 69
20 69
21 69
22 69
23 69
24 69
25 69
26 69
27 69
28 69
29 69
30 69
31 69
32 69
33 69
34 69
35 69
36 69
37 69
38 69
39 69
40 69
41 69
42 69
43 69
44 69
45 69
46 69
47 69
48 69
49 69
50 69
51 69
52 69
53 69
54 69
55 69
56 69
57 69
58 69
59 69
60 69
61 69
62 69
63 69
64 69
65 69
66 69
67 69
68 69
1 70
2 70
3 70
4 70
5 70
6 70
7 70
8 70
9 70
10 70
11 70
12 70
13 70
14 70
15 70
16 70
17 70
18 70
19 70
20 70
21 70
22 70
23 70
24 70
25 70
26 70
27 70
28 70
29 70
30 70
31 70
32 70
33 70
34 70
35 70
36 70
37 70
38 70
39 70
40 70
41 70
42 70
43 70
44 70
45 70
46 70
47 70
48 70
49 70
50 70
51 70
52 70
53 70
54 70
55 70
56 70
57 70
58 70
59 70
60 70
61 70
62 70
63 70
64 70
65 70
66 70
67 70
68 70
69 70
1 71
2 71
3 71
4 71
5 71
6 71
7 71
8 71
9 71
10 71
11 71
12 71
13 71
14 71
15 71
16 71
17 71
18 71
19 71
20 71
21 71
22 71
23 71
24 71
25 71
26 71
27 71
28 71
29 71
30 71
31 71
32 71
33 71
34 71
35 71
36 71
37 71
38 71
39 71
40 71
41 71
42 71
43 71
44 71
45 71
46 71
47 71
48 71
49 71
50 71
51 71
52 71
53 71
54 71
55 71
56 71
57 71
58 71
59 71
60 71
61 71
62 71
63 71
64 71
65 71
66 71
67 71
68 71
69 71
70 71
1 72
2 72
3 72
4 72
5 72
6 72
7 72
8 72
9 72
10 72
11 72
12 72
13 72
14 72
15 72
16 72
17 72
18 72
19 72
20 72
21 72
22 72
23 72
24 72
25 72
26 72
27 72
28 72
29 72
30 72
31 72
32 72
33 72
34 72
35 72
36 72
37 72
38 72
39 72
40 72
41 72
42 72
43 72
44 72
45 72
46 72
47 72
48 72
49 72
50 72
51 72
52 72
53 72
54 72
55 72
56 72
57 72
58 72
59 72
60 72
61 72
62 72
63 72
64 72
65 72
66 72
67 72
68 72
69 72
70 72
71 72
1 73
2 73
3 73
4 73
5 73
6 73
7 73
8 73
9 73
10 73
11 73
12 73
13 73
14 73
15 73
16 73
17 73
18 73
19 73
20 73
21 73
22 73
23 73
24 73
25 73
26 73
27 73
28 73
29 73
30 73
31 73
32 73
33 73
34 73
35 73
36 73
37 73
38 73
39 73
40 73
41 73
42 73
43 73
44 73
45 73
46 73
47 73
48 73
49 73
50 73
51 73
52 73
53 73
54 73
55 73
56 73
57 73
58 73
59 73
60 73
61 73
62 73
63 73
64 73
65 73
66 73
67 73
68 73
69 73
70 73
71 73
72 73
1 74
2 74
3 74
4 74
5 74
6 74
7 74
8 74
9 74
10 74
11 74
12 74
13 74
14 74
15 74
16 74
17 74
18 74
19 74
20 74
21 74
22 74
23 74
24 74
25 74
26 74
27 74
28 74
29 74
30 74
31 74
32 74
33 74
34 74
35 74
36 74
37 74
38 74
39 74
40 74
41 74
42 74
43 74
44 74
45 74
46 74
47 74
48 74
49 74
50 74
51 74
52 74
53 74
54 74
55 74
56 74
57 74
58 74
59 74
60 74
61 74
62 74
63 74
64 74
65 74
66 74
67 74
68 74
69 74
70 74
71 74
72 74
73 74
1 75
2 75
3 75
4 75
5 75
6 75
7 75
8 75
9 75
10 75
11 75
12 75
13 75
14 75
15 75
16 75
17 75
18 75
19 75
20 75
21 75
22 75
23 75
24 75
25 75
26 75
27 75
28 75
29 75
30 75
31 75
32 75
33 75
34 75
35 75
36 75
37 75
38 75
39 75
40 75
41 75
42 75
43 75
44 75
45 75
46 75
47 75
48 75
49 75
50 75
51 75
52 75
53 75
54 75
55 75
56 75
57 75
58 75
59 75
60 75
61 75
62 75
63 75
64 75
65 75
66 75
67 75
68 75
69 75
70 75
71 75
72 75
73 75
74 75
1 76
2 76
3 76
4 76
5 76
6 76
7 76
8 76
9 76
10 76
11 76
12 76
13 76
14 76
15 76
16 76
17 76
18 76
19 76
20 76
21 76
22 76
23 76
24 76
25 76
26 76
27 76
28 76
29 76
30 76
31 76
32 76
33 76
34 76
35 76
36 76
37 76
38 76
39 76
40 76
41 76
42 76
43 76
44 76
45 76
46 76
47 76
48 76
49 76
50 76
51 76
52 76
53 76
54 76
55 76
56 76
57 76
58 76
59 76
60 76
61 76
62 76
63 76
64 76
65 76
66 76
67 76
68 76
69 76
70 76
71 76
72 76
73 76
74 76
75 76
1 77
2 77
3 77
4 77
5 77
6 77
7 77
8 77
9 77
10 77
11 77
12 77
13 77
14 77
15 77
16 77
17 77
18 77
19 77
20 77
21 77
22 77
23 77
24 77
25 77
26 77
27 77
28 77
29 77
30 77
31 77
32 77
33 77
34 77
35 77
36 77
37 77
38 77
39 77
40 77
41 77
42 77
43 77
44 77
45 77
46 77
47 77
48 77
49 77
50 77
51 77
52 77
53 77
54 77
55 77
56 77
57 77
58 77
59 77
60 77
61 77
62 77
63 77
64 77
65 77
66 77
67 77
68 77
69 77
70 77
71 77
72 77
73 77
74 77
75 77
76 77
1 78
2 78
3 78
4 78
5 78
6 78
7 78
8 78
9 78
10 78
11 78
12 78
13 78
14 78
15 78
16 78
17 78
18 78
19 78
20 78
21 78
22 78
23 78
24 78
25 78
26 78
27 78
28 78
29 78
30 78
31 78
32 78
33 78
34 78
35 78
36 78
37 78
38 78
39 78
40 78
41 78
42 78
43 78
44 78
45 78
46 78
47 78
48 78
49 78
50 78
51 78
52 78
53 78
54 78
55 78
56 78
57 78
58 78
59 78
60 78
61 78
62 78
63 78
64 78
65 78
66 78
67 78
68 78
69 78
70 78
71 78
72 78
73 78
74 78
75 78
76 78
77 78
1 79
2 79
3 79
4 79
5 79
6 79
7 79
8 79
9 79
10 79
11 79
12 79
13 79
14 79
15 79
16 79
17 79
18 79
19 79
20 79
21 79
22 79
23 79
24 79
25 79
26 79
27 79
28 79
29 79
30 79
31 79
32 79
33 79
34 79
35 79
36 79
37 79
38 79
39 79
40 79
41 79
42 79
43 79
44 79
45 79
46 79
47 79
48 79
49 79
50 79
51 79
52 79
53 79
54 79
55 79
56 79
57 79
58 79
59 79
60 79
61 79
62 79
63 79
64 79
65 79
66 79
67 79
68 79
69 79
70 79
71 79
72 79
73 79
74 79
75 79
76 79
77 79
78 79
1 80
2 80
3 80
4 80
5 80
6 80
7 80
8 80
9 80
10 80
11 80
12 80
13 80
14 80
15 80
16 80
17 80
18 80
19 80
20 80
21 80
22 80
23 80
24 80
25 80
26 80
27 80
28 80
29 80
30 80
31 80
32 80
33 80
34 80
35 80
36 80
37 80
38 80
39 80
40 80
41 80
42 80
43 80
44 80
45 80
46 80
47 80
48 80
49 80
50 80
51 80
52 80
53 80
54 80
55 80
56 80
57 80
58 80
59 80
60 80
61 80
62 80
63 80
64 80
65 80
66 80
67 80
68 80
69 80
70 80
71 80
72 80
73 80
74 80
75 80
76 80
77 80
78 80
79 80
1 81
2 81
3 81
4 81
5 81
6 81
7 81
8 81
9 81
10 81
11 81
12 81
13 81
14 81
15 81
16 81
17 81
18 81
19 81
20 81
21 81
22 81
23 81
24 81
25 81
26 81
27 81
28 81
29 81
30 81
31 81
32 81
33 81
34 81
35 81
36 81
37 81
38 81
39 81
40 81
41 81
42 81
43 81
44 81
45 81
46 81
47 81
48 81
49 81
50 81
51 81
52 81
53 81
54 81
55 81
56 81
57 81
58 81
59 81
60 81
61 81
62 81
63 81
64 81
65 81
66 81
67 81
68 81
69 81
70 81
71 81
72 81
73 81
74 81
75 81
76 81
77 81
78 81
79 81
80 81
1 82
2 82
3 82
4 82
5 82
6 82
7 82
8 82
9 82
10 82
11 82
12 82
13 82
14 82
15 82
16 82
17 82
18 82
19 82
20 82
21 82
22 82
23 82
24 82
25 82
26 82
27 82
28 82
29 82
30 82
31 82
32 82
33 82
34 82
35 82
36 82
37 82
38 82
39 82
40 82
41 82
42 82
43 82
44 82
45 82
46 82
47 82
48 82
49 82
50 82
51 82
52 82
53 82
54 82
55 82
56 82
57 82
58 82
59 82
60 82
61 82
62 82
63 82
64 82
65 82
66 82
67 82
68 82
69 82
70 82
71 82
72 82
73 82
74 82
75 82
76 82
77 82
78 82
79 82
80 82
81 82
1 83
2 83
3 83
4 83
5 83
6 83
7 83
8 83
9 83
10 83
11 83
12 83
13 83
14 83
15 83
16 83
17 83
18 83
19 83
20 83
21 83
22 83
23 83
24 83
25 83
26 83
27 83
28 83
29 83
30 83
31 83
32 83
33 83
34 83
35 83
36 83
37 83
38 83
39 83
40 83
41 83
42 83
43 83
44 83
45 83
46 83
47 83
48 83
49 83
50 83
51 83
52 83
53 83
54 83
55 83
56 83
57 83
58 83
59 83
60 83
61 83
62 83
63 83
64 83
65 83
66 83
67 83
68 83
69 83
70 83
71 83
72 83
73 83
74 83
75 83
76 83
77 83
78 83
79 83
80 83
81 83
82 83
1 84
2 84
3 84
4 84
5 84
6 84
7 84
8 84
9 84
10 84
11 84
12 84
13 84
14 84
15 84
16 84
17 84
18 84
19 84
20 84
21 84
22 84
23 84
24 84
25 84
26 84
27 84
28 84
29 84
30 84
31 84
32 84
33 84
34 84
35 84
36 84
37 84
38 84
39 84
40 84
41 84
42 84
43 84
44 84
45 84
46 84
47 84
48 84
49 84
50 84
51 84
52 84
53 84
54 84
55 84
56 84
57 84
58 84
59 84
60 84
61 84
62 84
63 84
64 84
65 84
66 84
67 84
68 84
69 84
70 84
71 84
72 84
73 84
74 84
75 84
76 84
77 84
78 84
79 84
80 84
81 84
82 84
83 84
1 85
2 85
3 85
4 85
5 85
6 85
7 85
8 85
9 85
10 85
11 85
12 85
13 85
14 85
15 85
16 85
17 85
18 85
19 85
20 85
21 85
22 85
23 85
24 85
25 85
26 85
27 85
28 85
29 85
30 85
31 85
32 85
33 85
34 85
35 85
36 85
37 85
38 85
39 85
40 85
41 85
42 85
43 85
44 85
45 85
46 85
47 85
48 85
49 85
50 85
51 85
52 85
53 85
54 85
55 85
56 85
57 85
58 85
59 85
60 85
61 85
62 85
63 85
64 85
65 85
66 85
67 85
68 85
69 85
70 85
71 85
72 85
73 85
74 85
75 85
76 85
77 85
78 85
79 85
80 85
81 85
82 85
83 85
84 85
1 86
2 86
3 86
4 86
5 86
6 86
7 86
8 86
9 86
10 86
11 86
12 86
13 86
14 86
15 86
16 86
17 86
18 86
19 86
20 86
21 86
22 86
23 86
24 86
25 86
26 86
27 86
28 86
29 86
30 86
31 86
32 86
33 86
34 86
35 86
36 86
37 86
38 86
39 86
40 86
41 86
42 86
43 86
44 86
45 86
46 86
47 86
48 86
49 86
50 86
51 86
52 86
53 86
54 86
55 86
56 86
57 86
58 86
59 86
60 86
61 86
62 86
63 86
64 86
65 86
66 86
67 86
68 86
69 86
70 86
71 86
72 86
73 86
74 86
75 86
76 86
77 86
78 86
79 86
80 86
81 86
82 86
83 86
84 86
85 86
1 87
2 87
3 87
4 87
5 87
6 87
7 87
8 87
9 87
10 87
11 87
12 87
13 87
14 87
15 87
16 87
17 87
18 87
19 87
20 87
21 87
22 87
23 87
24 87
25 87
26 87
27 87
28 87
29 87
30 87
31 87
32 87
33 87
34 87
35 87
36 87
37 87
38 87
39 87
40 87
41 87
42 87
43 87
44 87
45 87
46 87
47 87
48 87
49 87
50 87
51 87
52 87
53 87
54 87
55 87
56 87
57 87
58 87
59 87
60 87
61 87
62 87
63 87
64 87
65 87
66 87
67 87
68 87
69 87
70 87
71 87
72 87
73 87
74 87
75 87
76 87
77 87
78 87
79 87
80 87
81 87
82 87
83 87
84 87
85 87
86 87
1 88
2 88
3 88
4 88
5 88
6 88
7 88
8 88
9 88
10 88
11 88
12 88
13 88
14 88
15 88
16 88
17 88
18 88
19 88
20 88
21 88
22 88
23 88
24 88
25 88
26 88
27 88
28 88
29 88
30 88
31 88
32 88
33 88
34 88
35 88
36 88
37 88
38 88
39 88
40 88
41 88
42 88
43 88
44 88
45 88
46 88
47 88
48 88
49 88
50 88
51 88
52 88
53 88
54 88
55 88
56 88
57 88
58 88
59 88
60 88
61 88
62 88
63 88
64 88
65 88
66 88
67 88
68 88
69 88
70 88
71 88
72 88
73 88
74 88
75 88
76 88
77 88
78 88
79 88
80 88
81 88
82 88
83 88
84 88
85 88
86 88
87 88
1 89
2 89
3 89
4 89
5 89
6 89
7 89
8 89
9 89
10 89
11 89
12 89
13 89
14 89
15 89
16 89
17 89
18 89
19 89
20 89
21 89
22 89
23 89
24 89
25 89
26 89
27 89
28 89
29 89
30 89
31 89
32 89
33 89
34 89
35 89
36 89
37 89
38 89
39 89
40 89
41 89
42 89
43 89
44 89
45 89
46 89
47 89
48 89
49 89
50 89
51 89
52 89
53 89
54 89
55 89
56 89
57 89
58 89
59 89
60 89
61 89
62 89
63 89
64 89
65 89
66 89
67 89
68 89
69 89
70 89
71 89
72 89
73 89
74 89
75 89
76 89
77 89
78 89
79 89
80 89
81 89
82 89
83 89
84 89
85 89
86 89
87 89
88 89
1 90
2 90
3 90
4 90
5 90
6 90
7 90
8 90
9 90
10 90
11 90
12 90
13 90
14 90
15 90
16 90
17 90
18 90
19 90
20 90
21 90
22 90
23 90
24 90
25 90
26 90
27 90
28 90
29 90
30 90
31 90
32 90
33 90
34 90
35 90
36 90
37 90
38 90
39 90
40 90
41 90
42 90
43 90
44 90
45 90
46 90
47 90
48 90
49 90
50 90
51 90
52 90
53 90
54 90
55 90
56 90
57 90
58 90
59 90
60 90
61 90
62 90
63 90
64 90
65 90
66 90
67 90
68 90
69 90
70 90
71 90
72 90
73 90
74 90
75 90
76 90
77 90
78 90
79 90
80 90
81 90
82 90
83 90
84 90
85 90
86 90
87 90
88 90
89 90
1 91
2 91
3 91
4 91
5 91
6 91
7 91
8 91
9 91
10 91
11 91
12 91
13 91
14 91
15 91
16 91
17 91
18 91
19 91
20 91
21 91
22 91
23 91
24 91
25 91
26 91
27 91
28 91
29 91
30 91
31 91
32 91
33 91
34 91
35 91
36 91
37 91
38 91
39 91
40 91
41 91
42 91
43 91
44 91
45 91
46 91
47 91
48 91
49 91
50 91
51 91
52 91
53 91
54 91
55 91
56 91
57 91
58 91
59 91
60 91
61 91
62 91
63 91
64 91
65 91
66 91
67 91
68 91
69 91
70 91
71 91
72 91
73 91
74 91
75 91
76 91
77 91
78 91
79 91
80 91
81 91
82 91
83 91
84 91
85 91
86 91
87 91
88 91
89 91
90 91
1 92
2 92
3 92
4 92
5 92
6 92
7 92
8 92
9 92
10 92
11 92
12 92
13 92
14 92
15 92
16 92
17 92
18 92
19 92
20 92
21 92
22 92
23 92
24 92
25 92
26 92
27 92
28 92
29 92
30 92
31 92
32 92
33 92
34 92
35 92
36 92
37 92
38 92
39 92
40 92
41 92
42 92
43 92
44 92
45 92
46 92
47 92
48 92
49 92
50 92
51 92
52 92
53 92
54 92
55 92
56 92
57 92
58 92
59 92
60 92
61 92
62 92
63 92
64 92
65 92
66 92
67 92
68 92
69 92
70 92
71 92
72 92
73 92
74 92
75 92
76 92
77 92
78 92
79 92
80 92
81 92
82 92
83 92
84 92
85 92
86 92
87 92
88 92
89 92
90 92
91 92
1 93
2 93
3 93
4 93
5 93
6 93
7 93
8 93
9 93
10 93
11 93
12 93
13 93
14 93
15 93
16 93
17 93
18 93
19 93
20 93
21 93
22 93
23 93
24 93
25 93
26 93
27 93
28 93
29 93
30 93
31 93
32 93
33 93
34 93
35 93
36 93
37 93
38 93
39 93
40 93
41 93
42 93
43 93
44 93
45 93
46 93
47 93
48 93
49 93
50 93
51 93
52 93
53 93
54 93
55 93
56 93
57 93
58 93
59 93
60 93
61 93
62 93
63 93
64 93
65 93
66 93
67 93
68 93
69 93
70 93
71 93
72 93
73 93
74 93
75 93
76 93
77 93
78 93
79 93
80 93
81 93
82 93
83 93
84 93
85 93
86 93
87 93
88 93
89 93
90 93
91 93
92 93
1 94
2 94
3 94
4 94
5 94
6 94
7 94
8 94
9 94
10 94
11 94
12 94
13 94
14 94
15 94
16 94
17 94
18 94
19 94
20 94
21 94
22 94
23 94
24 94
25 94
26 94
27 94
28 94
29 94
30 94
31 94
32 94
33 94
34 94
35 94
36 94
37 94
38 94
39 94
40 94
41 94
42 94
43 94
44 94
45 94
46 94
47 94
48 94
49 94
50 94
51 94
52 94
53 94
54 94
55 94
56 94
57 94
58 94
59 94
60 94
61 94
62 94
63 94
64 94
65 94
66 94
67 94
68 94
69 94
70 94
71 94
72 94
73 94
74 94
75 94
76 94
77 94
78 94
79 94
80 94
81 94
82 94
83 94
84 94
85 94
86 94
87 94
88 94
89 94
90 94
91 94
92 94
93 94
1 95
2 95
3 95
4 95
5 95
6 95
7 95
8 95
9 95
10 95
11 95
12 95
13 95
14 95
15 95
16 95
17 95
18 95
19 95
20 95
21 95
22 95
23 95
24 95
25 95
26 95
27 95
28 95
29 95
30 95
31 95
32 95
33 95
34 95
35 95
36 95
37 95
38 95
39 95
40 95
41 95
42 95
43 95
44 95
45 95
46 95
47 95
48 95
49 95
50 95
51 95
52 95
53 95
54 95
55 95
56 95
57 95
58 95
59 95
60 95
61 95
62 95
63 95
64 95
65 95
66 95
67 95
68 95
69 95
70 95
71 95
72 95
73 95
74 95
75 95
76 95
77 95
78 95
79 95
80 95
81 95
82 95
83 95
84 95
85 95
86 95
87 95
88 95
89 95
90 95
91 95
92 95
93 95
94 95
1 96
2 96
3 96
4 96
5 96
6 96
7 96
8 96
9 96
10 96
11 96
12 96
13 96
14 96
15 96
16 96
17 96
18 96
19 96
20 96
21 96
22 96
23 96
24 96
25 96
26 96
27 96
28 96
29 96
30 96
31 96
32 96
33 96
34 96
35 96
36 96
37 96
38 96
39 96
40 96
41 96
42 96
43 96
44 96
45 96
46 96
47 96
48 96
49 96
50 96
51 96
52 96
53 96
54 96
55 96
56 96
57 96
58 96
59 96
60 96
61 96
62 96
63 96
64 96
65 96
66 96
67 96
68 96
69 96
70 96
71 96
72 96
73 96
74 96
75 96
76 96
77 96
78 96
79 96
80 96
81 96
82 96
83 96
84 96
85 96
86 96
87 96
88 96
89 96
90 96
91 96
92 96
93 96
94 96
95 96
1 97
2 97
3 97
4 97
5 97
6 97
7 97
8 97
9 97
10 97
11 97
12 97
13 97
14 97
15 97
16 97
17 97
18 97
19 97
20 97
21 97
22 97
23 97
24 97
25 97
26 97
27 97
28 97
29 97
30 97
31 97
32 97
33 97
34 97
35 97
36 97
37 97
38 97
39 97
40 97
41 97
42 97
43 97
44 97
45 97
46 97
47 97
48 97
49 97
50 97
51 97
52 97
53 97
54 97
55 97
56 97
57 97
58 97
59 97
60 97
61 97
62 97
63 97
64 97
65 97
66 97
67 97
68 97
69 97
70 97
71 97
72 97
73 97
74 97
75 97
76 97
77 97
78 97
79 97
80 97
81 97
82 97
83 97
84 97
85 97
86 97
87 97
88 97
89 97
90 97
91 97
92 97
93 97
94 97
95 97
96 97
1 98
2 98
3 98
4 98
5 98
6 98
7 98
8 98
9 98
10 98
11 98
12 98
13 98
14 98
15 98
16 98
17 98
18 98
19 98
20 98
21 98
22 98
23 98
24 98
25 98
26 98
27 98
28 98
29 98
30 98
31 98
32 98
33 98
34 98
35 98
36 98
37 98
38 98
39 98
40 98
41 98
42 98
43 98
44 98
45 98
46 98
47 98
48 98
49 98
50 98
51 98
52 98
53 98
54 98
55 98
56 98
57 98
58 98
59 98
60 98
61 98
62 98
63 98
64 98
65 98
66 98
67 98
68 98
69 98
70 98
71 98
72 98
73 98
74 98
75 98
76 98
77 98
78 98
79 98
80 98
81 98
82 98
83 98
84 98
85 98
86 98
87 98
88 98
89 98
90 98
91 98
92 98
93 98
94 98
95 98
96 98
97 98
1 99
2 99
3 99
4 99
5 99
6 99
7 99
8 99
9 99
10 99
11 99
12 99
13 99
14 99
15 99
16 99
17 99
18 99
19 99
20 99
21 99
22 99
23 99
24 99
25 99
26 99
27 99
28 99
29 99
30 99
31 99
32 99
33 99
34 99
35 99
36 99
37 99
38 99
39 99
40 99
41 99
42 99
43 99
44 99
45 99
46 99
47 99
48 99
49 99
50 99
51 99
52 99
53 99
54 99
55 99
56 99
57 99
58 99
59 99
60 99
61 99
62 99
63 99
64 99
65 99
66 99
67 99
68 99
69 99
70 99
71 99
72 99
73 99
74 99
75 99
76 99
77 99
78 99
79 99
80 99
81 99
82 99
83 99
84 99
85 99
86 99
87 99
88 99
89 99
90 99
91 99
92 99
93 99
94 99
95 99
96 99
97 99
98 99
1 100
2 100
3 100
4 100
5 100
6 100
7 100
8 100
9 100
10 100
11 100
12 100
13 100
14 100
15 100
16 100
17 100
18 100
19 100
20 100
21 100
22 100
23 100
24 100
25 100
26 100
27 100
28 100
29 100
30 100
31 100
32 100
33 100
34 100
35 100
36 100
37 100
38 100
39 100
40 100
41 100
42 100
43 100
44 100
45 100
46 100
47 100
48 100
49 100
50 100
51 100
52 100
53 100
54 100
55 100
56 100
57 100
58 100
59 100
60 100
61 100
62 100
63 100
64 100
65 100
66 100
67 100
68 100
69 100
70 100
71 100
72 100
73 100
74 100
75 100
76 100
77 100
78 100
79 100
80 100
81 100
82 100
83 100
84 100
85 100
86 100
87 100
88 100
89 100
90 100
91 100
92 100
93 100
94 100
95 100
96 100
97 100
98 100
99 100
1 101
2 101
3 101
4 101
5 101
6 101
7 101
8 101
9 101
10 101
11 101
12 101
13 101
14 101
15 101
16 101
17 101
18 101
19 101
20 101
21 101
22 101
23 101
24 101
25 101
26 101
27 101
28 101
29 101
30 101
31 101
32 101
33 101
34 101
35 101
36 101
37 101
38 101
39 101
40 101
41 101
42 101
43 101
44 101
45 101
46 101
47 101
48 101
49 101
50 101
51 101
52 101
53 101
54 101
55 101
56 101
57 101
58 101
59 101
60 101
61 101
62 101
63 101
64 101
65 101
66 101
67 101
68 101
69 101
70 101
71 101
72 101
73 101
74 101
75 101
76 101
77 101
78 101
79 101
80 101
81 101
82 101
83 101
84 101
85 101
86 101
87 101
88 101
89 101
90 101
91 101
92 101
93 101
94 101
95 101
96 101
97 101
98 101
99 101
100 101
1 102
2 102
3 102
4 102
5 102
6 102
7 102
8 102
9 102
10 102
11 102
12 102
13 102
14 102
15 102
16 102
17 102
18 102
19 102
20 102
21 102
22 102
23 102
24 102
25 102
26 102
27 102
28 102
29 102
30 102
31 102
32 102
33 102
34 102
35 102
36 102
37 102
38 102
39 102
40 102
41 102
42 102
43 102
44 102
45 102
46 102
47 102
48 102
49 102
50 102
51 102
52 102
53 102
54 102
55 102
56 102
57 102
58 102
59 102
60 102
61 102
62 102
63 102
64 102
65 102
66 102
67 102
68 102
69 102
70 102
71 102
72 102
73 102
74 102
75 102
76 102
77 102
78 102
79 102
80 102
81 102
82 102
83 102
84 102
85 102
86 102
87 102
88 102
89 102
90 102
91 102
92 102
93 102
94 102
95 102
96 102
97 102
98 102
99 102
100 102
101 102
1 103
2 103
3 103
4 103
5 103
6 103
7 103
8 103
9 103
10 103
11 103
12 103
13 103
14 103
15 103
16 103
17 103
18 103
19 103
20 103
21 103
22 103
23 103
24 103
25 103
26 103
27 103
28 103
29 103
30 103
31 103
32 103
33 103
34 103
35 103
36 103
37 103
38 103
39 103
40 103
41 103
42 103
43 103
44 103
45 103
46 103
47 103
48 103
49 103
50 103
51 103
52 103
53 103
54 103
55 103
56 103
57 103
58 103
59 103
60 103
61 103
62 103
63 103
64 103
65 103
66 103
67 103
68 103
69 103
70 103
71 103
72 103
73 103
74 103
75 103
76 103
77 103
78 103
79 103
80 103
81 103
82 103
83 103
84 103
85 103
86 103
87 103
88 103
89 103
90 103
91 103
92 103
93 103
94 103
95 103
96 103
97 103
98 103
99 103
100 103
101 103
102 103
1 104
2 104
3 104
4 104
5 104
6 104
7 104
8 104
9 104
10 104
11 104
12 104
13 104
14 104
15 104
16 104
17 104
18 104
19 104
20 104
21 104
22 104
23 104
24 104
25 104
26 104
27 104
28 104
29 104
30 104
31 104
32 104
33 104
34 104
35 104
36 104
37 104
38 104
39 104
40 104
41 104
42 104
43 104
44 104
45 104
46 104
47 104
48 104
49 104
50 104
51 104
52 104
53 104
54 104
55 104
56 104
57 104
58 104
59 104
60 104
61 104
62 104
63 104
64 104
65 104
66 104
67 104
68 104
69 104
70 104
71 104
72 104
73 104
74 104
75 104
76 104
77 104
78 104
79 104
80 104
81 104
82 104
83 104
84 104
85 104
86 104
87 104
88 104
89 104
90 104
91 104
92 104
93 104
94 104
95 104
96 104
97 104
98 104
99 104
100 104
101 104
102 104
103 104
1 105
2 105
3 105
4 105
5 105
6 105
7 105
8 105
9 105
10 105
11 105
12 105
13 105
14 105
15 105
16 105
17 105
18 105
19 105
20 105
21 105
22 105
23 105
24 105
25 105
26 105
27 105
28 105
29 105
30 105
31 105
32 105
33 105
34 105
35 105
36 105
37 105
38 105
39 105
40 105
41 105
42 105
43 105
44 105
45 105
46 105
47 105
48 105
49 105
50 105
51 105
52 105
53 105
54 105
55 105
56 105
57 105
58 105
59 105
60 105
61 105
62 105
63 105
64 105
65 105
66 105
67 105
68 105
69 105
70 105
71 105
72 105
73 105
74 105
75 105
76 105
77 105
78 105
79 105
80 105
81 105
82 105
83 105
84 105
85 105
86 105
87 105
88 105
89 105
90 105
91 105
92 105
93 105
94 105
95 105
96 105
97 105
98 105
99 105
100 105
101 105
102 105
103 105
104 105
1 106
2 106
3 106
4 106
5 106
6 106
7 106
8 106
9 106
10 106
11 106
12 106
13 106
14 106
15 106
16 106
17 106
18 106
19 106
20 106
21 106
22 106
23 106
24 106
25 106
26 106
27 106
28 106
29 106
30 106
31 106
32 106
33 106
34 106
35 106
36 106
37 106
38 106
39 106
40 106
41 106
42 106
43 106
44 106
45 106
46 106
47 106
48 106
49 106
50 106
51 106
52 106
53 106
54 106
55 106
56 106
57 106
58 106
59 106
60 106
61 106
62 106
63 106
64 106
65 106
66 106
67 106
68 106
69 106
70 106
71 106
72 106
73 106
74 106
75 106
76 106
77 106
78 106
79 106
80 106
81 106
82 106
83 106
84 106
85 106
86 106
87 106
88 106
89 106
90 106
91 106
92 106
93 106
94 106
95 106
96 106
97 106
98 106
99 106
100 106
101 106
102 106
103 106
104 106
105 106
1 107
2 107
3 107
4 107
5 107
6 107
7 107
8 107
9 107
10 107
11 107
12 107
13 107
14 107
15 107
16 107
17 107
18 107
19 107
20 107
21 107
22 107
23 107
24 107
25 107
26 107
27 107
28 107
29 107
30 107
31 107
32 107
33 107
34 107
35 107
36 107
37 107
38 107
39 107
40 107
41 107
42 107
43 107
44 107
45 107
46 107
47 107
48 107
49 107
50 107
51 107
52 107
53 107
54 107
55 107
56 107
57 107
58 107
59 107
60 107
61 107
62 107
63 107
64 107
65 107
66 107
67 107
68 107
69 107
70 107
71 107
72 107
73 107
74 107
75 107
76 107
77 107
78 107
79 107
80 107
81 107
82 107
83 107
84 107
85 107
86 107
87 107
88 107
89 107
90 107
91 107
92 107
93 107
94 107
95 107
96 107
97 107
98 107
99 107
100 107
101 107
102 107
103 107
104 107
105 107
106 107
1 108
2 108
3 108
4 108
5 108
6 108
7 108
8 108
9 108
10 108
11 108
12 108
13 108
14 108
15 108
16 108
17 108
18 108
19 108
20 108
21 108
22 108
23 108
24 108
25 108
26 108
27 108
28 108
29 108
30 108
31 108
32 108
33 108
34 108
35 108
36 108
37 108
38 108
39 108
40 108
41 108
42 108
43 108
44 108
45 108
46 108
47 108
48 108
49 108
50 108
51 108
52 108
53 108
54 108
55 108
56 108
57 108
58 108
59 108
60 108
61 108
62 108
63 108
64 108
65 108
66 108
67 108
68 108
69 108
70 108
71 108
72 108
73 108
74 108
75 108
76 108
77 108
78 108
79 108
80 108
81 108
82 108
83 108
84 108
85 108
86 108
87 108
88 108
89 108
90 108
91 108
92 108
93 108
94 108
95 108
96 108
97 108
98 108
99 108
100 108
101 108
102 108
103 108
104 108
105 108
106 108
107 108
1 109
2 109
3 109
4 109
5 109
6 109
7 109
8 109
9 109
10 109
11 109
12 109
13 109
14 109
15 109
16 109
17 109
18 109
19 109
20 109
21 109
22 109
23 109
24 109
25 109
26 109
27 109
28 109
29 109
30 109
31 109
32 109
33 109
34 109
35 109
36 109
37 109
38 109
39 109
40 109
41 109
42 109
43 109
44 109
45 109
46 109
47 109
48 109
49 109
50 109
51 109
52 109
53 109
54 109
55 109
56 109
57 109
58 109
59 109
60 109
61 109
62 109
63 109
64 109
65 109
66 109
67 109
68 109
69 109
70 109
71 109
72 109
73 109
74 109
75 109
76 109
77 109
78 109
79 109
80 109
81 109
82 109
83 109
84 109
85 109
86 109
87 109
88 109
89 109
90 109
91 109
92 109
93 109
94 109
95 109
96 109
97 109
98 109
99 109
100 109
101 109
102 109
103 109
104 109
105 109
106 109
107 109
108 109
1 110
2 110
3 110
4 110
5 110
6 110
7 110
8 110
9 110
10 110
11 110
12 110
13 110
14 110
15 110
16 110
17 110
18 110
19 110
20 110
21 110
22 110
23 110
24 110
25 110
26 110
27 110
28 110
29 110
30 110
31 110
32 110
33 110
34 110
35 110
36 110
37 110
38 110
39 110
40 110
41 110
42 110
43 110
44 110
45 110
46 110
47 110
48 110
49 110
50 110
51 110
52 110
53 110
54 110
55 110
56 110
57 110
58 110
59 110
60 110
61 110
62 110
63 110
64 110
65 110
66 110
67 110
68 110
69 110
70 110
71 110
72 110
73 110
74 110
75 110
76 110
77 110
78 110
79 110
80 110
81 110
82 110
83 110
84 110
85 110
86 110
87 110
88 110
89 110
90 110
91 110
92 110
93 110
94 110
95 110
96 110
97 110
98 110
99 110
100 110
101 110
102 110
103 110
104 110
105 110
106 110
107 110
108 110
109 110
1 111
2 111
3 111
4 111
5 111
6 111
7 111
8 111
9 111
10 111
11 111
12 111
13 111
14 111
15 111
16 111
17 111
18 111
19 111
20 111
21 111
22 111
23 111
24 111
25 111
26 111
27 111
28 111
29 111
30 111
31 111
32 111
33 111
34 111
35 111
36 111
37 111
38 111
39 111
40 111
41 111
42 111
43 111
44 111
45 111
46 111
47 111
48 111
49 111
50 111
51 111
52 111
53 111
54 111
55 111
56 111
57 111
58 111
59 111
60 111
61 111
62 111
63 111
64 111
65 111
66 111
67 111
68 111
69 111
70 111
71 111
72 111
73 111
74 111
75 111
76 111
77 111
78 111
79 111
80 111
81 111
82 111
83 111
84 111
85 111
86 111
87 111
88 111
89 111
90 111
91 111
92 111
93 111
94 111
95 111
96 111
97 111
98 111
99 111
100 111
101 111
102 111
103 111
104 111
105 111
106 111
107 111
108 111
109 111
110 111
1 112
2 112
3 112
4 112
5 112
6 112
7 112
8 112
9 112
10 112
11 112
12 112
13 112
14 112
15 112
16 112
17 112
18 112
19 112
20 112
21 112
22 112
23 112
24 112
25 112
26 112
27 112
28 112
29 112
30 112
31 112
32 112
33 112
34 112
35 112
36 112
37 112
38 112
39 112
40 112
41 112
42 112
43 112
44 112
45 112
46 112
47 112
48 112
49 112
50 112
51 112
52 112
53 112
54 112
55 112
56 112
57 112
58 112
59 112
60 112
61 112
62 112
63 112
64 112
65 112
66 112
67 112
68 112
69 112
70 112
71 112
72 112
73 112
74 112
75 112
76 112
77 112
78 112
79 112
80 112
81 112
82 112
83 112
84 112
85 112
86 112
87 112
88 112
89 112
90 112
91 112
92 112
93 112
94 112
95 112
96 112
97 112
98 112
99 112
100 112
101 112
102 112
103 112
104 112
105 112
106 112
107 112
108 112
109 112
110 112
111 112
1 113
2 113
3 113
4 113
5 113
6 113
7 113
8 113
9 113
10 113
11 113
12 113
13 113
14 113
15 113
16 113
17 113
18 113
19 113
20 113
21 113
22 113
23 113
24 113
25 113
26 113
27 113
28 113
29 113
30 113
31 113
32 113
33 113
34 113
35 113
36 113
37 113
38 113
39 113
40 113
41 113
42 113
43 113
44 113
45 113
46 113
47 113
48 113
49 113
50 113
51 113
52 113
53 113
54 113
55 113
56 113
57 113
58 113
59 113
60 113
61 113
62 113
63 113
64 113
65 113
66 113
67 113
68 113
69 113
70 113
71 113
72 113
73 113
74 113
75 113
76 113
77 113
78 113
79 113
80 113
81 113
82 113
83 113
84 113
85 113
86 113
87 113
88 113
89 113
90 113
91 113
92 113
93 113
94 113
95 113
96 113
97 113
98 113
99 113
100 113
101 113
102 113
103 113
104 113
105 113
106 113
107 113
108 113
109 113
110 113
111 113
112 113
1 114
2 114
3 114
4 114
5 114
6 114
7 114
8 114
9 114
10 114
11 114
12 114
13 114
14 114
15 114
16 114
17 114
18 114
19 114
20 114
21 114
22 114
23 114
24 114
25 114
26 114
27 114
28 114
29 114
30 114
31 114
32 114
33 114
34 114
35 114
36 114
37 114
38 114
39 114
40 114
41 114
42 114
43 114
44 114
45 114
46 114
47 114
48 114
49 114
50 114
51 114
52 114
53 114
54 114
55 114
56 114
57 114
58 114
59 114
60 114
61 114
62 114
63 114
64 114
65 114
66 114
67 114
68 114
69 114
70 114
71 114
72 114
73 114
74 114
75 114
76 114
77 114
78 114
79 114
80 114
81 114
82 114
83 114
84 114
85 114
86 114
87 114
88 114
89 114
90 114
91 114
92 114
93 114
94 114
95 114
96 114
97 114
98 114
99 114
100 114
101 114
102 114
103 114
104 114
105 114
106 114
107 114
108 114
109 114
110 114
111 114
112 114
113 114
1 115
2 115
3 115
4 115
5 115
6 115
7 115
8 115
9 115
10 115
11 115
12 115
13 115
14 115
15 115
16 115
17 115
18 115
19 115
20 115
21 115
22 115
23 115
24 115
25 115
26 115
27 115
28 115
29 115
30 115
31 115
32 115
33 115
34 115
35 115
36 115
37 115
38 115
39 115
40 115
41 115
42 115
43 115
44 115
45 115
46 115
47 115
48 115
49 115
50 115
51 115
52 115
53 115
54 115
55 115
56 115
57 115
58 115
59 115
60 115
61 115
62 115
63 115
64 115
65 115
66 115
67 115
68 115
69 115
70 115
71 115
72 115
73 115
74 115
75 115
76 115
77 115
78 115
79 115
80 115
81 115
82 115
83 115
84 115
85 115
86 115
87 115
88 115
89 115
90 115
91 115
92 115
93 115
94 115
95 115
96 115
97 115
98 115
99 115
100 115
101 115
102 115
103 115
104 115
105 115
106 115
107 115
108 115
109 115
110 115
111 115
112 115
113 115
114 115
1 116
2 116
3 116
4 116
5 116
6 116
7 116
8 116
9 116
10 116
11 116
12 116
13 116
14 116
15 116
16 116
17 116
18 116
19 116
20 116
21 116
22 116
23 116
24 116
25 116
26 116
27 116
28 116
29 116
30 116
31 116
32 116
33 116
34 116
35 116
36 116
37 116
38 116
39 116
40 116
41 116
42 116
43 116
44 116
45 116
46 116
47 116
48 116
49 116
50 116
51 116
52 116
53 116
54 116
55 116
56 116
57 116
58 116
59 116
60 116
61 116
62 116
63 116
64 116
65 116
66 116
67 116
68 116
69 116
70 116
71 116
72 116
73 116
74 116
75 116
76 116
77 116
78 116
79 116
80 116
81 116
82 116
83 116
84 116
85 116
86 116
87 116
88 116
89 116
90 116
91 116
92 116
93 116
94 116
95 116
96 116
97 116
98 116
99 116
100 116
101 116
102 116
103 116
104 116
105 116
106 116
107 116
108 116
109 116
110 116
111 116
112 116
113 116
114 116
115 116
1 117
2 117
3 117
4 117
5 117
6 117
7 117
8 117
9 117
10 117
11 117
12 117
13 117
14 117
15 117
16 117
17 117
18 117
19 117
20 117
21 117
22 117
23 117
24 117
25 117
26 117
27 117
28 117
29 117
30 117
31 117
32 117
33 117
34 117
35 117
36 117
37 117
38 117
39 117
40 117
41 117
42 117
43 117
44 117
45 117
46 117
47 117
48 117
49 117
50 117
51 117
52 117
53 117
54 117
55 117
56 117
57 117
58 117
59 117
60 117
61 117
62 117
63 117
64 117
65 117
66 117
67 117
68 117
69 117
70 117
71 117
72 117
73 117
74 117
75 117
76 117
77 117
78 117
79 117
80 117
81 117
82 117
83 117
84 117
85 117
86 117
87 117
88 117
89 117
90 117
91 117
92 117
93 117
94 117
95 117
96 117
97 117
98 117
99 117
100 117
101 117
102 117
103 117
104 117
105 117
106 117
107 117
108 117
109 117
110 117
111 117
112 117
113 117
114 117
115 117
116 117
1 118
2 118
3 118
4 118
5 118
6 118
7 118
8 118
9 118
10 118
11 118
12 118
13 118
14 118
15 118
16 118
17 118
18 118
19 118
20 118
21 118
22 118
23 118
24 118
25 118
26 118
27 118
28 118
29 118
30 118
31 118
32 118
33 118
34 118
35 118
36 118
37 118
38 118
39 118
40 118
41 118
42 118
43 118
44 118
45 118
46 118
47 118
48 118
49 118
50 118
51 118
52 118
53 118
54 118
55 118
56 118
57 118
58 118
59 118
60 118
61 118
62 118
63 118
64 118
65 118
66 118
67 118
68 118
69 118
70 118
71 118
72 118
73 118
74 118
75 118
76 118
77 118
78 118
79 118
80 118
81 118
82 118
83 118
84 118
85 118
86 118
87 118
88 118
89 118
90 118
91 118
92 118
93 118
94 118
95 118
96 118
97 118
98 118
99 118
100 118
101 118
102 118
103 118
104 118
105 118
106 118
107 118
108 118
109 118
110 118
111 118
112 118
113 118
114 118
115 118
116 118
117 118
1 119
2 119
3 119
4 119
5 119
6 119
7 119
8 119
9 119
10 119
11 119
12 119
13 119
14 119
15 119
16 119
17 119
18 119
19 119
20 119
21 119
22 119
23 119
24 119
25 119
26 119
27 119
28 119
29 119
30 119
31 119
32 119
33 119
34 119
35 119
36 119
37 119
38 119
39 119
40 119
41 119
42 119
43 119
44 119
45 119
46 119
47 119
48 119
49 119
50 119
51 119
52 119
53 119
54 119
55 119
56 119
57 119
58 119
59 119
60 119
61 119
62 119
63 119
64 119
65 119
66 119
67 119
68 119
69 119
70 119
71 119
72 119
73 119
74 119
75 119
76 119
77 119
78 119
79 119
80 119
81 119
82 119
83 119
84 119
85 119
86 119
87 119
88 119
89 119
90 119
91 119
92 119
93 119
94 119
95 119
96 119
97 119
98 119
99 119
100 119
101 119
102 119
103 119
104 119
105 119
106 119
107 119
108 119
109 119
110 119
111 119
112 119
113 119
114 119
115 119
116 119
117 119
118 119
1 120
2 120
3 120
4 120
5 120
6 120
7 120
8 120
9 120
10 120
11 120
12 120
13 120
14 120
15 120
16 120
17 120
18 120
19 120
20 120
21 120
22 120
23 120
24 120
25 120
26 120
27 120
28 120
29 120
30 120
31 120
32 120
33 120
34 120
35 120
36 120
37 120
38 120
39 120
40 120
41 120
42 120
43 120
44 120
45 120
46 120
47 120
48 120
49 120
50 120
51 120
52 120
53 120
54 120
55 120
56 120
57 120
58 120
59 120
60 120
61 120
62 120
63 120
64 120
65 120
66 120
67 120
68 120
69 120
70 120
71 120
72 120
73 120
74 120
75 120
76 120
77 120
78 120
79 120
80 120
81 120
82 120
83 120
84 120
85 120
86 120
87 120
88 120
89 120
90 120
91 120
92 120
93 120
94 120
95 120
96 120
97 120
98 120
99 120
100 120
101 120
102 120
103 120
104 120
105 120
106 120
107 120
108 120
109 120
110 120
111 120
112 120
113 120
114 120
115 120
116 120
117 120
118 120
119 120
1 121
2 121
3 121
4 121
5 121
6 121
7 121
8 121
9 121
10 121
11 121
12 121
13 121
14 121
15 121
16 121
17 121
18 121
19 121
20 121
21 121
22 121
23 121
24 121
25 121
26 121
27 121
28 121
29 121
30 121
31 121
32 121
33 121
34 121
35 121
36 121
37 121
38 121
39 121
40 121
41 121
42 121
43 121
44 121
45 121
46 121
47 121
48 121
49 121
50 121
51 121
52 121
53 121
54 121
55 121
56 121
57 121
58 121
59 121
60 121
61 121
62 121
63 121
64 121
65 121
66 121
67 121
68 121
69 121
70 121
71 121
72 121
73 121
74 121
75 121
76 121
77 121
78 121
79 121
80 121
81 121
82 121
83 121
84 121
85 121
86 121
87 121
88 121
89 121
90 121
91 121
92 121
93 121
94 121
95 121
96 121
97 121
98 121
99 121
100 121
101 121
102 121
103 121
104 121
105 121
106 121
107 121
108 121
109 121
110 121
111 121
112 121
113 121
114 121
115 121
116 121
117 121
118 121
119 121
120 121
1 122
2 122
3 122
4 122
5 122
6 122
7 122
8 122
9 122
10 122
11 122
12 122
13 122
14 122
15 122
16 122
17 122
18 122
19 122
20 122
21 122
22 122
23 122
24 122
25 122
26 122
27 122
28 122
29 122
30 122
31 122
32 122
33 122
34 122
35 122
36 122
37 122
38 122
39 122
40 122
41 122
42 122
43 122
44 122
45 122
46 122
47 122
48 122
49 122
50 122
51 122
52 122
53 122
54 122
55 122
56 122
57 122
58 122
59 122
60 122
61 122
62 122
63 122
64 122
65 122
66 122
67 122
68 122
69 122
70 122
71 122
72 122
73 122
74 122
75 122
76 122
77 122
78 122
79 122
80 122
81 122
82 122
83 122
84 122
85 122
86 122
87 122
88 122
89 122
90 122
91 122
92 122
93 122
94 122
95 122
96 122
97 122
98 122
99 122
100 122
101 122
102 122
103 122
104 122
105 122
106 122
107 122
108 122
109 122
110 122
111 122
112 122
113 122
114 122
115 122
116 122
117 122
118 122
119 122
120 122
121 122
1 123
2 123
3 123
4 123
5 123
6 123
7 123
8 123
9 123
10 123
11 123
12 123
13 123
14 123
15 123
16 123
17 123
18 123
19 123
20 123
21 123
22 123
23 123
24 123
25 123
26 123
27 123
28 123
29 123
30 123
31 123
32 123
33 123
34 123
35 123
36 123
37 123
38 123
39 123
40 123
41 123
42 123
43 123
44 123
45 123
46 123
47 123
48 123
49 123
50 123
51 123
52 123
53 123
54 123
55 123
56 123
57 123
58 123
59 123
60 123
61 123
62 123
63 123
64 123
65 123
66 123
67 123
68 123
69 123
70 123
71 123
72 123
73 123
74 123
75 123
76 123
77 123
78 123
79 123
80 123
81 123
82 123
83 123
84 123
85 123
86 123
87 123
88 123
89 123
90 123
91 123
92 123
93 123
94 123
95 123
96 123
97 123
98 123
99 123
100 123
101 123
102 123
103 123
104 123
105 123
106 123
107 123
108 123
109 123
110 123
111 123
112 123
113 123
114 123
115 123
116 123
117 123
118 123
119 123
120 123
121 123
122 123
1 124
2 124
3 124
4 124
5 124
6 124
7 124
8 124
9 124
10 124
11 124
12 124
13 124
14 124
15 124
16 124
17 124
18 124
19 124
20 124
21 124
22 124
23 124
24 124
25 124
26 124
27 124
28 124
29 124
30 124
31 124
32 124
33 124
34 124
35 124
36 124
37 124
38 124
39 124
40 124
41 124
42 124
43 124
44 124
45 124
46 124
47 124
48 124
49 124
50 124
51 124
52 124
53 124
54 124
55 124
56 124
57 124
58 124
59 124
60 124
61 124
62 124
63 124
64 124
65 124
66 124
67 124
68 124
69 124
70 124
71 124
72 124
73 124
74 124
75 124
76 124
77 124
78 124
79 124
80 124
81 124
82 124
83 124
84 124
85 124
86 124
87 124
88 124
89 124
90 124
91 124
92 124
93 124
94 124
95 124
96 124
97 124
98 124
99 124
100 124
101 124
102 124
103 124
104 124
105 124
106 124
107 124
108 124
109 124
110 124
111 124
112 124
113 124
114 124
115 124
116 124
117 124
118 124
119 124
120 124
121 124
122 124
123 124
1 125
2 125
3 125
4 125
5 125
6 125
7 125
8 125
9 125
10 125
11 125
12 125
13 125
14 125
15 125
16 125
17 125
18 125
19 125
20 125
21 125
22 125
23 125
24 125
25 125
26 125
27 125
28 125
29 125
30 125
31 125
32 125
33 125
34 125
35 125
36 125
37 125
38 125
39 125
40 125
41 125
42 125
43 125
44 125
45 125
46 125
47 125
48 125
49 125
50 125
51 125
52 125
53 125
54 125
55 125
56 125
57 125
58 125
59 125
60 125
61 125
62 125
63 125
64 125
65 125
66 125
67 125
68 125
69 125
70 125
71 125
72 125
73 125
74 125
75 125
76 125
77 125
78 125
79 125
80 125
81 125
82 125
83 125
84 125
85 125
86 125
87 125
88 125
89 125
90 125
91 125
92 125
93 125
94 125
95 125
96 125
97 125
98 125
99 125
100 125
101 125
102 125
103 125
104 125
105 125
106 125
107 125
108 125
109 125
110 125
111 125
112 125
113 125
114 125
115 125
116 125
117 125
118 125
119 125
120 125
121 125
122 125
123 125
124 125
1 126
2 126
3 126
4 126
5 126
6 126
7 126
8 126
9 126
10 126
11 126
12 126
13 126
14 126
15 126
16 126
17 126
18 126
19 126
20 126
21 126
22 126
23 126
24 126
25 126
26 126
27 126
28 126
29 126
30 126
31 126
32 126
33 126
34 126
35 126
36 126
37 126
38 126
39 126
40 126
41 126
42 126
43 126
44 126
45 126
46 126
47 126
48 126
49 126
50 126
51 126
52 126
53 126
54 126
55 126
56 126
57 126
58 126
59 126
60 126
61 126
62 126
63 126
64 126
65 126
66 126
67 126
68 126
69 126
70 126
71 126
72 126
73 126
74 126
75 126
76 126
77 126
78 126
79 126
80 126
81 126
82 126
83 126
84 126
85 126
86 126
87 126
88 126
89 126
90 126
91 126
92 126
93 126
94 126
95 126
96 126
97 126
98 126
99 126
100 126
101 126
102 126
103 126
104 126
105 126
106 126
107 126
108 126
109 126
110 126
111 126
112 126
113 126
114 126
115 126
116 126
117 126
118 126
119 126
120 126
121 126
122 126
123 126
124 126
125 126
1 127
2 127
3 127
4 127
5 127
6 127
7 127
8 127
9 127
10 127
11 127
12 127
13 127
14 127
15 127
16 127
17 127
18 127
19 127
20 127
21 127
22 127
23 127
24 127
25 127
26 127
27 127
28 127
29 127
30 127
31 127
32 127
33 127
34 127
35 127
36 127
37 127
38 127
39 127
40 127
41 127
42 127
43 127
44 127
45 127
46 127
47 127
48 127
49 127
50 127
51 127
52 127
53 127
54 127
55 127
56 127
57 127
58 127
59 127
60 127
61 127
62 127
63 127
64 127
65 127
66 127
67 127
68 127
69 127
70 127
71 127
72 127
73 127
74 127
75 127
76 127
77 127
78 127
79 127
80 127
81 127
82 127
83 127
84 127
85 127
86 127
87 127
88 127
89 127
90 127
91 127
92 127
93 127
94 127
95 127
96 127
97 127
98 127
99 127
100 127
101 127
102 127
103 127
104 127
105 127
106 127
107 127
108 127
109 127
110 127
111 127
112 127
113 127
114 127
115 127
116 127
117 127
118 127
119 127
120 127
121 127
122 127
123 127
124 127
125 127
126 127
1 128
2 128
3 128
4 128
5 128
6 128
7 128
8 128
9 128
10 128
11 128
12 128
13 128
14 128
15 128
16 128
17 128
18 128
19 128
20 128
21 128
22 128
23 128
24 128
25 128
26 128
27 128
28 128
29 128
30 128
31 128
32 128
33 128
34 128
35 128
36 128
37 128
38 128
39 128
40 128
41 128
42 128
43 128
44 128
45 128
46 128
47 128
48 128
49 128
50 128
51 128
52 128
53 128
54 128
55 128
56 128
57 128
58 128
59 128
60 128
61 128
62 128
63 128
64 128
65 128
66 128
67 128
68 128
69 128
70 128
71 128
72 128
73 128
74 128
75 128
76 128
77 128
78 128
79 128
80 128
81 128
82 128
83 128
84 128
85 128
86 128
87 128
88 128
89 128
90 128
91 128
92 128
93 128
94 128
95 128
96 128
97 128
98 128
99 128
100 128
101 128
102 128
103 128
104 128
105 128
106 128
107 128
108 128
109 128
110 128
111 128
112 128
113 128
114 128
115 128
116 128
117 128
118 128
119 128
120 128
121 128
122 128
123 128
124 128
125 128
126 128
127 128
1 129
2 129
3 129
4 129
5 129
6 129
7 129
8 129
9 129
10 129
11 129
12 129
13 129
14 129
15 129
16 129
17 129
18 129
19 129
20 129
21 129
22 129
23 129
24 129
25 129
26 129
27 129
28 129
29 129
30 129
31 129
32 129
33 129
34 129
35 129
36 129
37 129
38 129
39 129
40 129
41 129
42 129
43 129
44 129
45 129
46 129
47 129
48 129
49 129
50 129
51 129
52 129
53 129
54 129
55 129
56 129
57 129
58 129
59 129
60 129
61 129
62 129
63 129
64 129
65 129
66 129
67 129
68 129
69 129
70 129
71 129
72 129
73 129
74 129
75 129
76 129
77 129
78 129
79 129
80 129
81 129
82 129
83 129
84 129
85 129
86 129
87 129
88 129
89 129
90 129
91 129
92 129
93 129
94 129
95 129
96 129
97 129
98 129
99 129
100 129
101 129
102 129
103 129
104 129
105 129
106 129
107 129
108 129
109 129
110 129
111 129
112 129
113 129
114 129
115 129
116 129
117 129
118 129
119 129
120 129
121 129
122 129
123 129
124 129
125 129
126 129
127 129
128 129
1 130
2 130
3 130
4 130
5 130
6 130
7 130
8 130
9 130
10 130
11 130
12 130
13 130
14 130
15 130
16 130
17 130
18 130
19 130
20 130
21 130
22 130
23 130
24 130
25 130
26 130
27 130
28 130
29 130
30 130
31 130
32 130
33 130
34 130
35 130
36 130
37 130
38 130
39 130
40 130
41 130
42 130
43 130
44 130
45 130
46 130
47 130
48 130
49 130
50 130
51 130
52 130
53 130
54 130
55 130
56 130
57 130
58 130
59 130
60 130
61 130
62 130
63 130
64 130
65 130
66 130
67 130
68 130
69 130
70 130
71 130
72 130
73 130
74 130
75 130
76 130
77 130
78 130
79 130
80 130
81 130
82 130
83 130
84 130
85 130
86 130
87 130
88 130
89 130
90 130
91 130
92 130
93 130
94 130
95 130
96 130
97 130
98 130
99 130
100 130
101 130
102 130
103 130
104 130
105 130
106 130
107 130
108 130
109 130
110 130
111 130
112 130
113 130
114 130
115 130
116 130
117 130
118 130
119 130
120 130
121 130
122 130
123 130
124 130
125 130
126 130
127 130
128 130
129 130
1 131
2 131
3 131
4 131
5 131
6 131
7 131
8 131
9 131
10 131
11 131
12 131
13 131
14 131
15 131
16 131
17 131
18 131
19 131
20 131
21 131
22 131
23 131
24 131
25 131
26 131
27 131
28 131
29 131
30 131
31 131
32 131
33 131
34 131
35 131
36 131
37 131
38 131
39 131
40 131
41 131
42 131
43 131
44 131
45 131
46 131
47 131
48 131
49 131
50 131
51 131
52 131
53 131
54 131
55 131
56 131
57 131
58 131
59 131
60 131
61 131
62 131
63 131
64 131
65 131
66 131
67 131
68 131
69 131
70 131
71 131
72 131
73 131
74 131
75 131
76 131
77 131
78 131
79 131
80 131
81 131
82 131
83 131
84 131
85 131
86 131
87 131
88 131
89 131
90 131
91 131
92 131
93 131
94 131
95 131
96 131
97 131
98 131
99 131
100 131
101 131
102 131
103 131
104 131
105 131
106 131
107 131
108 131
109 131
110 131
111 131
112 131
113 131
114 131
115 131
116 131
117 131
118 131
119 131
120 131
121 131
122 131
123 131
124 131
125 131
126 131
127 131
128 131
129 131
130 131
1 132
2 132
3 132
4 132
5 132
6 132
7 132
8 132
9 132
10 132
11 132
12 132
13 132
14 132
15 132
16 132
17 132
18 132
19 132
20 132
21 132
22 132
23 132
24 132
25 132
26 132
27 132
28 132
29 132
30 132
31 132
32 132
33 132
34 132
35 132
36 132
37 132
38 132
39 132
40 132
41 132
42 132
43 132
44 132
45 132
46 132
47 132
48 132
49 132
50 132
51 132
52 132
53 132
54 132
55 132
56 132
57 132
58 132
59 132
60 132
61 132
62 132
63 132
64 132
65 132
66 132
67 132
68 132
69 132
70 132
71 132
72 132
73 132
74 132
75 132
76 132
77 132
78 132
79 132
80 132
81 132
82 132
83 132
84 132
85 132
86 132
87 132
88 132
89 132
90 132
91 132
92 132
93 132
94 132
95 132
96 132
97 132
98 132
99 132
100 132
101 132
102 132
103 132
104 132
105 132
106 132
107 132
108 132
109 132
110 132
111 132
112 132
113 132
114 132
115 132
116 132
117 132
118 132
119 132
120 132
121 132
122 132
123 132
124 132
125 132
126 132
127 132
128 132
129 132
130 132
131 132
1 133
2 133
3 133
4 133
5 133
6 133
7 133
8 133
9 133
10 133
11 133
12 133
13 133
14 133
15 133
16 133
17 133
18 133
19 133
20 133
21 133
22 133
23 133
24 133
25 133
26 133
27 133
28 133
29 133
30 133
31 133
32 133
33 133
34 133
35 133
36 133
37 133
38 133
39 133
40 133
41 133
42 133
43 133
44 133
45 133
46 133
47 133
48 133
49 133
50 133
51 133
52 133
53 133
54 133
55 133
56 133
57 133
58 133
59 133
60 133
61 133
62 133
63 133
64 133
65 133
66 133
67 133
68 133
69 133
70 133
71 133
72 133
73 133
74 133
75 133
76 133
77 133
78 133
79 133
80 133
81 133
82 133
83 133
84 133
85 133
86 133
87 133
88 133
89 133
90 133
91 133
92 133
93 133
94 133
95 133
96 133
97 133
98 133
99 133
100 133
101 133
102 133
103 133
104 133
105 133
106 133
107 133
108 133
109 133
110 133
111 133
112 133
113 133
114 133
115 133
116 133
117 133
118 133
119 133
120 133
121 133
122 133
123 133
124 133
125 133
126 133
127 133
128 133
129 133
130 133
131 133
132 133
1 134
2 134
3 134
4 134
5 134
6 134
7 134
8 134
9 134
10 134
11 134
12 134
13 134
14 134
15 134
16 134
17 134
18 134
19 134
20 134
21 134
22 134
23 134
24 134
25 134
26 134
27 134
28 134
29 134
30 134
31 134
32 134
33 134
34 134
35 134
36 134
37 134
38 134
39 134
40 134
41 134
42 134
43 134
44 134
45 134
46 134
47 134
48 134
49 134
50 134
51 134
52 134
53 134
54 134
55 134
56 134
57 134
58 134
59 134
60 134
61 134
62 134
63 134
64 134
65 134
66 134
67 134
68 134
69 134
70 134
71 134
72 134
73 134
74 134
75 134
76 134
77 134
78 134
79 134
80 134
81 134
82 134
83 134
84 134
85 134
86 134
87 134
88 134
89 134
90 134
91 134
92 134
93 134
94 134
95 134
96 134
97 134
98 134
99 134
100 134
101 134
102 134
103 134
104 134
105 134
106 134
107 134
108 134
109 134
110 134
111 134
112 134
113 134
114 134
115 134
116 134
117 134
118 134
119 134
120 134
121 134
122 134
123 134
124 134
125 134
126 134
127 134
128 134
129 134
130 134
131 134
132 134
133 134
1 135
2 135
3 135
4 135
5 135
6 135
7 135
8 135
9 135
10 135
11 135
12 135
13 135
14 135
15 135
16 135
17 135
18 135
19 135
20 135
21 135
22 135
23 135
24 135
25 135
26 135
27 135
28 135
29 135
30 135
31 135
32 135
33 135
34 135
35 135
36 135
37 135
38 135
39 135
40 135
41 135
42 135
43 135
44 135
45 135
46 135
47 135
48 135
49 135
50 135
51 135
52 135
53 135
54 135
55 135
56 135
57 135
58 135
59 135
60 135
61 135
62 135
63 135
64 135
65 135
66 135
67 135
68 135
69 135
70 135
71 135
72 135
73 135
74 135
75 135
76 135
77 135
78 135
79 135
80 135
81 135
82 135
83 135
84 135
85 135
86 135
87 135
88 135
89 135
90 135
91 135
92 135
93 135
94 135
95 135
96 135
97 135
98 135
99 135
100 135
101 135
102 135
103 135
104 135
105 135
106 135
107 135
108 135
109 135
110 135
111 135
112 135
113 135
114 135
115 135
116 135
117 135
118 135
119 135
120 135
121 135
122 135
123 135
124 135
125 135
126 135
127 135
128 135
129 135
130 135
131 135
132 135
133 135
134 135
1 136
2 136
3 136
4 136
5 136
6 136
7 136
8 136
9 136
10 136
11 136
12 136
13 136
14 136
15 136
16 136
17 136
18 136
19 136
20 136
21 136
22 136
23 136
24 136
25 136
26 136
27 136
28 136
29 136
30 136
31 136
32 136
33 136
34 136
35 136
36 136
37 136
38 136
39 136
40 136
41 136
42 136
43 136
44 136
45 136
46 136
47 136
48 136
49 136
50 136
51 136
52 136
53 136
54 136
55 136
56 136
57 136
58 136
59 136
60 136
61 136
62 136
63 136
64 136
65 136
66 136
67 136
68 136
69 136
70 136
71 136
72 136
73 136
74 136
75 136
76 136
77 136
78 136
79 136
80 136
81 136
82 136
83 136
84 136
85 136
86 136
87 136
88 136
89 136
90 136
91 136
92 136
93 136
94 136
95 136
96 136
97 136
98 136
99 136
100 136
101 136
102 136
103 136
104 136
105 136
106 136
107 136
108 136
109 136
110 136
111 136
112 136
113 136
114 136
115 136
116 136
117 136
118 136
119 136
120 136
121 136
122 136
123 136
124 136
125 136
126 136
127 136
128 136
129 136
130 136
131 136
132 136
133 136
134 136
135 136
1 137
2 137
3 137
4 137
5 137
6 137
7 137
8 137
9 137
10 137
11 137
12 137
13 137
14 137
15 137
16 137
17 137
18 137
19 137
20 137
21 137
22 137
23 137
24 137
25 137
26 137
27 137
28 137
29 137
30 137
31 137
32 137
33 137
34 137
35 137
36 137
37 137
38 137
39 137
40 137
41 137
42 137
43 137
44 137
45 137
46 137
47 137
48 137
49 137
50 137
51 137
52 137
53 137
54 137
55 137
56 137
57 137
58 137
59 137
60 137
61 137
62 137
63 137
64 137
65 137
66 137
67 137
68 137
69 137
70 137
71 137
72 137
73 137
74 137
75 137
76 137
77 137
78 137
79 137
80 137
81 137
82 137
83 137
84 137
85 137
86 137
87 137
88 137
89 137
90 137
91 137
92 137
93 137
94 137
95 137
96 137
97 137
98 137
99 137
100 137
101 137
102 137
103 137
104 137
105 137
106 137
107 137
108 137
109 137
110 137
111 137
112 137
113 137
114 137
115 137
116 137
117 137
118 137
119 137
120 137
121 137
122 137
123 137
124 137
125 137
126 137
127 137
128 137
129 137
130 137
131 137
132 137
133 137
134 137
135 137
136 137
1 138
2 138
3 138
4 138
5 138
6 138
7 138
8 138
9 138
10 138
11 138
12 138
13 138
14 138
15 138
16 138
17 138
18 138
19 138
20 138
21 138
22 138
23 138
24 138
25 138
26 138
27 138
28 138
29 138
30 138
31 138
32 138
33 138
34 138
35 138
36 138
37 138
38 138
39 138
40 138
41 138
42 138
43 138
44 138
45 138
46 138
47 138
48 138
49 138
50 138
51 138
52 138
53 138
54 138
55 138
56 138
57 138
58 138
59 138
60 138
61 138
62 138
63 138
64 138
65 138
66 138
67 138
68 138
69 138
70 138
71 138
72 138
73 138
74 138
75 138
76 138
77 138
78 138
79 138
80 138
81 138
82 138
83 138
84 138
85 138
86 138
87 138
88 138
89 138
90 138
91 138
92 138
93 138
94 138
95 138
96 138
97 138
98 138
99 138
100 138
101 138
102 138
103 138
104 138
105 138
106 138
107 138
108 138
109 138
110 138
111 138
112 138
113 138
114 138
115 138
116 138
117 138
118 138
119 138
120 138
121 138
122 138
123 138
124 138
125 138
126 138
127 138
128 138
129 138
130 138
131 138
132 138
133 138
134 138
135 138
136 138
137 138
1 139
2 139
3 139
4 139
5 139
6 139
7 139
8 139
9 139
10 139
11 139
12 139
13 139
14 139
15 139
16 139
17 139
18 139
19 139
20 139
21 139
22 139
23 139
24 139
25 139
26 139
27 139
28 139
29 139
30 139
31 139
32 139
33 139
34 139
35 139
36 139
37 139
38 139
39 139
40 139
41 139
42 139
43 139
44 139
45 139
46 139
47 139
48 139
49 139
50 139
51 139
52 139
53 139
54 139
55 139
56 139
57 139
58 139
59 139
60 139
61 139
62 139
63 139
64 139
65 139
66 139
67 139
68 139
69 139
70 139
71 139
72 139
73 139
74 139
75 139
76 139
77 139
78 139
79 139
80 139
81 139
82 139
83 139
84 139
85 139
86 139
87 139
88 139
89 139
90 139
91 139
92 139
93 139
94 139
95 139
96 139
97 139
98 139
99 139
100 139
101 139
102 139
103 139
104 139
105 139
106 139
107 139
108 139
109 139
110 139
111 139
112 139
113 139
114 139
115 139
116 139
117 139
118 139
119 139
120 139
121 139
122 139
123 139
124 139
125 139
126 139
127 139
128 139
129 139
130 139
131 139
132 139
133 139
134 139
135 139
136 139
137 139
138 139
1 140
2 140
3 140
4 140
5 140
6 140
7 140
8 140
9 140
10 140
11 140
12 140
13 140
14 140
15 140
16 140
17 140
18 140
19 140
20 140
21 140
22 140
23 140
24 140
25 140
26 140
27 140
28 140
29 140
30 140
31 140
32 140
33 140
34 140
35 140
36 140
37 140
38 140
39 140
40 140
41 140
42 140
43 140
44 140
45 140
46 140
47 140
48 140
49 140
50 140
51 140
52 140
53 140
54 140
55 140
56 140
57 140
58 140
59 140
60 140
61 140
62 140
63 140
64 140
65 140
66 140
67 140
68 140
69 140
70 140
71 140
72 140
73 140
74 140
75 140
76 140
77 140
78 140
79 140
80 140
81 140
82 140
83 140
84 140
85 140
86 140
87 140
88 140
89 140
90 140
91 140
92 140
93 140
94 140
95 140
96 140
97 140
98 140
99 140
100 140
101 140
102 140
103 140
104 140
105 140
106 140
107 140
108 140
109 140
110 140
111 140
112 140
113 140
114 140
115 140
116 140
117 140
118 140
119 140
120 140
121 140
122 140
123 140
124 140
125 140
126 140
127 140
128 140
129 140
130 140
131 140
132 140
133 140
134 140
135 140
136 140
137 140
138 140
139 140
1 141
2 141
3 141
4 141
5 141
6 141
7 141
8 141
9 141
10 141
11 141
12 141
13 141
14 141
15 141
16 141
17 141
18 141
19 141
20 141
21 141
22 141
23 141
24 141
25 141
26 141
27 141
28 141
29 141
30 141
31 141
32 141
33 141
34 141
35 141
36 141
37 141
38 141
39 141
40 141
41 141
42 141
43 141
44 141
45 141
46 141
47 141
48 141
49 141
50 141
51 141
52 141
53 141
54 141
55 141
56 141
57 141
58 141
59 141
60 141
61 141
62 141
63 141
64 141
65 141
66 141
67 141
68 141
69 141
70 141
71 141
72 141
73 141
74 141
75 141
76 141
77 141
78 141
79 141
80 141
81 141
82 141
83 141
84 141
85 141
86 141
87 141
88 141
89 141
90 141
91 141
92 141
93 141
94 141
95 141
96 141
97 141
98 141
99 141
100 141
101 141
102 141
103 141
104 141
105 141
106 141
107 141
108 141
109 141
110 141
111 141
112 141
113 141
114 141
115 141
116 141
117 141
118 141
119 141
120 141
121 141
122 141
123 141
124 141
125 141
126 141
127 141
128 141
129 141
130 141
131 141
132 141
133 141
134 141
135 141
136 141
137 141
138 141
139 141
140 141
1 142
2 142
3 142
4 142
5 142
6 142
7 142
8 142
9 142
10 142
11 142
12 142
13 142
14 142
15 142
16 142
17 142
18 142
19 142
20 142
21 142
22 142
23 142
24 142
25 142
26 142
27 142
28 142
29 142
30 142
31 142
32 142
33 142
34 142
35 142
36 142
37 142
38 142
39 142
40 142
41 142
42 142
43 142
44 142
45 142
46 142
47 142
48 142
49 142
50 142
51 142
52 142
53 142
54 142
55 142
56 142
57 142
58 142
59 142
60 142
61 142
62 142
63 142
64 142
65 142
66 142
67 142
68 142
69 142
70 142
71 142
72 142
73 142
74 142
75 142
76 142
77 142
78 142
79 142
80 142
81 142
82 142
83 142
84 142
85 142
86 142
87 142
88 142
89 142
90 142
91 142
92 142
93 142
94 142
95 142
96 142
97 142
98 142
99 142
100 142
101 142
102 142
103 142
104 142
105 142
106 142
107 142
108 142
109 142
110 142
111 142
112 142
113 142
114 142
115 142
116 142
117 142
118 142
119 142
120 142
121 142
122 142
123 142
124 142
125 142
126 142
127 142
128 142
129 142
130 142
131 142
132 142
133 142
134 142
135 142
136 142
137 142
138 142
139 142
140 142
141 142
46 143
46 144
143 144
46 145
143 145
144 145
46 146
143 146
144 146
145 146
46 147
143 147
144 147
145 147
146 147
46 148
143 148
144 148
145 148
146 148
147 148
46 149
143 149
144 149
145 149
146 149
147 149
148 149
46 150
143 150
144 150
145 150
146 150
147 150
148 150
149 150
46 151
143 151
144 151
145 151
146 151
147 151
148 151
149 151
150 151
46 152
143 152
144 152
145 152
146 152
147 152
148 152
149 152
150 152
151 152
46 153
143 153
144 153
145 153
146 153
147 153
148 153
149 153
150 153
151 153
152 153
46 154
143 154
144 154
145 154
146 154
147 154
148 154
149 154
150 154
151 154
152 154
153 154
46 155
143 155
144 155
145 155
146 155
147 155
148 155
149 155
150 155
151 155
152 155
153 155
154 155
46 156
143 156
144 156
145 156
146 156
147 156
148 156
149 156
150 156
151 156
152 156
153 156
154 156
155 156
46 157
143 157
144 157
145 157
146 157
147 157
148 157
149 157
150 157
151 157
152 157
153 157
154 157
155 157
156 157
46 158
143 158
144 158
145 158
146 158
147 158
148 158
149 158
150 158
151 158
152 158
153 158
154 158
155 158
156 158
157 158
46 159
143 159
144 159
145 159
146 159
147 159
148 159
149 159
150 159
151 159
152 159
153 159
154 159
155 159
156 159
157 159
158 159
46 160
143 160
144 160
145 160
146 160
147 160
148 160
149 160
150 160
151 160
152 160
153 160
154 160
155 160
156 160
157 160
158 160
159 160
46 161
143 161
144 161
145 161
146 161
147 161
148 161
149 161
150 161
151 161
152 161
153 161
154 161
155 161
156 161
157 161
158 161
159 161
160 161
46 162
143 162
144 162
145 162
146 162
147 162
148 162
149 162
150 162
151 162
152 162
153 162
154 162
155 162
156 162
157 162
158 162
159 162
160 162
161 162
46 163
143 163
144 163
145 163
146 163
147 163
148 163
149 163
150 163
151 163
152 163
153 163
154 163
155 163
156 163
157 163
158 163
159 163
160 163
161 163
162 163
46 164
143 164
144 164
145 164
146 164
147 164
148 164
149 164
150 164
151 164
152 164
153 164
154 164
155 164
156 164
157 164
158 164
159 164
160 164
161 164
162 164
163 164
46 165
143 165
144 165
145 165
146 165
147 165
148 165
149 165
150 165
151 165
152 165
153 165
154 165
155 165
156 165
157 165
158 165
159 165
160 165
161 165
162 165
163 165
164 165
46 166
143 166
144 166
145 166
146 166
147 166
148 166
149 166
150 166
151 166
152 166
153 166
154 166
155 166
156 166
157 166
158 166
159 166
160 166
161 166
162 166
163 166
164 166
165 166
46 167
143 167
144 167
145 167
146 167
147 167
148 167
149 167
150 167
151 167
152 167
153 167
154 167
155 167
156 167
157 167
158 167
159 167
160 167
161 167
162 167
163 167
164 167
165 167
166 167
46 168
143 168
144 168
145 168
146 168
147 168
148 168
149 168
150 168
151 168
152 168
153 168
154 168
155 168
156 168
157 168
158 168
159 168
160 168
161 168
162 168
163 168
164 168
165 168
166 168
167 168
46 169
143 169
144 169
145 169
146 169
147 169
148 169
149 169
150 169
151 169
152 169
153 169
154 169
155 169
156 169
157 169
158 169
159 169
160 169
161 169
162 169
163 169
164 169
165 169
166 169
167 169
168 169
46 170
143 170
144 170
145 170
146 170
147 170
148 170
149 170
150 170
151 170
152 170
153 170
154 170
155 170
156 170
157 170
158 170
159 170
160 170
161 170
162 170
163 170
164 170
165 170
166 170
167 170
168 170
169 170
46 171
143 171
144 171
145 171
146 171
147 171
148 171
149 171
150 171
151 171
152 171
153 171
154 171
155 171
156 171
157 171
158 171
159 171
160 171
161 171
162 171
163 171
164 171
165 171
166 171
167 171
168 171
169 171
170 171
46 172
143 172
144 172
145 172
146 172
147 172
148 172
149 172
150 172
151 172
152 172
153 172
154 172
155 172
156 172
157 172
158 172
159 172
160 172
161 172
162 172
163 172
164 172
165 172
166 172
167 172
168 172
169 172
170 172
171 172
46 173
143 173
144 173
145 173
146 173
147 173
148 173
149 173
150 173
151 173
152 173
153 173
154 173
155 173
156 173
157 173
158 173
159 173
160 173
161 173
162 173
163 173
164 173
165 173
166 173
167 173
168 173
169 173
170 173
171 173
172 173
46 174
143 174
144 174
145 174
146 174
147 174
148 174
149 174
150 174
151 174
152 174
153 174
154 174
155 174
156 174
157 174
158 174
159 174
160 174
161 174
162 174
163 174
164 174
165 174
166 174
167 174
168 174
169 174
170 174
171 174
172 174
173 174
46 175
143 175
144 175
145 175
146 175
147 175
148 175
149 175
150 175
151 175
152 175
153 175
154 175
155 175
156 175
157 175
158 175
159 175
160 175
161 175
162 175
163 175
164 175
165 175
166 175
167 175
168 175
169 175
170 175
171 175
172 175
173 175
174 175
46 176
143 176
144 176
145 176
146 176
147 176
148 176
149 176
150 176
151 176
152 176
153 176
154 176
155 176
156 176
157 176
158 176
159 176
160 176
161 176
162 176
163 176
164 176
165 176
166 176
167 176
168 176
169 176
170 176
171 176
172 176
173 176
174 176
175 176
46 177
143 177
144 177
145 177
146 177
147 177
148 177
149 177
150 177
151 177
152 177
153 177
154 177
155 177
156 177
157 177
158 177
159 177
160 177
161 177
162 177
163 177
164 177
165 177
166 177
167 177
168 177
169 177
170 177
171 177
172 177
173 177
174 177
175 177
176 177
46 178
143 178
144 178
145 178
146 178
147 178
148 178
149 178
150 178
151 178
152 178
153 178
154 178
155 178
156 178
157 178
158 178
159 178
160 178
161 178
162 178
163 178
164 178
165 178
166 178
167 178
168 178
169 178
170 178
171 178
172 178
173 178
174 178
175 178
176 178
177 178
46 179
143 179
144 179
145 179
146 179
147 179
148 179
149 179
150 179
151 179
152 179
153 179
154 179
155 179
156 179
157 179
158 179
159 179
160 179
161 179
162 179
163 179
164 179
165 179
166 179
167 179
168 179
169 179
170 179
171 179
172 179
173 179
174 179
175 179
176 179
177 179
178 179
46 180
143 180
144 180
145 180
146 180
147 180
148 180
149 180
150 180
151 180
152 180
153 180
154 180
155 180
156 180
157 180
158 180
159 180
160 180
161 180
162 180
163 180
164 180
165 180
166 180
167 180
168 180
169 180
170 180
171 180
172 180
173 180
174 180
175 180
176 180
177 180
178 180
179 180
46 181
143 181
144 181
145 181
146 181
147 181
148 181
149 181
150 181
151 181
152 181
153 181
154 181
155 181
156 181
157 181
158 181
159 181
160 181
161 181
162 181
163 181
164 181
165 181
166 181
167 181
168 181
169 181
170 181
171 181
172 181
173 181
174 181
175 181
176 181
177 181
178 181
179 181
180 181
46 182
143 182
144 182
145 182
146 182
147 182
148 182
149 182
150 182
151 182
152 182
153 182
154 182
155 182
156 182
157 182
158 182
159 182
160 182
161 182
162 182
163 182
164 182
165 182
166 182
167 182
168 182
169 182
170 182
171 182
172 182
173 182
174 182
175 182
176 182
177 182
178 182
179 182
180 182
181 182
54 183
54 184
183 184
54 185
183 185
184 185
54 186
183 186
184 186
185 186
54 187
183 187
184 187
185 187
186 187
54 188
183 188
184 188
185 188
186 188
187 188
54 189
183 189
184 189
185 189
186 189
187 189
188 189
54 190
183 190
184 190
185 190
186 190
187 190
188 190
189 190
54 191
183 191
184 191
185 191
186 191
187 191
188 191
189 191
190 191
54 192
183 192
184 192
185 192
186 192
187 192
188 192
189 192
190 192
191 192
54 193
183 193
184 193
185 193
186 193
187 193
188 193
189 193
190 193
191 193
192 193
54 194
183 194
184 194
185 194
186 194
187 194
188 194
189 194
190 194
191 194
192 194
193 194
54 195
183 195
184 195
185 195
186 195
187 195
188 195
189 195
190 195
191 195
192 195
193 195
194 195
54 196
183 196
184 196
185 196
186 196
187 196
188 196
189 196
190 196
191 196
192 196
193 196
194 196
195 196
54 197
183 197
184 197
185 197
186 197
187 197
188 197
189 197
190 197
191 197
192 197
193 197
194 197
195 197
196 197
54 198
183 198
184 198
185 198
186 198
187 198
188 198
189 198
190 198
191 198
192 198
193 198
194 198
195 198
196 198
197 198
54 199
183 199
184 199
185 199
186 199
187 199
188 199
189 199
190 199
191 199
192 199
193 199
194 199
195 199
196 199
197 199
198 199
54 200
183 200
184 200
185 200
186 200
187 200
188 200
189 200
190 200
191 200
192 200
193 200
194 200
195 200
196 200
197 200
198 200
199 200
54 201
183 201
184 201
185 201
186 201
187 201
188 201
189 201
190 201
191 201
192 201
193 201
194 201
195 201
196 201
197 201
198 201
199 201
200 201
54 202
183 202
184 202
185 202
186 202
187 202
188 202
189 202
190 202
191 202
192 202
193 202
194 202
195 202
196 202
197 202
198 202
199 202
200 202
201 202
54 203
183 203
184 203
185 203
186 203
187 203
188 203
189 203
190 203
191 203
192 203
193 203
194 203
195 203
196 203
197 203
198 203
199 203
200 203
201 203
202 203
54 204
183 204
184 204
185 204
186 204
187 204
188 204
189 204
190 204
191 204
192 204
193 204
194 204
195 204
196 204
197 204
198 204
199 204
200 204
201 204
202 204
203 204
54 205
183 205
184 205
185 205
186 205
187 205
188 205
189 205
190 205
191 205
192 205
193 205
194 205
195 205
196 205
197 205
198 205
199 205
200 205
201 205
202 205
203 205
204 205
54 206
183 206
184 206
185 206
186 206
187 206
188 206
189 206
190 206
191 206
192 206
193 206
194 206
195 206
196 206
197 206
198 206
199 206
200 206
201 206
202 206
203 206
204 206
205 206
54 207
183 207
184 207
185 207
186 207
187 207
188 207
189 207
190 207
191 207
192 207
193 207
194 207
195 207
196 207
197 207
198 207
199 207
200 207
201 207
202 207
203 207
204 207
205 207
206 207
54 208
183 208
184 208
185 208
186 208
187 208
188 208
189 208
190 208
191 208
192 208
193 208
194 208
195 208
196 208
197 208
198 208
199 208
200 208
201 208
202 208
203 208
204 208
205 208
206 208
207 208
54 209
183 209
184 209
185 209
186 209
187 209
188 209
189 209
190 209
191 209
192 209
193 209
194 209
195 209
196 209
197 209
198 209
199 209
200 209
201 209
202 209
203 209
204 209
205 209
206 209
207 209
208 209
54 210
183 210
184 210
185 210
186 210
187 210
188 210
189 210
190 210
191 210
192 210
193 210
194 210
195 210
196 210
197 210
198 210
199 210
200 210
201 210
202 210
203 210
204 210
205 210
206 210
207 210
208 210
209 210
54 211
183 211
184 211
185 211
186 211
187 211
188 211
189 211
190 211
191 211
192 211
193 211
194 211
195 211
196 211
197 211
198 211
199 211
200 211
201 211
202 211
203 211
204 211
205 211
206 211
207 211
208 211
209 211
210 211
54 212
183 212
184 212
185 212
186 212
187 212
188 212
189 212
190 212
191 212
192 212
193 212
194 212
195 212
196 212
197 212
198 212
199 212
200 212
201 212
202 212
203 212
204 212
205 212
206 212
207 212
208 212
209 212
210 212
211 212
54 213
183 213
184 213
185 213
186 213
187 213
188 213
189 213
190 213
191 213
192 213
193 213
194 213
195 213
196 213
197 213
198 213
199 213
200 213
201 213
202 213
203 213
204 213
205 213
206 213
207 213
208 213
209 213
210 213
211 213
212 213
54 214
183 214
184 214
185 214
186 214
187 214
188 214
189 214
190 214
191 214
192 214
193 214
194 214
195 214
196 214
197 214
198 214
199 214
200 214
201 214
202 214
203 214
204 214
205 214
206 214
207 214
208 214
209 214
210 214
211 214
212 214
213 214
54 215
183 215
184 215
185 215
186 215
187 215
188 215
189 215
190 215
191 215
192 215
193 215
194 215
195 215
196 215
197 215
198 215
199 215
200 215
201 215
202 215
203 215
204 215
205 215
206 215
207 215
208 215
209 215
210 215
211 215
212 215
213 215
214 215
54 216
183 216
184 216
185 216
186 216
187 216
188 216
189 216
190 216
191 216
192 216
193 216
194 216
195 216
196 216
197 216
198 216
199 216
200 216
201 216
202 216
203 216
204 216
205 216
206 216
207 216
208 216
209 216
210 216
211 216
212 216
213 216
214 216
215 216
54 217
183 217
184 217
185 217
186 217
187 217
188 217
189 217
190 217
191 217
192 217
193 217
194 217
195 217
196 217
197 217
198 217
199 217
200 217
201 217
202 217
203 217
204 217
205 217
206 217
207 217
208 217
209 217
210 217
211 217
212 217
213 217
214 217
215 217
216 217
54 218
183 218
184 218
185 218
186 218
187 218
188 218
189 218
190 218
191 218
192 218
193 218
194 218
195 218
196 218
197 218
198 218
199 218
200 218
201 218
202 218
203 218
204 218
205 218
206 218
207 218
208 218
209 218
210 218
211 218
212 218
213 218
214 218
215 218
216 218
217 218
54 219
183 219
184 219
185 219
186 219
187 219
188 219
189 219
190 219
191 219
192 219
193 219
194 219
195 219
196 219
197 219
198 219
199 219
200 219
201 219
202 219
203 219
204 219
205 219
206 219
207 219
208 219
209 219
210 219
211 219
212 219
213 219
214 219
215 219
216 219
217 219
218 219
54 220
183 220
184 220
185 220
186 220
187 220
188 220
189 220
190 220
191 220
192 220
193 220
194 220
195 220
196 220
197 220
198 220
199 220
200 220
201 220
202 220
203 220
204 220
205 220
206 220
207 220
208 220
209 220
210 220
211 220
212 220
213 220
214 220
215 220
216 220
217 220
218 220
219 220
54 221
183 221
184 221
185 221
186 221
187 221
188 221
189 221
190 221
191 221
192 221
193 221
194 221
195 221
196 221
197 221
198 221
199 221
200 221
201 221
202 221
203 221
204 221
205 221
206 221
207 221
208 221
209 221
210 221
211 221
212 221
213 221
214 221
215 221
216 221
217 221
218 221
219 221
220 221
54 222
183 222
184 222
185 222
186 222
187 222
188 222
189 222
190 222
191 222
192 222
193 222
194 222
195 222
196 222
197 222
198 222
199 222
200 222
201 222
202 222
203 222
204 222
205 222
206 222
207 222
208 222
209 222
210 222
211 222
212 222
213 222
214 222
215 222
216 222
217 222
218 222
219 222
220 222
221 222
54 223
183 223
184 223
185 223
186 223
187 223
188 223
189 223
190 223
191 223
192 223
193 223
194 223
195 223
196 223
197 223
198 223
199 223
200 223
201 223
202 223
203 223
204 223
205 223
206 223
207 223
208 223
209 223
210 223
211 223
212 223
213 223
214 223
215 223
216 223
217 223
218 223
219 223
220 223
221 223
222 223
54 224
183 224
184 224
185 224
186 224
187 224
188 224
189 224
190 224
191 224
192 224
193 224
194 224
195 224
196 224
197 224
198 224
199 224
200 224
201 224
202 224
203 224
204 224
205 224
206 224
207 224
208 224
209 224
210 224
211 224
212 224
213 224
214 224
215 224
216 224
217 224
218 224
219 224
220 224
221 224
222 224
223 224
54 225
183 225
184 225
185 225
186 225
187 225
188 225
189 225
190 225
191 225
192 225
193 225
194 225
195 225
196 225
197 225
198 225
199 225
200 225
201 225
202 225
203 225
204 225
205 225
206 225
207 225
208 225
209 225
210 225
211 225
212 225
213 225
214 225
215 225
216 225
217 225
218 225
219 225
220 225
221 225
222 225
223 225
224 225
54 226
183 226
184 226
185 226
186 226
187 226
188 226
189 226
190 226
191 226
192 226
193 226
194 226
195 226
196 226
197 226
198 226
199 226
200 226
201 226
202 226
203 226
204 226
205 226
206 226
207 226
208 226
209 226
210 226
211 226
212 226
213 226
214 226
215 226
216 226
217 226
218 226
219 226
220 226
221 226
222 226
223 226
224 226
225 226
54 227
183 227
184 227
185 227
186 227
187 227
188 227
189 227
190 227
191 227
192 227
193 227
194 227
195 227
196 227
197 227
198 227
199 227
200 227
201 227
202 227
203 227
204 227
205 227
206 227
207 227
208 227
209 227
210 227
211 227
212 227
213 227
214 227
215 227
216 227
217 227
218 227
219 227
220 227
221 227
222 227
223 227
224 227
225 227
226 227
54 228
183 228
184 228
185 228
186 228
187 228
188 228
189 228
190 228
191 228
192 228
193 228
194 228
195 228
196 228
197 228
198 228
199 228
200 228
201 228
202 228
203 228
204 228
205 228
206 228
207 228
208 228
209 228
210 228
211 228
212 228
213 228
214 228
215 228
216 228
217 228
218 228
219 228
220 228
221 228
222 228
223 228
224 228
225 228
226 228
227 228
54 229
183 229
184 229
185 229
186 229
187 229
188 229
189 229
190 229
191 229
192 229
193 229
194 229
195 229
196 229
197 229
198 229
199 229
200 229
201 229
202 229
203 229
204 229
205 229
206 229
207 229
208 229
209 229
210 229
211 229
212 229
213 229
214 229
215 229
216 229
217 229
218 229
219 229
220 229
221 229
222 229
223 229
224 229
225 229
226 229
227 229
228 229
54 230
183 230
184 230
185 230
186 230
187 230
188 230
189 230
190 230
191 230
192 230
193 230
194 230
195 230
196 230
197 230
198 230
199 230
200 230
201 230
202 230
203 230
204 230
205 230
206 230
207 230
208 230
209 230
210 230
211 230
212 230
213 230
214 230
215 230
216 230
217 230
218 230
219 230
220 230
221 230
222 230
223 230
224 230
225 230
226 230
227 230
228 230
229 230
54 231
183 231
184 231
185 231
186 231
187 231
188 231
189 231
190 231
191 231
192 231
193 231
194 231
195 231
196 231
197 231
198 231
199 231
200 231
201 231
202 231
203 231
204 231
205 231
206 231
207 231
208 231
209 231
210 231
211 231
212 231
213 231
214 231
215 231
216 231
217 231
218 231
219 231
220 231
221 231
222 231
223 231
224 231
225 231
226 231
227 231
228 231
229 231
230 231
54 232
183 232
184 232
185 232
186 232
187 232
188 232
189 232
190 232
191 232
192 232
193 232
194 232
195 232
196 232
197 232
198 232
199 232
200 232
201 232
202 232
203 232
204 232
205 232
206 232
207 232
208 232
209 232
210 232
211 232
212 232
213 232
214 232
215 232
216 232
217 232
218 232
219 232
220 232
221 232
222 232
223 232
224 232
225 232
226 232
227 232
228 232
229 232
230 232
231 232
54 233
183 233
184 233
185 233
186 233
187 233
188 233
189 233
190 233
191 233
192 233
193 233
194 233
195 233
196 233
197 233
198 233
199 233
200 233
201 233
202 233
203 233
204 233
205 233
206 233
207 233
208 233
209 233
210 233
211 233
212 233
213 233
214 233
215 233
216 233
217 233
218 233
219 233
220 233
221 233
222 233
223 233
224 233
225 233
226 233
227 233
228 233
229 233
230 233
231 233
232 233
54 234
183 234
184 234
185 234
186 234
187 234
188 234
189 234
190 234
191 234
192 234
193 234
194 234
195 234
196 234
197 234
198 234
199 234
200 234
201 234
202 234
203 234
204 234
205 234
206 234
207 234
208 234
209 234
210 234
211 234
212 234
213 234
214 234
215 234
216 234
217 234
218 234
219 234
220 234
221 234
222 234
223 234
224 234
225 234
226 234
227 234
228 234
229 234
230 234
231 234
232 234
233 234
54 235
183 235
184 235
185 235
186 235
187 235
188 235
189 235
190 235
191 235
192 235
193 235
194 235
195 235
196 235
197 235
198 235
199 235
200 235
201 235
202 235
203 235
204 235
205 235
206 235
207 235
208 235
209 235
210 235
211 235
212 235
213 235
214 235
215 235
216 235
217 235
218 235
219 235
220 235
221 235
222 235
223 235
224 235
225 235
226 235
227 235
228 235
229 235
230 235
231 235
232 235
233 235
234 235
54 236
183 236
184 236
185 236
186 236
187 236
188 236
189 236
190 236
191 236
192 236
193 236
194 236
195 236
196 236
197 236
198 236
199 236
200 236
201 236
202 236
203 236
204 236
205 236
206 236
207 236
208 236
209 236
210 236
211 236
212 236
213 236
214 236
215 236
216 236
217 236
218 236
219 236
220 236
221 236
222 236
223 236
224 236
225 236
226 236
227 236
228 236
229 236
230 236
231 236
232 236
233 236
234 236
235 236
54 237
183 237
184 237
185 237
186 237
187 237
188 237
189 237
190 237
191 237
192 237
193 237
194 237
195 237
196 237
197 237
198 237
199 237
200 237
201 237
202 237
203 237
204 237
205 237
206 237
207 237
208 237
209 237
210 237
211 237
212 237
213 237
214 237
215 237
216 237
217 237
218 237
219 237
220 237
221 237
222 237
223 237
224 237
225 237
226 237
227 237
228 237
229 237
230 237
231 237
232 237
233 237
234 237
235 237
236 237
54 238
183 238
184 238
185 238
186 238
187 238
188 238
189 238
190 238
191 238
192 238
193 238
194 238
195 238
196 238
197 238
198 238
199 238
200 238
201 238
202 238
203 238
204 238
205 238
206 238
207 238
208 238
209 238
210 238
211 238
212 238
213 238
214 238
215 238
216 238
217 238
218 238
219 238
220 238
221 238
222 238
223 238
224 238
225 238
226 238
227 238
228 238
229 238
230 238
231 238
232 238
233 238
234 238
235 238
236 238
237 238
54 239
183 239
184 239
185 239
186 239
187 239
188 239
189 239
190 239
191 239
192 239
193 239
194 239
195 239
196 239
197 239
198 239
199 239
200 239
201 239
202 239
203 239
204 239
205 239
206 239
207 239
208 239
209 239
210 239
211 239
212 239
213 239
214 239
215 239
216 239
217 239
218 239
219 239
220 239
221 239
222 239
223 239
224 239
225 239
226 239
227 239
228 239
229 239
230 239
231 239
232 239
233 239
234 239
235 239
236 239
237 239
238 239
54 240
183 240
184 240
185 240
186 240
187 240
188 240
189 240
190 240
191 240
192 240
193 240
194 240
195 240
196 240
197 240
198 240
199 240
200 240
201 240
202 240
203 240
204 240
205 240
206 240
207 240
208 240
209 240
210 240
211 240
212 240
213 240
214 240
215 240
216 240
217 240
218 240
219 240
220 240
221 240
222 240
223 240
224 240
225 240
226 240
227 240
228 240
229 240
230 240
231 240
232 240
233 240
234 240
235 240
236 240
237 240
238 240
239 240
54 241
183 241
184 241
185 241
186 241
187 241
188 241
189 241
190 241
191 241
192 241
193 241
194 241
195 241
196 241
197 241
198 241
199 241
200 241
201 241
202 241
203 241
204 241
205 241
206 241
207 241
208 241
209 241
210 241
211 241
212 241
213 241
214 241
215 241
216 241
217 241
218 241
219 241
220 241
221 241
222 241
223 241
224 241
225 241
226 241
227 241
228 241
229 241
230 241
231 241
232 241
233 241
234 241
235 241
236 241
237 241
238 241
239 241
240 241
54 242
183 242
184 242
185 242
186 242
187 242
188 242
189 242
190 242
191 242
192 242
193 242
194 242
195 242
196 242
197 242
198 242
199 242
200 242
201 242
202 242
203 242
204 242
205 242
206 242
207 242
208 242
209 242
210 242
211 242
212 242
213 242
214 242
215 242
216 242
217 242
218 242
219 242
220 242
221 242
222 242
223 242
224 242
225 242
226 242
227 242
228 242
229 242
230 242
231 242
232 242
233 242
234 242
235 242
236 242
237 242
238 242
239 242
240 242
241 242
54 243
183 243
184 243
185 243
186 243
187 243
188 243
189 243
190 243
191 243
192 243
193 243
194 243
195 243
196 243
197 243
198 243
199 243
200 243
201 243
202 243
203 243
204 243
205 243
206 243
207 243
208 243
209 243
210 243
211 243
212 243
213 243
214 243
215 243
216 243
217 243
218 243
219 243
220 243
221 243
222 243
223 243
224 243
225 243
226 243
227 243
228 243
229 243
230 243
231 243
232 243
233 243
234 243
235 243
236 243
237 243
238 243
239 243
240 243
241 243
242 243
54 244
183 244
184 244
185 244
186 244
187 244
188 244
189 244
190 244
191 244
192 244
193 244
194 244
195 244
196 244
197 244
198 244
199 244
200 244
201 244
202 244
203 244
204 244
205 244
206 244
207 244
208 244
209 244
210 244
211 244
212 244
213 244
214 244
215 244
216 244
217 244
218 244
219 244
220 244
221 244
222 244
223 244
224 244
225 244
226 244
227 244
228 244
229 244
230 244
231 244
232 244
233 244
234 244
235 244
236 244
237 244
238 244
239 244
240 244
241 244
242 244
243 244
54 245
183 245
184 245
185 245
186 245
187 245
188 245
189 245
190 245
191 245
192 245
193 245
194 245
195 245
196 245
197 245
198 245
199 245
200 245
201 245
202 245
203 245
204 245
205 245
206 245
207 245
208 245
209 245
210 245
211 245
212 245
213 245
214 245
215 245
216 245
217 245
218 245
219 245
220 245
221 245
222 245
223 245
224 245
225 245
226 245
227 245
228 245
229 245
230 245
231 245
232 245
233 245
234 245
235 245
236 245
237 245
238 245
239 245
240 245
241 245
242 245
243 245
244 245
54 246
183 246
184 246
185 246
186 246
187 246
188 246
189 246
190 246
191 246
192 246
193 246
194 246
195 246
196 246
197 246
198 246
199 246
200 246
201 246
202 246
203 246
204 246
205 246
206 246
207 246
208 246
209 246
210 246
211 246
212 246
213 246
214 246
215 246
216 246
217 246
218 246
219 246
220 246
221 246
222 246
223 246
224 246
225 246
226 246
227 246
228 246
229 246
230 246
231 246
232 246
233 246
234 246
235 246
236 246
237 246
238 246
239 246
240 246
241 246
242 246
243 246
244 246
245 246
54 247
183 247
184 247
185 247
186 247
187 247
188 247
189 247
190 247
191 247
192 247
193 247
194 247
195 247
196 247
197 247
198 247
199 247
200 247
201 247
202 247
203 247
204 247
205 247
206 247
207 247
208 247
209 247
210 247
211 247
212 247
213 247
214 247
215 247
216 247
217 247
218 247
219 247
220 247
221 247
222 247
223 247
224 247
225 247
226 247
227 247
228 247
229 247
230 247
231 247
232 247
233 247
234 247
235 247
236 247
237 247
238 247
239 247
240 247
241 247
242 247
243 247
244 247
245 247
246 247
54 248
183 248
184 248
185 248
186 248
187 248
188 248
189 248
190 248
191 248
192 248
193 248
194 248
195 248
196 248
197 248
198 248
199 248
200 248
201 248
202 248
203 248
204 248
205 248
206 248
207 248
208 248
209 248
210 248
211 248
212 248
213 248
214 248
215 248
216 248
217 248
218 248
219 248
220 248
221 248
222 248
223 248
224 248
225 248
226 248
227 248
228 248
229 248
230 248
231 248
232 248
233 248
234 248
235 248
236 248
237 248
238 248
239 248
240 248
241 248
242 248
243 248
244 248
245 248
246 248
247 248
54 249
183 249
184 249
185 249
186 249
187 249
188 249
189 249
190 249
191 249
192 249
193 249
194 249
195 249
196 249
197 249
198 249
199 249
200 249
201 249
202 249
203 249
204 249
205 249
206 249
207 249
208 249
209 249
210 249
211 249
212 249
213 249
214 249
215 249
216 249
217 249
218 249
219 249
220 249
221 249
222 249
223 249
224 249
225 249
226 249
227 249
228 249
229 249
230 249
231 249
232 249
233 249
234 249
235 249
236 249
237 249
238 249
239 249
240 249
241 249
242 249
243 249
244 249
245 249
246 249
247 249
248 249
92 250
92 251
250 251
92 252
250 252
251 252
92 253
250 253
251 253
252 253
92 254
250 254
251 254
252 254
253 254
92 255
250 255
251 255
252 255
253 255
254 255
92 256
250 256
251 256
252 256
253 256
254 256
255 256
92 257
250 257
251 257
252 257
253 257
254 257
255 257
256 257
92 258
250 258
251 258
252 258
253 258
254 258
255 258
256 258
257 258
92 259
250 259
251 259
252 259
253 259
254 259
255 259
256 259
257 259
258 259
92 260
250 260
251 260
252 260
253 260
254 260
255 260
256 260
257 260
258 260
259 260
92 261
250 261
251 261
252 261
253 261
254 261
255 261
256 261
257 261
258 261
259 261
260 261
92 262
250 262
251 262
252 262
253 262
254 262
255 262
256 262
257 262
258 262
259 262
260 262
261 262
92 263
250 263
251 263
252 263
253 263
254 263
255 263
256 263
257 263
258 263
259 263
260 263
261 263
262 263
92 264
250 264
251 264
252 264
253 264
254 264
255 264
256 264
257 264
258 264
259 264
260 264
261 264
262 264
263 264
92 265
250 265
251 265
252 265
253 265
254 265
255 265
256 265
257 265
258 265
259 265
260 265
261 265
262 265
263 265
264 265
92 266
250 266
251 266
252 266
253 266
254 266
255 266
256 266
257 266
258 266
259 266
260 266
261 266
262 266
263 266
264 266
265 266
92 267
250 267
251 267
252 267
253 267
254 267
255 267
256 267
257 267
258 267
259 267
260 267
261 267
262 267
263 267
264 267
265 267
266 267
92 268
250 268
251 268
252 268
253 268
254 268
255 268
256 268
257 268
258 268
259 268
260 268
261 268
262 268
263 268
264 268
265 268
266 268
267 268
92 269
250 269
251 269
252 269
253 269
254 269
255 269
256 269
257 269
258 269
259 269
260 269
261 269
262 269
263 269
264 269
265 269
266 269
267 269
268 269
92 270
250 270
251 270
252 270
253 270
254 270
255 270
256 270
257 270
258 270
259 270
260 270
261 270
262 270
263 270
264 270
265 270
266 270
267 270
268 270
269 270
92 271
250 271
251 271
252 271
253 271
254 271
255 271
256 271
257 271
258 271
259 271
260 271
261 271
262 271
263 271
264 271
265 271
266 271
267 271
268 271
269 271
270 271
92 272
250 272
251 272
252 272
253 272
254 272
255 272
256 272
257 272
258 272
259 272
260 272
261 272
262 272
263 272
264 272
265 272
266 272
267 272
268 272
269 272
270 272
271 272
92 273
250 273
251 273
252 273
253 273
254 273
255 273
256 273
257 273
258 273
259 273
260 273
261 273
262 273
263 273
264 273
265 273
266 273
267 273
268 273
269 273
270 273
271 273
272 273
92 274
250 274
251 274
252 274
253 274
254 274
255 274
256 274
257 274
258 274
259 274
260 274
261 274
262 274
263 274
264 274
265 274
266 274
267 274
268 274
269 274
270 274
271 274
272 274
273 274
92 275
250 275
251 275
252 275
253 275
254 275
255 275
256 275
257 275
258 275
259 275
260 275
261 275
262 275
263 275
264 275
265 275
266 275
267 275
268 275
269 275
270 275
271 275
272 275
273 275
274 275
92 276
250 276
251 276
252 276
253 276
254 276
255 276
256 276
257 276
258 276
259 276
260 276
261 276
262 276
263 276
264 276
265 276
266 276
267 276
268 276
269 276
270 276
271 276
272 276
273 276
274 276
275 276
92 277
250 277
251 277
252 277
253 277
254 277
255 277
256 277
257 277
258 277
259 277
260 277
261 277
262 277
263 277
264 277
265 277
266 277
267 277
268 277
269 277
270 277
271 277
272 277
273 277
274 277
275 277
276 277
92 278
250 278
251 278
252 278
253 278
254 278
255 278
256 278
257 278
258 278
259 278
260 278
261 278
262 278
263 278
264 278
265 278
266 278
267 278
268 278
269 278
270 278
271 278
272 278
273 278
274 278
275 278
276 278
277 278
92 279
250 279
251 279
252 279
253 279
254 279
255 279
256 279
257 279
258 279
259 279
260 279
261 279
262 279
263 279
264 279
265 279
266 279
267 279
268 279
269 279
270 279
271 279
272 279
273 279
274 279
275 279
276 279
277 279
278 279
92 280
250 280
251 280
252 280
253 280
254 280
255 280
256 280
257 280
258 280
259 280
260 280
261 280
262 280
263 280
264 280
265 280
266 280
267 280
268 280
269 280
270 280
271 280
272 280
273 280
274 280
275 280
276 280
277 280
278 280
279 280
92 281
250 281
251 281
252 281
253 281
254 281
255 281
256 281
257 281
258 281
259 281
260 281
261 281
262 281
263 281
264 281
265 281
266 281
267 281
268 281
269 281
270 281
271 281
272 281
273 281
274 281
275 281
276 281
277 281
278 281
279 281
280 281
92 282
250 282
251 282
252 282
253 282
254 282
255 282
256 282
257 282
258 282
259 282
260 282
261 282
262 282
263 282
264 282
265 282
266 282
267 282
268 282
269 282
270 282
271 282
272 282
273 282
274 282
275 282
276 282
277 282
278 282
279 282
280 282
281 282
92 283
250 283
251 283
252 283
253 283
254 283
255 283
256 283
257 283
258 283
259 283
260 283
261 283
262 283
263 283
264 283
265 283
266 283
267 283
268 283
269 283
270 283
271 283
272 283
273 283
274 283
275 283
276 283
277 283
278 283
279 283
280 283
281 283
282 283
92 284
250 284
251 284
252 284
253 284
254 284
255 284
256 284
257 284
258 284
259 284
260 284
261 284
262 284
263 284
264 284
265 284
266 284
267 284
268 284
269 284
270 284
271 284
272 284
273 284
274 284
275 284
276 284
277 284
278 284
279 284
280 284
281 284
282 284
283 284
92 285
250 285
251 285
252 285
253 285
254 285
255 285
256 285
257 285
258 285
259 285
260 285
261 285
262 285
263 285
264 285
265 285
266 285
267 285
268 285
269 285
270 285
271 285
272 285
273 285
274 285
275 285
276 285
277 285
278 285
279 285
280 285
281 285
282 285
283 285
284 285
92 286
250 286
251 286
252 286
253 286
254 286
255 286
256 286
257 286
258 286
259 286
260 286
261 286
262 286
263 286
264 286
265 286
266 286
267 286
268 286
269 286
270 286
271 286
272 286
273 286
274 286
275 286
276 286
277 286
278 286
279 286
280 286
281 286
282 286
283 286
284 286
285 286
92 287
250 287
251 287
252 287
253 287
254 287
255 287
256 287
257 287
258 287
259 287
260 287
261 287
262 287
263 287
264 287
265 287
266 287
267 287
268 287
269 287
270 287
271 287
272 287
273 287
274 287
275 287
276 287
277 287
278 287
279 287
280 287
281 287
282 287
283 287
284 287
285 287
286 287
92 288
250 288
251 288
252 288
253 288
254 288
255 288
256 288
257 288
258 288
259 288
260 288
261 288
262 288
263 288
264 288
265 288
266 288
267 288
268 288
269 288
270 288
271 288
272 288
273 288
274 288
275 288
276 288
277 288
278 288
279 288
280 288
281 288
282 288
283 288
284 288
285 288
286 288
287 288
92 289
250 289
251 289
252 289
253 289
254 289
255 289
256 289
257 289
258 289
259 289
260 289
261 289
262 289
263 289
264 289
265 289
266 289
267 289
268 289
269 289
270 289
271 289
272 289
273 289
274 289
275 289
276 289
277 289
278 289
279 289
280 289
281 289
282 289
283 289
284 289
285 289
286 289
287 289
288 289
92 290
250 290
251 290
252 290
253 290
254 290
255 290
256 290
257 290
258 290
259 290
260 290
261 290
262 290
263 290
264 290
265 290
266 290
267 290
268 290
269 290
270 290
271 290
272 290
273 290
274 290
275 290
276 290
277 290
278 290
279 290
280 290
281 290
282 290
283 290
284 290
285 290
286 290
287 290
288 290
289 290
92 291
250 291
251 291
252 291
253 291
254 291
255 291
256 291
257 291
258 291
259 291
260 291
261 291
262 291
263 291
264 291
265 291
266 291
267 291
268 291
269 291
270 291
271 291
272 291
273 291
274 291
275 291
276 291
277 291
278 291
279 291
280 291
281 291
282 291
283 291
284 291
285 291
286 291
287 291
288 291
289 291
290 291
92 292
250 292
251 292
252 292
253 292
254 292
255 292
256 292
257 292
258 292
259 292
260 292
261 292
262 292
263 292
264 292
265 292
266 292
267 292
268 292
269 292
270 292
271 292
272 292
273 292
274 292
275 292
276 292
277 292
278 292
279 292
280 292
281 292
282 292
283 292
284 292
285 292
286 292
287 292
288 292
289 292
290 292
291 292
92 293
250 293
251 293
252 293
253 293
254 293
255 293
256 293
257 293
258 293
259 293
260 293
261 293
262 293
263 293
264 293
265 293
266 293
267 293
268 293
269 293
270 293
271 293
272 293
273 293
274 293
275 293
276 293
277 293
278 293
279 293
280 293
281 293
282 293
283 293
284 293
285 293
286 293
287 293
288 293
289 293
290 293
291 293
292 293
92 294
250 294
251 294
252 294
253 294
254 294
255 294
256 294
257 294
258 294
259 294
260 294
261 294
262 294
263 294
264 294
265 294
266 294
267 294
268 294
269 294
270 294
271 294
272 294
273 294
274 294
275 294
276 294
277 294
278 294
279 294
280 294
281 294
282 294
283 294
284 294
285 294
286 294
287 294
288 294
289 294
290 294
291 294
292 294
293 294
92 295
250 295
251 295
252 295
253 295
254 295
255 295
256 295
257 295
258 295
259 295
260 295
261 295
262 295
263 295
264 295
265 295
266 295
267 295
268 295
269 295
270 295
271 295
272 295
273 295
274 295
275 295
276 295
277 295
278 295
279 295
280 295
281 295
282 295
283 295
284 295
285 295
286 295
287 295
288 295
289 295
290 295
291 295
292 295
293 295
294 295
92 296
250 296
251 296
252 296
253 296
254 296
255 296
256 296
257 296
258 296
259 296
260 296
261 296
262 296
263 296
264 296
265 296
266 296
267 296
268 296
269 296
270 296
271 296
272 296
273 296
274 296
275 296
276 296
277 296
278 296
279 296
280 296
281 296
282 296
283 296
284 296
285 296
286 296
287 296
288 296
289 296
290 296
291 296
292 296
293 296
294 296
295 296
92 297
250 297
251 297
252 297
253 297
254 297
255 297
256 297
257 297
258 297
259 297
260 297
261 297
262 297
263 297
264 297
265 297
266 297
267 297
268 297
269 297
270 297
271 297
272 297
273 297
274 297
275 297
276 297
277 297
278 297
279 297
280 297
281 297
282 297
283 297
284 297
285 297
286 297
287 297
288 297
289 297
290 297
291 297
292 297
293 297
294 297
295 297
296 297
92 298
250 298
251 298
252 298
253 298
254 298
255 298
256 298
257 298
258 298
259 298
260 298
261 298
262 298
263 298
264 298
265 298
266 298
267 298
268 298
269 298
270 298
271 298
272 298
273 298
274 298
275 298
276 298
277 298
278 298
279 298
280 298
281 298
282 298
283 298
284 298
285 298
286 298
287 298
288 298
289 298
290 298
291 298
292 298
293 298
294 298
295 298
296 298
297 298
92 299
250 299
251 299
252 299
253 299
254 299
255 299
256 299
257 299
258 299
259 299
260 299
261 299
262 299
263 299
264 299
265 299
266 299
267 299
268 299
269 299
270 299
271 299
272 299
273 299
274 299
275 299
276 299
277 299
278 299
279 299
280 299
281 299
282 299
283 299
284 299
285 299
286 299
287 299
288 299
289 299
290 299
291 299
292 299
293 299
294 299
295 299
296 299
297 299
298 299
92 300
250 300
251 300
252 300
253 300
254 300
255 300
256 300
257 300
258 300
259 300
260 300
261 300
262 300
263 300
264 300
265 300
266 300
267 300
268 300
269 300
270 300
271 300
272 300
273 300
274 300
275 300
276 300
277 300
278 300
279 300
280 300
281 300
282 300
283 300
284 300
285 300
286 300
287 300
288 300
289 300
290 300
291 300
292 300
293 300
294 300
295 300
296 300
297 300
298 300
299 300
92 301
250 301
251 301
252 301
253 301
254 301
255 301
256 301
257 301
258 301
259 301
260 301
261 301
262 301
263 301
264 301
265 301
266 301
267 301
268 301
269 301
270 301
271 301
272 301
273 301
274 301
275 301
276 301
277 301
278 301
279 301
280 301
281 301
282 301
283 301
284 301
285 301
286 301
287 301
288 301
289 301
290 301
291 301
292 301
293 301
294 301
295 301
296 301
297 301
298 301
299 301
300 301
92 302
250 302
251 302
252 302
253 302
254 302
255 302
256 302
257 302
258 302
259 302
260 302
261 302
262 302
263 302
264 302
265 302
266 302
267 302
268 302
269 302
270 302
271 302
272 302
273 302
274 302
275 302
276 302
277 302
278 302
279 302
280 302
281 302
282 302
283 302
284 302
285 302
286 302
287 302
288 302
289 302
290 302
291 302
292 302
293 302
294 302
295 302
296 302
297 302
298 302
299 302
300 302
301 302
92 303
250 303
251 303
252 303
253 303
254 303
255 303
256 303
257 303
258 303
259 303
260 303
261 303
262 303
263 303
264 303
265 303
266 303
267 303
268 303
269 303
270 303
271 303
272 303
273 303
274 303
275 303
276 303
277 303
278 303
279 303
280 303
281 303
282 303
283 303
284 303
285 303
286 303
287 303
288 303
289 303
290 303
291 303
292 303
293 303
294 303
295 303
296 303
297 303
298 303
299 303
300 303
301 303
302 303
92 304
250 304
251 304
252 304
253 304
254 304
255 304
256 304
257 304
258 304
259 304
260 304
261 304
262 304
263 304
264 304
265 304
266 304
267 304
268 304
269 304
270 304
271 304
272 304
273 304
274 304
275 304
276 304
277 304
278 304
279 304
280 304
281 304
282 304
283 304
284 304
285 304
286 304
287 304
288 304
289 304
290 304
291 304
292 304
293 304
294 304
295 304
296 304
297 304
298 304
299 304
300 304
301 304
302 304
303 304
92 305
250 305
251 305
252 305
253 305
254 305
255 305
256 305
257 305
258 305
259 305
260 305
261 305
262 305
263 305
264 305
265 305
266 305
267 305
268 305
269 305
270 305
271 305
272 305
273 305
274 305
275 305
276 305
277 305
278 305
279 305
280 305
281 305
282 305
283 305
284 305
285 305
286 305
287 305
288 305
289 305
290 305
291 305
292 305
293 305
294 305
295 305
296 305
297 305
298 305
299 305
300 305
301 305
302 305
303 305
304 305
92 306
250 306
251 306
252 306
253 306
254 306
255 306
256 306
257 306
258 306
259 306
260 306
261 306
262 306
263 306
264 306
265 306
266 306
267 306
268 306
269 306
270 306
271 306
272 306
273 306
274 306
275 306
276 306
277 306
278 306
279 306
280 306
281 306
282 306
283 306
284 306
285 306
286 306
287 306
288 306
289 306
290 306
291 306
292 306
293 306
294 306
295 306
296 306
297 306
298 306
299 306
300 306
301 306
302 306
303 306
304 306
305 306
92 307
250 307
251 307
252 307
253 307
254 307
255 307
256 307
257 307
258 307
259 307
260 307
261 307
262 307
263 307
264 307
265 307
266 307
267 307
268 307
269 307
270 307
271 307
272 307
273 307
274 307
275 307
276 307
277 307
278 307
279 307
280 307
281 307
282 307
283 307
284 307
285 307
286 307
287 307
288 307
289 307
290 307
291 307
292 307
293 307
294 307
295 307
296 307
297 307
298 307
299 307
300 307
301 307
302 307
303 307
304 307
305 307
306 307
92 308
250 308
251 308
252 308
253 308
254 308
255 308
256 308
257 308
258 308
259 308
260 308
261 308
262 308
263 308
264 308
265 308
266 308
267 308
268 308
269 308
270 308
271 308
272 308
273 308
274 308
275 308
276 308
277 308
278 308
279 308
280 308
281 308
282 308
283 308
284 308
285 308
286 308
287 308
288 308
289 308
290 308
291 308
292 308
293 308
294 308
295 308
296 308
297 308
298 308
299 308
300 308
301 308
302 308
303 308
304 308
305 308
306 308
307 308
92 309
250 309
251 309
252 309
253 309
254 309
255 309
256 309
257 309
258 309
259 309
260 309
261 309
262 309
263 309
264 309
265 309
266 309
267 309
268 309
269 309
270 309
271 309
272 309
273 309
274 309
275 309
276 309
277 309
278 309
279 309
280 309
281 309
282 309
283 309
284 309
285 309
286 309
287 309
288 309
289 309
290 309
291 309
292 309
293 309
294 309
295 309
296 309
297 309
298 309
299 309
300 309
301 309
302 309
303 309
304 309
305 309
306 309
307 309
308 309
92 310
250 310
251 310
252 310
253 310
254 310
255 310
256 310
257 310
258 310
259 310
260 310
261 310
262 310
263 310
264 310
265 310
266 310
267 310
268 310
269 310
270 310
271 310
272 310
273 310
274 310
275 310
276 310
277 310
278 310
279 310
280 310
281 310
282 310
283 310
284 310
285 310
286 310
287 310
288 310
289 310
290 310
291 310
292 310
293 310
294 310
295 310
296 310
297 310
298 310
299 310
300 310
301 310
302 310
303 310
304 310
305 310
306 310
307 310
308 310
309 310
92 311
250 311
251 311
252 311
253 311
254 311
255 311
256 311
257 311
258 311
259 311
260 311
261 311
262 311
263 311
264 311
265 311
266 311
267 311
268 311
269 311
270 311
271 311
272 311
273 311
274 311
275 311
276 311
277 311
278 311
279 311
280 311
281 311
282 311
283 311
284 311
285 311
286 311
287 311
288 311
289 311
290 311
291 311
292 311
293 311
294 311
295 311
296 311
297 311
298 311
299 311
300 311
301 311
302 311
303 311
304 311
305 311
306 311
307 311
308 311
309 311
310 311
92 312
250 312
251 312
252 312
253 312
254 312
255 312
256 312
257 312
258 312
259 312
260 312
261 312
262 312
263 312
264 312
265 312
266 312
267 312
268 312
269 312
270 312
271 312
272 312
273 312
274 312
275 312
276 312
277 312
278 312
279 312
280 312
281 312
282 312
283 312
284 312
285 312
286 312
287 312
288 312
289 312
290 312
291 312
292 312
293 312
294 312
295 312
296 312
297 312
298 312
299 312
300 312
301 312
302 312
303 312
304 312
305 312
306 312
307 312
308 312
309 312
310 312
311 312
92 313
250 313
251 313
252 313
253 313
254 313
255 313
256 313
257 313
258 313
259 313
260 313
261 313
262 313
263 313
264 313
265 313
266 313
267 313
268 313
269 313
270 313
271 313
272 313
273 313
274 313
275 313
276 313
277 313
278 313
279 313
280 313
281 313
282 313
283 313
284 313
285 313
286 313
287 313
288 313
289 313
290 313
291 313
292 313
293 313
294 313
295 313
296 313
297 313
298 313
299 313
300 313
301 313
302 313
303 313
304 313
305 313
306 313
307 313
308 313
309 313
310 313
311 313
312 313
92 314
250 314
251 314
252 314
253 314
254 314
255 314
256 314
257 314
258 314
259 314
260 314
261 314
262 314
263 314
264 314
265 314
266 314
267 314
268 314
269 314
270 314
271 314
272 314
273 314
274 314
275 314
276 314
277 314
278 314
279 314
280 314
281 314
282 314
283 314
284 314
285 314
286 314
287 314
288 314
289 314
290 314
291 314
292 314
293 314
294 314
295 314
296 314
297 314
298 314
299 314
300 314
301 314
302 314
303 314
304 314
305 314
306 314
307 314
308 314
309 314
310 314
311 314
312 314
313 314
92 315
250 315
251 315
252 315
253 315
254 315
255 315
256 315
257 315
258 315
259 315
260 315
261 315
262 315
263 315
264 315
265 315
266 315
267 315
268 315
269 315
270 315
271 315
272 315
273 315
274 315
275 315
276 315
277 315
278 315
279 315
280 315
281 315
282 315
283 315
284 315
285 315
286 315
287 315
288 315
289 315
290 315
291 315
292 315
293 315
294 315
295 315
296 315
297 315
298 315
299 315
300 315
301 315
302 315
303 315
304 315
305 315
306 315
307 315
308 315
309 315
310 315
311 315
312 315
313 315
314 315
92 316
250 316
251 316
252 316
253 316
254 316
255 316
256 316
257 316
258 316
259 316
260 316
261 316
262 316
263 316
264 316
265 316
266 316
267 316
268 316
269 316
270 316
271 316
272 316
273 316
274 316
275 316
276 316
277 316
278 316
279 316
280 316
281 316
282 316
283 316
284 316
285 316
286 316
287 316
288 316
289 316
290 316
291 316
292 316
293 316
294 316
295 316
296 316
297 316
298 316
299 316
300 316
301 316
302 316
303 316
304 316
305 316
306 316
307 316
308 316
309 316
310 316
311 316
312 316
313 316
314 316
315 316
92 317
250 317
251 317
252 317
253 317
254 317
255 317
256 317
257 317
258 317
259 317
260 317
261 317
262 317
263 317
264 317
265 317
266 317
267 317
268 317
269 317
270 317
271 317
272 317
273 317
274 317
275 317
276 317
277 317
278 317
279 317
280 317
281 317
282 317
283 317
284 317
285 317
286 317
287 317
288 317
289 317
290 317
291 317
292 317
293 317
294 317
295 317
296 317
297 317
298 317
299 317
300 317
301 317
302 317
303 317
304 317
305 317
306 317
307 317
308 317
309 317
310 317
311 317
312 317
313 317
314 317
315 317
316 317
92 318
250 318
251 318
252 318
253 318
254 318
255 318
256 318
257 318
258 318
259 318
260 318
261 318
262 318
263 318
264 318
265 318
266 318
267 318
268 318
269 318
270 318
271 318
272 318
273 318
274 318
275 318
276 318
277 318
278 318
279 318
280 318
281 318
282 318
283 318
284 318
285 318
286 318
287 318
288 318
289 318
290 318
291 318
292 318
293 318
294 318
295 318
296 318
297 318
298 318
299 318
300 318
301 318
302 318
303 318
304 318
305 318
306 318
307 318
308 318
309 318
310 318
311 318
312 318
313 318
314 318
315 318
316 318
317 318
92 319
250 319
251 319
252 319
253 319
254 319
255 319
256 319
257 319
258 319
259 319
260 319
261 319
262 319
263 319
264 319
265 319
266 319
267 319
268 319
269 319
270 319
271 319
272 319
273 319
274 319
275 319
276 319
277 319
278 319
279 319
280 319
281 319
282 319
283 319
284 319
285 319
286 319
287 319
288 319
289 319
290 319
291 319
292 319
293 319
294 319
295 319
296 319
297 319
298 319
299 319
300 319
301 319
302 319
303 319
304 319
305 319
306 319
307 319
308 319
309 319
310 319
311 319
312 319
313 319
314 319
315 319
316 319
317 319
318 319
92 320
250 320
251 320
252 320
253 320
254 320
255 320
256 320
257 320
258 320
259 320
260 320
261 320
262 320
263 320
264 320
265 320
266 320
267 320
268 320
269 320
270 320
271 320
272 320
273 320
274 320
275 320
276 320
277 320
278 320
279 320
280 320
281 320
282 320
283 320
284 320
285 320
286 320
287 320
288 320
289 320
290 320
291 320
292 320
293 320
294 320
295 320
296 320
297 320
298 320
299 320
300 320
301 320
302 320
303 320
304 320
305 320
306 320
307 320
308 320
309 320
310 320
311 320
312 320
313 320
314 320
315 320
316 320
317 320
318 320
319 320
92 321
250 321
251 321
252 321
253 321
254 321
255 321
256 321
257 321
258 321
259 321
260 321
261 321
262 321
263 321
264 321
265 321
266 321
267 321
268 321
269 321
270 321
271 321
272 321
273 321
274 321
275 321
276 321
277 321
278 321
279 321
280 321
281 321
282 321
283 321
284 321
285 321
286 321
287 321
288 321
289 321
290 321
291 321
292 321
293 321
294 321
295 321
296 321
297 321
298 321
299 321
300 321
301 321
302 321
303 321
304 321
305 321
306 321
307 321
308 321
309 321
310 321
311 321
312 321
313 321
314 321
315 321
316 321
317 321
318 321
319 321
320 321
92 322
250 322
251 322
252 322
253 322
254 322
255 322
256 322
257 322
258 322
259 322
260 322
261 322
262 322
263 322
264 322
265 322
266 322
267 322
268 322
269 322
270 322
271 322
272 322
273 322
274 322
275 322
276 322
277 322
278 322
279 322
280 322
281 322
282 322
283 322
284 322
285 322
286 322
287 322
288 322
289 322
290 322
291 322
292 322
293 322
294 322
295 322
296 322
297 322
298 322
299 322
300 322
301 322
302 322
303 322
304 322
305 322
306 322
307 322
308 322
309 322
310 322
311 322
312 322
313 322
314 322
315 322
316 322
317 322
318 322
319 322
320 322
321 322
92 323
250 323
251 323
252 323
253 323
254 323
255 323
256 323
257 323
258 323
259 323
260 323
261 323
262 323
263 323
264 323
265 323
266 323
267 323
268 323
269 323
270 323
271 323
272 323
273 323
274 323
275 323
276 323
277 323
278 323
279 323
280 323
281 323
282 323
283 323
284 323
285 323
286 323
287 323
288 323
289 323
290 323
291 323
292 323
293 323
294 323
295 323
296 323
297 323
298 323
299 323
300 323
301 323
302 323
303 323
304 323
305 323
306 323
307 323
308 323
309 323
310 323
311 323
312 323
313 323
314 323
315 323
316 323
317 323
318 323
319 323
320 323
321 323
322 323
92 324
250 324
251 324
252 324
253 324
254 324
255 324
256 324
257 324
258 324
259 324
260 324
261 324
262 324
263 324
264 324
265 324
266 324
267 324
268 324
269 324
270 324
271 324
272 324
273 324
274 324
275 324
276 324
277 324
278 324
279 324
280 324
281 324
282 324
283 324
284 324
285 324
286 324
287 324
288 324
289 324
290 324
291 324
292 324
293 324
294 324
295 324
296 324
297 324
298 324
299 324
300 324
301 324
302 324
303 324
304 324
305 324
306 324
307 324
308 324
309 324
310 324
311 324
312 324
313 324
314 324
315 324
316 324
317 324
318 324
319 324
320 324
321 324
322 324
323 324
92 325
250 325
251 325
252 325
253 325
254 325
255 325
256 325
257 325
258 325
259 325
260 325
261 325
262 325
263 325
264 325
265 325
266 325
267 325
268 325
269 325
270 325
271 325
272 325
273 325
274 325
275 325
276 325
277 325
278 325
279 325
280 325
281 325
282 325
283 325
284 325
285 325
286 325
287 325
288 325
289 325
290 325
291 325
292 325
293 325
294 325
295 325
296 325
297 325
298 325
299 325
300 325
301 325
302 325
303 325
304 325
305 325
306 325
307 325
308 325
309 325
310 325
311 325
312 325
313 325
314 325
315 325
316 325
317 325
318 325
319 325
320 325
321 325
322 325
323 325
324 325
92 326
250 326
251 326
252 326
253 326
254 326
255 326
256 326
257 326
258 326
259 326
260 326
261 326
262 326
263 326
264 326
265 326
266 326
267 326
268 326
269 326
270 326
271 326
272 326
273 326
274 326
275 326
276 326
277 326
278 326
279 326
280 326
281 326
282 326
283 326
284 326
285 326
286 326
287 326
288 326
289 326
290 326
291 326
292 326
293 326
294 326
295 326
296 326
297 326
298 326
299 326
300 326
301 326
302 326
303 326
304 326
305 326
306 326
307 326
308 326
309 326
310 326
311 326
312 326
313 326
314 326
315 326
316 326
317 326
318 326
319 326
320 326
321 326
322 326
323 326
324 326
325 326
92 327
250 327
251 327
252 327
253 327
254 327
255 327
256 327
257 327
258 327
259 327
260 327
261 327
262 327
263 327
264 327
265 327
266 327
267 327
268 327
269 327
270 327
271 327
272 327
273 327
274 327
275 327
276 327
277 327
278 327
279 327
280 327
281 327
282 327
283 327
284 327
285 327
286 327
287 327
288 327
289 327
290 327
291 327
292 327
293 327
294 327
295 327
296 327
297 327
298 327
299 327
300 327
301 327
302 327
303 327
304 327
305 327
306 327
307 327
308 327
309 327
310 327
311 327
312 327
313 327
314 327
315 327
316 327
317 327
318 327
319 327
320 327
321 327
322 327
323 327
324 327
325 327
326 327
92 328
250 328
251 328
252 328
253 328
254 328
255 328
256 328
257 328
258 328
259 328
260 328
261 328
262 328
263 328
264 328
265 328
266 328
267 328
268 328
269 328
270 328
271 328
272 328
273 328
274 328
275 328
276 328
277 328
278 328
279 328
280 328
281 328
282 328
283 328
284 328
285 328
286 328
287 328
288 328
289 328
290 328
291 328
292 328
293 328
294 328
295 328
296 328
297 328
298 328
299 328
300 328
301 328
302 328
303 328
304 328
305 328
306 328
307 328
308 328
309 328
310 328
311 328
312 328
313 328
314 328
315 328
316 328
317 328
318 328
319 328
320 328
321 328
322 328
323 328
324 328
325 328
326 328
327 328
92 329
250 329
251 329
252 329
253 329
254 329
255 329
256 329
257 329
258 329
259 329
260 329
261 329
262 329
263 329
264 329
265 329
266 329
267 329
268 329
269 329
270 329
271 329
272 329
273 329
274 329
275 329
276 329
277 329
278 329
279 329
280 329
281 329
282 329
283 329
284 329
285 329
286 329
287 329
288 329
289 329
290 329
291 329
292 329
293 329
294 329
295 329
296 329
297 329
298 329
299 329
300 329
301 329
302 329
303 329
304 329
305 329
306 329
307 329
308 329
309 329
310 329
311 329
312 329
313 329
314 329
315 329
316 329
317 329
318 329
319 329
320 329
321 329
322 329
323 329
324 329
325 329
326 329
327 329
328 329
92 330
250 330
251 330
252 330
253 330
254 330
255 330
256 330
257 330
258 330
259 330
260 330
261 330
262 330
263 330
264 330
265 330
266 330
267 330
268 330
269 330
270 330
271 330
272 330
273 330
274 330
275 330
276 330
277 330
278 330
279 330
280 330
281 330
282 330
283 330
284 330
285 330
286 330
287 330
288 330
289 330
290 330
291 330
292 330
293 330
294 330
295 330
296 330
297 330
298 330
299 330
300 330
301 330
302 330
303 330
304 330
305 330
306 330
307 330
308 330
309 330
310 330
311 330
312 330
313 330
314 330
315 330
316 330
317 330
318 330
319 330
320 330
321 330
322 330
323 330
324 330
325 330
326 330
327 330
328 330
329 330
92 331
250 331
251 331
252 331
253 331
254 331
255 331
256 331
257 331
258 331
259 331
260 331
261 331
262 331
263 331
264 331
265 331
266 331
267 331
268 331
269 331
270 331
271 331
272 331
273 331
274 331
275 331
276 331
277 331
278 331
279 331
280 331
281 331
282 331
283 331
284 331
285 331
286 331
287 331
288 331
289 331
290 331
291 331
292 331
293 331
294 331
295 331
296 331
297 331
298 331
299 331
300 331
301 331
302 331
303 331
304 331
305 331
306 331
307 331
308 331
309 331
310 331
311 331
312 331
313 331
314 331
315 331
316 331
317 331
318 331
319 331
320 331
321 331
322 331
323 331
324 331
325 331
326 331
327 331
328 331
329 331
330 331
92 332
250 332
251 332
252 332
253 332
254 332
255 332
256 332
257 332
258 332
259 332
260 332
261 332
262 332
263 332
264 332
265 332
266 332
267 332
268 332
269 332
270 332
271 332
272 332
273 332
274 332
275 332
276 332
277 332
278 332
279 332
280 332
281 332
282 332
283 332
284 332
285 332
286 332
287 332
288 332
289 332
290 332
291 332
292 332
293 332
294 332
295 332
296 332
297 332
298 332
299 332
300 332
301 332
302 332
303 332
304 332
305 332
306 332
307 332
308 332
309 332
310 332
311 332
312 332
313 332
314 332
315 332
316 332
317 332
318 332
319 332
320 332
321 332
322 332
323 332
324 332
325 332
326 332
327 332
328 332
329 332
330 332
331 332
92 333
250 333
251 333
252 333
253 333
254 333
255 333
256 333
257 333
258 333
259 333
260 333
261 333
262 333
263 333
264 333
265 333
266 333
267 333
268 333
269 333
270 333
271 333
272 333
273 333
274 333
275 333
276 333
277 333
278 333
279 333
280 333
281 333
282 333
283 333
284 333
285 333
286 333
287 333
288 333
289 333
290 333
291 333
292 333
293 333
294 333
295 333
296 333
297 333
298 333
299 333
300 333
301 333
302 333
303 333
304 333
305 333
306 333
307 333
308 333
309 333
310 333
311 333
312 333
313 333
314 333
315 333
316 333
317 333
318 333
319 333
320 333
321 333
322 333
323 333
324 333
325 333
326 333
327 333
328 333
329 333
330 333
331 333
332 333
92 334
250 334
251 334
252 334
253 334
254 334
255 334
256 334
257 334
258 334
259 334
260 334
261 334
262 334
263 334
264 334
265 334
266 334
267 334
268 334
269 334
270 334
271 334
272 334
273 334
274 334
275 334
276 334
277 334
278 334
279 334
280 334
281 334
282 334
283 334
284 334
285 334
286 334
287 334
288 334
289 334
290 334
291 334
292 334
293 334
294 334
295 334
296 334
297 334
298 334
299 334
300 334
301 334
302 334
303 334
304 334
305 334
306 334
307 334
308 334
309 334
310 334
311 334
312 334
313 334
314 334
315 334
316 334
317 334
318 334
319 334
320 334
321 334
322 334
323 334
324 334
325 334
326 334
327 334
328 334
329 334
330 334
331 334
332 334
333 334
92 335
250 335
251 335
252 335
253 335
254 335
255 335
256 335
257 335
258 335
259 335
260 335
261 335
262 335
263 335
264 335
265 335
266 335
267 335
268 335
269 335
270 335
271 335
272 335
273 335
274 335
275 335
276 335
277 335
278 335
279 335
280 335
281 335
282 335
283 335
284 335
285 335
286 335
287 335
288 335
289 335
290 335
291 335
292 335
293 335
294 335
295 335
296 335
297 335
298 335
299 335
300 335
301 335
302 335
303 335
304 335
305 335
306 335
307 335
308 335
309 335
310 335
311 335
312 335
313 335
314 335
315 335
316 335
317 335
318 335
319 335
320 335
321 335
322 335
323 335
324 335
325 335
326 335
327 335
328 335
329 335
330 335
331 335
332 335
333 335
334 335
92 336
250 336
251 336
252 336
253 336
254 336
255 336
256 336
257 336
258 336
259 336
260 336
261 336
262 336
263 336
264 336
265 336
266 336
267 336
268 336
269 336
270 336
271 336
272 336
273 336
274 336
275 336
276 336
277 336
278 336
279 336
280 336
281 336
282 336
283 336
284 336
285 336
286 336
287 336
288 336
289 336
290 336
291 336
292 336
293 336
294 336
295 336
296 336
297 336
298 336
299 336
300 336
301 336
302 336
303 336
304 336
305 336
306 336
307 336
308 336
309 336
310 336
311 336
312 336
313 336
314 336
315 336
316 336
317 336
318 336
319 336
320 336
321 336
322 336
323 336
324 336
325 336
326 336
327 336
328 336
329 336
330 336
331 336
332 336
333 336
334 336
335 336
92 337
250 337
251 337
252 337
253 337
254 337
255 337
256 337
257 337
258 337
259 337
260 337
261 337
262 337
263 337
264 337
265 337
266 337
267 337
268 337
269 337
270 337
271 337
272 337
273 337
274 337
275 337
276 337
277 337
278 337
279 337
280 337
281 337
282 337
283 337
284 337
285 337
286 337
287 337
288 337
289 337
290 337
291 337
292 337
293 337
294 337
295 337
296 337
297 337
298 337
299 337
300 337
301 337
302 337
303 337
304 337
305 337
306 337
307 337
308 337
309 337
310 337
311 337
312 337
313 337
314 337
315 337
316 337
317 337
318 337
319 337
320 337
321 337
322 337
323 337
324 337
325 337
326 337
327 337
328 337
329 337
330 337
331 337
332 337
333 337
334 337
335 337
336 337
92 338
250 338
251 338
252 338
253 338
254 338
255 338
256 338
257 338
258 338
259 338
260 338
261 338
262 338
263 338
264 338
265 338
266 338
267 338
268 338
269 338
270 338
271 338
272 338
273 338
274 338
275 338
276 338
277 338
278 338
279 338
280 338
281 338
282 338
283 338
284 338
285 338
286 338
287 338
288 338
289 338
290 338
291 338
292 338
293 338
294 338
295 338
296 338
297 338
298 338
299 338
300 338
301 338
302 338
303 338
304 338
305 338
306 338
307 338
308 338
309 338
310 338
311 338
312 338
313 338
314 338
315 338
316 338
317 338
318 338
319 338
320 338
321 338
322 338
323 338
324 338
325 338
326 338
327 338
328 338
329 338
330 338
331 338
332 338
333 338
334 338
335 338
336 338
337 338
92 339
250 339
251 339
252 339
253 339
254 339
255 339
256 339
257 339
258 339
259 339
260 339
261 339
262 339
263 339
264 339
265 339
266 339
267 339
268 339
269 339
270 339
271 339
272 339
273 339
274 339
275 339
276 339
277 339
278 339
279 339
280 339
281 339
282 339
283 339
284 339
285 339
286 339
287 339
288 339
289 339
290 339
291 339
292 339
293 339
294 339
295 339
296 339
297 339
298 339
299 339
300 339
301 339
302 339
303 339
304 339
305 339
306 339
307 339
308 339
309 339
310 339
311 339
312 339
313 339
314 339
315 339
316 339
317 339
318 339
319 339
320 339
321 339
322 339
323 339
324 339
325 339
326 339
327 339
328 339
329 339
330 339
331 339
332 339
333 339
334 339
335 339
336 339
337 339
338 339
92 340
250 340
251 340
252 340
253 340
254 340
255 340
256 340
257 340
258 340
259 340
260 340
261 340
262 340
263 340
264 340
265 340
266 340
267 340
268 340
269 340
270 340
271 340
272 340
273 340
274 340
275 340
276 340
277 340
278 340
279 340
280 340
281 340
282 340
283 340
284 340
285 340
286 340
287 340
288 340
289 340
290 340
291 340
292 340
293 340
294 340
295 340
296 340
297 340
298 340
299 340
300 340
301 340
302 340
303 340
304 340
305 340
306 340
307 340
308 340
309 340
310 340
311 340
312 340
313 340
314 340
315 340
316 340
317 340
318 340
319 340
320 340
321 340
322 340
323 340
324 340
325 340
326 340
327 340
328 340
329 340
330 340
331 340
332 340
333 340
334 340
335 340
336 340
337 340
338 340
339 340
92 341
250 341
251 341
252 341
253 341
254 341
255 341
256 341
257 341
258 341
259 341
260 341
261 341
262 341
263 341
264 341
265 341
266 341
267 341
268 341
269 341
270 341
271 341
272 341
273 341
274 341
275 341
276 341
277 341
278 341
279 341
280 341
281 341
282 341
283 341
284 341
285 341
286 341
287 341
288 341
289 341
290 341
291 341
292 341
293 341
294 341
295 341
296 341
297 341
298 341
299 341
300 341
301 341
302 341
303 341
304 341
305 341
306 341
307 341
308 341
309 341
310 341
311 341
312 341
313 341
314 341
315 341
316 341
317 341
318 341
319 341
320 341
321 341
322 341
323 341
324 341
325 341
326 341
327 341
328 341
329 341
330 341
331 341
332 341
333 341
334 341
335 341
336 341
337 341
338 341
339 341
340 341
92 342
250 342
251 342
252 342
253 342
254 342
255 342
256 342
257 342
258 342
259 342
260 342
261 342
262 342
263 342
264 342
265 342
266 342
267 342
268 342
269 342
270 342
271 342
272 342
273 342
274 342
275 342
276 342
277 342
278 342
279 342
280 342
281 342
282 342
283 342
284 342
285 342
286 342
287 342
288 342
289 342
290 342
291 342
292 342
293 342
294 342
295 342
296 342
297 342
298 342
299 342
300 342
301 342
302 342
303 342
304 342
305 342
306 342
307 342
308 342
309 342
310 342
311 342
312 342
313 342
314 342
315 342
316 342
317 342
318 342
319 342
320 342
321 342
322 342
323 342
324 342
325 342
326 342
327 342
328 342
329 342
330 342
331 342
332 342
333 342
334 342
335 342
336 342
337 342
338 342
339 342
340 342
341 342
92 343
250 343
251 343
252 343
253 343
254 343
255 343
256 343
257 343
258 343
259 343
260 343
261 343
262 343
263 343
264 343
265 343
266 343
267 343
268 343
269 343
270 343
271 343
272 343
273 343
274 343
275 343
276 343
277 343
278 343
279 343
280 343
281 343
282 343
283 343
284 343
285 343
286 343
287 343
288 343
289 343
290 343
291 343
292 343
293 343
294 343
295 343
296 343
297 343
298 343
299 343
300 343
301 343
302 343
303 343
304 343
305 343
306 343
307 343
308 343
309 343
310 343
311 343
312 343
313 343
314 343
315 343
316 343
317 343
318 343
319 343
320 343
321 343
322 343
323 343
324 343
325 343
326 343
327 343
328 343
329 343
330 343
331 343
332 343
333 343
334 343
335 343
336 343
337 343
338 343
339 343
340 343
341 343
342 343
92 344
250 344
251 344
252 344
253 344
254 344
255 344
256 344
257 344
258 344
259 344
260 344
261 344
262 344
263 344
264 344
265 344
266 344
267 344
268 344
269 344
270 344
271 344
272 344
273 344
274 344
275 344
276 344
277 344
278 344
279 344
280 344
281 344
282 344
283 344
284 344
285 344
286 344
287 344
288 344
289 344
290 344
291 344
292 344
293 344
294 344
295 344
296 344
297 344
298 344
299 344
300 344
301 344
302 344
303 344
304 344
305 344
306 344
307 344
308 344
309 344
310 344
311 344
312 344
313 344
314 344
315 344
316 344
317 344
318 344
319 344
320 344
321 344
322 344
323 344
324 344
325 344
326 344
327 344
328 344
329 344
330 344
331 344
332 344
333 344
334 344
335 344
336 344
337 344
338 344
339 344
340 344
341 344
342 344
343 344
92 345
250 345
251 345
252 345
253 345
254 345
255 345
256 345
257 345
258 345
259 345
260 345
261 345
262 345
263 345
264 345
265 345
266 345
267 345
268 345
269 345
270 345
271 345
272 345
273 345
274 345
275 345
276 345
277 345
278 345
279 345
280 345
281 345
282 345
283 345
284 345
285 345
286 345
287 345
288 345
289 345
290 345
291 345
292 345
293 345
294 345
295 345
296 345
297 345
298 345
299 345
300 345
301 345
302 345
303 345
304 345
305 345
306 345
307 345
308 345
309 345
310 345
311 345
312 345
313 345
314 345
315 345
316 345
317 345
318 345
319 345
320 345
321 345
322 345
323 345
324 345
325 345
326 345
327 345
328 345
329 345
330 345
331 345
332 345
333 345
334 345
335 345
336 345
337 345
338 345
339 345
340 345
341 345
342 345
343 345
344 345
92 346
250 346
251 346
252 346
253 346
254 346
255 346
256 346
257 346
258 346
259 346
260 346
261 346
262 346
263 346
264 346
265 346
266 346
267 346
268 346
269 346
270 346
271 346
272 346
273 346
274 346
275 346
276 346
277 346
278 346
279 346
280 346
281 346
282 346
283 346
284 346
285 346
286 346
287 346
288 346
289 346
290 346
291 346
292 346
293 346
294 346
295 346
296 346
297 346
298 346
299 346
300 346
301 346
302 346
303 346
304 346
305 346
306 346
307 346
308 346
309 346
310 346
311 346
312 346
313 346
314 346
315 346
316 346
317 346
318 346
319 346
320 346
321 346
322 346
323 346
324 346
325 346
326 346
327 346
328 346
329 346
330 346
331 346
332 346
333 346
334 346
335 346
336 346
337 346
338 346
339 346
340 346
341 346
342 346
343 346
344 346
345 346
92 347
250 347
251 347
252 347
253 347
254 347
255 347
256 347
257 347
258 347
259 347
260 347
261 347
262 347
263 347
264 347
265 347
266 347
267 347
268 347
269 347
270 347
271 347
272 347
273 347
274 347
275 347
276 347
277 347
278 347
279 347
280 347
281 347
282 347
283 347
284 347
285 347
286 347
287 347
288 347
289 347
290 347
291 347
292 347
293 347
294 347
295 347
296 347
297 347
298 347
299 347
300 347
301 347
302 347
303 347
304 347
305 347
306 347
307 347
308 347
309 347
310 347
311 347
312 347
313 347
314 347
315 347
316 347
317 347
318 347
319 347
320 347
321 347
322 347
323 347
324 347
325 347
326 347
327 347
328 347
329 347
330 347
331 347
332 347
333 347
334 347
335 347
336 347
337 347
338 347
339 347
340 347
341 347
342 347
343 347
344 347
345 347
346 347
92 348
250 348
251 348
252 348
253 348
254 348
255 348
256 348
257 348
258 348
259 348
260 348
261 348
262 348
263 348
264 348
265 348
266 348
267 348
268 348
269 348
270 348
271 348
272 348
273 348
274 348
275 348
276 348
277 348
278 348
279 348
280 348
281 348
282 348
283 348
284 348
285 348
286 348
287 348
288 348
289 348
290 348
291 348
292 348
293 348
294 348
295 348
296 348
297 348
298 348
299 348
300 348
301 348
302 348
303 348
304 348
305 348
306 348
307 348
308 348
309 348
310 348
311 348
312 348
313 348
314 348
315 348
316 348
317 348
318 348
319 348
320 348
321 348
322 348
323 348
324 348
325 348
326 348
327 348
328 348
329 348
330 348
331 348
332 348
333 348
334 348
335 348
336 348
337 348
338 348
339 348
340 348
341 348
342 348
343 348
344 348
345 348
346 348
347 348
92 349
250 349
251 349
252 349
253 349
254 349
255 349
256 349
257 349
258 349
259 349
260 349
261 349
262 349
263 349
264 349
265 349
266 349
267 349
268 349
269 349
270 349
271 349
272 349
273 349
274 349
275 349
276 349
277 349
278 349
279 349
280 349
281 349
282 349
283 349
284 349
285 349
286 349
287 349
288 349
289 349
290 349
291 349
292 349
293 349
294 349
295 349
296 349
297 349
298 349
299 349
300 349
301 349
302 349
303 349
304 349
305 349
306 349
307 349
308 349
309 349
310 349
311 349
312 349
313 349
314 349
315 349
316 349
317 349
318 349
319 349
320 349
321 349
322 349
323 349
324 349
325 349
326 349
327 349
328 349
329 349
330 349
331 349
332 349
333 349
334 349
335 349
336 349
337 349
338 349
339 349
340 349
341 349
342 349
343 349
344 349
345 349
346 349
347 349
348 349
92 350
250 350
251 350
252 350
253 350
254 350
255 350
256 350
257 350
258 350
259 350
260 350
261 350
262 350
263 350
264 350
265 350
266 350
267 350
268 350
269 350
270 350
271 350
272 350
273 350
274 350
275 350
276 350
277 350
278 350
279 350
280 350
281 350
282 350
283 350
284 350
285 350
286 350
287 350
288 350
289 350
290 350
291 350
292 350
293 350
294 350
295 350
296 350
297 350
298 350
299 350
300 350
301 350
302 350
303 350
304 350
305 350
306 350
307 350
308 350
309 350
310 350
311 350
312 350
313 350
314 350
315 350
316 350
317 350
318 350
319 350
320 350
321 350
322 350
323 350
324 350
325 350
326 350
327 350
328 350
329 350
330 350
331 350
332 350
333 350
334 350
335 350
336 350
337 350
338 350
339 350
340 350
341 350
342 350
343 350
344 350
345 350
346 350
347 350
348 350
349 350
92 351
250 351
251 351
252 351
253 351
254 351
255 351
256 351
257 351
258 351
259 351
260 351
261 351
262 351
263 351
264 351
265 351
266 351
267 351
268 351
269 351
270 351
271 351
272 351
273 351
274 351
275 351
276 351
277 351
278 351
279 351
280 351
281 351
282 351
283 351
284 351
285 351
286 351
287 351
288 351
289 351
290 351
291 351
292 351
293 351
294 351
295 351
296 351
297 351
298 351
299 351
300 351
301 351
302 351
303 351
304 351
305 351
306 351
307 351
308 351
309 351
310 351
311 351
312 351
313 351
314 351
315 351
316 351
317 351
318 351
319 351
320 351
321 351
322 351
323 351
324 351
325 351
326 351
327 351
328 351
329 351
330 351
331 351
332 351
333 351
334 351
335 351
336 351
337 351
338 351
339 351
340 351
341 351
342 351
343 351
344 351
345 351
346 351
347 351
348 351
349 351
350 351
92 352
250 352
251 352
252 352
253 352
254 352
255 352
256 352
257 352
258 352
259 352
260 352
261 352
262 352
263 352
264 352
265 352
266 352
267 352
268 352
269 352
270 352
271 352
272 352
273 352
274 352
275 352
276 352
277 352
278 352
279 352
280 352
281 352
282 352
283 352
284 352
285 352
286 352
287 352
288 352
289 352
290 352
291 352
292 352
293 352
294 352
295 352
296 352
297 352
298 352
299 352
300 352
301 352
302 352
303 352
304 352
305 352
306 352
307 352
308 352
309 352
310 352
311 352
312 352
313 352
314 352
315 352
316 352
317 352
318 352
319 352
320 352
321 352
322 352
323 352
324 352
325 352
326 352
327 352
328 352
329 352
330 352
331 352
332 352
333 352
334 352
335 352
336 352
337 352
338 352
339 352
340 352
341 352
342 352
343 352
344 352
345 352
346 352
347 352
348 352
349 352
350 352
351 352
92 353
250 353
251 353
252 353
253 353
254 353
255 353
256 353
257 353
258 353
259 353
260 353
261 353
262 353
263 353
264 353
265 353
266 353
267 353
268 353
269 353
270 353
271 353
272 353
273 353
274 353
275 353
276 353
277 353
278 353
279 353
280 353
281 353
282 353
283 353
284 353
285 353
286 353
287 353
288 353
289 353
290 353
291 353
292 353
293 353
294 353
295 353
296 353
297 353
298 353
299 353
300 353
301 353
302 353
303 353
304 353
305 353
306 353
307 353
308 353
309 353
310 353
311 353
312 353
313 353
314 353
315 353
316 353
317 353
318 353
319 353
320 353
321 353
322 353
323 353
324 353
325 353
326 353
327 353
328 353
329 353
330 353
331 353
332 353
333 353
334 353
335 353
336 353
337 353
338 353
339 353
340 353
341 353
342 353
343 353
344 353
345 353
346 353
347 353
348 353
349 353
350 353
351 353
352 353
92 354
250 354
251 354
252 354
253 354
254 354
255 354
256 354
257 354
258 354
259 354
260 354
261 354
262 354
263 354
264 354
265 354
266 354
267 354
268 354
269 354
270 354
271 354
272 354
273 354
274 354
275 354
276 354
277 354
278 354
279 354
280 354
281 354
282 354
283 354
284 354
285 354
286 354
287 354
288 354
289 354
290 354
291 354
292 354
293 354
294 354
295 354
296 354
297 354
298 354
299 354
300 354
301 354
302 354
303 354
304 354
305 354
306 354
307 354
308 354
309 354
310 354
311 354
312 354
313 354
314 354
315 354
316 354
317 354
318 354
319 354
320 354
321 354
322 354
323 354
324 354
325 354
326 354
327 354
328 354
329 354
330 354
331 354
332 354
333 354
334 354
335 354
336 354
337 354
338 354
339 354
340 354
341 354
342 354
343 354
344 354
345 354
346 354
347 354
348 354
349 354
350 354
351 354
352 354
353 354
92 355
250 355
251 355
252 355
253 355
254 355
255 355
256 355
257 355
258 355
259 355
260 355
261 355
262 355
263 355
264 355
265 355
266 355
267 355
268 355
269 355
270 355
271 355
272 355
273 355
274 355
275 355
276 355
277 355
278 355
279 355
280 355
281 355
282 355
283 355
284 355
285 355
286 355
287 355
288 355
289 355
290 355
291 355
292 355
293 355
294 355
295 355
296 355
297 355
298 355
299 355
300 355
301 355
302 355
303 355
304 355
305 355
306 355
307 355
308 355
309 355
310 355
311 355
312 355
313 355
314 355
315 355
316 355
317 355
318 355
319 355
320 355
321 355
322 355
323 355
324 355
325 355
326 355
327 355
328 355
329 355
330 355
331 355
332 355
333 355
334 355
335 355
336 355
337 355
338 355
339 355
340 355
341 355
342 355
343 355
344 355
345 355
346 355
347 355
348 355
349 355
350 355
351 355
352 355
353 355
354 355
92 356
250 356
251 356
252 356
253 356
254 356
255 356
256 356
257 356
258 356
259 356
260 356
261 356
262 356
263 356
264 356
265 356
266 356
267 356
268 356
269 356
270 356
271 356
272 356
273 356
274 356
275 356
276 356
277 356
278 356
279 356
280 356
281 356
282 356
283 356
284 356
285 356
286 356
287 356
288 356
289 356
290 356
291 356
292 356
293 356
294 356
295 356
296 356
297 356
298 356
299 356
300 356
301 356
302 356
303 356
304 356
305 356
306 356
307 356
308 356
309 356
310 356
311 356
312 356
313 356
314 356
315 356
316 356
317 356
318 356
319 356
320 356
321 356
322 356
323 356
324 356
325 356
326 356
327 356
328 356
329 356
330 356
331 356
332 356
333 356
334 356
335 356
336 356
337 356
338 356
339 356
340 356
341 356
342 356
343 356
344 356
345 356
346 356
347 356
348 356
349 356
350 356
351 356
352 356
353 356
354 356
355 356
92 357
250 357
251 357
252 357
253 357
254 357
255 357
256 357
257 357
258 357
259 357
260 357
261 357
262 357
263 357
264 357
265 357
266 357
267 357
268 357
269 357
270 357
271 357
272 357
273 357
274 357
275 357
276 357
277 357
278 357
279 357
280 357
281 357
282 357
283 357
284 357
285 357
286 357
287 357
288 357
289 357
290 357
291 357
292 357
293 357
294 357
295 357
296 357
297 357
298 357
299 357
300 357
301 357
302 357
303 357
304 357
305 357
306 357
307 357
308 357
309 357
310 357
311 357
312 357
313 357
314 357
315 357
316 357
317 357
318 357
319 357
320 357
321 357
322 357
323 357
324 357
325 357
326 357
327 357
328 357
329 357
330 357
331 357
332 357
333 357
334 357
335 357
336 357
337 357
338 357
339 357
340 357
341 357
342 357
343 357
344 357
345 357
346 357
347 357
348 357
349 357
350 357
351 357
352 357
353 357
354 357
355 357
356 357
92 358
250 358
251 358
252 358
253 358
254 358
255 358
256 358
257 358
258 358
259 358
260 358
261 358
262 358
263 358
264 358
265 358
266 358
267 358
268 358
269 358
270 358
271 358
272 358
273 358
274 358
275 358
276 358
277 358
278 358
279 358
280 358
281 358
282 358
283 358
284 358
285 358
286 358
287 358
288 358
289 358
290 358
291 358
292 358
293 358
294 358
295 358
296 358
297 358
298 358
299 358
300 358
301 358
302 358
303 358
304 358
305 358
306 358
307 358
308 358
309 358
310 358
311 358
312 358
313 358
314 358
315 358
316 358
317 358
318 358
319 358
320 358
321 358
322 358
323 358
324 358
325 358
326 358
327 358
328 358
329 358
330 358
331 358
332 358
333 358
334 358
335 358
336 358
337 358
338 358
339 358
340 358
341 358
342 358
343 358
344 358
345 358
346 358
347 358
348 358
349 358
350 358
351 358
352 358
353 358
354 358
355 358
356 358
357 358
92 359
250 359
251 359
252 359
253 359
254 359
255 359
256 359
257 359
258 359
259 359
260 359
261 359
262 359
263 359
264 359
265 359
266 359
267 359
268 359
269 359
270 359
271 359
272 359
273 359
274 359
275 359
276 359
277 359
278 359
279 359
280 359
281 359
282 359
283 359
284 359
285 359
286 359
287 359
288 359
289 359
290 359
291 359
292 359
293 359
294 359
295 359
296 359
297 359
298 359
299 359
300 359
301 359
302 359
303 359
304 359
305 359
306 359
307 359
308 359
309 359
310 359
311 359
312 359
313 359
314 359
315 359
316 359
317 359
318 359
319 359
320 359
321 359
322 359
323 359
324 359
325 359
326 359
327 359
328 359
329 359
330 359
331 359
332 359
333 359
334 359
335 359
336 359
337 359
338 359
339 359
340 359
341 359
342 359
343 359
344 359
345 359
346 359
347 359
348 359
349 359
350 359
351 359
352 359
353 359
354 359
355 359
356 359
357 359
358 359
92 360
250 360
251 360
252 360
253 360
254 360
255 360
256 360
257 360
258 360
259 360
260 360
261 360
262 360
263 360
264 360
265 360
266 360
267 360
268 360
269 360
270 360
271 360
272 360
273 360
274 360
275 360
276 360
277 360
278 360
279 360
280 360
281 360
282 360
283 360
284 360
285 360
286 360
287 360
288 360
289 360
290 360
291 360
292 360
293 360
294 360
295 360
296 360
297 360
298 360
299 360
300 360
301 360
302 360
303 360
304 360
305 360
306 360
307 360
308 360
309 360
310 360
311 360
312 360
313 360
314 360
315 360
316 360
317 360
318 360
319 360
320 360
321 360
322 360
323 360
324 360
325 360
326 360
327 360
328 360
329 360
330 360
331 360
332 360
333 360
334 360
335 360
336 360
337 360
338 360
339 360
340 360
341 360
342 360
343 360
344 360
345 360
346 360
347 360
348 360
349 360
350 360
351 360
352 360
353 360
354 360
355 360
356 360
357 360
358 360
359 360
92 361
250 361
251 361
252 361
253 361
254 361
255 361
256 361
257 361
258 361
259 361
260 361
261 361
262 361
263 361
264 361
265 361
266 361
267 361
268 361
269 361
270 361
271 361
272 361
273 361
274 361
275 361
276 361
277 361
278 361
279 361
280 361
281 361
282 361
283 361
284 361
285 361
286 361
287 361
288 361
289 361
290 361
291 361
292 361
293 361
294 361
295 361
296 361
297 361
298 361
299 361
300 361
301 361
302 361
303 361
304 361
305 361
306 361
307 361
308 361
309 361
310 361
311 361
312 361
313 361
314 361
315 361
316 361
317 361
318 361
319 361
320 361
321 361
322 361
323 361
324 361
325 361
326 361
327 361
328 361
329 361
330 361
331 361
332 361
333 361
334 361
335 361
336 361
337 361
338 361
339 361
340 361
341 361
342 361
343 361
344 361
345 361
346 361
347 361
348 361
349 361
350 361
351 361
352 361
353 361
354 361
355 361
356 361
357 361
358 361
359 361
360 361
92 362
250 362
251 362
252 362
253 362
254 362
255 362
256 362
257 362
258 362
259 362
260 362
261 362
262 362
263 362
264 362
265 362
266 362
267 362
268 362
269 362
270 362
271 362
272 362
273 362
274 362
275 362
276 362
277 362
278 362
279 362
280 362
281 362
282 362
283 362
284 362
285 362
286 362
287 362
288 362
289 362
290 362
291 362
292 362
293 362
294 362
295 362
296 362
297 362
298 362
299 362
300 362
301 362
302 362
303 362
304 362
305 362
306 362
307 362
308 362
309 362
310 362
311 362
312 362
313 362
314 362
315 362
316 362
317 362
318 362
319 362
320 362
321 362
322 362
323 362
324 362
325 362
326 362
327 362
328 362
329 362
330 362
331 362
332 362
333 362
334 362
335 362
336 362
337 362
338 362
339 362
340 362
341 362
342 362
343 362
344 362
345 362
346 362
347 362
348 362
349 362
350 362
351 362
352 362
353 362
354 362
355 362
356 362
357 362
358 362
359 362
360 362
361 362
92 363
250 363
251 363
252 363
253 363
254 363
255 363
256 363
257 363
258 363
259 363
260 363
261 363
262 363
263 363
264 363
265 363
266 363
267 363
268 363
269 363
270 363
271 363
272 363
273 363
274 363
275 363
276 363
277 363
278 363
279 363
280 363
281 363
282 363
283 363
284 363
285 363
286 363
287 363
288 363
289 363
290 363
291 363
292 363
293 363
294 363
295 363
296 363
297 363
298 363
299 363
300 363
301 363
302 363
303 363
304 363
305 363
306 363
307 363
308 363
309 363
310 363
311 363
312 363
313 363
314 363
315 363
316 363
317 363
318 363
319 363
320 363
321 363
322 363
323 363
324 363
325 363
326 363
327 363
328 363
329 363
330 363
331 363
332 363
333 363
334 363
335 363
336 363
337 363
338 363
339 363
340 363
341 363
342 363
343 363
344 363
345 363
346 363
347 363
348 363
349 363
350 363
351 363
352 363
353 363
354 363
355 363
356 363
357 363
358 363
359 363
360 363
361 363
362 363
92 364
250 364
251 364
252 364
253 364
254 364
255 364
256 364
257 364
258 364
259 364
260 364
261 364
262 364
263 364
264 364
265 364
266 364
267 364
268 364
269 364
270 364
271 364
272 364
273 364
274 364
275 364
276 364
277 364
278 364
279 364
280 364
281 364
282 364
283 364
284 364
285 364
286 364
287 364
288 364
289 364
290 364
291 364
292 364
293 364
294 364
295 364
296 364
297 364
298 364
299 364
300 364
301 364
302 364
303 364
304 364
305 364
306 364
307 364
308 364
309 364
310 364
311 364
312 364
313 364
314 364
315 364
316 364
317 364
318 364
319 364
320 364
321 364
322 364
323 364
324 364
325 364
326 364
327 364
328 364
329 364
330 364
331 364
332 364
333 364
334 364
335 364
336 364
337 364
338 364
339 364
340 364
341 364
342 364
343 364
344 364
345 364
346 364
347 364
348 364
349 364
350 364
351 364
352 364
353 364
354 364
355 364
356 364
357 364
358 364
359 364
360 364
361 364
362 364
363 364
92 365
250 365
251 365
252 365
253 365
254 365
255 365
256 365
257 365
258 365
259 365
260 365
261 365
262 365
263 365
264 365
265 365
266 365
267 365
268 365
269 365
270 365
271 365
272 365
273 365
274 365
275 365
276 365
277 365
278 365
279 365
280 365
281 365
282 365
283 365
284 365
285 365
286 365
287 365
288 365
289 365
290 365
291 365
292 365
293 365
294 365
295 365
296 365
297 365
298 365
299 365
300 365
301 365
302 365
303 365
304 365
305 365
306 365
307 365
308 365
309 365
310 365
311 365
312 365
313 365
314 365
315 365
316 365
317 365
318 365
319 365
320 365
321 365
322 365
323 365
324 365
325 365
326 365
327 365
328 365
329 365
330 365
331 365
332 365
333 365
334 365
335 365
336 365
337 365
338 365
339 365
340 365
341 365
342 365
343 365
344 365
345 365
346 365
347 365
348 365
349 365
350 365
351 365
352 365
353 365
354 365
355 365
356 365
357 365
358 365
359 365
360 365
361 365
362 365
363 365
364 365
92 366
250 366
251 366
252 366
253 366
254 366
255 366
256 366
257 366
258 366
259 366
260 366
261 366
262 366
263 366
264 366
265 366
266 366
267 366
268 366
269 366
270 366
271 366
272 366
273 366
274 366
275 366
276 366
277 366
278 366
279 366
280 366
281 366
282 366
283 366
284 366
285 366
286 366
287 366
288 366
289 366
290 366
291 366
292 366
293 366
294 366
295 366
296 366
297 366
298 366
299 366
300 366
301 366
302 366
303 366
304 366
305 366
306 366
307 366
308 366
309 366
310 366
311 366
312 366
313 366
314 366
315 366
316 366
317 366
318 366
319 366
320 366
321 366
322 366
323 366
324 366
325 366
326 366
327 366
328 366
329 366
330 366
331 366
332 366
333 366
334 366
335 366
336 366
337 366
338 366
339 366
340 366
341 366
342 366
343 366
344 366
345 366
346 366
347 366
348 366
349 366
350 366
351 366
352 366
353 366
354 366
355 366
356 366
357 366
358 366
359 366
360 366
361 366
362 366
363 366
364 366
365 366
92 367
250 367
251 367
252 367
253 367
254 367
255 367
256 367
257 367
258 367
259 367
260 367
261 367
262 367
263 367
264 367
265 367
266 367
267 367
268 367
269 367
270 367
271 367
272 367
273 367
274 367
275 367
276 367
277 367
278 367
279 367
280 367
281 367
282 367
283 367
284 367
285 367
286 367
287 367
288 367
289 367
290 367
291 367
292 367
293 367
294 367
295 367
296 367
297 367
298 367
299 367
300 367
301 367
302 367
303 367
304 367
305 367
306 367
307 367
308 367
309 367
310 367
311 367
312 367
313 367
314 367
315 367
316 367
317 367
318 367
319 367
320 367
321 367
322 367
323 367
324 367
325 367
326 367
327 367
328 367
329 367
330 367
331 367
332 367
333 367
334 367
335 367
336 367
337 367
338 367
339 367
340 367
341 367
342 367
343 367
344 367
345 367
346 367
347 367
348 367
349 367
350 367
351 367
352 367
353 367
354 367
355 367
356 367
357 367
358 367
359 367
360 367
361 367
362 367
363 367
364 367
365 367
366 367
92 368
250 368
251 368
252 368
253 368
254 368
255 368
256 368
257 368
258 368
259 368
260 368
261 368
262 368
263 368
264 368
265 368
266 368
267 368
268 368
269 368
270 368
271 368
272 368
273 368
274 368
275 368
276 368
277 368
278 368
279 368
280 368
281 368
282 368
283 368
284 368
285 368
286 368
287 368
288 368
289 368
290 368
291 368
292 368
293 368
294 368
295 368
296 368
297 368
298 368
299 368
300 368
301 368
302 368
303 368
304 368
305 368
306 368
307 368
308 368
309 368
310 368
311 368
312 368
313 368
314 368
315 368
316 368
317 368
318 368
319 368
320 368
321 368
322 368
323 368
324 368
325 368
326 368
327 368
328 368
329 368
330 368
331 368
332 368
333 368
334 368
335 368
336 368
337 368
338 368
339 368
340 368
341 368
342 368
343 368
344 368
345 368
346 368
347 368
348 368
349 368
350 368
351 368
352 368
353 368
354 368
355 368
356 368
357 368
358 368
359 368
360 368
361 368
362 368
363 368
364 368
365 368
366 368
367 368
92 369
250 369
251 369
252 369
253 369
254 369
255 369
256 369
257 369
258 369
259 369
260 369
261 369
262 369
263 369
264 369
265 369
266 369
267 369
268 369
269 369
270 369
271 369
272 369
273 369
274 369
275 369
276 369
277 369
278 369
279 369
280 369
281 369
282 369
283 369
284 369
285 369
286 369
287 369
288 369
289 369
290 369
291 369
292 369
293 369
294 369
295 369
296 369
297 369
298 369
299 369
300 369
301 369
302 369
303 369
304 369
305 369
306 369
307 369
308 369
309 369
310 369
311 369
312 369
313 369
314 369
315 369
316 369
317 369
318 369
319 369
320 369
321 369
322 369
323 369
324 369
325 369
326 369
327 369
328 369
329 369
330 369
331 369
332 369
333 369
334 369
335 369
336 369
337 369
338 369
339 369
340 369
341 369
342 369
343 369
344 369
345 369
346 369
347 369
348 369
349 369
350 369
351 369
352 369
353 369
354 369
355 369
356 369
357 369
358 369
359 369
360 369
361 369
362 369
363 369
364 369
365 369
366 369
367 369
368 369
92 370
250 370
251 370
252 370
253 370
254 370
255 370
256 370
257 370
258 370
259 370
260 370
261 370
262 370
263 370
264 370
265 370
266 370
267 370
268 370
269 370
270 370
271 370
272 370
273 370
274 370
275 370
276 370
277 370
278 370
279 370
280 370
281 370
282 370
283 370
284 370
285 370
286 370
287 370
288 370
289 370
290 370
291 370
292 370
293 370
294 370
295 370
296 370
297 370
298 370
299 370
300 370
301 370
302 370
303 370
304 370
305 370
306 370
307 370
308 370
309 370
310 370
311 370
312 370
313 370
314 370
315 370
316 370
317 370
318 370
319 370
320 370
321 370
322 370
323 370
324 370
325 370
326 370
327 370
328 370
329 370
330 370
331 370
332 370
333 370
334 370
335 370
336 370
337 370
338 370
339 370
340 370
341 370
342 370
343 370
344 370
345 370
346 370
347 370
348 370
349 370
350 370
351 370
352 370
353 370
354 370
355 370
356 370
357 370
358 370
359 370
360 370
361 370
362 370
363 370
364 370
365 370
366 370
367 370
368 370
369 370
92 371
250 371
251 371
252 371
253 371
254 371
255 371
256 371
257 371
258 371
259 371
260 371
261 371
262 371
263 371
264 371
265 371
266 371
267 371
268 371
269 371
270 371
271 371
272 371
273 371
274 371
275 371
276 371
277 371
278 371
279 371
280 371
281 371
282 371
283 371
284 371
285 371
286 371
287 371
288 371
289 371
290 371
291 371
292 371
293 371
294 371
295 371
296 371
297 371
298 371
299 371
300 371
301 371
302 371
303 371
304 371
305 371
306 371
307 371
308 371
309 371
310 371
311 371
312 371
313 371
314 371
315 371
316 371
317 371
318 371
319 371
320 371
321 371
322 371
323 371
324 371
325 371
326 371
327 371
328 371
329 371
330 371
331 371
332 371
333 371
334 371
335 371
336 371
337 371
338 371
339 371
340 371
341 371
342 371
343 371
344 371
345 371
346 371
347 371
348 371
349 371
350 371
351 371
352 371
353 371
354 371
355 371
356 371
357 371
358 371
359 371
360 371
361 371
362 371
363 371
364 371
365 371
366 371
367 371
368 371
369 371
370 371
92 372
250 372
251 372
252 372
253 372
254 372
255 372
256 372
257 372
258 372
259 372
260 372
261 372
262 372
263 372
264 372
265 372
266 372
267 372
268 372
269 372
270 372
271 372
272 372
273 372
274 372
275 372
276 372
277 372
278 372
279 372
280 372
281 372
282 372
283 372
284 372
285 372
286 372
287 372
288 372
289 372
290 372
291 372
292 372
293 372
294 372
295 372
296 372
297 372
298 372
299 372
300 372
301 372
302 372
303 372
304 372
305 372
306 372
307 372
308 372
309 372
310 372
311 372
312 372
313 372
314 372
315 372
316 372
317 372
318 372
319 372
320 372
321 372
322 372
323 372
324 372
325 372
326 372
327 372
328 372
329 372
330 372
331 372
332 372
333 372
334 372
335 372
336 372
337 372
338 372
339 372
340 372
341 372
342 372
343 372
344 372
345 372
346 372
347 372
348 372
349 372
350 372
351 372
352 372
353 372
354 372
355 372
356 372
357 372
358 372
359 372
360 372
361 372
362 372
363 372
364 372
365 372
366 372
367 372
368 372
369 372
370 372
371 372
92 373
250 373
251 373
252 373
253 373
254 373
255 373
256 373
257 373
258 373
259 373
260 373
261 373
262 373
263 373
264 373
265 373
266 373
267 373
268 373
269 373
270 373
271 373
272 373
273 373
274 373
275 373
276 373
277 373
278 373
279 373
280 373
281 373
282 373
283 373
284 373
285 373
286 373
287 373
288 373
289 373
290 373
291 373
292 373
293 373
294 373
295 373
296 373
297 373
298 373
299 373
300 373
301 373
302 373
303 373
304 373
305 373
306 373
307 373
308 373
309 373
310 373
311 373
312 373
313 373
314 373
315 373
316 373
317 373
318 373
319 373
320 373
321 373
322 373
323 373
324 373
325 373
326 373
327 373
328 373
329 373
330 373
331 373
332 373
333 373
334 373
335 373
336 373
337 373
338 373
339 373
340 373
341 373
342 373
343 373
344 373
345 373
346 373
347 373
348 373
349 373
350 373
351 373
352 373
353 373
354 373
355 373
356 373
357 373
358 373
359 373
360 373
361 373
362 373
363 373
364 373
365 373
366 373
367 373
368 373
369 373
370 373
371 373
372 373
92 374
250 374
251 374
252 374
253 374
254 374
255 374
256 374
257 374
258 374
259 374
260 374
261 374
262 374
263 374
264 374
265 374
266 374
267 374
268 374
269 374
270 374
271 374
272 374
273 374
274 374
275 374
276 374
277 374
278 374
279 374
280 374
281 374
282 374
283 374
284 374
285 374
286 374
287 374
288 374
289 374
290 374
291 374
292 374
293 374
294 374
295 374
296 374
297 374
298 374
299 374
300 374
301 374
302 374
303 374
304 374
305 374
306 374
307 374
308 374
309 374
310 374
311 374
312 374
313 374
314 374
315 374
316 374
317 374
318 374
319 374
320 374
321 374
322 374
323 374
324 374
325 374
326 374
327 374
328 374
329 374
330 374
331 374
332 374
333 374
334 374
335 374
336 374
337 374
338 374
339 374
340 374
341 374
342 374
343 374
344 374
345 374
346 374
347 374
348 374
349 374
350 374
351 374
352 374
353 374
354 374
355 374
356 374
357 374
358 374
359 374
360 374
361 374
362 374
363 374
364 374
365 374
366 374
367 374
368 374
369 374
370 374
371 374
372 374
373 374
92 375
250 375
251 375
252 375
253 375
254 375
255 375
256 375
257 375
258 375
259 375
260 375
261 375
262 375
263 375
264 375
265 375
266 375
267 375
268 375
269 375
270 375
271 375
272 375
273 375
274 375
275 375
276 375
277 375
278 375
279 375
280 375
281 375
282 375
283 375
284 375
285 375
286 375
287 375
288 375
289 375
290 375
291 375
292 375
293 375
294 375
295 375
296 375
297 375
298 375
299 375
300 375
301 375
302 375
303 375
304 375
305 375
306 375
307 375
308 375
309 375
310 375
311 375
312 375
313 375
314 375
315 375
316 375
317 375
318 375
319 375
320 375
321 375
322 375
323 375
324 375
325 375
326 375
327 375
328 375
329 375
330 375
331 375
332 375
333 375
334 375
335 375
336 375
337 375
338 375
339 375
340 375
341 375
342 375
343 375
344 375
345 375
346 375
347 375
348 375
349 375
350 375
351 375
352 375
353 375
354 375
355 375
356 375
357 375
358 375
359 375
360 375
361 375
362 375
363 375
364 375
365 375
366 375
367 375
368 375
369 375
370 375
371 375
372 375
373 375
374 375
92 376
250 376
251 376
252 376
253 376
254 376
255 376
256 376
257 376
258 376
259 376
260 376
261 376
262 376
263 376
264 376
265 376
266 376
267 376
268 376
269 376
270 376
271 376
272 376
273 376
274 376
275 376
276 376
277 376
278 376
279 376
280 376
281 376
282 376
283 376
284 376
285 376
286 376
287 376
288 376
289 376
290 376
291 376
292 376
293 376
294 376
295 376
296 376
297 376
298 376
299 376
300 376
301 376
302 376
303 376
304 376
305 376
306 376
307 376
308 376
309 376
310 376
311 376
312 376
313 376
314 376
315 376
316 376
317 376
318 376
319 376
320 376
321 376
322 376
323 376
324 376
325 376
326 376
327 376
328 376
329 376
330 376
331 376
332 376
333 376
334 376
335 376
336 376
337 376
338 376
339 376
340 376
341 376
342 376
343 376
344 376
345 376
346 376
347 376
348 376
349 376
350 376
351 376
352 376
353 376
354 376
355 376
356 376
357 376
358 376
359 376
360 376
361 376
362 376
363 376
364 376
365 376
366 376
367 376
368 376
369 376
370 376
371 376
372 376
373 376
374 376
375 376
92 377
250 377
251 377
252 377
253 377
254 377
255 377
256 377
257 377
258 377
259 377
260 377
261 377
262 377
263 377
264 377
265 377
266 377
267 377
268 377
269 377
270 377
271 377
272 377
273 377
274 377
275 377
276 377
277 377
278 377
279 377
280 377
281 377
282 377
283 377
284 377
285 377
286 377
287 377
288 377
289 377
290 377
291 377
292 377
293 377
294 377
295 377
296 377
297 377
298 377
299 377
300 377
301 377
302 377
303 377
304 377
305 377
306 377
307 377
308 377
309 377
310 377
311 377
312 377
313 377
314 377
315 377
316 377
317 377
318 377
319 377
320 377
321 377
322 377
323 377
324 377
325 377
326 377
327 377
328 377
329 377
330 377
331 377
332 377
333 377
334 377
335 377
336 377
337 377
338 377
339 377
340 377
341 377
342 377
343 377
344 377
345 377
346 377
347 377
348 377
349 377
350 377
351 377
352 377
353 377
354 377
355 377
356 377
357 377
358 377
359 377
360 377
361 377
362 377
363 377
364 377
365 377
366 377
367 377
368 377
369 377
370 377
371 377
372 377
373 377
374 377
375 377
376 377
92 378
250 378
251 378
252 378
253 378
254 378
255 378
256 378
257 378
258 378
259 378
260 378
261 378
262 378
263 378
264 378
265 378
266 378
267 378
268 378
269 378
270 378
271 378
272 378
273 378
274 378
275 378
276 378
277 378
278 378
279 378
280 378
281 378
282 378
283 378
284 378
285 378
286 378
287 378
288 378
289 378
290 378
291 378
292 378
293 378
294 378
295 378
296 378
297 378
298 378
299 378
300 378
301 378
302 378
303 378
304 378
305 378
306 378
307 378
308 378
309 378
310 378
311 378
312 378
313 378
314 378
315 378
316 378
317 378
318 378
319 378
320 378
321 378
322 378
323 378
324 378
325 378
326 378
327 378
328 378
329 378
330 378
331 378
332 378
333 378
334 378
335 378
336 378
337 378
338 378
339 378
340 378
341 378
342 378
343 378
344 378
345 378
346 378
347 378
348 378
349 378
350 378
351 378
352 378
353 378
354 378
355 378
356 378
357 378
358 378
359 378
360 378
361 378
362 378
363 378
364 378
365 378
366 378
367 378
368 378
369 378
370 378
371 378
372 378
373 378
374 378
375 378
376 378
377 378
92 379
250 379
251 379
252 379
253 379
254 379
255 379
256 379
257 379
258 379
259 379
260 379
261 379
262 379
263 379
264 379
265 379
266 379
267 379
268 379
269 379
270 379
271 379
272 379
273 379
274 379
275 379
276 379
277 379
278 379
279 379
280 379
281 379
282 379
283 379
284 379
285 379
286 379
287 379
288 379
289 379
290 379
291 379
292 379
293 379
294 379
295 379
296 379
297 379
298 379
299 379
300 379
301 379
302 379
303 379
304 379
305 379
306 379
307 379
308 379
309 379
310 379
311 379
312 379
313 379
314 379
315 379
316 379
317 379
318 379
319 379
320 379
321 379
322 379
323 379
324 379
325 379
326 379
327 379
328 379
329 379
330 379
331 379
332 379
333 379
334 379
335 379
336 379
337 379
338 379
339 379
340 379
341 379
342 379
343 379
344 379
345 379
346 379
347 379
348 379
349 379
350 379
351 379
352 379
353 379
354 379
355 379
356 379
357 379
358 379
359 379
360 379
361 379
362 379
363 379
364 379
365 379
366 379
367 379
368 379
369 379
370 379
371 379
372 379
373 379
374 379
375 379
376 379
377 379
378 379
92 380
250 380
251 380
252 380
253 380
254 380
255 380
256 380
257 380
258 380
259 380
260 380
261 380
262 380
263 380
264 380
265 380
266 380
267 380
268 380
269 380
270 380
271 380
272 380
273 380
274 380
275 380
276 380
277 380
278 380
279 380
280 380
281 380
282 380
283 380
284 380
285 380
286 380
287 380
288 380
289 380
290 380
291 380
292 380
293 380
294 380
295 380
296 380
297 380
298 380
299 380
300 380
301 380
302 380
303 380
304 380
305 380
306 380
307 380
308 380
309 380
310 380
311 380
312 380
313 380
314 380
315 380
316 380
317 380
318 380
319 380
320 380
321 380
322 380
323 380
324 380
325 380
326 380
327 380
328 380
329 380
330 380
331 380
332 380
333 380
334 380
335 380
336 380
337 380
338 380
339 380
340 380
341 380
342 380
343 380
344 380
345 380
346 380
347 380
348 380
349 380
350 380
351 380
352 380
353 380
354 380
355 380
356 380
357 380
358 380
359 380
360 380
361 380
362 380
363 380
364 380
365 380
366 380
367 380
368 380
369 380
370 380
371 380
372 380
373 380
374 380
375 380
376 380
377 380
378 380
379 380
92 381
250 381
251 381
252 381
253 381
254 381
255 381
256 381
257 381
258 381
259 381
260 381
261 381
262 381
263 381
264 381
265 381
266 381
267 381
268 381
269 381
270 381
271 381
272 381
273 381
274 381
275 381
276 381
277 381
278 381
279 381
280 381
281 381
282 381
283 381
284 381
285 381
286 381
287 381
288 381
289 381
290 381
291 381
292 381
293 381
294 381
295 381
296 381
297 381
298 381
299 381
300 381
301 381
302 381
303 381
304 381
305 381
306 381
307 381
308 381
309 381
310 381
311 381
312 381
313 381
314 381
315 381
316 381
317 381
318 381
319 381
320 381
321 381
322 381
323 381
324 381
325 381
326 381
327 381
328 381
329 381
330 381
331 381
332 381
333 381
334 381
335 381
336 381
337 381
338 381
339 381
340 381
341 381
342 381
343 381
344 381
345 381
346 381
347 381
348 381
349 381
350 381
351 381
352 381
353 381
354 381
355 381
356 381
357 381
358 381
359 381
360 381
361 381
362 381
363 381
364 381
365 381
366 381
367 381
368 381
369 381
370 381
371 381
372 381
373 381
374 381
375 381
376 381
377 381
378 381
379 381
380 381
92 382
250 382
251 382
252 382
253 382
254 382
255 382
256 382
257 382
258 382
259 382
260 382
261 382
262 382
263 382
264 382
265 382
266 382
267 382
268 382
269 382
270 382
271 382
272 382
273 382
274 382
275 382
276 382
277 382
278 382
279 382
280 382
281 382
282 382
283 382
284 382
285 382
286 382
287 382
288 382
289 382
290 382
291 382
292 382
293 382
294 382
295 382
296 382
297 382
298 382
299 382
300 382
301 382
302 382
303 382
304 382
305 382
306 382
307 382
308 382
309 382
310 382
311 382
312 382
313 382
314 382
315 382
316 382
317 382
318 382
319 382
320 382
321 382
322 382
323 382
324 382
325 382
326 382
327 382
328 382
329 382
330 382
331 382
332 382
333 382
334 382
335 382
336 382
337 382
338 382
339 382
340 382
341 382
342 382
343 382
344 382
345 382
346 382
347 382
348 382
349 382
350 382
351 382
352 382
353 382
354 382
355 382
356 382
357 382
358 382
359 382
360 382
361 382
362 382
363 382
364 382
365 382
366 382
367 382
368 382
369 382
370 382
371 382
372 382
373 382
374 382
375 382
376 382
377 382
378 382
379 382
380 382
381 382
92 383
250 383
251 383
252 383
253 383
254 383
255 383
256 383
257 383
258 383
259 383
260 383
261 383
262 383
263 383
264 383
265 383
266 383
267 383
268 383
269 383
270 383
271 383
272 383
273 383
274 383
275 383
276 383
277 383
278 383
279 383
280 383
281 383
282 383
283 383
284 383
285 383
286 383
287 383
288 383
289 383
290 383
291 383
292 383
293 383
294 383
295 383
296 383
297 383
298 383
299 383
300 383
301 383
302 383
303 383
304 383
305 383
306 383
307 383
308 383
309 383
310 383
311 383
312 383
313 383
314 383
315 383
316 383
317 383
318 383
319 383
320 383
321 383
322 383
323 383
324 383
325 383
326 383
327 383
328 383
329 383
330 383
331 383
332 383
333 383
334 383
335 383
336 383
337 383
338 383
339 383
340 383
341 383
342 383
343 383
344 383
345 383
346 383
347 383
348 383
349 383
350 383
351 383
352 383
353 383
354 383
355 383
356 383
357 383
358 383
359 383
360 383
361 383
362 383
363 383
364 383
365 383
366 383
367 383
368 383
369 383
370 383
371 383
372 383
373 383
374 383
375 383
376 383
377 383
378 383
379 383
380 383
381 383
382 383
92 384
250 384
251 384
252 384
253 384
254 384
255 384
256 384
257 384
258 384
259 384
260 384
261 384
262 384
263 384
264 384
265 384
266 384
267 384
268 384
269 384
270 384
271 384
272 384
273 384
274 384
275 384
276 384
277 384
278 384
279 384
280 384
281 384
282 384
283 384
284 384
285 384
286 384
287 384
288 384
289 384
290 384
291 384
292 384
293 384
294 384
295 384
296 384
297 384
298 384
299 384
300 384
301 384
302 384
303 384
304 384
305 384
306 384
307 384
308 384
309 384
310 384
311 384
312 384
313 384
314 384
315 384
316 384
317 384
318 384
319 384
320 384
321 384
322 384
323 384
324 384
325 384
326 384
327 384
328 384
329 384
330 384
331 384
332 384
333 384
334 384
335 384
336 384
337 384
338 384
339 384
340 384
341 384
342 384
343 384
344 384
345 384
346 384
347 384
348 384
349 384
350 384
351 384
352 384
353 384
354 384
355 384
356 384
357 384
358 384
359 384
360 384
361 384
362 384
363 384
364 384
365 384
366 384
367 384
368 384
369 384
370 384
371 384
372 384
373 384
374 384
375 384
376 384
377 384
378 384
379 384
380 384
381 384
382 384
383 384
92 385
250 385
251 385
252 385
253 385
254 385
255 385
256 385
257 385
258 385
259 385
260 385
261 385
262 385
263 385
264 385
265 385
266 385
267 385
268 385
269 385
270 385
271 385
272 385
273 385
274 385
275 385
276 385
277 385
278 385
279 385
280 385
281 385
282 385
283 385
284 385
285 385
286 385
287 385
288 385
289 385
290 385
291 385
292 385
293 385
294 385
295 385
296 385
297 385
298 385
299 385
300 385
301 385
302 385
303 385
304 385
305 385
306 385
307 385
308 385
309 385
310 385
311 385
312 385
313 385
314 385
315 385
316 385
317 385
318 385
319 385
320 385
321 385
322 385
323 385
324 385
325 385
326 385
327 385
328 385
329 385
330 385
331 385
332 385
333 385
334 385
335 385
336 385
337 385
338 385
339 385
340 385
341 385
342 385
343 385
344 385
345 385
346 385
347 385
348 385
349 385
350 385
351 385
352 385
353 385
354 385
355 385
356 385
357 385
358 385
359 385
360 385
361 385
362 385
363 385
364 385
365 385
366 385
367 385
368 385
369 385
370 385
371 385
372 385
373 385
374 385
375 385
376 385
377 385
378 385
379 385
380 385
381 385
382 385
383 385
384 385
92 386
250 386
251 386
252 386
253 386
254 386
255 386
256 386
257 386
258 386
259 386
260 386
261 386
262 386
263 386
264 386
265 386
266 386
267 386
268 386
269 386
270 386
271 386
272 386
273 386
274 386
275 386
276 386
277 386
278 386
279 386
280 386
281 386
282 386
283 386
284 386
285 386
286 386
287 386
288 386
289 386
290 386
291 386
292 386
293 386
294 386
295 386
296 386
297 386
298 386
299 386
300 386
301 386
302 386
303 386
304 386
305 386
306 386
307 386
308 386
309 386
310 386
311 386
312 386
313 386
314 386
315 386
316 386
317 386
318 386
319 386
320 386
321 386
322 386
323 386
324 386
325 386
326 386
327 386
328 386
329 386
330 386
331 386
332 386
333 386
334 386
335 386
336 386
337 386
338 386
339 386
340 386
341 386
342 386
343 386
344 386
345 386
346 386
347 386
348 386
349 386
350 386
351 386
352 386
353 386
354 386
355 386
356 386
357 386
358 386
359 386
360 386
361 386
362 386
363 386
364 386
365 386
366 386
367 386
368 386
369 386
370 386
371 386
372 386
373 386
374 386
375 386
376 386
377 386
378 386
379 386
380 386
381 386
382 386
383 386
384 386
385 386
92 387
250 387
251 387
252 387
253 387
254 387
255 387
256 387
257 387
258 387
259 387
260 387
261 387
262 387
263 387
264 387
265 387
266 387
267 387
268 387
269 387
270 387
271 387
272 387
273 387
274 387
275 387
276 387
277 387
278 387
279 387
280 387
281 387
282 387
283 387
284 387
285 387
286 387
287 387
288 387
289 387
290 387
291 387
292 387
293 387
294 387
295 387
296 387
297 387
298 387
299 387
300 387
301 387
302 387
303 387
304 387
305 387
306 387
307 387
308 387
309 387
310 387
311 387
312 387
313 387
314 387
315 387
316 387
317 387
318 387
319 387
320 387
321 387
322 387
323 387
324 387
325 387
326 387
327 387
328 387
329 387
330 387
331 387
332 387
333 387
334 387
335 387
336 387
337 387
338 387
339 387
340 387
341 387
342 387
343 387
344 387
345 387
346 387
347 387
348 387
349 387
350 387
351 387
352 387
353 387
354 387
355 387
356 387
357 387
358 387
359 387
360 387
361 387
362 387
363 387
364 387
365 387
366 387
367 387
368 387
369 387
370 387
371 387
372 387
373 387
374 387
375 387
376 387
377 387
378 387
379 387
380 387
381 387
382 387
383 387
384 387
385 387
386 387
92 388
250 388
251 388
252 388
253 388
254 388
255 388
256 388
257 388
258 388
259 388
260 388
261 388
262 388
263 388
264 388
265 388
266 388
267 388
268 388
269 388
270 388
271 388
272 388
273 388
274 388
275 388
276 388
277 388
278 388
279 388
280 388
281 388
282 388
283 388
284 388
285 388
286 388
287 388
288 388
289 388
290 388
291 388
292 388
293 388
294 388
295 388
296 388
297 388
298 388
299 388
300 388
301 388
302 388
303 388
304 388
305 388
306 388
307 388
308 388
309 388
310 388
311 388
312 388
313 388
314 388
315 388
316 388
317 388
318 388
319 388
320 388
321 388
322 388
323 388
324 388
325 388
326 388
327 388
328 388
329 388
330 388
331 388
332 388
333 388
334 388
335 388
336 388
337 388
338 388
339 388
340 388
341 388
342 388
343 388
344 388
345 388
346 388
347 388
348 388
349 388
350 388
351 388
352 388
353 388
354 388
355 388
356 388
357 388
358 388
359 388
360 388
361 388
362 388
363 388
364 388
365 388
366 388
367 388
368 388
369 388
370 388
371 388
372 388
373 388
374 388
375 388
376 388
377 388
378 388
379 388
380 388
381 388
382 388
383 388
384 388
385 388
386 388
387 388
92 389
250 389
251 389
252 389
253 389
254 389
255 389
256 389
257 389
258 389
259 389
260 389
261 389
262 389
263 389
264 389
265 389
266 389
267 389
268 389
269 389
270 389
271 389
272 389
273 389
274 389
275 389
276 389
277 389
278 389
279 389
280 389
281 389
282 389
283 389
284 389
285 389
286 389
287 389
288 389
289 389
290 389
291 389
292 389
293 389
294 389
295 389
296 389
297 389
298 389
299 389
300 389
301 389
302 389
303 389
304 389
305 389
306 389
307 389
308 389
309 389
310 389
311 389
312 389
313 389
314 389
315 389
316 389
317 389
318 389
319 389
320 389
321 389
322 389
323 389
324 389
325 389
326 389
327 389
328 389
329 389
330 389
331 389
332 389
333 389
334 389
335 389
336 389
337 389
338 389
339 389
340 389
341 389
342 389
343 389
344 389
345 389
346 389
347 389
348 389
349 389
350 389
351 389
352 389
353 389
354 389
355 389
356 389
357 389
358 389
359 389
360 389
361 389
362 389
363 389
364 389
365 389
366 389
367 389
368 389
369 389
370 389
371 389
372 389
373 389
374 389
375 389
376 389
377 389
378 389
379 389
380 389
381 389
382 389
383 389
384 389
385 389
386 389
387 389
388 389
92 390
250 390
251 390
252 390
253 390
254 390
255 390
256 390
257 390
258 390
259 390
260 390
261 390
262 390
263 390
264 390
265 390
266 390
267 390
268 390
269 390
270 390
271 390
272 390
273 390
274 390
275 390
276 390
277 390
278 390
279 390
280 390
281 390
282 390
283 390
284 390
285 390
286 390
287 390
288 390
289 390
290 390
291 390
292 390
293 390
294 390
295 390
296 390
297 390
298 390
299 390
300 390
301 390
302 390
303 390
304 390
305 390
306 390
307 390
308 390
309 390
310 390
311 390
312 390
313 390
314 390
315 390
316 390
317 390
318 390
319 390
320 390
321 390
322 390
323 390
324 390
325 390
326 390
327 390
328 390
329 390
330 390
331 390
332 390
333 390
334 390
335 390
336 390
337 390
338 390
339 390
340 390
341 390
342 390
343 390
344 390
345 390
346 390
347 390
348 390
349 390
350 390
351 390
352 390
353 390
354 390
355 390
356 390
357 390
358 390
359 390
360 390
361 390
362 390
363 390
364 390
365 390
366 390
367 390
368 390
369 390
370 390
371 390
372 390
373 390
374 390
375 390
376 390
377 390
378 390
379 390
380 390
381 390
382 390
383 390
384 390
385 390
386 390
387 390
388 390
389 390
92 391
250 391
251 391
252 391
253 391
254 391
255 391
256 391
257 391
258 391
259 391
260 391
261 391
262 391
263 391
264 391
265 391
266 391
267 391
268 391
269 391
270 391
271 391
272 391
273 391
274 391
275 391
276 391
277 391
278 391
279 391
280 391
281 391
282 391
283 391
284 391
285 391
286 391
287 391
288 391
289 391
290 391
291 391
292 391
293 391
294 391
295 391
296 391
297 391
298 391
299 391
300 391
301 391
302 391
303 391
304 391
305 391
306 391
307 391
308 391
309 391
310 391
311 391
312 391
313 391
314 391
315 391
316 391
317 391
318 391
319 391
320 391
321 391
322 391
323 391
324 391
325 391
326 391
327 391
328 391
329 391
330 391
331 391
332 391
333 391
334 391
335 391
336 391
337 391
338 391
339 391
340 391
341 391
342 391
343 391
344 391
345 391
346 391
347 391
348 391
349 391
350 391
351 391
352 391
353 391
354 391
355 391
356 391
357 391
358 391
359 391
360 391
361 391
362 391
363 391
364 391
365 391
366 391
367 391
368 391
369 391
370 391
371 391
372 391
373 391
374 391
375 391
376 391
377 391
378 391
379 391
380 391
381 391
382 391
383 391
384 391
385 391
386 391
387 391
388 391
389 391
390 391
92 392
250 392
251 392
252 392
253 392
254 392
255 392
256 392
257 392
258 392
259 392
260 392
261 392
262 392
263 392
264 392
265 392
266 392
267 392
268 392
269 392
270 392
271 392
272 392
273 392
274 392
275 392
276 392
277 392
278 392
279 392
280 392
281 392
282 392
283 392
284 392
285 392
286 392
287 392
288 392
289 392
290 392
291 392
292 392
293 392
294 392
295 392
296 392
297 392
298 392
299 392
300 392
301 392
302 392
303 392
304 392
305 392
306 392
307 392
308 392
309 392
310 392
311 392
312 392
313 392
314 392
315 392
316 392
317 392
318 392
319 392
320 392
321 392
322 392
323 392
324 392
325 392
326 392
327 392
328 392
329 392
330 392
331 392
332 392
333 392
334 392
335 392
336 392
337 392
338 392
339 392
340 392
341 392
342 392
343 392
344 392
345 392
346 392
347 392
348 392
349 392
350 392
351 392
352 392
353 392
354 392
355 392
356 392
357 392
358 392
359 392
360 392
361 392
362 392
363 392
364 392
365 392
366 392
367 392
368 392
369 392
370 392
371 392
372 392
373 392
374 392
375 392
376 392
377 392
378 392
379 392
380 392
381 392
382 392
383 392
384 392
385 392
386 392
387 392
388 392
389 392
390 392
391 392
92 393
250 393
251 393
252 393
253 393
254 393
255 393
256 393
257 393
258 393
259 393
260 393
261 393
262 393
263 393
264 393
265 393
266 393
267 393
268 393
269 393
270 393
271 393
272 393
273 393
274 393
275 393
276 393
277 393
278 393
279 393
280 393
281 393
282 393
283 393
284 393
285 393
286 393
287 393
288 393
289 393
290 393
291 393
292 393
293 393
294 393
295 393
296 393
297 393
298 393
299 393
300 393
301 393
302 393
303 393
304 393
305 393
306 393
307 393
308 393
309 393
310 393
311 393
312 393
313 393
314 393
315 393
316 393
317 393
318 393
319 393
320 393
321 393
322 393
323 393
324 393
325 393
326 393
327 393
328 393
329 393
330 393
331 393
332 393
333 393
334 393
335 393
336 393
337 393
338 393
339 393
340 393
341 393
342 393
343 393
344 393
345 393
346 393
347 393
348 393
349 393
350 393
351 393
352 393
353 393
354 393
355 393
356 393
357 393
358 393
359 393
360 393
361 393
362 393
363 393
364 393
365 393
366 393
367 393
368 393
369 393
370 393
371 393
372 393
373 393
374 393
375 393
376 393
377 393
378 393
379 393
380 393
381 393
382 393
383 393
384 393
385 393
386 393
387 393
388 393
389 393
390 393
391 393
392 393
92 394
250 394
251 394
252 394
253 394
254 394
255 394
256 394
257 394
258 394
259 394
260 394
261 394
262 394
263 394
264 394
265 394
266 394
267 394
268 394
269 394
270 394
271 394
272 394
273 394
274 394
275 394
276 394
277 394
278 394
279 394
280 394
281 394
282 394
283 394
284 394
285 394
286 394
287 394
288 394
289 394
290 394
291 394
292 394
293 394
294 394
295 394
296 394
297 394
298 394
299 394
300 394
301 394
302 394
303 394
304 394
305 394
306 394
307 394
308 394
309 394
310 394
311 394
312 394
313 394
314 394
315 394
316 394
317 394
318 394
319 394
320 394
321 394
322 394
323 394
324 394
325 394
326 394
327 394
328 394
329 394
330 394
331 394
332 394
333 394
334 394
335 394
336 394
337 394
338 394
339 394
340 394
341 394
342 394
343 394
344 394
345 394
346 394
347 394
348 394
349 394
350 394
351 394
352 394
353 394
354 394
355 394
356 394
357 394
358 394
359 394
360 394
361 394
362 394
363 394
364 394
365 394
366 394
367 394
368 394
369 394
370 394
371 394
372 394
373 394
374 394
375 394
376 394
377 394
378 394
379 394
380 394
381 394
382 394
383 394
384 394
385 394
386 394
387 394
388 394
389 394
390 394
391 394
392 394
393 394
92 395
250 395
251 395
252 395
253 395
254 395
255 395
256 395
257 395
258 395
259 395
260 395
261 395
262 395
263 395
264 395
265 395
266 395
267 395
268 395
269 395
270 395
271 395
272 395
273 395
274 395
275 395
276 395
277 395
278 395
279 395
280 395
281 395
282 395
283 395
284 395
285 395
286 395
287 395
288 395
289 395
290 395
291 395
292 395
293 395
294 395
295 395
296 395
297 395
298 395
299 395
300 395
301 395
302 395
303 395
304 395
305 395
306 395
307 395
308 395
309 395
310 395
311 395
312 395
313 395
314 395
315 395
316 395
317 395
318 395
319 395
320 395
321 395
322 395
323 395
324 395
325 395
326 395
327 395
328 395
329 395
330 395
331 395
332 395
333 395
334 395
335 395
336 395
337 395
338 395
339 395
340 395
341 395
342 395
343 395
344 395
345 395
346 395
347 395
348 395
349 395
350 395
351 395
352 395
353 395
354 395
355 395
356 395
357 395
358 395
359 395
360 395
361 395
362 395
363 395
364 395
365 395
366 395
367 395
368 395
369 395
370 395
371 395
372 395
373 395
374 395
375 395
376 395
377 395
378 395
379 395
380 395
381 395
382 395
383 395
384 395
385 395
386 395
387 395
388 395
389 395
390 395
391 395
392 395
393 395
394 395
92 396
250 396
251 396
252 396
253 396
254 396
255 396
256 396
257 396
258 396
259 396
260 396
261 396
262 396
263 396
264 396
265 396
266 396
267 396
268 396
269 396
270 396
271 396
272 396
273 396
274 396
275 396
276 396
277 396
278 396
279 396
280 396
281 396
282 396
283 396
284 396
285 396
286 396
287 396
288 396
289 396
290 396
291 396
292 396
293 396
294 396
295 396
296 396
297 396
298 396
299 396
300 396
301 396
302 396
303 396
304 396
305 396
306 396
307 396
308 396
309 396
310 396
311 396
312 396
313 396
314 396
315 396
316 396
317 396
318 396
319 396
320 396
321 396
322 396
323 396
324 396
325 396
326 396
327 396
328 396
329 396
330 396
331 396
332 396
333 396
334 396
335 396
336 396
337 396
338 396
339 396
340 396
341 396
342 396
343 396
344 396
345 396
346 396
347 396
348 396
349 396
350 396
351 396
352 396
353 396
354 396
355 396
356 396
357 396
358 396
359 396
360 396
361 396
362 396
363 396
364 396
365 396
366 396
367 396
368 396
369 396
370 396
371 396
372 396
373 396
374 396
375 396
376 396
377 396
378 396
379 396
380 396
381 396
382 396
383 396
384 396
385 396
386 396
387 396
388 396
389 396
390 396
391 396
392 396
393 396
394 396
395 396
92 397
250 397
251 397
252 397
253 397
254 397
255 397
256 397
257 397
258 397
259 397
260 397
261 397
262 397
263 397
264 397
265 397
266 397
267 397
268 397
269 397
270 397
271 397
272 397
273 397
274 397
275 397
276 397
277 397
278 397
279 397
280 397
281 397
282 397
283 397
284 397
285 397
286 397
287 397
288 397
289 397
290 397
291 397
292 397
293 397
294 397
295 397
296 397
297 397
298 397
299 397
300 397
301 397
302 397
303 397
304 397
305 397
306 397
307 397
308 397
309 397
310 397
311 397
312 397
313 397
314 397
315 397
316 397
317 397
318 397
319 397
320 397
321 397
322 397
323 397
324 397
325 397
326 397
327 397
328 397
329 397
330 397
331 397
332 397
333 397
334 397
335 397
336 397
337 397
338 397
339 397
340 397
341 397
342 397
343 397
344 397
345 397
346 397
347 397
348 397
349 397
350 397
351 397
352 397
353 397
354 397
355 397
356 397
357 397
358 397
359 397
360 397
361 397
362 397
363 397
364 397
365 397
366 397
367 397
368 397
369 397
370 397
371 397
372 397
373 397
374 397
375 397
376 397
377 397
378 397
379 397
380 397
381 397
382 397
383 397
384 397
385 397
386 397
387 397
388 397
389 397
390 397
391 397
392 397
393 397
394 397
395 397
396 397
92 398
250 398
251 398
252 398
253 398
254 398
255 398
256 398
257 398
258 398
259 398
260 398
261 398
262 398
263 398
264 398
265 398
266 398
267 398
268 398
269 398
270 398
271 398
272 398
273 398
274 398
275 398
276 398
277 398
278 398
279 398
280 398
281 398
282 398
283 398
284 398
285 398
286 398
287 398
288 398
289 398
290 398
291 398
292 398
293 398
294 398
295 398
296 398
297 398
298 398
299 398
300 398
301 398
302 398
303 398
304 398
305 398
306 398
307 398
308 398
309 398
310 398
311 398
312 398
313 398
314 398
315 398
316 398
317 398
318 398
319 398
320 398
321 398
322 398
323 398
324 398
325 398
326 398
327 398
328 398
329 398
330 398
331 398
332 398
333 398
334 398
335 398
336 398
337 398
338 398
339 398
340 398
341 398
342 398
343 398
344 398
345 398
346 398
347 398
348 398
349 398
350 398
351 398
352 398
353 398
354 398
355 398
356 398
357 398
358 398
359 398
360 398
361 398
362 398
363 398
364 398
365 398
366 398
367 398
368 398
369 398
370 398
371 398
372 398
373 398
374 398
375 398
376 398
377 398
378 398
379 398
380 398
381 398
382 398
383 398
384 398
385 398
386 398
387 398
388 398
389 398
390 398
391 398
392 398
393 398
394 398
395 398
396 398
397 398
92 399
250 399
251 399
252 399
253 399
254 399
255 399
256 399
257 399
258 399
259 399
260 399
261 399
262 399
263 399
264 399
265 399
266 399
267 399
268 399
269 399
270 399
271 399
272 399
273 399
274 399
275 399
276 399
277 399
278 399
279 399
280 399
281 399
282 399
283 399
284 399
285 399
286 399
287 399
288 399
289 399
290 399
291 399
292 399
293 399
294 399
295 399
296 399
297 399
298 399
299 399
300 399
301 399
302 399
303 399
304 399
305 399
306 399
307 399
308 399
309 399
310 399
311 399
312 399
313 399
314 399
315 399
316 399
317 399
318 399
319 399
320 399
321 399
322 399
323 399
324 399
325 399
326 399
327 399
328 399
329 399
330 399
331 399
332 399
333 399
334 399
335 399
336 399
337 399
338 399
339 399
340 399
341 399
342 399
343 399
344 399
345 399
346 399
347 399
348 399
349 399
350 399
351 399
352 399
353 399
354 399
355 399
356 399
357 399
358 399
359 399
360 399
361 399
362 399
363 399
364 399
365 399
366 399
367 399
368 399
369 399
370 399
371 399
372 399
373 399
374 399
375 399
376 399
377 399
378 399
379 399
380 399
381 399
382 399
383 399
384 399
385 399
386 399
387 399
388 399
389 399
390 399
391 399
392 399
393 399
394 399
395 399
396 399
397 399
398 399
92 400
250 400
251 400
252 400
253 400
254 400
255 400
256 400
257 400
258 400
259 400
260 400
261 400
262 400
263 400
264 400
265 400
266 400
267 400
268 400
269 400
270 400
271 400
272 400
273 400
274 400
275 400
276 400
277 400
278 400
279 400
280 400
281 400
282 400
283 400
284 400
285 400
286 400
287 400
288 400
289 400
290 400
291 400
292 400
293 400
294 400
295 400
296 400
297 400
298 400
299 400
300 400
301 400
302 400
303 400
304 400
305 400
306 400
307 400
308 400
309 400
310 400
311 400
312 400
313 400
314 400
315 400
316 400
317 400
318 400
319 400
320 400
321 400
322 400
323 400
324 400
325 400
326 400
327 400
328 400
329 400
330 400
331 400
332 400
333 400
334 400
335 400
336 400
337 400
338 400
339 400
340 400
341 400
342 400
343 400
344 400
345 400
346 400
347 400
348 400
349 400
350 400
351 400
352 400
353 400
354 400
355 400
356 400
357 400
358 400
359 400
360 400
361 400
362 400
363 400
364 400
365 400
366 400
367 400
368 400
369 400
370 400
371 400
372 400
373 400
374 400
375 400
376 400
377 400
378 400
379 400
380 400
381 400
382 400
383 400
384 400
385 400
386 400
387 400
388 400
389 400
390 400
391 400
392 400
393 400
394 400
395 400
396 400
397 400
398 400
399 400
92 401
250 401
251 401
252 401
253 401
254 401
255 401
256 401
257 401
258 401
259 401
260 401
261 401
262 401
263 401
264 401
265 401
266 401
267 401
268 401
269 401
270 401
271 401
272 401
273 401
274 401
275 401
276 401
277 401
278 401
279 401
280 401
281 401
282 401
283 401
284 401
285 401
286 401
287 401
288 401
289 401
290 401
291 401
292 401
293 401
294 401
295 401
296 401
297 401
298 401
299 401
300 401
301 401
302 401
303 401
304 401
305 401
306 401
307 401
308 401
309 401
310 401
311 401
312 401
313 401
314 401
315 401
316 401
317 401
318 401
319 401
320 401
321 401
322 401
323 401
324 401
325 401
326 401
327 401
328 401
329 401
330 401
331 401
332 401
333 401
334 401
335 401
336 401
337 401
338 401
339 401
340 401
341 401
342 401
343 401
344 401
345 401
346 401
347 401
348 401
349 401
350 401
351 401
352 401
353 401
354 401
355 401
356 401
357 401
358 401
359 401
360 401
361 401
362 401
363 401
364 401
365 401
366 401
367 401
368 401
369 401
370 401
371 401
372 401
373 401
374 401
375 401
376 401
377 401
378 401
379 401
380 401
381 401
382 401
383 401
384 401
385 401
386 401
387 401
388 401
389 401
390 401
391 401
392 401
393 401
394 401
395 401
396 401
397 401
398 401
399 401
400 401
92 402
250 402
251 402
252 402
253 402
254 402
255 402
256 402
257 402
258 402
259 402
260 402
261 402
262 402
263 402
264 402
265 402
266 402
267 402
268 402
269 402
270 402
271 402
272 402
273 402
274 402
275 402
276 402
277 402
278 402
279 402
280 402
281 402
282 402
283 402
284 402
285 402
286 402
287 402
288 402
289 402
290 402
291 402
292 402
293 402
294 402
295 402
296 402
297 402
298 402
299 402
300 402
301 402
302 402
303 402
304 402
305 402
306 402
307 402
308 402
309 402
310 402
311 402
312 402
313 402
314 402
315 402
316 402
317 402
318 402
319 402
320 402
321 402
322 402
323 402
324 402
325 402
326 402
327 402
328 402
329 402
330 402
331 402
332 402
333 402
334 402
335 402
336 402
337 402
338 402
339 402
340 402
341 402
342 402
343 402
344 402
345 402
346 402
347 402
348 402
349 402
350 402
351 402
352 402
353 402
354 402
355 402
356 402
357 402
358 402
359 402
360 402
361 402
362 402
363 402
364 402
365 402
366 402
367 402
368 402
369 402
370 402
371 402
372 402
373 402
374 402
375 402
376 402
377 402
378 402
379 402
380 402
381 402
382 402
383 402
384 402
385 402
386 402
387 402
388 402
389 402
390 402
391 402
392 402
393 402
394 402
395 402
396 402
397 402
398 402
399 402
400 402
401 402
92 403
250 403
251 403
252 403
253 403
254 403
255 403
256 403
257 403
258 403
259 403
260 403
261 403
262 403
263 403
264 403
265 403
266 403
267 403
268 403
269 403
270 403
271 403
272 403
273 403
274 403
275 403
276 403
277 403
278 403
279 403
280 403
281 403
282 403
283 403
284 403
285 403
286 403
287 403
288 403
289 403
290 403
291 403
292 403
293 403
294 403
295 403
296 403
297 403
298 403
299 403
300 403
301 403
302 403
303 403
304 403
305 403
306 403
307 403
308 403
309 403
310 403
311 403
312 403
313 403
314 403
315 403
316 403
317 403
318 403
319 403
320 403
321 403
322 403
323 403
324 403
325 403
326 403
327 403
328 403
329 403
330 403
331 403
332 403
333 403
334 403
335 403
336 403
337 403
338 403
339 403
340 403
341 403
342 403
343 403
344 403
345 403
346 403
347 403
348 403
349 403
350 403
351 403
352 403
353 403
354 403
355 403
356 403
357 403
358 403
359 403
360 403
361 403
362 403
363 403
364 403
365 403
366 403
367 403
368 403
369 403
370 403
371 403
372 403
373 403
374 403
375 403
376 403
377 403
378 403
379 403
380 403
381 403
382 403
383 403
384 403
385 403
386 403
387 403
388 403
389 403
390 403
391 403
392 403
393 403
394 403
395 403
396 403
397 403
398 403
399 403
400 403
401 403
402 403
92 404
250 404
251 404
252 404
253 404
254 404
255 404
256 404
257 404
258 404
259 404
260 404
261 404
262 404
263 404
264 404
265 404
266 404
267 404
268 404
269 404
270 404
271 404
272 404
273 404
274 404
275 404
276 404
277 404
278 404
279 404
280 404
281 404
282 404
283 404
284 404
285 404
286 404
287 404
288 404
289 404
290 404
291 404
292 404
293 404
294 404
295 404
296 404
297 404
298 404
299 404
300 404
301 404
302 404
303 404
304 404
305 404
306 404
307 404
308 404
309 404
310 404
311 404
312 404
313 404
314 404
315 404
316 404
317 404
318 404
319 404
320 404
321 404
322 404
323 404
324 404
325 404
326 404
327 404
328 404
329 404
330 404
331 404
332 404
333 404
334 404
335 404
336 404
337 404
338 404
339 404
340 404
341 404
342 404
343 404
344 404
345 404
346 404
347 404
348 404
349 404
350 404
351 404
352 404
353 404
354 404
355 404
356 404
357 404
358 404
359 404
360 404
361 404
362 404
363 404
364 404
365 404
366 404
367 404
368 404
369 404
370 404
371 404
372 404
373 404
374 404
375 404
376 404
377 404
378 404
379 404
380 404
381 404
382 404
383 404
384 404
385 404
386 404
387 404
388 404
389 404
390 404
391 404
392 404
393 404
394 404
395 404
396 404
397 404
398 404
399 404
400 404
401 404
402 404
403 404
92 405
250 405
251 405
252 405
253 405
254 405
255 405
256 405
257 405
258 405
259 405
260 405
261 405
262 405
263 405
264 405
265 405
266 405
267 405
268 405
269 405
270 405
271 405
272 405
273 405
274 405
275 405
276 405
277 405
278 405
279 405
280 405
281 405
282 405
283 405
284 405
285 405
286 405
287 405
288 405
289 405
290 405
291 405
292 405
293 405
294 405
295 405
296 405
297 405
298 405
299 405
300 405
301 405
302 405
303 405
304 405
305 405
306 405
307 405
308 405
309 405
310 405
311 405
312 405
313 405
314 405
315 405
316 405
317 405
318 405
319 405
320 405
321 405
322 405
323 405
324 405
325 405
326 405
327 405
328 405
329 405
330 405
331 405
332 405
333 405
334 405
335 405
336 405
337 405
338 405
339 405
340 405
341 405
342 405
343 405
344 405
345 405
346 405
347 405
348 405
349 405
350 405
351 405
352 405
353 405
354 405
355 405
356 405
357 405
358 405
359 405
360 405
361 405
362 405
363 405
364 405
365 405
366 405
367 405
368 405
369 405
370 405
371 405
372 405
373 405
374 405
375 405
376 405
377 405
378 405
379 405
380 405
381 405
382 405
383 405
384 405
385 405
386 405
387 405
388 405
389 405
390 405
391 405
392 405
393 405
394 405
395 405
396 405
397 405
398 405
399 405
400 405
401 405
402 405
403 405
404 405
92 406
250 406
251 406
252 406
253 406
254 406
255 406
256 406
257 406
258 406
259 406
260 406
261 406
262 406
263 406
264 406
265 406
266 406
267 406
268 406
269 406
270 406
271 406
272 406
273 406
274 406
275 406
276 406
277 406
278 406
279 406
280 406
281 406
282 406
283 406
284 406
285 406
286 406
287 406
288 406
289 406
290 406
291 406
292 406
293 406
294 406
295 406
296 406
297 406
298 406
299 406
300 406
301 406
302 406
303 406
304 406
305 406
306 406
307 406
308 406
309 406
310 406
311 406
312 406
313 406
314 406
315 406
316 406
317 406
318 406
319 406
320 406
321 406
322 406
323 406
324 406
325 406
326 406
327 406
328 406
329 406
330 406
331 406
332 406
333 406
334 406
335 406
336 406
337 406
338 406
339 406
340 406
341 406
342 406
343 406
344 406
345 406
346 406
347 406
348 406
349 406
350 406
351 406
352 406
353 406
354 406
355 406
356 406
357 406
358 406
359 406
360 406
361 406
362 406
363 406
364 406
365 406
366 406
367 406
368 406
369 406
370 406
371 406
372 406
373 406
374 406
375 406
376 406
377 406
378 406
379 406
380 406
381 406
382 406
383 406
384 406
385 406
386 406
387 406
388 406
389 406
390 406
391 406
392 406
393 406
394 406
395 406
396 406
397 406
398 406
399 406
400 406
401 406
402 406
403 406
404 406
405 406
92 407
250 407
251 407
252 407
253 407
254 407
255 407
256 407
257 407
258 407
259 407
260 407
261 407
262 407
263 407
264 407
265 407
266 407
267 407
268 407
269 407
270 407
271 407
272 407
273 407
274 407
275 407
276 407
277 407
278 407
279 407
280 407
281 407
282 407
283 407
284 407
285 407
286 407
287 407
288 407
289 407
290 407
291 407
292 407
293 407
294 407
295 407
296 407
297 407
298 407
299 407
300 407
301 407
302 407
303 407
304 407
305 407
306 407
307 407
308 407
309 407
310 407
311 407
312 407
313 407
314 407
315 407
316 407
317 407
318 407
319 407
320 407
321 407
322 407
323 407
324 407
325 407
326 407
327 407
328 407
329 407
330 407
331 407
332 407
333 407
334 407
335 407
336 407
337 407
338 407
339 407
340 407
341 407
342 407
343 407
344 407
345 407
346 407
347 407
348 407
349 407
350 407
351 407
352 407
353 407
354 407
355 407
356 407
357 407
358 407
359 407
360 407
361 407
362 407
363 407
364 407
365 407
366 407
367 407
368 407
369 407
370 407
371 407
372 407
373 407
374 407
375 407
376 407
377 407
378 407
379 407
380 407
381 407
382 407
383 407
384 407
385 407
386 407
387 407
388 407
389 407
390 407
391 407
392 407
393 407
394 407
395 407
396 407
397 407
398 407
399 407
400 407
401 407
402 407
403 407
404 407
405 407
406 407
92 408
250 408
251 408
252 408
253 408
254 408
255 408
256 408
257 408
258 408
259 408
260 408
261 408
262 408
263 408
264 408
265 408
266 408
267 408
268 408
269 408
270 408
271 408
272 408
273 408
274 408
275 408
276 408
277 408
278 408
279 408
280 408
281 408
282 408
283 408
284 408
285 408
286 408
287 408
288 408
289 408
290 408
291 408
292 408
293 408
294 408
295 408
296 408
297 408
298 408
299 408
300 408
301 408
302 408
303 408
304 408
305 408
306 408
307 408
308 408
309 408
310 408
311 408
312 408
313 408
314 408
315 408
316 408
317 408
318 408
319 408
320 408
321 408
322 408
323 408
324 408
325 408
326 408
327 408
328 408
329 408
330 408
331 408
332 408
333 408
334 408
335 408
336 408
337 408
338 408
339 408
340 408
341 408
342 408
343 408
344 408
345 408
346 408
347 408
348 408
349 408
350 408
351 408
352 408
353 408
354 408
355 408
356 408
357 408
358 408
359 408
360 408
361 408
362 408
363 408
364 408
365 408
366 408
367 408
368 408
369 408
370 408
371 408
372 408
373 408
374 408
375 408
376 408
377 408
378 408
379 408
380 408
381 408
382 408
383 408
384 408
385 408
386 408
387 408
388 408
389 408
390 408
391 408
392 408
393 408
394 408
395 408
396 408
397 408
398 408
399 408
400 408
401 408
402 408
403 408
404 408
405 408
406 408
407 408
92 409
250 409
251 409
252 409
253 409
254 409
255 409
256 409
257 409
258 409
259 409
260 409
261 409
262 409
263 409
264 409
265 409
266 409
267 409
268 409
269 409
270 409
271 409
272 409
273 409
274 409
275 409
276 409
277 409
278 409
279 409
280 409
281 409
282 409
283 409
284 409
285 409
286 409
287 409
288 409
289 409
290 409
291 409
292 409
293 409
294 409
295 409
296 409
297 409
298 409
299 409
300 409
301 409
302 409
303 409
304 409
305 409
306 409
307 409
308 409
309 409
310 409
311 409
312 409
313 409
314 409
315 409
316 409
317 409
318 409
319 409
320 409
321 409
322 409
323 409
324 409
325 409
326 409
327 409
328 409
329 409
330 409
331 409
332 409
333 409
334 409
335 409
336 409
337 409
338 409
339 409
340 409
341 409
342 409
343 409
344 409
345 409
346 409
347 409
348 409
349 409
350 409
351 409
352 409
353 409
354 409
355 409
356 409
357 409
358 409
359 409
360 409
361 409
362 409
363 409
364 409
365 409
366 409
367 409
368 409
369 409
370 409
371 409
372 409
373 409
374 409
375 409
376 409
377 409
378 409
379 409
380 409
381 409
382 409
383 409
384 409
385 409
386 409
387 409
388 409
389 409
390 409
391 409
392 409
393 409
394 409
395 409
396 409
397 409
398 409
399 409
400 409
401 409
402 409
403 409
404 409
405 409
406 409
407 409
408 409
92 410
250 410
251 410
252 410
253 410
254 410
255 410
256 410
257 410
258 410
259 410
260 410
261 410
262 410
263 410
264 410
265 410
266 410
267 410
268 410
269 410
270 410
271 410
272 410
273 410
274 410
275 410
276 410
277 410
278 410
279 410
280 410
281 410
282 410
283 410
284 410
285 410
286 410
287 410
288 410
289 410
290 410
291 410
292 410
293 410
294 410
295 410
296 410
297 410
298 410
299 410
300 410
301 410
302 410
303 410
304 410
305 410
306 410
307 410
308 410
309 410
310 410
311 410
312 410
313 410
314 410
315 410
316 410
317 410
318 410
319 410
320 410
321 410
322 410
323 410
324 410
325 410
326 410
327 410
328 410
329 410
330 410
331 410
332 410
333 410
334 410
335 410
336 410
337 410
338 410
339 410
340 410
341 410
342 410
343 410
344 410
345 410
346 410
347 410
348 410
349 410
350 410
351 410
352 410
353 410
354 410
355 410
356 410
357 410
358 410
359 410
360 410
361 410
362 410
363 410
364 410
365 410
366 410
367 410
368 410
369 410
370 410
371 410
372 410
373 410
374 410
375 410
376 410
377 410
378 410
379 410
380 410
381 410
382 410
383 410
384 410
385 410
386 410
387 410
388 410
389 410
390 410
391 410
392 410
393 410
394 410
395 410
396 410
397 410
398 410
399 410
400 410
401 410
402 410
403 410
404 410
405 410
406 410
407 410
408 410
409 410
92 411
250 411
251 411
252 411
253 411
254 411
255 411
256 411
257 411
258 411
259 411
260 411
261 411
262 411
263 411
264 411
265 411
266 411
267 411
268 411
269 411
270 411
271 411
272 411
273 411
274 411
275 411
276 411
277 411
278 411
279 411
280 411
281 411
282 411
283 411
284 411
285 411
286 411
287 411
288 411
289 411
290 411
291 411
292 411
293 411
294 411
295 411
296 411
297 411
298 411
299 411
300 411
301 411
302 411
303 411
304 411
305 411
306 411
307 411
308 411
309 411
310 411
311 411
312 411
313 411
314 411
315 411
316 411
317 411
318 411
319 411
320 411
321 411
322 411
323 411
324 411
325 411
326 411
327 411
328 411
329 411
330 411
331 411
332 411
333 411
334 411
335 411
336 411
337 411
338 411
339 411
340 411
341 411
342 411
343 411
344 411
345 411
346 411
347 411
348 411
349 411
350 411
351 411
352 411
353 411
354 411
355 411
356 411
357 411
358 411
359 411
360 411
361 411
362 411
363 411
364 411
365 411
366 411
367 411
368 411
369 411
370 411
371 411
372 411
373 411
374 411
375 411
376 411
377 411
378 411
379 411
380 411
381 411
382 411
383 411
384 411
385 411
386 411
387 411
388 411
389 411
390 411
391 411
392 411
393 411
394 411
395 411
396 411
397 411
398 411
399 411
400 411
401 411
402 411
403 411
404 411
405 411
406 411
407 411
408 411
409 411
410 411
92 412
250 412
251 412
252 412
253 412
254 412
255 412
256 412
257 412
258 412
259 412
260 412
261 412
262 412
263 412
264 412
265 412
266 412
267 412
268 412
269 412
270 412
271 412
272 412
273 412
274 412
275 412
276 412
277 412
278 412
279 412
280 412
281 412
282 412
283 412
284 412
285 412
286 412
287 412
288 412
289 412
290 412
291 412
292 412
293 412
294 412
295 412
296 412
297 412
298 412
299 412
300 412
301 412
302 412
303 412
304 412
305 412
306 412
307 412
308 412
309 412
310 412
311 412
312 412
313 412
314 412
315 412
316 412
317 412
318 412
319 412
320 412
321 412
322 412
323 412
324 412
325 412
326 412
327 412
328 412
329 412
330 412
331 412
332 412
333 412
334 412
335 412
336 412
337 412
338 412
339 412
340 412
341 412
342 412
343 412
344 412
345 412
346 412
347 412
348 412
349 412
350 412
351 412
352 412
353 412
354 412
355 412
356 412
357 412
358 412
359 412
360 412
361 412
362 412
363 412
364 412
365 412
366 412
367 412
368 412
369 412
370 412
371 412
372 412
373 412
374 412
375 412
376 412
377 412
378 412
379 412
380 412
381 412
382 412
383 412
384 412
385 412
386 412
387 412
388 412
389 412
390 412
391 412
392 412
393 412
394 412
395 412
396 412
397 412
398 412
399 412
400 412
401 412
402 412
403 412
404 412
405 412
406 412
407 412
408 412
409 412
410 412
411 412
92 413
250 413
251 413
252 413
253 413
254 413
255 413
256 413
257 413
258 413
259 413
260 413
261 413
262 413
263 413
264 413
265 413
266 413
267 413
268 413
269 413
270 413
271 413
272 413
273 413
274 413
275 413
276 413
277 413
278 413
279 413
280 413
281 413
282 413
283 413
284 413
285 413
286 413
287 413
288 413
289 413
290 413
291 413
292 413
293 413
294 413
295 413
296 413
297 413
298 413
299 413
300 413
301 413
302 413
303 413
304 413
305 413
306 413
307 413
308 413
309 413
310 413
311 413
312 413
313 413
314 413
315 413
316 413
317 413
318 413
319 413
320 413
321 413
322 413
323 413
324 413
325 413
326 413
327 413
328 413
329 413
330 413
331 413
332 413
333 413
334 413
335 413
336 413
337 413
338 413
339 413
340 413
341 413
342 413
343 413
344 413
345 413
346 413
347 413
348 413
349 413
350 413
351 413
352 413
353 413
354 413
355 413
356 413
357 413
358 413
359 413
360 413
361 413
362 413
363 413
364 413
365 413
366 413
367 413
368 413
369 413
370 413
371 413
372 413
373 413
374 413
375 413
376 413
377 413
378 413
379 413
380 413
381 413
382 413
383 413
384 413
385 413
386 413
387 413
388 413
389 413
390 413
391 413
392 413
393 413
394 413
395 413
396 413
397 413
398 413
399 413
400 413
401 413
402 413
403 413
404 413
405 413
406 413
407 413
408 413
409 413
410 413
411 413
412 413
92 414
250 414
251 414
252 414
253 414
254 414
255 414
256 414
257 414
258 414
259 414
260 414
261 414
262 414
263 414
264 414
265 414
266 414
267 414
268 414
269 414
270 414
271 414
272 414
273 414
274 414
275 414
276 414
277 414
278 414
279 414
280 414
281 414
282 414
283 414
284 414
285 414
286 414
287 414
288 414
289 414
290 414
291 414
292 414
293 414
294 414
295 414
296 414
297 414
298 414
299 414
300 414
301 414
302 414
303 414
304 414
305 414
306 414
307 414
308 414
309 414
310 414
311 414
312 414
313 414
314 414
315 414
316 414
317 414
318 414
319 414
320 414
321 414
322 414
323 414
324 414
325 414
326 414
327 414
328 414
329 414
330 414
331 414
332 414
333 414
334 414
335 414
336 414
337 414
338 414
339 414
340 414
341 414
342 414
343 414
344 414
345 414
346 414
347 414
348 414
349 414
350 414
351 414
352 414
353 414
354 414
355 414
356 414
357 414
358 414
359 414
360 414
361 414
362 414
363 414
364 414
365 414
366 414
367 414
368 414
369 414
370 414
371 414
372 414
373 414
374 414
375 414
376 414
377 414
378 414
379 414
380 414
381 414
382 414
383 414
384 414
385 414
386 414
387 414
388 414
389 414
390 414
391 414
392 414
393 414
394 414
395 414
396 414
397 414
398 414
399 414
400 414
401 414
402 414
403 414
404 414
405 414
406 414
407 414
408 414
409 414
410 414
411 414
412 414
413 414
92 415
250 415
251 415
252 415
253 415
254 415
255 415
256 415
257 415
258 415
259 415
260 415
261 415
262 415
263 415
264 415
265 415
266 415
267 415
268 415
269 415
270 415
271 415
272 415
273 415
274 415
275 415
276 415
277 415
278 415
279 415
280 415
281 415
282 415
283 415
284 415
285 415
286 415
287 415
288 415
289 415
290 415
291 415
292 415
293 415
294 415
295 415
296 415
297 415
298 415
299 415
300 415
301 415
302 415
303 415
304 415
305 415
306 415
307 415
308 415
309 415
310 415
311 415
312 415
313 415
314 415
315 415
316 415
317 415
318 415
319 415
320 415
321 415
322 415
323 415
324 415
325 415
326 415
327 415
328 415
329 415
330 415
331 415
332 415
333 415
334 415
335 415
336 415
337 415
338 415
339 415
340 415
341 415
342 415
343 415
344 415
345 415
346 415
347 415
348 415
349 415
350 415
351 415
352 415
353 415
354 415
355 415
356 415
357 415
358 415
359 415
360 415
361 415
362 415
363 415
364 415
365 415
366 415
367 415
368 415
369 415
370 415
371 415
372 415
373 415
374 415
375 415
376 415
377 415
378 415
379 415
380 415
381 415
382 415
383 415
384 415
385 415
386 415
387 415
388 415
389 415
390 415
391 415
392 415
393 415
394 415
395 415
396 415
397 415
398 415
399 415
400 415
401 415
402 415
403 415
404 415
405 415
406 415
407 415
408 415
409 415
410 415
411 415
412 415
413 415
414 415
92 416
250 416
251 416
252 416
253 416
254 416
255 416
256 416
257 416
258 416
259 416
260 416
261 416
262 416
263 416
264 416
265 416
266 416
267 416
268 416
269 416
270 416
271 416
272 416
273 416
274 416
275 416
276 416
277 416
278 416
279 416
280 416
281 416
282 416
283 416
284 416
285 416
286 416
287 416
288 416
289 416
290 416
291 416
292 416
293 416
294 416
295 416
296 416
297 416
298 416
299 416
300 416
301 416
302 416
303 416
304 416
305 416
306 416
307 416
308 416
309 416
310 416
311 416
312 416
313 416
314 416
315 416
316 416
317 416
318 416
319 416
320 416
321 416
322 416
323 416
324 416
325 416
326 416
327 416
328 416
329 416
330 416
331 416
332 416
333 416
334 416
335 416
336 416
337 416
338 416
339 416
340 416
341 416
342 416
343 416
344 416
345 416
346 416
347 416
348 416
349 416
350 416
351 416
352 416
353 416
354 416
355 416
356 416
357 416
358 416
359 416
360 416
361 416
362 416
363 416
364 416
365 416
366 416
367 416
368 416
369 416
370 416
371 416
372 416
373 416
374 416
375 416
376 416
377 416
378 416
379 416
380 416
381 416
382 416
383 416
384 416
385 416
386 416
387 416
388 416
389 416
390 416
391 416
392 416
393 416
394 416
395 416
396 416
397 416
398 416
399 416
400 416
401 416
402 416
403 416
404 416
405 416
406 416
407 416
408 416
409 416
410 416
411 416
412 416
413 416
414 416
415 416
92 417
250 417
251 417
252 417
253 417
254 417
255 417
256 417
257 417
258 417
259 417
260 417
261 417
262 417
263 417
264 417
265 417
266 417
267 417
268 417
269 417
270 417
271 417
272 417
273 417
274 417
275 417
276 417
277 417
278 417
279 417
280 417
281 417
282 417
283 417
284 417
285 417
286 417
287 417
288 417
289 417
290 417
291 417
292 417
293 417
294 417
295 417
296 417
297 417
298 417
299 417
300 417
301 417
302 417
303 417
304 417
305 417
306 417
307 417
308 417
309 417
310 417
311 417
312 417
313 417
314 417
315 417
316 417
317 417
318 417
319 417
320 417
321 417
322 417
323 417
324 417
325 417
326 417
327 417
328 417
329 417
330 417
331 417
332 417
333 417
334 417
335 417
336 417
337 417
338 417
339 417
340 417
341 417
342 417
343 417
344 417
345 417
346 417
347 417
348 417
349 417
350 417
351 417
352 417
353 417
354 417
355 417
356 417
357 417
358 417
359 417
360 417
361 417
362 417
363 417
364 417
365 417
366 417
367 417
368 417
369 417
370 417
371 417
372 417
373 417
374 417
375 417
376 417
377 417
378 417
379 417
380 417
381 417
382 417
383 417
384 417
385 417
386 417
387 417
388 417
389 417
390 417
391 417
392 417
393 417
394 417
395 417
396 417
397 417
398 417
399 417
400 417
401 417
402 417
403 417
404 417
405 417
406 417
407 417
408 417
409 417
410 417
411 417
412 417
413 417
414 417
415 417
416 417
92 418
250 418
251 418
252 418
253 418
254 418
255 418
256 418
257 418
258 418
259 418
260 418
261 418
262 418
263 418
264 418
265 418
266 418
267 418
268 418
269 418
270 418
271 418
272 418
273 418
274 418
275 418
276 418
277 418
278 418
279 418
280 418
281 418
282 418
283 418
284 418
285 418
286 418
287 418
288 418
289 418
290 418
291 418
292 418
293 418
294 418
295 418
296 418
297 418
298 418
299 418
300 418
301 418
302 418
303 418
304 418
305 418
306 418
307 418
308 418
309 418
310 418
311 418
312 418
313 418
314 418
315 418
316 418
317 418
318 418
319 418
320 418
321 418
322 418
323 418
324 418
325 418
326 418
327 418
328 418
329 418
330 418
331 418
332 418
333 418
334 418
335 418
336 418
337 418
338 418
339 418
340 418
341 418
342 418
343 418
344 418
345 418
346 418
347 418
348 418
349 418
350 418
351 418
352 418
353 418
354 418
355 418
356 418
357 418
358 418
359 418
360 418
361 418
362 418
363 418
364 418
365 418
366 418
367 418
368 418
369 418
370 418
371 418
372 418
373 418
374 418
375 418
376 418
377 418
378 418
379 418
380 418
381 418
382 418
383 418
384 418
385 418
386 418
387 418
388 418
389 418
390 418
391 418
392 418
393 418
394 418
395 418
396 418
397 418
398 418
399 418
400 418
401 418
402 418
403 418
404 418
405 418
406 418
407 418
408 418
409 418
410 418
411 418
412 418
413 418
414 418
415 418
416 418
417 418
92 419
250 419
251 419
252 419
253 419
254 419
255 419
256 419
257 419
258 419
259 419
260 419
261 419
262 419
263 419
264 419
265 419
266 419
267 419
268 419
269 419
270 419
271 419
272 419
273 419
274 419
275 419
276 419
277 419
278 419
279 419
280 419
281 419
282 419
283 419
284 419
285 419
286 419
287 419
288 419
289 419
290 419
291 419
292 419
293 419
294 419
295 419
296 419
297 419
298 419
299 419
300 419
301 419
302 419
303 419
304 419
305 419
306 419
307 419
308 419
309 419
310 419
311 419
312 419
313 419
314 419
315 419
316 419
317 419
318 419
319 419
320 419
321 419
322 419
323 419
324 419
325 419
326 419
327 419
328 419
329 419
330 419
331 419
332 419
333 419
334 419
335 419
336 419
337 419
338 419
339 419
340 419
341 419
342 419
343 419
344 419
345 419
346 419
347 419
348 419
349 419
350 419
351 419
352 419
353 419
354 419
355 419
356 419
357 419
358 419
359 419
360 419
361 419
362 419
363 419
364 419
365 419
366 419
367 419
368 419
369 419
370 419
371 419
372 419
373 419
374 419
375 419
376 419
377 419
378 419
379 419
380 419
381 419
382 419
383 419
384 419
385 419
386 419
387 419
388 419
389 419
390 419
391 419
392 419
393 419
394 419
395 419
396 419
397 419
398 419
399 419
400 419
401 419
402 419
403 419
404 419
405 419
406 419
407 419
408 419
409 419
410 419
411 419
412 419
413 419
414 419
415 419
416 419
417 419
418 419
92 420
250 420
251 420
252 420
253 420
254 420
255 420
256 420
257 420
258 420
259 420
260 420
261 420
262 420
263 420
264 420
265 420
266 420
267 420
268 420
269 420
270 420
271 420
272 420
273 420
274 420
275 420
276 420
277 420
278 420
279 420
280 420
281 420
282 420
283 420
284 420
285 420
286 420
287 420
288 420
289 420
290 420
291 420
292 420
293 420
294 420
295 420
296 420
297 420
298 420
299 420
300 420
301 420
302 420
303 420
304 420
305 420
306 420
307 420
308 420
309 420
310 420
311 420
312 420
313 420
314 420
315 420
316 420
317 420
318 420
319 420
320 420
321 420
322 420
323 420
324 420
325 420
326 420
327 420
328 420
329 420
330 420
331 420
332 420
333 420
334 420
335 420
336 420
337 420
338 420
339 420
340 420
341 420
342 420
343 420
344 420
345 420
346 420
347 420
348 420
349 420
350 420
351 420
352 420
353 420
354 420
355 420
356 420
357 420
358 420
359 420
360 420
361 420
362 420
363 420
364 420
365 420
366 420
367 420
368 420
369 420
370 420
371 420
372 420
373 420
374 420
375 420
376 420
377 420
378 420
379 420
380 420
381 420
382 420
383 420
384 420
385 420
386 420
387 420
388 420
389 420
390 420
391 420
392 420
393 420
394 420
395 420
396 420
397 420
398 420
399 420
400 420
401 420
402 420
403 420
404 420
405 420
406 420
407 420
408 420
409 420
410 420
411 420
412 420
413 420
414 420
415 420
416 420
417 420
418 420
419 420
92 421
250 421
251 421
252 421
253 421
254 421
255 421
256 421
257 421
258 421
259 421
260 421
261 421
262 421
263 421
264 421
265 421
266 421
267 421
268 421
269 421
270 421
271 421
272 421
273 421
274 421
275 421
276 421
277 421
278 421
279 421
280 421
281 421
282 421
283 421
284 421
285 421
286 421
287 421
288 421
289 421
290 421
291 421
292 421
293 421
294 421
295 421
296 421
297 421
298 421
299 421
300 421
301 421
302 421
303 421
304 421
305 421
306 421
307 421
308 421
309 421
310 421
311 421
312 421
313 421
314 421
315 421
316 421
317 421
318 421
319 421
320 421
321 421
322 421
323 421
324 421
325 421
326 421
327 421
328 421
329 421
330 421
331 421
332 421
333 421
334 421
335 421
336 421
337 421
338 421
339 421
340 421
341 421
342 421
343 421
344 421
345 421
346 421
347 421
348 421
349 421
350 421
351 421
352 421
353 421
354 421
355 421
356 421
357 421
358 421
359 421
360 421
361 421
362 421
363 421
364 421
365 421
366 421
367 421
368 421
369 421
370 421
371 421
372 421
373 421
374 421
375 421
376 421
377 421
378 421
379 421
380 421
381 421
382 421
383 421
384 421
385 421
386 421
387 421
388 421
389 421
390 421
391 421
392 421
393 421
394 421
395 421
396 421
397 421
398 421
399 421
400 421
401 421
402 421
403 421
404 421
405 421
406 421
407 421
408 421
409 421
410 421
411 421
412 421
413 421
414 421
415 421
416 421
417 421
418 421
419 421
420 421
92 422
250 422
251 422
252 422
253 422
254 422
255 422
256 422
257 422
258 422
259 422
260 422
261 422
262 422
263 422
264 422
265 422
266 422
267 422
268 422
269 422
270 422
271 422
272 422
273 422
274 422
275 422
276 422
277 422
278 422
279 422
280 422
281 422
282 422
283 422
284 422
285 422
286 422
287 422
288 422
289 422
290 422
291 422
292 422
293 422
294 422
295 422
296 422
297 422
298 422
299 422
300 422
301 422
302 422
303 422
304 422
305 422
306 422
307 422
308 422
309 422
310 422
311 422
312 422
313 422
314 422
315 422
316 422
317 422
318 422
319 422
320 422
321 422
322 422
323 422
324 422
325 422
326 422
327 422
328 422
329 422
330 422
331 422
332 422
333 422
334 422
335 422
336 422
337 422
338 422
339 422
340 422
341 422
342 422
343 422
344 422
345 422
346 422
347 422
348 422
349 422
350 422
351 422
352 422
353 422
354 422
355 422
356 422
357 422
358 422
359 422
360 422
361 422
362 422
363 422
364 422
365 422
366 422
367 422
368 422
369 422
370 422
371 422
372 422
373 422
374 422
375 422
376 422
377 422
378 422
379 422
380 422
381 422
382 422
383 422
384 422
385 422
386 422
387 422
388 422
389 422
390 422
391 422
392 422
393 422
394 422
395 422
396 422
397 422
398 422
399 422
400 422
401 422
402 422
403 422
404 422
405 422
406 422
407 422
408 422
409 422
410 422
411 422
412 422
413 422
414 422
415 422
416 422
417 422
418 422
419 422
420 422
421 422
92 423
250 423
251 423
252 423
253 423
254 423
255 423
256 423
257 423
258 423
259 423
260 423
261 423
262 423
263 423
264 423
265 423
266 423
267 423
268 423
269 423
270 423
271 423
272 423
273 423
274 423
275 423
276 423
277 423
278 423
279 423
280 423
281 423
282 423
283 423
284 423
285 423
286 423
287 423
288 423
289 423
290 423
291 423
292 423
293 423
294 423
295 423
296 423
297 423
298 423
299 423
300 423
301 423
302 423
303 423
304 423
305 423
306 423
307 423
308 423
309 423
310 423
311 423
312 423
313 423
314 423
315 423
316 423
317 423
318 423
319 423
320 423
321 423
322 423
323 423
324 423
325 423
326 423
327 423
328 423
329 423
330 423
331 423
332 423
333 423
334 423
335 423
336 423
337 423
338 423
339 423
340 423
341 423
342 423
343 423
344 423
345 423
346 423
347 423
348 423
349 423
350 423
351 423
352 423
353 423
354 423
355 423
356 423
357 423
358 423
359 423
360 423
361 423
362 423
363 423
364 423
365 423
366 423
367 423
368 423
369 423
370 423
371 423
372 423
373 423
374 423
375 423
376 423
377 423
378 423
379 423
380 423
381 423
382 423
383 423
384 423
385 423
386 423
387 423
388 423
389 423
390 423
391 423
392 423
393 423
394 423
395 423
396 423
397 423
398 423
399 423
400 423
401 423
402 423
403 423
404 423
405 423
406 423
407 423
408 423
409 423
410 423
411 423
412 423
413 423
414 423
415 423
416 423
417 423
418 423
419 423
420 423
421 423
422 423
258 424
258 425
424 425
258 426
424 426
425 426
258 427
424 427
425 427
426 427
258 428
424 428
425 428
426 428
427 428
258 429
424 429
425 429
426 429
427 429
428 429
258 430
424 430
425 430
426 430
427 430
428 430
429 430
258 431
424 431
425 431
426 431
427 431
428 431
429 431
430 431
258 432
424 432
425 432
426 432
427 432
428 432
429 432
430 432
431 432
258 433
424 433
425 433
426 433
427 433
428 433
429 433
430 433
431 433
432 433
258 434
424 434
425 434
426 434
427 434
428 434
429 434
430 434
431 434
432 434
433 434
258 435
424 435
425 435
426 435
427 435
428 435
429 435
430 435
431 435
432 435
433 435
434 435
258 436
424 436
425 436
426 436
427 436
428 436
429 436
430 436
431 436
432 436
433 436
434 436
435 436
258 437
424 437
425 437
426 437
427 437
428 437
429 437
430 437
431 437
432 437
433 437
434 437
435 437
436 437
258 438
424 438
425 438
426 438
427 438
428 438
429 438
430 438
431 438
432 438
433 438
434 438
435 438
436 438
437 438
258 439
424 439
425 439
426 439
427 439
428 439
429 439
430 439
431 439
432 439
433 439
434 439
435 439
436 439
437 439
438 439
258 440
424 440
425 440
426 440
427 440
428 440
429 440
430 440
431 440
432 440
433 440
434 440
435 440
436 440
437 440
438 440
439 440
258 441
424 441
425 441
426 441
427 441
428 441
429 441
430 441
431 441
432 441
433 441
434 441
435 441
436 441
437 441
438 441
439 441
440 441
258 442
424 442
425 442
426 442
427 442
428 442
429 442
430 442
431 442
432 442
433 442
434 442
435 442
436 442
437 442
438 442
439 442
440 442
441 442
258 443
424 443
425 443
426 443
427 443
428 443
429 443
430 443
431 443
432 443
433 443
434 443
435 443
436 443
437 443
438 443
439 443
440 443
441 443
442 443
258 444
424 444
425 444
426 444
427 444
428 444
429 444
430 444
431 444
432 444
433 444
434 444
435 444
436 444
437 444
438 444
439 444
440 444
441 444
442 444
443 444
258 445
424 445
425 445
426 445
427 445
428 445
429 445
430 445
431 445
432 445
433 445
434 445
435 445
436 445
437 445
438 445
439 445
440 445
441 445
442 445
443 445
444 445
258 446
424 446
425 446
426 446
427 446
428 446
429 446
430 446
431 446
432 446
433 446
434 446
435 446
436 446
437 446
438 446
439 446
440 446
441 446
442 446
443 446
444 446
445 446
258 447
424 447
425 447
426 447
427 447
428 447
429 447
430 447
431 447
432 447
433 447
434 447
435 447
436 447
437 447
438 447
439 447
440 447
441 447
442 447
443 447
444 447
445 447
446 447
258 448
424 448
425 448
426 448
427 448
428 448
429 448
430 448
431 448
432 448
433 448
434 448
435 448
436 448
437 448
438 448
439 448
440 448
441 448
442 448
443 448
444 448
445 448
446 448
447 448
258 449
424 449
425 449
426 449
427 449
428 449
429 449
430 449
431 449
432 449
433 449
434 449
435 449
436 449
437 449
438 449
439 449
440 449
441 449
442 449
443 449
444 449
445 449
446 449
447 449
448 449
258 450
424 450
425 450
426 450
427 450
428 450
429 450
430 450
431 450
432 450
433 450
434 450
435 450
436 450
437 450
438 450
439 450
440 450
441 450
442 450
443 450
444 450
445 450
446 450
447 450
448 450
449 450
258 451
424 451
425 451
426 451
427 451
428 451
429 451
430 451
431 451
432 451
433 451
434 451
435 451
436 451
437 451
438 451
439 451
440 451
441 451
442 451
443 451
444 451
445 451
446 451
447 451
448 451
449 451
450 451
258 452
424 452
425 452
426 452
427 452
428 452
429 452
430 452
431 452
432 452
433 452
434 452
435 452
436 452
437 452
438 452
439 452
440 452
441 452
442 452
443 452
444 452
445 452
446 452
447 452
448 452
449 452
450 452
451 452
258 453
424 453
425 453
426 453
427 453
428 453
429 453
430 453
431 453
432 453
433 453
434 453
435 453
436 453
437 453
438 453
439 453
440 453
441 453
442 453
443 453
444 453
445 453
446 453
447 453
448 453
449 453
450 453
451 453
452 453
258 454
424 454
425 454
426 454
427 454
428 454
429 454
430 454
431 454
432 454
433 454
434 454
435 454
436 454
437 454
438 454
439 454
440 454
441 454
442 454
443 454
444 454
445 454
446 454
447 454
448 454
449 454
450 454
451 454
452 454
453 454
258 455
424 455
425 455
426 455
427 455
428 455
429 455
430 455
431 455
432 455
433 455
434 455
435 455
436 455
437 455
438 455
439 455
440 455
441 455
442 455
443 455
444 455
445 455
446 455
447 455
448 455
449 455
450 455
451 455
452 455
453 455
454 455
258 456
424 456
425 456
426 456
427 456
428 456
429 456
430 456
431 456
432 456
433 456
434 456
435 456
436 456
437 456
438 456
439 456
440 456
441 456
442 456
443 456
444 456
445 456
446 456
447 456
448 456
449 456
450 456
451 456
452 456
453 456
454 456
455 456
258 457
424 457
425 457
426 457
427 457
428 457
429 457
430 457
431 457
432 457
433 457
434 457
435 457
436 457
437 457
438 457
439 457
440 457
441 457
442 457
443 457
444 457
445 457
446 457
447 457
448 457
449 457
450 457
451 457
452 457
453 457
454 457
455 457
456 457
258 458
424 458
425 458
426 458
427 458
428 458
429 458
430 458
431 458
432 458
433 458
434 458
435 458
436 458
437 458
438 458
439 458
440 458
441 458
442 458
443 458
444 458
445 458
446 458
447 458
448 458
449 458
450 458
451 458
452 458
453 458
454 458
455 458
456 458
457 458
258 459
424 459
425 459
426 459
427 459
428 459
429 459
430 459
431 459
432 459
433 459
434 459
435 459
436 459
437 459
438 459
439 459
440 459
441 459
442 459
443 459
444 459
445 459
446 459
447 459
448 459
449 459
450 459
451 459
452 459
453 459
454 459
455 459
456 459
457 459
458 459
258 460
424 460
425 460
426 460
427 460
428 460
429 460
430 460
431 460
432 460
433 460
434 460
435 460
436 460
437 460
438 460
439 460
440 460
441 460
442 460
443 460
444 460
445 460
446 460
447 460
448 460
449 460
450 460
451 460
452 460
453 460
454 460
455 460
456 460
457 460
458 460
459 460
258 461
424 461
425 461
426 461
427 461
428 461
429 461
430 461
431 461
432 461
433 461
434 461
435 461
436 461
437 461
438 461
439 461
440 461
441 461
442 461
443 461
444 461
445 461
446 461
447 461
448 461
449 461
450 461
451 461
452 461
453 461
454 461
455 461
456 461
457 461
458 461
459 461
460 461
258 462
424 462
425 462
426 462
427 462
428 462
429 462
430 462
431 462
432 462
433 462
434 462
435 462
436 462
437 462
438 462
439 462
440 462
441 462
442 462
443 462
444 462
445 462
446 462
447 462
448 462
449 462
450 462
451 462
452 462
453 462
454 462
455 462
456 462
457 462
458 462
459 462
460 462
461 462
258 463
424 463
425 463
426 463
427 463
428 463
429 463
430 463
431 463
432 463
433 463
434 463
435 463
436 463
437 463
438 463
439 463
440 463
441 463
442 463
443 463
444 463
445 463
446 463
447 463
448 463
449 463
450 463
451 463
452 463
453 463
454 463
455 463
456 463
457 463
458 463
459 463
460 463
461 463
462 463
258 464
424 464
425 464
426 464
427 464
428 464
429 464
430 464
431 464
432 464
433 464
434 464
435 464
436 464
437 464
438 464
439 464
440 464
441 464
442 464
443 464
444 464
445 464
446 464
447 464
448 464
449 464
450 464
451 464
452 464
453 464
454 464
455 464
456 464
457 464
458 464
459 464
460 464
461 464
462 464
463 464
258 465
424 465
425 465
426 465
427 465
428 465
429 465
430 465
431 465
432 465
433 465
434 465
435 465
436 465
437 465
438 465
439 465
440 465
441 465
442 465
443 465
444 465
445 465
446 465
447 465
448 465
449 465
450 465
451 465
452 465
453 465
454 465
455 465
456 465
457 465
458 465
459 465
460 465
461 465
462 465
463 465
464 465
258 466
424 466
425 466
426 466
427 466
428 466
429 466
430 466
431 466
432 466
433 466
434 466
435 466
436 466
437 466
438 466
439 466
440 466
441 466
442 466
443 466
444 466
445 466
446 466
447 466
448 466
449 466
450 466
451 466
452 466
453 466
454 466
455 466
456 466
457 466
458 466
459 466
460 466
461 466
462 466
463 466
464 466
465 466
258 467
424 467
425 467
426 467
427 467
428 467
429 467
430 467
431 467
432 467
433 467
434 467
435 467
436 467
437 467
438 467
439 467
440 467
441 467
442 467
443 467
444 467
445 467
446 467
447 467
448 467
449 467
450 467
451 467
452 467
453 467
454 467
455 467
456 467
457 467
458 467
459 467
460 467
461 467
462 467
463 467
464 467
465 467
466 467
258 468
424 468
425 468
426 468
427 468
428 468
429 468
430 468
431 468
432 468
433 468
434 468
435 468
436 468
437 468
438 468
439 468
440 468
441 468
442 468
443 468
444 468
445 468
446 468
447 468
448 468
449 468
450 468
451 468
452 468
453 468
454 468
455 468
456 468
457 468
458 468
459 468
460 468
461 468
462 468
463 468
464 468
465 468
466 468
467 468
258 469
424 469
425 469
426 469
427 469
428 469
429 469
430 469
431 469
432 469
433 469
434 469
435 469
436 469
437 469
438 469
439 469
440 469
441 469
442 469
443 469
444 469
445 469
446 469
447 469
448 469
449 469
450 469
451 469
452 469
453 469
454 469
455 469
456 469
457 469
458 469
459 469
460 469
461 469
462 469
463 469
464 469
465 469
466 469
467 469
468 469
258 470
424 470
425 470
426 470
427 470
428 470
429 470
430 470
431 470
432 470
433 470
434 470
435 470
436 470
437 470
438 470
439 470
440 470
441 470
442 470
443 470
444 470
445 470
446 470
447 470
448 470
449 470
450 470
451 470
452 470
453 470
454 470
455 470
456 470
457 470
458 470
459 470
460 470
461 470
462 470
463 470
464 470
465 470
466 470
467 470
468 470
469 470
258 471
424 471
425 471
426 471
427 471
428 471
429 471
430 471
431 471
432 471
433 471
434 471
435 471
436 471
437 471
438 471
439 471
440 471
441 471
442 471
443 471
444 471
445 471
446 471
447 471
448 471
449 471
450 471
451 471
452 471
453 471
454 471
455 471
456 471
457 471
458 471
459 471
460 471
461 471
462 471
463 471
464 471
465 471
466 471
467 471
468 471
469 471
470 471
258 472
424 472
425 472
426 472
427 472
428 472
429 472
430 472
431 472
432 472
433 472
434 472
435 472
436 472
437 472
438 472
439 472
440 472
441 472
442 472
443 472
444 472
445 472
446 472
447 472
448 472
449 472
450 472
451 472
452 472
453 472
454 472
455 472
456 472
457 472
458 472
459 472
460 472
461 472
462 472
463 472
464 472
465 472
466 472
467 472
468 472
469 472
470 472
471 472
258 473
424 473
425 473
426 473
427 473
428 473
429 473
430 473
431 473
432 473
433 473
434 473
435 473
436 473
437 473
438 473
439 473
440 473
441 473
442 473
443 473
444 473
445 473
446 473
447 473
448 473
449 473
450 473
451 473
452 473
453 473
454 473
455 473
456 473
457 473
458 473
459 473
460 473
461 473
462 473
463 473
464 473
465 473
466 473
467 473
468 473
469 473
470 473
471 473
472 473
258 474
424 474
425 474
426 474
427 474
428 474
429 474
430 474
431 474
432 474
433 474
434 474
435 474
436 474
437 474
438 474
439 474
440 474
441 474
442 474
443 474
444 474
445 474
446 474
447 474
448 474
449 474
450 474
451 474
452 474
453 474
454 474
455 474
456 474
457 474
458 474
459 474
460 474
461 474
462 474
463 474
464 474
465 474
466 474
467 474
468 474
469 474
470 474
471 474
472 474
473 474
258 475
424 475
425 475
426 475
427 475
428 475
429 475
430 475
431 475
432 475
433 475
434 475
435 475
436 475
437 475
438 475
439 475
440 475
441 475
442 475
443 475
444 475
445 475
446 475
447 475
448 475
449 475
450 475
451 475
452 475
453 475
454 475
455 475
456 475
457 475
458 475
459 475
460 475
461 475
462 475
463 475
464 475
465 475
466 475
467 475
468 475
469 475
470 475
471 475
472 475
473 475
474 475
258 476
424 476
425 476
426 476
427 476
428 476
429 476
430 476
431 476
432 476
433 476
434 476
435 476
436 476
437 476
438 476
439 476
440 476
441 476
442 476
443 476
444 476
445 476
446 476
447 476
448 476
449 476
450 476
451 476
452 476
453 476
454 476
455 476
456 476
457 476
458 476
459 476
460 476
461 476
462 476
463 476
464 476
465 476
466 476
467 476
468 476
469 476
470 476
471 476
472 476
473 476
474 476
475 476
258 477
424 477
425 477
426 477
427 477
428 477
429 477
430 477
431 477
432 477
433 477
434 477
435 477
436 477
437 477
438 477
439 477
440 477
441 477
442 477
443 477
444 477
445 477
446 477
447 477
448 477
449 477
450 477
451 477
452 477
453 477
454 477
455 477
456 477
457 477
458 477
459 477
460 477
461 477
462 477
463 477
464 477
465 477
466 477
467 477
468 477
469 477
470 477
471 477
472 477
473 477
474 477
475 477
476 477
258 478
424 478
425 478
426 478
427 478
428 478
429 478
430 478
431 478
432 478
433 478
434 478
435 478
436 478
437 478
438 478
439 478
440 478
441 478
442 478
443 478
444 478
445 478
446 478
447 478
448 478
449 478
450 478
451 478
452 478
453 478
454 478
455 478
456 478
457 478
458 478
459 478
460 478
461 478
462 478
463 478
464 478
465 478
466 478
467 478
468 478
469 478
470 478
471 478
472 478
473 478
474 478
475 478
476 478
477 478
258 479
424 479
425 479
426 479
427 479
428 479
429 479
430 479
431 479
432 479
433 479
434 479
435 479
436 479
437 479
438 479
439 479
440 479
441 479
442 479
443 479
444 479
445 479
446 479
447 479
448 479
449 479
450 479
451 479
452 479
453 479
454 479
455 479
456 479
457 479
458 479
459 479
460 479
461 479
462 479
463 479
464 479
465 479
466 479
467 479
468 479
469 479
470 479
471 479
472 479
473 479
474 479
475 479
476 479
477 479
478 479
258 480
424 480
425 480
426 480
427 480
428 480
429 480
430 480
431 480
432 480
433 480
434 480
435 480
436 480
437 480
438 480
439 480
440 480
441 480
442 480
443 480
444 480
445 480
446 480
447 480
448 480
449 480
450 480
451 480
452 480
453 480
454 480
455 480
456 480
457 480
458 480
459 480
460 480
461 480
462 480
463 480
464 480
465 480
466 480
467 480
468 480
469 480
470 480
471 480
472 480
473 480
474 480
475 480
476 480
477 480
478 480
479 480
258 481
424 481
425 481
426 481
427 481
428 481
429 481
430 481
431 481
432 481
433 481
434 481
435 481
436 481
437 481
438 481
439 481
440 481
441 481
442 481
443 481
444 481
445 481
446 481
447 481
448 481
449 481
450 481
451 481
452 481
453 481
454 481
455 481
456 481
457 481
458 481
459 481
460 481
461 481
462 481
463 481
464 481
465 481
466 481
467 481
468 481
469 481
470 481
471 481
472 481
473 481
474 481
475 481
476 481
477 481
478 481
479 481
480 481
258 482
424 482
425 482
426 482
427 482
428 482
429 482
430 482
431 482
432 482
433 482
434 482
435 482
436 482
437 482
438 482
439 482
440 482
441 482
442 482
443 482
444 482
445 482
446 482
447 482
448 482
449 482
450 482
451 482
452 482
453 482
454 482
455 482
456 482
457 482
458 482
459 482
460 482
461 482
462 482
463 482
464 482
465 482
466 482
467 482
468 482
469 482
470 482
471 482
472 482
473 482
474 482
475 482
476 482
477 482
478 482
479 482
480 482
481 482
258 483
424 483
425 483
426 483
427 483
428 483
429 483
430 483
431 483
432 483
433 483
434 483
435 483
436 483
437 483
438 483
439 483
440 483
441 483
442 483
443 483
444 483
445 483
446 483
447 483
448 483
449 483
450 483
451 483
452 483
453 483
454 483
455 483
456 483
457 483
458 483
459 483
460 483
461 483
462 483
463 483
464 483
465 483
466 483
467 483
468 483
469 483
470 483
471 483
472 483
473 483
474 483
475 483
476 483
477 483
478 483
479 483
480 483
481 483
482 483
258 484
424 484
425 484
426 484
427 484
428 484
429 484
430 484
431 484
432 484
433 484
434 484
435 484
436 484
437 484
438 484
439 484
440 484
441 484
442 484
443 484
444 484
445 484
446 484
447 484
448 484
449 484
450 484
451 484
452 484
453 484
454 484
455 484
456 484
457 484
458 484
459 484
460 484
461 484
462 484
463 484
464 484
465 484
466 484
467 484
468 484
469 484
470 484
471 484
472 484
473 484
474 484
475 484
476 484
477 484
478 484
479 484
480 484
481 484
482 484
483 484
258 485
424 485
425 485
426 485
427 485
428 485
429 485
430 485
431 485
432 485
433 485
434 485
435 485
436 485
437 485
438 485
439 485
440 485
441 485
442 485
443 485
444 485
445 485
446 485
447 485
448 485
449 485
450 485
451 485
452 485
453 485
454 485
455 485
456 485
457 485
458 485
459 485
460 485
461 485
462 485
463 485
464 485
465 485
466 485
467 485
468 485
469 485
470 485
471 485
472 485
473 485
474 485
475 485
476 485
477 485
478 485
479 485
480 485
481 485
482 485
483 485
484 485
258 486
424 486
425 486
426 486
427 486
428 486
429 486
430 486
431 486
432 486
433 486
434 486
435 486
436 486
437 486
438 486
439 486
440 486
441 486
442 486
443 486
444 486
445 486
446 486
447 486
448 486
449 486
450 486
451 486
452 486
453 486
454 486
455 486
456 486
457 486
458 486
459 486
460 486
461 486
462 486
463 486
464 486
465 486
466 486
467 486
468 486
469 486
470 486
471 486
472 486
473 486
474 486
475 486
476 486
477 486
478 486
479 486
480 486
481 486
482 486
483 486
484 486
485 486
258 487
424 487
425 487
426 487
427 487
428 487
429 487
430 487
431 487
432 487
433 487
434 487
435 487
436 487
437 487
438 487
439 487
440 487
441 487
442 487
443 487
444 487
445 487
446 487
447 487
448 487
449 487
450 487
451 487
452 487
453 487
454 487
455 487
456 487
457 487
458 487
459 487
460 487
461 487
462 487
463 487
464 487
465 487
466 487
467 487
468 487
469 487
470 487
471 487
472 487
473 487
474 487
475 487
476 487
477 487
478 487
479 487
480 487
481 487
482 487
483 487
484 487
485 487
486 487
258 488
424 488
425 488
426 488
427 488
428 488
429 488
430 488
431 488
432 488
433 488
434 488
435 488
436 488
437 488
438 488
439 488
440 488
441 488
442 488
443 488
444 488
445 488
446 488
447 488
448 488
449 488
450 488
451 488
452 488
453 488
454 488
455 488
456 488
457 488
458 488
459 488
460 488
461 488
462 488
463 488
464 488
465 488
466 488
467 488
468 488
469 488
470 488
471 488
472 488
473 488
474 488
475 488
476 488
477 488
478 488
479 488
480 488
481 488
482 488
483 488
484 488
485 488
486 488
487 488
258 489
424 489
425 489
426 489
427 489
428 489
429 489
430 489
431 489
432 489
433 489
434 489
435 489
436 489
437 489
438 489
439 489
440 489
441 489
442 489
443 489
444 489
445 489
446 489
447 489
448 489
449 489
450 489
451 489
452 489
453 489
454 489
455 489
456 489
457 489
458 489
459 489
460 489
461 489
462 489
463 489
464 489
465 489
466 489
467 489
468 489
469 489
470 489
471 489
472 489
473 489
474 489
475 489
476 489
477 489
478 489
479 489
480 489
481 489
482 489
483 489
484 489
485 489
486 489
487 489
488 489
258 490
424 490
425 490
426 490
427 490
428 490
429 490
430 490
431 490
432 490
433 490
434 490
435 490
436 490
437 490
438 490
439 490
440 490
441 490
442 490
443 490
444 490
445 490
446 490
447 490
448 490
449 490
450 490
451 490
452 490
453 490
454 490
455 490
456 490
457 490
458 490
459 490
460 490
461 490
462 490
463 490
464 490
465 490
466 490
467 490
468 490
469 490
470 490
471 490
472 490
473 490
474 490
475 490
476 490
477 490
478 490
479 490
480 490
481 490
482 490
483 490
484 490
485 490
486 490
487 490
488 490
489 490
258 491
424 491
425 491
426 491
427 491
428 491
429 491
430 491
431 491
432 491
433 491
434 491
435 491
436 491
437 491
438 491
439 491
440 491
441 491
442 491
443 491
444 491
445 491
446 491
447 491
448 491
449 491
450 491
451 491
452 491
453 491
454 491
455 491
456 491
457 491
458 491
459 491
460 491
461 491
462 491
463 491
464 491
465 491
466 491
467 491
468 491
469 491
470 491
471 491
472 491
473 491
474 491
475 491
476 491
477 491
478 491
479 491
480 491
481 491
482 491
483 491
484 491
485 491
486 491
487 491
488 491
489 491
490 491
258 492
424 492
425 492
426 492
427 492
428 492
429 492
430 492
431 492
432 492
433 492
434 492
435 492
436 492
437 492
438 492
439 492
440 492
441 492
442 492
443 492
444 492
445 492
446 492
447 492
448 492
449 492
450 492
451 492
452 492
453 492
454 492
455 492
456 492
457 492
458 492
459 492
460 492
461 492
462 492
463 492
464 492
465 492
466 492
467 492
468 492
469 492
470 492
471 492
472 492
473 492
474 492
475 492
476 492
477 492
478 492
479 492
480 492
481 492
482 492
483 492
484 492
485 492
486 492
487 492
488 492
489 492
490 492
491 492
258 493
424 493
425 493
426 493
427 493
428 493
429 493
430 493
431 493
432 493
433 493
434 493
435 493
436 493
437 493
438 493
439 493
440 493
441 493
442 493
443 493
444 493
445 493
446 493
447 493
448 493
449 493
450 493
451 493
452 493
453 493
454 493
455 493
456 493
457 493
458 493
459 493
460 493
461 493
462 493
463 493
464 493
465 493
466 493
467 493
468 493
469 493
470 493
471 493
472 493
473 493
474 493
475 493
476 493
477 493
478 493
479 493
480 493
481 493
482 493
483 493
484 493
485 493
486 493
487 493
488 493
489 493
490 493
491 493
492 493
258 494
424 494
425 494
426 494
427 494
428 494
429 494
430 494
431 494
432 494
433 494
434 494
435 494
436 494
437 494
438 494
439 494
440 494
441 494
442 494
443 494
444 494
445 494
446 494
447 494
448 494
449 494
450 494
451 494
452 494
453 494
454 494
455 494
456 494
457 494
458 494
459 494
460 494
461 494
462 494
463 494
464 494
465 494
466 494
467 494
468 494
469 494
470 494
471 494
472 494
473 494
474 494
475 494
476 494
477 494
478 494
479 494
480 494
481 494
482 494
483 494
484 494
485 494
486 494
487 494
488 494
489 494
490 494
491 494
492 494
493 494
258 495
424 495
425 495
426 495
427 495
428 495
429 495
430 495
431 495
432 495
433 495
434 495
435 495
436 495
437 495
438 495
439 495
440 495
441 495
442 495
443 495
444 495
445 495
446 495
447 495
448 495
449 495
450 495
451 495
452 495
453 495
454 495
455 495
456 495
457 495
458 495
459 495
460 495
461 495
462 495
463 495
464 495
465 495
466 495
467 495
468 495
469 495
470 495
471 495
472 495
473 495
474 495
475 495
476 495
477 495
478 495
479 495
480 495
481 495
482 495
483 495
484 495
485 495
486 495
487 495
488 495
489 495
490 495
491 495
492 495
493 495
494 495
258 496
424 496
425 496
426 496
427 496
428 496
429 496
430 496
431 496
432 496
433 496
434 496
435 496
436 496
437 496
438 496
439 496
440 496
441 496
442 496
443 496
444 496
445 496
446 496
447 496
448 496
449 496
450 496
451 496
452 496
453 496
454 496
455 496
456 496
457 496
458 496
459 496
460 496
461 496
462 496
463 496
464 496
465 496
466 496
467 496
468 496
469 496
470 496
471 496
472 496
473 496
474 496
475 496
476 496
477 496
478 496
479 496
480 496
481 496
482 496
483 496
484 496
485 496
486 496
487 496
488 496
489 496
490 496
491 496
492 496
493 496
494 496
495 496
258 497
424 497
425 497
426 497
427 497
428 497
429 497
430 497
431 497
432 497
433 497
434 497
435 497
436 497
437 497
438 497
439 497
440 497
441 497
442 497
443 497
444 497
445 497
446 497
447 497
448 497
449 497
450 497
451 497
452 497
453 497
454 497
455 497
456 497
457 497
458 497
459 497
460 497
461 497
462 497
463 497
464 497
465 497
466 497
467 497
468 497
469 497
470 497
471 497
472 497
473 497
474 497
475 497
476 497
477 497
478 497
479 497
480 497
481 497
482 497
483 497
484 497
485 497
486 497
487 497
488 497
489 497
490 497
491 497
492 497
493 497
494 497
495 497
496 497
258 498
424 498
425 498
426 498
427 498
428 498
429 498
430 498
431 498
432 498
433 498
434 498
435 498
436 498
437 498
438 498
439 498
440 498
441 498
442 498
443 498
444 498
445 498
446 498
447 498
448 498
449 498
450 498
451 498
452 498
453 498
454 498
455 498
456 498
457 498
458 498
459 498
460 498
461 498
462 498
463 498
464 498
465 498
466 498
467 498
468 498
469 498
470 498
471 498
472 498
473 498
474 498
475 498
476 498
477 498
478 498
479 498
480 498
481 498
482 498
483 498
484 498
485 498
486 498
487 498
488 498
489 498
490 498
491 498
492 498
493 498
494 498
495 498
496 498
497 498
258 499
424 499
425 499
426 499
427 499
428 499
429 499
430 499
431 499
432 499
433 499
434 499
435 499
436 499
437 499
438 499
439 499
440 499
441 499
442 499
443 499
444 499
445 499
446 499
447 499
448 499
449 499
450 499
451 499
452 499
453 499
454 499
455 499
456 499
457 499
458 499
459 499
460 499
461 499
462 499
463 499
464 499
465 499
466 499
467 499
468 499
469 499
470 499
471 499
472 499
473 499
474 499
475 499
476 499
477 499
478 499
479 499
480 499
481 499
482 499
483 499
484 499
485 499
486 499
487 499
488 499
489 499
490 499
491 499
492 499
493 499
494 499
495 499
496 499
497 499
498 499
258 500
424 500
425 500
426 500
427 500
428 500
429 500
430 500
431 500
432 500
433 500
434 500
435 500
436 500
437 500
438 500
439 500
440 500
441 500
442 500
443 500
444 500
445 500
446 500
447 500
448 500
449 500
450 500
451 500
452 500
453 500
454 500
455 500
456 500
457 500
458 500
459 500
460 500
461 500
462 500
463 500
464 500
465 500
466 500
467 500
468 500
469 500
470 500
471 500
472 500
473 500
474 500
475 500
476 500
477 500
478 500
479 500
480 500
481 500
482 500
483 500
484 500
485 500
486 500
487 500
488 500
489 500
490 500
491 500
492 500
493 500
494 500
495 500
496 500
497 500
498 500
499 500
258 501
424 501
425 501
426 501
427 501
428 501
429 501
430 501
431 501
432 501
433 501
434 501
435 501
436 501
437 501
438 501
439 501
440 501
441 501
442 501
443 501
444 501
445 501
446 501
447 501
448 501
449 501
450 501
451 501
452 501
453 501
454 501
455 501
456 501
457 501
458 501
459 501
460 501
461 501
462 501
463 501
464 501
465 501
466 501
467 501
468 501
469 501
470 501
471 501
472 501
473 501
474 501
475 501
476 501
477 501
478 501
479 501
480 501
481 501
482 501
483 501
484 501
485 501
486 501
487 501
488 501
489 501
490 501
491 501
492 501
493 501
494 501
495 501
496 501
497 501
498 501
499 501
500 501
258 502
424 502
425 502
426 502
427 502
428 502
429 502
430 502
431 502
432 502
433 502
434 502
435 502
436 502
437 502
438 502
439 502
440 502
441 502
442 502
443 502
444 502
445 502
446 502
447 502
448 502
449 502
450 502
451 502
452 502
453 502
454 502
455 502
456 502
457 502
458 502
459 502
460 502
461 502
462 502
463 502
464 502
465 502
466 502
467 502
468 502
469 502
470 502
471 502
472 502
473 502
474 502
475 502
476 502
477 502
478 502
479 502
480 502
481 502
482 502
483 502
484 502
485 502
486 502
487 502
488 502
489 502
490 502
491 502
492 502
493 502
494 502
495 502
496 502
497 502
498 502
499 502
500 502
501 502
258 503
424 503
425 503
426 503
427 503
428 503
429 503
430 503
431 503
432 503
433 503
434 503
435 503
436 503
437 503
438 503
439 503
440 503
441 503
442 503
443 503
444 503
445 503
446 503
447 503
448 503
449 503
450 503
451 503
452 503
453 503
454 503
455 503
456 503
457 503
458 503
459 503
460 503
461 503
462 503
463 503
464 503
465 503
466 503
467 503
468 503
469 503
470 503
471 503
472 503
473 503
474 503
475 503
476 503
477 503
478 503
479 503
480 503
481 503
482 503
483 503
484 503
485 503
486 503
487 503
488 503
489 503
490 503
491 503
492 503
493 503
494 503
495 503
496 503
497 503
498 503
499 503
500 503
501 503
502 503
258 504
424 504
425 504
426 504
427 504
428 504
429 504
430 504
431 504
432 504
433 504
434 504
435 504
436 504
437 504
438 504
439 504
440 504
441 504
442 504
443 504
444 504
445 504
446 504
447 504
448 504
449 504
450 504
451 504
452 504
453 504
454 504
455 504
456 504
457 504
458 504
459 504
460 504
461 504
462 504
463 504
464 504
465 504
466 504
467 504
468 504
469 504
470 504
471 504
472 504
473 504
474 504
475 504
476 504
477 504
478 504
479 504
480 504
481 504
482 504
483 504
484 504
485 504
486 504
487 504
488 504
489 504
490 504
491 504
492 504
493 504
494 504
495 504
496 504
497 504
498 504
499 504
500 504
501 504
502 504
503 504
258 505
424 505
425 505
426 505
427 505
428 505
429 505
430 505
431 505
432 505
433 505
434 505
435 505
436 505
437 505
438 505
439 505
440 505
441 505
442 505
443 505
444 505
445 505
446 505
447 505
448 505
449 505
450 505
451 505
452 505
453 505
454 505
455 505
456 505
457 505
458 505
459 505
460 505
461 505
462 505
463 505
464 505
465 505
466 505
467 505
468 505
469 505
470 505
471 505
472 505
473 505
474 505
475 505
476 505
477 505
478 505
479 505
480 505
481 505
482 505
483 505
484 505
485 505
486 505
487 505
488 505
489 505
490 505
491 505
492 505
493 505
494 505
495 505
496 505
497 505
498 505
499 505
500 505
501 505
502 505
503 505
504 505
258 506
424 506
425 506
426 506
427 506
428 506
429 506
430 506
431 506
432 506
433 506
434 506
435 506
436 506
437 506
438 506
439 506
440 506
441 506
442 506
443 506
444 506
445 506
446 506
447 506
448 506
449 506
450 506
451 506
452 506
453 506
454 506
455 506
456 506
457 506
458 506
459 506
460 506
461 506
462 506
463 506
464 506
465 506
466 506
467 506
468 506
469 506
470 506
471 506
472 506
473 506
474 506
475 506
476 506
477 506
478 506
479 506
480 506
481 506
482 506
483 506
484 506
485 506
486 506
487 506
488 506
489 506
490 506
491 506
492 506
493 506
494 506
495 506
496 506
497 506
498 506
499 506
500 506
501 506
502 506
503 506
504 506
505 506
258 507
424 507
425 507
426 507
427 507
428 507
429 507
430 507
431 507
432 507
433 507
434 507
435 507
436 507
437 507
438 507
439 507
440 507
441 507
442 507
443 507
444 507
445 507
446 507
447 507
448 507
449 507
450 507
451 507
452 507
453 507
454 507
455 507
456 507
457 507
458 507
459 507
460 507
461 507
462 507
463 507
464 507
465 507
466 507
467 507
468 507
469 507
470 507
471 507
472 507
473 507
474 507
475 507
476 507
477 507
478 507
479 507
480 507
481 507
482 507
483 507
484 507
485 507
486 507
487 507
488 507
489 507
490 507
491 507
492 507
493 507
494 507
495 507
496 507
497 507
498 507
499 507
500 507
501 507
502 507
503 507
504 507
505 507
506 507
258 508
424 508
425 508
426 508
427 508
428 508
429 508
430 508
431 508
432 508
433 508
434 508
435 508
436 508
437 508
438 508
439 508
440 508
441 508
442 508
443 508
444 508
445 508
446 508
447 508
448 508
449 508
450 508
451 508
452 508
453 508
454 508
455 508
456 508
457 508
458 508
459 508
460 508
461 508
462 508
463 508
464 508
465 508
466 508
467 508
468 508
469 508
470 508
471 508
472 508
473 508
474 508
475 508
476 508
477 508
478 508
479 508
480 508
481 508
482 508
483 508
484 508
485 508
486 508
487 508
488 508
489 508
490 508
491 508
492 508
493 508
494 508
495 508
496 508
497 508
498 508
499 508
500 508
501 508
502 508
503 508
504 508
505 508
506 508
507 508
258 509
424 509
425 509
426 509
427 509
428 509
429 509
430 509
431 509
432 509
433 509
434 509
435 509
436 509
437 509
438 509
439 509
440 509
441 509
442 509
443 509
444 509
445 509
446 509
447 509
448 509
449 509
450 509
451 509
452 509
453 509
454 509
455 509
456 509
457 509
458 509
459 509
460 509
461 509
462 509
463 509
464 509
465 509
466 509
467 509
468 509
469 509
470 509
471 509
472 509
473 509
474 509
475 509
476 509
477 509
478 509
479 509
480 509
481 509
482 509
483 509
484 509
485 509
486 509
487 509
488 509
489 509
490 509
491 509
492 509
493 509
494 509
495 509
496 509
497 509
498 509
499 509
500 509
501 509
502 509
503 509
504 509
505 509
506 509
507 509
508 509
258 510
424 510
425 510
426 510
427 510
428 510
429 510
430 510
431 510
432 510
433 510
434 510
435 510
436 510
437 510
438 510
439 510
440 510
441 510
442 510
443 510
444 510
445 510
446 510
447 510
448 510
449 510
450 510
451 510
452 510
453 510
454 510
455 510
456 510
457 510
458 510
459 510
460 510
461 510
462 510
463 510
464 510
465 510
466 510
467 510
468 510
469 510
470 510
471 510
472 510
473 510
474 510
475 510
476 510
477 510
478 510
479 510
480 510
481 510
482 510
483 510
484 510
485 510
486 510
487 510
488 510
489 510
490 510
491 510
492 510
493 510
494 510
495 510
496 510
497 510
498 510
499 510
500 510
501 510
502 510
503 510
504 510
505 510
506 510
507 510
508 510
509 510
258 511
424 511
425 511
426 511
427 511
428 511
429 511
430 511
431 511
432 511
433 511
434 511
435 511
436 511
437 511
438 511
439 511
440 511
441 511
442 511
443 511
444 511
445 511
446 511
447 511
448 511
449 511
450 511
451 511
452 511
453 511
454 511
455 511
456 511
457 511
458 511
459 511
460 511
461 511
462 511
463 511
464 511
465 511
466 511
467 511
468 511
469 511
470 511
471 511
472 511
473 511
474 511
475 511
476 511
477 511
478 511
479 511
480 511
481 511
482 511
483 511
484 511
485 511
486 511
487 511
488 511
489 511
490 511
491 511
492 511
493 511
494 511
495 511
496 511
497 511
498 511
499 511
500 511
501 511
502 511
503 511
504 511
505 511
506 511
507 511
508 511
509 511
510 511
258 512
424 512
425 512
426 512
427 512
428 512
429 512
430 512
431 512
432 512
433 512
434 512
435 512
436 512
437 512
438 512
439 512
440 512
441 512
442 512
443 512
444 512
445 512
446 512
447 512
448 512
449 512
450 512
451 512
452 512
453 512
454 512
455 512
456 512
457 512
458 512
459 512
460 512
461 512
462 512
463 512
464 512
465 512
466 512
467 512
468 512
469 512
470 512
471 512
472 512
473 512
474 512
475 512
476 512
477 512
478 512
479 512
480 512
481 512
482 512
483 512
484 512
485 512
486 512
487 512
488 512
489 512
490 512
491 512
492 512
493 512
494 512
495 512
496 512
497 512
498 512
499 512
500 512
501 512
502 512
503 512
504 512
505 512
506 512
507 512
508 512
509 512
510 512
511 512
258 513
424 513
425 513
426 513
427 513
428 513
429 513
430 513
431 513
432 513
433 513
434 513
435 513
436 513
437 513
438 513
439 513
440 513
441 513
442 513
443 513
444 513
445 513
446 513
447 513
448 513
449 513
450 513
451 513
452 513
453 513
454 513
455 513
456 513
457 513
458 513
459 513
460 513
461 513
462 513
463 513
464 513
465 513
466 513
467 513
468 513
469 513
470 513
471 513
472 513
473 513
474 513
475 513
476 513
477 513
478 513
479 513
480 513
481 513
482 513
483 513
484 513
485 513
486 513
487 513
488 513
489 513
490 513
491 513
492 513
493 513
494 513
495 513
496 513
497 513
498 513
499 513
500 513
501 513
502 513
503 513
504 513
505 513
506 513
507 513
508 513
509 513
510 513
511 513
512 513
258 514
424 514
425 514
426 514
427 514
428 514
429 514
430 514
431 514
432 514
433 514
434 514
435 514
436 514
437 514
438 514
439 514
440 514
441 514
442 514
443 514
444 514
445 514
446 514
447 514
448 514
449 514
450 514
451 514
452 514
453 514
454 514
455 514
456 514
457 514
458 514
459 514
460 514
461 514
462 514
463 514
464 514
465 514
466 514
467 514
468 514
469 514
470 514
471 514
472 514
473 514
474 514
475 514
476 514
477 514
478 514
479 514
480 514
481 514
482 514
483 514
484 514
485 514
486 514
487 514
488 514
489 514
490 514
491 514
492 514
493 514
494 514
495 514
496 514
497 514
498 514
499 514
500 514
501 514
502 514
503 514
504 514
505 514
506 514
507 514
508 514
509 514
510 514
511 514
512 514
513 514
258 515
424 515
425 515
426 515
427 515
428 515
429 515
430 515
431 515
432 515
433 515
434 515
435 515
436 515
437 515
438 515
439 515
440 515
441 515
442 515
443 515
444 515
445 515
446 515
447 515
448 515
449 515
450 515
451 515
452 515
453 515
454 515
455 515
456 515
457 515
458 515
459 515
460 515
461 515
462 515
463 515
464 515
465 515
466 515
467 515
468 515
469 515
470 515
471 515
472 515
473 515
474 515
475 515
476 515
477 515
478 515
479 515
480 515
481 515
482 515
483 515
484 515
485 515
486 515
487 515
488 515
489 515
490 515
491 515
492 515
493 515
494 515
495 515
496 515
497 515
498 515
499 515
500 515
501 515
502 515
503 515
504 515
505 515
506 515
507 515
508 515
509 515
510 515
511 515
512 515
513 515
514 515
258 516
424 516
425 516
426 516
427 516
428 516
429 516
430 516
431 516
432 516
433 516
434 516
435 516
436 516
437 516
438 516
439 516
440 516
441 516
442 516
443 516
444 516
445 516
446 516
447 516
448 516
449 516
450 516
451 516
452 516
453 516
454 516
455 516
456 516
457 516
458 516
459 516
460 516
461 516
462 516
463 516
464 516
465 516
466 516
467 516
468 516
469 516
470 516
471 516
472 516
473 516
474 516
475 516
476 516
477 516
478 516
479 516
480 516
481 516
482 516
483 516
484 516
485 516
486 516
487 516
488 516
489 516
490 516
491 516
492 516
493 516
494 516
495 516
496 516
497 516
498 516
499 516
500 516
501 516
502 516
503 516
504 516
505 516
506 516
507 516
508 516
509 516
510 516
511 516
512 516
513 516
514 516
515 516
258 517
424 517
425 517
426 517
427 517
428 517
429 517
430 517
431 517
432 517
433 517
434 517
435 517
436 517
437 517
438 517
439 517
440 517
441 517
442 517
443 517
444 517
445 517
446 517
447 517
448 517
449 517
450 517
451 517
452 517
453 517
454 517
455 517
456 517
457 517
458 517
459 517
460 517
461 517
462 517
463 517
464 517
465 517
466 517
467 517
468 517
469 517
470 517
471 517
472 517
473 517
474 517
475 517
476 517
477 517
478 517
479 517
480 517
481 517
482 517
483 517
484 517
485 517
486 517
487 517
488 517
489 517
490 517
491 517
492 517
493 517
494 517
495 517
496 517
497 517
498 517
499 517
500 517
501 517
502 517
503 517
504 517
505 517
506 517
507 517
508 517
509 517
510 517
511 517
512 517
513 517
514 517
515 517
516 517
258 518
424 518
425 518
426 518
427 518
428 518
429 518
430 518
431 518
432 518
433 518
434 518
435 518
436 518
437 518
438 518
439 518
440 518
441 518
442 518
443 518
444 518
445 518
446 518
447 518
448 518
449 518
450 518
451 518
452 518
453 518
454 518
455 518
456 518
457 518
458 518
459 518
460 518
461 518
462 518
463 518
464 518
465 518
466 518
467 518
468 518
469 518
470 518
471 518
472 518
473 518
474 518
475 518
476 518
477 518
478 518
479 518
480 518
481 518
482 518
483 518
484 518
485 518
486 518
487 518
488 518
489 518
490 518
491 518
492 518
493 518
494 518
495 518
496 518
497 518
498 518
499 518
500 518
501 518
502 518
503 518
504 518
505 518
506 518
507 518
508 518
509 518
510 518
511 518
512 518
513 518
514 518
515 518
516 518
517 518
258 519
424 519
425 519
426 519
427 519
428 519
429 519
430 519
431 519
432 519
433 519
434 519
435 519
436 519
437 519
438 519
439 519
440 519
441 519
442 519
443 519
444 519
445 519
446 519
447 519
448 519
449 519
450 519
451 519
452 519
453 519
454 519
455 519
456 519
457 519
458 519
459 519
460 519
461 519
462 519
463 519
464 519
465 519
466 519
467 519
468 519
469 519
470 519
471 519
472 519
473 519
474 519
475 519
476 519
477 519
478 519
479 519
480 519
481 519
482 519
483 519
484 519
485 519
486 519
487 519
488 519
489 519
490 519
491 519
492 519
493 519
494 519
495 519
496 519
497 519
498 519
499 519
500 519
501 519
502 519
503 519
504 519
505 519
506 519
507 519
508 519
509 519
510 519
511 519
512 519
513 519
514 519
515 519
516 519
517 519
518 519
258 520
424 520
425 520
426 520
427 520
428 520
429 520
430 520
431 520
432 520
433 520
434 520
435 520
436 520
437 520
438 520
439 520
440 520
441 520
442 520
443 520
444 520
445 520
446 520
447 520
448 520
449 520
450 520
451 520
452 520
453 520
454 520
455 520
456 520
457 520
458 520
459 520
460 520
461 520
462 520
463 520
464 520
465 520
466 520
467 520
468 520
469 520
470 520
471 520
472 520
473 520
474 520
475 520
476 520
477 520
478 520
479 520
480 520
481 520
482 520
483 520
484 520
485 520
486 520
487 520
488 520
489 520
490 520
491 520
492 520
493 520
494 520
495 520
496 520
497 520
498 520
499 520
500 520
501 520
502 520
503 520
504 520
505 520
506 520
507 520
508 520
509 520
510 520
511 520
512 520
513 520
514 520
515 520
516 520
517 520
518 520
519 520
258 521
424 521
425 521
426 521
427 521
428 521
429 521
430 521
431 521
432 521
433 521
434 521
435 521
436 521
437 521
438 521
439 521
440 521
441 521
442 521
443 521
444 521
445 521
446 521
447 521
448 521
449 521
450 521
451 521
452 521
453 521
454 521
455 521
456 521
457 521
458 521
459 521
460 521
461 521
462 521
463 521
464 521
465 521
466 521
467 521
468 521
469 521
470 521
471 521
472 521
473 521
474 521
475 521
476 521
477 521
478 521
479 521
480 521
481 521
482 521
483 521
484 521
485 521
486 521
487 521
488 521
489 521
490 521
491 521
492 521
493 521
494 521
495 521
496 521
497 521
498 521
499 521
500 521
501 521
502 521
503 521
504 521
505 521
506 521
507 521
508 521
509 521
510 521
511 521
512 521
513 521
514 521
515 521
516 521
517 521
518 521
519 521
520 521
258 522
424 522
425 522
426 522
427 522
428 522
429 522
430 522
431 522
432 522
433 522
434 522
435 522
436 522
437 522
438 522
439 522
440 522
441 522
442 522
443 522
444 522
445 522
446 522
447 522
448 522
449 522
450 522
451 522
452 522
453 522
454 522
455 522
456 522
457 522
458 522
459 522
460 522
461 522
462 522
463 522
464 522
465 522
466 522
467 522
468 522
469 522
470 522
471 522
472 522
473 522
474 522
475 522
476 522
477 522
478 522
479 522
480 522
481 522
482 522
483 522
484 522
485 522
486 522
487 522
488 522
489 522
490 522
491 522
492 522
493 522
494 522
495 522
496 522
497 522
498 522
499 522
500 522
501 522
502 522
503 522
504 522
505 522
506 522
507 522
508 522
509 522
510 522
511 522
512 522
513 522
514 522
515 522
516 522
517 522
518 522
519 522
520 522
521 522
258 523
424 523
425 523
426 523
427 523
428 523
429 523
430 523
431 523
432 523
433 523
434 523
435 523
436 523
437 523
438 523
439 523
440 523
441 523
442 523
443 523
444 523
445 523
446 523
447 523
448 523
449 523
450 523
451 523
452 523
453 523
454 523
455 523
456 523
457 523
458 523
459 523
460 523
461 523
462 523
463 523
464 523
465 523
466 523
467 523
468 523
469 523
470 523
471 523
472 523
473 523
474 523
475 523
476 523
477 523
478 523
479 523
480 523
481 523
482 523
483 523
484 523
485 523
486 523
487 523
488 523
489 523
490 523
491 523
492 523
493 523
494 523
495 523
496 523
497 523
498 523
499 523
500 523
501 523
502 523
503 523
504 523
505 523
506 523
507 523
508 523
509 523
510 523
511 523
512 523
513 523
514 523
515 523
516 523
517 523
518 523
519 523
520 523
521 523
522 523
258 524
424 524
425 524
426 524
427 524
428 524
429 524
430 524
431 524
432 524
433 524
434 524
435 524
436 524
437 524
438 524
439 524
440 524
441 524
442 524
443 524
444 524
445 524
446 524
447 524
448 524
449 524
450 524
451 524
452 524
453 524
454 524
455 524
456 524
457 524
458 524
459 524
460 524
461 524
462 524
463 524
464 524
465 524
466 524
467 524
468 524
469 524
470 524
471 524
472 524
473 524
474 524
475 524
476 524
477 524
478 524
479 524
480 524
481 524
482 524
483 524
484 524
485 524
486 524
487 524
488 524
489 524
490 524
491 524
492 524
493 524
494 524
495 524
496 524
497 524
498 524
499 524
500 524
501 524
502 524
503 524
504 524
505 524
506 524
507 524
508 524
509 524
510 524
511 524
512 524
513 524
514 524
515 524
516 524
517 524
518 524
519 524
520 524
521 524
522 524
523 524
258 525
424 525
425 525
426 525
427 525
428 525
429 525
430 525
431 525
432 525
433 525
434 525
435 525
436 525
437 525
438 525
439 525
440 525
441 525
442 525
443 525
444 525
445 525
446 525
447 525
448 525
449 525
450 525
451 525
452 525
453 525
454 525
455 525
456 525
457 525
458 525
459 525
460 525
461 525
462 525
463 525
464 525
465 525
466 525
467 525
468 525
469 525
470 525
471 525
472 525
473 525
474 525
475 525
476 525
477 525
478 525
479 525
480 525
481 525
482 525
483 525
484 525
485 525
486 525
487 525
488 525
489 525
490 525
491 525
492 525
493 525
494 525
495 525
496 525
497 525
498 525
499 525
500 525
501 525
502 525
503 525
504 525
505 525
506 525
507 525
508 525
509 525
510 525
511 525
512 525
513 525
514 525
515 525
516 525
517 525
518 525
519 525
520 525
521 525
522 525
523 525
524 525
258 526
424 526
425 526
426 526
427 526
428 526
429 526
430 526
431 526
432 526
433 526
434 526
435 526
436 526
437 526
438 526
439 526
440 526
441 526
442 526
443 526
444 526
445 526
446 526
447 526
448 526
449 526
450 526
451 526
452 526
453 526
454 526
455 526
456 526
457 526
458 526
459 526
460 526
461 526
462 526
463 526
464 526
465 526
466 526
467 526
468 526
469 526
470 526
471 526
472 526
473 526
474 526
475 526
476 526
477 526
478 526
479 526
480 526
481 526
482 526
483 526
484 526
485 526
486 526
487 526
488 526
489 526
490 526
491 526
492 526
493 526
494 526
495 526
496 526
497 526
498 526
499 526
500 526
501 526
502 526
503 526
504 526
505 526
506 526
507 526
508 526
509 526
510 526
511 526
512 526
513 526
514 526
515 526
516 526
517 526
518 526
519 526
520 526
521 526
522 526
523 526
524 526
525 526
258 527
424 527
425 527
426 527
427 527
428 527
429 527
430 527
431 527
432 527
433 527
434 527
435 527
436 527
437 527
438 527
439 527
440 527
441 527
442 527
443 527
444 527
445 527
446 527
447 527
448 527
449 527
450 527
451 527
452 527
453 527
454 527
455 527
456 527
457 527
458 527
459 527
460 527
461 527
462 527
463 527
464 527
465 527
466 527
467 527
468 527
469 527
470 527
471 527
472 527
473 527
474 527
475 527
476 527
477 527
478 527
479 527
480 527
481 527
482 527
483 527
484 527
485 527
486 527
487 527
488 527
489 527
490 527
491 527
492 527
493 527
494 527
495 527
496 527
497 527
498 527
499 527
500 527
501 527
502 527
503 527
504 527
505 527
506 527
507 527
508 527
509 527
510 527
511 527
512 527
513 527
514 527
515 527
516 527
517 527
518 527
519 527
520 527
521 527
522 527
523 527
524 527
525 527
526 527
258 528
424 528
425 528
426 528
427 528
428 528
429 528
430 528
431 528
432 528
433 528
434 528
435 528
436 528
437 528
438 528
439 528
440 528
441 528
442 528
443 528
444 528
445 528
446 528
447 528
448 528
449 528
450 528
451 528
452 528
453 528
454 528
455 528
456 528
457 528
458 528
459 528
460 528
461 528
462 528
463 528
464 528
465 528
466 528
467 528
468 528
469 528
470 528
471 528
472 528
473 528
474 528
475 528
476 528
477 528
478 528
479 528
480 528
481 528
482 528
483 528
484 528
485 528
486 528
487 528
488 528
489 528
490 528
491 528
492 528
493 528
494 528
495 528
496 528
497 528
498 528
499 528
500 528
501 528
502 528
503 528
504 528
505 528
506 528
507 528
508 528
509 528
510 528
511 528
512 528
513 528
514 528
515 528
516 528
517 528
518 528
519 528
520 528
521 528
522 528
523 528
524 528
525 528
526 528
527 528
258 529
424 529
425 529
426 529
427 529
428 529
429 529
430 529
431 529
432 529
433 529
434 529
435 529
436 529
437 529
438 529
439 529
440 529
441 529
442 529
443 529
444 529
445 529
446 529
447 529
448 529
449 529
450 529
451 529
452 529
453 529
454 529
455 529
456 529
457 529
458 529
459 529
460 529
461 529
462 529
463 529
464 529
465 529
466 529
467 529
468 529
469 529
470 529
471 529
472 529
473 529
474 529
475 529
476 529
477 529
478 529
479 529
480 529
481 529
482 529
483 529
484 529
485 529
486 529
487 529
488 529
489 529
490 529
491 529
492 529
493 529
494 529
495 529
496 529
497 529
498 529
499 529
500 529
501 529
502 529
503 529
504 529
505 529
506 529
507 529
508 529
509 529
510 529
511 529
512 529
513 529
514 529
515 529
516 529
517 529
518 529
519 529
520 529
521 529
522 529
523 529
524 529
525 529
526 529
527 529
528 529
258 530
424 530
425 530
426 530
427 530
428 530
429 530
430 530
431 530
432 530
433 530
434 530
435 530
436 530
437 530
438 530
439 530
440 530
441 530
442 530
443 530
444 530
445 530
446 530
447 530
448 530
449 530
450 530
451 530
452 530
453 530
454 530
455 530
456 530
457 530
458 530
459 530
460 530
461 530
462 530
463 530
464 530
465 530
466 530
467 530
468 530
469 530
470 530
471 530
472 530
473 530
474 530
475 530
476 530
477 530
478 530
479 530
480 530
481 530
482 530
483 530
484 530
485 530
486 530
487 530
488 530
489 530
490 530
491 530
492 530
493 530
494 530
495 530
496 530
497 530
498 530
499 530
500 530
501 530
502 530
503 530
504 530
505 530
506 530
507 530
508 530
509 530
510 530
511 530
512 530
513 530
514 530
515 530
516 530
517 530
518 530
519 530
520 530
521 530
522 530
523 530
524 530
525 530
526 530
527 530
528 530
529 530
258 531
424 531
425 531
426 531
427 531
428 531
429 531
430 531
431 531
432 531
433 531
434 531
435 531
436 531
437 531
438 531
439 531
440 531
441 531
442 531
443 531
444 531
445 531
446 531
447 531
448 531
449 531
450 531
451 531
452 531
453 531
454 531
455 531
456 531
457 531
458 531
459 531
460 531
461 531
462 531
463 531
464 531
465 531
466 531
467 531
468 531
469 531
470 531
471 531
472 531
473 531
474 531
475 531
476 531
477 531
478 531
479 531
480 531
481 531
482 531
483 531
484 531
485 531
486 531
487 531
488 531
489 531
490 531
491 531
492 531
493 531
494 531
495 531
496 531
497 531
498 531
499 531
500 531
501 531
502 531
503 531
504 531
505 531
506 531
507 531
508 531
509 531
510 531
511 531
512 531
513 531
514 531
515 531
516 531
517 531
518 531
519 531
520 531
521 531
522 531
523 531
524 531
525 531
526 531
527 531
528 531
529 531
530 531
258 532
424 532
425 532
426 532
427 532
428 532
429 532
430 532
431 532
432 532
433 532
434 532
435 532
436 532
437 532
438 532
439 532
440 532
441 532
442 532
443 532
444 532
445 532
446 532
447 532
448 532
449 532
450 532
451 532
452 532
453 532
454 532
455 532
456 532
457 532
458 532
459 532
460 532
461 532
462 532
463 532
464 532
465 532
466 532
467 532
468 532
469 532
470 532
471 532
472 532
473 532
474 532
475 532
476 532
477 532
478 532
479 532
480 532
481 532
482 532
483 532
484 532
485 532
486 532
487 532
488 532
489 532
490 532
491 532
492 532
493 532
494 532
495 532
496 532
497 532
498 532
499 532
500 532
501 532
502 532
503 532
504 532
505 532
506 532
507 532
508 532
509 532
510 532
511 532
512 532
513 532
514 532
515 532
516 532
517 532
518 532
519 532
520 532
521 532
522 532
523 532
524 532
525 532
526 532
527 532
528 532
529 532
530 532
531 532
258 533
424 533
425 533
426 533
427 533
428 533
429 533
430 533
431 533
432 533
433 533
434 533
435 533
436 533
437 533
438 533
439 533
440 533
441 533
442 533
443 533
444 533
445 533
446 533
447 533
448 533
449 533
450 533
451 533
452 533
453 533
454 533
455 533
456 533
457 533
458 533
459 533
460 533
461 533
462 533
463 533
464 533
465 533
466 533
467 533
468 533
469 533
470 533
471 533
472 533
473 533
474 533
475 533
476 533
477 533
478 533
479 533
480 533
481 533
482 533
483 533
484 533
485 533
486 533
487 533
488 533
489 533
490 533
491 533
492 533
493 533
494 533
495 533
496 533
497 533
498 533
499 533
500 533
501 533
502 533
503 533
504 533
505 533
506 533
507 533
508 533
509 533
510 533
511 533
512 533
513 533
514 533
515 533
516 533
517 533
518 533
519 533
520 533
521 533
522 533
523 533
524 533
525 533
526 533
527 533
528 533
529 533
530 533
531 533
532 533
258 534
424 534
425 534
426 534
427 534
428 534
429 534
430 534
431 534
432 534
433 534
434 534
435 534
436 534
437 534
438 534
439 534
440 534
441 534
442 534
443 534
444 534
445 534
446 534
447 534
448 534
449 534
450 534
451 534
452 534
453 534
454 534
455 534
456 534
457 534
458 534
459 534
460 534
461 534
462 534
463 534
464 534
465 534
466 534
467 534
468 534
469 534
470 534
471 534
472 534
473 534
474 534
475 534
476 534
477 534
478 534
479 534
480 534
481 534
482 534
483 534
484 534
485 534
486 534
487 534
488 534
489 534
490 534
491 534
492 534
493 534
494 534
495 534
496 534
497 534
498 534
499 534
500 534
501 534
502 534
503 534
504 534
505 534
506 534
507 534
508 534
509 534
510 534
511 534
512 534
513 534
514 534
515 534
516 534
517 534
518 534
519 534
520 534
521 534
522 534
523 534
524 534
525 534
526 534
527 534
528 534
529 534
530 534
531 534
532 534
533 534
258 535
424 535
425 535
426 535
427 535
428 535
429 535
430 535
431 535
432 535
433 535
434 535
435 535
436 535
437 535
438 535
439 535
440 535
441 535
442 535
443 535
444 535
445 535
446 535
447 535
448 535
449 535
450 535
451 535
452 535
453 535
454 535
455 535
456 535
457 535
458 535
459 535
460 535
461 535
462 535
463 535
464 535
465 535
466 535
467 535
468 535
469 535
470 535
471 535
472 535
473 535
474 535
475 535
476 535
477 535
478 535
479 535
480 535
481 535
482 535
483 535
484 535
485 535
486 535
487 535
488 535
489 535
490 535
491 535
492 535
493 535
494 535
495 535
496 535
497 535
498 535
499 535
500 535
501 535
502 535
503 535
504 535
505 535
506 535
507 535
508 535
509 535
510 535
511 535
512 535
513 535
514 535
515 535
516 535
517 535
518 535
519 535
520 535
521 535
522 535
523 535
524 535
525 535
526 535
527 535
528 535
529 535
530 535
531 535
532 535
533 535
534 535
258 536
424 536
425 536
426 536
427 536
428 536
429 536
430 536
431 536
432 536
433 536
434 536
435 536
436 536
437 536
438 536
439 536
440 536
441 536
442 536
443 536
444 536
445 536
446 536
447 536
448 536
449 536
450 536
451 536
452 536
453 536
454 536
455 536
456 536
457 536
458 536
459 536
460 536
461 536
462 536
463 536
464 536
465 536
466 536
467 536
468 536
469 536
470 536
471 536
472 536
473 536
474 536
475 536
476 536
477 536
478 536
479 536
480 536
481 536
482 536
483 536
484 536
485 536
486 536
487 536
488 536
489 536
490 536
491 536
492 536
493 536
494 536
495 536
496 536
497 536
498 536
499 536
500 536
501 536
502 536
503 536
504 536
505 536
506 536
507 536
508 536
509 536
510 536
511 536
512 536
513 536
514 536
515 536
516 536
517 536
518 536
519 536
520 536
521 536
522 536
523 536
524 536
525 536
526 536
527 536
528 536
529 536
530 536
531 536
532 536
533 536
534 536
535 536
258 537
424 537
425 537
426 537
427 537
428 537
429 537
430 537
431 537
432 537
433 537
434 537
435 537
436 537
437 537
438 537
439 537
440 537
441 537
442 537
443 537
444 537
445 537
446 537
447 537
448 537
449 537
450 537
451 537
452 537
453 537
454 537
455 537
456 537
457 537
458 537
459 537
460 537
461 537
462 537
463 537
464 537
465 537
466 537
467 537
468 537
469 537
470 537
471 537
472 537
473 537
474 537
475 537
476 537
477 537
478 537
479 537
480 537
481 537
482 537
483 537
484 537
485 537
486 537
487 537
488 537
489 537
490 537
491 537
492 537
493 537
494 537
495 537
496 537
497 537
498 537
499 537
500 537
501 537
502 537
503 537
504 537
505 537
506 537
507 537
508 537
509 537
510 537
511 537
512 537
513 537
514 537
515 537
516 537
517 537
518 537
519 537
520 537
521 537
522 537
523 537
524 537
525 537
526 537
527 537
528 537
529 537
530 537
531 537
532 537
533 537
534 537
535 537
536 537
258 538
424 538
425 538
426 538
427 538
428 538
429 538
430 538
431 538
432 538
433 538
434 538
435 538
436 538
437 538
438 538
439 538
440 538
441 538
442 538
443 538
444 538
445 538
446 538
447 538
448 538
449 538
450 538
451 538
452 538
453 538
454 538
455 538
456 538
457 538
458 538
459 538
460 538
461 538
462 538
463 538
464 538
465 538
466 538
467 538
468 538
469 538
470 538
471 538
472 538
473 538
474 538
475 538
476 538
477 538
478 538
479 538
480 538
481 538
482 538
483 538
484 538
485 538
486 538
487 538
488 538
489 538
490 538
491 538
492 538
493 538
494 538
495 538
496 538
497 538
498 538
499 538
500 538
501 538
502 538
503 538
504 538
505 538
506 538
507 538
508 538
509 538
510 538
511 538
512 538
513 538
514 538
515 538
516 538
517 538
518 538
519 538
520 538
521 538
522 538
523 538
524 538
525 538
526 538
527 538
528 538
529 538
530 538
531 538
532 538
533 538
534 538
535 538
536 538
537 538
258 539
424 539
425 539
426 539
427 539
428 539
429 539
430 539
431 539
432 539
433 539
434 539
435 539
436 539
437 539
438 539
439 539
440 539
441 539
442 539
443 539
444 539
445 539
446 539
447 539
448 539
449 539
450 539
451 539
452 539
453 539
454 539
455 539
456 539
457 539
458 539
459 539
460 539
461 539
462 539
463 539
464 539
465 539
466 539
467 539
468 539
469 539
470 539
471 539
472 539
473 539
474 539
475 539
476 539
477 539
478 539
479 539
480 539
481 539
482 539
483 539
484 539
485 539
486 539
487 539
488 539
489 539
490 539
491 539
492 539
493 539
494 539
495 539
496 539
497 539
498 539
499 539
500 539
501 539
502 539
503 539
504 539
505 539
506 539
507 539
508 539
509 539
510 539
511 539
512 539
513 539
514 539
515 539
516 539
517 539
518 539
519 539
520 539
521 539
522 539
523 539
524 539
525 539
526 539
527 539
528 539
529 539
530 539
531 539
532 539
533 539
534 539
535 539
536 539
537 539
538 539
258 540
424 540
425 540
426 540
427 540
428 540
429 540
430 540
431 540
432 540
433 540
434 540
435 540
436 540
437 540
438 540
439 540
440 540
441 540
442 540
443 540
444 540
445 540
446 540
447 540
448 540
449 540
450 540
451 540
452 540
453 540
454 540
455 540
456 540
457 540
458 540
459 540
460 540
461 540
462 540
463 540
464 540
465 540
466 540
467 540
468 540
469 540
470 540
471 540
472 540
473 540
474 540
475 540
476 540
477 540
478 540
479 540
480 540
481 540
482 540
483 540
484 540
485 540
486 540
487 540
488 540
489 540
490 540
491 540
492 540
493 540
494 540
495 540
496 540
497 540
498 540
499 540
500 540
501 540
502 540
503 540
504 540
505 540
506 540
507 540
508 540
509 540
510 540
511 540
512 540
513 540
514 540
515 540
516 540
517 540
518 540
519 540
520 540
521 540
522 540
523 540
524 540
525 540
526 540
527 540
528 540
529 540
530 540
531 540
532 540
533 540
534 540
535 540
536 540
537 540
538 540
539 540
258 541
424 541
425 541
426 541
427 541
428 541
429 541
430 541
431 541
432 541
433 541
434 541
435 541
436 541
437 541
438 541
439 541
440 541
441 541
442 541
443 541
444 541
445 541
446 541
447 541
448 541
449 541
450 541
451 541
452 541
453 541
454 541
455 541
456 541
457 541
458 541
459 541
460 541
461 541
462 541
463 541
464 541
465 541
466 541
467 541
468 541
469 541
470 541
471 541
472 541
473 541
474 541
475 541
476 541
477 541
478 541
479 541
480 541
481 541
482 541
483 541
484 541
485 541
486 541
487 541
488 541
489 541
490 541
491 541
492 541
493 541
494 541
495 541
496 541
497 541
498 541
499 541
500 541
501 541
502 541
503 541
504 541
505 541
506 541
507 541
508 541
509 541
510 541
511 541
512 541
513 541
514 541
515 541
516 541
517 541
518 541
519 541
520 541
521 541
522 541
523 541
524 541
525 541
526 541
527 541
528 541
529 541
530 541
531 541
532 541
533 541
534 541
535 541
536 541
537 541
538 541
539 541
540 541
258 542
424 542
425 542
426 542
427 542
428 542
429 542
430 542
431 542
432 542
433 542
434 542
435 542
436 542
437 542
438 542
439 542
440 542
441 542
442 542
443 542
444 542
445 542
446 542
447 542
448 542
449 542
450 542
451 542
452 542
453 542
454 542
455 542
456 542
457 542
458 542
459 542
460 542
461 542
462 542
463 542
464 542
465 542
466 542
467 542
468 542
469 542
470 542
471 542
472 542
473 542
474 542
475 542
476 542
477 542
478 542
479 542
480 542
481 542
482 542
483 542
484 542
485 542
486 542
487 542
488 542
489 542
490 542
491 542
492 542
493 542
494 542
495 542
496 542
497 542
498 542
499 542
500 542
501 542
502 542
503 542
504 542
505 542
506 542
507 542
508 542
509 542
510 542
511 542
512 542
513 542
514 542
515 542
516 542
517 542
518 542
519 542
520 542
521 542
522 542
523 542
524 542
525 542
526 542
527 542
528 542
529 542
530 542
531 542
532 542
533 542
534 542
535 542
536 542
537 542
538 542
539 542
540 542
541 542
258 543
424 543
425 543
426 543
427 543
428 543
429 543
430 543
431 543
432 543
433 543
434 543
435 543
436 543
437 543
438 543
439 543
440 543
441 543
442 543
443 543
444 543
445 543
446 543
447 543
448 543
449 543
450 543
451 543
452 543
453 543
454 543
455 543
456 543
457 543
458 543
459 543
460 543
461 543
462 543
463 543
464 543
465 543
466 543
467 543
468 543
469 543
470 543
471 543
472 543
473 543
474 543
475 543
476 543
477 543
478 543
479 543
480 543
481 543
482 543
483 543
484 543
485 543
486 543
487 543
488 543
489 543
490 543
491 543
492 543
493 543
494 543
495 543
496 543
497 543
498 543
499 543
500 543
501 543
502 543
503 543
504 543
505 543
506 543
507 543
508 543
509 543
510 543
511 543
512 543
513 543
514 543
515 543
516 543
517 543
518 543
519 543
520 543
521 543
522 543
523 543
524 543
525 543
526 543
527 543
528 543
529 543
530 543
531 543
532 543
533 543
534 543
535 543
536 543
537 543
538 543
539 543
540 543
541 543
542 543
258 544
424 544
425 544
426 544
427 544
428 544
429 544
430 544
431 544
432 544
433 544
434 544
435 544
436 544
437 544
438 544
439 544
440 544
441 544
442 544
443 544
444 544
445 544
446 544
447 544
448 544
449 544
450 544
451 544
452 544
453 544
454 544
455 544
456 544
457 544
458 544
459 544
460 544
461 544
462 544
463 544
464 544
465 544
466 544
467 544
468 544
469 544
470 544
471 544
472 544
473 544
474 544
475 544
476 544
477 544
478 544
479 544
480 544
481 544
482 544
483 544
484 544
485 544
486 544
487 544
488 544
489 544
490 544
491 544
492 544
493 544
494 544
495 544
496 544
497 544
498 544
499 544
500 544
501 544
502 544
503 544
504 544
505 544
506 544
507 544
508 544
509 544
510 544
511 544
512 544
513 544
514 544
515 544
516 544
517 544
518 544
519 544
520 544
521 544
522 544
523 544
524 544
525 544
526 544
527 544
528 544
529 544
530 544
531 544
532 544
533 544
534 544
535 544
536 544
537 544
538 544
539 544
540 544
541 544
542 544
543 544
258 545
424 545
425 545
426 545
427 545
428 545
429 545
430 545
431 545
432 545
433 545
434 545
435 545
436 545
437 545
438 545
439 545
440 545
441 545
442 545
443 545
444 545
445 545
446 545
447 545
448 545
449 545
450 545
451 545
452 545
453 545
454 545
455 545
456 545
457 545
458 545
459 545
460 545
461 545
462 545
463 545
464 545
465 545
466 545
467 545
468 545
469 545
470 545
471 545
472 545
473 545
474 545
475 545
476 545
477 545
478 545
479 545
480 545
481 545
482 545
483 545
484 545
485 545
486 545
487 545
488 545
489 545
490 545
491 545
492 545
493 545
494 545
495 545
496 545
497 545
498 545
499 545
500 545
501 545
502 545
503 545
504 545
505 545
506 545
507 545
508 545
509 545
510 545
511 545
512 545
513 545
514 545
515 545
516 545
517 545
518 545
519 545
520 545
521 545
522 545
523 545
524 545
525 545
526 545
527 545
528 545
529 545
530 545
531 545
532 545
533 545
534 545
535 545
536 545
537 545
538 545
539 545
540 545
541 545
542 545
543 545
544 545
258 546
424 546
425 546
426 546
427 546
428 546
429 546
430 546
431 546
432 546
433 546
434 546
435 546
436 546
437 546
438 546
439 546
440 546
441 546
442 546
443 546
444 546
445 546
446 546
447 546
448 546
449 546
450 546
451 546
452 546
453 546
454 546
455 546
456 546
457 546
458 546
459 546
460 546
461 546
462 546
463 546
464 546
465 546
466 546
467 546
468 546
469 546
470 546
471 546
472 546
473 546
474 546
475 546
476 546
477 546
478 546
479 546
480 546
481 546
482 546
483 546
484 546
485 546
486 546
487 546
488 546
489 546
490 546
491 546
492 546
493 546
494 546
495 546
496 546
497 546
498 546
499 546
500 546
501 546
502 546
503 546
504 546
505 546
506 546
507 546
508 546
509 546
510 546
511 546
512 546
513 546
514 546
515 546
516 546
517 546
518 546
519 546
520 546
521 546
522 546
523 546
524 546
525 546
526 546
527 546
528 546
529 546
530 546
531 546
532 546
533 546
534 546
535 546
536 546
537 546
538 546
539 546
540 546
541 546
542 546
543 546
544 546
545 546
258 547
424 547
425 547
426 547
427 547
428 547
429 547
430 547
431 547
432 547
433 547
434 547
435 547
436 547
437 547
438 547
439 547
440 547
441 547
442 547
443 547
444 547
445 547
446 547
447 547
448 547
449 547
450 547
451 547
452 547
453 547
454 547
455 547
456 547
457 547
458 547
459 547
460 547
461 547
462 547
463 547
464 547
465 547
466 547
467 547
468 547
469 547
470 547
471 547
472 547
473 547
474 547
475 547
476 547
477 547
478 547
479 547
480 547
481 547
482 547
483 547
484 547
485 547
486 547
487 547
488 547
489 547
490 547
491 547
492 547
493 547
494 547
495 547
496 547
497 547
498 547
499 547
500 547
501 547
502 547
503 547
504 547
505 547
506 547
507 547
508 547
509 547
510 547
511 547
512 547
513 547
514 547
515 547
516 547
517 547
518 547
519 547
520 547
521 547
522 547
523 547
524 547
525 547
526 547
527 547
528 547
529 547
530 547
531 547
532 547
533 547
534 547
535 547
536 547
537 547
538 547
539 547
540 547
541 547
542 547
543 547
544 547
545 547
546 547
258 548
424 548
425 548
426 548
427 548
428 548
429 548
430 548
431 548
432 548
433 548
434 548
435 548
436 548
437 548
438 548
439 548
440 548
441 548
442 548
443 548
444 548
445 548
446 548
447 548
448 548
449 548
450 548
451 548
452 548
453 548
454 548
455 548
456 548
457 548
458 548
459 548
460 548
461 548
462 548
463 548
464 548
465 548
466 548
467 548
468 548
469 548
470 548
471 548
472 548
473 548
474 548
475 548
476 548
477 548
478 548
479 548
480 548
481 548
482 548
483 548
484 548
485 548
486 548
487 548
488 548
489 548
490 548
491 548
492 548
493 548
494 548
495 548
496 548
497 548
498 548
499 548
500 548
501 548
502 548
503 548
504 548
505 548
506 548
507 548
508 548
509 548
510 548
511 548
512 548
513 548
514 548
515 548
516 548
517 548
518 548
519 548
520 548
521 548
522 548
523 548
524 548
525 548
526 548
527 548
528 548
529 548
530 548
531 548
532 548
533 548
534 548
535 548
536 548
537 548
538 548
539 548
540 548
541 548
542 548
543 548
544 548
545 548
546 548
547 548
258 549
424 549
425 549
426 549
427 549
428 549
429 549
430 549
431 549
432 549
433 549
434 549
435 549
436 549
437 549
438 549
439 549
440 549
441 549
442 549
443 549
444 549
445 549
446 549
447 549
448 549
449 549
450 549
451 549
452 549
453 549
454 549
455 549
456 549
457 549
458 549
459 549
460 549
461 549
462 549
463 549
464 549
465 549
466 549
467 549
468 549
469 549
470 549
471 549
472 549
473 549
474 549
475 549
476 549
477 549
478 549
479 549
480 549
481 549
482 549
483 549
484 549
485 549
486 549
487 549
488 549
489 549
490 549
491 549
492 549
493 549
494 549
495 549
496 549
497 549
498 549
499 549
500 549
501 549
502 549
503 549
504 549
505 549
506 549
507 549
508 549
509 549
510 549
511 549
512 549
513 549
514 549
515 549
516 549
517 549
518 549
519 549
520 549
521 549
522 549
523 549
524 549
525 549
526 549
527 549
528 549
529 549
530 549
531 549
532 549
533 549
534 549
535 549
536 549
537 549
538 549
539 549
540 549
541 549
542 549
543 549
544 549
545 549
546 549
547 549
548 549
258 550
424 550
425 550
426 550
427 550
428 550
429 550
430 550
431 550
432 550
433 550
434 550
435 550
436 550
437 550
438 550
439 550
440 550
441 550
442 550
443 550
444 550
445 550
446 550
447 550
448 550
449 550
450 550
451 550
452 550
453 550
454 550
455 550
456 550
457 550
458 550
459 550
460 550
461 550
462 550
463 550
464 550
465 550
466 550
467 550
468 550
469 550
470 550
471 550
472 550
473 550
474 550
475 550
476 550
477 550
478 550
479 550
480 550
481 550
482 550
483 550
484 550
485 550
486 550
487 550
488 550
489 550
490 550
491 550
492 550
493 550
494 550
495 550
496 550
497 550
498 550
499 550
500 550
501 550
502 550
503 550
504 550
505 550
506 550
507 550
508 550
509 550
510 550
511 550
512 550
513 550
514 550
515 550
516 550
517 550
518 550
519 550
520 550
521 550
522 550
523 550
524 550
525 550
526 550
527 550
528 550
529 550
530 550
531 550
532 550
533 550
534 550
535 550
536 550
537 550
538 550
539 550
540 550
541 550
542 550
543 550
544 550
545 550
546 550
547 550
548 550
549 550
258 551
424 551
425 551
426 551
427 551
428 551
429 551
430 551
431 551
432 551
433 551
434 551
435 551
436 551
437 551
438 551
439 551
440 551
441 551
442 551
443 551
444 551
445 551
446 551
447 551
448 551
449 551
450 551
451 551
452 551
453 551
454 551
455 551
456 551
457 551
458 551
459 551
460 551
461 551
462 551
463 551
464 551
465 551
466 551
467 551
468 551
469 551
470 551
471 551
472 551
473 551
474 551
475 551
476 551
477 551
478 551
479 551
480 551
481 551
482 551
483 551
484 551
485 551
486 551
487 551
488 551
489 551
490 551
491 551
492 551
493 551
494 551
495 551
496 551
497 551
498 551
499 551
500 551
501 551
502 551
503 551
504 551
505 551
506 551
507 551
508 551
509 551
510 551
511 551
512 551
513 551
514 551
515 551
516 551
517 551
518 551
519 551
520 551
521 551
522 551
523 551
524 551
525 551
526 551
527 551
528 551
529 551
530 551
531 551
532 551
533 551
534 551
535 551
536 551
537 551
538 551
539 551
540 551
541 551
542 551
543 551
544 551
545 551
546 551
547 551
548 551
549 551
550 551
258 552
424 552
425 552
426 552
427 552
428 552
429 552
430 552
431 552
432 552
433 552
434 552
435 552
436 552
437 552
438 552
439 552
440 552
441 552
442 552
443 552
444 552
445 552
446 552
447 552
448 552
449 552
450 552
451 552
452 552
453 552
454 552
455 552
456 552
457 552
458 552
459 552
460 552
461 552
462 552
463 552
464 552
465 552
466 552
467 552
468 552
469 552
470 552
471 552
472 552
473 552
474 552
475 552
476 552
477 552
478 552
479 552
480 552
481 552
482 552
483 552
484 552
485 552
486 552
487 552
488 552
489 552
490 552
491 552
492 552
493 552
494 552
495 552
496 552
497 552
498 552
499 552
500 552
501 552
502 552
503 552
504 552
505 552
506 552
507 552
508 552
509 552
510 552
511 552
512 552
513 552
514 552
515 552
516 552
517 552
518 552
519 552
520 552
521 552
522 552
523 552
524 552
525 552
526 552
527 552
528 552
529 552
530 552
531 552
532 552
533 552
534 552
535 552
536 552
537 552
538 552
539 552
540 552
541 552
542 552
543 552
544 552
545 552
546 552
547 552
548 552
549 552
550 552
551 552
258 553
424 553
425 553
426 553
427 553
428 553
429 553
430 553
431 553
432 553
433 553
434 553
435 553
436 553
437 553
438 553
439 553
440 553
441 553
442 553
443 553
444 553
445 553
446 553
447 553
448 553
449 553
450 553
451 553
452 553
453 553
454 553
455 553
456 553
457 553
458 553
459 553
460 553
461 553
462 553
463 553
464 553
465 553
466 553
467 553
468 553
469 553
470 553
471 553
472 553
473 553
474 553
475 553
476 553
477 553
478 553
479 553
480 553
481 553
482 553
483 553
484 553
485 553
486 553
487 553
488 553
489 553
490 553
491 553
492 553
493 553
494 553
495 553
496 553
497 553
498 553
499 553
500 553
501 553
502 553
503 553
504 553
505 553
506 553
507 553
508 553
509 553
510 553
511 553
512 553
513 553
514 553
515 553
516 553
517 553
518 553
519 553
520 553
521 553
522 553
523 553
524 553
525 553
526 553
527 553
528 553
529 553
530 553
531 553
532 553
533 553
534 553
535 553
536 553
537 553
538 553
539 553
540 553
541 553
542 553
543 553
544 553
545 553
546 553
547 553
548 553
549 553
550 553
551 553
552 553
258 554
424 554
425 554
426 554
427 554
428 554
429 554
430 554
431 554
432 554
433 554
434 554
435 554
436 554
437 554
438 554
439 554
440 554
441 554
442 554
443 554
444 554
445 554
446 554
447 554
448 554
449 554
450 554
451 554
452 554
453 554
454 554
455 554
456 554
457 554
458 554
459 554
460 554
461 554
462 554
463 554
464 554
465 554
466 554
467 554
468 554
469 554
470 554
471 554
472 554
473 554
474 554
475 554
476 554
477 554
478 554
479 554
480 554
481 554
482 554
483 554
484 554
485 554
486 554
487 554
488 554
489 554
490 554
491 554
492 554
493 554
494 554
495 554
496 554
497 554
498 554
499 554
500 554
501 554
502 554
503 554
504 554
505 554
506 554
507 554
508 554
509 554
510 554
511 554
512 554
513 554
514 554
515 554
516 554
517 554
518 554
519 554
520 554
521 554
522 554
523 554
524 554
525 554
526 554
527 554
528 554
529 554
530 554
531 554
532 554
533 554
534 554
535 554
536 554
537 554
538 554
539 554
540 554
541 554
542 554
543 554
544 554
545 554
546 554
547 554
548 554
549 554
550 554
551 554
552 554
553 554
258 555
424 555
425 555
426 555
427 555
428 555
429 555
430 555
431 555
432 555
433 555
434 555
435 555
436 555
437 555
438 555
439 555
440 555
441 555
442 555
443 555
444 555
445 555
446 555
447 555
448 555
449 555
450 555
451 555
452 555
453 555
454 555
455 555
456 555
457 555
458 555
459 555
460 555
461 555
462 555
463 555
464 555
465 555
466 555
467 555
468 555
469 555
470 555
471 555
472 555
473 555
474 555
475 555
476 555
477 555
478 555
479 555
480 555
481 555
482 555
483 555
484 555
485 555
486 555
487 555
488 555
489 555
490 555
491 555
492 555
493 555
494 555
495 555
496 555
497 555
498 555
499 555
500 555
501 555
502 555
503 555
504 555
505 555
506 555
507 555
508 555
509 555
510 555
511 555
512 555
513 555
514 555
515 555
516 555
517 555
518 555
519 555
520 555
521 555
522 555
523 555
524 555
525 555
526 555
527 555
528 555
529 555
530 555
531 555
532 555
533 555
534 555
535 555
536 555
537 555
538 555
539 555
540 555
541 555
542 555
543 555
544 555
545 555
546 555
547 555
548 555
549 555
550 555
551 555
552 555
553 555
554 555
258 556
424 556
425 556
426 556
427 556
428 556
429 556
430 556
431 556
432 556
433 556
434 556
435 556
436 556
437 556
438 556
439 556
440 556
441 556
442 556
443 556
444 556
445 556
446 556
447 556
448 556
449 556
450 556
451 556
452 556
453 556
454 556
455 556
456 556
457 556
458 556
459 556
460 556
461 556
462 556
463 556
464 556
465 556
466 556
467 556
468 556
469 556
470 556
471 556
472 556
473 556
474 556
475 556
476 556
477 556
478 556
479 556
480 556
481 556
482 556
483 556
484 556
485 556
486 556
487 556
488 556
489 556
490 556
491 556
492 556
493 556
494 556
495 556
496 556
497 556
498 556
499 556
500 556
501 556
502 556
503 556
504 556
505 556
506 556
507 556
508 556
509 556
510 556
511 556
512 556
513 556
514 556
515 556
516 556
517 556
518 556
519 556
520 556
521 556
522 556
523 556
524 556
525 556
526 556
527 556
528 556
529 556
530 556
531 556
532 556
533 556
534 556
535 556
536 556
537 556
538 556
539 556
540 556
541 556
542 556
543 556
544 556
545 556
546 556
547 556
548 556
549 556
550 556
551 556
552 556
553 556
554 556
555 556
258 557
424 557
425 557
426 557
427 557
428 557
429 557
430 557
431 557
432 557
433 557
434 557
435 557
436 557
437 557
438 557
439 557
440 557
441 557
442 557
443 557
444 557
445 557
446 557
447 557
448 557
449 557
450 557
451 557
452 557
453 557
454 557
455 557
456 557
457 557
458 557
459 557
460 557
461 557
462 557
463 557
464 557
465 557
466 557
467 557
468 557
469 557
470 557
471 557
472 557
473 557
474 557
475 557
476 557
477 557
478 557
479 557
480 557
481 557
482 557
483 557
484 557
485 557
486 557
487 557
488 557
489 557
490 557
491 557
492 557
493 557
494 557
495 557
496 557
497 557
498 557
499 557
500 557
501 557
502 557
503 557
504 557
505 557
506 557
507 557
508 557
509 557
510 557
511 557
512 557
513 557
514 557
515 557
516 557
517 557
518 557
519 557
520 557
521 557
522 557
523 557
524 557
525 557
526 557
527 557
528 557
529 557
530 557
531 557
532 557
533 557
534 557
535 557
536 557
537 557
538 557
539 557
540 557
541 557
542 557
543 557
544 557
545 557
546 557
547 557
548 557
549 557
550 557
551 557
552 557
553 557
554 557
555 557
556 557
258 558
424 558
425 558
426 558
427 558
428 558
429 558
430 558
431 558
432 558
433 558
434 558
435 558
436 558
437 558
438 558
439 558
440 558
441 558
442 558
443 558
444 558
445 558
446 558
447 558
448 558
449 558
450 558
451 558
452 558
453 558
454 558
455 558
456 558
457 558
458 558
459 558
460 558
461 558
462 558
463 558
464 558
465 558
466 558
467 558
468 558
469 558
470 558
471 558
472 558
473 558
474 558
475 558
476 558
477 558
478 558
479 558
480 558
481 558
482 558
483 558
484 558
485 558
486 558
487 558
488 558
489 558
490 558
491 558
492 558
493 558
494 558
495 558
496 558
497 558
498 558
499 558
500 558
501 558
502 558
503 558
504 558
505 558
506 558
507 558
508 558
509 558
510 558
511 558
512 558
513 558
514 558
515 558
516 558
517 558
518 558
519 558
520 558
521 558
522 558
523 558
524 558
525 558
526 558
527 558
528 558
529 558
530 558
531 558
532 558
533 558
534 558
535 558
536 558
537 558
538 558
539 558
540 558
541 558
542 558
543 558
544 558
545 558
546 558
547 558
548 558
549 558
550 558
551 558
552 558
553 558
554 558
555 558
556 558
557 558
258 559
424 559
425 559
426 559
427 559
428 559
429 559
430 559
431 559
432 559
433 559
434 559
435 559
436 559
437 559
438 559
439 559
440 559
441 559
442 559
443 559
444 559
445 559
446 559
447 559
448 559
449 559
450 559
451 559
452 559
453 559
454 559
455 559
456 559
457 559
458 559
459 559
460 559
461 559
462 559
463 559
464 559
465 559
466 559
467 559
468 559
469 559
470 559
471 559
472 559
473 559
474 559
475 559
476 559
477 559
478 559
479 559
480 559
481 559
482 559
483 559
484 559
485 559
486 559
487 559
488 559
489 559
490 559
491 559
492 559
493 559
494 559
495 559
496 559
497 559
498 559
499 559
500 559
501 559
502 559
503 559
504 559
505 559
506 559
507 559
508 559
509 559
510 559
511 559
512 559
513 559
514 559
515 559
516 559
517 559
518 559
519 559
520 559
521 559
522 559
523 559
524 559
525 559
526 559
527 559
528 559
529 559
530 559
531 559
532 559
533 559
534 559
535 559
536 559
537 559
538 559
539 559
540 559
541 559
542 559
543 559
544 559
545 559
546 559
547 559
548 559
549 559
550 559
551 559
552 559
553 559
554 559
555 559
556 559
557 559
558 559
258 560
424 560
425 560
426 560
427 560
428 560
429 560
430 560
431 560
432 560
433 560
434 560
435 560
436 560
437 560
438 560
439 560
440 560
441 560
442 560
443 560
444 560
445 560
446 560
447 560
448 560
449 560
450 560
451 560
452 560
453 560
454 560
455 560
456 560
457 560
458 560
459 560
460 560
461 560
462 560
463 560
464 560
465 560
466 560
467 560
468 560
469 560
470 560
471 560
472 560
473 560
474 560
475 560
476 560
477 560
478 560
479 560
480 560
481 560
482 560
483 560
484 560
485 560
486 560
487 560
488 560
489 560
490 560
491 560
492 560
493 560
494 560
495 560
496 560
497 560
498 560
499 560
500 560
501 560
502 560
503 560
504 560
505 560
506 560
507 560
508 560
509 560
510 560
511 560
512 560
513 560
514 560
515 560
516 560
517 560
518 560
519 560
520 560
521 560
522 560
523 560
524 560
525 560
526 560
527 560
528 560
529 560
530 560
531 560
532 560
533 560
534 560
535 560
536 560
537 560
538 560
539 560
540 560
541 560
542 560
543 560
544 560
545 560
546 560
547 560
548 560
549 560
550 560
551 560
552 560
553 560
554 560
555 560
556 560
557 560
558 560
559 560
15 561
15 562
561 562
15 563
561 563
562 563
15 564
561 564
562 564
563 564
15 565
561 565
562 565
563 565
564 565
15 566
561 566
562 566
563 566
564 566
565 566
15 567
561 567
562 567
563 567
564 567
565 567
566 567
15 568
561 568
562 568
563 568
564 568
565 568
566 568
567 568
15 569
561 569
562 569
563 569
564 569
565 569
566 569
567 569
568 569
15 570
561 570
562 570
563 570
564 570
565 570
566 570
567 570
568 570
569 570
15 571
561 571
562 571
563 571
564 571
565 571
566 571
567 571
568 571
569 571
570 571
15 572
561 572
562 572
563 572
564 572
565 572
566 572
567 572
568 572
569 572
570 572
571 572
15 573
561 573
562 573
563 573
564 573
565 573
566 573
567 573
568 573
569 573
570 573
571 573
572 573
15 574
561 574
562 574
563 574
564 574
565 574
566 574
567 574
568 574
569 574
570 574
571 574
572 574
573 574
15 575
561 575
562 575
563 575
564 575
565 575
566 575
567 575
568 575
569 575
570 575
571 575
572 575
573 575
574 575
15 576
561 576
562 576
563 576
564 576
565 576
566 576
567 576
568 576
569 576
570 576
571 576
572 576
573 576
574 576
575 576
15 577
561 577
562 577
563 577
564 577
565 577
566 577
567 577
568 577
569 577
570 577
571 577
572 577
573 577
574 577
575 577
576 577
15 578
561 578
562 578
563 578
564 578
565 578
566 578
567 578
568 578
569 578
570 578
571 578
572 578
573 578
574 578
575 578
576 578
577 578
15 579
561 579
562 579
563 579
564 579
565 579
566 579
567 579
568 579
569 579
570 579
571 579
572 579
573 579
574 579
575 579
576 579
577 579
578 579
15 580
561 580
562 580
563 580
564 580
565 580
566 580
567 580
568 580
569 580
570 580
571 580
572 580
573 580
574 580
575 580
576 580
577 580
578 580
579 580
15 581
561 581
562 581
563 581
564 581
565 581
566 581
567 581
568 581
569 581
570 581
571 581
572 581
573 581
574 581
575 581
576 581
577 581
578 581
579 581
580 581
15 582
561 582
562 582
563 582
564 582
565 582
566 582
567 582
568 582
569 582
570 582
571 582
572 582
573 582
574 582
575 582
576 582
577 582
578 582
579 582
580 582
581 582
15 583
561 583
562 583
563 583
564 583
565 583
566 583
567 583
568 583
569 583
570 583
571 583
572 583
573 583
574 583
575 583
576 583
577 583
578 583
579 583
580 583
581 583
582 583
15 584
561 584
562 584
563 584
564 584
565 584
566 584
567 584
568 584
569 584
570 584
571 584
572 584
573 584
574 584
575 584
576 584
577 584
578 584
579 584
580 584
581 584
582 584
583 584
15 585
561 585
562 585
563 585
564 585
565 585
566 585
567 585
568 585
569 585
570 585
571 585
572 585
573 585
574 585
575 585
576 585
577 585
578 585
579 585
580 585
581 585
582 585
583 585
584 585
15 586
561 586
562 586
563 586
564 586
565 586
566 586
567 586
568 586
569 586
570 586
571 586
572 586
573 586
574 586
575 586
576 586
577 586
578 586
579 586
580 586
581 586
582 586
583 586
584 586
585 586
15 587
561 587
562 587
563 587
564 587
565 587
566 587
567 587
568 587
569 587
570 587
571 587
572 587
573 587
574 587
575 587
576 587
577 587
578 587
579 587
580 587
581 587
582 587
583 587
584 587
585 587
586 587
15 588
561 588
562 588
563 588
564 588
565 588
566 588
567 588
568 588
569 588
570 588
571 588
572 588
573 588
574 588
575 588
576 588
577 588
578 588
579 588
580 588
581 588
582 588
583 588
584 588
585 588
586 588
587 588
15 589
561 589
562 589
563 589
564 589
565 589
566 589
567 589
568 589
569 589
570 589
571 589
572 589
573 589
574 589
575 589
576 589
577 589
578 589
579 589
580 589
581 589
582 589
583 589
584 589
585 589
586 589
587 589
588 589
15 590
561 590
562 590
563 590
564 590
565 590
566 590
567 590
568 590
569 590
570 590
571 590
572 590
573 590
574 590
575 590
576 590
577 590
578 590
579 590
580 590
581 590
582 590
583 590
584 590
585 590
586 590
587 590
588 590
589 590
15 591
561 591
562 591
563 591
564 591
565 591
566 591
567 591
568 591
569 591
570 591
571 591
572 591
573 591
574 591
575 591
576 591
577 591
578 591
579 591
580 591
581 591
582 591
583 591
584 591
585 591
586 591
587 591
588 591
589 591
590 591
15 592
561 592
562 592
563 592
564 592
565 592
566 592
567 592
568 592
569 592
570 592
571 592
572 592
573 592
574 592
575 592
576 592
577 592
578 592
579 592
580 592
581 592
582 592
583 592
584 592
585 592
586 592
587 592
588 592
589 592
590 592
591 592
15 593
561 593
562 593
563 593
564 593
565 593
566 593
567 593
568 593
569 593
570 593
571 593
572 593
573 593
574 593
575 593
576 593
577 593
578 593
579 593
580 593
581 593
582 593
583 593
584 593
585 593
586 593
587 593
588 593
589 593
590 593
591 593
592 593
15 594
561 594
562 594
563 594
564 594
565 594
566 594
567 594
568 594
569 594
570 594
571 594
572 594
573 594
574 594
575 594
576 594
577 594
578 594
579 594
580 594
581 594
582 594
583 594
584 594
585 594
586 594
587 594
588 594
589 594
590 594
591 594
592 594
593 594
15 595
561 595
562 595
563 595
564 595
565 595
566 595
567 595
568 595
569 595
570 595
571 595
572 595
573 595
574 595
575 595
576 595
577 595
578 595
579 595
580 595
581 595
582 595
583 595
584 595
585 595
586 595
587 595
588 595
589 595
590 595
591 595
592 595
593 595
594 595
15 596
561 596
562 596
563 596
564 596
565 596
566 596
567 596
568 596
569 596
570 596
571 596
572 596
573 596
574 596
575 596
576 596
577 596
578 596
579 596
580 596
581 596
582 596
583 596
584 596
585 596
586 596
587 596
588 596
589 596
590 596
591 596
592 596
593 596
594 596
595 596
15 597
561 597
562 597
563 597
564 597
565 597
566 597
567 597
568 597
569 597
570 597
571 597
572 597
573 597
574 597
575 597
576 597
577 597
578 597
579 597
580 597
581 597
582 597
583 597
584 597
585 597
586 597
587 597
588 597
589 597
590 597
591 597
592 597
593 597
594 597
595 597
596 597
15 598
561 598
562 598
563 598
564 598
565 598
566 598
567 598
568 598
569 598
570 598
571 598
572 598
573 598
574 598
575 598
576 598
577 598
578 598
579 598
580 598
581 598
582 598
583 598
584 598
585 598
586 598
587 598
588 598
589 598
590 598
591 598
592 598
593 598
594 598
595 598
596 598
597 598
15 599
561 599
562 599
563 599
564 599
565 599
566 599
567 599
568 599
569 599
570 599
571 599
572 599
573 599
574 599
575 599
576 599
577 599
578 599
579 599
580 599
581 599
582 599
583 599
584 599
585 599
586 599
587 599
588 599
589 599
590 599
591 599
592 599
593 599
594 599
595 599
596 599
597 599
598 599
15 600
561 600
562 600
563 600
564 600
565 600
566 600
567 600
568 600
569 600
570 600
571 600
572 600
573 600
574 600
575 600
576 600
577 600
578 600
579 600
580 600
581 600
582 600
583 600
584 600
585 600
586 600
587 600
588 600
589 600
590 600
591 600
592 600
593 600
594 600
595 600
596 600
597 600
598 600
599 600
15 601
561 601
562 601
563 601
564 601
565 601
566 601
567 601
568 601
569 601
570 601
571 601
572 601
573 601
574 601
575 601
576 601
577 601
578 601
579 601
580 601
581 601
582 601
583 601
584 601
585 601
586 601
587 601
588 601
589 601
590 601
591 601
592 601
593 601
594 601
595 601
596 601
597 601
598 601
599 601
600 601
15 602
561 602
562 602
563 602
564 602
565 602
566 602
567 602
568 602
569 602
570 602
571 602
572 602
573 602
574 602
575 602
576 602
577 602
578 602
579 602
580 602
581 602
582 602
583 602
584 602
585 602
586 602
587 602
588 602
589 602
590 602
591 602
592 602
593 602
594 602
595 602
596 602
597 602
598 602
599 602
600 602
601 602
15 603
561 603
562 603
563 603
564 603
565 603
566 603
567 603
568 603
569 603
570 603
571 603
572 603
573 603
574 603
575 603
576 603
577 603
578 603
579 603
580 603
581 603
582 603
583 603
584 603
585 603
586 603
587 603
588 603
589 603
590 603
591 603
592 603
593 603
594 603
595 603
596 603
597 603
598 603
599 603
600 603
601 603
602 603
15 604
561 604
562 604
563 604
564 604
565 604
566 604
567 604
568 604
569 604
570 604
571 604
572 604
573 604
574 604
575 604
576 604
577 604
578 604
579 604
580 604
581 604
582 604
583 604
584 604
585 604
586 604
587 604
588 604
589 604
590 604
591 604
592 604
593 604
594 604
595 604
596 604
597 604
598 604
599 604
600 604
601 604
602 604
603 604
15 605
561 605
562 605
563 605
564 605
565 605
566 605
567 605
568 605
569 605
570 605
571 605
572 605
573 605
574 605
575 605
576 605
577 605
578 605
579 605
580 605
581 605
582 605
583 605
584 605
585 605
586 605
587 605
588 605
589 605
590 605
591 605
592 605
593 605
594 605
595 605
596 605
597 605
598 605
599 605
600 605
601 605
602 605
603 605
604 605
15 606
561 606
562 606
563 606
564 606
565 606
566 606
567 606
568 606
569 606
570 606
571 606
572 606
573 606
574 606
575 606
576 606
577 606
578 606
579 606
580 606
581 606
582 606
583 606
584 606
585 606
586 606
587 606
588 606
589 606
590 606
591 606
592 606
593 606
594 606
595 606
596 606
597 606
598 606
599 606
600 606
601 606
602 606
603 606
604 606
605 606
15 607
561 607
562 607
563 607
564 607
565 607
566 607
567 607
568 607
569 607
570 607
571 607
572 607
573 607
574 607
575 607
576 607
577 607
578 607
579 607
580 607
581 607
582 607
583 607
584 607
585 607
586 607
587 607
588 607
589 607
590 607
591 607
592 607
593 607
594 607
595 607
596 607
597 607
598 607
599 607
600 607
601 607
602 607
603 607
604 607
605 607
606 607
15 608
561 608
562 608
563 608
564 608
565 608
566 608
567 608
568 608
569 608
570 608
571 608
572 608
573 608
574 608
575 608
576 608
577 608
578 608
579 608
580 608
581 608
582 608
583 608
584 608
585 608
586 608
587 608
588 608
589 608
590 608
591 608
592 608
593 608
594 608
595 608
596 608
597 608
598 608
599 608
600 608
601 608
602 608
603 608
604 608
605 608
606 608
607 608
15 609
561 609
562 609
563 609
564 609
565 609
566 609
567 609
568 609
569 609
570 609
571 609
572 609
573 609
574 609
575 609
576 609
577 609
578 609
579 609
580 609
581 609
582 609
583 609
584 609
585 609
586 609
587 609
588 609
589 609
590 609
591 609
592 609
593 609
594 609
595 609
596 609
597 609
598 609
599 609
600 609
601 609
602 609
603 609
604 609
605 609
606 609
607 609
608 609
15 610
561 610
562 610
563 610
564 610
565 610
566 610
567 610
568 610
569 610
570 610
571 610
572 610
573 610
574 610
575 610
576 610
577 610
578 610
579 610
580 610
581 610
582 610
583 610
584 610
585 610
586 610
587 610
588 610
589 610
590 610
591 610
592 610
593 610
594 610
595 610
596 610
597 610
598 610
599 610
600 610
601 610
602 610
603 610
604 610
605 610
606 610
607 610
608 610
609 610
15 611
561 611
562 611
563 611
564 611
565 611
566 611
567 611
568 611
569 611
570 611
571 611
572 611
573 611
574 611
575 611
576 611
577 611
578 611
579 611
580 611
581 611
582 611
583 611
584 611
585 611
586 611
587 611
588 611
589 611
590 611
591 611
592 611
593 611
594 611
595 611
596 611
597 611
598 611
599 611
600 611
601 611
602 611
603 611
604 611
605 611
606 611
607 611
608 611
609 611
610 611
15 612
561 612
562 612
563 612
564 612
565 612
566 612
567 612
568 612
569 612
570 612
571 612
572 612
573 612
574 612
575 612
576 612
577 612
578 612
579 612
580 612
581 612
582 612
583 612
584 612
585 612
586 612
587 612
588 612
589 612
590 612
591 612
592 612
593 612
594 612
595 612
596 612
597 612
598 612
599 612
600 612
601 612
602 612
603 612
604 612
605 612
606 612
607 612
608 612
609 612
610 612
611 612
15 613
561 613
562 613
563 613
564 613
565 613
566 613
567 613
568 613
569 613
570 613
571 613
572 613
573 613
574 613
575 613
576 613
577 613
578 613
579 613
580 613
581 613
582 613
583 613
584 613
585 613
586 613
587 613
588 613
589 613
590 613
591 613
592 613
593 613
594 613
595 613
596 613
597 613
598 613
599 613
600 613
601 613
602 613
603 613
604 613
605 613
606 613
607 613
608 613
609 613
610 613
611 613
612 613
15 614
561 614
562 614
563 614
564 614
565 614
566 614
567 614
568 614
569 614
570 614
571 614
572 614
573 614
574 614
575 614
576 614
577 614
578 614
579 614
580 614
581 614
582 614
583 614
584 614
585 614
586 614
587 614
588 614
589 614
590 614
591 614
592 614
593 614
594 614
595 614
596 614
597 614
598 614
599 614
600 614
601 614
602 614
603 614
604 614
605 614
606 614
607 614
608 614
609 614
610 614
611 614
612 614
613 614
15 615
561 615
562 615
563 615
564 615
565 615
566 615
567 615
568 615
569 615
570 615
571 615
572 615
573 615
574 615
575 615
576 615
577 615
578 615
579 615
580 615
581 615
582 615
583 615
584 615
585 615
586 615
587 615
588 615
589 615
590 615
591 615
592 615
593 615
594 615
595 615
596 615
597 615
598 615
599 615
600 615
601 615
602 615
603 615
604 615
605 615
606 615
607 615
608 615
609 615
610 615
611 615
612 615
613 615
614 615
15 616
561 616
562 616
563 616
564 616
565 616
566 616
567 616
568 616
569 616
570 616
571 616
572 616
573 616
574 616
575 616
576 616
577 616
578 616
579 616
580 616
581 616
582 616
583 616
584 616
585 616
586 616
587 616
588 616
589 616
590 616
591 616
592 616
593 616
594 616
595 616
596 616
597 616
598 616
599 616
600 616
601 616
602 616
603 616
604 616
605 616
606 616
607 616
608 616
609 616
610 616
611 616
612 616
613 616
614 616
615 616
15 617
561 617
562 617
563 617
564 617
565 617
566 617
567 617
568 617
569 617
570 617
571 617
572 617
573 617
574 617
575 617
576 617
577 617
578 617
579 617
580 617
581 617
582 617
583 617
584 617
585 617
586 617
587 617
588 617
589 617
590 617
591 617
592 617
593 617
594 617
595 617
596 617
597 617
598 617
599 617
600 617
601 617
602 617
603 617
604 617
605 617
606 617
607 617
608 617
609 617
610 617
611 617
612 617
613 617
614 617
615 617
616 617
15 618
561 618
562 618
563 618
564 618
565 618
566 618
567 618
568 618
569 618
570 618
571 618
572 618
573 618
574 618
575 618
576 618
577 618
578 618
579 618
580 618
581 618
582 618
583 618
584 618
585 618
586 618
587 618
588 618
589 618
590 618
591 618
592 618
593 618
594 618
595 618
596 618
597 618
598 618
599 618
600 618
601 618
602 618
603 618
604 618
605 618
606 618
607 618
608 618
609 618
610 618
611 618
612 618
613 618
614 618
615 618
616 618
617 618
15 619
561 619
562 619
563 619
564 619
565 619
566 619
567 619
568 619
569 619
570 619
571 619
572 619
573 619
574 619
575 619
576 619
577 619
578 619
579 619
580 619
581 619
582 619
583 619
584 619
585 619
586 619
587 619
588 619
589 619
590 619
591 619
592 619
593 619
594 619
595 619
596 619
597 619
598 619
599 619
600 619
601 619
602 619
603 619
604 619
605 619
606 619
607 619
608 619
609 619
610 619
611 619
612 619
613 619
614 619
615 619
616 619
617 619
618 619
15 620
561 620
562 620
563 620
564 620
565 620
566 620
567 620
568 620
569 620
570 620
571 620
572 620
573 620
574 620
575 620
576 620
577 620
578 620
579 620
580 620
581 620
582 620
583 620
584 620
585 620
586 620
587 620
588 620
589 620
590 620
591 620
592 620
593 620
594 620
595 620
596 620
597 620
598 620
599 620
600 620
601 620
602 620
603 620
604 620
605 620
606 620
607 620
608 620
609 620
610 620
611 620
612 620
613 620
614 620
615 620
616 620
617 620
618 620
619 620
15 621
561 621
562 621
563 621
564 621
565 621
566 621
567 621
568 621
569 621
570 621
571 621
572 621
573 621
574 621
575 621
576 621
577 621
578 621
579 621
580 621
581 621
582 621
583 621
584 621
585 621
586 621
587 621
588 621
589 621
590 621
591 621
592 621
593 621
594 621
595 621
596 621
597 621
598 621
599 621
600 621
601 621
602 621
603 621
604 621
605 621
606 621
607 621
608 621
609 621
610 621
611 621
612 621
613 621
614 621
615 621
616 621
617 621
618 621
619 621
620 621
15 622
561 622
562 622
563 622
564 622
565 622
566 622
567 622
568 622
569 622
570 622
571 622
572 622
573 622
574 622
575 622
576 622
577 622
578 622
579 622
580 622
581 622
582 622
583 622
584 622
585 622
586 622
587 622
588 622
589 622
590 622
591 622
592 622
593 622
594 622
595 622
596 622
597 622
598 622
599 622
600 622
601 622
602 622
603 622
604 622
605 622
606 622
607 622
608 622
609 622
610 622
611 622
612 622
613 622
614 622
615 622
616 622
617 622
618 622
619 622
620 622
621 622
15 623
561 623
562 623
563 623
564 623
565 623
566 623
567 623
568 623
569 623
570 623
571 623
572 623
573 623
574 623
575 623
576 623
577 623
578 623
579 623
580 623
581 623
582 623
583 623
584 623
585 623
586 623
587 623
588 623
589 623
590 623
591 623
592 623
593 623
594 623
595 623
596 623
597 623
598 623
599 623
600 623
601 623
602 623
603 623
604 623
605 623
606 623
607 623
608 623
609 623
610 623
611 623
612 623
613 623
614 623
615 623
616 623
617 623
618 623
619 623
620 623
621 623
622 623
15 624
561 624
562 624
563 624
564 624
565 624
566 624
567 624
568 624
569 624
570 624
571 624
572 624
573 624
574 624
575 624
576 624
577 624
578 624
579 624
580 624
581 624
582 624
583 624
584 624
585 624
586 624
587 624
588 624
589 624
590 624
591 624
592 624
593 624
594 624
595 624
596 624
597 624
598 624
599 624
600 624
601 624
602 624
603 624
604 624
605 624
606 624
607 624
608 624
609 624
610 624
611 624
612 624
613 624
614 624
615 624
616 624
617 624
618 624
619 624
620 624
621 624
622 624
623 624
15 625
561 625
562 625
563 625
564 625
565 625
566 625
567 625
568 625
569 625
570 625
571 625
572 625
573 625
574 625
575 625
576 625
577 625
578 625
579 625
580 625
581 625
582 625
583 625
584 625
585 625
586 625
587 625
588 625
589 625
590 625
591 625
592 625
593 625
594 625
595 625
596 625
597 625
598 625
599 625
600 625
601 625
602 625
603 625
604 625
605 625
606 625
607 625
608 625
609 625
610 625
611 625
612 625
613 625
614 625
615 625
616 625
617 625
618 625
619 625
620 625
621 625
622 625
623 625
624 625
15 626
561 626
562 626
563 626
564 626
565 626
566 626
567 626
568 626
569 626
570 626
571 626
572 626
573 626
574 626
575 626
576 626
577 626
578 626
579 626
580 626
581 626
582 626
583 626
584 626
585 626
586 626
587 626
588 626
589 626
590 626
591 626
592 626
593 626
594 626
595 626
596 626
597 626
598 626
599 626
600 626
601 626
602 626
603 626
604 626
605 626
606 626
607 626
608 626
609 626
610 626
611 626
612 626
613 626
614 626
615 626
616 626
617 626
618 626
619 626
620 626
621 626
622 626
623 626
624 626
625 626
15 627
561 627
562 627
563 627
564 627
565 627
566 627
567 627
568 627
569 627
570 627
571 627
572 627
573 627
574 627
575 627
576 627
577 627
578 627
579 627
580 627
581 627
582 627
583 627
584 627
585 627
586 627
587 627
588 627
589 627
590 627
591 627
592 627
593 627
594 627
595 627
596 627
597 627
598 627
599 627
600 627
601 627
602 627
603 627
604 627
605 627
606 627
607 627
608 627
609 627
610 627
611 627
612 627
613 627
614 627
615 627
616 627
617 627
618 627
619 627
620 627
621 627
622 627
623 627
624 627
625 627
626 627
15 628
561 628
562 628
563 628
564 628
565 628
566 628
567 628
568 628
569 628
570 628
571 628
572 628
573 628
574 628
575 628
576 628
577 628
578 628
579 628
580 628
581 628
582 628
583 628
584 628
585 628
586 628
587 628
588 628
589 628
590 628
591 628
592 628
593 628
594 628
595 628
596 628
597 628
598 628
599 628
600 628
601 628
602 628
603 628
604 628
605 628
606 628
607 628
608 628
609 628
610 628
611 628
612 628
613 628
614 628
615 628
616 628
617 628
618 628
619 628
620 628
621 628
622 628
623 628
624 628
625 628
626 628
627 628
15 629
561 629
562 629
563 629
564 629
565 629
566 629
567 629
568 629
569 629
570 629
571 629
572 629
573 629
574 629
575 629
576 629
577 629
578 629
579 629
580 629
581 629
582 629
583 629
584 629
585 629
586 629
587 629
588 629
589 629
590 629
591 629
592 629
593 629
594 629
595 629
596 629
597 629
598 629
599 629
600 629
601 629
602 629
603 629
604 629
605 629
606 629
607 629
608 629
609 629
610 629
611 629
612 629
613 629
614 629
615 629
616 629
617 629
618 629
619 629
620 629
621 629
622 629
623 629
624 629
625 629
626 629
627 629
628 629
15 630
561 630
562 630
563 630
564 630
565 630
566 630
567 630
568 630
569 630
570 630
571 630
572 630
573 630
574 630
575 630
576 630
577 630
578 630
579 630
580 630
581 630
582 630
583 630
584 630
585 630
586 630
587 630
588 630
589 630
590 630
591 630
592 630
593 630
594 630
595 630
596 630
597 630
598 630
599 630
600 630
601 630
602 630
603 630
604 630
605 630
606 630
607 630
608 630
609 630
610 630
611 630
612 630
613 630
614 630
615 630
616 630
617 630
618 630
619 630
620 630
621 630
622 630
623 630
624 630
625 630
626 630
627 630
628 630
629 630
15 631
561 631
562 631
563 631
564 631
565 631
566 631
567 631
568 631
569 631
570 631
571 631
572 631
573 631
574 631
575 631
576 631
577 631
578 631
579 631
580 631
581 631
582 631
583 631
584 631
585 631
586 631
587 631
588 631
589 631
590 631
591 631
592 631
593 631
594 631
595 631
596 631
597 631
598 631
599 631
600 631
601 631
602 631
603 631
604 631
605 631
606 631
607 631
608 631
609 631
610 631
611 631
612 631
613 631
614 631
615 631
616 631
617 631
618 631
619 631
620 631
621 631
622 631
623 631
624 631
625 631
626 631
627 631
628 631
629 631
630 631
15 632
561 632
562 632
563 632
564 632
565 632
566 632
567 632
568 632
569 632
570 632
571 632
572 632
573 632
574 632
575 632
576 632
577 632
578 632
579 632
580 632
581 632
582 632
583 632
584 632
585 632
586 632
587 632
588 632
589 632
590 632
591 632
592 632
593 632
594 632
595 632
596 632
597 632
598 632
599 632
600 632
601 632
602 632
603 632
604 632
605 632
606 632
607 632
608 632
609 632
610 632
611 632
612 632
613 632
614 632
615 632
616 632
617 632
618 632
619 632
620 632
621 632
622 632
623 632
624 632
625 632
626 632
627 632
628 632
629 632
630 632
631 632
15 633
561 633
562 633
563 633
564 633
565 633
566 633
567 633
568 633
569 633
570 633
571 633
572 633
573 633
574 633
575 633
576 633
577 633
578 633
579 633
580 633
581 633
582 633
583 633
584 633
585 633
586 633
587 633
588 633
589 633
590 633
591 633
592 633
593 633
594 633
595 633
596 633
597 633
598 633
599 633
600 633
601 633
602 633
603 633
604 633
605 633
606 633
607 633
608 633
609 633
610 633
611 633
612 633
613 633
614 633
615 633
616 633
617 633
618 633
619 633
620 633
621 633
622 633
623 633
624 633
625 633
626 633
627 633
628 633
629 633
630 633
631 633
632 633
15 634
561 634
562 634
563 634
564 634
565 634
566 634
567 634
568 634
569 634
570 634
571 634
572 634
573 634
574 634
575 634
576 634
577 634
578 634
579 634
580 634
581 634
582 634
583 634
584 634
585 634
586 634
587 634
588 634
589 634
590 634
591 634
592 634
593 634
594 634
595 634
596 634
597 634
598 634
599 634
600 634
601 634
602 634
603 634
604 634
605 634
606 634
607 634
608 634
609 634
610 634
611 634
612 634
613 634
614 634
615 634
616 634
617 634
618 634
619 634
620 634
621 634
622 634
623 634
624 634
625 634
626 634
627 634
628 634
629 634
630 634
631 634
632 634
633 634
15 635
561 635
562 635
563 635
564 635
565 635
566 635
567 635
568 635
569 635
570 635
571 635
572 635
573 635
574 635
575 635
576 635
577 635
578 635
579 635
580 635
581 635
582 635
583 635
584 635
585 635
586 635
587 635
588 635
589 635
590 635
591 635
592 635
593 635
594 635
595 635
596 635
597 635
598 635
599 635
600 635
601 635
602 635
603 635
604 635
605 635
606 635
607 635
608 635
609 635
610 635
611 635
612 635
613 635
614 635
615 635
616 635
617 635
618 635
619 635
620 635
621 635
622 635
623 635
624 635
625 635
626 635
627 635
628 635
629 635
630 635
631 635
632 635
633 635
634 635
15 636
561 636
562 636
563 636
564 636
565 636
566 636
567 636
568 636
569 636
570 636
571 636
572 636
573 636
574 636
575 636
576 636
577 636
578 636
579 636
580 636
581 636
582 636
583 636
584 636
585 636
586 636
587 636
588 636
589 636
590 636
591 636
592 636
593 636
594 636
595 636
596 636
597 636
598 636
599 636
600 636
601 636
602 636
603 636
604 636
605 636
606 636
607 636
608 636
609 636
610 636
611 636
612 636
613 636
614 636
615 636
616 636
617 636
618 636
619 636
620 636
621 636
622 636
623 636
624 636
625 636
626 636
627 636
628 636
629 636
630 636
631 636
632 636
633 636
634 636
635 636
15 637
561 637
562 637
563 637
564 637
565 637
566 637
567 637
568 637
569 637
570 637
571 637
572 637
573 637
574 637
575 637
576 637
577 637
578 637
579 637
580 637
581 637
582 637
583 637
584 637
585 637
586 637
587 637
588 637
589 637
590 637
591 637
592 637
593 637
594 637
595 637
596 637
597 637
598 637
599 637
600 637
601 637
602 637
603 637
604 637
605 637
606 637
607 637
608 637
609 637
610 637
611 637
612 637
613 637
614 637
615 637
616 637
617 637
618 637
619 637
620 637
621 637
622 637
623 637
624 637
625 637
626 637
627 637
628 637
629 637
630 637
631 637
632 637
633 637
634 637
635 637
636 637
15 638
561 638
562 638
563 638
564 638
565 638
566 638
567 638
568 638
569 638
570 638
571 638
572 638
573 638
574 638
575 638
576 638
577 638
578 638
579 638
580 638
581 638
582 638
583 638
584 638
585 638
586 638
587 638
588 638
589 638
590 638
591 638
592 638
593 638
594 638
595 638
596 638
597 638
598 638
599 638
600 638
601 638
602 638
603 638
604 638
605 638
606 638
607 638
608 638
609 638
610 638
611 638
612 638
613 638
614 638
615 638
616 638
617 638
618 638
619 638
620 638
621 638
622 638
623 638
624 638
625 638
626 638
627 638
628 638
629 638
630 638
631 638
632 638
633 638
634 638
635 638
636 638
637 638
15 639
561 639
562 639
563 639
564 639
565 639
566 639
567 639
568 639
569 639
570 639
571 639
572 639
573 639
574 639
575 639
576 639
577 639
578 639
579 639
580 639
581 639
582 639
583 639
584 639
585 639
586 639
587 639
588 639
589 639
590 639
591 639
592 639
593 639
594 639
595 639
596 639
597 639
598 639
599 639
600 639
601 639
602 639
603 639
604 639
605 639
606 639
607 639
608 639
609 639
610 639
611 639
612 639
613 639
614 639
615 639
616 639
617 639
618 639
619 639
620 639
621 639
622 639
623 639
624 639
625 639
626 639
627 639
628 639
629 639
630 639
631 639
632 639
633 639
634 639
635 639
636 639
637 639
638 639
15 640
561 640
562 640
563 640
564 640
565 640
566 640
567 640
568 640
569 640
570 640
571 640
572 640
573 640
574 640
575 640
576 640
577 640
578 640
579 640
580 640
581 640
582 640
583 640
584 640
585 640
586 640
587 640
588 640
589 640
590 640
591 640
592 640
593 640
594 640
595 640
596 640
597 640
598 640
599 640
600 640
601 640
602 640
603 640
604 640
605 640
606 640
607 640
608 640
609 640
610 640
611 640
612 640
613 640
614 640
615 640
616 640
617 640
618 640
619 640
620 640
621 640
622 640
623 640
624 640
625 640
626 640
627 640
628 640
629 640
630 640
631 640
632 640
633 640
634 640
635 640
636 640
637 640
638 640
639 640
15 641
561 641
562 641
563 641
564 641
565 641
566 641
567 641
568 641
569 641
570 641
571 641
572 641
573 641
574 641
575 641
576 641
577 641
578 641
579 641
580 641
581 641
582 641
583 641
584 641
585 641
586 641
587 641
588 641
589 641
590 641
591 641
592 641
593 641
594 641
595 641
596 641
597 641
598 641
599 641
600 641
601 641
602 641
603 641
604 641
605 641
606 641
607 641
608 641
609 641
610 641
611 641
612 641
613 641
614 641
615 641
616 641
617 641
618 641
619 641
620 641
621 641
622 641
623 641
624 641
625 641
626 641
627 641
628 641
629 641
630 641
631 641
632 641
633 641
634 641
635 641
636 641
637 641
638 641
639 641
640 641
15 642
561 642
562 642
563 642
564 642
565 642
566 642
567 642
568 642
569 642
570 642
571 642
572 642
573 642
574 642
575 642
576 642
577 642
578 642
579 642
580 642
581 642
582 642
583 642
584 642
585 642
586 642
587 642
588 642
589 642
590 642
591 642
592 642
593 642
594 642
595 642
596 642
597 642
598 642
599 642
600 642
601 642
602 642
603 642
604 642
605 642
606 642
607 642
608 642
609 642
610 642
611 642
612 642
613 642
614 642
615 642
616 642
617 642
618 642
619 642
620 642
621 642
622 642
623 642
624 642
625 642
626 642
627 642
628 642
629 642
630 642
631 642
632 642
633 642
634 642
635 642
636 642
637 642
638 642
639 642
640 642
641 642
15 643
561 643
562 643
563 643
564 643
565 643
566 643
567 643
568 643
569 643
570 643
571 643
572 643
573 643
574 643
575 643
576 643
577 643
578 643
579 643
580 643
581 643
582 643
583 643
584 643
585 643
586 643
587 643
588 643
589 643
590 643
591 643
592 643
593 643
594 643
595 643
596 643
597 643
598 643
599 643
600 643
601 643
602 643
603 643
604 643
605 643
606 643
607 643
608 643
609 643
610 643
611 643
612 643
613 643
614 643
615 643
616 643
617 643
618 643
619 643
620 643
621 643
622 643
623 643
624 643
625 643
626 643
627 643
628 643
629 643
630 643
631 643
632 643
633 643
634 643
635 643
636 643
637 643
638 643
639 643
640 643
641 643
642 643
15 644
561 644
562 644
563 644
564 644
565 644
566 644
567 644
568 644
569 644
570 644
571 644
572 644
573 644
574 644
575 644
576 644
577 644
578 644
579 644
580 644
581 644
582 644
583 644
584 644
585 644
586 644
587 644
588 644
589 644
590 644
591 644
592 644
593 644
594 644
595 644
596 644
597 644
598 644
599 644
600 644
601 644
602 644
603 644
604 644
605 644
606 644
607 644
608 644
609 644
610 644
611 644
612 644
613 644
614 644
615 644
616 644
617 644
618 644
619 644
620 644
621 644
622 644
623 644
624 644
625 644
626 644
627 644
628 644
629 644
630 644
631 644
632 644
633 644
634 644
635 644
636 644
637 644
638 644
639 644
640 644
641 644
642 644
643 644
15 645
561 645
562 645
563 645
564 645
565 645
566 645
567 645
568 645
569 645
570 645
571 645
572 645
573 645
574 645
575 645
576 645
577 645
578 645
579 645
580 645
581 645
582 645
583 645
584 645
585 645
586 645
587 645
588 645
589 645
590 645
591 645
592 645
593 645
594 645
595 645
596 645
597 645
598 645
599 645
600 645
601 645
602 645
603 645
604 645
605 645
606 645
607 645
608 645
609 645
610 645
611 645
612 645
613 645
614 645
615 645
616 645
617 645
618 645
619 645
620 645
621 645
622 645
623 645
624 645
625 645
626 645
627 645
628 645
629 645
630 645
631 645
632 645
633 645
634 645
635 645
636 645
637 645
638 645
639 645
640 645
641 645
642 645
643 645
644 645
15 646
561 646
562 646
563 646
564 646
565 646
566 646
567 646
568 646
569 646
570 646
571 646
572 646
573 646
574 646
575 646
576 646
577 646
578 646
579 646
580 646
581 646
582 646
583 646
584 646
585 646
586 646
587 646
588 646
589 646
590 646
591 646
592 646
593 646
594 646
595 646
596 646
597 646
598 646
599 646
600 646
601 646
602 646
603 646
604 646
605 646
606 646
607 646
608 646
609 646
610 646
611 646
612 646
613 646
614 646
615 646
616 646
617 646
618 646
619 646
620 646
621 646
622 646
623 646
624 646
625 646
626 646
627 646
628 646
629 646
630 646
631 646
632 646
633 646
634 646
635 646
636 646
637 646
638 646
639 646
640 646
641 646
642 646
643 646
644 646
645 646
15 647
561 647
562 647
563 647
564 647
565 647
566 647
567 647
568 647
569 647
570 647
571 647
572 647
573 647
574 647
575 647
576 647
577 647
578 647
579 647
580 647
581 647
582 647
583 647
584 647
585 647
586 647
587 647
588 647
589 647
590 647
591 647
592 647
593 647
594 647
595 647
596 647
597 647
598 647
599 647
600 647
601 647
602 647
603 647
604 647
605 647
606 647
607 647
608 647
609 647
610 647
611 647
612 647
613 647
614 647
615 647
616 647
617 647
618 647
619 647
620 647
621 647
622 647
623 647
624 647
625 647
626 647
627 647
628 647
629 647
630 647
631 647
632 647
633 647
634 647
635 647
636 647
637 647
638 647
639 647
640 647
641 647
642 647
643 647
644 647
645 647
646 647
15 648
561 648
562 648
563 648
564 648
565 648
566 648
567 648
568 648
569 648
570 648
571 648
572 648
573 648
574 648
575 648
576 648
577 648
578 648
579 648
580 648
581 648
582 648
583 648
584 648
585 648
586 648
587 648
588 648
589 648
590 648
591 648
592 648
593 648
594 648
595 648
596 648
597 648
598 648
599 648
600 648
601 648
602 648
603 648
604 648
605 648
606 648
607 648
608 648
609 648
610 648
611 648
612 648
613 648
614 648
615 648
616 648
617 648
618 648
619 648
620 648
621 648
622 648
623 648
624 648
625 648
626 648
627 648
628 648
629 648
630 648
631 648
632 648
633 648
634 648
635 648
636 648
637 648
638 648
639 648
640 648
641 648
642 648
643 648
644 648
645 648
646 648
647 648
15 649
561 649
562 649
563 649
564 649
565 649
566 649
567 649
568 649
569 649
570 649
571 649
572 649
573 649
574 649
575 649
576 649
577 649
578 649
579 649
580 649
581 649
582 649
583 649
584 649
585 649
586 649
587 649
588 649
589 649
590 649
591 649
592 649
593 649
594 649
595 649
596 649
597 649
598 649
599 649
600 649
601 649
602 649
603 649
604 649
605 649
606 649
607 649
608 649
609 649
610 649
611 649
612 649
613 649
614 649
615 649
616 649
617 649
618 649
619 649
620 649
621 649
622 649
623 649
624 649
625 649
626 649
627 649
628 649
629 649
630 649
631 649
632 649
633 649
634 649
635 649
636 649
637 649
638 649
639 649
640 649
641 649
642 649
643 649
644 649
645 649
646 649
647 649
648 649
15 650
561 650
562 650
563 650
564 650
565 650
566 650
567 650
568 650
569 650
570 650
571 650
572 650
573 650
574 650
575 650
576 650
577 650
578 650
579 650
580 650
581 650
582 650
583 650
584 650
585 650
586 650
587 650
588 650
589 650
590 650
591 650
592 650
593 650
594 650
595 650
596 650
597 650
598 650
599 650
600 650
601 650
602 650
603 650
604 650
605 650
606 650
607 650
608 650
609 650
610 650
611 650
612 650
613 650
614 650
615 650
616 650
617 650
618 650
619 650
620 650
621 650
622 650
623 650
624 650
625 650
626 650
627 650
628 650
629 650
630 650
631 650
632 650
633 650
634 650
635 650
636 650
637 650
638 650
639 650
640 650
641 650
642 650
643 650
644 650
645 650
646 650
647 650
648 650
649 650
15 651
561 651
562 651
563 651
564 651
565 651
566 651
567 651
568 651
569 651
570 651
571 651
572 651
573 651
574 651
575 651
576 651
577 651
578 651
579 651
580 651
581 651
582 651
583 651
584 651
585 651
586 651
587 651
588 651
589 651
590 651
591 651
592 651
593 651
594 651
595 651
596 651
597 651
598 651
599 651
600 651
601 651
602 651
603 651
604 651
605 651
606 651
607 651
608 651
609 651
610 651
611 651
612 651
613 651
614 651
615 651
616 651
617 651
618 651
619 651
620 651
621 651
622 651
623 651
624 651
625 651
626 651
627 651
628 651
629 651
630 651
631 651
632 651
633 651
634 651
635 651
636 651
637 651
638 651
639 651
640 651
641 651
642 651
643 651
644 651
645 651
646 651
647 651
648 651
649 651
650 651
15 652
561 652
562 652
563 652
564 652
565 652
566 652
567 652
568 652
569 652
570 652
571 652
572 652
573 652
574 652
575 652
576 652
577 652
578 652
579 652
580 652
581 652
582 652
583 652
584 652
585 652
586 652
587 652
588 652
589 652
590 652
591 652
592 652
593 652
594 652
595 652
596 652
597 652
598 652
599 652
600 652
601 652
602 652
603 652
604 652
605 652
606 652
607 652
608 652
609 652
610 652
611 652
612 652
613 652
614 652
615 652
616 652
617 652
618 652
619 652
620 652
621 652
622 652
623 652
624 652
625 652
626 652
627 652
628 652
629 652
630 652
631 652
632 652
633 652
634 652
635 652
636 652
637 652
638 652
639 652
640 652
641 652
642 652
643 652
644 652
645 652
646 652
647 652
648 652
649 652
650 652
651 652
15 653
561 653
562 653
563 653
564 653
565 653
566 653
567 653
568 653
569 653
570 653
571 653
572 653
573 653
574 653
575 653
576 653
577 653
578 653
579 653
580 653
581 653
582 653
583 653
584 653
585 653
586 653
587 653
588 653
589 653
590 653
591 653
592 653
593 653
594 653
595 653
596 653
597 653
598 653
599 653
600 653
601 653
602 653
603 653
604 653
605 653
606 653
607 653
608 653
609 653
610 653
611 653
612 653
613 653
614 653
615 653
616 653
617 653
618 653
619 653
620 653
621 653
622 653
623 653
624 653
625 653
626 653
627 653
628 653
629 653
630 653
631 653
632 653
633 653
634 653
635 653
636 653
637 653
638 653
639 653
640 653
641 653
642 653
643 653
644 653
645 653
646 653
647 653
648 653
649 653
650 653
651 653
652 653
15 654
561 654
562 654
563 654
564 654
565 654
566 654
567 654
568 654
569 654
570 654
571 654
572 654
573 654
574 654
575 654
576 654
577 654
578 654
579 654
580 654
581 654
582 654
583 654
584 654
585 654
586 654
587 654
588 654
589 654
590 654
591 654
592 654
593 654
594 654
595 654
596 654
597 654
598 654
599 654
600 654
601 654
602 654
603 654
604 654
605 654
606 654
607 654
608 654
609 654
610 654
611 654
612 654
613 654
614 654
615 654
616 654
617 654
618 654
619 654
620 654
621 654
622 654
623 654
624 654
625 654
626 654
627 654
628 654
629 654
630 654
631 654
632 654
633 654
634 654
635 654
636 654
637 654
638 654
639 654
640 654
641 654
642 654
643 654
644 654
645 654
646 654
647 654
648 654
649 654
650 654
651 654
652 654
653 654
15 655
561 655
562 655
563 655
564 655
565 655
566 655
567 655
568 655
569 655
570 655
571 655
572 655
573 655
574 655
575 655
576 655
577 655
578 655
579 655
580 655
581 655
582 655
583 655
584 655
585 655
586 655
587 655
588 655
589 655
590 655
591 655
592 655
593 655
594 655
595 655
596 655
597 655
598 655
599 655
600 655
601 655
602 655
603 655
604 655
605 655
606 655
607 655
608 655
609 655
610 655
611 655
612 655
613 655
614 655
615 655
616 655
617 655
618 655
619 655
620 655
621 655
622 655
623 655
624 655
625 655
626 655
627 655
628 655
629 655
630 655
631 655
632 655
633 655
634 655
635 655
636 655
637 655
638 655
639 655
640 655
641 655
642 655
643 655
644 655
645 655
646 655
647 655
648 655
649 655
650 655
651 655
652 655
653 655
654 655
15 656
561 656
562 656
563 656
564 656
565 656
566 656
567 656
568 656
569 656
570 656
571 656
572 656
573 656
574 656
575 656
576 656
577 656
578 656
579 656
580 656
581 656
582 656
583 656
584 656
585 656
586 656
587 656
588 656
589 656
590 656
591 656
592 656
593 656
594 656
595 656
596 656
597 656
598 656
599 656
600 656
601 656
602 656
603 656
604 656
605 656
606 656
607 656
608 656
609 656
610 656
611 656
612 656
613 656
614 656
615 656
616 656
617 656
618 656
619 656
620 656
621 656
622 656
623 656
624 656
625 656
626 656
627 656
628 656
629 656
630 656
631 656
632 656
633 656
634 656
635 656
636 656
637 656
638 656
639 656
640 656
641 656
642 656
643 656
644 656
645 656
646 656
647 656
648 656
649 656
650 656
651 656
652 656
653 656
654 656
655 656
15 657
561 657
562 657
563 657
564 657
565 657
566 657
567 657
568 657
569 657
570 657
571 657
572 657
573 657
574 657
575 657
576 657
577 657
578 657
579 657
580 657
581 657
582 657
583 657
584 657
585 657
586 657
587 657
588 657
589 657
590 657
591 657
592 657
593 657
594 657
595 657
596 657
597 657
598 657
599 657
600 657
601 657
602 657
603 657
604 657
605 657
606 657
607 657
608 657
609 657
610 657
611 657
612 657
613 657
614 657
615 657
616 657
617 657
618 657
619 657
620 657
621 657
622 657
623 657
624 657
625 657
626 657
627 657
628 657
629 657
630 657
631 657
632 657
633 657
634 657
635 657
636 657
637 657
638 657
639 657
640 657
641 657
642 657
643 657
644 657
645 657
646 657
647 657
648 657
649 657
650 657
651 657
652 657
653 657
654 657
655 657
656 657
15 658
561 658
562 658
563 658
564 658
565 658
566 658
567 658
568 658
569 658
570 658
571 658
572 658
573 658
574 658
575 658
576 658
577 658
578 658
579 658
580 658
581 658
582 658
583 658
584 658
585 658
586 658
587 658
588 658
589 658
590 658
591 658
592 658
593 658
594 658
595 658
596 658
597 658
598 658
599 658
600 658
601 658
602 658
603 658
604 658
605 658
606 658
607 658
608 658
609 658
610 658
611 658
612 658
613 658
614 658
615 658
616 658
617 658
618 658
619 658
620 658
621 658
622 658
623 658
624 658
625 658
626 658
627 658
628 658
629 658
630 658
631 658
632 658
633 658
634 658
635 658
636 658
637 658
638 658
639 658
640 658
641 658
642 658
643 658
644 658
645 658
646 658
647 658
648 658
649 658
650 658
651 658
652 658
653 658
654 658
655 658
656 658
657 658
15 659
561 659
562 659
563 659
564 659
565 659
566 659
567 659
568 659
569 659
570 659
571 659
572 659
573 659
574 659
575 659
576 659
577 659
578 659
579 659
580 659
581 659
582 659
583 659
584 659
585 659
586 659
587 659
588 659
589 659
590 659
591 659
592 659
593 659
594 659
595 659
596 659
597 659
598 659
599 659
600 659
601 659
602 659
603 659
604 659
605 659
606 659
607 659
608 659
609 659
610 659
611 659
612 659
613 659
614 659
615 659
616 659
617 659
618 659
619 659
620 659
621 659
622 659
623 659
624 659
625 659
626 659
627 659
628 659
629 659
630 659
631 659
632 659
633 659
634 659
635 659
636 659
637 659
638 659
639 659
640 659
641 659
642 659
643 659
644 659
645 659
646 659
647 659
648 659
649 659
650 659
651 659
652 659
653 659
654 659
655 659
656 659
657 659
658 659
15 660
561 660
562 660
563 660
564 660
565 660
566 660
567 660
568 660
569 660
570 660
571 660
572 660
573 660
574 660
575 660
576 660
577 660
578 660
579 660
580 660
581 660
582 660
583 660
584 660
585 660
586 660
587 660
588 660
589 660
590 660
591 660
592 660
593 660
594 660
595 660
596 660
597 660
598 660
599 660
600 660
601 660
602 660
603 660
604 660
605 660
606 660
607 660
608 660
609 660
610 660
611 660
612 660
613 660
614 660
615 660
616 660
617 660
618 660
619 660
620 660
621 660
622 660
623 660
624 660
625 660
626 660
627 660
628 660
629 660
630 660
631 660
632 660
633 660
634 660
635 660
636 660
637 660
638 660
639 660
640 660
641 660
642 660
643 660
644 660
645 660
646 660
647 660
648 660
649 660
650 660
651 660
652 660
653 660
654 660
655 660
656 660
657 660
658 660
659 660
15 661
561 661
562 661
563 661
564 661
565 661
566 661
567 661
568 661
569 661
570 661
571 661
572 661
573 661
574 661
575 661
576 661
577 661
578 661
579 661
580 661
581 661
582 661
583 661
584 661
585 661
586 661
587 661
588 661
589 661
590 661
591 661
592 661
593 661
594 661
595 661
596 661
597 661
598 661
599 661
600 661
601 661
602 661
603 661
604 661
605 661
606 661
607 661
608 661
609 661
610 661
611 661
612 661
613 661
614 661
615 661
616 661
617 661
618 661
619 661
620 661
621 661
622 661
623 661
624 661
625 661
626 661
627 661
628 661
629 661
630 661
631 661
632 661
633 661
634 661
635 661
636 661
637 661
638 661
639 661
640 661
641 661
642 661
643 661
644 661
645 661
646 661
647 661
648 661
649 661
650 661
651 661
652 661
653 661
654 661
655 661
656 661
657 661
658 661
659 661
660 661
15 662
561 662
562 662
563 662
564 662
565 662
566 662
567 662
568 662
569 662
570 662
571 662
572 662
573 662
574 662
575 662
576 662
577 662
578 662
579 662
580 662
581 662
582 662
583 662
584 662
585 662
586 662
587 662
588 662
589 662
590 662
591 662
592 662
593 662
594 662
595 662
596 662
597 662
598 662
599 662
600 662
601 662
602 662
603 662
604 662
605 662
606 662
607 662
608 662
609 662
610 662
611 662
612 662
613 662
614 662
615 662
616 662
617 662
618 662
619 662
620 662
621 662
622 662
623 662
624 662
625 662
626 662
627 662
628 662
629 662
630 662
631 662
632 662
633 662
634 662
635 662
636 662
637 662
638 662
639 662
640 662
641 662
642 662
643 662
644 662
645 662
646 662
647 662
648 662
649 662
650 662
651 662
652 662
653 662
654 662
655 662
656 662
657 662
658 662
659 662
660 662
661 662
15 663
561 663
562 663
563 663
564 663
565 663
566 663
567 663
568 663
569 663
570 663
571 663
572 663
573 663
574 663
575 663
576 663
577 663
578 663
579 663
580 663
581 663
582 663
583 663
584 663
585 663
586 663
587 663
588 663
589 663
590 663
591 663
592 663
593 663
594 663
595 663
596 663
597 663
598 663
599 663
600 663
601 663
602 663
603 663
604 663
605 663
606 663
607 663
608 663
609 663
610 663
611 663
612 663
613 663
614 663
615 663
616 663
617 663
618 663
619 663
620 663
621 663
622 663
623 663
624 663
625 663
626 663
627 663
628 663
629 663
630 663
631 663
632 663
633 663
634 663
635 663
636 663
637 663
638 663
639 663
640 663
641 663
642 663
643 663
644 663
645 663
646 663
647 663
648 663
649 663
650 663
651 663
652 663
653 663
654 663
655 663
656 663
657 663
658 663
659 663
660 663
661 663
662 663
15 664
561 664
562 664
563 664
564 664
565 664
566 664
567 664
568 664
569 664
570 664
571 664
572 664
573 664
574 664
575 664
576 664
577 664
578 664
579 664
580 664
581 664
582 664
583 664
584 664
585 664
586 664
587 664
588 664
589 664
590 664
591 664
592 664
593 664
594 664
595 664
596 664
597 664
598 664
599 664
600 664
601 664
602 664
603 664
604 664
605 664
606 664
607 664
608 664
609 664
610 664
611 664
612 664
613 664
614 664
615 664
616 664
617 664
618 664
619 664
620 664
621 664
622 664
623 664
624 664
625 664
626 664
627 664
628 664
629 664
630 664
631 664
632 664
633 664
634 664
635 664
636 664
637 664
638 664
639 664
640 664
641 664
642 664
643 664
644 664
645 664
646 664
647 664
648 664
649 664
650 664
651 664
652 664
653 664
654 664
655 664
656 664
657 664
658 664
659 664
660 664
661 664
662 664
663 664
15 665
561 665
562 665
563 665
564 665
565 665
566 665
567 665
568 665
569 665
570 665
571 665
572 665
573 665
574 665
575 665
576 665
577 665
578 665
579 665
580 665
581 665
582 665
583 665
584 665
585 665
586 665
587 665
588 665
589 665
590 665
591 665
592 665
593 665
594 665
595 665
596 665
597 665
598 665
599 665
600 665
601 665
602 665
603 665
604 665
605 665
606 665
607 665
608 665
609 665
610 665
611 665
612 665
613 665
614 665
615 665
616 665
617 665
618 665
619 665
620 665
621 665
622 665
623 665
624 665
625 665
626 665
627 665
628 665
629 665
630 665
631 665
632 665
633 665
634 665
635 665
636 665
637 665
638 665
639 665
640 665
641 665
642 665
643 665
644 665
645 665
646 665
647 665
648 665
649 665
650 665
651 665
652 665
653 665
654 665
655 665
656 665
657 665
658 665
659 665
660 665
661 665
662 665
663 665
664 665
15 666
561 666
562 666
563 666
564 666
565 666
566 666
567 666
568 666
569 666
570 666
571 666
572 666
573 666
574 666
575 666
576 666
577 666
578 666
579 666
580 666
581 666
582 666
583 666
584 666
585 666
586 666
587 666
588 666
589 666
590 666
591 666
592 666
593 666
594 666
595 666
596 666
597 666
598 666
599 666
600 666
601 666
602 666
603 666
604 666
605 666
606 666
607 666
608 666
609 666
610 666
611 666
612 666
613 666
614 666
615 666
616 666
617 666
618 666
619 666
620 666
621 666
622 666
623 666
624 666
625 666
626 666
627 666
628 666
629 666
630 666
631 666
632 666
633 666
634 666
635 666
636 666
637 666
638 666
639 666
640 666
641 666
642 666
643 666
644 666
645 666
646 666
647 666
648 666
649 666
650 666
651 666
652 666
653 666
654 666
655 666
656 666
657 666
658 666
659 666
660 666
661 666
662 666
663 666
664 666
665 666
15 667
561 667
562 667
563 667
564 667
565 667
566 667
567 667
568 667
569 667
570 667
571 667
572 667
573 667
574 667
575 667
576 667
577 667
578 667
579 667
580 667
581 667
582 667
583 667
584 667
585 667
586 667
587 667
588 667
589 667
590 667
591 667
592 667
593 667
594 667
595 667
596 667
597 667
598 667
599 667
600 667
601 667
602 667
603 667
604 667
605 667
606 667
607 667
608 667
609 667
610 667
611 667
612 667
613 667
614 667
615 667
616 667
617 667
618 667
619 667
620 667
621 667
622 667
623 667
624 667
625 667
626 667
627 667
628 667
629 667
630 667
631 667
632 667
633 667
634 667
635 667
636 667
637 667
638 667
639 667
640 667
641 667
642 667
643 667
644 667
645 667
646 667
647 667
648 667
649 667
650 667
651 667
652 667
653 667
654 667
655 667
656 667
657 667
658 667
659 667
660 667
661 667
662 667
663 667
664 667
665 667
666 667
15 668
561 668
562 668
563 668
564 668
565 668
566 668
567 668
568 668
569 668
570 668
571 668
572 668
573 668
574 668
575 668
576 668
577 668
578 668
579 668
580 668
581 668
582 668
583 668
584 668
585 668
586 668
587 668
588 668
589 668
590 668
591 668
592 668
593 668
594 668
595 668
596 668
597 668
598 668
599 668
600 668
601 668
602 668
603 668
604 668
605 668
606 668
607 668
608 668
609 668
610 668
611 668
612 668
613 668
614 668
615 668
616 668
617 668
618 668
619 668
620 668
621 668
622 668
623 668
624 668
625 668
626 668
627 668
628 668
629 668
630 668
631 668
632 668
633 668
634 668
635 668
636 668
637 668
638 668
639 668
640 668
641 668
642 668
643 668
644 668
645 668
646 668
647 668
648 668
649 668
650 668
651 668
652 668
653 668
654 668
655 668
656 668
657 668
658 668
659 668
660 668
661 668
662 668
663 668
664 668
665 668
666 668
667 668
15 669
561 669
562 669
563 669
564 669
565 669
566 669
567 669
568 669
569 669
570 669
571 669
572 669
573 669
574 669
575 669
576 669
577 669
578 669
579 669
580 669
581 669
582 669
583 669
584 669
585 669
586 669
587 669
588 669
589 669
590 669
591 669
592 669
593 669
594 669
595 669
596 669
597 669
598 669
599 669
600 669
601 669
602 669
603 669
604 669
605 669
606 669
607 669
608 669
609 669
610 669
611 669
612 669
613 669
614 669
615 669
616 669
617 669
618 669
619 669
620 669
621 669
622 669
623 669
624 669
625 669
626 669
627 669
628 669
629 669
630 669
631 669
632 669
633 669
634 669
635 669
636 669
637 669
638 669
639 669
640 669
641 669
642 669
643 669
644 669
645 669
646 669
647 669
648 669
649 669
650 669
651 669
652 669
653 669
654 669
655 669
656 669
657 669
658 669
659 669
660 669
661 669
662 669
663 669
664 669
665 669
666 669
667 669
668 669
15 670
561 670
562 670
563 670
564 670
565 670
566 670
567 670
568 670
569 670
570 670
571 670
572 670
573 670
574 670
575 670
576 670
577 670
578 670
579 670
580 670
581 670
582 670
583 670
584 670
585 670
586 670
587 670
588 670
589 670
590 670
591 670
592 670
593 670
594 670
595 670
596 670
597 670
598 670
599 670
600 670
601 670
602 670
603 670
604 670
605 670
606 670
607 670
608 670
609 670
610 670
611 670
612 670
613 670
614 670
615 670
616 670
617 670
618 670
619 670
620 670
621 670
622 670
623 670
624 670
625 670
626 670
627 670
628 670
629 670
630 670
631 670
632 670
633 670
634 670
635 670
636 670
637 670
638 670
639 670
640 670
641 670
642 670
643 670
644 670
645 670
646 670
647 670
648 670
649 670
650 670
651 670
652 670
653 670
654 670
655 670
656 670
657 670
658 670
659 670
660 670
661 670
662 670
663 670
664 670
665 670
666 670
667 670
668 670
669 670
15 671
561 671
562 671
563 671
564 671
565 671
566 671
567 671
568 671
569 671
570 671
571 671
572 671
573 671
574 671
575 671
576 671
577 671
578 671
579 671
580 671
581 671
582 671
583 671
584 671
585 671
586 671
587 671
588 671
589 671
590 671
591 671
592 671
593 671
594 671
595 671
596 671
597 671
598 671
599 671
600 671
601 671
602 671
603 671
604 671
605 671
606 671
607 671
608 671
609 671
610 671
611 671
612 671
613 671
614 671
615 671
616 671
617 671
618 671
619 671
620 671
621 671
622 671
623 671
624 671
625 671
626 671
627 671
628 671
629 671
630 671
631 671
632 671
633 671
634 671
635 671
636 671
637 671
638 671
639 671
640 671
641 671
642 671
643 671
644 671
645 671
646 671
647 671
648 671
649 671
650 671
651 671
652 671
653 671
654 671
655 671
656 671
657 671
658 671
659 671
660 671
661 671
662 671
663 671
664 671
665 671
666 671
667 671
668 671
669 671
670 671
15 672
561 672
562 672
563 672
564 672
565 672
566 672
567 672
568 672
569 672
570 672
571 672
572 672
573 672
574 672
575 672
576 672
577 672
578 672
579 672
580 672
581 672
582 672
583 672
584 672
585 672
586 672
587 672
588 672
589 672
590 672
591 672
592 672
593 672
594 672
595 672
596 672
597 672
598 672
599 672
600 672
601 672
602 672
603 672
604 672
605 672
606 672
607 672
608 672
609 672
610 672
611 672
612 672
613 672
614 672
615 672
616 672
617 672
618 672
619 672
620 672
621 672
622 672
623 672
624 672
625 672
626 672
627 672
628 672
629 672
630 672
631 672
632 672
633 672
634 672
635 672
636 672
637 672
638 672
639 672
640 672
641 672
642 672
643 672
644 672
645 672
646 672
647 672
648 672
649 672
650 672
651 672
652 672
653 672
654 672
655 672
656 672
657 672
658 672
659 672
660 672
661 672
662 672
663 672
664 672
665 672
666 672
667 672
668 672
669 672
670 672
671 672
15 673
561 673
562 673
563 673
564 673
565 673
566 673
567 673
568 673
569 673
570 673
571 673
572 673
573 673
574 673
575 673
576 673
577 673
578 673
579 673
580 673
581 673
582 673
583 673
584 673
585 673
586 673
587 673
588 673
589 673
590 673
591 673
592 673
593 673
594 673
595 673
596 673
597 673
598 673
599 673
600 673
601 673
602 673
603 673
604 673
605 673
606 673
607 673
608 673
609 673
610 673
611 673
612 673
613 673
614 673
615 673
616 673
617 673
618 673
619 673
620 673
621 673
622 673
623 673
624 673
625 673
626 673
627 673
628 673
629 673
630 673
631 673
632 673
633 673
634 673
635 673
636 673
637 673
638 673
639 673
640 673
641 673
642 673
643 673
644 673
645 673
646 673
647 673
648 673
649 673
650 673
651 673
652 673
653 673
654 673
655 673
656 673
657 673
658 673
659 673
660 673
661 673
662 673
663 673
664 673
665 673
666 673
667 673
668 673
669 673
670 673
671 673
672 673
15 674
561 674
562 674
563 674
564 674
565 674
566 674
567 674
568 674
569 674
570 674
571 674
572 674
573 674
574 674
575 674
576 674
577 674
578 674
579 674
580 674
581 674
582 674
583 674
584 674
585 674
586 674
587 674
588 674
589 674
590 674
591 674
592 674
593 674
594 674
595 674
596 674
597 674
598 674
599 674
600 674
601 674
602 674
603 674
604 674
605 674
606 674
607 674
608 674
609 674
610 674
611 674
612 674
613 674
614 674
615 674
616 674
617 674
618 674
619 674
620 674
621 674
622 674
623 674
624 674
625 674
626 674
627 674
628 674
629 674
630 674
631 674
632 674
633 674
634 674
635 674
636 674
637 674
638 674
639 674
640 674
641 674
642 674
643 674
644 674
645 674
646 674
647 674
648 674
649 674
650 674
651 674
652 674
653 674
654 674
655 674
656 674
657 674
658 674
659 674
660 674
661 674
662 674
663 674
664 674
665 674
666 674
667 674
668 674
669 674
670 674
671 674
672 674
673 674
15 675
561 675
562 675
563 675
564 675
565 675
566 675
567 675
568 675
569 675
570 675
571 675
572 675
573 675
574 675
575 675
576 675
577 675
578 675
579 675
580 675
581 675
582 675
583 675
584 675
585 675
586 675
587 675
588 675
589 675
590 675
591 675
592 675
593 675
594 675
595 675
596 675
597 675
598 675
599 675
600 675
601 675
602 675
603 675
604 675
605 675
606 675
607 675
608 675
609 675
610 675
611 675
612 675
613 675
614 675
615 675
616 675
617 675
618 675
619 675
620 675
621 675
622 675
623 675
624 675
625 675
626 675
627 675
628 675
629 675
630 675
631 675
632 675
633 675
634 675
635 675
636 675
637 675
638 675
639 675
640 675
641 675
642 675
643 675
644 675
645 675
646 675
647 675
648 675
649 675
650 675
651 675
652 675
653 675
654 675
655 675
656 675
657 675
658 675
659 675
660 675
661 675
662 675
663 675
664 675
665 675
666 675
667 675
668 675
669 675
670 675
671 675
672 675
673 675
674 675
15 676
561 676
562 676
563 676
564 676
565 676
566 676
567 676
568 676
569 676
570 676
571 676
572 676
573 676
574 676
575 676
576 676
577 676
578 676
579 676
580 676
581 676
582 676
583 676
584 676
585 676
586 676
587 676
588 676
589 676
590 676
591 676
592 676
593 676
594 676
595 676
596 676
597 676
598 676
599 676
600 676
601 676
602 676
603 676
604 676
605 676
606 676
607 676
608 676
609 676
610 676
611 676
612 676
613 676
614 676
615 676
616 676
617 676
618 676
619 676
620 676
621 676
622 676
623 676
624 676
625 676
626 676
627 676
628 676
629 676
630 676
631 676
632 676
633 676
634 676
635 676
636 676
637 676
638 676
639 676
640 676
641 676
642 676
643 676
644 676
645 676
646 676
647 676
648 676
649 676
650 676
651 676
652 676
653 676
654 676
655 676
656 676
657 676
658 676
659 676
660 676
661 676
662 676
663 676
664 676
665 676
666 676
667 676
668 676
669 676
670 676
671 676
672 676
673 676
674 676
675 676
15 677
561 677
562 677
563 677
564 677
565 677
566 677
567 677
568 677
569 677
570 677
571 677
572 677
573 677
574 677
575 677
576 677
577 677
578 677
579 677
580 677
581 677
582 677
583 677
584 677
585 677
586 677
587 677
588 677
589 677
590 677
591 677
592 677
593 677
594 677
595 677
596 677
597 677
598 677
599 677
600 677
601 677
602 677
603 677
604 677
605 677
606 677
607 677
608 677
609 677
610 677
611 677
612 677
613 677
614 677
615 677
616 677
617 677
618 677
619 677
620 677
621 677
622 677
623 677
624 677
625 677
626 677
627 677
628 677
629 677
630 677
631 677
632 677
633 677
634 677
635 677
636 677
637 677
638 677
639 677
640 677
641 677
642 677
643 677
644 677
645 677
646 677
647 677
648 677
649 677
650 677
651 677
652 677
653 677
654 677
655 677
656 677
657 677
658 677
659 677
660 677
661 677
662 677
663 677
664 677
665 677
666 677
667 677
668 677
669 677
670 677
671 677
672 677
673 677
674 677
675 677
676 677
15 678
561 678
562 678
563 678
564 678
565 678
566 678
567 678
568 678
569 678
570 678
571 678
572 678
573 678
574 678
575 678
576 678
577 678
578 678
579 678
580 678
581 678
582 678
583 678
584 678
585 678
586 678
587 678
588 678
589 678
590 678
591 678
592 678
593 678
594 678
595 678
596 678
597 678
598 678
599 678
600 678
601 678
602 678
603 678
604 678
605 678
606 678
607 678
608 678
609 678
610 678
611 678
612 678
613 678
614 678
615 678
616 678
617 678
618 678
619 678
620 678
621 678
622 678
623 678
624 678
625 678
626 678
627 678
628 678
629 678
630 678
631 678
632 678
633 678
634 678
635 678
636 678
637 678
638 678
639 678
640 678
641 678
642 678
643 678
644 678
645 678
646 678
647 678
648 678
649 678
650 678
651 678
652 678
653 678
654 678
655 678
656 678
657 678
658 678
659 678
660 678
661 678
662 678
663 678
664 678
665 678
666 678
667 678
668 678
669 678
670 678
671 678
672 678
673 678
674 678
675 678
676 678
677 678
15 679
561 679
562 679
563 679
564 679
565 679
566 679
567 679
568 679
569 679
570 679
571 679
572 679
573 679
574 679
575 679
576 679
577 679
578 679
579 679
580 679
581 679
582 679
583 679
584 679
585 679
586 679
587 679
588 679
589 679
590 679
591 679
592 679
593 679
594 679
595 679
596 679
597 679
598 679
599 679
600 679
601 679
602 679
603 679
604 679
605 679
606 679
607 679
608 679
609 679
610 679
611 679
612 679
613 679
614 679
615 679
616 679
617 679
618 679
619 679
620 679
621 679
622 679
623 679
624 679
625 679
626 679
627 679
628 679
629 679
630 679
631 679
632 679
633 679
634 679
635 679
636 679
637 679
638 679
639 679
640 679
641 679
642 679
643 679
644 679
645 679
646 679
647 679
648 679
649 679
650 679
651 679
652 679
653 679
654 679
655 679
656 679
657 679
658 679
659 679
660 679
661 679
662 679
663 679
664 679
665 679
666 679
667 679
668 679
669 679
670 679
671 679
672 679
673 679
674 679
675 679
676 679
677 679
678 679
15 680
561 680
562 680
563 680
564 680
565 680
566 680
567 680
568 680
569 680
570 680
571 680
572 680
573 680
574 680
575 680
576 680
577 680
578 680
579 680
580 680
581 680
582 680
583 680
584 680
585 680
586 680
587 680
588 680
589 680
590 680
591 680
592 680
593 680
594 680
595 680
596 680
597 680
598 680
599 680
600 680
601 680
602 680
603 680
604 680
605 680
606 680
607 680
608 680
609 680
610 680
611 680
612 680
613 680
614 680
615 680
616 680
617 680
618 680
619 680
620 680
621 680
622 680
623 680
624 680
625 680
626 680
627 680
628 680
629 680
630 680
631 680
632 680
633 680
634 680
635 680
636 680
637 680
638 680
639 680
640 680
641 680
642 680
643 680
644 680
645 680
646 680
647 680
648 680
649 680
650 680
651 680
652 680
653 680
654 680
655 680
656 680
657 680
658 680
659 680
660 680
661 680
662 680
663 680
664 680
665 680
666 680
667 680
668 680
669 680
670 680
671 680
672 680
673 680
674 680
675 680
676 680
677 680
678 680
679 680
15 681
561 681
562 681
563 681
564 681
565 681
566 681
567 681
568 681
569 681
570 681
571 681
572 681
573 681
574 681
575 681
576 681
577 681
578 681
579 681
580 681
581 681
582 681
583 681
584 681
585 681
586 681
587 681
588 681
589 681
590 681
591 681
592 681
593 681
594 681
595 681
596 681
597 681
598 681
599 681
600 681
601 681
602 681
603 681
604 681
605 681
606 681
607 681
608 681
609 681
610 681
611 681
612 681
613 681
614 681
615 681
616 681
617 681
618 681
619 681
620 681
621 681
622 681
623 681
624 681
625 681
626 681
627 681
628 681
629 681
630 681
631 681
632 681
633 681
634 681
635 681
636 681
637 681
638 681
639 681
640 681
641 681
642 681
643 681
644 681
645 681
646 681
647 681
648 681
649 681
650 681
651 681
652 681
653 681
654 681
655 681
656 681
657 681
658 681
659 681
660 681
661 681
662 681
663 681
664 681
665 681
666 681
667 681
668 681
669 681
670 681
671 681
672 681
673 681
674 681
675 681
676 681
677 681
678 681
679 681
680 681
15 682
561 682
562 682
563 682
564 682
565 682
566 682
567 682
568 682
569 682
570 682
571 682
572 682
573 682
574 682
575 682
576 682
577 682
578 682
579 682
580 682
581 682
582 682
583 682
584 682
585 682
586 682
587 682
588 682
589 682
590 682
591 682
592 682
593 682
594 682
595 682
596 682
597 682
598 682
599 682
600 682
601 682
602 682
603 682
604 682
605 682
606 682
607 682
608 682
609 682
610 682
611 682
612 682
613 682
614 682
615 682
616 682
617 682
618 682
619 682
620 682
621 682
622 682
623 682
624 682
625 682
626 682
627 682
628 682
629 682
630 682
631 682
632 682
633 682
634 682
635 682
636 682
637 682
638 682
639 682
640 682
641 682
642 682
643 682
644 682
645 682
646 682
647 682
648 682
649 682
650 682
651 682
652 682
653 682
654 682
655 682
656 682
657 682
658 682
659 682
660 682
661 682
662 682
663 682
664 682
665 682
666 682
667 682
668 682
669 682
670 682
671 682
672 682
673 682
674 682
675 682
676 682
677 682
678 682
679 682
680 682
681 682
15 683
561 683
562 683
563 683
564 683
565 683
566 683
567 683
568 683
569 683
570 683
571 683
572 683
573 683
574 683
575 683
576 683
577 683
578 683
579 683
580 683
581 683
582 683
583 683
584 683
585 683
586 683
587 683
588 683
589 683
590 683
591 683
592 683
593 683
594 683
595 683
596 683
597 683
598 683
599 683
600 683
601 683
602 683
603 683
604 683
605 683
606 683
607 683
608 683
609 683
610 683
611 683
612 683
613 683
614 683
615 683
616 683
617 683
618 683
619 683
620 683
621 683
622 683
623 683
624 683
625 683
626 683
627 683
628 683
629 683
630 683
631 683
632 683
633 683
634 683
635 683
636 683
637 683
638 683
639 683
640 683
641 683
642 683
643 683
644 683
645 683
646 683
647 683
648 683
649 683
650 683
651 683
652 683
653 683
654 683
655 683
656 683
657 683
658 683
659 683
660 683
661 683
662 683
663 683
664 683
665 683
666 683
667 683
668 683
669 683
670 683
671 683
672 683
673 683
674 683
675 683
676 683
677 683
678 683
679 683
680 683
681 683
682 683
15 684
561 684
562 684
563 684
564 684
565 684
566 684
567 684
568 684
569 684
570 684
571 684
572 684
573 684
574 684
575 684
576 684
577 684
578 684
579 684
580 684
581 684
582 684
583 684
584 684
585 684
586 684
587 684
588 684
589 684
590 684
591 684
592 684
593 684
594 684
595 684
596 684
597 684
598 684
599 684
600 684
601 684
602 684
603 684
604 684
605 684
606 684
607 684
608 684
609 684
610 684
611 684
612 684
613 684
614 684
615 684
616 684
617 684
618 684
619 684
620 684
621 684
622 684
623 684
624 684
625 684
626 684
627 684
628 684
629 684
630 684
631 684
632 684
633 684
634 684
635 684
636 684
637 684
638 684
639 684
640 684
641 684
642 684
643 684
644 684
645 684
646 684
647 684
648 684
649 684
650 684
651 684
652 684
653 684
654 684
655 684
656 684
657 684
658 684
659 684
660 684
661 684
662 684
663 684
664 684
665 684
666 684
667 684
668 684
669 684
670 684
671 684
672 684
673 684
674 684
675 684
676 684
677 684
678 684
679 684
680 684
681 684
682 684
683 684
15 685
561 685
562 685
563 685
564 685
565 685
566 685
567 685
568 685
569 685
570 685
571 685
572 685
573 685
574 685
575 685
576 685
577 685
578 685
579 685
580 685
581 685
582 685
583 685
584 685
585 685
586 685
587 685
588 685
589 685
590 685
591 685
592 685
593 685
594 685
595 685
596 685
597 685
598 685
599 685
600 685
601 685
602 685
603 685
604 685
605 685
606 685
607 685
608 685
609 685
610 685
611 685
612 685
613 685
614 685
615 685
616 685
617 685
618 685
619 685
620 685
621 685
622 685
623 685
624 685
625 685
626 685
627 685
628 685
629 685
630 685
631 685
632 685
633 685
634 685
635 685
636 685
637 685
638 685
639 685
640 685
641 685
642 685
643 685
644 685
645 685
646 685
647 685
648 685
649 685
650 685
651 685
652 685
653 685
654 685
655 685
656 685
657 685
658 685
659 685
660 685
661 685
662 685
663 685
664 685
665 685
666 685
667 685
668 685
669 685
670 685
671 685
672 685
673 685
674 685
675 685
676 685
677 685
678 685
679 685
680 685
681 685
682 685
683 685
684 685
15 686
561 686
562 686
563 686
564 686
565 686
566 686
567 686
568 686
569 686
570 686
571 686
572 686
573 686
574 686
575 686
576 686
577 686
578 686
579 686
580 686
581 686
582 686
583 686
584 686
585 686
586 686
587 686
588 686
589 686
590 686
591 686
592 686
593 686
594 686
595 686
596 686
597 686
598 686
599 686
600 686
601 686
602 686
603 686
604 686
605 686
606 686
607 686
608 686
609 686
610 686
611 686
612 686
613 686
614 686
615 686
616 686
617 686
618 686
619 686
620 686
621 686
622 686
623 686
624 686
625 686
626 686
627 686
628 686
629 686
630 686
631 686
632 686
633 686
634 686
635 686
636 686
637 686
638 686
639 686
640 686
641 686
642 686
643 686
644 686
645 686
646 686
647 686
648 686
649 686
650 686
651 686
652 686
653 686
654 686
655 686
656 686
657 686
658 686
659 686
660 686
661 686
662 686
663 686
664 686
665 686
666 686
667 686
668 686
669 686
670 686
671 686
672 686
673 686
674 686
675 686
676 686
677 686
678 686
679 686
680 686
681 686
682 686
683 686
684 686
685 686
15 687
561 687
562 687
563 687
564 687
565 687
566 687
567 687
568 687
569 687
570 687
571 687
572 687
573 687
574 687
575 687
576 687
577 687
578 687
579 687
580 687
581 687
582 687
583 687
584 687
585 687
586 687
587 687
588 687
589 687
590 687
591 687
592 687
593 687
594 687
595 687
596 687
597 687
598 687
599 687
600 687
601 687
602 687
603 687
604 687
605 687
606 687
607 687
608 687
609 687
610 687
611 687
612 687
613 687
614 687
615 687
616 687
617 687
618 687
619 687
620 687
621 687
622 687
623 687
624 687
625 687
626 687
627 687
628 687
629 687
630 687
631 687
632 687
633 687
634 687
635 687
636 687
637 687
638 687
639 687
640 687
641 687
642 687
643 687
644 687
645 687
646 687
647 687
648 687
649 687
650 687
651 687
652 687
653 687
654 687
655 687
656 687
657 687
658 687
659 687
660 687
661 687
662 687
663 687
664 687
665 687
666 687
667 687
668 687
669 687
670 687
671 687
672 687
673 687
674 687
675 687
676 687
677 687
678 687
679 687
680 687
681 687
682 687
683 687
684 687
685 687
686 687
15 688
561 688
562 688
563 688
564 688
565 688
566 688
567 688
568 688
569 688
570 688
571 688
572 688
573 688
574 688
575 688
576 688
577 688
578 688
579 688
580 688
581 688
582 688
583 688
584 688
585 688
586 688
587 688
588 688
589 688
590 688
591 688
592 688
593 688
594 688
595 688
596 688
597 688
598 688
599 688
600 688
601 688
602 688
603 688
604 688
605 688
606 688
607 688
608 688
609 688
610 688
611 688
612 688
613 688
614 688
615 688
616 688
617 688
618 688
619 688
620 688
621 688
622 688
623 688
624 688
625 688
626 688
627 688
628 688
629 688
630 688
631 688
632 688
633 688
634 688
635 688
636 688
637 688
638 688
639 688
640 688
641 688
642 688
643 688
644 688
645 688
646 688
647 688
648 688
649 688
650 688
651 688
652 688
653 688
654 688
655 688
656 688
657 688
658 688
659 688
660 688
661 688
662 688
663 688
664 688
665 688
666 688
667 688
668 688
669 688
670 688
671 688
672 688
673 688
674 688
675 688
676 688
677 688
678 688
679 688
680 688
681 688
682 688
683 688
684 688
685 688
686 688
687 688
15 689
561 689
562 689
563 689
564 689
565 689
566 689
567 689
568 689
569 689
570 689
571 689
572 689
573 689
574 689
575 689
576 689
577 689
578 689
579 689
580 689
581 689
582 689
583 689
584 689
585 689
586 689
587 689
588 689
589 689
590 689
591 689
592 689
593 689
594 689
595 689
596 689
597 689
598 689
599 689
600 689
601 689
602 689
603 689
604 689
605 689
606 689
607 689
608 689
609 689
610 689
611 689
612 689
613 689
614 689
615 689
616 689
617 689
618 689
619 689
620 689
621 689
622 689
623 689
624 689
625 689
626 689
627 689
628 689
629 689
630 689
631 689
632 689
633 689
634 689
635 689
636 689
637 689
638 689
639 689
640 689
641 689
642 689
643 689
644 689
645 689
646 689
647 689
648 689
649 689
650 689
651 689
652 689
653 689
654 689
655 689
656 689
657 689
658 689
659 689
660 689
661 689
662 689
663 689
664 689
665 689
666 689
667 689
668 689
669 689
670 689
671 689
672 689
673 689
674 689
675 689
676 689
677 689
678 689
679 689
680 689
681 689
682 689
683 689
684 689
685 689
686 689
687 689
688 689
15 690
561 690
562 690
563 690
564 690
565 690
566 690
567 690
568 690
569 690
570 690
571 690
572 690
573 690
574 690
575 690
576 690
577 690
578 690
579 690
580 690
581 690
582 690
583 690
584 690
585 690
586 690
587 690
588 690
589 690
590 690
591 690
592 690
593 690
594 690
595 690
596 690
597 690
598 690
599 690
600 690
601 690
602 690
603 690
604 690
605 690
606 690
607 690
608 690
609 690
610 690
611 690
612 690
613 690
614 690
615 690
616 690
617 690
618 690
619 690
620 690
621 690
622 690
623 690
624 690
625 690
626 690
627 690
628 690
629 690
630 690
631 690
632 690
633 690
634 690
635 690
636 690
637 690
638 690
639 690
640 690
641 690
642 690
643 690
644 690
645 690
646 690
647 690
648 690
649 690
650 690
651 690
652 690
653 690
654 690
655 690
656 690
657 690
658 690
659 690
660 690
661 690
662 690
663 690
664 690
665 690
666 690
667 690
668 690
669 690
670 690
671 690
672 690
673 690
674 690
675 690
676 690
677 690
678 690
679 690
680 690
681 690
682 690
683 690
684 690
685 690
686 690
687 690
688 690
689 690
15 691
561 691
562 691
563 691
564 691
565 691
566 691
567 691
568 691
569 691
570 691
571 691
572 691
573 691
574 691
575 691
576 691
577 691
578 691
579 691
580 691
581 691
582 691
583 691
584 691
585 691
586 691
587 691
588 691
589 691
590 691
591 691
592 691
593 691
594 691
595 691
596 691
597 691
598 691
599 691
600 691
601 691
602 691
603 691
604 691
605 691
606 691
607 691
608 691
609 691
610 691
611 691
612 691
613 691
614 691
615 691
616 691
617 691
618 691
619 691
620 691
621 691
622 691
623 691
624 691
625 691
626 691
627 691
628 691
629 691
630 691
631 691
632 691
633 691
634 691
635 691
636 691
637 691
638 691
639 691
640 691
641 691
642 691
643 691
644 691
645 691
646 691
647 691
648 691
649 691
650 691
651 691
652 691
653 691
654 691
655 691
656 691
657 691
658 691
659 691
660 691
661 691
662 691
663 691
664 691
665 691
666 691
667 691
668 691
669 691
670 691
671 691
672 691
673 691
674 691
675 691
676 691
677 691
678 691
679 691
680 691
681 691
682 691
683 691
684 691
685 691
686 691
687 691
688 691
689 691
690 691
15 692
561 692
562 692
563 692
564 692
565 692
566 692
567 692
568 692
569 692
570 692
571 692
572 692
573 692
574 692
575 692
576 692
577 692
578 692
579 692
580 692
581 692
582 692
583 692
584 692
585 692
586 692
587 692
588 692
589 692
590 692
591 692
592 692
593 692
594 692
595 692
596 692
597 692
598 692
599 692
600 692
601 692
602 692
603 692
604 692
605 692
606 692
607 692
608 692
609 692
610 692
611 692
612 692
613 692
614 692
615 692
616 692
617 692
618 692
619 692
620 692
621 692
622 692
623 692
624 692
625 692
626 692
627 692
628 692
629 692
630 692
631 692
632 692
633 692
634 692
635 692
636 692
637 692
638 692
639 692
640 692
641 692
642 692
643 692
644 692
645 692
646 692
647 692
648 692
649 692
650 692
651 692
652 692
653 692
654 692
655 692
656 692
657 692
658 692
659 692
660 692
661 692
662 692
663 692
664 692
665 692
666 692
667 692
668 692
669 692
670 692
671 692
672 692
673 692
674 692
675 692
676 692
677 692
678 692
679 692
680 692
681 692
682 692
683 692
684 692
685 692
686 692
687 692
688 692
689 692
690 692
691 692
15 693
561 693
562 693
563 693
564 693
565 693
566 693
567 693
568 693
569 693
570 693
571 693
572 693
573 693
574 693
575 693
576 693
577 693
578 693
579 693
580 693
581 693
582 693
583 693
584 693
585 693
586 693
587 693
588 693
589 693
590 693
591 693
592 693
593 693
594 693
595 693
596 693
597 693
598 693
599 693
600 693
601 693
602 693
603 693
604 693
605 693
606 693
607 693
608 693
609 693
610 693
611 693
612 693
613 693
614 693
615 693
616 693
617 693
618 693
619 693
620 693
621 693
622 693
623 693
624 693
625 693
626 693
627 693
628 693
629 693
630 693
631 693
632 693
633 693
634 693
635 693
636 693
637 693
638 693
639 693
640 693
641 693
642 693
643 693
644 693
645 693
646 693
647 693
648 693
649 693
650 693
651 693
652 693
653 693
654 693
655 693
656 693
657 693
658 693
659 693
660 693
661 693
662 693
663 693
664 693
665 693
666 693
667 693
668 693
669 693
670 693
671 693
672 693
673 693
674 693
675 693
676 693
677 693
678 693
679 693
680 693
681 693
682 693
683 693
684 693
685 693
686 693
687 693
688 693
689 693
690 693
691 693
692 693
15 694
561 694
562 694
563 694
564 694
565 694
566 694
567 694
568 694
569 694
570 694
571 694
572 694
573 694
574 694
575 694
576 694
577 694
578 694
579 694
580 694
581 694
582 694
583 694
584 694
585 694
586 694
587 694
588 694
589 694
590 694
591 694
592 694
593 694
594 694
595 694
596 694
597 694
598 694
599 694
600 694
601 694
602 694
603 694
604 694
605 694
606 694
607 694
608 694
609 694
610 694
611 694
612 694
613 694
614 694
615 694
616 694
617 694
618 694
619 694
620 694
621 694
622 694
623 694
624 694
625 694
626 694
627 694
628 694
629 694
630 694
631 694
632 694
633 694
634 694
635 694
636 694
637 694
638 694
639 694
640 694
641 694
642 694
643 694
644 694
645 694
646 694
647 694
648 694
649 694
650 694
651 694
652 694
653 694
654 694
655 694
656 694
657 694
658 694
659 694
660 694
661 694
662 694
663 694
664 694
665 694
666 694
667 694
668 694
669 694
670 694
671 694
672 694
673 694
674 694
675 694
676 694
677 694
678 694
679 694
680 694
681 694
682 694
683 694
684 694
685 694
686 694
687 694
688 694
689 694
690 694
691 694
692 694
693 694
15 695
561 695
562 695
563 695
564 695
565 695
566 695
567 695
568 695
569 695
570 695
571 695
572 695
573 695
574 695
575 695
576 695
577 695
578 695
579 695
580 695
581 695
582 695
583 695
584 695
585 695
586 695
587 695
588 695
589 695
590 695
591 695
592 695
593 695
594 695
595 695
596 695
597 695
598 695
599 695
600 695
601 695
602 695
603 695
604 695
605 695
606 695
607 695
608 695
609 695
610 695
611 695
612 695
613 695
614 695
615 695
616 695
617 695
618 695
619 695
620 695
621 695
622 695
623 695
624 695
625 695
626 695
627 695
628 695
629 695
630 695
631 695
632 695
633 695
634 695
635 695
636 695
637 695
638 695
639 695
640 695
641 695
642 695
643 695
644 695
645 695
646 695
647 695
648 695
649 695
650 695
651 695
652 695
653 695
654 695
655 695
656 695
657 695
658 695
659 695
660 695
661 695
662 695
663 695
664 695
665 695
666 695
667 695
668 695
669 695
670 695
671 695
672 695
673 695
674 695
675 695
676 695
677 695
678 695
679 695
680 695
681 695
682 695
683 695
684 695
685 695
686 695
687 695
688 695
689 695
690 695
691 695
692 695
693 695
694 695
15 696
561 696
562 696
563 696
564 696
565 696
566 696
567 696
568 696
569 696
570 696
571 696
572 696
573 696
574 696
575 696
576 696
577 696
578 696
579 696
580 696
581 696
582 696
583 696
584 696
585 696
586 696
587 696
588 696
589 696
590 696
591 696
592 696
593 696
594 696
595 696
596 696
597 696
598 696
599 696
600 696
601 696
602 696
603 696
604 696
605 696
606 696
607 696
608 696
609 696
610 696
611 696
612 696
613 696
614 696
615 696
616 696
617 696
618 696
619 696
620 696
621 696
622 696
623 696
624 696
625 696
626 696
627 696
628 696
629 696
630 696
631 696
632 696
633 696
634 696
635 696
636 696
637 696
638 696
639 696
640 696
641 696
642 696
643 696
644 696
645 696
646 696
647 696
648 696
649 696
650 696
651 696
652 696
653 696
654 696
655 696
656 696
657 696
658 696
659 696
660 696
661 696
662 696
663 696
664 696
665 696
666 696
667 696
668 696
669 696
670 696
671 696
672 696
673 696
674 696
675 696
676 696
677 696
678 696
679 696
680 696
681 696
682 696
683 696
684 696
685 696
686 696
687 696
688 696
689 696
690 696
691 696
692 696
693 696
694 696
695 696
15 697
561 697
562 697
563 697
564 697
565 697
566 697
567 697
568 697
569 697
570 697
571 697
572 697
573 697
574 697
575 697
576 697
577 697
578 697
579 697
580 697
581 697
582 697
583 697
584 697
585 697
586 697
587 697
588 697
589 697
590 697
591 697
592 697
593 697
594 697
595 697
596 697
597 697
598 697
599 697
600 697
601 697
602 697
603 697
604 697
605 697
606 697
607 697
608 697
609 697
610 697
611 697
612 697
613 697
614 697
615 697
616 697
617 697
618 697
619 697
620 697
621 697
622 697
623 697
624 697
625 697
626 697
627 697
628 697
629 697
630 697
631 697
632 697
633 697
634 697
635 697
636 697
637 697
638 697
639 697
640 697
641 697
642 697
643 697
644 697
645 697
646 697
647 697
648 697
649 697
650 697
651 697
652 697
653 697
654 697
655 697
656 697
657 697
658 697
659 697
660 697
661 697
662 697
663 697
664 697
665 697
666 697
667 697
668 697
669 697
670 697
671 697
672 697
673 697
674 697
675 697
676 697
677 697
678 697
679 697
680 697
681 697
682 697
683 697
684 697
685 697
686 697
687 697
688 697
689 697
690 697
691 697
692 697
693 697
694 697
695 697
696 697
15 698
561 698
562 698
563 698
564 698
565 698
566 698
567 698
568 698
569 698
570 698
571 698
572 698
573 698
574 698
575 698
576 698
577 698
578 698
579 698
580 698
581 698
582 698
583 698
584 698
585 698
586 698
587 698
588 698
589 698
590 698
591 698
592 698
593 698
594 698
595 698
596 698
597 698
598 698
599 698
600 698
601 698
602 698
603 698
604 698
605 698
606 698
607 698
608 698
609 698
610 698
611 698
612 698
613 698
614 698
615 698
616 698
617 698
618 698
619 698
620 698
621 698
622 698
623 698
624 698
625 698
626 698
627 698
628 698
629 698
630 698
631 698
632 698
633 698
634 698
635 698
636 698
637 698
638 698
639 698
640 698
641 698
642 698
643 698
644 698
645 698
646 698
647 698
648 698
649 698
650 698
651 698
652 698
653 698
654 698
655 698
656 698
657 698
658 698
659 698
660 698
661 698
662 698
663 698
664 698
665 698
666 698
667 698
668 698
669 698
670 698
671 698
672 698
673 698
674 698
675 698
676 698
677 698
678 698
679 698
680 698
681 698
682 698
683 698
684 698
685 698
686 698
687 698
688 698
689 698
690 698
691 698
692 698
693 698
694 698
695 698
696 698
697 698
15 699
561 699
562 699
563 699
564 699
565 699
566 699
567 699
568 699
569 699
570 699
571 699
572 699
573 699
574 699
575 699
576 699
577 699
578 699
579 699
580 699
581 699
582 699
583 699
584 699
585 699
586 699
587 699
588 699
589 699
590 699
591 699
592 699
593 699
594 699
595 699
596 699
597 699
598 699
599 699
600 699
601 699
602 699
603 699
604 699
605 699
606 699
607 699
608 699
609 699
610 699
611 699
612 699
613 699
614 699
615 699
616 699
617 699
618 699
619 699
620 699
621 699
622 699
623 699
624 699
625 699
626 699
627 699
628 699
629 699
630 699
631 699
632 699
633 699
634 699
635 699
636 699
637 699
638 699
639 699
640 699
641 699
642 699
643 699
644 699
645 699
646 699
647 699
648 699
649 699
650 699
651 699
652 699
653 699
654 699
655 699
656 699
657 699
658 699
659 699
660 699
661 699
662 699
663 699
664 699
665 699
666 699
667 699
668 699
669 699
670 699
671 699
672 699
673 699
674 699
675 699
676 699
677 699
678 699
679 699
680 699
681 699
682 699
683 699
684 699
685 699
686 699
687 699
688 699
689 699
690 699
691 699
692 699
693 699
694 699
695 699
696 699
697 699
698 699
15 700
561 700
562 700
563 700
564 700
565 700
566 700
567 700
568 700
569 700
570 700
571 700
572 700
573 700
574 700
575 700
576 700
577 700
578 700
579 700
580 700
581 700
582 700
583 700
584 700
585 700
586 700
587 700
588 700
589 700
590 700
591 700
592 700
593 700
594 700
595 700
596 700
597 700
598 700
599 700
600 700
601 700
602 700
603 700
604 700
605 700
606 700
607 700
608 700
609 700
610 700
611 700
612 700
613 700
614 700
615 700
616 700
617 700
618 700
619 700
620 700
621 700
622 700
623 700
624 700
625 700
626 700
627 700
628 700
629 700
630 700
631 700
632 700
633 700
634 700
635 700
636 700
637 700
638 700
639 700
640 700
641 700
642 700
643 700
644 700
645 700
646 700
647 700
648 700
649 700
650 700
651 700
652 700
653 700
654 700
655 700
656 700
657 700
658 700
659 700
660 700
661 700
662 700
663 700
664 700
665 700
666 700
667 700
668 700
669 700
670 700
671 700
672 700
673 700
674 700
675 700
676 700
677 700
678 700
679 700
680 700
681 700
682 700
683 700
684 700
685 700
686 700
687 700
688 700
689 700
690 700
691 700
692 700
693 700
694 700
695 700
696 700
697 700
698 700
699 700
15 701
561 701
562 701
563 701
564 701
565 701
566 701
567 701
568 701
569 701
570 701
571 701
572 701
573 701
574 701
575 701
576 701
577 701
578 701
579 701
580 701
581 701
582 701
583 701
584 701
585 701
586 701
587 701
588 701
589 701
590 701
591 701
592 701
593 701
594 701
595 701
596 701
597 701
598 701
599 701
600 701
601 701
602 701
603 701
604 701
605 701
606 701
607 701
608 701
609 701
610 701
611 701
612 701
613 701
614 701
615 701
616 701
617 701
618 701
619 701
620 701
621 701
622 701
623 701
624 701
625 701
626 701
627 701
628 701
629 701
630 701
631 701
632 701
633 701
634 701
635 701
636 701
637 701
638 701
639 701
640 701
641 701
642 701
643 701
644 701
645 701
646 701
647 701
648 701
649 701
650 701
651 701
652 701
653 701
654 701
655 701
656 701
657 701
658 701
659 701
660 701
661 701
662 701
663 701
664 701
665 701
666 701
667 701
668 701
669 701
670 701
671 701
672 701
673 701
674 701
675 701
676 701
677 701
678 701
679 701
680 701
681 701
682 701
683 701
684 701
685 701
686 701
687 701
688 701
689 701
690 701
691 701
692 701
693 701
694 701
695 701
696 701
697 701
698 701
699 701
700 701
15 702
561 702
562 702
563 702
564 702
565 702
566 702
567 702
568 702
569 702
570 702
571 702
572 702
573 702
574 702
575 702
576 702
577 702
578 702
579 702
580 702
581 702
582 702
583 702
584 702
585 702
586 702
587 702
588 702
589 702
590 702
591 702
592 702
593 702
594 702
595 702
596 702
597 702
598 702
599 702
600 702
601 702
602 702
603 702
604 702
605 702
606 702
607 702
608 702
609 702
610 702
611 702
612 702
613 702
614 702
615 702
616 702
617 702
618 702
619 702
620 702
621 702
622 702
623 702
624 702
625 702
626 702
627 702
628 702
629 702
630 702
631 702
632 702
633 702
634 702
635 702
636 702
637 702
638 702
639 702
640 702
641 702
642 702
643 702
644 702
645 702
646 702
647 702
648 702
649 702
650 702
651 702
652 702
653 702
654 702
655 702
656 702
657 702
658 702
659 702
660 702
661 702
662 702
663 702
664 702
665 702
666 702
667 702
668 702
669 702
670 702
671 702
672 702
673 702
674 702
675 702
676 702
677 702
678 702
679 702
680 702
681 702
682 702
683 702
684 702
685 702
686 702
687 702
688 702
689 702
690 702
691 702
692 702
693 702
694 702
695 702
696 702
697 702
698 702
699 702
700 702
701 702
15 703
561 703
562 703
563 703
564 703
565 703
566 703
567 703
568 703
569 703
570 703
571 703
572 703
573 703
574 703
575 703
576 703
577 703
578 703
579 703
580 703
581 703
582 703
583 703
584 703
585 703
586 703
587 703
588 703
589 703
590 703
591 703
592 703
593 703
594 703
595 703
596 703
597 703
598 703
599 703
600 703
601 703
602 703
603 703
604 703
605 703
606 703
607 703
608 703
609 703
610 703
611 703
612 703
613 703
614 703
615 703
616 703
617 703
618 703
619 703
620 703
621 703
622 703
623 703
624 703
625 703
626 703
627 703
628 703
629 703
630 703
631 703
632 703
633 703
634 703
635 703
636 703
637 703
638 703
639 703
640 703
641 703
642 703
643 703
644 703
645 703
646 703
647 703
648 703
649 703
650 703
651 703
652 703
653 703
654 703
655 703
656 703
657 703
658 703
659 703
660 703
661 703
662 703
663 703
664 703
665 703
666 703
667 703
668 703
669 703
670 703
671 703
672 703
673 703
674 703
675 703
676 703
677 703
678 703
679 703
680 703
681 703
682 703
683 703
684 703
685 703
686 703
687 703
688 703
689 703
690 703
691 703
692 703
693 703
694 703
695 703
696 703
697 703
698 703
699 703
700 703
701 703
702 703
15 704
561 704
562 704
563 704
564 704
565 704
566 704
567 704
568 704
569 704
570 704
571 704
572 704
573 704
574 704
575 704
576 704
577 704
578 704
579 704
580 704
581 704
582 704
583 704
584 704
585 704
586 704
587 704
588 704
589 704
590 704
591 704
592 704
593 704
594 704
595 704
596 704
597 704
598 704
599 704
600 704
601 704
602 704
603 704
604 704
605 704
606 704
607 704
608 704
609 704
610 704
611 704
612 704
613 704
614 704
615 704
616 704
617 704
618 704
619 704
620 704
621 704
622 704
623 704
624 704
625 704
626 704
627 704
628 704
629 704
630 704
631 704
632 704
633 704
634 704
635 704
636 704
637 704
638 704
639 704
640 704
641 704
642 704
643 704
644 704
645 704
646 704
647 704
648 704
649 704
650 704
651 704
652 704
653 704
654 704
655 704
656 704
657 704
658 704
659 704
660 704
661 704
662 704
663 704
664 704
665 704
666 704
667 704
668 704
669 704
670 704
671 704
672 704
673 704
674 704
675 704
676 704
677 704
678 704
679 704
680 704
681 704
682 704
683 704
684 704
685 704
686 704
687 704
688 704
689 704
690 704
691 704
692 704
693 704
694 704
695 704
696 704
697 704
698 704
699 704
700 704
701 704
702 704
703 704
15 705
561 705
562 705
563 705
564 705
565 705
566 705
567 705
568 705
569 705
570 705
571 705
572 705
573 705
574 705
575 705
576 705
577 705
578 705
579 705
580 705
581 705
582 705
583 705
584 705
585 705
586 705
587 705
588 705
589 705
590 705
591 705
592 705
593 705
594 705
595 705
596 705
597 705
598 705
599 705
600 705
601 705
602 705
603 705
604 705
605 705
606 705
607 705
608 705
609 705
610 705
611 705
612 705
613 705
614 705
615 705
616 705
617 705
618 705
619 705
620 705
621 705
622 705
623 705
624 705
625 705
626 705
627 705
628 705
629 705
630 705
631 705
632 705
633 705
634 705
635 705
636 705
637 705
638 705
639 705
640 705
641 705
642 705
643 705
644 705
645 705
646 705
647 705
648 705
649 705
650 705
651 705
652 705
653 705
654 705
655 705
656 705
657 705
658 705
659 705
660 705
661 705
662 705
663 705
664 705
665 705
666 705
667 705
668 705
669 705
670 705
671 705
672 705
673 705
674 705
675 705
676 705
677 705
678 705
679 705
680 705
681 705
682 705
683 705
684 705
685 705
686 705
687 705
688 705
689 705
690 705
691 705
692 705
693 705
694 705
695 705
696 705
697 705
698 705
699 705
700 705
701 705
702 705
703 705
704 705
15 706
561 706
562 706
563 706
564 706
565 706
566 706
567 706
568 706
569 706
570 706
571 706
572 706
573 706
574 706
575 706
576 706
577 706
578 706
579 706
580 706
581 706
582 706
583 706
584 706
585 706
586 706
587 706
588 706
589 706
590 706
591 706
592 706
593 706
594 706
595 706
596 706
597 706
598 706
599 706
600 706
601 706
602 706
603 706
604 706
605 706
606 706
607 706
608 706
609 706
610 706
611 706
612 706
613 706
614 706
615 706
616 706
617 706
618 706
619 706
620 706
621 706
622 706
623 706
624 706
625 706
626 706
627 706
628 706
629 706
630 706
631 706
632 706
633 706
634 706
635 706
636 706
637 706
638 706
639 706
640 706
641 706
642 706
643 706
644 706
645 706
646 706
647 706
648 706
649 706
650 706
651 706
652 706
653 706
654 706
655 706
656 706
657 706
658 706
659 706
660 706
661 706
662 706
663 706
664 706
665 706
666 706
667 706
668 706
669 706
670 706
671 706
672 706
673 706
674 706
675 706
676 706
677 706
678 706
679 706
680 706
681 706
682 706
683 706
684 706
685 706
686 706
687 706
688 706
689 706
690 706
691 706
692 706
693 706
694 706
695 706
696 706
697 706
698 706
699 706
700 706
701 706
702 706
703 706
704 706
705 706
15 707
561 707
562 707
563 707
564 707
565 707
566 707
567 707
568 707
569 707
570 707
571 707
572 707
573 707
574 707
575 707
576 707
577 707
578 707
579 707
580 707
581 707
582 707
583 707
584 707
585 707
586 707
587 707
588 707
589 707
590 707
591 707
592 707
593 707
594 707
595 707
596 707
597 707
598 707
599 707
600 707
601 707
602 707
603 707
604 707
605 707
606 707
607 707
608 707
609 707
610 707
611 707
612 707
613 707
614 707
615 707
616 707
617 707
618 707
619 707
620 707
621 707
622 707
623 707
624 707
625 707
626 707
627 707
628 707
629 707
630 707
631 707
632 707
633 707
634 707
635 707
636 707
637 707
638 707
639 707
640 707
641 707
642 707
643 707
644 707
645 707
646 707
647 707
648 707
649 707
650 707
651 707
652 707
653 707
654 707
655 707
656 707
657 707
658 707
659 707
660 707
661 707
662 707
663 707
664 707
665 707
666 707
667 707
668 707
669 707
670 707
671 707
672 707
673 707
674 707
675 707
676 707
677 707
678 707
679 707
680 707
681 707
682 707
683 707
684 707
685 707
686 707
687 707
688 707
689 707
690 707
691 707
692 707
693 707
694 707
695 707
696 707
697 707
698 707
699 707
700 707
701 707
702 707
703 707
704 707
705 707
706 707
15 708
561 708
562 708
563 708
564 708
565 708
566 708
567 708
568 708
569 708
570 708
571 708
572 708
573 708
574 708
575 708
576 708
577 708
578 708
579 708
580 708
581 708
582 708
583 708
584 708
585 708
586 708
587 708
588 708
589 708
590 708
591 708
592 708
593 708
594 708
595 708
596 708
597 708
598 708
599 708
600 708
601 708
602 708
603 708
604 708
605 708
606 708
607 708
608 708
609 708
610 708
611 708
612 708
613 708
614 708
615 708
616 708
617 708
618 708
619 708
620 708
621 708
622 708
623 708
624 708
625 708
626 708
627 708
628 708
629 708
630 708
631 708
632 708
633 708
634 708
635 708
636 708
637 708
638 708
639 708
640 708
641 708
642 708
643 708
644 708
645 708
646 708
647 708
648 708
649 708
650 708
651 708
652 708
653 708
654 708
655 708
656 708
657 708
658 708
659 708
660 708
661 708
662 708
663 708
664 708
665 708
666 708
667 708
668 708
669 708
670 708
671 708
672 708
673 708
674 708
675 708
676 708
677 708
678 708
679 708
680 708
681 708
682 708
683 708
684 708
685 708
686 708
687 708
688 708
689 708
690 708
691 708
692 708
693 708
694 708
695 708
696 708
697 708
698 708
699 708
700 708
701 708
702 708
703 708
704 708
705 708
706 708
707 708
15 709
561 709
562 709
563 709
564 709
565 709
566 709
567 709
568 709
569 709
570 709
571 709
572 709
573 709
574 709
575 709
576 709
577 709
578 709
579 709
580 709
581 709
582 709
583 709
584 709
585 709
586 709
587 709
588 709
589 709
590 709
591 709
592 709
593 709
594 709
595 709
596 709
597 709
598 709
599 709
600 709
601 709
602 709
603 709
604 709
605 709
606 709
607 709
608 709
609 709
610 709
611 709
612 709
613 709
614 709
615 709
616 709
617 709
618 709
619 709
620 709
621 709
622 709
623 709
624 709
625 709
626 709
627 709
628 709
629 709
630 709
631 709
632 709
633 709
634 709
635 709
636 709
637 709
638 709
639 709
640 709
641 709
642 709
643 709
644 709
645 709
646 709
647 709
648 709
649 709
650 709
651 709
652 709
653 709
654 709
655 709
656 709
657 709
658 709
659 709
660 709
661 709
662 709
663 709
664 709
665 709
666 709
667 709
668 709
669 709
670 709
671 709
672 709
673 709
674 709
675 709
676 709
677 709
678 709
679 709
680 709
681 709
682 709
683 709
684 709
685 709
686 709
687 709
688 709
689 709
690 709
691 709
692 709
693 709
694 709
695 709
696 709
697 709
698 709
699 709
700 709
701 709
702 709
703 709
704 709
705 709
706 709
707 709
708 709
15 710
561 710
562 710
563 710
564 710
565 710
566 710
567 710
568 710
569 710
570 710
571 710
572 710
573 710
574 710
575 710
576 710
577 710
578 710
579 710
580 710
581 710
582 710
583 710
584 710
585 710
586 710
587 710
588 710
589 710
590 710
591 710
592 710
593 710
594 710
595 710
596 710
597 710
598 710
599 710
600 710
601 710
602 710
603 710
604 710
605 710
606 710
607 710
608 710
609 710
610 710
611 710
612 710
613 710
614 710
615 710
616 710
617 710
618 710
619 710
620 710
621 710
622 710
623 710
624 710
625 710
626 710
627 710
628 710
629 710
630 710
631 710
632 710
633 710
634 710
635 710
636 710
637 710
638 710
639 710
640 710
641 710
642 710
643 710
644 710
645 710
646 710
647 710
648 710
649 710
650 710
651 710
652 710
653 710
654 710
655 710
656 710
657 710
658 710
659 710
660 710
661 710
662 710
663 710
664 710
665 710
666 710
667 710
668 710
669 710
670 710
671 710
672 710
673 710
674 710
675 710
676 710
677 710
678 710
679 710
680 710
681 710
682 710
683 710
684 710
685 710
686 710
687 710
688 710
689 710
690 710
691 710
692 710
693 710
694 710
695 710
696 710
697 710
698 710
699 710
700 710
701 710
702 710
703 710
704 710
705 710
706 710
707 710
708 710
709 710
15 711
561 711
562 711
563 711
564 711
565 711
566 711
567 711
568 711
569 711
570 711
571 711
572 711
573 711
574 711
575 711
576 711
577 711
578 711
579 711
580 711
581 711
582 711
583 711
584 711
585 711
586 711
587 711
588 711
589 711
590 711
591 711
592 711
593 711
594 711
595 711
596 711
597 711
598 711
599 711
600 711
601 711
602 711
603 711
604 711
605 711
606 711
607 711
608 711
609 711
610 711
611 711
612 711
613 711
614 711
615 711
616 711
617 711
618 711
619 711
620 711
621 711
622 711
623 711
624 711
625 711
626 711
627 711
628 711
629 711
630 711
631 711
632 711
633 711
634 711
635 711
636 711
637 711
638 711
639 711
640 711
641 711
642 711
643 711
644 711
645 711
646 711
647 711
648 711
649 711
650 711
651 711
652 711
653 711
654 711
655 711
656 711
657 711
658 711
659 711
660 711
661 711
662 711
663 711
664 711
665 711
666 711
667 711
668 711
669 711
670 711
671 711
672 711
673 711
674 711
675 711
676 711
677 711
678 711
679 711
680 711
681 711
682 711
683 711
684 711
685 711
686 711
687 711
688 711
689 711
690 711
691 711
692 711
693 711
694 711
695 711
696 711
697 711
698 711
699 711
700 711
701 711
702 711
703 711
704 711
705 711
706 711
707 711
708 711
709 711
710 711
15 712
561 712
562 712
563 712
564 712
565 712
566 712
567 712
568 712
569 712
570 712
571 712
572 712
573 712
574 712
575 712
576 712
577 712
578 712
579 712
580 712
581 712
582 712
583 712
584 712
585 712
586 712
587 712
588 712
589 712
590 712
591 712
592 712
593 712
594 712
595 712
596 712
597 712
598 712
599 712
600 712
601 712
602 712
603 712
604 712
605 712
606 712
607 712
608 712
609 712
610 712
611 712
612 712
613 712
614 712
615 712
616 712
617 712
618 712
619 712
620 712
621 712
622 712
623 712
624 712
625 712
626 712
627 712
628 712
629 712
630 712
631 712
632 712
633 712
634 712
635 712
636 712
637 712
638 712
639 712
640 712
641 712
642 712
643 712
644 712
645 712
646 712
647 712
648 712
649 712
650 712
651 712
652 712
653 712
654 712
655 712
656 712
657 712
658 712
659 712
660 712
661 712
662 712
663 712
664 712
665 712
666 712
667 712
668 712
669 712
670 712
671 712
672 712
673 712
674 712
675 712
676 712
677 712
678 712
679 712
680 712
681 712
682 712
683 712
684 712
685 712
686 712
687 712
688 712
689 712
690 712
691 712
692 712
693 712
694 712
695 712
696 712
697 712
698 712
699 712
700 712
701 712
702 712
703 712
704 712
705 712
706 712
707 712
708 712
709 712
710 712
711 712
15 713
561 713
562 713
563 713
564 713
565 713
566 713
567 713
568 713
569 713
570 713
571 713
572 713
573 713
574 713
575 713
576 713
577 713
578 713
579 713
580 713
581 713
582 713
583 713
584 713
585 713
586 713
587 713
588 713
589 713
590 713
591 713
592 713
593 713
594 713
595 713
596 713
597 713
598 713
599 713
600 713
601 713
602 713
603 713
604 713
605 713
606 713
607 713
608 713
609 713
610 713
611 713
612 713
613 713
614 713
615 713
616 713
617 713
618 713
619 713
620 713
621 713
622 713
623 713
624 713
625 713
626 713
627 713
628 713
629 713
630 713
631 713
632 713
633 713
634 713
635 713
636 713
637 713
638 713
639 713
640 713
641 713
642 713
643 713
644 713
645 713
646 713
647 713
648 713
649 713
650 713
651 713
652 713
653 713
654 713
655 713
656 713
657 713
658 713
659 713
660 713
661 713
662 713
663 713
664 713
665 713
666 713
667 713
668 713
669 713
670 713
671 713
672 713
673 713
674 713
675 713
676 713
677 713
678 713
679 713
680 713
681 713
682 713
683 713
684 713
685 713
686 713
687 713
688 713
689 713
690 713
691 713
692 713
693 713
694 713
695 713
696 713
697 713
698 713
699 713
700 713
701 713
702 713
703 713
704 713
705 713
706 713
707 713
708 713
709 713
710 713
711 713
712 713
15 714
561 714
562 714
563 714
564 714
565 714
566 714
567 714
568 714
569 714
570 714
571 714
572 714
573 714
574 714
575 714
576 714
577 714
578 714
579 714
580 714
581 714
582 714
583 714
584 714
585 714
586 714
587 714
588 714
589 714
590 714
591 714
592 714
593 714
594 714
595 714
596 714
597 714
598 714
599 714
600 714
601 714
602 714
603 714
604 714
605 714
606 714
607 714
608 714
609 714
610 714
611 714
612 714
613 714
614 714
615 714
616 714
617 714
618 714
619 714
620 714
621 714
622 714
623 714
624 714
625 714
626 714
627 714
628 714
629 714
630 714
631 714
632 714
633 714
634 714
635 714
636 714
637 714
638 714
639 714
640 714
641 714
642 714
643 714
644 714
645 714
646 714
647 714
648 714
649 714
650 714
651 714
652 714
653 714
654 714
655 714
656 714
657 714
658 714
659 714
660 714
661 714
662 714
663 714
664 714
665 714
666 714
667 714
668 714
669 714
670 714
671 714
672 714
673 714
674 714
675 714
676 714
677 714
678 714
679 714
680 714
681 714
682 714
683 714
684 714
685 714
686 714
687 714
688 714
689 714
690 714
691 714
692 714
693 714
694 714
695 714
696 714
697 714
698 714
699 714
700 714
701 714
702 714
703 714
704 714
705 714
706 714
707 714
708 714
709 714
710 714
711 714
712 714
713 714
15 715
561 715
562 715
563 715
564 715
565 715
566 715
567 715
568 715
569 715
570 715
571 715
572 715
573 715
574 715
575 715
576 715
577 715
578 715
579 715
580 715
581 715
582 715
583 715
584 715
585 715
586 715
587 715
588 715
589 715
590 715
591 715
592 715
593 715
594 715
595 715
596 715
597 715
598 715
599 715
600 715
601 715
602 715
603 715
604 715
605 715
606 715
607 715
608 715
609 715
610 715
611 715
612 715
613 715
614 715
615 715
616 715
617 715
618 715
619 715
620 715
621 715
622 715
623 715
624 715
625 715
626 715
627 715
628 715
629 715
630 715
631 715
632 715
633 715
634 715
635 715
636 715
637 715
638 715
639 715
640 715
641 715
642 715
643 715
644 715
645 715
646 715
647 715
648 715
649 715
650 715
651 715
652 715
653 715
654 715
655 715
656 715
657 715
658 715
659 715
660 715
661 715
662 715
663 715
664 715
665 715
666 715
667 715
668 715
669 715
670 715
671 715
672 715
673 715
674 715
675 715
676 715
677 715
678 715
679 715
680 715
681 715
682 715
683 715
684 715
685 715
686 715
687 715
688 715
689 715
690 715
691 715
692 715
693 715
694 715
695 715
696 715
697 715
698 715
699 715
700 715
701 715
702 715
703 715
704 715
705 715
706 715
707 715
708 715
709 715
710 715
711 715
712 715
713 715
714 715
15 716
561 716
562 716
563 716
564 716
565 716
566 716
567 716
568 716
569 716
570 716
571 716
572 716
573 716
574 716
575 716
576 716
577 716
578 716
579 716
580 716
581 716
582 716
583 716
584 716
585 716
586 716
587 716
588 716
589 716
590 716
591 716
592 716
593 716
594 716
595 716
596 716
597 716
598 716
599 716
600 716
601 716
602 716
603 716
604 716
605 716
606 716
607 716
608 716
609 716
610 716
611 716
612 716
613 716
614 716
615 716
616 716
617 716
618 716
619 716
620 716
621 716
622 716
623 716
624 716
625 716
626 716
627 716
628 716
629 716
630 716
631 716
632 716
633 716
634 716
635 716
636 716
637 716
638 716
639 716
640 716
641 716
642 716
643 716
644 716
645 716
646 716
647 716
648 716
649 716
650 716
651 716
652 716
653 716
654 716
655 716
656 716
657 716
658 716
659 716
660 716
661 716
662 716
663 716
664 716
665 716
666 716
667 716
668 716
669 716
670 716
671 716
672 716
673 716
674 716
675 716
676 716
677 716
678 716
679 716
680 716
681 716
682 716
683 716
684 716
685 716
686 716
687 716
688 716
689 716
690 716
691 716
692 716
693 716
694 716
695 716
696 716
697 716
698 716
699 716
700 716
701 716
702 716
703 716
704 716
705 716
706 716
707 716
708 716
709 716
710 716
711 716
712 716
713 716
714 716
715 716
15 717
561 717
562 717
563 717
564 717
565 717
566 717
567 717
568 717
569 717
570 717
571 717
572 717
573 717
574 717
575 717
576 717
577 717
578 717
579 717
580 717
581 717
582 717
583 717
584 717
585 717
586 717
587 717
588 717
589 717
590 717
591 717
592 717
593 717
594 717
595 717
596 717
597 717
598 717
599 717
600 717
601 717
602 717
603 717
604 717
605 717
606 717
607 717
608 717
609 717
610 717
611 717
612 717
613 717
614 717
615 717
616 717
617 717
618 717
619 717
620 717
621 717
622 717
623 717
624 717
625 717
626 717
627 717
628 717
629 717
630 717
631 717
632 717
633 717
634 717
635 717
636 717
637 717
638 717
639 717
640 717
641 717
642 717
643 717
644 717
645 717
646 717
647 717
648 717
649 717
650 717
651 717
652 717
653 717
654 717
655 717
656 717
657 717
658 717
659 717
660 717
661 717
662 717
663 717
664 717
665 717
666 717
667 717
668 717
669 717
670 717
671 717
672 717
673 717
674 717
675 717
676 717
677 717
678 717
679 717
680 717
681 717
682 717
683 717
684 717
685 717
686 717
687 717
688 717
689 717
690 717
691 717
692 717
693 717
694 717
695 717
696 717
697 717
698 717
699 717
700 717
701 717
702 717
703 717
704 717
705 717
706 717
707 717
708 717
709 717
710 717
711 717
712 717
713 717
714 717
715 717
716 717
15 718
561 718
562 718
563 718
564 718
565 718
566 718
567 718
568 718
569 718
570 718
571 718
572 718
573 718
574 718
575 718
576 718
577 718
578 718
579 718
580 718
581 718
582 718
583 718
584 718
585 718
586 718
587 718
588 718
589 718
590 718
591 718
592 718
593 718
594 718
595 718
596 718
597 718
598 718
599 718
600 718
601 718
602 718
603 718
604 718
605 718
606 718
607 718
608 718
609 718
610 718
611 718
612 718
613 718
614 718
615 718
616 718
617 718
618 718
619 718
620 718
621 718
622 718
623 718
624 718
625 718
626 718
627 718
628 718
629 718
630 718
631 718
632 718
633 718
634 718
635 718
636 718
637 718
638 718
639 718
640 718
641 718
642 718
643 718
644 718
645 718
646 718
647 718
648 718
649 718
650 718
651 718
652 718
653 718
654 718
655 718
656 718
657 718
658 718
659 718
660 718
661 718
662 718
663 718
664 718
665 718
666 718
667 718
668 718
669 718
670 718
671 718
672 718
673 718
674 718
675 718
676 718
677 718
678 718
679 718
680 718
681 718
682 718
683 718
684 718
685 718
686 718
687 718
688 718
689 718
690 718
691 718
692 718
693 718
694 718
695 718
696 718
697 718
698 718
699 718
700 718
701 718
702 718
703 718
704 718
705 718
706 718
707 718
708 718
709 718
710 718
711 718
712 718
713 718
714 718
715 718
716 718
717 718
15 719
561 719
562 719
563 719
564 719
565 719
566 719
567 719
568 719
569 719
570 719
571 719
572 719
573 719
574 719
575 719
576 719
577 719
578 719
579 719
580 719
581 719
582 719
583 719
584 719
585 719
586 719
587 719
588 719
589 719
590 719
591 719
592 719
593 719
594 719
595 719
596 719
597 719
598 719
599 719
600 719
601 719
602 719
603 719
604 719
605 719
606 719
607 719
608 719
609 719
610 719
611 719
612 719
613 719
614 719
615 719
616 719
617 719
618 719
619 719
620 719
621 719
622 719
623 719
624 719
625 719
626 719
627 719
628 719
629 719
630 719
631 719
632 719
633 719
634 719
635 719
636 719
637 719
638 719
639 719
640 719
641 719
642 719
643 719
644 719
645 719
646 719
647 719
648 719
649 719
650 719
651 719
652 719
653 719
654 719
655 719
656 719
657 719
658 719
659 719
660 719
661 719
662 719
663 719
664 719
665 719
666 719
667 719
668 719
669 719
670 719
671 719
672 719
673 719
674 719
675 719
676 719
677 719
678 719
679 719
680 719
681 719
682 719
683 719
684 719
685 719
686 719
687 719
688 719
689 719
690 719
691 719
692 719
693 719
694 719
695 719
696 719
697 719
698 719
699 719
700 719
701 719
702 719
703 719
704 719
705 719
706 719
707 719
708 719
709 719
710 719
711 719
712 719
713 719
714 719
715 719
716 719
717 719
718 719
15 720
561 720
562 720
563 720
564 720
565 720
566 720
567 720
568 720
569 720
570 720
571 720
572 720
573 720
574 720
575 720
576 720
577 720
578 720
579 720
580 720
581 720
582 720
583 720
584 720
585 720
586 720
587 720
588 720
589 720
590 720
591 720
592 720
593 720
594 720
595 720
596 720
597 720
598 720
599 720
600 720
601 720
602 720
603 720
604 720
605 720
606 720
607 720
608 720
609 720
610 720
611 720
612 720
613 720
614 720
615 720
616 720
617 720
618 720
619 720
620 720
621 720
622 720
623 720
624 720
625 720
626 720
627 720
628 720
629 720
630 720
631 720
632 720
633 720
634 720
635 720
636 720
637 720
638 720
639 720
640 720
641 720
642 720
643 720
644 720
645 720
646 720
647 720
648 720
649 720
650 720
651 720
652 720
653 720
654 720
655 720
656 720
657 720
658 720
659 720
660 720
661 720
662 720
663 720
664 720
665 720
666 720
667 720
668 720
669 720
670 720
671 720
672 720
673 720
674 720
675 720
676 720
677 720
678 720
679 720
680 720
681 720
682 720
683 720
684 720
685 720
686 720
687 720
688 720
689 720
690 720
691 720
692 720
693 720
694 720
695 720
696 720
697 720
698 720
699 720
700 720
701 720
702 720
703 720
704 720
705 720
706 720
707 720
708 720
709 720
710 720
711 720
712 720
713 720
714 720
715 720
716 720
717 720
718 720
719 720
15 721
561 721
562 721
563 721
564 721
565 721
566 721
567 721
568 721
569 721
570 721
571 721
572 721
573 721
574 721
575 721
576 721
577 721
578 721
579 721
580 721
581 721
582 721
583 721
584 721
585 721
586 721
587 721
588 721
589 721
590 721
591 721
592 721
593 721
594 721
595 721
596 721
597 721
598 721
599 721
600 721
601 721
602 721
603 721
604 721
605 721
606 721
607 721
608 721
609 721
610 721
611 721
612 721
613 721
614 721
615 721
616 721
617 721
618 721
619 721
620 721
621 721
622 721
623 721
624 721
625 721
626 721
627 721
628 721
629 721
630 721
631 721
632 721
633 721
634 721
635 721
636 721
637 721
638 721
639 721
640 721
641 721
642 721
643 721
644 721
645 721
646 721
647 721
648 721
649 721
650 721
651 721
652 721
653 721
654 721
655 721
656 721
657 721
658 721
659 721
660 721
661 721
662 721
663 721
664 721
665 721
666 721
667 721
668 721
669 721
670 721
671 721
672 721
673 721
674 721
675 721
676 721
677 721
678 721
679 721
680 721
681 721
682 721
683 721
684 721
685 721
686 721
687 721
688 721
689 721
690 721
691 721
692 721
693 721
694 721
695 721
696 721
697 721
698 721
699 721
700 721
701 721
702 721
703 721
704 721
705 721
706 721
707 721
708 721
709 721
710 721
711 721
712 721
713 721
714 721
715 721
716 721
717 721
718 721
719 721
720 721
15 722
561 722
562 722
563 722
564 722
565 722
566 722
567 722
568 722
569 722
570 722
571 722
572 722
573 722
574 722
575 722
576 722
577 722
578 722
579 722
580 722
581 722
582 722
583 722
584 722
585 722
586 722
587 722
588 722
589 722
590 722
591 722
592 722
593 722
594 722
595 722
596 722
597 722
598 722
599 722
600 722
601 722
602 722
603 722
604 722
605 722
606 722
607 722
608 722
609 722
610 722
611 722
612 722
613 722
614 722
615 722
616 722
617 722
618 722
619 722
620 722
621 722
622 722
623 722
624 722
625 722
626 722
627 722
628 722
629 722
630 722
631 722
632 722
633 722
634 722
635 722
636 722
637 722
638 722
639 722
640 722
641 722
642 722
643 722
644 722
645 722
646 722
647 722
648 722
649 722
650 722
651 722
652 722
653 722
654 722
655 722
656 722
657 722
658 722
659 722
660 722
661 722
662 722
663 722
664 722
665 722
666 722
667 722
668 722
669 722
670 722
671 722
672 722
673 722
674 722
675 722
676 722
677 722
678 722
679 722
680 722
681 722
682 722
683 722
684 722
685 722
686 722
687 722
688 722
689 722
690 722
691 722
692 722
693 722
694 722
695 722
696 722
697 722
698 722
699 722
700 722
701 722
702 722
703 722
704 722
705 722
706 722
707 722
708 722
709 722
710 722
711 722
712 722
713 722
714 722
715 722
716 722
717 722
718 722
719 722
720 722
721 722
15 723
561 723
562 723
563 723
564 723
565 723
566 723
567 723
568 723
569 723
570 723
571 723
572 723
573 723
574 723
575 723
576 723
577 723
578 723
579 723
580 723
581 723
582 723
583 723
584 723
585 723
586 723
587 723
588 723
589 723
590 723
591 723
592 723
593 723
594 723
595 723
596 723
597 723
598 723
599 723
600 723
601 723
602 723
603 723
604 723
605 723
606 723
607 723
608 723
609 723
610 723
611 723
612 723
613 723
614 723
615 723
616 723
617 723
618 723
619 723
620 723
621 723
622 723
623 723
624 723
625 723
626 723
627 723
628 723
629 723
630 723
631 723
632 723
633 723
634 723
635 723
636 723
637 723
638 723
639 723
640 723
641 723
642 723
643 723
644 723
645 723
646 723
647 723
648 723
649 723
650 723
651 723
652 723
653 723
654 723
655 723
656 723
657 723
658 723
659 723
660 723
661 723
662 723
663 723
664 723
665 723
666 723
667 723
668 723
669 723
670 723
671 723
672 723
673 723
674 723
675 723
676 723
677 723
678 723
679 723
680 723
681 723
682 723
683 723
684 723
685 723
686 723
687 723
688 723
689 723
690 723
691 723
692 723
693 723
694 723
695 723
696 723
697 723
698 723
699 723
700 723
701 723
702 723
703 723
704 723
705 723
706 723
707 723
708 723
709 723
710 723
711 723
712 723
713 723
714 723
715 723
716 723
717 723
718 723
719 723
720 723
721 723
722 723
15 724
561 724
562 724
563 724
564 724
565 724
566 724
567 724
568 724
569 724
570 724
571 724
572 724
573 724
574 724
575 724
576 724
577 724
578 724
579 724
580 724
581 724
582 724
583 724
584 724
585 724
586 724
587 724
588 724
589 724
590 724
591 724
592 724
593 724
594 724
595 724
596 724
597 724
598 724
599 724
600 724
601 724
602 724
603 724
604 724
605 724
606 724
607 724
608 724
609 724
610 724
611 724
612 724
613 724
614 724
615 724
616 724
617 724
618 724
619 724
620 724
621 724
622 724
623 724
624 724
625 724
626 724
627 724
628 724
629 724
630 724
631 724
632 724
633 724
634 724
635 724
636 724
637 724
638 724
639 724
640 724
641 724
642 724
643 724
644 724
645 724
646 724
647 724
648 724
649 724
650 724
651 724
652 724
653 724
654 724
655 724
656 724
657 724
658 724
659 724
660 724
661 724
662 724
663 724
664 724
665 724
666 724
667 724
668 724
669 724
670 724
671 724
672 724
673 724
674 724
675 724
676 724
677 724
678 724
679 724
680 724
681 724
682 724
683 724
684 724
685 724
686 724
687 724
688 724
689 724
690 724
691 724
692 724
693 724
694 724
695 724
696 724
697 724
698 724
699 724
700 724
701 724
702 724
703 724
704 724
705 724
706 724
707 724
708 724
709 724
710 724
711 724
712 724
713 724
714 724
715 724
716 724
717 724
718 724
719 724
720 724
721 724
722 724
723 724
15 725
561 725
562 725
563 725
564 725
565 725
566 725
567 725
568 725
569 725
570 725
571 725
572 725
573 725
574 725
575 725
576 725
577 725
578 725
579 725
580 725
581 725
582 725
583 725
584 725
585 725
586 725
587 725
588 725
589 725
590 725
591 725
592 725
593 725
594 725
595 725
596 725
597 725
598 725
599 725
600 725
601 725
602 725
603 725
604 725
605 725
606 725
607 725
608 725
609 725
610 725
611 725
612 725
613 725
614 725
615 725
616 725
617 725
618 725
619 725
620 725
621 725
622 725
623 725
624 725
625 725
626 725
627 725
628 725
629 725
630 725
631 725
632 725
633 725
634 725
635 725
636 725
637 725
638 725
639 725
640 725
641 725
642 725
643 725
644 725
645 725
646 725
647 725
648 725
649 725
650 725
651 725
652 725
653 725
654 725
655 725
656 725
657 725
658 725
659 725
660 725
661 725
662 725
663 725
664 725
665 725
666 725
667 725
668 725
669 725
670 725
671 725
672 725
673 725
674 725
675 725
676 725
677 725
678 725
679 725
680 725
681 725
682 725
683 725
684 725
685 725
686 725
687 725
688 725
689 725
690 725
691 725
692 725
693 725
694 725
695 725
696 725
697 725
698 725
699 725
700 725
701 725
702 725
703 725
704 725
705 725
706 725
707 725
708 725
709 725
710 725
711 725
712 725
713 725
714 725
715 725
716 725
717 725
718 725
719 725
720 725
721 725
722 725
723 725
724 725
15 726
561 726
562 726
563 726
564 726
565 726
566 726
567 726
568 726
569 726
570 726
571 726
572 726
573 726
574 726
575 726
576 726
577 726
578 726
579 726
580 726
581 726
582 726
583 726
584 726
585 726
586 726
587 726
588 726
589 726
590 726
591 726
592 726
593 726
594 726
595 726
596 726
597 726
598 726
599 726
600 726
601 726
602 726
603 726
604 726
605 726
606 726
607 726
608 726
609 726
610 726
611 726
612 726
613 726
614 726
615 726
616 726
617 726
618 726
619 726
620 726
621 726
622 726
623 726
624 726
625 726
626 726
627 726
628 726
629 726
630 726
631 726
632 726
633 726
634 726
635 726
636 726
637 726
638 726
639 726
640 726
641 726
642 726
643 726
644 726
645 726
646 726
647 726
648 726
649 726
650 726
651 726
652 726
653 726
654 726
655 726
656 726
657 726
658 726
659 726
660 726
661 726
662 726
663 726
664 726
665 726
666 726
667 726
668 726
669 726
670 726
671 726
672 726
673 726
674 726
675 726
676 726
677 726
678 726
679 726
680 726
681 726
682 726
683 726
684 726
685 726
686 726
687 726
688 726
689 726
690 726
691 726
692 726
693 726
694 726
695 726
696 726
697 726
698 726
699 726
700 726
701 726
702 726
703 726
704 726
705 726
706 726
707 726
708 726
709 726
710 726
711 726
712 726
713 726
714 726
715 726
716 726
717 726
718 726
719 726
720 726
721 726
722 726
723 726
724 726
725 726
677 727
677 728
727 728
677 729
727 729
728 729
677 730
727 730
728 730
729 730
677 731
727 731
728 731
729 731
730 731
677 732
727 732
728 732
729 732
730 732
731 732
677 733
727 733
728 733
729 733
730 733
731 733
732 733
677 734
727 734
728 734
729 734
730 734
731 734
732 734
733 734
677 735
727 735
728 735
729 735
730 735
731 735
732 735
733 735
734 735
677 736
727 736
728 736
729 736
730 736
731 736
732 736
733 736
734 736
735 736
677 737
727 737
728 737
729 737
730 737
731 737
732 737
733 737
734 737
735 737
736 737
677 738
727 738
728 738
729 738
730 738
731 738
732 738
733 738
734 738
735 738
736 738
737 738
677 739
727 739
728 739
729 739
730 739
731 739
732 739
733 739
734 739
735 739
736 739
737 739
738 739
677 740
727 740
728 740
729 740
730 740
731 740
732 740
733 740
734 740
735 740
736 740
737 740
738 740
739 740
677 741
727 741
728 741
729 741
730 741
731 741
732 741
733 741
734 741
735 741
736 741
737 741
738 741
739 741
740 741
677 742
727 742
728 742
729 742
730 742
731 742
732 742
733 742
734 742
735 742
736 742
737 742
738 742
739 742
740 742
741 742
677 743
727 743
728 743
729 743
730 743
731 743
732 743
733 743
734 743
735 743
736 743
737 743
738 743
739 743
740 743
741 743
742 743
677 744
727 744
728 744
729 744
730 744
731 744
732 744
733 744
734 744
735 744
736 744
737 744
738 744
739 744
740 744
741 744
742 744
743 744
677 745
727 745
728 745
729 745
730 745
731 745
732 745
733 745
734 745
735 745
736 745
737 745
738 745
739 745
740 745
741 745
742 745
743 745
744 745
677 746
727 746
728 746
729 746
730 746
731 746
732 746
733 746
734 746
735 746
736 746
737 746
738 746
739 746
740 746
741 746
742 746
743 746
744 746
745 746
677 747
727 747
728 747
729 747
730 747
731 747
732 747
733 747
734 747
735 747
736 747
737 747
738 747
739 747
740 747
741 747
742 747
743 747
744 747
745 747
746 747
677 748
727 748
728 748
729 748
730 748
731 748
732 748
733 748
734 748
735 748
736 748
737 748
738 748
739 748
740 748
741 748
742 748
743 748
744 748
745 748
746 748
747 748
677 749
727 749
728 749
729 749
730 749
731 749
732 749
733 749
734 749
735 749
736 749
737 749
738 749
739 749
740 749
741 749
742 749
743 749
744 749
745 749
746 749
747 749
748 749
677 750
727 750
728 750
729 750
730 750
731 750
732 750
733 750
734 750
735 750
736 750
737 750
738 750
739 750
740 750
741 750
742 750
743 750
744 750
745 750
746 750
747 750
748 750
749 750
677 751
727 751
728 751
729 751
730 751
731 751
732 751
733 751
734 751
735 751
736 751
737 751
738 751
739 751
740 751
741 751
742 751
743 751
744 751
745 751
746 751
747 751
748 751
749 751
750 751
677 752
727 752
728 752
729 752
730 752
731 752
732 752
733 752
734 752
735 752
736 752
737 752
738 752
739 752
740 752
741 752
742 752
743 752
744 752
745 752
746 752
747 752
748 752
749 752
750 752
751 752
677 753
727 753
728 753
729 753
730 753
731 753
732 753
733 753
734 753
735 753
736 753
737 753
738 753
739 753
740 753
741 753
742 753
743 753
744 753
745 753
746 753
747 753
748 753
749 753
750 753
751 753
752 753
677 754
727 754
728 754
729 754
730 754
731 754
732 754
733 754
734 754
735 754
736 754
737 754
738 754
739 754
740 754
741 754
742 754
743 754
744 754
745 754
746 754
747 754
748 754
749 754
750 754
751 754
752 754
753 754
677 755
727 755
728 755
729 755
730 755
731 755
732 755
733 755
734 755
735 755
736 755
737 755
738 755
739 755
740 755
741 755
742 755
743 755
744 755
745 755
746 755
747 755
748 755
749 755
750 755
751 755
752 755
753 755
754 755
677 756
727 756
728 756
729 756
730 756
731 756
732 756
733 756
734 756
735 756
736 756
737 756
738 756
739 756
740 756
741 756
742 756
743 756
744 756
745 756
746 756
747 756
748 756
749 756
750 756
751 756
752 756
753 756
754 756
755 756
677 757
727 757
728 757
729 757
730 757
731 757
732 757
733 757
734 757
735 757
736 757
737 757
738 757
739 757
740 757
741 757
742 757
743 757
744 757
745 757
746 757
747 757
748 757
749 757
750 757
751 757
752 757
753 757
754 757
755 757
756 757
677 758
727 758
728 758
729 758
730 758
731 758
732 758
733 758
734 758
735 758
736 758
737 758
738 758
739 758
740 758
741 758
742 758
743 758
744 758
745 758
746 758
747 758
748 758
749 758
750 758
751 758
752 758
753 758
754 758
755 758
756 758
757 758
677 759
727 759
728 759
729 759
730 759
731 759
732 759
733 759
734 759
735 759
736 759
737 759
738 759
739 759
740 759
741 759
742 759
743 759
744 759
745 759
746 759
747 759
748 759
749 759
750 759
751 759
752 759
753 759
754 759
755 759
756 759
757 759
758 759
677 760
727 760
728 760
729 760
730 760
731 760
732 760
733 760
734 760
735 760
736 760
737 760
738 760
739 760
740 760
741 760
742 760
743 760
744 760
745 760
746 760
747 760
748 760
749 760
750 760
751 760
752 760
753 760
754 760
755 760
756 760
757 760
758 760
759 760
677 761
727 761
728 761
729 761
730 761
731 761
732 761
733 761
734 761
735 761
736 761
737 761
738 761
739 761
740 761
741 761
742 761
743 761
744 761
745 761
746 761
747 761
748 761
749 761
750 761
751 761
752 761
753 761
754 761
755 761
756 761
757 761
758 761
759 761
760 761
677 762
727 762
728 762
729 762
730 762
731 762
732 762
733 762
734 762
735 762
736 762
737 762
738 762
739 762
740 762
741 762
742 762
743 762
744 762
745 762
746 762
747 762
748 762
749 762
750 762
751 762
752 762
753 762
754 762
755 762
756 762
757 762
758 762
759 762
760 762
761 762
677 763
727 763
728 763
729 763
730 763
731 763
732 763
733 763
734 763
735 763
736 763
737 763
738 763
739 763
740 763
741 763
742 763
743 763
744 763
745 763
746 763
747 763
748 763
749 763
750 763
751 763
752 763
753 763
754 763
755 763
756 763
757 763
758 763
759 763
760 763
761 763
762 763
677 764
727 764
728 764
729 764
730 764
731 764
732 764
733 764
734 764
735 764
736 764
737 764
738 764
739 764
740 764
741 764
742 764
743 764
744 764
745 764
746 764
747 764
748 764
749 764
750 764
751 764
752 764
753 764
754 764
755 764
756 764
757 764
758 764
759 764
760 764
761 764
762 764
763 764
677 765
727 765
728 765
729 765
730 765
731 765
732 765
733 765
734 765
735 765
736 765
737 765
738 765
739 765
740 765
741 765
742 765
743 765
744 765
745 765
746 765
747 765
748 765
749 765
750 765
751 765
752 765
753 765
754 765
755 765
756 765
757 765
758 765
759 765
760 765
761 765
762 765
763 765
764 765
677 766
727 766
728 766
729 766
730 766
731 766
732 766
733 766
734 766
735 766
736 766
737 766
738 766
739 766
740 766
741 766
742 766
743 766
744 766
745 766
746 766
747 766
748 766
749 766
750 766
751 766
752 766
753 766
754 766
755 766
756 766
757 766
758 766
759 766
760 766
761 766
762 766
763 766
764 766
765 766
677 767
727 767
728 767
729 767
730 767
731 767
732 767
733 767
734 767
735 767
736 767
737 767
738 767
739 767
740 767
741 767
742 767
743 767
744 767
745 767
746 767
747 767
748 767
749 767
750 767
751 767
752 767
753 767
754 767
755 767
756 767
757 767
758 767
759 767
760 767
761 767
762 767
763 767
764 767
765 767
766 767
677 768
727 768
728 768
729 768
730 768
731 768
732 768
733 768
734 768
735 768
736 768
737 768
738 768
739 768
740 768
741 768
742 768
743 768
744 768
745 768
746 768
747 768
748 768
749 768
750 768
751 768
752 768
753 768
754 768
755 768
756 768
757 768
758 768
759 768
760 768
761 768
762 768
763 768
764 768
765 768
766 768
767 768
677 769
727 769
728 769
729 769
730 769
731 769
732 769
733 769
734 769
735 769
736 769
737 769
738 769
739 769
740 769
741 769
742 769
743 769
744 769
745 769
746 769
747 769
748 769
749 769
750 769
751 769
752 769
753 769
754 769
755 769
756 769
757 769
758 769
759 769
760 769
761 769
762 769
763 769
764 769
765 769
766 769
767 769
768 769
677 770
727 770
728 770
729 770
730 770
731 770
732 770
733 770
734 770
735 770
736 770
737 770
738 770
739 770
740 770
741 770
742 770
743 770
744 770
745 770
746 770
747 770
748 770
749 770
750 770
751 770
752 770
753 770
754 770
755 770
756 770
757 770
758 770
759 770
760 770
761 770
762 770
763 770
764 770
765 770
766 770
767 770
768 770
769 770
677 771
727 771
728 771
729 771
730 771
731 771
732 771
733 771
734 771
735 771
736 771
737 771
738 771
739 771
740 771
741 771
742 771
743 771
744 771
745 771
746 771
747 771
748 771
749 771
750 771
751 771
752 771
753 771
754 771
755 771
756 771
757 771
758 771
759 771
760 771
761 771
762 771
763 771
764 771
765 771
766 771
767 771
768 771
769 771
770 771
677 772
727 772
728 772
729 772
730 772
731 772
732 772
733 772
734 772
735 772
736 772
737 772
738 772
739 772
740 772
741 772
742 772
743 772
744 772
745 772
746 772
747 772
748 772
749 772
750 772
751 772
752 772
753 772
754 772
755 772
756 772
757 772
758 772
759 772
760 772
761 772
762 772
763 772
764 772
765 772
766 772
767 772
768 772
769 772
770 772
771 772
677 773
727 773
728 773
729 773
730 773
731 773
732 773
733 773
734 773
735 773
736 773
737 773
738 773
739 773
740 773
741 773
742 773
743 773
744 773
745 773
746 773
747 773
748 773
749 773
750 773
751 773
752 773
753 773
754 773
755 773
756 773
757 773
758 773
759 773
760 773
761 773
762 773
763 773
764 773
765 773
766 773
767 773
768 773
769 773
770 773
771 773
772 773
677 774
727 774
728 774
729 774
730 774
731 774
732 774
733 774
734 774
735 774
736 774
737 774
738 774
739 774
740 774
741 774
742 774
743 774
744 774
745 774
746 774
747 774
748 774
749 774
750 774
751 774
752 774
753 774
754 774
755 774
756 774
757 774
758 774
759 774
760 774
761 774
762 774
763 774
764 774
765 774
766 774
767 774
768 774
769 774
770 774
771 774
772 774
773 774
677 775
727 775
728 775
729 775
730 775
731 775
732 775
733 775
734 775
735 775
736 775
737 775
738 775
739 775
740 775
741 775
742 775
743 775
744 775
745 775
746 775
747 775
748 775
749 775
750 775
751 775
752 775
753 775
754 775
755 775
756 775
757 775
758 775
759 775
760 775
761 775
762 775
763 775
764 775
765 775
766 775
767 775
768 775
769 775
770 775
771 775
772 775
773 775
774 775
677 776
727 776
728 776
729 776
730 776
731 776
732 776
733 776
734 776
735 776
736 776
737 776
738 776
739 776
740 776
741 776
742 776
743 776
744 776
745 776
746 776
747 776
748 776
749 776
750 776
751 776
752 776
753 776
754 776
755 776
756 776
757 776
758 776
759 776
760 776
761 776
762 776
763 776
764 776
765 776
766 776
767 776
768 776
769 776
770 776
771 776
772 776
773 776
774 776
775 776
677 777
727 777
728 777
729 777
730 777
731 777
732 777
733 777
734 777
735 777
736 777
737 777
738 777
739 777
740 777
741 777
742 777
743 777
744 777
745 777
746 777
747 777
748 777
749 777
750 777
751 777
752 777
753 777
754 777
755 777
756 777
757 777
758 777
759 777
760 777
761 777
762 777
763 777
764 777
765 777
766 777
767 777
768 777
769 777
770 777
771 777
772 777
773 777
774 777
775 777
776 777
677 778
727 778
728 778
729 778
730 778
731 778
732 778
733 778
734 778
735 778
736 778
737 778
738 778
739 778
740 778
741 778
742 778
743 778
744 778
745 778
746 778
747 778
748 778
749 778
750 778
751 778
752 778
753 778
754 778
755 778
756 778
757 778
758 778
759 778
760 778
761 778
762 778
763 778
764 778
765 778
766 778
767 778
768 778
769 778
770 778
771 778
772 778
773 778
774 778
775 778
776 778
777 778
677 779
727 779
728 779
729 779
730 779
731 779
732 779
733 779
734 779
735 779
736 779
737 779
738 779
739 779
740 779
741 779
742 779
743 779
744 779
745 779
746 779
747 779
748 779
749 779
750 779
751 779
752 779
753 779
754 779
755 779
756 779
757 779
758 779
759 779
760 779
761 779
762 779
763 779
764 779
765 779
766 779
767 779
768 779
769 779
770 779
771 779
772 779
773 779
774 779
775 779
776 779
777 779
778 779
677 780
727 780
728 780
729 780
730 780
731 780
732 780
733 780
734 780
735 780
736 780
737 780
738 780
739 780
740 780
741 780
742 780
743 780
744 780
745 780
746 780
747 780
748 780
749 780
750 780
751 780
752 780
753 780
754 780
755 780
756 780
757 780
758 780
759 780
760 780
761 780
762 780
763 780
764 780
765 780
766 780
767 780
768 780
769 780
770 780
771 780
772 780
773 780
774 780
775 780
776 780
777 780
778 780
779 780
677 781
727 781
728 781
729 781
730 781
731 781
732 781
733 781
734 781
735 781
736 781
737 781
738 781
739 781
740 781
741 781
742 781
743 781
744 781
745 781
746 781
747 781
748 781
749 781
750 781
751 781
752 781
753 781
754 781
755 781
756 781
757 781
758 781
759 781
760 781
761 781
762 781
763 781
764 781
765 781
766 781
767 781
768 781
769 781
770 781
771 781
772 781
773 781
774 781
775 781
776 781
777 781
778 781
779 781
780 781
677 782
727 782
728 782
729 782
730 782
731 782
732 782
733 782
734 782
735 782
736 782
737 782
738 782
739 782
740 782
741 782
742 782
743 782
744 782
745 782
746 782
747 782
748 782
749 782
750 782
751 782
752 782
753 782
754 782
755 782
756 782
757 782
758 782
759 782
760 782
761 782
762 782
763 782
764 782
765 782
766 782
767 782
768 782
769 782
770 782
771 782
772 782
773 782
774 782
775 782
776 782
777 782
778 782
779 782
780 782
781 782
677 783
727 783
728 783
729 783
730 783
731 783
732 783
733 783
734 783
735 783
736 783
737 783
738 783
739 783
740 783
741 783
742 783
743 783
744 783
745 783
746 783
747 783
748 783
749 783
750 783
751 783
752 783
753 783
754 783
755 783
756 783
757 783
758 783
759 783
760 783
761 783
762 783
763 783
764 783
765 783
766 783
767 783
768 783
769 783
770 783
771 783
772 783
773 783
774 783
775 783
776 783
777 783
778 783
779 783
780 783
781 783
782 783
677 784
727 784
728 784
729 784
730 784
731 784
732 784
733 784
734 784
735 784
736 784
737 784
738 784
739 784
740 784
741 784
742 784
743 784
744 784
745 784
746 784
747 784
748 784
749 784
750 784
751 784
752 784
753 784
754 784
755 784
756 784
757 784
758 784
759 784
760 784
761 784
762 784
763 784
764 784
765 784
766 784
767 784
768 784
769 784
770 784
771 784
772 784
773 784
774 784
775 784
776 784
777 784
778 784
779 784
780 784
781 784
782 784
783 784
677 785
727 785
728 785
729 785
730 785
731 785
732 785
733 785
734 785
735 785
736 785
737 785
738 785
739 785
740 785
741 785
742 785
743 785
744 785
745 785
746 785
747 785
748 785
749 785
750 785
751 785
752 785
753 785
754 785
755 785
756 785
757 785
758 785
759 785
760 785
761 785
762 785
763 785
764 785
765 785
766 785
767 785
768 785
769 785
770 785
771 785
772 785
773 785
774 785
775 785
776 785
777 785
778 785
779 785
780 785
781 785
782 785
783 785
784 785
677 786
727 786
728 786
729 786
730 786
731 786
732 786
733 786
734 786
735 786
736 786
737 786
738 786
739 786
740 786
741 786
742 786
743 786
744 786
745 786
746 786
747 786
748 786
749 786
750 786
751 786
752 786
753 786
754 786
755 786
756 786
757 786
758 786
759 786
760 786
761 786
762 786
763 786
764 786
765 786
766 786
767 786
768 786
769 786
770 786
771 786
772 786
773 786
774 786
775 786
776 786
777 786
778 786
779 786
780 786
781 786
782 786
783 786
784 786
785 786
677 787
727 787
728 787
729 787
730 787
731 787
732 787
733 787
734 787
735 787
736 787
737 787
738 787
739 787
740 787
741 787
742 787
743 787
744 787
745 787
746 787
747 787
748 787
749 787
750 787
751 787
752 787
753 787
754 787
755 787
756 787
757 787
758 787
759 787
760 787
761 787
762 787
763 787
764 787
765 787
766 787
767 787
768 787
769 787
770 787
771 787
772 787
773 787
774 787
775 787
776 787
777 787
778 787
779 787
780 787
781 787
782 787
783 787
784 787
785 787
786 787
677 788
727 788
728 788
729 788
730 788
731 788
732 788
733 788
734 788
735 788
736 788
737 788
738 788
739 788
740 788
741 788
742 788
743 788
744 788
745 788
746 788
747 788
748 788
749 788
750 788
751 788
752 788
753 788
754 788
755 788
756 788
757 788
758 788
759 788
760 788
761 788
762 788
763 788
764 788
765 788
766 788
767 788
768 788
769 788
770 788
771 788
772 788
773 788
774 788
775 788
776 788
777 788
778 788
779 788
780 788
781 788
782 788
783 788
784 788
785 788
786 788
787 788
677 789
727 789
728 789
729 789
730 789
731 789
732 789
733 789
734 789
735 789
736 789
737 789
738 789
739 789
740 789
741 789
742 789
743 789
744 789
745 789
746 789
747 789
748 789
749 789
750 789
751 789
752 789
753 789
754 789
755 789
756 789
757 789
758 789
759 789
760 789
761 789
762 789
763 789
764 789
765 789
766 789
767 789
768 789
769 789
770 789
771 789
772 789
773 789
774 789
775 789
776 789
777 789
778 789
779 789
780 789
781 789
782 789
783 789
784 789
785 789
786 789
787 789
788 789
677 790
727 790
728 790
729 790
730 790
731 790
732 790
733 790
734 790
735 790
736 790
737 790
738 790
739 790
740 790
741 790
742 790
743 790
744 790
745 790
746 790
747 790
748 790
749 790
750 790
751 790
752 790
753 790
754 790
755 790
756 790
757 790
758 790
759 790
760 790
761 790
762 790
763 790
764 790
765 790
766 790
767 790
768 790
769 790
770 790
771 790
772 790
773 790
774 790
775 790
776 790
777 790
778 790
779 790
780 790
781 790
782 790
783 790
784 790
785 790
786 790
787 790
788 790
789 790
677 791
727 791
728 791
729 791
730 791
731 791
732 791
733 791
734 791
735 791
736 791
737 791
738 791
739 791
740 791
741 791
742 791
743 791
744 791
745 791
746 791
747 791
748 791
749 791
750 791
751 791
752 791
753 791
754 791
755 791
756 791
757 791
758 791
759 791
760 791
761 791
762 791
763 791
764 791
765 791
766 791
767 791
768 791
769 791
770 791
771 791
772 791
773 791
774 791
775 791
776 791
777 791
778 791
779 791
780 791
781 791
782 791
783 791
784 791
785 791
786 791
787 791
788 791
789 791
790 791
677 792
727 792
728 792
729 792
730 792
731 792
732 792
733 792
734 792
735 792
736 792
737 792
738 792
739 792
740 792
741 792
742 792
743 792
744 792
745 792
746 792
747 792
748 792
749 792
750 792
751 792
752 792
753 792
754 792
755 792
756 792
757 792
758 792
759 792
760 792
761 792
762 792
763 792
764 792
765 792
766 792
767 792
768 792
769 792
770 792
771 792
772 792
773 792
774 792
775 792
776 792
777 792
778 792
779 792
780 792
781 792
782 792
783 792
784 792
785 792
786 792
787 792
788 792
789 792
790 792
791 792
677 793
727 793
728 793
729 793
730 793
731 793
732 793
733 793
734 793
735 793
736 793
737 793
738 793
739 793
740 793
741 793
742 793
743 793
744 793
745 793
746 793
747 793
748 793
749 793
750 793
751 793
752 793
753 793
754 793
755 793
756 793
757 793
758 793
759 793
760 793
761 793
762 793
763 793
764 793
765 793
766 793
767 793
768 793
769 793
770 793
771 793
772 793
773 793
774 793
775 793
776 793
777 793
778 793
779 793
780 793
781 793
782 793
783 793
784 793
785 793
786 793
787 793
788 793
789 793
790 793
791 793
792 793
677 794
727 794
728 794
729 794
730 794
731 794
732 794
733 794
734 794
735 794
736 794
737 794
738 794
739 794
740 794
741 794
742 794
743 794
744 794
745 794
746 794
747 794
748 794
749 794
750 794
751 794
752 794
753 794
754 794
755 794
756 794
757 794
758 794
759 794
760 794
761 794
762 794
763 794
764 794
765 794
766 794
767 794
768 794
769 794
770 794
771 794
772 794
773 794
774 794
775 794
776 794
777 794
778 794
779 794
780 794
781 794
782 794
783 794
784 794
785 794
786 794
787 794
788 794
789 794
790 794
791 794
792 794
793 794
677 795
727 795
728 795
729 795
730 795
731 795
732 795
733 795
734 795
735 795
736 795
737 795
738 795
739 795
740 795
741 795
742 795
743 795
744 795
745 795
746 795
747 795
748 795
749 795
750 795
751 795
752 795
753 795
754 795
755 795
756 795
757 795
758 795
759 795
760 795
761 795
762 795
763 795
764 795
765 795
766 795
767 795
768 795
769 795
770 795
771 795
772 795
773 795
774 795
775 795
776 795
777 795
778 795
779 795
780 795
781 795
782 795
783 795
784 795
785 795
786 795
787 795
788 795
789 795
790 795
791 795
792 795
793 795
794 795
677 796
727 796
728 796
729 796
730 796
731 796
732 796
733 796
734 796
735 796
736 796
737 796
738 796
739 796
740 796
741 796
742 796
743 796
744 796
745 796
746 796
747 796
748 796
749 796
750 796
751 796
752 796
753 796
754 796
755 796
756 796
757 796
758 796
759 796
760 796
761 796
762 796
763 796
764 796
765 796
766 796
767 796
768 796
769 796
770 796
771 796
772 796
773 796
774 796
775 796
776 796
777 796
778 796
779 796
780 796
781 796
782 796
783 796
784 796
785 796
786 796
787 796
788 796
789 796
790 796
791 796
792 796
793 796
794 796
795 796
677 797
727 797
728 797
729 797
730 797
731 797
732 797
733 797
734 797
735 797
736 797
737 797
738 797
739 797
740 797
741 797
742 797
743 797
744 797
745 797
746 797
747 797
748 797
749 797
750 797
751 797
752 797
753 797
754 797
755 797
756 797
757 797
758 797
759 797
760 797
761 797
762 797
763 797
764 797
765 797
766 797
767 797
768 797
769 797
770 797
771 797
772 797
773 797
774 797
775 797
776 797
777 797
778 797
779 797
780 797
781 797
782 797
783 797
784 797
785 797
786 797
787 797
788 797
789 797
790 797
791 797
792 797
793 797
794 797
795 797
796 797
677 798
727 798
728 798
729 798
730 798
731 798
732 798
733 798
734 798
735 798
736 798
737 798
738 798
739 798
740 798
741 798
742 798
743 798
744 798
745 798
746 798
747 798
748 798
749 798
750 798
751 798
752 798
753 798
754 798
755 798
756 798
757 798
758 798
759 798
760 798
761 798
762 798
763 798
764 798
765 798
766 798
767 798
768 798
769 798
770 798
771 798
772 798
773 798
774 798
775 798
776 798
777 798
778 798
779 798
780 798
781 798
782 798
783 798
784 798
785 798
786 798
787 798
788 798
789 798
790 798
791 798
792 798
793 798
794 798
795 798
796 798
797 798
677 799
727 799
728 799
729 799
730 799
731 799
732 799
733 799
734 799
735 799
736 799
737 799
738 799
739 799
740 799
741 799
742 799
743 799
744 799
745 799
746 799
747 799
748 799
749 799
750 799
751 799
752 799
753 799
754 799
755 799
756 799
757 799
758 799
759 799
760 799
761 799
762 799
763 799
764 799
765 799
766 799
767 799
768 799
769 799
770 799
771 799
772 799
773 799
774 799
775 799
776 799
777 799
778 799
779 799
780 799
781 799
782 799
783 799
784 799
785 799
786 799
787 799
788 799
789 799
790 799
791 799
792 799
793 799
794 799
795 799
796 799
797 799
798 799
677 800
727 800
728 800
729 800
730 800
731 800
732 800
733 800
734 800
735 800
736 800
737 800
738 800
739 800
740 800
741 800
742 800
743 800
744 800
745 800
746 800
747 800
748 800
749 800
750 800
751 800
752 800
753 800
754 800
755 800
756 800
757 800
758 800
759 800
760 800
761 800
762 800
763 800
764 800
765 800
766 800
767 800
768 800
769 800
770 800
771 800
772 800
773 800
774 800
775 800
776 800
777 800
778 800
779 800
780 800
781 800
782 800
783 800
784 800
785 800
786 800
787 800
788 800
789 800
790 800
791 800
792 800
793 800
794 800
795 800
796 800
797 800
798 800
799 800
677 801
727 801
728 801
729 801
730 801
731 801
732 801
733 801
734 801
735 801
736 801
737 801
738 801
739 801
740 801
741 801
742 801
743 801
744 801
745 801
746 801
747 801
748 801
749 801
750 801
751 801
752 801
753 801
754 801
755 801
756 801
757 801
758 801
759 801
760 801
761 801
762 801
763 801
764 801
765 801
766 801
767 801
768 801
769 801
770 801
771 801
772 801
773 801
774 801
775 801
776 801
777 801
778 801
779 801
780 801
781 801
782 801
783 801
784 801
785 801
786 801
787 801
788 801
789 801
790 801
791 801
792 801
793 801
794 801
795 801
796 801
797 801
798 801
799 801
800 801
677 802
727 802
728 802
729 802
730 802
731 802
732 802
733 802
734 802
735 802
736 802
737 802
738 802
739 802
740 802
741 802
742 802
743 802
744 802
745 802
746 802
747 802
748 802
749 802
750 802
751 802
752 802
753 802
754 802
755 802
756 802
757 802
758 802
759 802
760 802
761 802
762 802
763 802
764 802
765 802
766 802
767 802
768 802
769 802
770 802
771 802
772 802
773 802
774 802
775 802
776 802
777 802
778 802
779 802
780 802
781 802
782 802
783 802
784 802
785 802
786 802
787 802
788 802
789 802
790 802
791 802
792 802
793 802
794 802
795 802
796 802
797 802
798 802
799 802
800 802
801 802
677 803
727 803
728 803
729 803
730 803
731 803
732 803
733 803
734 803
735 803
736 803
737 803
738 803
739 803
740 803
741 803
742 803
743 803
744 803
745 803
746 803
747 803
748 803
749 803
750 803
751 803
752 803
753 803
754 803
755 803
756 803
757 803
758 803
759 803
760 803
761 803
762 803
763 803
764 803
765 803
766 803
767 803
768 803
769 803
770 803
771 803
772 803
773 803
774 803
775 803
776 803
777 803
778 803
779 803
780 803
781 803
782 803
783 803
784 803
785 803
786 803
787 803
788 803
789 803
790 803
791 803
792 803
793 803
794 803
795 803
796 803
797 803
798 803
799 803
800 803
801 803
802 803
677 804
727 804
728 804
729 804
730 804
731 804
732 804
733 804
734 804
735 804
736 804
737 804
738 804
739 804
740 804
741 804
742 804
743 804
744 804
745 804
746 804
747 804
748 804
749 804
750 804
751 804
752 804
753 804
754 804
755 804
756 804
757 804
758 804
759 804
760 804
761 804
762 804
763 804
764 804
765 804
766 804
767 804
768 804
769 804
770 804
771 804
772 804
773 804
774 804
775 804
776 804
777 804
778 804
779 804
780 804
781 804
782 804
783 804
784 804
785 804
786 804
787 804
788 804
789 804
790 804
791 804
792 804
793 804
794 804
795 804
796 804
797 804
798 804
799 804
800 804
801 804
802 804
803 804
677 805
727 805
728 805
729 805
730 805
731 805
732 805
733 805
734 805
735 805
736 805
737 805
738 805
739 805
740 805
741 805
742 805
743 805
744 805
745 805
746 805
747 805
748 805
749 805
750 805
751 805
752 805
753 805
754 805
755 805
756 805
757 805
758 805
759 805
760 805
761 805
762 805
763 805
764 805
765 805
766 805
767 805
768 805
769 805
770 805
771 805
772 805
773 805
774 805
775 805
776 805
777 805
778 805
779 805
780 805
781 805
782 805
783 805
784 805
785 805
786 805
787 805
788 805
789 805
790 805
791 805
792 805
793 805
794 805
795 805
796 805
797 805
798 805
799 805
800 805
801 805
802 805
803 805
804 805
677 806
727 806
728 806
729 806
730 806
731 806
732 806
733 806
734 806
735 806
736 806
737 806
738 806
739 806
740 806
741 806
742 806
743 806
744 806
745 806
746 806
747 806
748 806
749 806
750 806
751 806
752 806
753 806
754 806
755 806
756 806
757 806
758 806
759 806
760 806
761 806
762 806
763 806
764 806
765 806
766 806
767 806
768 806
769 806
770 806
771 806
772 806
773 806
774 806
775 806
776 806
777 806
778 806
779 806
780 806
781 806
782 806
783 806
784 806
785 806
786 806
787 806
788 806
789 806
790 806
791 806
792 806
793 806
794 806
795 806
796 806
797 806
798 806
799 806
800 806
801 806
802 806
803 806
804 806
805 806
677 807
727 807
728 807
729 807
730 807
731 807
732 807
733 807
734 807
735 807
736 807
737 807
738 807
739 807
740 807
741 807
742 807
743 807
744 807
745 807
746 807
747 807
748 807
749 807
750 807
751 807
752 807
753 807
754 807
755 807
756 807
757 807
758 807
759 807
760 807
761 807
762 807
763 807
764 807
765 807
766 807
767 807
768 807
769 807
770 807
771 807
772 807
773 807
774 807
775 807
776 807
777 807
778 807
779 807
780 807
781 807
782 807
783 807
784 807
785 807
786 807
787 807
788 807
789 807
790 807
791 807
792 807
793 807
794 807
795 807
796 807
797 807
798 807
799 807
800 807
801 807
802 807
803 807
804 807
805 807
806 807
677 808
727 808
728 808
729 808
730 808
731 808
732 808
733 808
734 808
735 808
736 808
737 808
738 808
739 808
740 808
741 808
742 808
743 808
744 808
745 808
746 808
747 808
748 808
749 808
750 808
751 808
752 808
753 808
754 808
755 808
756 808
757 808
758 808
759 808
760 808
761 808
762 808
763 808
764 808
765 808
766 808
767 808
768 808
769 808
770 808
771 808
772 808
773 808
774 808
775 808
776 808
777 808
778 808
779 808
780 808
781 808
782 808
783 808
784 808
785 808
786 808
787 808
788 808
789 808
790 808
791 808
792 808
793 808
794 808
795 808
796 808
797 808
798 808
799 808
800 808
801 808
802 808
803 808
804 808
805 808
806 808
807 808
677 809
727 809
728 809
729 809
730 809
731 809
732 809
733 809
734 809
735 809
736 809
737 809
738 809
739 809
740 809
741 809
742 809
743 809
744 809
745 809
746 809
747 809
748 809
749 809
750 809
751 809
752 809
753 809
754 809
755 809
756 809
757 809
758 809
759 809
760 809
761 809
762 809
763 809
764 809
765 809
766 809
767 809
768 809
769 809
770 809
771 809
772 809
773 809
774 809
775 809
776 809
777 809
778 809
779 809
780 809
781 809
782 809
783 809
784 809
785 809
786 809
787 809
788 809
789 809
790 809
791 809
792 809
793 809
794 809
795 809
796 809
797 809
798 809
799 809
800 809
801 809
802 809
803 809
804 809
805 809
806 809
807 809
808 809
677 810
727 810
728 810
729 810
730 810
731 810
732 810
733 810
734 810
735 810
736 810
737 810
738 810
739 810
740 810
741 810
742 810
743 810
744 810
745 810
746 810
747 810
748 810
749 810
750 810
751 810
752 810
753 810
754 810
755 810
756 810
757 810
758 810
759 810
760 810
761 810
762 810
763 810
764 810
765 810
766 810
767 810
768 810
769 810
770 810
771 810
772 810
773 810
774 810
775 810
776 810
777 810
778 810
779 810
780 810
781 810
782 810
783 810
784 810
785 810
786 810
787 810
788 810
789 810
790 810
791 810
792 810
793 810
794 810
795 810
796 810
797 810
798 810
799 810
800 810
801 810
802 810
803 810
804 810
805 810
806 810
807 810
808 810
809 810
677 811
727 811
728 811
729 811
730 811
731 811
732 811
733 811
734 811
735 811
736 811
737 811
738 811
739 811
740 811
741 811
742 811
743 811
744 811
745 811
746 811
747 811
748 811
749 811
750 811
751 811
752 811
753 811
754 811
755 811
756 811
757 811
758 811
759 811
760 811
761 811
762 811
763 811
764 811
765 811
766 811
767 811
768 811
769 811
770 811
771 811
772 811
773 811
774 811
775 811
776 811
777 811
778 811
779 811
780 811
781 811
782 811
783 811
784 811
785 811
786 811
787 811
788 811
789 811
790 811
791 811
792 811
793 811
794 811
795 811
796 811
797 811
798 811
799 811
800 811
801 811
802 811
803 811
804 811
805 811
806 811
807 811
808 811
809 811
810 811
677 812
727 812
728 812
729 812
730 812
731 812
732 812
733 812
734 812
735 812
736 812
737 812
738 812
739 812
740 812
741 812
742 812
743 812
744 812
745 812
746 812
747 812
748 812
749 812
750 812
751 812
752 812
753 812
754 812
755 812
756 812
757 812
758 812
759 812
760 812
761 812
762 812
763 812
764 812
765 812
766 812
767 812
768 812
769 812
770 812
771 812
772 812
773 812
774 812
775 812
776 812
777 812
778 812
779 812
780 812
781 812
782 812
783 812
784 812
785 812
786 812
787 812
788 812
789 812
790 812
791 812
792 812
793 812
794 812
795 812
796 812
797 812
798 812
799 812
800 812
801 812
802 812
803 812
804 812
805 812
806 812
807 812
808 812
809 812
810 812
811 812
677 813
727 813
728 813
729 813
730 813
731 813
732 813
733 813
734 813
735 813
736 813
737 813
738 813
739 813
740 813
741 813
742 813
743 813
744 813
745 813
746 813
747 813
748 813
749 813
750 813
751 813
752 813
753 813
754 813
755 813
756 813
757 813
758 813
759 813
760 813
761 813
762 813
763 813
764 813
765 813
766 813
767 813
768 813
769 813
770 813
771 813
772 813
773 813
774 813
775 813
776 813
777 813
778 813
779 813
780 813
781 813
782 813
783 813
784 813
785 813
786 813
787 813
788 813
789 813
790 813
791 813
792 813
793 813
794 813
795 813
796 813
797 813
798 813
799 813
800 813
801 813
802 813
803 813
804 813
805 813
806 813
807 813
808 813
809 813
810 813
811 813
812 813
677 814
727 814
728 814
729 814
730 814
731 814
732 814
733 814
734 814
735 814
736 814
737 814
738 814
739 814
740 814
741 814
742 814
743 814
744 814
745 814
746 814
747 814
748 814
749 814
750 814
751 814
752 814
753 814
754 814
755 814
756 814
757 814
758 814
759 814
760 814
761 814
762 814
763 814
764 814
765 814
766 814
767 814
768 814
769 814
770 814
771 814
772 814
773 814
774 814
775 814
776 814
777 814
778 814
779 814
780 814
781 814
782 814
783 814
784 814
785 814
786 814
787 814
788 814
789 814
790 814
791 814
792 814
793 814
794 814
795 814
796 814
797 814
798 814
799 814
800 814
801 814
802 814
803 814
804 814
805 814
806 814
807 814
808 814
809 814
810 814
811 814
812 814
813 814
677 815
727 815
728 815
729 815
730 815
731 815
732 815
733 815
734 815
735 815
736 815
737 815
738 815
739 815
740 815
741 815
742 815
743 815
744 815
745 815
746 815
747 815
748 815
749 815
750 815
751 815
752 815
753 815
754 815
755 815
756 815
757 815
758 815
759 815
760 815
761 815
762 815
763 815
764 815
765 815
766 815
767 815
768 815
769 815
770 815
771 815
772 815
773 815
774 815
775 815
776 815
777 815
778 815
779 815
780 815
781 815
782 815
783 815
784 815
785 815
786 815
787 815
788 815
789 815
790 815
791 815
792 815
793 815
794 815
795 815
796 815
797 815
798 815
799 815
800 815
801 815
802 815
803 815
804 815
805 815
806 815
807 815
808 815
809 815
810 815
811 815
812 815
813 815
814 815
677 816
727 816
728 816
729 816
730 816
731 816
732 816
733 816
734 816
735 816
736 816
737 816
738 816
739 816
740 816
741 816
742 816
743 816
744 816
745 816
746 816
747 816
748 816
749 816
750 816
751 816
752 816
753 816
754 816
755 816
756 816
757 816
758 816
759 816
760 816
761 816
762 816
763 816
764 816
765 816
766 816
767 816
768 816
769 816
770 816
771 816
772 816
773 816
774 816
775 816
776 816
777 816
778 816
779 816
780 816
781 816
782 816
783 816
784 816
785 816
786 816
787 816
788 816
789 816
790 816
791 816
792 816
793 816
794 816
795 816
796 816
797 816
798 816
799 816
800 816
801 816
802 816
803 816
804 816
805 816
806 816
807 816
808 816
809 816
810 816
811 816
812 816
813 816
814 816
815 816
677 817
727 817
728 817
729 817
730 817
731 817
732 817
733 817
734 817
735 817
736 817
737 817
738 817
739 817
740 817
741 817
742 817
743 817
744 817
745 817
746 817
747 817
748 817
749 817
750 817
751 817
752 817
753 817
754 817
755 817
756 817
757 817
758 817
759 817
760 817
761 817
762 817
763 817
764 817
765 817
766 817
767 817
768 817
769 817
770 817
771 817
772 817
773 817
774 817
775 817
776 817
777 817
778 817
779 817
780 817
781 817
782 817
783 817
784 817
785 817
786 817
787 817
788 817
789 817
790 817
791 817
792 817
793 817
794 817
795 817
796 817
797 817
798 817
799 817
800 817
801 817
802 817
803 817
804 817
805 817
806 817
807 817
808 817
809 817
810 817
811 817
812 817
813 817
814 817
815 817
816 817
677 818
727 818
728 818
729 818
730 818
731 818
732 818
733 818
734 818
735 818
736 818
737 818
738 818
739 818
740 818
741 818
742 818
743 818
744 818
745 818
746 818
747 818
748 818
749 818
750 818
751 818
752 818
753 818
754 818
755 818
756 818
757 818
758 818
759 818
760 818
761 818
762 818
763 818
764 818
765 818
766 818
767 818
768 818
769 818
770 818
771 818
772 818
773 818
774 818
775 818
776 818
777 818
778 818
779 818
780 818
781 818
782 818
783 818
784 818
785 818
786 818
787 818
788 818
789 818
790 818
791 818
792 818
793 818
794 818
795 818
796 818
797 818
798 818
799 818
800 818
801 818
802 818
803 818
804 818
805 818
806 818
807 818
808 818
809 818
810 818
811 818
812 818
813 818
814 818
815 818
816 818
817 818
677 819
727 819
728 819
729 819
730 819
731 819
732 819
733 819
734 819
735 819
736 819
737 819
738 819
739 819
740 819
741 819
742 819
743 819
744 819
745 819
746 819
747 819
748 819
749 819
750 819
751 819
752 819
753 819
754 819
755 819
756 819
757 819
758 819
759 819
760 819
761 819
762 819
763 819
764 819
765 819
766 819
767 819
768 819
769 819
770 819
771 819
772 819
773 819
774 819
775 819
776 819
777 819
778 819
779 819
780 819
781 819
782 819
783 819
784 819
785 819
786 819
787 819
788 819
789 819
790 819
791 819
792 819
793 819
794 819
795 819
796 819
797 819
798 819
799 819
800 819
801 819
802 819
803 819
804 819
805 819
806 819
807 819
808 819
809 819
810 819
811 819
812 819
813 819
814 819
815 819
816 819
817 819
818 819
677 820
727 820
728 820
729 820
730 820
731 820
732 820
733 820
734 820
735 820
736 820
737 820
738 820
739 820
740 820
741 820
742 820
743 820
744 820
745 820
746 820
747 820
748 820
749 820
750 820
751 820
752 820
753 820
754 820
755 820
756 820
757 820
758 820
759 820
760 820
761 820
762 820
763 820
764 820
765 820
766 820
767 820
768 820
769 820
770 820
771 820
772 820
773 820
774 820
775 820
776 820
777 820
778 820
779 820
780 820
781 820
782 820
783 820
784 820
785 820
786 820
787 820
788 820
789 820
790 820
791 820
792 820
793 820
794 820
795 820
796 820
797 820
798 820
799 820
800 820
801 820
802 820
803 820
804 820
805 820
806 820
807 820
808 820
809 820
810 820
811 820
812 820
813 820
814 820
815 820
816 820
817 820
818 820
819 820
677 821
727 821
728 821
729 821
730 821
731 821
732 821
733 821
734 821
735 821
736 821
737 821
738 821
739 821
740 821
741 821
742 821
743 821
744 821
745 821
746 821
747 821
748 821
749 821
750 821
751 821
752 821
753 821
754 821
755 821
756 821
757 821
758 821
759 821
760 821
761 821
762 821
763 821
764 821
765 821
766 821
767 821
768 821
769 821
770 821
771 821
772 821
773 821
774 821
775 821
776 821
777 821
778 821
779 821
780 821
781 821
782 821
783 821
784 821
785 821
786 821
787 821
788 821
789 821
790 821
791 821
792 821
793 821
794 821
795 821
796 821
797 821
798 821
799 821
800 821
801 821
802 821
803 821
804 821
805 821
806 821
807 821
808 821
809 821
810 821
811 821
812 821
813 821
814 821
815 821
816 821
817 821
818 821
819 821
820 821
677 822
727 822
728 822
729 822
730 822
731 822
732 822
733 822
734 822
735 822
736 822
737 822
738 822
739 822
740 822
741 822
742 822
743 822
744 822
745 822
746 822
747 822
748 822
749 822
750 822
751 822
752 822
753 822
754 822
755 822
756 822
757 822
758 822
759 822
760 822
761 822
762 822
763 822
764 822
765 822
766 822
767 822
768 822
769 822
770 822
771 822
772 822
773 822
774 822
775 822
776 822
777 822
778 822
779 822
780 822
781 822
782 822
783 822
784 822
785 822
786 822
787 822
788 822
789 822
790 822
791 822
792 822
793 822
794 822
795 822
796 822
797 822
798 822
799 822
800 822
801 822
802 822
803 822
804 822
805 822
806 822
807 822
808 822
809 822
810 822
811 822
812 822
813 822
814 822
815 822
816 822
817 822
818 822
819 822
820 822
821 822
677 823
727 823
728 823
729 823
730 823
731 823
732 823
733 823
734 823
735 823
736 823
737 823
738 823
739 823
740 823
741 823
742 823
743 823
744 823
745 823
746 823
747 823
748 823
749 823
750 823
751 823
752 823
753 823
754 823
755 823
756 823
757 823
758 823
759 823
760 823
761 823
762 823
763 823
764 823
765 823
766 823
767 823
768 823
769 823
770 823
771 823
772 823
773 823
774 823
775 823
776 823
777 823
778 823
779 823
780 823
781 823
782 823
783 823
784 823
785 823
786 823
787 823
788 823
789 823
790 823
791 823
792 823
793 823
794 823
795 823
796 823
797 823
798 823
799 823
800 823
801 823
802 823
803 823
804 823
805 823
806 823
807 823
808 823
809 823
810 823
811 823
812 823
813 823
814 823
815 823
816 823
817 823
818 823
819 823
820 823
821 823
822 823
677 824
727 824
728 824
729 824
730 824
731 824
732 824
733 824
734 824
735 824
736 824
737 824
738 824
739 824
740 824
741 824
742 824
743 824
744 824
745 824
746 824
747 824
748 824
749 824
750 824
751 824
752 824
753 824
754 824
755 824
756 824
757 824
758 824
759 824
760 824
761 824
762 824
763 824
764 824
765 824
766 824
767 824
768 824
769 824
770 824
771 824
772 824
773 824
774 824
775 824
776 824
777 824
778 824
779 824
780 824
781 824
782 824
783 824
784 824
785 824
786 824
787 824
788 824
789 824
790 824
791 824
792 824
793 824
794 824
795 824
796 824
797 824
798 824
799 824
800 824
801 824
802 824
803 824
804 824
805 824
806 824
807 824
808 824
809 824
810 824
811 824
812 824
813 824
814 824
815 824
816 824
817 824
818 824
819 824
820 824
821 824
822 824
823 824
677 825
727 825
728 825
729 825
730 825
731 825
732 825
733 825
734 825
735 825
736 825
737 825
738 825
739 825
740 825
741 825
742 825
743 825
744 825
745 825
746 825
747 825
748 825
749 825
750 825
751 825
752 825
753 825
754 825
755 825
756 825
757 825
758 825
759 825
760 825
761 825
762 825
763 825
764 825
765 825
766 825
767 825
768 825
769 825
770 825
771 825
772 825
773 825
774 825
775 825
776 825
777 825
778 825
779 825
780 825
781 825
782 825
783 825
784 825
785 825
786 825
787 825
788 825
789 825
790 825
791 825
792 825
793 825
794 825
795 825
796 825
797 825
798 825
799 825
800 825
801 825
802 825
803 825
804 825
805 825
806 825
807 825
808 825
809 825
810 825
811 825
812 825
813 825
814 825
815 825
816 825
817 825
818 825
819 825
820 825
821 825
822 825
823 825
824 825
677 826
727 826
728 826
729 826
730 826
731 826
732 826
733 826
734 826
735 826
736 826
737 826
738 826
739 826
740 826
741 826
742 826
743 826
744 826
745 826
746 826
747 826
748 826
749 826
750 826
751 826
752 826
753 826
754 826
755 826
756 826
757 826
758 826
759 826
760 826
761 826
762 826
763 826
764 826
765 826
766 826
767 826
768 826
769 826
770 826
771 826
772 826
773 826
774 826
775 826
776 826
777 826
778 826
779 826
780 826
781 826
782 826
783 826
784 826
785 826
786 826
787 826
788 826
789 826
790 826
791 826
792 826
793 826
794 826
795 826
796 826
797 826
798 826
799 826
800 826
801 826
802 826
803 826
804 826
805 826
806 826
807 826
808 826
809 826
810 826
811 826
812 826
813 826
814 826
815 826
816 826
817 826
818 826
819 826
820 826
821 826
822 826
823 826
824 826
825 826
677 827
727 827
728 827
729 827
730 827
731 827
732 827
733 827
734 827
735 827
736 827
737 827
738 827
739 827
740 827
741 827
742 827
743 827
744 827
745 827
746 827
747 827
748 827
749 827
750 827
751 827
752 827
753 827
754 827
755 827
756 827
757 827
758 827
759 827
760 827
761 827
762 827
763 827
764 827
765 827
766 827
767 827
768 827
769 827
770 827
771 827
772 827
773 827
774 827
775 827
776 827
777 827
778 827
779 827
780 827
781 827
782 827
783 827
784 827
785 827
786 827
787 827
788 827
789 827
790 827
791 827
792 827
793 827
794 827
795 827
796 827
797 827
798 827
799 827
800 827
801 827
802 827
803 827
804 827
805 827
806 827
807 827
808 827
809 827
810 827
811 827
812 827
813 827
814 827
815 827
816 827
817 827
818 827
819 827
820 827
821 827
822 827
823 827
824 827
825 827
826 827
677 828
727 828
728 828
729 828
730 828
731 828
732 828
733 828
734 828
735 828
736 828
737 828
738 828
739 828
740 828
741 828
742 828
743 828
744 828
745 828
746 828
747 828
748 828
749 828
750 828
751 828
752 828
753 828
754 828
755 828
756 828
757 828
758 828
759 828
760 828
761 828
762 828
763 828
764 828
765 828
766 828
767 828
768 828
769 828
770 828
771 828
772 828
773 828
774 828
775 828
776 828
777 828
778 828
779 828
780 828
781 828
782 828
783 828
784 828
785 828
786 828
787 828
788 828
789 828
790 828
791 828
792 828
793 828
794 828
795 828
796 828
797 828
798 828
799 828
800 828
801 828
802 828
803 828
804 828
805 828
806 828
807 828
808 828
809 828
810 828
811 828
812 828
813 828
814 828
815 828
816 828
817 828
818 828
819 828
820 828
821 828
822 828
823 828
824 828
825 828
826 828
827 828
677 829
727 829
728 829
729 829
730 829
731 829
732 829
733 829
734 829
735 829
736 829
737 829
738 829
739 829
740 829
741 829
742 829
743 829
744 829
745 829
746 829
747 829
748 829
749 829
750 829
751 829
752 829
753 829
754 829
755 829
756 829
757 829
758 829
759 829
760 829
761 829
762 829
763 829
764 829
765 829
766 829
767 829
768 829
769 829
770 829
771 829
772 829
773 829
774 829
775 829
776 829
777 829
778 829
779 829
780 829
781 829
782 829
783 829
784 829
785 829
786 829
787 829
788 829
789 829
790 829
791 829
792 829
793 829
794 829
795 829
796 829
797 829
798 829
799 829
800 829
801 829
802 829
803 829
804 829
805 829
806 829
807 829
808 829
809 829
810 829
811 829
812 829
813 829
814 829
815 829
816 829
817 829
818 829
819 829
820 829
821 829
822 829
823 829
824 829
825 829
826 829
827 829
828 829
677 830
727 830
728 830
729 830
730 830
731 830
732 830
733 830
734 830
735 830
736 830
737 830
738 830
739 830
740 830
741 830
742 830
743 830
744 830
745 830
746 830
747 830
748 830
749 830
750 830
751 830
752 830
753 830
754 830
755 830
756 830
757 830
758 830
759 830
760 830
761 830
762 830
763 830
764 830
765 830
766 830
767 830
768 830
769 830
770 830
771 830
772 830
773 830
774 830
775 830
776 830
777 830
778 830
779 830
780 830
781 830
782 830
783 830
784 830
785 830
786 830
787 830
788 830
789 830
790 830
791 830
792 830
793 830
794 830
795 830
796 830
797 830
798 830
799 830
800 830
801 830
802 830
803 830
804 830
805 830
806 830
807 830
808 830
809 830
810 830
811 830
812 830
813 830
814 830
815 830
816 830
817 830
818 830
819 830
820 830
821 830
822 830
823 830
824 830
825 830
826 830
827 830
828 830
829 830
677 831
727 831
728 831
729 831
730 831
731 831
732 831
733 831
734 831
735 831
736 831
737 831
738 831
739 831
740 831
741 831
742 831
743 831
744 831
745 831
746 831
747 831
748 831
749 831
750 831
751 831
752 831
753 831
754 831
755 831
756 831
757 831
758 831
759 831
760 831
761 831
762 831
763 831
764 831
765 831
766 831
767 831
768 831
769 831
770 831
771 831
772 831
773 831
774 831
775 831
776 831
777 831
778 831
779 831
780 831
781 831
782 831
783 831
784 831
785 831
786 831
787 831
788 831
789 831
790 831
791 831
792 831
793 831
794 831
795 831
796 831
797 831
798 831
799 831
800 831
801 831
802 831
803 831
804 831
805 831
806 831
807 831
808 831
809 831
810 831
811 831
812 831
813 831
814 831
815 831
816 831
817 831
818 831
819 831
820 831
821 831
822 831
823 831
824 831
825 831
826 831
827 831
828 831
829 831
830 831
677 832
727 832
728 832
729 832
730 832
731 832
732 832
733 832
734 832
735 832
736 832
737 832
738 832
739 832
740 832
741 832
742 832
743 832
744 832
745 832
746 832
747 832
748 832
749 832
750 832
751 832
752 832
753 832
754 832
755 832
756 832
757 832
758 832
759 832
760 832
761 832
762 832
763 832
764 832
765 832
766 832
767 832
768 832
769 832
770 832
771 832
772 832
773 832
774 832
775 832
776 832
777 832
778 832
779 832
780 832
781 832
782 832
783 832
784 832
785 832
786 832
787 832
788 832
789 832
790 832
791 832
792 832
793 832
794 832
795 832
796 832
797 832
798 832
799 832
800 832
801 832
802 832
803 832
804 832
805 832
806 832
807 832
808 832
809 832
810 832
811 832
812 832
813 832
814 832
815 832
816 832
817 832
818 832
819 832
820 832
821 832
822 832
823 832
824 832
825 832
826 832
827 832
828 832
829 832
830 832
831 832
677 833
727 833
728 833
729 833
730 833
731 833
732 833
733 833
734 833
735 833
736 833
737 833
738 833
739 833
740 833
741 833
742 833
743 833
744 833
745 833
746 833
747 833
748 833
749 833
750 833
751 833
752 833
753 833
754 833
755 833
756 833
757 833
758 833
759 833
760 833
761 833
762 833
763 833
764 833
765 833
766 833
767 833
768 833
769 833
770 833
771 833
772 833
773 833
774 833
775 833
776 833
777 833
778 833
779 833
780 833
781 833
782 833
783 833
784 833
785 833
786 833
787 833
788 833
789 833
790 833
791 833
792 833
793 833
794 833
795 833
796 833
797 833
798 833
799 833
800 833
801 833
802 833
803 833
804 833
805 833
806 833
807 833
808 833
809 833
810 833
811 833
812 833
813 833
814 833
815 833
816 833
817 833
818 833
819 833
820 833
821 833
822 833
823 833
824 833
825 833
826 833
827 833
828 833
829 833
830 833
831 833
832 833
677 834
727 834
728 834
729 834
730 834
731 834
732 834
733 834
734 834
735 834
736 834
737 834
738 834
739 834
740 834
741 834
742 834
743 834
744 834
745 834
746 834
747 834
748 834
749 834
750 834
751 834
752 834
753 834
754 834
755 834
756 834
757 834
758 834
759 834
760 834
761 834
762 834
763 834
764 834
765 834
766 834
767 834
768 834
769 834
770 834
771 834
772 834
773 834
774 834
775 834
776 834
777 834
778 834
779 834
780 834
781 834
782 834
783 834
784 834
785 834
786 834
787 834
788 834
789 834
790 834
791 834
792 834
793 834
794 834
795 834
796 834
797 834
798 834
799 834
800 834
801 834
802 834
803 834
804 834
805 834
806 834
807 834
808 834
809 834
810 834
811 834
812 834
813 834
814 834
815 834
816 834
817 834
818 834
819 834
820 834
821 834
822 834
823 834
824 834
825 834
826 834
827 834
828 834
829 834
830 834
831 834
832 834
833 834
677 835
727 835
728 835
729 835
730 835
731 835
732 835
733 835
734 835
735 835
736 835
737 835
738 835
739 835
740 835
741 835
742 835
743 835
744 835
745 835
746 835
747 835
748 835
749 835
750 835
751 835
752 835
753 835
754 835
755 835
756 835
757 835
758 835
759 835
760 835
761 835
762 835
763 835
764 835
765 835
766 835
767 835
768 835
769 835
770 835
771 835
772 835
773 835
774 835
775 835
776 835
777 835
778 835
779 835
780 835
781 835
782 835
783 835
784 835
785 835
786 835
787 835
788 835
789 835
790 835
791 835
792 835
793 835
794 835
795 835
796 835
797 835
798 835
799 835
800 835
801 835
802 835
803 835
804 835
805 835
806 835
807 835
808 835
809 835
810 835
811 835
812 835
813 835
814 835
815 835
816 835
817 835
818 835
819 835
820 835
821 835
822 835
823 835
824 835
825 835
826 835
827 835
828 835
829 835
830 835
831 835
832 835
833 835
834 835
677 836
727 836
728 836
729 836
730 836
731 836
732 836
733 836
734 836
735 836
736 836
737 836
738 836
739 836
740 836
741 836
742 836
743 836
744 836
745 836
746 836
747 836
748 836
749 836
750 836
751 836
752 836
753 836
754 836
755 836
756 836
757 836
758 836
759 836
760 836
761 836
762 836
763 836
764 836
765 836
766 836
767 836
768 836
769 836
770 836
771 836
772 836
773 836
774 836
775 836
776 836
777 836
778 836
779 836
780 836
781 836
782 836
783 836
784 836
785 836
786 836
787 836
788 836
789 836
790 836
791 836
792 836
793 836
794 836
795 836
796 836
797 836
798 836
799 836
800 836
801 836
802 836
803 836
804 836
805 836
806 836
807 836
808 836
809 836
810 836
811 836
812 836
813 836
814 836
815 836
816 836
817 836
818 836
819 836
820 836
821 836
822 836
823 836
824 836
825 836
826 836
827 836
828 836
829 836
830 836
831 836
832 836
833 836
834 836
835 836
677 837
727 837
728 837
729 837
730 837
731 837
732 837
733 837
734 837
735 837
736 837
737 837
738 837
739 837
740 837
741 837
742 837
743 837
744 837
745 837
746 837
747 837
748 837
749 837
750 837
751 837
752 837
753 837
754 837
755 837
756 837
757 837
758 837
759 837
760 837
761 837
762 837
763 837
764 837
765 837
766 837
767 837
768 837
769 837
770 837
771 837
772 837
773 837
774 837
775 837
776 837
777 837
778 837
779 837
780 837
781 837
782 837
783 837
784 837
785 837
786 837
787 837
788 837
789 837
790 837
791 837
792 837
793 837
794 837
795 837
796 837
797 837
798 837
799 837
800 837
801 837
802 837
803 837
804 837
805 837
806 837
807 837
808 837
809 837
810 837
811 837
812 837
813 837
814 837
815 837
816 837
817 837
818 837
819 837
820 837
821 837
822 837
823 837
824 837
825 837
826 837
827 837
828 837
829 837
830 837
831 837
832 837
833 837
834 837
835 837
836 837
677 838
727 838
728 838
729 838
730 838
731 838
732 838
733 838
734 838
735 838
736 838
737 838
738 838
739 838
740 838
741 838
742 838
743 838
744 838
745 838
746 838
747 838
748 838
749 838
750 838
751 838
752 838
753 838
754 838
755 838
756 838
757 838
758 838
759 838
760 838
761 838
762 838
763 838
764 838
765 838
766 838
767 838
768 838
769 838
770 838
771 838
772 838
773 838
774 838
775 838
776 838
777 838
778 838
779 838
780 838
781 838
782 838
783 838
784 838
785 838
786 838
787 838
788 838
789 838
790 838
791 838
792 838
793 838
794 838
795 838
796 838
797 838
798 838
799 838
800 838
801 838
802 838
803 838
804 838
805 838
806 838
807 838
808 838
809 838
810 838
811 838
812 838
813 838
814 838
815 838
816 838
817 838
818 838
819 838
820 838
821 838
822 838
823 838
824 838
825 838
826 838
827 838
828 838
829 838
830 838
831 838
832 838
833 838
834 838
835 838
836 838
837 838
677 839
727 839
728 839
729 839
730 839
731 839
732 839
733 839
734 839
735 839
736 839
737 839
738 839
739 839
740 839
741 839
742 839
743 839
744 839
745 839
746 839
747 839
748 839
749 839
750 839
751 839
752 839
753 839
754 839
755 839
756 839
757 839
758 839
759 839
760 839
761 839
762 839
763 839
764 839
765 839
766 839
767 839
768 839
769 839
770 839
771 839
772 839
773 839
774 839
775 839
776 839
777 839
778 839
779 839
780 839
781 839
782 839
783 839
784 839
785 839
786 839
787 839
788 839
789 839
790 839
791 839
792 839
793 839
794 839
795 839
796 839
797 839
798 839
799 839
800 839
801 839
802 839
803 839
804 839
805 839
806 839
807 839
808 839
809 839
810 839
811 839
812 839
813 839
814 839
815 839
816 839
817 839
818 839
819 839
820 839
821 839
822 839
823 839
824 839
825 839
826 839
827 839
828 839
829 839
830 839
831 839
832 839
833 839
834 839
835 839
836 839
837 839
838 839
677 840
727 840
728 840
729 840
730 840
731 840
732 840
733 840
734 840
735 840
736 840
737 840
738 840
739 840
740 840
741 840
742 840
743 840
744 840
745 840
746 840
747 840
748 840
749 840
750 840
751 840
752 840
753 840
754 840
755 840
756 840
757 840
758 840
759 840
760 840
761 840
762 840
763 840
764 840
765 840
766 840
767 840
768 840
769 840
770 840
771 840
772 840
773 840
774 840
775 840
776 840
777 840
778 840
779 840
780 840
781 840
782 840
783 840
784 840
785 840
786 840
787 840
788 840
789 840
790 840
791 840
792 840
793 840
794 840
795 840
796 840
797 840
798 840
799 840
800 840
801 840
802 840
803 840
804 840
805 840
806 840
807 840
808 840
809 840
810 840
811 840
812 840
813 840
814 840
815 840
816 840
817 840
818 840
819 840
820 840
821 840
822 840
823 840
824 840
825 840
826 840
827 840
828 840
829 840
830 840
831 840
832 840
833 840
834 840
835 840
836 840
837 840
838 840
839 840
677 841
727 841
728 841
729 841
730 841
731 841
732 841
733 841
734 841
735 841
736 841
737 841
738 841
739 841
740 841
741 841
742 841
743 841
744 841
745 841
746 841
747 841
748 841
749 841
750 841
751 841
752 841
753 841
754 841
755 841
756 841
757 841
758 841
759 841
760 841
761 841
762 841
763 841
764 841
765 841
766 841
767 841
768 841
769 841
770 841
771 841
772 841
773 841
774 841
775 841
776 841
777 841
778 841
779 841
780 841
781 841
782 841
783 841
784 841
785 841
786 841
787 841
788 841
789 841
790 841
791 841
792 841
793 841
794 841
795 841
796 841
797 841
798 841
799 841
800 841
801 841
802 841
803 841
804 841
805 841
806 841
807 841
808 841
809 841
810 841
811 841
812 841
813 841
814 841
815 841
816 841
817 841
818 841
819 841
820 841
821 841
822 841
823 841
824 841
825 841
826 841
827 841
828 841
829 841
830 841
831 841
832 841
833 841
834 841
835 841
836 841
837 841
838 841
839 841
840 841
677 842
727 842
728 842
729 842
730 842
731 842
732 842
733 842
734 842
735 842
736 842
737 842
738 842
739 842
740 842
741 842
742 842
743 842
744 842
745 842
746 842
747 842
748 842
749 842
750 842
751 842
752 842
753 842
754 842
755 842
756 842
757 842
758 842
759 842
760 842
761 842
762 842
763 842
764 842
765 842
766 842
767 842
768 842
769 842
770 842
771 842
772 842
773 842
774 842
775 842
776 842
777 842
778 842
779 842
780 842
781 842
782 842
783 842
784 842
785 842
786 842
787 842
788 842
789 842
790 842
791 842
792 842
793 842
794 842
795 842
796 842
797 842
798 842
799 842
800 842
801 842
802 842
803 842
804 842
805 842
806 842
807 842
808 842
809 842
810 842
811 842
812 842
813 842
814 842
815 842
816 842
817 842
818 842
819 842
820 842
821 842
822 842
823 842
824 842
825 842
826 842
827 842
828 842
829 842
830 842
831 842
832 842
833 842
834 842
835 842
836 842
837 842
838 842
839 842
840 842
841 842
677 843
727 843
728 843
729 843
730 843
731 843
732 843
733 843
734 843
735 843
736 843
737 843
738 843
739 843
740 843
741 843
742 843
743 843
744 843
745 843
746 843
747 843
748 843
749 843
750 843
751 843
752 843
753 843
754 843
755 843
756 843
757 843
758 843
759 843
760 843
761 843
762 843
763 843
764 843
765 843
766 843
767 843
768 843
769 843
770 843
771 843
772 843
773 843
774 843
775 843
776 843
777 843
778 843
779 843
780 843
781 843
782 843
783 843
784 843
785 843
786 843
787 843
788 843
789 843
790 843
791 843
792 843
793 843
794 843
795 843
796 843
797 843
798 843
799 843
800 843
801 843
802 843
803 843
804 843
805 843
806 843
807 843
808 843
809 843
810 843
811 843
812 843
813 843
814 843
815 843
816 843
817 843
818 843
819 843
820 843
821 843
822 843
823 843
824 843
825 843
826 843
827 843
828 843
829 843
830 843
831 843
832 843
833 843
834 843
835 843
836 843
837 843
838 843
839 843
840 843
841 843
842 843
677 844
727 844
728 844
729 844
730 844
731 844
732 844
733 844
734 844
735 844
736 844
737 844
738 844
739 844
740 844
741 844
742 844
743 844
744 844
745 844
746 844
747 844
748 844
749 844
750 844
751 844
752 844
753 844
754 844
755 844
756 844
757 844
758 844
759 844
760 844
761 844
762 844
763 844
764 844
765 844
766 844
767 844
768 844
769 844
770 844
771 844
772 844
773 844
774 844
775 844
776 844
777 844
778 844
779 844
780 844
781 844
782 844
783 844
784 844
785 844
786 844
787 844
788 844
789 844
790 844
791 844
792 844
793 844
794 844
795 844
796 844
797 844
798 844
799 844
800 844
801 844
802 844
803 844
804 844
805 844
806 844
807 844
808 844
809 844
810 844
811 844
812 844
813 844
814 844
815 844
816 844
817 844
818 844
819 844
820 844
821 844
822 844
823 844
824 844
825 844
826 844
827 844
828 844
829 844
830 844
831 844
832 844
833 844
834 844
835 844
836 844
837 844
838 844
839 844
840 844
841 844
842 844
843 844
677 845
727 845
728 845
729 845
730 845
731 845
732 845
733 845
734 845
735 845
736 845
737 845
738 845
739 845
740 845
741 845
742 845
743 845
744 845
745 845
746 845
747 845
748 845
749 845
750 845
751 845
752 845
753 845
754 845
755 845
756 845
757 845
758 845
759 845
760 845
761 845
762 845
763 845
764 845
765 845
766 845
767 845
768 845
769 845
770 845
771 845
772 845
773 845
774 845
775 845
776 845
777 845
778 845
779 845
780 845
781 845
782 845
783 845
784 845
785 845
786 845
787 845
788 845
789 845
790 845
791 845
792 845
793 845
794 845
795 845
796 845
797 845
798 845
799 845
800 845
801 845
802 845
803 845
804 845
805 845
806 845
807 845
808 845
809 845
810 845
811 845
812 845
813 845
814 845
815 845
816 845
817 845
818 845
819 845
820 845
821 845
822 845
823 845
824 845
825 845
826 845
827 845
828 845
829 845
830 845
831 845
832 845
833 845
834 845
835 845
836 845
837 845
838 845
839 845
840 845
841 845
842 845
843 845
844 845
677 846
727 846
728 846
729 846
730 846
731 846
732 846
733 846
734 846
735 846
736 846
737 846
738 846
739 846
740 846
741 846
742 846
743 846
744 846
745 846
746 846
747 846
748 846
749 846
750 846
751 846
752 846
753 846
754 846
755 846
756 846
757 846
758 846
759 846
760 846
761 846
762 846
763 846
764 846
765 846
766 846
767 846
768 846
769 846
770 846
771 846
772 846
773 846
774 846
775 846
776 846
777 846
778 846
779 846
780 846
781 846
782 846
783 846
784 846
785 846
786 846
787 846
788 846
789 846
790 846
791 846
792 846
793 846
794 846
795 846
796 846
797 846
798 846
799 846
800 846
801 846
802 846
803 846
804 846
805 846
806 846
807 846
808 846
809 846
810 846
811 846
812 846
813 846
814 846
815 846
816 846
817 846
818 846
819 846
820 846
821 846
822 846
823 846
824 846
825 846
826 846
827 846
828 846
829 846
830 846
831 846
832 846
833 846
834 846
835 846
836 846
837 846
838 846
839 846
840 846
841 846
842 846
843 846
844 846
845 846
677 847
727 847
728 847
729 847
730 847
731 847
732 847
733 847
734 847
735 847
736 847
737 847
738 847
739 847
740 847
741 847
742 847
743 847
744 847
745 847
746 847
747 847
748 847
749 847
750 847
751 847
752 847
753 847
754 847
755 847
756 847
757 847
758 847
759 847
760 847
761 847
762 847
763 847
764 847
765 847
766 847
767 847
768 847
769 847
770 847
771 847
772 847
773 847
774 847
775 847
776 847
777 847
778 847
779 847
780 847
781 847
782 847
783 847
784 847
785 847
786 847
787 847
788 847
789 847
790 847
791 847
792 847
793 847
794 847
795 847
796 847
797 847
798 847
799 847
800 847
801 847
802 847
803 847
804 847
805 847
806 847
807 847
808 847
809 847
810 847
811 847
812 847
813 847
814 847
815 847
816 847
817 847
818 847
819 847
820 847
821 847
822 847
823 847
824 847
825 847
826 847
827 847
828 847
829 847
830 847
831 847
832 847
833 847
834 847
835 847
836 847
837 847
838 847
839 847
840 847
841 847
842 847
843 847
844 847
845 847
846 847
677 848
727 848
728 848
729 848
730 848
731 848
732 848
733 848
734 848
735 848
736 848
737 848
738 848
739 848
740 848
741 848
742 848
743 848
744 848
745 848
746 848
747 848
748 848
749 848
750 848
751 848
752 848
753 848
754 848
755 848
756 848
757 848
758 848
759 848
760 848
761 848
762 848
763 848
764 848
765 848
766 848
767 848
768 848
769 848
770 848
771 848
772 848
773 848
774 848
775 848
776 848
777 848
778 848
779 848
780 848
781 848
782 848
783 848
784 848
785 848
786 848
787 848
788 848
789 848
790 848
791 848
792 848
793 848
794 848
795 848
796 848
797 848
798 848
799 848
800 848
801 848
802 848
803 848
804 848
805 848
806 848
807 848
808 848
809 848
810 848
811 848
812 848
813 848
814 848
815 848
816 848
817 848
818 848
819 848
820 848
821 848
822 848
823 848
824 848
825 848
826 848
827 848
828 848
829 848
830 848
831 848
832 848
833 848
834 848
835 848
836 848
837 848
838 848
839 848
840 848
841 848
842 848
843 848
844 848
845 848
846 848
847 848
677 849
727 849
728 849
729 849
730 849
731 849
732 849
733 849
734 849
735 849
736 849
737 849
738 849
739 849
740 849
741 849
742 849
743 849
744 849
745 849
746 849
747 849
748 849
749 849
750 849
751 849
752 849
753 849
754 849
755 849
756 849
757 849
758 849
759 849
760 849
761 849
762 849
763 849
764 849
765 849
766 849
767 849
768 849
769 849
770 849
771 849
772 849
773 849
774 849
775 849
776 849
777 849
778 849
779 849
780 849
781 849
782 849
783 849
784 849
785 849
786 849
787 849
788 849
789 849
790 849
791 849
792 849
793 849
794 849
795 849
796 849
797 849
798 849
799 849
800 849
801 849
802 849
803 849
804 849
805 849
806 849
807 849
808 849
809 849
810 849
811 849
812 849
813 849
814 849
815 849
816 849
817 849
818 849
819 849
820 849
821 849
822 849
823 849
824 849
825 849
826 849
827 849
828 849
829 849
830 849
831 849
832 849
833 849
834 849
835 849
836 849
837 849
838 849
839 849
840 849
841 849
842 849
843 849
844 849
845 849
846 849
847 849
848 849
677 850
727 850
728 850
729 850
730 850
731 850
732 850
733 850
734 850
735 850
736 850
737 850
738 850
739 850
740 850
741 850
742 850
743 850
744 850
745 850
746 850
747 850
748 850
749 850
750 850
751 850
752 850
753 850
754 850
755 850
756 850
757 850
758 850
759 850
760 850
761 850
762 850
763 850
764 850
765 850
766 850
767 850
768 850
769 850
770 850
771 850
772 850
773 850
774 850
775 850
776 850
777 850
778 850
779 850
780 850
781 850
782 850
783 850
784 850
785 850
786 850
787 850
788 850
789 850
790 850
791 850
792 850
793 850
794 850
795 850
796 850
797 850
798 850
799 850
800 850
801 850
802 850
803 850
804 850
805 850
806 850
807 850
808 850
809 850
810 850
811 850
812 850
813 850
814 850
815 850
816 850
817 850
818 850
819 850
820 850
821 850
822 850
823 850
824 850
825 850
826 850
827 850
828 850
829 850
830 850
831 850
832 850
833 850
834 850
835 850
836 850
837 850
838 850
839 850
840 850
841 850
842 850
843 850
844 850
845 850
846 850
847 850
848 850
849 850
677 851
727 851
728 851
729 851
730 851
731 851
732 851
733 851
734 851
735 851
736 851
737 851
738 851
739 851
740 851
741 851
742 851
743 851
744 851
745 851
746 851
747 851
748 851
749 851
750 851
751 851
752 851
753 851
754 851
755 851
756 851
757 851
758 851
759 851
760 851
761 851
762 851
763 851
764 851
765 851
766 851
767 851
768 851
769 851
770 851
771 851
772 851
773 851
774 851
775 851
776 851
777 851
778 851
779 851
780 851
781 851
782 851
783 851
784 851
785 851
786 851
787 851
788 851
789 851
790 851
791 851
792 851
793 851
794 851
795 851
796 851
797 851
798 851
799 851
800 851
801 851
802 851
803 851
804 851
805 851
806 851
807 851
808 851
809 851
810 851
811 851
812 851
813 851
814 851
815 851
816 851
817 851
818 851
819 851
820 851
821 851
822 851
823 851
824 851
825 851
826 851
827 851
828 851
829 851
830 851
831 851
832 851
833 851
834 851
835 851
836 851
837 851
838 851
839 851
840 851
841 851
842 851
843 851
844 851
845 851
846 851
847 851
848 851
849 851
850 851
677 852
727 852
728 852
729 852
730 852
731 852
732 852
733 852
734 852
735 852
736 852
737 852
738 852
739 852
740 852
741 852
742 852
743 852
744 852
745 852
746 852
747 852
748 852
749 852
750 852
751 852
752 852
753 852
754 852
755 852
756 852
757 852
758 852
759 852
760 852
761 852
762 852
763 852
764 852
765 852
766 852
767 852
768 852
769 852
770 852
771 852
772 852
773 852
774 852
775 852
776 852
777 852
778 852
779 852
780 852
781 852
782 852
783 852
784 852
785 852
786 852
787 852
788 852
789 852
790 852
791 852
792 852
793 852
794 852
795 852
796 852
797 852
798 852
799 852
800 852
801 852
802 852
803 852
804 852
805 852
806 852
807 852
808 852
809 852
810 852
811 852
812 852
813 852
814 852
815 852
816 852
817 852
818 852
819 852
820 852
821 852
822 852
823 852
824 852
825 852
826 852
827 852
828 852
829 852
830 852
831 852
832 852
833 852
834 852
835 852
836 852
837 852
838 852
839 852
840 852
841 852
842 852
843 852
844 852
845 852
846 852
847 852
848 852
849 852
850 852
851 852
677 853
727 853
728 853
729 853
730 853
731 853
732 853
733 853
734 853
735 853
736 853
737 853
738 853
739 853
740 853
741 853
742 853
743 853
744 853
745 853
746 853
747 853
748 853
749 853
750 853
751 853
752 853
753 853
754 853
755 853
756 853
757 853
758 853
759 853
760 853
761 853
762 853
763 853
764 853
765 853
766 853
767 853
768 853
769 853
770 853
771 853
772 853
773 853
774 853
775 853
776 853
777 853
778 853
779 853
780 853
781 853
782 853
783 853
784 853
785 853
786 853
787 853
788 853
789 853
790 853
791 853
792 853
793 853
794 853
795 853
796 853
797 853
798 853
799 853
800 853
801 853
802 853
803 853
804 853
805 853
806 853
807 853
808 853
809 853
810 853
811 853
812 853
813 853
814 853
815 853
816 853
817 853
818 853
819 853
820 853
821 853
822 853
823 853
824 853
825 853
826 853
827 853
828 853
829 853
830 853
831 853
832 853
833 853
834 853
835 853
836 853
837 853
838 853
839 853
840 853
841 853
842 853
843 853
844 853
845 853
846 853
847 853
848 853
849 853
850 853
851 853
852 853
677 854
727 854
728 854
729 854
730 854
731 854
732 854
733 854
734 854
735 854
736 854
737 854
738 854
739 854
740 854
741 854
742 854
743 854
744 854
745 854
746 854
747 854
748 854
749 854
750 854
751 854
752 854
753 854
754 854
755 854
756 854
757 854
758 854
759 854
760 854
761 854
762 854
763 854
764 854
765 854
766 854
767 854
768 854
769 854
770 854
771 854
772 854
773 854
774 854
775 854
776 854
777 854
778 854
779 854
780 854
781 854
782 854
783 854
784 854
785 854
786 854
787 854
788 854
789 854
790 854
791 854
792 854
793 854
794 854
795 854
796 854
797 854
798 854
799 854
800 854
801 854
802 854
803 854
804 854
805 854
806 854
807 854
808 854
809 854
810 854
811 854
812 854
813 854
814 854
815 854
816 854
817 854
818 854
819 854
820 854
821 854
822 854
823 854
824 854
825 854
826 854
827 854
828 854
829 854
830 854
831 854
832 854
833 854
834 854
835 854
836 854
837 854
838 854
839 854
840 854
841 854
842 854
843 854
844 854
845 854
846 854
847 854
848 854
849 854
850 854
851 854
852 854
853 854
677 855
727 855
728 855
729 855
730 855
731 855
732 855
733 855
734 855
735 855
736 855
737 855
738 855
739 855
740 855
741 855
742 855
743 855
744 855
745 855
746 855
747 855
748 855
749 855
750 855
751 855
752 855
753 855
754 855
755 855
756 855
757 855
758 855
759 855
760 855
761 855
762 855
763 855
764 855
765 855
766 855
767 855
768 855
769 855
770 855
771 855
772 855
773 855
774 855
775 855
776 855
777 855
778 855
779 855
780 855
781 855
782 855
783 855
784 855
785 855
786 855
787 855
788 855
789 855
790 855
791 855
792 855
793 855
794 855
795 855
796 855
797 855
798 855
799 855
800 855
801 855
802 855
803 855
804 855
805 855
806 855
807 855
808 855
809 855
810 855
811 855
812 855
813 855
814 855
815 855
816 855
817 855
818 855
819 855
820 855
821 855
822 855
823 855
824 855
825 855
826 855
827 855
828 855
829 855
830 855
831 855
832 855
833 855
834 855
835 855
836 855
837 855
838 855
839 855
840 855
841 855
842 855
843 855
844 855
845 855
846 855
847 855
848 855
849 855
850 855
851 855
852 855
853 855
854 855
677 856
727 856
728 856
729 856
730 856
731 856
732 856
733 856
734 856
735 856
736 856
737 856
738 856
739 856
740 856
741 856
742 856
743 856
744 856
745 856
746 856
747 856
748 856
749 856
750 856
751 856
752 856
753 856
754 856
755 856
756 856
757 856
758 856
759 856
760 856
761 856
762 856
763 856
764 856
765 856
766 856
767 856
768 856
769 856
770 856
771 856
772 856
773 856
774 856
775 856
776 856
777 856
778 856
779 856
780 856
781 856
782 856
783 856
784 856
785 856
786 856
787 856
788 856
789 856
790 856
791 856
792 856
793 856
794 856
795 856
796 856
797 856
798 856
799 856
800 856
801 856
802 856
803 856
804 856
805 856
806 856
807 856
808 856
809 856
810 856
811 856
812 856
813 856
814 856
815 856
816 856
817 856
818 856
819 856
820 856
821 856
822 856
823 856
824 856
825 856
826 856
827 856
828 856
829 856
830 856
831 856
832 856
833 856
834 856
835 856
836 856
837 856
838 856
839 856
840 856
841 856
842 856
843 856
844 856
845 856
846 856
847 856
848 856
849 856
850 856
851 856
852 856
853 856
854 856
855 856
677 857
727 857
728 857
729 857
730 857
731 857
732 857
733 857
734 857
735 857
736 857
737 857
738 857
739 857
740 857
741 857
742 857
743 857
744 857
745 857
746 857
747 857
748 857
749 857
750 857
751 857
752 857
753 857
754 857
755 857
756 857
757 857
758 857
759 857
760 857
761 857
762 857
763 857
764 857
765 857
766 857
767 857
768 857
769 857
770 857
771 857
772 857
773 857
774 857
775 857
776 857
777 857
778 857
779 857
780 857
781 857
782 857
783 857
784 857
785 857
786 857
787 857
788 857
789 857
790 857
791 857
792 857
793 857
794 857
795 857
796 857
797 857
798 857
799 857
800 857
801 857
802 857
803 857
804 857
805 857
806 857
807 857
808 857
809 857
810 857
811 857
812 857
813 857
814 857
815 857
816 857
817 857
818 857
819 857
820 857
821 857
822 857
823 857
824 857
825 857
826 857
827 857
828 857
829 857
830 857
831 857
832 857
833 857
834 857
835 857
836 857
837 857
838 857
839 857
840 857
841 857
842 857
843 857
844 857
845 857
846 857
847 857
848 857
849 857
850 857
851 857
852 857
853 857
854 857
855 857
856 857
677 858
727 858
728 858
729 858
730 858
731 858
732 858
733 858
734 858
735 858
736 858
737 858
738 858
739 858
740 858
741 858
742 858
743 858
744 858
745 858
746 858
747 858
748 858
749 858
750 858
751 858
752 858
753 858
754 858
755 858
756 858
757 858
758 858
759 858
760 858
761 858
762 858
763 858
764 858
765 858
766 858
767 858
768 858
769 858
770 858
771 858
772 858
773 858
774 858
775 858
776 858
777 858
778 858
779 858
780 858
781 858
782 858
783 858
784 858
785 858
786 858
787 858
788 858
789 858
790 858
791 858
792 858
793 858
794 858
795 858
796 858
797 858
798 858
799 858
800 858
801 858
802 858
803 858
804 858
805 858
806 858
807 858
808 858
809 858
810 858
811 858
812 858
813 858
814 858
815 858
816 858
817 858
818 858
819 858
820 858
821 858
822 858
823 858
824 858
825 858
826 858
827 858
828 858
829 858
830 858
831 858
832 858
833 858
834 858
835 858
836 858
837 858
838 858
839 858
840 858
841 858
842 858
843 858
844 858
845 858
846 858
847 858
848 858
849 858
850 858
851 858
852 858
853 858
854 858
855 858
856 858
857 858
677 859
727 859
728 859
729 859
730 859
731 859
732 859
733 859
734 859
735 859
736 859
737 859
738 859
739 859
740 859
741 859
742 859
743 859
744 859
745 859
746 859
747 859
748 859
749 859
750 859
751 859
752 859
753 859
754 859
755 859
756 859
757 859
758 859
759 859
760 859
761 859
762 859
763 859
764 859
765 859
766 859
767 859
768 859
769 859
770 859
771 859
772 859
773 859
774 859
775 859
776 859
777 859
778 859
779 859
780 859
781 859
782 859
783 859
784 859
785 859
786 859
787 859
788 859
789 859
790 859
791 859
792 859
793 859
794 859
795 859
796 859
797 859
798 859
799 859
800 859
801 859
802 859
803 859
804 859
805 859
806 859
807 859
808 859
809 859
810 859
811 859
812 859
813 859
814 859
815 859
816 859
817 859
818 859
819 859
820 859
821 859
822 859
823 859
824 859
825 859
826 859
827 859
828 859
829 859
830 859
831 859
832 859
833 859
834 859
835 859
836 859
837 859
838 859
839 859
840 859
841 859
842 859
843 859
844 859
845 859
846 859
847 859
848 859
849 859
850 859
851 859
852 859
853 859
854 859
855 859
856 859
857 859
858 859
677 860
727 860
728 860
729 860
730 860
731 860
732 860
733 860
734 860
735 860
736 860
737 860
738 860
739 860
740 860
741 860
742 860
743 860
744 860
745 860
746 860
747 860
748 860
749 860
750 860
751 860
752 860
753 860
754 860
755 860
756 860
757 860
758 860
759 860
760 860
761 860
762 860
763 860
764 860
765 860
766 860
767 860
768 860
769 860
770 860
771 860
772 860
773 860
774 860
775 860
776 860
777 860
778 860
779 860
780 860
781 860
782 860
783 860
784 860
785 860
786 860
787 860
788 860
789 860
790 860
791 860
792 860
793 860
794 860
795 860
796 860
797 860
798 860
799 860
800 860
801 860
802 860
803 860
804 860
805 860
806 860
807 860
808 860
809 860
810 860
811 860
812 860
813 860
814 860
815 860
816 860
817 860
818 860
819 860
820 860
821 860
822 860
823 860
824 860
825 860
826 860
827 860
828 860
829 860
830 860
831 860
832 860
833 860
834 860
835 860
836 860
837 860
838 860
839 860
840 860
841 860
842 860
843 860
844 860
845 860
846 860
847 860
848 860
849 860
850 860
851 860
852 860
853 860
854 860
855 860
856 860
857 860
858 860
859 860
677 861
727 861
728 861
729 861
730 861
731 861
732 861
733 861
734 861
735 861
736 861
737 861
738 861
739 861
740 861
741 861
742 861
743 861
744 861
745 861
746 861
747 861
748 861
749 861
750 861
751 861
752 861
753 861
754 861
755 861
756 861
757 861
758 861
759 861
760 861
761 861
762 861
763 861
764 861
765 861
766 861
767 861
768 861
769 861
770 861
771 861
772 861
773 861
774 861
775 861
776 861
777 861
778 861
779 861
780 861
781 861
782 861
783 861
784 861
785 861
786 861
787 861
788 861
789 861
790 861
791 861
792 861
793 861
794 861
795 861
796 861
797 861
798 861
799 861
800 861
801 861
802 861
803 861
804 861
805 861
806 861
807 861
808 861
809 861
810 861
811 861
812 861
813 861
814 861
815 861
816 861
817 861
818 861
819 861
820 861
821 861
822 861
823 861
824 861
825 861
826 861
827 861
828 861
829 861
830 861
831 861
832 861
833 861
834 861
835 861
836 861
837 861
838 861
839 861
840 861
841 861
842 861
843 861
844 861
845 861
846 861
847 861
848 861
849 861
850 861
851 861
852 861
853 861
854 861
855 861
856 861
857 861
858 861
859 861
860 861
677 862
727 862
728 862
729 862
730 862
731 862
732 862
733 862
734 862
735 862
736 862
737 862
738 862
739 862
740 862
741 862
742 862
743 862
744 862
745 862
746 862
747 862
748 862
749 862
750 862
751 862
752 862
753 862
754 862
755 862
756 862
757 862
758 862
759 862
760 862
761 862
762 862
763 862
764 862
765 862
766 862
767 862
768 862
769 862
770 862
771 862
772 862
773 862
774 862
775 862
776 862
777 862
778 862
779 862
780 862
781 862
782 862
783 862
784 862
785 862
786 862
787 862
788 862
789 862
790 862
791 862
792 862
793 862
794 862
795 862
796 862
797 862
798 862
799 862
800 862
801 862
802 862
803 862
804 862
805 862
806 862
807 862
808 862
809 862
810 862
811 862
812 862
813 862
814 862
815 862
816 862
817 862
818 862
819 862
820 862
821 862
822 862
823 862
824 862
825 862
826 862
827 862
828 862
829 862
830 862
831 862
832 862
833 862
834 862
835 862
836 862
837 862
838 862
839 862
840 862
841 862
842 862
843 862
844 862
845 862
846 862
847 862
848 862
849 862
850 862
851 862
852 862
853 862
854 862
855 862
856 862
857 862
858 862
859 862
860 862
861 862
677 863
727 863
728 863
729 863
730 863
731 863
732 863
733 863
734 863
735 863
736 863
737 863
738 863
739 863
740 863
741 863
742 863
743 863
744 863
745 863
746 863
747 863
748 863
749 863
750 863
751 863
752 863
753 863
754 863
755 863
756 863
757 863
758 863
759 863
760 863
761 863
762 863
763 863
764 863
765 863
766 863
767 863
768 863
769 863
770 863
771 863
772 863
773 863
774 863
775 863
776 863
777 863
778 863
779 863
780 863
781 863
782 863
783 863
784 863
785 863
786 863
787 863
788 863
789 863
790 863
791 863
792 863
793 863
794 863
795 863
796 863
797 863
798 863
799 863
800 863
801 863
802 863
803 863
804 863
805 863
806 863
807 863
808 863
809 863
810 863
811 863
812 863
813 863
814 863
815 863
816 863
817 863
818 863
819 863
820 863
821 863
822 863
823 863
824 863
825 863
826 863
827 863
828 863
829 863
830 863
831 863
832 863
833 863
834 863
835 863
836 863
837 863
838 863
839 863
840 863
841 863
842 863
843 863
844 863
845 863
846 863
847 863
848 863
849 863
850 863
851 863
852 863
853 863
854 863
855 863
856 863
857 863
858 863
859 863
860 863
861 863
862 863
677 864
727 864
728 864
729 864
730 864
731 864
732 864
733 864
734 864
735 864
736 864
737 864
738 864
739 864
740 864
741 864
742 864
743 864
744 864
745 864
746 864
747 864
748 864
749 864
750 864
751 864
752 864
753 864
754 864
755 864
756 864
757 864
758 864
759 864
760 864
761 864
762 864
763 864
764 864
765 864
766 864
767 864
768 864
769 864
770 864
771 864
772 864
773 864
774 864
775 864
776 864
777 864
778 864
779 864
780 864
781 864
782 864
783 864
784 864
785 864
786 864
787 864
788 864
789 864
790 864
791 864
792 864
793 864
794 864
795 864
796 864
797 864
798 864
799 864
800 864
801 864
802 864
803 864
804 864
805 864
806 864
807 864
808 864
809 864
810 864
811 864
812 864
813 864
814 864
815 864
816 864
817 864
818 864
819 864
820 864
821 864
822 864
823 864
824 864
825 864
826 864
827 864
828 864
829 864
830 864
831 864
832 864
833 864
834 864
835 864
836 864
837 864
838 864
839 864
840 864
841 864
842 864
843 864
844 864
845 864
846 864
847 864
848 864
849 864
850 864
851 864
852 864
853 864
854 864
855 864
856 864
857 864
858 864
859 864
860 864
861 864
862 864
863 864
677 865
727 865
728 865
729 865
730 865
731 865
732 865
733 865
734 865
735 865
736 865
737 865
738 865
739 865
740 865
741 865
742 865
743 865
744 865
745 865
746 865
747 865
748 865
749 865
750 865
751 865
752 865
753 865
754 865
755 865
756 865
757 865
758 865
759 865
760 865
761 865
762 865
763 865
764 865
765 865
766 865
767 865
768 865
769 865
770 865
771 865
772 865
773 865
774 865
775 865
776 865
777 865
778 865
779 865
780 865
781 865
782 865
783 865
784 865
785 865
786 865
787 865
788 865
789 865
790 865
791 865
792 865
793 865
794 865
795 865
796 865
797 865
798 865
799 865
800 865
801 865
802 865
803 865
804 865
805 865
806 865
807 865
808 865
809 865
810 865
811 865
812 865
813 865
814 865
815 865
816 865
817 865
818 865
819 865
820 865
821 865
822 865
823 865
824 865
825 865
826 865
827 865
828 865
829 865
830 865
831 865
832 865
833 865
834 865
835 865
836 865
837 865
838 865
839 865
840 865
841 865
842 865
843 865
844 865
845 865
846 865
847 865
848 865
849 865
850 865
851 865
852 865
853 865
854 865
855 865
856 865
857 865
858 865
859 865
860 865
861 865
862 865
863 865
864 865
677 866
727 866
728 866
729 866
730 866
731 866
732 866
733 866
734 866
735 866
736 866
737 866
738 866
739 866
740 866
741 866
742 866
743 866
744 866
745 866
746 866
747 866
748 866
749 866
750 866
751 866
752 866
753 866
754 866
755 866
756 866
757 866
758 866
759 866
760 866
761 866
762 866
763 866
764 866
765 866
766 866
767 866
768 866
769 866
770 866
771 866
772 866
773 866
774 866
775 866
776 866
777 866
778 866
779 866
780 866
781 866
782 866
783 866
784 866
785 866
786 866
787 866
788 866
789 866
790 866
791 866
792 866
793 866
794 866
795 866
796 866
797 866
798 866
799 866
800 866
801 866
802 866
803 866
804 866
805 866
806 866
807 866
808 866
809 866
810 866
811 866
812 866
813 866
814 866
815 866
816 866
817 866
818 866
819 866
820 866
821 866
822 866
823 866
824 866
825 866
826 866
827 866
828 866
829 866
830 866
831 866
832 866
833 866
834 866
835 866
836 866
837 866
838 866
839 866
840 866
841 866
842 866
843 866
844 866
845 866
846 866
847 866
848 866
849 866
850 866
851 866
852 866
853 866
854 866
855 866
856 866
857 866
858 866
859 866
860 866
861 866
862 866
863 866
864 866
865 866
677 867
727 867
728 867
729 867
730 867
731 867
732 867
733 867
734 867
735 867
736 867
737 867
738 867
739 867
740 867
741 867
742 867
743 867
744 867
745 867
746 867
747 867
748 867
749 867
750 867
751 867
752 867
753 867
754 867
755 867
756 867
757 867
758 867
759 867
760 867
761 867
762 867
763 867
764 867
765 867
766 867
767 867
768 867
769 867
770 867
771 867
772 867
773 867
774 867
775 867
776 867
777 867
778 867
779 867
780 867
781 867
782 867
783 867
784 867
785 867
786 867
787 867
788 867
789 867
790 867
791 867
792 867
793 867
794 867
795 867
796 867
797 867
798 867
799 867
800 867
801 867
802 867
803 867
804 867
805 867
806 867
807 867
808 867
809 867
810 867
811 867
812 867
813 867
814 867
815 867
816 867
817 867
818 867
819 867
820 867
821 867
822 867
823 867
824 867
825 867
826 867
827 867
828 867
829 867
830 867
831 867
832 867
833 867
834 867
835 867
836 867
837 867
838 867
839 867
840 867
841 867
842 867
843 867
844 867
845 867
846 867
847 867
848 867
849 867
850 867
851 867
852 867
853 867
854 867
855 867
856 867
857 867
858 867
859 867
860 867
861 867
862 867
863 867
864 867
865 867
866 867
677 868
727 868
728 868
729 868
730 868
731 868
732 868
733 868
734 868
735 868
736 868
737 868
738 868
739 868
740 868
741 868
742 868
743 868
744 868
745 868
746 868
747 868
748 868
749 868
750 868
751 868
752 868
753 868
754 868
755 868
756 868
757 868
758 868
759 868
760 868
761 868
762 868
763 868
764 868
765 868
766 868
767 868
768 868
769 868
770 868
771 868
772 868
773 868
774 868
775 868
776 868
777 868
778 868
779 868
780 868
781 868
782 868
783 868
784 868
785 868
786 868
787 868
788 868
789 868
790 868
791 868
792 868
793 868
794 868
795 868
796 868
797 868
798 868
799 868
800 868
801 868
802 868
803 868
804 868
805 868
806 868
807 868
808 868
809 868
810 868
811 868
812 868
813 868
814 868
815 868
816 868
817 868
818 868
819 868
820 868
821 868
822 868
823 868
824 868
825 868
826 868
827 868
828 868
829 868
830 868
831 868
832 868
833 868
834 868
835 868
836 868
837 868
838 868
839 868
840 868
841 868
842 868
843 868
844 868
845 868
846 868
847 868
848 868
849 868
850 868
851 868
852 868
853 868
854 868
855 868
856 868
857 868
858 868
859 868
860 868
861 868
862 868
863 868
864 868
865 868
866 868
867 868
677 869
727 869
728 869
729 869
730 869
731 869
732 869
733 869
734 869
735 869
736 869
737 869
738 869
739 869
740 869
741 869
742 869
743 869
744 869
745 869
746 869
747 869
748 869
749 869
750 869
751 869
752 869
753 869
754 869
755 869
756 869
757 869
758 869
759 869
760 869
761 869
762 869
763 869
764 869
765 869
766 869
767 869
768 869
769 869
770 869
771 869
772 869
773 869
774 869
775 869
776 869
777 869
778 869
779 869
780 869
781 869
782 869
783 869
784 869
785 869
786 869
787 869
788 869
789 869
790 869
791 869
792 869
793 869
794 869
795 869
796 869
797 869
798 869
799 869
800 869
801 869
802 869
803 869
804 869
805 869
806 869
807 869
808 869
809 869
810 869
811 869
812 869
813 869
814 869
815 869
816 869
817 869
818 869
819 869
820 869
821 869
822 869
823 869
824 869
825 869
826 869
827 869
828 869
829 869
830 869
831 869
832 869
833 869
834 869
835 869
836 869
837 869
838 869
839 869
840 869
841 869
842 869
843 869
844 869
845 869
846 869
847 869
848 869
849 869
850 869
851 869
852 869
853 869
854 869
855 869
856 869
857 869
858 869
859 869
860 869
861 869
862 869
863 869
864 869
865 869
866 869
867 869
868 869
677 870
727 870
728 870
729 870
730 870
731 870
732 870
733 870
734 870
735 870
736 870
737 870
738 870
739 870
740 870
741 870
742 870
743 870
744 870
745 870
746 870
747 870
748 870
749 870
750 870
751 870
752 870
753 870
754 870
755 870
756 870
757 870
758 870
759 870
760 870
761 870
762 870
763 870
764 870
765 870
766 870
767 870
768 870
769 870
770 870
771 870
772 870
773 870
774 870
775 870
776 870
777 870
778 870
779 870
780 870
781 870
782 870
783 870
784 870
785 870
786 870
787 870
788 870
789 870
790 870
791 870
792 870
793 870
794 870
795 870
796 870
797 870
798 870
799 870
800 870
801 870
802 870
803 870
804 870
805 870
806 870
807 870
808 870
809 870
810 870
811 870
812 870
813 870
814 870
815 870
816 870
817 870
818 870
819 870
820 870
821 870
822 870
823 870
824 870
825 870
826 870
827 870
828 870
829 870
830 870
831 870
832 870
833 870
834 870
835 870
836 870
837 870
838 870
839 870
840 870
841 870
842 870
843 870
844 870
845 870
846 870
847 870
848 870
849 870
850 870
851 870
852 870
853 870
854 870
855 870
856 870
857 870
858 870
859 870
860 870
861 870
862 870
863 870
864 870
865 870
866 870
867 870
868 870
869 870
677 871
727 871
728 871
729 871
730 871
731 871
732 871
733 871
734 871
735 871
736 871
737 871
738 871
739 871
740 871
741 871
742 871
743 871
744 871
745 871
746 871
747 871
748 871
749 871
750 871
751 871
752 871
753 871
754 871
755 871
756 871
757 871
758 871
759 871
760 871
761 871
762 871
763 871
764 871
765 871
766 871
767 871
768 871
769 871
770 871
771 871
772 871
773 871
774 871
775 871
776 871
777 871
778 871
779 871
780 871
781 871
782 871
783 871
784 871
785 871
786 871
787 871
788 871
789 871
790 871
791 871
792 871
793 871
794 871
795 871
796 871
797 871
798 871
799 871
800 871
801 871
802 871
803 871
804 871
805 871
806 871
807 871
808 871
809 871
810 871
811 871
812 871
813 871
814 871
815 871
816 871
817 871
818 871
819 871
820 871
821 871
822 871
823 871
824 871
825 871
826 871
827 871
828 871
829 871
830 871
831 871
832 871
833 871
834 871
835 871
836 871
837 871
838 871
839 871
840 871
841 871
842 871
843 871
844 871
845 871
846 871
847 871
848 871
849 871
850 871
851 871
852 871
853 871
854 871
855 871
856 871
857 871
858 871
859 871
860 871
861 871
862 871
863 871
864 871
865 871
866 871
867 871
868 871
869 871
870 871
677 872
727 872
728 872
729 872
730 872
731 872
732 872
733 872
734 872
735 872
736 872
737 872
738 872
739 872
740 872
741 872
742 872
743 872
744 872
745 872
746 872
747 872
748 872
749 872
750 872
751 872
752 872
753 872
754 872
755 872
756 872
757 872
758 872
759 872
760 872
761 872
762 872
763 872
764 872
765 872
766 872
767 872
768 872
769 872
770 872
771 872
772 872
773 872
774 872
775 872
776 872
777 872
778 872
779 872
780 872
781 872
782 872
783 872
784 872
785 872
786 872
787 872
788 872
789 872
790 872
791 872
792 872
793 872
794 872
795 872
796 872
797 872
798 872
799 872
800 872
801 872
802 872
803 872
804 872
805 872
806 872
807 872
808 872
809 872
810 872
811 872
812 872
813 872
814 872
815 872
816 872
817 872
818 872
819 872
820 872
821 872
822 872
823 872
824 872
825 872
826 872
827 872
828 872
829 872
830 872
831 872
832 872
833 872
834 872
835 872
836 872
837 872
838 872
839 872
840 872
841 872
842 872
843 872
844 872
845 872
846 872
847 872
848 872
849 872
850 872
851 872
852 872
853 872
854 872
855 872
856 872
857 872
858 872
859 872
860 872
861 872
862 872
863 872
864 872
865 872
866 872
867 872
868 872
869 872
870 872
871 872
677 873
727 873
728 873
729 873
730 873
731 873
732 873
733 873
734 873
735 873
736 873
737 873
738 873
739 873
740 873
741 873
742 873
743 873
744 873
745 873
746 873
747 873
748 873
749 873
750 873
751 873
752 873
753 873
754 873
755 873
756 873
757 873
758 873
759 873
760 873
761 873
762 873
763 873
764 873
765 873
766 873
767 873
768 873
769 873
770 873
771 873
772 873
773 873
774 873
775 873
776 873
777 873
778 873
779 873
780 873
781 873
782 873
783 873
784 873
785 873
786 873
787 873
788 873
789 873
790 873
791 873
792 873
793 873
794 873
795 873
796 873
797 873
798 873
799 873
800 873
801 873
802 873
803 873
804 873
805 873
806 873
807 873
808 873
809 873
810 873
811 873
812 873
813 873
814 873
815 873
816 873
817 873
818 873
819 873
820 873
821 873
822 873
823 873
824 873
825 873
826 873
827 873
828 873
829 873
830 873
831 873
832 873
833 873
834 873
835 873
836 873
837 873
838 873
839 873
840 873
841 873
842 873
843 873
844 873
845 873
846 873
847 873
848 873
849 873
850 873
851 873
852 873
853 873
854 873
855 873
856 873
857 873
858 873
859 873
860 873
861 873
862 873
863 873
864 873
865 873
866 873
867 873
868 873
869 873
870 873
871 873
872 873
677 874
727 874
728 874
729 874
730 874
731 874
732 874
733 874
734 874
735 874
736 874
737 874
738 874
739 874
740 874
741 874
742 874
743 874
744 874
745 874
746 874
747 874
748 874
749 874
750 874
751 874
752 874
753 874
754 874
755 874
756 874
757 874
758 874
759 874
760 874
761 874
762 874
763 874
764 874
765 874
766 874
767 874
768 874
769 874
770 874
771 874
772 874
773 874
774 874
775 874
776 874
777 874
778 874
779 874
780 874
781 874
782 874
783 874
784 874
785 874
786 874
787 874
788 874
789 874
790 874
791 874
792 874
793 874
794 874
795 874
796 874
797 874
798 874
799 874
800 874
801 874
802 874
803 874
804 874
805 874
806 874
807 874
808 874
809 874
810 874
811 874
812 874
813 874
814 874
815 874
816 874
817 874
818 874
819 874
820 874
821 874
822 874
823 874
824 874
825 874
826 874
827 874
828 874
829 874
830 874
831 874
832 874
833 874
834 874
835 874
836 874
837 874
838 874
839 874
840 874
841 874
842 874
843 874
844 874
845 874
846 874
847 874
848 874
849 874
850 874
851 874
852 874
853 874
854 874
855 874
856 874
857 874
858 874
859 874
860 874
861 874
862 874
863 874
864 874
865 874
866 874
867 874
868 874
869 874
870 874
871 874
872 874
873 874
677 875
727 875
728 875
729 875
730 875
731 875
732 875
733 875
734 875
735 875
736 875
737 875
738 875
739 875
740 875
741 875
742 875
743 875
744 875
745 875
746 875
747 875
748 875
749 875
750 875
751 875
752 875
753 875
754 875
755 875
756 875
757 875
758 875
759 875
760 875
761 875
762 875
763 875
764 875
765 875
766 875
767 875
768 875
769 875
770 875
771 875
772 875
773 875
774 875
775 875
776 875
777 875
778 875
779 875
780 875
781 875
782 875
783 875
784 875
785 875
786 875
787 875
788 875
789 875
790 875
791 875
792 875
793 875
794 875
795 875
796 875
797 875
798 875
799 875
800 875
801 875
802 875
803 875
804 875
805 875
806 875
807 875
808 875
809 875
810 875
811 875
812 875
813 875
814 875
815 875
816 875
817 875
818 875
819 875
820 875
821 875
822 875
823 875
824 875
825 875
826 875
827 875
828 875
829 875
830 875
831 875
832 875
833 875
834 875
835 875
836 875
837 875
838 875
839 875
840 875
841 875
842 875
843 875
844 875
845 875
846 875
847 875
848 875
849 875
850 875
851 875
852 875
853 875
854 875
855 875
856 875
857 875
858 875
859 875
860 875
861 875
862 875
863 875
864 875
865 875
866 875
867 875
868 875
869 875
870 875
871 875
872 875
873 875
874 875
677 876
727 876
728 876
729 876
730 876
731 876
732 876
733 876
734 876
735 876
736 876
737 876
738 876
739 876
740 876
741 876
742 876
743 876
744 876
745 876
746 876
747 876
748 876
749 876
750 876
751 876
752 876
753 876
754 876
755 876
756 876
757 876
758 876
759 876
760 876
761 876
762 876
763 876
764 876
765 876
766 876
767 876
768 876
769 876
770 876
771 876
772 876
773 876
774 876
775 876
776 876
777 876
778 876
779 876
780 876
781 876
782 876
783 876
784 876
785 876
786 876
787 876
788 876
789 876
790 876
791 876
792 876
793 876
794 876
795 876
796 876
797 876
798 876
799 876
800 876
801 876
802 876
803 876
804 876
805 876
806 876
807 876
808 876
809 876
810 876
811 876
812 876
813 876
814 876
815 876
816 876
817 876
818 876
819 876
820 876
821 876
822 876
823 876
824 876
825 876
826 876
827 876
828 876
829 876
830 876
831 876
832 876
833 876
834 876
835 876
836 876
837 876
838 876
839 876
840 876
841 876
842 876
843 876
844 876
845 876
846 876
847 876
848 876
849 876
850 876
851 876
852 876
853 876
854 876
855 876
856 876
857 876
858 876
859 876
860 876
861 876
862 876
863 876
864 876
865 876
866 876
867 876
868 876
869 876
870 876
871 876
872 876
873 876
874 876
875 876
677 877
727 877
728 877
729 877
730 877
731 877
732 877
733 877
734 877
735 877
736 877
737 877
738 877
739 877
740 877
741 877
742 877
743 877
744 877
745 877
746 877
747 877
748 877
749 877
750 877
751 877
752 877
753 877
754 877
755 877
756 877
757 877
758 877
759 877
760 877
761 877
762 877
763 877
764 877
765 877
766 877
767 877
768 877
769 877
770 877
771 877
772 877
773 877
774 877
775 877
776 877
777 877
778 877
779 877
780 877
781 877
782 877
783 877
784 877
785 877
786 877
787 877
788 877
789 877
790 877
791 877
792 877
793 877
794 877
795 877
796 877
797 877
798 877
799 877
800 877
801 877
802 877
803 877
804 877
805 877
806 877
807 877
808 877
809 877
810 877
811 877
812 877
813 877
814 877
815 877
816 877
817 877
818 877
819 877
820 877
821 877
822 877
823 877
824 877
825 877
826 877
827 877
828 877
829 877
830 877
831 877
832 877
833 877
834 877
835 877
836 877
837 877
838 877
839 877
840 877
841 877
842 877
843 877
844 877
845 877
846 877
847 877
848 877
849 877
850 877
851 877
852 877
853 877
854 877
855 877
856 877
857 877
858 877
859 877
860 877
861 877
862 877
863 877
864 877
865 877
866 877
867 877
868 877
869 877
870 877
871 877
872 877
873 877
874 877
875 877
876 877
677 878
727 878
728 878
729 878
730 878
731 878
732 878
733 878
734 878
735 878
736 878
737 878
738 878
739 878
740 878
741 878
742 878
743 878
744 878
745 878
746 878
747 878
748 878
749 878
750 878
751 878
752 878
753 878
754 878
755 878
756 878
757 878
758 878
759 878
760 878
761 878
762 878
763 878
764 878
765 878
766 878
767 878
768 878
769 878
770 878
771 878
772 878
773 878
774 878
775 878
776 878
777 878
778 878
779 878
780 878
781 878
782 878
783 878
784 878
785 878
786 878
787 878
788 878
789 878
790 878
791 878
792 878
793 878
794 878
795 878
796 878
797 878
798 878
799 878
800 878
801 878
802 878
803 878
804 878
805 878
806 878
807 878
808 878
809 878
810 878
811 878
812 878
813 878
814 878
815 878
816 878
817 878
818 878
819 878
820 878
821 878
822 878
823 878
824 878
825 878
826 878
827 878
828 878
829 878
830 878
831 878
832 878
833 878
834 878
835 878
836 878
837 878
838 878
839 878
840 878
841 878
842 878
843 878
844 878
845 878
846 878
847 878
848 878
849 878
850 878
851 878
852 878
853 878
854 878
855 878
856 878
857 878
858 878
859 878
860 878
861 878
862 878
863 878
864 878
865 878
866 878
867 878
868 878
869 878
870 878
871 878
872 878
873 878
874 878
875 878
876 878
877 878
677 879
727 879
728 879
729 879
730 879
731 879
732 879
733 879
734 879
735 879
736 879
737 879
738 879
739 879
740 879
741 879
742 879
743 879
744 879
745 879
746 879
747 879
748 879
749 879
750 879
751 879
752 879
753 879
754 879
755 879
756 879
757 879
758 879
759 879
760 879
761 879
762 879
763 879
764 879
765 879
766 879
767 879
768 879
769 879
770 879
771 879
772 879
773 879
774 879
775 879
776 879
777 879
778 879
779 879
780 879
781 879
782 879
783 879
784 879
785 879
786 879
787 879
788 879
789 879
790 879
791 879
792 879
793 879
794 879
795 879
796 879
797 879
798 879
799 879
800 879
801 879
802 879
803 879
804 879
805 879
806 879
807 879
808 879
809 879
810 879
811 879
812 879
813 879
814 879
815 879
816 879
817 879
818 879
819 879
820 879
821 879
822 879
823 879
824 879
825 879
826 879
827 879
828 879
829 879
830 879
831 879
832 879
833 879
834 879
835 879
836 879
837 879
838 879
839 879
840 879
841 879
842 879
843 879
844 879
845 879
846 879
847 879
848 879
849 879
850 879
851 879
852 879
853 879
854 879
855 879
856 879
857 879
858 879
859 879
860 879
861 879
862 879
863 879
864 879
865 879
866 879
867 879
868 879
869 879
870 879
871 879
872 879
873 879
874 879
875 879
876 879
877 879
878 879
677 880
727 880
728 880
729 880
730 880
731 880
732 880
733 880
734 880
735 880
736 880
737 880
738 880
739 880
740 880
741 880
742 880
743 880
744 880
745 880
746 880
747 880
748 880
749 880
750 880
751 880
752 880
753 880
754 880
755 880
756 880
757 880
758 880
759 880
760 880
761 880
762 880
763 880
764 880
765 880
766 880
767 880
768 880
769 880
770 880
771 880
772 880
773 880
774 880
775 880
776 880
777 880
778 880
779 880
780 880
781 880
782 880
783 880
784 880
785 880
786 880
787 880
788 880
789 880
790 880
791 880
792 880
793 880
794 880
795 880
796 880
797 880
798 880
799 880
800 880
801 880
802 880
803 880
804 880
805 880
806 880
807 880
808 880
809 880
810 880
811 880
812 880
813 880
814 880
815 880
816 880
817 880
818 880
819 880
820 880
821 880
822 880
823 880
824 880
825 880
826 880
827 880
828 880
829 880
830 880
831 880
832 880
833 880
834 880
835 880
836 880
837 880
838 880
839 880
840 880
841 880
842 880
843 880
844 880
845 880
846 880
847 880
848 880
849 880
850 880
851 880
852 880
853 880
854 880
855 880
856 880
857 880
858 880
859 880
860 880
861 880
862 880
863 880
864 880
865 880
866 880
867 880
868 880
869 880
870 880
871 880
872 880
873 880
874 880
875 880
876 880
877 880
878 880
879 880
677 881
727 881
728 881
729 881
730 881
731 881
732 881
733 881
734 881
735 881
736 881
737 881
738 881
739 881
740 881
741 881
742 881
743 881
744 881
745 881
746 881
747 881
748 881
749 881
750 881
751 881
752 881
753 881
754 881
755 881
756 881
757 881
758 881
759 881
760 881
761 881
762 881
763 881
764 881
765 881
766 881
767 881
768 881
769 881
770 881
771 881
772 881
773 881
774 881
775 881
776 881
777 881
778 881
779 881
780 881
781 881
782 881
783 881
784 881
785 881
786 881
787 881
788 881
789 881
790 881
791 881
792 881
793 881
794 881
795 881
796 881
797 881
798 881
799 881
800 881
801 881
802 881
803 881
804 881
805 881
806 881
807 881
808 881
809 881
810 881
811 881
812 881
813 881
814 881
815 881
816 881
817 881
818 881
819 881
820 881
821 881
822 881
823 881
824 881
825 881
826 881
827 881
828 881
829 881
830 881
831 881
832 881
833 881
834 881
835 881
836 881
837 881
838 881
839 881
840 881
841 881
842 881
843 881
844 881
845 881
846 881
847 881
848 881
849 881
850 881
851 881
852 881
853 881
854 881
855 881
856 881
857 881
858 881
859 881
860 881
861 881
862 881
863 881
864 881
865 881
866 881
867 881
868 881
869 881
870 881
871 881
872 881
873 881
874 881
875 881
876 881
877 881
878 881
879 881
880 881
677 882
727 882
728 882
729 882
730 882
731 882
732 882
733 882
734 882
735 882
736 882
737 882
738 882
739 882
740 882
741 882
742 882
743 882
744 882
745 882
746 882
747 882
748 882
749 882
750 882
751 882
752 882
753 882
754 882
755 882
756 882
757 882
758 882
759 882
760 882
761 882
762 882
763 882
764 882
765 882
766 882
767 882
768 882
769 882
770 882
771 882
772 882
773 882
774 882
775 882
776 882
777 882
778 882
779 882
780 882
781 882
782 882
783 882
784 882
785 882
786 882
787 882
788 882
789 882
790 882
791 882
792 882
793 882
794 882
795 882
796 882
797 882
798 882
799 882
800 882
801 882
802 882
803 882
804 882
805 882
806 882
807 882
808 882
809 882
810 882
811 882
812 882
813 882
814 882
815 882
816 882
817 882
818 882
819 882
820 882
821 882
822 882
823 882
824 882
825 882
826 882
827 882
828 882
829 882
830 882
831 882
832 882
833 882
834 882
835 882
836 882
837 882
838 882
839 882
840 882
841 882
842 882
843 882
844 882
845 882
846 882
847 882
848 882
849 882
850 882
851 882
852 882
853 882
854 882
855 882
856 882
857 882
858 882
859 882
860 882
861 882
862 882
863 882
864 882
865 882
866 882
867 882
868 882
869 882
870 882
871 882
872 882
873 882
874 882
875 882
876 882
877 882
878 882
879 882
880 882
881 882
677 883
727 883
728 883
729 883
730 883
731 883
732 883
733 883
734 883
735 883
736 883
737 883
738 883
739 883
740 883
741 883
742 883
743 883
744 883
745 883
746 883
747 883
748 883
749 883
750 883
751 883
752 883
753 883
754 883
755 883
756 883
757 883
758 883
759 883
760 883
761 883
762 883
763 883
764 883
765 883
766 883
767 883
768 883
769 883
770 883
771 883
772 883
773 883
774 883
775 883
776 883
777 883
778 883
779 883
780 883
781 883
782 883
783 883
784 883
785 883
786 883
787 883
788 883
789 883
790 883
791 883
792 883
793 883
794 883
795 883
796 883
797 883
798 883
799 883
800 883
801 883
802 883
803 883
804 883
805 883
806 883
807 883
808 883
809 883
810 883
811 883
812 883
813 883
814 883
815 883
816 883
817 883
818 883
819 883
820 883
821 883
822 883
823 883
824 883
825 883
826 883
827 883
828 883
829 883
830 883
831 883
832 883
833 883
834 883
835 883
836 883
837 883
838 883
839 883
840 883
841 883
842 883
843 883
844 883
845 883
846 883
847 883
848 883
849 883
850 883
851 883
852 883
853 883
854 883
855 883
856 883
857 883
858 883
859 883
860 883
861 883
862 883
863 883
864 883
865 883
866 883
867 883
868 883
869 883
870 883
871 883
872 883
873 883
874 883
875 883
876 883
877 883
878 883
879 883
880 883
881 883
882 883
677 884
727 884
728 884
729 884
730 884
731 884
732 884
733 884
734 884
735 884
736 884
737 884
738 884
739 884
740 884
741 884
742 884
743 884
744 884
745 884
746 884
747 884
748 884
749 884
750 884
751 884
752 884
753 884
754 884
755 884
756 884
757 884
758 884
759 884
760 884
761 884
762 884
763 884
764 884
765 884
766 884
767 884
768 884
769 884
770 884
771 884
772 884
773 884
774 884
775 884
776 884
777 884
778 884
779 884
780 884
781 884
782 884
783 884
784 884
785 884
786 884
787 884
788 884
789 884
790 884
791 884
792 884
793 884
794 884
795 884
796 884
797 884
798 884
799 884
800 884
801 884
802 884
803 884
804 884
805 884
806 884
807 884
808 884
809 884
810 884
811 884
812 884
813 884
814 884
815 884
816 884
817 884
818 884
819 884
820 884
821 884
822 884
823 884
824 884
825 884
826 884
827 884
828 884
829 884
830 884
831 884
832 884
833 884
834 884
835 884
836 884
837 884
838 884
839 884
840 884
841 884
842 884
843 884
844 884
845 884
846 884
847 884
848 884
849 884
850 884
851 884
852 884
853 884
854 884
855 884
856 884
857 884
858 884
859 884
860 884
861 884
862 884
863 884
864 884
865 884
866 884
867 884
868 884
869 884
870 884
871 884
872 884
873 884
874 884
875 884
876 884
877 884
878 884
879 884
880 884
881 884
882 884
883 884
677 885
727 885
728 885
729 885
730 885
731 885
732 885
733 885
734 885
735 885
736 885
737 885
738 885
739 885
740 885
741 885
742 885
743 885
744 885
745 885
746 885
747 885
748 885
749 885
750 885
751 885
752 885
753 885
754 885
755 885
756 885
757 885
758 885
759 885
760 885
761 885
762 885
763 885
764 885
765 885
766 885
767 885
768 885
769 885
770 885
771 885
772 885
773 885
774 885
775 885
776 885
777 885
778 885
779 885
780 885
781 885
782 885
783 885
784 885
785 885
786 885
787 885
788 885
789 885
790 885
791 885
792 885
793 885
794 885
795 885
796 885
797 885
798 885
799 885
800 885
801 885
802 885
803 885
804 885
805 885
806 885
807 885
808 885
809 885
810 885
811 885
812 885
813 885
814 885
815 885
816 885
817 885
818 885
819 885
820 885
821 885
822 885
823 885
824 885
825 885
826 885
827 885
828 885
829 885
830 885
831 885
832 885
833 885
834 885
835 885
836 885
837 885
838 885
839 885
840 885
841 885
842 885
843 885
844 885
845 885
846 885
847 885
848 885
849 885
850 885
851 885
852 885
853 885
854 885
855 885
856 885
857 885
858 885
859 885
860 885
861 885
862 885
863 885
864 885
865 885
866 885
867 885
868 885
869 885
870 885
871 885
872 885
873 885
874 885
875 885
876 885
877 885
878 885
879 885
880 885
881 885
882 885
883 885
884 885
677 886
727 886
728 886
729 886
730 886
731 886
732 886
733 886
734 886
735 886
736 886
737 886
738 886
739 886
740 886
741 886
742 886
743 886
744 886
745 886
746 886
747 886
748 886
749 886
750 886
751 886
752 886
753 886
754 886
755 886
756 886
757 886
758 886
759 886
760 886
761 886
762 886
763 886
764 886
765 886
766 886
767 886
768 886
769 886
770 886
771 886
772 886
773 886
774 886
775 886
776 886
777 886
778 886
779 886
780 886
781 886
782 886
783 886
784 886
785 886
786 886
787 886
788 886
789 886
790 886
791 886
792 886
793 886
794 886
795 886
796 886
797 886
798 886
799 886
800 886
801 886
802 886
803 886
804 886
805 886
806 886
807 886
808 886
809 886
810 886
811 886
812 886
813 886
814 886
815 886
816 886
817 886
818 886
819 886
820 886
821 886
822 886
823 886
824 886
825 886
826 886
827 886
828 886
829 886
830 886
831 886
832 886
833 886
834 886
835 886
836 886
837 886
838 886
839 886
840 886
841 886
842 886
843 886
844 886
845 886
846 886
847 886
848 886
849 886
850 886
851 886
852 886
853 886
854 886
855 886
856 886
857 886
858 886
859 886
860 886
861 886
862 886
863 886
864 886
865 886
866 886
867 886
868 886
869 886
870 886
871 886
872 886
873 886
874 886
875 886
876 886
877 886
878 886
879 886
880 886
881 886
882 886
883 886
884 886
885 886
677 887
727 887
728 887
729 887
730 887
731 887
732 887
733 887
734 887
735 887
736 887
737 887
738 887
739 887
740 887
741 887
742 887
743 887
744 887
745 887
746 887
747 887
748 887
749 887
750 887
751 887
752 887
753 887
754 887
755 887
756 887
757 887
758 887
759 887
760 887
761 887
762 887
763 887
764 887
765 887
766 887
767 887
768 887
769 887
770 887
771 887
772 887
773 887
774 887
775 887
776 887
777 887
778 887
779 887
780 887
781 887
782 887
783 887
784 887
785 887
786 887
787 887
788 887
789 887
790 887
791 887
792 887
793 887
794 887
795 887
796 887
797 887
798 887
799 887
800 887
801 887
802 887
803 887
804 887
805 887
806 887
807 887
808 887
809 887
810 887
811 887
812 887
813 887
814 887
815 887
816 887
817 887
818 887
819 887
820 887
821 887
822 887
823 887
824 887
825 887
826 887
827 887
828 887
829 887
830 887
831 887
832 887
833 887
834 887
835 887
836 887
837 887
838 887
839 887
840 887
841 887
842 887
843 887
844 887
845 887
846 887
847 887
848 887
849 887
850 887
851 887
852 887
853 887
854 887
855 887
856 887
857 887
858 887
859 887
860 887
861 887
862 887
863 887
864 887
865 887
866 887
867 887
868 887
869 887
870 887
871 887
872 887
873 887
874 887
875 887
876 887
877 887
878 887
879 887
880 887
881 887
882 887
883 887
884 887
885 887
886 887
677 888
727 888
728 888
729 888
730 888
731 888
732 888
733 888
734 888
735 888
736 888
737 888
738 888
739 888
740 888
741 888
742 888
743 888
744 888
745 888
746 888
747 888
748 888
749 888
750 888
751 888
752 888
753 888
754 888
755 888
756 888
757 888
758 888
759 888
760 888
761 888
762 888
763 888
764 888
765 888
766 888
767 888
768 888
769 888
770 888
771 888
772 888
773 888
774 888
775 888
776 888
777 888
778 888
779 888
780 888
781 888
782 888
783 888
784 888
785 888
786 888
787 888
788 888
789 888
790 888
791 888
792 888
793 888
794 888
795 888
796 888
797 888
798 888
799 888
800 888
801 888
802 888
803 888
804 888
805 888
806 888
807 888
808 888
809 888
810 888
811 888
812 888
813 888
814 888
815 888
816 888
817 888
818 888
819 888
820 888
821 888
822 888
823 888
824 888
825 888
826 888
827 888
828 888
829 888
830 888
831 888
832 888
833 888
834 888
835 888
836 888
837 888
838 888
839 888
840 888
841 888
842 888
843 888
844 888
845 888
846 888
847 888
848 888
849 888
850 888
851 888
852 888
853 888
854 888
855 888
856 888
857 888
858 888
859 888
860 888
861 888
862 888
863 888
864 888
865 888
866 888
867 888
868 888
869 888
870 888
871 888
872 888
873 888
874 888
875 888
876 888
877 888
878 888
879 888
880 888
881 888
882 888
883 888
884 888
885 888
886 888
887 888
677 889
727 889
728 889
729 889
730 889
731 889
732 889
733 889
734 889
735 889
736 889
737 889
738 889
739 889
740 889
741 889
742 889
743 889
744 889
745 889
746 889
747 889
748 889
749 889
750 889
751 889
752 889
753 889
754 889
755 889
756 889
757 889
758 889
759 889
760 889
761 889
762 889
763 889
764 889
765 889
766 889
767 889
768 889
769 889
770 889
771 889
772 889
773 889
774 889
775 889
776 889
777 889
778 889
779 889
780 889
781 889
782 889
783 889
784 889
785 889
786 889
787 889
788 889
789 889
790 889
791 889
792 889
793 889
794 889
795 889
796 889
797 889
798 889
799 889
800 889
801 889
802 889
803 889
804 889
805 889
806 889
807 889
808 889
809 889
810 889
811 889
812 889
813 889
814 889
815 889
816 889
817 889
818 889
819 889
820 889
821 889
822 889
823 889
824 889
825 889
826 889
827 889
828 889
829 889
830 889
831 889
832 889
833 889
834 889
835 889
836 889
837 889
838 889
839 889
840 889
841 889
842 889
843 889
844 889
845 889
846 889
847 889
848 889
849 889
850 889
851 889
852 889
853 889
854 889
855 889
856 889
857 889
858 889
859 889
860 889
861 889
862 889
863 889
864 889
865 889
866 889
867 889
868 889
869 889
870 889
871 889
872 889
873 889
874 889
875 889
876 889
877 889
878 889
879 889
880 889
881 889
882 889
883 889
884 889
885 889
886 889
887 889
888 889
677 890
727 890
728 890
729 890
730 890
731 890
732 890
733 890
734 890
735 890
736 890
737 890
738 890
739 890
740 890
741 890
742 890
743 890
744 890
745 890
746 890
747 890
748 890
749 890
750 890
751 890
752 890
753 890
754 890
755 890
756 890
757 890
758 890
759 890
760 890
761 890
762 890
763 890
764 890
765 890
766 890
767 890
768 890
769 890
770 890
771 890
772 890
773 890
774 890
775 890
776 890
777 890
778 890
779 890
780 890
781 890
782 890
783 890
784 890
785 890
786 890
787 890
788 890
789 890
790 890
791 890
792 890
793 890
794 890
795 890
796 890
797 890
798 890
799 890
800 890
801 890
802 890
803 890
804 890
805 890
806 890
807 890
808 890
809 890
810 890
811 890
812 890
813 890
814 890
815 890
816 890
817 890
818 890
819 890
820 890
821 890
822 890
823 890
824 890
825 890
826 890
827 890
828 890
829 890
830 890
831 890
832 890
833 890
834 890
835 890
836 890
837 890
838 890
839 890
840 890
841 890
842 890
843 890
844 890
845 890
846 890
847 890
848 890
849 890
850 890
851 890
852 890
853 890
854 890
855 890
856 890
857 890
858 890
859 890
860 890
861 890
862 890
863 890
864 890
865 890
866 890
867 890
868 890
869 890
870 890
871 890
872 890
873 890
874 890
875 890
876 890
877 890
878 890
879 890
880 890
881 890
882 890
883 890
884 890
885 890
886 890
887 890
888 890
889 890
677 891
727 891
728 891
729 891
730 891
731 891
732 891
733 891
734 891
735 891
736 891
737 891
738 891
739 891
740 891
741 891
742 891
743 891
744 891
745 891
746 891
747 891
748 891
749 891
750 891
751 891
752 891
753 891
754 891
755 891
756 891
757 891
758 891
759 891
760 891
761 891
762 891
763 891
764 891
765 891
766 891
767 891
768 891
769 891
770 891
771 891
772 891
773 891
774 891
775 891
776 891
777 891
778 891
779 891
780 891
781 891
782 891
783 891
784 891
785 891
786 891
787 891
788 891
789 891
790 891
791 891
792 891
793 891
794 891
795 891
796 891
797 891
798 891
799 891
800 891
801 891
802 891
803 891
804 891
805 891
806 891
807 891
808 891
809 891
810 891
811 891
812 891
813 891
814 891
815 891
816 891
817 891
818 891
819 891
820 891
821 891
822 891
823 891
824 891
825 891
826 891
827 891
828 891
829 891
830 891
831 891
832 891
833 891
834 891
835 891
836 891
837 891
838 891
839 891
840 891
841 891
842 891
843 891
844 891
845 891
846 891
847 891
848 891
849 891
850 891
851 891
852 891
853 891
854 891
855 891
856 891
857 891
858 891
859 891
860 891
861 891
862 891
863 891
864 891
865 891
866 891
867 891
868 891
869 891
870 891
871 891
872 891
873 891
874 891
875 891
876 891
877 891
878 891
879 891
880 891
881 891
882 891
883 891
884 891
885 891
886 891
887 891
888 891
889 891
890 891
677 892
727 892
728 892
729 892
730 892
731 892
732 892
733 892
734 892
735 892
736 892
737 892
738 892
739 892
740 892
741 892
742 892
743 892
744 892
745 892
746 892
747 892
748 892
749 892
750 892
751 892
752 892
753 892
754 892
755 892
756 892
757 892
758 892
759 892
760 892
761 892
762 892
763 892
764 892
765 892
766 892
767 892
768 892
769 892
770 892
771 892
772 892
773 892
774 892
775 892
776 892
777 892
778 892
779 892
780 892
781 892
782 892
783 892
784 892
785 892
786 892
787 892
788 892
789 892
790 892
791 892
792 892
793 892
794 892
795 892
796 892
797 892
798 892
799 892
800 892
801 892
802 892
803 892
804 892
805 892
806 892
807 892
808 892
809 892
810 892
811 892
812 892
813 892
814 892
815 892
816 892
817 892
818 892
819 892
820 892
821 892
822 892
823 892
824 892
825 892
826 892
827 892
828 892
829 892
830 892
831 892
832 892
833 892
834 892
835 892
836 892
837 892
838 892
839 892
840 892
841 892
842 892
843 892
844 892
845 892
846 892
847 892
848 892
849 892
850 892
851 892
852 892
853 892
854 892
855 892
856 892
857 892
858 892
859 892
860 892
861 892
862 892
863 892
864 892
865 892
866 892
867 892
868 892
869 892
870 892
871 892
872 892
873 892
874 892
875 892
876 892
877 892
878 892
879 892
880 892
881 892
882 892
883 892
884 892
885 892
886 892
887 892
888 892
889 892
890 892
891 892
677 893
727 893
728 893
729 893
730 893
731 893
732 893
733 893
734 893
735 893
736 893
737 893
738 893
739 893
740 893
741 893
742 893
743 893
744 893
745 893
746 893
747 893
748 893
749 893
750 893
751 893
752 893
753 893
754 893
755 893
756 893
757 893
758 893
759 893
760 893
761 893
762 893
763 893
764 893
765 893
766 893
767 893
768 893
769 893
770 893
771 893
772 893
773 893
774 893
775 893
776 893
777 893
778 893
779 893
780 893
781 893
782 893
783 893
784 893
785 893
786 893
787 893
788 893
789 893
790 893
791 893
792 893
793 893
794 893
795 893
796 893
797 893
798 893
799 893
800 893
801 893
802 893
803 893
804 893
805 893
806 893
807 893
808 893
809 893
810 893
811 893
812 893
813 893
814 893
815 893
816 893
817 893
818 893
819 893
820 893
821 893
822 893
823 893
824 893
825 893
826 893
827 893
828 893
829 893
830 893
831 893
832 893
833 893
834 893
835 893
836 893
837 893
838 893
839 893
840 893
841 893
842 893
843 893
844 893
845 893
846 893
847 893
848 893
849 893
850 893
851 893
852 893
853 893
854 893
855 893
856 893
857 893
858 893
859 893
860 893
861 893
862 893
863 893
864 893
865 893
866 893
867 893
868 893
869 893
870 893
871 893
872 893
873 893
874 893
875 893
876 893
877 893
878 893
879 893
880 893
881 893
882 893
883 893
884 893
885 893
886 893
887 893
888 893
889 893
890 893
891 893
892 893
677 894
727 894
728 894
729 894
730 894
731 894
732 894
733 894
734 894
735 894
736 894
737 894
738 894
739 894
740 894
741 894
742 894
743 894
744 894
745 894
746 894
747 894
748 894
749 894
750 894
751 894
752 894
753 894
754 894
755 894
756 894
757 894
758 894
759 894
760 894
761 894
762 894
763 894
764 894
765 894
766 894
767 894
768 894
769 894
770 894
771 894
772 894
773 894
774 894
775 894
776 894
777 894
778 894
779 894
780 894
781 894
782 894
783 894
784 894
785 894
786 894
787 894
788 894
789 894
790 894
791 894
792 894
793 894
794 894
795 894
796 894
797 894
798 894
799 894
800 894
801 894
802 894
803 894
804 894
805 894
806 894
807 894
808 894
809 894
810 894
811 894
812 894
813 894
814 894
815 894
816 894
817 894
818 894
819 894
820 894
821 894
822 894
823 894
824 894
825 894
826 894
827 894
828 894
829 894
830 894
831 894
832 894
833 894
834 894
835 894
836 894
837 894
838 894
839 894
840 894
841 894
842 894
843 894
844 894
845 894
846 894
847 894
848 894
849 894
850 894
851 894
852 894
853 894
854 894
855 894
856 894
857 894
858 894
859 894
860 894
861 894
862 894
863 894
864 894
865 894
866 894
867 894
868 894
869 894
870 894
871 894
872 894
873 894
874 894
875 894
876 894
877 894
878 894
879 894
880 894
881 894
882 894
883 894
884 894
885 894
886 894
887 894
888 894
889 894
890 894
891 894
892 894
893 894
677 895
727 895
728 895
729 895
730 895
731 895
732 895
733 895
734 895
735 895
736 895
737 895
738 895
739 895
740 895
741 895
742 895
743 895
744 895
745 895
746 895
747 895
748 895
749 895
750 895
751 895
752 895
753 895
754 895
755 895
756 895
757 895
758 895
759 895
760 895
761 895
762 895
763 895
764 895
765 895
766 895
767 895
768 895
769 895
770 895
771 895
772 895
773 895
774 895
775 895
776 895
777 895
778 895
779 895
780 895
781 895
782 895
783 895
784 895
785 895
786 895
787 895
788 895
789 895
790 895
791 895
792 895
793 895
794 895
795 895
796 895
797 895
798 895
799 895
800 895
801 895
802 895
803 895
804 895
805 895
806 895
807 895
808 895
809 895
810 895
811 895
812 895
813 895
814 895
815 895
816 895
817 895
818 895
819 895
820 895
821 895
822 895
823 895
824 895
825 895
826 895
827 895
828 895
829 895
830 895
831 895
832 895
833 895
834 895
835 895
836 895
837 895
838 895
839 895
840 895
841 895
842 895
843 895
844 895
845 895
846 895
847 895
848 895
849 895
850 895
851 895
852 895
853 895
854 895
855 895
856 895
857 895
858 895
859 895
860 895
861 895
862 895
863 895
864 895
865 895
866 895
867 895
868 895
869 895
870 895
871 895
872 895
873 895
874 895
875 895
876 895
877 895
878 895
879 895
880 895
881 895
882 895
883 895
884 895
885 895
886 895
887 895
888 895
889 895
890 895
891 895
892 895
893 895
894 895
677 896
727 896
728 896
729 896
730 896
731 896
732 896
733 896
734 896
735 896
736 896
737 896
738 896
739 896
740 896
741 896
742 896
743 896
744 896
745 896
746 896
747 896
748 896
749 896
750 896
751 896
752 896
753 896
754 896
755 896
756 896
757 896
758 896
759 896
760 896
761 896
762 896
763 896
764 896
765 896
766 896
767 896
768 896
769 896
770 896
771 896
772 896
773 896
774 896
775 896
776 896
777 896
778 896
779 896
780 896
781 896
782 896
783 896
784 896
785 896
786 896
787 896
788 896
789 896
790 896
791 896
792 896
793 896
794 896
795 896
796 896
797 896
798 896
799 896
800 896
801 896
802 896
803 896
804 896
805 896
806 896
807 896
808 896
809 896
810 896
811 896
812 896
813 896
814 896
815 896
816 896
817 896
818 896
819 896
820 896
821 896
822 896
823 896
824 896
825 896
826 896
827 896
828 896
829 896
830 896
831 896
832 896
833 896
834 896
835 896
836 896
837 896
838 896
839 896
840 896
841 896
842 896
843 896
844 896
845 896
846 896
847 896
848 896
849 896
850 896
851 896
852 896
853 896
854 896
855 896
856 896
857 896
858 896
859 896
860 896
861 896
862 896
863 896
864 896
865 896
866 896
867 896
868 896
869 896
870 896
871 896
872 896
873 896
874 896
875 896
876 896
877 896
878 896
879 896
880 896
881 896
882 896
883 896
884 896
885 896
886 896
887 896
888 896
889 896
890 896
891 896
892 896
893 896
894 896
895 896
677 897
727 897
728 897
729 897
730 897
731 897
732 897
733 897
734 897
735 897
736 897
737 897
738 897
739 897
740 897
741 897
742 897
743 897
744 897
745 897
746 897
747 897
748 897
749 897
750 897
751 897
752 897
753 897
754 897
755 897
756 897
757 897
758 897
759 897
760 897
761 897
762 897
763 897
764 897
765 897
766 897
767 897
768 897
769 897
770 897
771 897
772 897
773 897
774 897
775 897
776 897
777 897
778 897
779 897
780 897
781 897
782 897
783 897
784 897
785 897
786 897
787 897
788 897
789 897
790 897
791 897
792 897
793 897
794 897
795 897
796 897
797 897
798 897
799 897
800 897
801 897
802 897
803 897
804 897
805 897
806 897
807 897
808 897
809 897
810 897
811 897
812 897
813 897
814 897
815 897
816 897
817 897
818 897
819 897
820 897
821 897
822 897
823 897
824 897
825 897
826 897
827 897
828 897
829 897
830 897
831 897
832 897
833 897
834 897
835 897
836 897
837 897
838 897
839 897
840 897
841 897
842 897
843 897
844 897
845 897
846 897
847 897
848 897
849 897
850 897
851 897
852 897
853 897
854 897
855 897
856 897
857 897
858 897
859 897
860 897
861 897
862 897
863 897
864 897
865 897
866 897
867 897
868 897
869 897
870 897
871 897
872 897
873 897
874 897
875 897
876 897
877 897
878 897
879 897
880 897
881 897
882 897
883 897
884 897
885 897
886 897
887 897
888 897
889 897
890 897
891 897
892 897
893 897
894 897
895 897
896 897
677 898
727 898
728 898
729 898
730 898
731 898
732 898
733 898
734 898
735 898
736 898
737 898
738 898
739 898
740 898
741 898
742 898
743 898
744 898
745 898
746 898
747 898
748 898
749 898
750 898
751 898
752 898
753 898
754 898
755 898
756 898
757 898
758 898
759 898
760 898
761 898
762 898
763 898
764 898
765 898
766 898
767 898
768 898
769 898
770 898
771 898
772 898
773 898
774 898
775 898
776 898
777 898
778 898
779 898
780 898
781 898
782 898
783 898
784 898
785 898
786 898
787 898
788 898
789 898
790 898
791 898
792 898
793 898
794 898
795 898
796 898
797 898
798 898
799 898
800 898
801 898
802 898
803 898
804 898
805 898
806 898
807 898
808 898
809 898
810 898
811 898
812 898
813 898
814 898
815 898
816 898
817 898
818 898
819 898
820 898
821 898
822 898
823 898
824 898
825 898
826 898
827 898
828 898
829 898
830 898
831 898
832 898
833 898
834 898
835 898
836 898
837 898
838 898
839 898
840 898
841 898
842 898
843 898
844 898
845 898
846 898
847 898
848 898
849 898
850 898
851 898
852 898
853 898
854 898
855 898
856 898
857 898
858 898
859 898
860 898
861 898
862 898
863 898
864 898
865 898
866 898
867 898
868 898
869 898
870 898
871 898
872 898
873 898
874 898
875 898
876 898
877 898
878 898
879 898
880 898
881 898
882 898
883 898
884 898
885 898
886 898
887 898
888 898
889 898
890 898
891 898
892 898
893 898
894 898
895 898
896 898
897 898
677 899
727 899
728 899
729 899
730 899
731 899
732 899
733 899
734 899
735 899
736 899
737 899
738 899
739 899
740 899
741 899
742 899
743 899
744 899
745 899
746 899
747 899
748 899
749 899
750 899
751 899
752 899
753 899
754 899
755 899
756 899
757 899
758 899
759 899
760 899
761 899
762 899
763 899
764 899
765 899
766 899
767 899
768 899
769 899
770 899
771 899
772 899
773 899
774 899
775 899
776 899
777 899
778 899
779 899
780 899
781 899
782 899
783 899
784 899
785 899
786 899
787 899
788 899
789 899
790 899
791 899
792 899
793 899
794 899
795 899
796 899
797 899
798 899
799 899
800 899
801 899
802 899
803 899
804 899
805 899
806 899
807 899
808 899
809 899
810 899
811 899
812 899
813 899
814 899
815 899
816 899
817 899
818 899
819 899
820 899
821 899
822 899
823 899
824 899
825 899
826 899
827 899
828 899
829 899
830 899
831 899
832 899
833 899
834 899
835 899
836 899
837 899
838 899
839 899
840 899
841 899
842 899
843 899
844 899
845 899
846 899
847 899
848 899
849 899
850 899
851 899
852 899
853 899
854 899
855 899
856 899
857 899
858 899
859 899
860 899
861 899
862 899
863 899
864 899
865 899
866 899
867 899
868 899
869 899
870 899
871 899
872 899
873 899
874 899
875 899
876 899
877 899
878 899
879 899
880 899
881 899
882 899
883 899
884 899
885 899
886 899
887 899
888 899
889 899
890 899
891 899
892 899
893 899
894 899
895 899
896 899
897 899
898 899
677 900
727 900
728 900
729 900
730 900
731 900
732 900
733 900
734 900
735 900
736 900
737 900
738 900
739 900
740 900
741 900
742 900
743 900
744 900
745 900
746 900
747 900
748 900
749 900
750 900
751 900
752 900
753 900
754 900
755 900
756 900
757 900
758 900
759 900
760 900
761 900
762 900
763 900
764 900
765 900
766 900
767 900
768 900
769 900
770 900
771 900
772 900
773 900
774 900
775 900
776 900
777 900
778 900
779 900
780 900
781 900
782 900
783 900
784 900
785 900
786 900
787 900
788 900
789 900
790 900
791 900
792 900
793 900
794 900
795 900
796 900
797 900
798 900
799 900
800 900
801 900
802 900
803 900
804 900
805 900
806 900
807 900
808 900
809 900
810 900
811 900
812 900
813 900
814 900
815 900
816 900
817 900
818 900
819 900
820 900
821 900
822 900
823 900
824 900
825 900
826 900
827 900
828 900
829 900
830 900
831 900
832 900
833 900
834 900
835 900
836 900
837 900
838 900
839 900
840 900
841 900
842 900
843 900
844 900
845 900
846 900
847 900
848 900
849 900
850 900
851 900
852 900
853 900
854 900
855 900
856 900
857 900
858 900
859 900
860 900
861 900
862 900
863 900
864 900
865 900
866 900
867 900
868 900
869 900
870 900
871 900
872 900
873 900
874 900
875 900
876 900
877 900
878 900
879 900
880 900
881 900
882 900
883 900
884 900
885 900
886 900
887 900
888 900
889 900
890 900
891 900
892 900
893 900
894 900
895 900
896 900
897 900
898 900
899 900
677 901
727 901
728 901
729 901
730 901
731 901
732 901
733 901
734 901
735 901
736 901
737 901
738 901
739 901
740 901
741 901
742 901
743 901
744 901
745 901
746 901
747 901
748 901
749 901
750 901
751 901
752 901
753 901
754 901
755 901
756 901
757 901
758 901
759 901
760 901
761 901
762 901
763 901
764 901
765 901
766 901
767 901
768 901
769 901
770 901
771 901
772 901
773 901
774 901
775 901
776 901
777 901
778 901
779 901
780 901
781 901
782 901
783 901
784 901
785 901
786 901
787 901
788 901
789 901
790 901
791 901
792 901
793 901
794 901
795 901
796 901
797 901
798 901
799 901
800 901
801 901
802 901
803 901
804 901
805 901
806 901
807 901
808 901
809 901
810 901
811 901
812 901
813 901
814 901
815 901
816 901
817 901
818 901
819 901
820 901
821 901
822 901
823 901
824 901
825 901
826 901
827 901
828 901
829 901
830 901
831 901
832 901
833 901
834 901
835 901
836 901
837 901
838 901
839 901
840 901
841 901
842 901
843 901
844 901
845 901
846 901
847 901
848 901
849 901
850 901
851 901
852 901
853 901
854 901
855 901
856 901
857 901
858 901
859 901
860 901
861 901
862 901
863 901
864 901
865 901
866 901
867 901
868 901
869 901
870 901
871 901
872 901
873 901
874 901
875 901
876 901
877 901
878 901
879 901
880 901
881 901
882 901
883 901
884 901
885 901
886 901
887 901
888 901
889 901
890 901
891 901
892 901
893 901
894 901
895 901
896 901
897 901
898 901
899 901
900 901
677 902
727 902
728 902
729 902
730 902
731 902
732 902
733 902
734 902
735 902
736 902
737 902
738 902
739 902
740 902
741 902
742 902
743 902
744 902
745 902
746 902
747 902
748 902
749 902
750 902
751 902
752 902
753 902
754 902
755 902
756 902
757 902
758 902
759 902
760 902
761 902
762 902
763 902
764 902
765 902
766 902
767 902
768 902
769 902
770 902
771 902
772 902
773 902
774 902
775 902
776 902
777 902
778 902
779 902
780 902
781 902
782 902
783 902
784 902
785 902
786 902
787 902
788 902
789 902
790 902
791 902
792 902
793 902
794 902
795 902
796 902
797 902
798 902
799 902
800 902
801 902
802 902
803 902
804 902
805 902
806 902
807 902
808 902
809 902
810 902
811 902
812 902
813 902
814 902
815 902
816 902
817 902
818 902
819 902
820 902
821 902
822 902
823 902
824 902
825 902
826 902
827 902
828 902
829 902
830 902
831 902
832 902
833 902
834 902
835 902
836 902
837 902
838 902
839 902
840 902
841 902
842 902
843 902
844 902
845 902
846 902
847 902
848 902
849 902
850 902
851 902
852 902
853 902
854 902
855 902
856 902
857 902
858 902
859 902
860 902
861 902
862 902
863 902
864 902
865 902
866 902
867 902
868 902
869 902
870 902
871 902
872 902
873 902
874 902
875 902
876 902
877 902
878 902
879 902
880 902
881 902
882 902
883 902
884 902
885 902
886 902
887 902
888 902
889 902
890 902
891 902
892 902
893 902
894 902
895 902
896 902
897 902
898 902
899 902
900 902
901 902
677 903
727 903
728 903
729 903
730 903
731 903
732 903
733 903
734 903
735 903
736 903
737 903
738 903
739 903
740 903
741 903
742 903
743 903
744 903
745 903
746 903
747 903
748 903
749 903
750 903
751 903
752 903
753 903
754 903
755 903
756 903
757 903
758 903
759 903
760 903
761 903
762 903
763 903
764 903
765 903
766 903
767 903
768 903
769 903
770 903
771 903
772 903
773 903
774 903
775 903
776 903
777 903
778 903
779 903
780 903
781 903
782 903
783 903
784 903
785 903
786 903
787 903
788 903
789 903
790 903
791 903
792 903
793 903
794 903
795 903
796 903
797 903
798 903
799 903
800 903
801 903
802 903
803 903
804 903
805 903
806 903
807 903
808 903
809 903
810 903
811 903
812 903
813 903
814 903
815 903
816 903
817 903
818 903
819 903
820 903
821 903
822 903
823 903
824 903
825 903
826 903
827 903
828 903
829 903
830 903
831 903
832 903
833 903
834 903
835 903
836 903
837 903
838 903
839 903
840 903
841 903
842 903
843 903
844 903
845 903
846 903
847 903
848 903
849 903
850 903
851 903
852 903
853 903
854 903
855 903
856 903
857 903
858 903
859 903
860 903
861 903
862 903
863 903
864 903
865 903
866 903
867 903
868 903
869 903
870 903
871 903
872 903
873 903
874 903
875 903
876 903
877 903
878 903
879 903
880 903
881 903
882 903
883 903
884 903
885 903
886 903
887 903
888 903
889 903
890 903
891 903
892 903
893 903
894 903
895 903
896 903
897 903
898 903
899 903
900 903
901 903
902 903
677 904
727 904
728 904
729 904
730 904
731 904
732 904
733 904
734 904
735 904
736 904
737 904
738 904
739 904
740 904
741 904
742 904
743 904
744 904
745 904
746 904
747 904
748 904
749 904
750 904
751 904
752 904
753 904
754 904
755 904
756 904
757 904
758 904
759 904
760 904
761 904
762 904
763 904
764 904
765 904
766 904
767 904
768 904
769 904
770 904
771 904
772 904
773 904
774 904
775 904
776 904
777 904
778 904
779 904
780 904
781 904
782 904
783 904
784 904
785 904
786 904
787 904
788 904
789 904
790 904
791 904
792 904
793 904
794 904
795 904
796 904
797 904
798 904
799 904
800 904
801 904
802 904
803 904
804 904
805 904
806 904
807 904
808 904
809 904
810 904
811 904
812 904
813 904
814 904
815 904
816 904
817 904
818 904
819 904
820 904
821 904
822 904
823 904
824 904
825 904
826 904
827 904
828 904
829 904
830 904
831 904
832 904
833 904
834 904
835 904
836 904
837 904
838 904
839 904
840 904
841 904
842 904
843 904
844 904
845 904
846 904
847 904
848 904
849 904
850 904
851 904
852 904
853 904
854 904
855 904
856 904
857 904
858 904
859 904
860 904
861 904
862 904
863 904
864 904
865 904
866 904
867 904
868 904
869 904
870 904
871 904
872 904
873 904
874 904
875 904
876 904
877 904
878 904
879 904
880 904
881 904
882 904
883 904
884 904
885 904
886 904
887 904
888 904
889 904
890 904
891 904
892 904
893 904
894 904
895 904
896 904
897 904
898 904
899 904
900 904
901 904
902 904
903 904
677 905
727 905
728 905
729 905
730 905
731 905
732 905
733 905
734 905
735 905
736 905
737 905
738 905
739 905
740 905
741 905
742 905
743 905
744 905
745 905
746 905
747 905
748 905
749 905
750 905
751 905
752 905
753 905
754 905
755 905
756 905
757 905
758 905
759 905
760 905
761 905
762 905
763 905
764 905
765 905
766 905
767 905
768 905
769 905
770 905
771 905
772 905
773 905
774 905
775 905
776 905
777 905
778 905
779 905
780 905
781 905
782 905
783 905
784 905
785 905
786 905
787 905
788 905
789 905
790 905
791 905
792 905
793 905
794 905
795 905
796 905
797 905
798 905
799 905
800 905
801 905
802 905
803 905
804 905
805 905
806 905
807 905
808 905
809 905
810 905
811 905
812 905
813 905
814 905
815 905
816 905
817 905
818 905
819 905
820 905
821 905
822 905
823 905
824 905
825 905
826 905
827 905
828 905
829 905
830 905
831 905
832 905
833 905
834 905
835 905
836 905
837 905
838 905
839 905
840 905
841 905
842 905
843 905
844 905
845 905
846 905
847 905
848 905
849 905
850 905
851 905
852 905
853 905
854 905
855 905
856 905
857 905
858 905
859 905
860 905
861 905
862 905
863 905
864 905
865 905
866 905
867 905
868 905
869 905
870 905
871 905
872 905
873 905
874 905
875 905
876 905
877 905
878 905
879 905
880 905
881 905
882 905
883 905
884 905
885 905
886 905
887 905
888 905
889 905
890 905
891 905
892 905
893 905
894 905
895 905
896 905
897 905
898 905
899 905
900 905
901 905
902 905
903 905
904 905
677 906
727 906
728 906
729 906
730 906
731 906
732 906
733 906
734 906
735 906
736 906
737 906
738 906
739 906
740 906
741 906
742 906
743 906
744 906
745 906
746 906
747 906
748 906
749 906
750 906
751 906
752 906
753 906
754 906
755 906
756 906
757 906
758 906
759 906
760 906
761 906
762 906
763 906
764 906
765 906
766 906
767 906
768 906
769 906
770 906
771 906
772 906
773 906
774 906
775 906
776 906
777 906
778 906
779 906
780 906
781 906
782 906
783 906
784 906
785 906
786 906
787 906
788 906
789 906
790 906
791 906
792 906
793 906
794 906
795 906
796 906
797 906
798 906
799 906
800 906
801 906
802 906
803 906
804 906
805 906
806 906
807 906
808 906
809 906
810 906
811 906
812 906
813 906
814 906
815 906
816 906
817 906
818 906
819 906
820 906
821 906
822 906
823 906
824 906
825 906
826 906
827 906
828 906
829 906
830 906
831 906
832 906
833 906
834 906
835 906
836 906
837 906
838 906
839 906
840 906
841 906
842 906
843 906
844 906
845 906
846 906
847 906
848 906
849 906
850 906
851 906
852 906
853 906
854 906
855 906
856 906
857 906
858 906
859 906
860 906
861 906
862 906
863 906
864 906
865 906
866 906
867 906
868 906
869 906
870 906
871 906
872 906
873 906
874 906
875 906
876 906
877 906
878 906
879 906
880 906
881 906
882 906
883 906
884 906
885 906
886 906
887 906
888 906
889 906
890 906
891 906
892 906
893 906
894 906
895 906
896 906
897 906
898 906
899 906
900 906
901 906
902 906
903 906
904 906
905 906
677 907
727 907
728 907
729 907
730 907
731 907
732 907
733 907
734 907
735 907
736 907
737 907
738 907
739 907
740 907
741 907
742 907
743 907
744 907
745 907
746 907
747 907
748 907
749 907
750 907
751 907
752 907
753 907
754 907
755 907
756 907
757 907
758 907
759 907
760 907
761 907
762 907
763 907
764 907
765 907
766 907
767 907
768 907
769 907
770 907
771 907
772 907
773 907
774 907
775 907
776 907
777 907
778 907
779 907
780 907
781 907
782 907
783 907
784 907
785 907
786 907
787 907
788 907
789 907
790 907
791 907
792 907
793 907
794 907
795 907
796 907
797 907
798 907
799 907
800 907
801 907
802 907
803 907
804 907
805 907
806 907
807 907
808 907
809 907
810 907
811 907
812 907
813 907
814 907
815 907
816 907
817 907
818 907
819 907
820 907
821 907
822 907
823 907
824 907
825 907
826 907
827 907
828 907
829 907
830 907
831 907
832 907
833 907
834 907
835 907
836 907
837 907
838 907
839 907
840 907
841 907
842 907
843 907
844 907
845 907
846 907
847 907
848 907
849 907
850 907
851 907
852 907
853 907
854 907
855 907
856 907
857 907
858 907
859 907
860 907
861 907
862 907
863 907
864 907
865 907
866 907
867 907
868 907
869 907
870 907
871 907
872 907
873 907
874 907
875 907
876 907
877 907
878 907
879 907
880 907
881 907
882 907
883 907
884 907
885 907
886 907
887 907
888 907
889 907
890 907
891 907
892 907
893 907
894 907
895 907
896 907
897 907
898 907
899 907
900 907
901 907
902 907
903 907
904 907
905 907
906 907
677 908
727 908
728 908
729 908
730 908
731 908
732 908
733 908
734 908
735 908
736 908
737 908
738 908
739 908
740 908
741 908
742 908
743 908
744 908
745 908
746 908
747 908
748 908
749 908
750 908
751 908
752 908
753 908
754 908
755 908
756 908
757 908
758 908
759 908
760 908
761 908
762 908
763 908
764 908
765 908
766 908
767 908
768 908
769 908
770 908
771 908
772 908
773 908
774 908
775 908
776 908
777 908
778 908
779 908
780 908
781 908
782 908
783 908
784 908
785 908
786 908
787 908
788 908
789 908
790 908
791 908
792 908
793 908
794 908
795 908
796 908
797 908
798 908
799 908
800 908
801 908
802 908
803 908
804 908
805 908
806 908
807 908
808 908
809 908
810 908
811 908
812 908
813 908
814 908
815 908
816 908
817 908
818 908
819 908
820 908
821 908
822 908
823 908
824 908
825 908
826 908
827 908
828 908
829 908
830 908
831 908
832 908
833 908
834 908
835 908
836 908
837 908
838 908
839 908
840 908
841 908
842 908
843 908
844 908
845 908
846 908
847 908
848 908
849 908
850 908
851 908
852 908
853 908
854 908
855 908
856 908
857 908
858 908
859 908
860 908
861 908
862 908
863 908
864 908
865 908
866 908
867 908
868 908
869 908
870 908
871 908
872 908
873 908
874 908
875 908
876 908
877 908
878 908
879 908
880 908
881 908
882 908
883 908
884 908
885 908
886 908
887 908
888 908
889 908
890 908
891 908
892 908
893 908
894 908
895 908
896 908
897 908
898 908
899 908
900 908
901 908
902 908
903 908
904 908
905 908
906 908
907 908
146 909
146 910
909 910
146 911
909 911
910 911
146 912
909 912
910 912
911 912
146 913
909 913
910 913
911 913
912 913
146 914
909 914
910 914
911 914
912 914
913 914
146 915
909 915
910 915
911 915
912 915
913 915
914 915
146 916
909 916
910 916
911 916
912 916
913 916
914 916
915 916
146 917
909 917
910 917
911 917
912 917
913 917
914 917
915 917
916 917
146 918
909 918
910 918
911 918
912 918
913 918
914 918
915 918
916 918
917 918
146 919
909 919
910 919
911 919
912 919
913 919
914 919
915 919
916 919
917 919
918 919
146 920
909 920
910 920
911 920
912 920
913 920
914 920
915 920
916 920
917 920
918 920
919 920
146 921
909 921
910 921
911 921
912 921
913 921
914 921
915 921
916 921
917 921
918 921
919 921
920 921
146 922
909 922
910 922
911 922
912 922
913 922
914 922
915 922
916 922
917 922
918 922
919 922
920 922
921 922
146 923
909 923
910 923
911 923
912 923
913 923
914 923
915 923
916 923
917 923
918 923
919 923
920 923
921 923
922 923
146 924
909 924
910 924
911 924
912 924
913 924
914 924
915 924
916 924
917 924
918 924
919 924
920 924
921 924
922 924
923 924
146 925
909 925
910 925
911 925
912 925
913 925
914 925
915 925
916 925
917 925
918 925
919 925
920 925
921 925
922 925
923 925
924 925
146 926
909 926
910 926
911 926
912 926
913 926
914 926
915 926
916 926
917 926
918 926
919 926
920 926
921 926
922 926
923 926
924 926
925 926
146 927
909 927
910 927
911 927
912 927
913 927
914 927
915 927
916 927
917 927
918 927
919 927
920 927
921 927
922 927
923 927
924 927
925 927
926 927
146 928
909 928
910 928
911 928
912 928
913 928
914 928
915 928
916 928
917 928
918 928
919 928
920 928
921 928
922 928
923 928
924 928
925 928
926 928
927 928
146 929
909 929
910 929
911 929
912 929
913 929
914 929
915 929
916 929
917 929
918 929
919 929
920 929
921 929
922 929
923 929
924 929
925 929
926 929
927 929
928 929
146 930
909 930
910 930
911 930
912 930
913 930
914 930
915 930
916 930
917 930
918 930
919 930
920 930
921 930
922 930
923 930
924 930
925 930
926 930
927 930
928 930
929 930
146 931
909 931
910 931
911 931
912 931
913 931
914 931
915 931
916 931
917 931
918 931
919 931
920 931
921 931
922 931
923 931
924 931
925 931
926 931
927 931
928 931
929 931
930 931
146 932
909 932
910 932
911 932
912 932
913 932
914 932
915 932
916 932
917 932
918 932
919 932
920 932
921 932
922 932
923 932
924 932
925 932
926 932
927 932
928 932
929 932
930 932
931 932
146 933
909 933
910 933
911 933
912 933
913 933
914 933
915 933
916 933
917 933
918 933
919 933
920 933
921 933
922 933
923 933
924 933
925 933
926 933
927 933
928 933
929 933
930 933
931 933
932 933
146 934
909 934
910 934
911 934
912 934
913 934
914 934
915 934
916 934
917 934
918 934
919 934
920 934
921 934
922 934
923 934
924 934
925 934
926 934
927 934
928 934
929 934
930 934
931 934
932 934
933 934
146 935
909 935
910 935
911 935
912 935
913 935
914 935
915 935
916 935
917 935
918 935
919 935
920 935
921 935
922 935
923 935
924 935
925 935
926 935
927 935
928 935
929 935
930 935
931 935
932 935
933 935
934 935
146 936
909 936
910 936
911 936
912 936
913 936
914 936
915 936
916 936
917 936
918 936
919 936
920 936
921 936
922 936
923 936
924 936
925 936
926 936
927 936
928 936
929 936
930 936
931 936
932 936
933 936
934 936
935 936
146 937
909 937
910 937
911 937
912 937
913 937
914 937
915 937
916 937
917 937
918 937
919 937
920 937
921 937
922 937
923 937
924 937
925 937
926 937
927 937
928 937
929 937
930 937
931 937
932 937
933 937
934 937
935 937
936 937
146 938
909 938
910 938
911 938
912 938
913 938
914 938
915 938
916 938
917 938
918 938
919 938
920 938
921 938
922 938
923 938
924 938
925 938
926 938
927 938
928 938
929 938
930 938
931 938
932 938
933 938
934 938
935 938
936 938
937 938
146 939
909 939
910 939
911 939
912 939
913 939
914 939
915 939
916 939
917 939
918 939
919 939
920 939
921 939
922 939
923 939
924 939
925 939
926 939
927 939
928 939
929 939
930 939
931 939
932 939
933 939
934 939
935 939
936 939
937 939
938 939
146 940
909 940
910 940
911 940
912 940
913 940
914 940
915 940
916 940
917 940
918 940
919 940
920 940
921 940
922 940
923 940
924 940
925 940
926 940
927 940
928 940
929 940
930 940
931 940
932 940
933 940
934 940
935 940
936 940
937 940
938 940
939 940
146 941
909 941
910 941
911 941
912 941
913 941
914 941
915 941
916 941
917 941
918 941
919 941
920 941
921 941
922 941
923 941
924 941
925 941
926 941
927 941
928 941
929 941
930 941
931 941
932 941
933 941
934 941
935 941
936 941
937 941
938 941
939 941
940 941
146 942
909 942
910 942
911 942
912 942
913 942
914 942
915 942
916 942
917 942
918 942
919 942
920 942
921 942
922 942
923 942
924 942
925 942
926 942
927 942
928 942
929 942
930 942
931 942
932 942
933 942
934 942
935 942
936 942
937 942
938 942
939 942
940 942
941 942
146 943
909 943
910 943
911 943
912 943
913 943
914 943
915 943
916 943
917 943
918 943
919 943
920 943
921 943
922 943
923 943
924 943
925 943
926 943
927 943
928 943
929 943
930 943
931 943
932 943
933 943
934 943
935 943
936 943
937 943
938 943
939 943
940 943
941 943
942 943
146 944
909 944
910 944
911 944
912 944
913 944
914 944
915 944
916 944
917 944
918 944
919 944
920 944
921 944
922 944
923 944
924 944
925 944
926 944
927 944
928 944
929 944
930 944
931 944
932 944
933 944
934 944
935 944
936 944
937 944
938 944
939 944
940 944
941 944
942 944
943 944
146 945
909 945
910 945
911 945
912 945
913 945
914 945
915 945
916 945
917 945
918 945
919 945
920 945
921 945
922 945
923 945
924 945
925 945
926 945
927 945
928 945
929 945
930 945
931 945
932 945
933 945
934 945
935 945
936 945
937 945
938 945
939 945
940 945
941 945
942 945
943 945
944 945
146 946
909 946
910 946
911 946
912 946
913 946
914 946
915 946
916 946
917 946
918 946
919 946
920 946
921 946
922 946
923 946
924 946
925 946
926 946
927 946
928 946
929 946
930 946
931 946
932 946
933 946
934 946
935 946
936 946
937 946
938 946
939 946
940 946
941 946
942 946
943 946
944 946
945 946
146 947
909 947
910 947
911 947
912 947
913 947
914 947
915 947
916 947
917 947
918 947
919 947
920 947
921 947
922 947
923 947
924 947
925 947
926 947
927 947
928 947
929 947
930 947
931 947
932 947
933 947
934 947
935 947
936 947
937 947
938 947
939 947
940 947
941 947
942 947
943 947
944 947
945 947
946 947
146 948
909 948
910 948
911 948
912 948
913 948
914 948
915 948
916 948
917 948
918 948
919 948
920 948
921 948
922 948
923 948
924 948
925 948
926 948
927 948
928 948
929 948
930 948
931 948
932 948
933 948
934 948
935 948
936 948
937 948
938 948
939 948
940 948
941 948
942 948
943 948
944 948
945 948
946 948
947 948
146 949
909 949
910 949
911 949
912 949
913 949
914 949
915 949
916 949
917 949
918 949
919 949
920 949
921 949
922 949
923 949
924 949
925 949
926 949
927 949
928 949
929 949
930 949
931 949
932 949
933 949
934 949
935 949
936 949
937 949
938 949
939 949
940 949
941 949
942 949
943 949
944 949
945 949
946 949
947 949
948 949
146 950
909 950
910 950
911 950
912 950
913 950
914 950
915 950
916 950
917 950
918 950
919 950
920 950
921 950
922 950
923 950
924 950
925 950
926 950
927 950
928 950
929 950
930 950
931 950
932 950
933 950
934 950
935 950
936 950
937 950
938 950
939 950
940 950
941 950
942 950
943 950
944 950
945 950
946 950
947 950
948 950
949 950
146 951
909 951
910 951
911 951
912 951
913 951
914 951
915 951
916 951
917 951
918 951
919 951
920 951
921 951
922 951
923 951
924 951
925 951
926 951
927 951
928 951
929 951
930 951
931 951
932 951
933 951
934 951
935 951
936 951
937 951
938 951
939 951
940 951
941 951
942 951
943 951
944 951
945 951
946 951
947 951
948 951
949 951
950 951
146 952
909 952
910 952
911 952
912 952
913 952
914 952
915 952
916 952
917 952
918 952
919 952
920 952
921 952
922 952
923 952
924 952
925 952
926 952
927 952
928 952
929 952
930 952
931 952
932 952
933 952
934 952
935 952
936 952
937 952
938 952
939 952
940 952
941 952
942 952
943 952
944 952
945 952
946 952
947 952
948 952
949 952
950 952
951 952
146 953
909 953
910 953
911 953
912 953
913 953
914 953
915 953
916 953
917 953
918 953
919 953
920 953
921 953
922 953
923 953
924 953
925 953
926 953
927 953
928 953
929 953
930 953
931 953
932 953
933 953
934 953
935 953
936 953
937 953
938 953
939 953
940 953
941 953
942 953
943 953
944 953
945 953
946 953
947 953
948 953
949 953
950 953
951 953
952 953
146 954
909 954
910 954
911 954
912 954
913 954
914 954
915 954
916 954
917 954
918 954
919 954
920 954
921 954
922 954
923 954
924 954
925 954
926 954
927 954
928 954
929 954
930 954
931 954
932 954
933 954
934 954
935 954
936 954
937 954
938 954
939 954
940 954
941 954
942 954
943 954
944 954
945 954
946 954
947 954
948 954
949 954
950 954
951 954
952 954
953 954
146 955
909 955
910 955
911 955
912 955
913 955
914 955
915 955
916 955
917 955
918 955
919 955
920 955
921 955
922 955
923 955
924 955
925 955
926 955
927 955
928 955
929 955
930 955
931 955
932 955
933 955
934 955
935 955
936 955
937 955
938 955
939 955
940 955
941 955
942 955
943 955
944 955
945 955
946 955
947 955
948 955
949 955
950 955
951 955
952 955
953 955
954 955
146 956
909 956
910 956
911 956
912 956
913 956
914 956
915 956
916 956
917 956
918 956
919 956
920 956
921 956
922 956
923 956
924 956
925 956
926 956
927 956
928 956
929 956
930 956
931 956
932 956
933 956
934 956
935 956
936 956
937 956
938 956
939 956
940 956
941 956
942 956
943 956
944 956
945 956
946 956
947 956
948 956
949 956
950 956
951 956
952 956
953 956
954 956
955 956
146 957
909 957
910 957
911 957
912 957
913 957
914 957
915 957
916 957
917 957
918 957
919 957
920 957
921 957
922 957
923 957
924 957
925 957
926 957
927 957
928 957
929 957
930 957
931 957
932 957
933 957
934 957
935 957
936 957
937 957
938 957
939 957
940 957
941 957
942 957
943 957
944 957
945 957
946 957
947 957
948 957
949 957
950 957
951 957
952 957
953 957
954 957
955 957
956 957
146 958
909 958
910 958
911 958
912 958
913 958
914 958
915 958
916 958
917 958
918 958
919 958
920 958
921 958
922 958
923 958
924 958
925 958
926 958
927 958
928 958
929 958
930 958
931 958
932 958
933 958
934 958
935 958
936 958
937 958
938 958
939 958
940 958
941 958
942 958
943 958
944 958
945 958
946 958
947 958
948 958
949 958
950 958
951 958
952 958
953 958
954 958
955 958
956 958
957 958
146 959
909 959
910 959
911 959
912 959
913 959
914 959
915 959
916 959
917 959
918 959
919 959
920 959
921 959
922 959
923 959
924 959
925 959
926 959
927 959
928 959
929 959
930 959
931 959
932 959
933 959
934 959
935 959
936 959
937 959
938 959
939 959
940 959
941 959
942 959
943 959
944 959
945 959
946 959
947 959
948 959
949 959
950 959
951 959
952 959
953 959
954 959
955 959
956 959
957 959
958 959
146 960
909 960
910 960
911 960
912 960
913 960
914 960
915 960
916 960
917 960
918 960
919 960
920 960
921 960
922 960
923 960
924 960
925 960
926 960
927 960
928 960
929 960
930 960
931 960
932 960
933 960
934 960
935 960
936 960
937 960
938 960
939 960
940 960
941 960
942 960
943 960
944 960
945 960
946 960
947 960
948 960
949 960
950 960
951 960
952 960
953 960
954 960
955 960
956 960
957 960
958 960
959 960
146 961
909 961
910 961
911 961
912 961
913 961
914 961
915 961
916 961
917 961
918 961
919 961
920 961
921 961
922 961
923 961
924 961
925 961
926 961
927 961
928 961
929 961
930 961
931 961
932 961
933 961
934 961
935 961
936 961
937 961
938 961
939 961
940 961
941 961
942 961
943 961
944 961
945 961
946 961
947 961
948 961
949 961
950 961
951 961
952 961
953 961
954 961
955 961
956 961
957 961
958 961
959 961
960 961
146 962
909 962
910 962
911 962
912 962
913 962
914 962
915 962
916 962
917 962
918 962
919 962
920 962
921 962
922 962
923 962
924 962
925 962
926 962
927 962
928 962
929 962
930 962
931 962
932 962
933 962
934 962
935 962
936 962
937 962
938 962
939 962
940 962
941 962
942 962
943 962
944 962
945 962
946 962
947 962
948 962
949 962
950 962
951 962
952 962
953 962
954 962
955 962
956 962
957 962
958 962
959 962
960 962
961 962
146 963
909 963
910 963
911 963
912 963
913 963
914 963
915 963
916 963
917 963
918 963
919 963
920 963
921 963
922 963
923 963
924 963
925 963
926 963
927 963
928 963
929 963
930 963
931 963
932 963
933 963
934 963
935 963
936 963
937 963
938 963
939 963
940 963
941 963
942 963
943 963
944 963
945 963
946 963
947 963
948 963
949 963
950 963
951 963
952 963
953 963
954 963
955 963
956 963
957 963
958 963
959 963
960 963
961 963
962 963
146 964
909 964
910 964
911 964
912 964
913 964
914 964
915 964
916 964
917 964
918 964
919 964
920 964
921 964
922 964
923 964
924 964
925 964
926 964
927 964
928 964
929 964
930 964
931 964
932 964
933 964
934 964
935 964
936 964
937 964
938 964
939 964
940 964
941 964
942 964
943 964
944 964
945 964
946 964
947 964
948 964
949 964
950 964
951 964
952 964
953 964
954 964
955 964
956 964
957 964
958 964
959 964
960 964
961 964
962 964
963 964
146 965
909 965
910 965
911 965
912 965
913 965
914 965
915 965
916 965
917 965
918 965
919 965
920 965
921 965
922 965
923 965
924 965
925 965
926 965
927 965
928 965
929 965
930 965
931 965
932 965
933 965
934 965
935 965
936 965
937 965
938 965
939 965
940 965
941 965
942 965
943 965
944 965
945 965
946 965
947 965
948 965
949 965
950 965
951 965
952 965
953 965
954 965
955 965
956 965
957 965
958 965
959 965
960 965
961 965
962 965
963 965
964 965
146 966
909 966
910 966
911 966
912 966
913 966
914 966
915 966
916 966
917 966
918 966
919 966
920 966
921 966
922 966
923 966
924 966
925 966
926 966
927 966
928 966
929 966
930 966
931 966
932 966
933 966
934 966
935 966
936 966
937 966
938 966
939 966
940 966
941 966
942 966
943 966
944 966
945 966
946 966
947 966
948 966
949 966
950 966
951 966
952 966
953 966
954 966
955 966
956 966
957 966
958 966
959 966
960 966
961 966
962 966
963 966
964 966
965 966
146 967
909 967
910 967
911 967
912 967
913 967
914 967
915 967
916 967
917 967
918 967
919 967
920 967
921 967
922 967
923 967
924 967
925 967
926 967
927 967
928 967
929 967
930 967
931 967
932 967
933 967
934 967
935 967
936 967
937 967
938 967
939 967
940 967
941 967
942 967
943 967
944 967
945 967
946 967
947 967
948 967
949 967
950 967
951 967
952 967
953 967
954 967
955 967
956 967
957 967
958 967
959 967
960 967
961 967
962 967
963 967
964 967
965 967
966 967
146 968
909 968
910 968
911 968
912 968
913 968
914 968
915 968
916 968
917 968
918 968
919 968
920 968
921 968
922 968
923 968
924 968
925 968
926 968
927 968
928 968
929 968
930 968
931 968
932 968
933 968
934 968
935 968
936 968
937 968
938 968
939 968
940 968
941 968
942 968
943 968
944 968
945 968
946 968
947 968
948 968
949 968
950 968
951 968
952 968
953 968
954 968
955 968
956 968
957 968
958 968
959 968
960 968
961 968
962 968
963 968
964 968
965 968
966 968
967 968
146 969
909 969
910 969
911 969
912 969
913 969
914 969
915 969
916 969
917 969
918 969
919 969
920 969
921 969
922 969
923 969
924 969
925 969
926 969
927 969
928 969
929 969
930 969
931 969
932 969
933 969
934 969
935 969
936 969
937 969
938 969
939 969
940 969
941 969
942 969
943 969
944 969
945 969
946 969
947 969
948 969
949 969
950 969
951 969
952 969
953 969
954 969
955 969
956 969
957 969
958 969
959 969
960 969
961 969
962 969
963 969
964 969
965 969
966 969
967 969
968 969
146 970
909 970
910 970
911 970
912 970
913 970
914 970
915 970
916 970
917 970
918 970
919 970
920 970
921 970
922 970
923 970
924 970
925 970
926 970
927 970
928 970
929 970
930 970
931 970
932 970
933 970
934 970
935 970
936 970
937 970
938 970
939 970
940 970
941 970
942 970
943 970
944 970
945 970
946 970
947 970
948 970
949 970
950 970
951 970
952 970
953 970
954 970
955 970
956 970
957 970
958 970
959 970
960 970
961 970
962 970
963 970
964 970
965 970
966 970
967 970
968 970
969 970
146 971
909 971
910 971
911 971
912 971
913 971
914 971
915 971
916 971
917 971
918 971
919 971
920 971
921 971
922 971
923 971
924 971
925 971
926 971
927 971
928 971
929 971
930 971
931 971
932 971
933 971
934 971
935 971
936 971
937 971
938 971
939 971
940 971
941 971
942 971
943 971
944 971
945 971
946 971
947 971
948 971
949 971
950 971
951 971
952 971
953 971
954 971
955 971
956 971
957 971
958 971
959 971
960 971
961 971
962 971
963 971
964 971
965 971
966 971
967 971
968 971
969 971
970 971
146 972
909 972
910 972
911 972
912 972
913 972
914 972
915 972
916 972
917 972
918 972
919 972
920 972
921 972
922 972
923 972
924 972
925 972
926 972
927 972
928 972
929 972
930 972
931 972
932 972
933 972
934 972
935 972
936 972
937 972
938 972
939 972
940 972
941 972
942 972
943 972
944 972
945 972
946 972
947 972
948 972
949 972
950 972
951 972
952 972
953 972
954 972
955 972
956 972
957 972
958 972
959 972
960 972
961 972
962 972
963 972
964 972
965 972
966 972
967 972
968 972
969 972
970 972
971 972
146 973
909 973
910 973
911 973
912 973
913 973
914 973
915 973
916 973
917 973
918 973
919 973
920 973
921 973
922 973
923 973
924 973
925 973
926 973
927 973
928 973
929 973
930 973
931 973
932 973
933 973
934 973
935 973
936 973
937 973
938 973
939 973
940 973
941 973
942 973
943 973
944 973
945 973
946 973
947 973
948 973
949 973
950 973
951 973
952 973
953 973
954 973
955 973
956 973
957 973
958 973
959 973
960 973
961 973
962 973
963 973
964 973
965 973
966 973
967 973
968 973
969 973
970 973
971 973
972 973
146 974
909 974
910 974
911 974
912 974
913 974
914 974
915 974
916 974
917 974
918 974
919 974
920 974
921 974
922 974
923 974
924 974
925 974
926 974
927 974
928 974
929 974
930 974
931 974
932 974
933 974
934 974
935 974
936 974
937 974
938 974
939 974
940 974
941 974
942 974
943 974
944 974
945 974
946 974
947 974
948 974
949 974
950 974
951 974
952 974
953 974
954 974
955 974
956 974
957 974
958 974
959 974
960 974
961 974
962 974
963 974
964 974
965 974
966 974
967 974
968 974
969 974
970 974
971 974
972 974
973 974
146 975
909 975
910 975
911 975
912 975
913 975
914 975
915 975
916 975
917 975
918 975
919 975
920 975
921 975
922 975
923 975
924 975
925 975
926 975
927 975
928 975
929 975
930 975
931 975
932 975
933 975
934 975
935 975
936 975
937 975
938 975
939 975
940 975
941 975
942 975
943 975
944 975
945 975
946 975
947 975
948 975
949 975
950 975
951 975
952 975
953 975
954 975
955 975
956 975
957 975
958 975
959 975
960 975
961 975
962 975
963 975
964 975
965 975
966 975
967 975
968 975
969 975
970 975
971 975
972 975
973 975
974 975
146 976
909 976
910 976
911 976
912 976
913 976
914 976
915 976
916 976
917 976
918 976
919 976
920 976
921 976
922 976
923 976
924 976
925 976
926 976
927 976
928 976
929 976
930 976
931 976
932 976
933 976
934 976
935 976
936 976
937 976
938 976
939 976
940 976
941 976
942 976
943 976
944 976
945 976
946 976
947 976
948 976
949 976
950 976
951 976
952 976
953 976
954 976
955 976
956 976
957 976
958 976
959 976
960 976
961 976
962 976
963 976
964 976
965 976
966 976
967 976
968 976
969 976
970 976
971 976
972 976
973 976
974 976
975 976
146 977
909 977
910 977
911 977
912 977
913 977
914 977
915 977
916 977
917 977
918 977
919 977
920 977
921 977
922 977
923 977
924 977
925 977
926 977
927 977
928 977
929 977
930 977
931 977
932 977
933 977
934 977
935 977
936 977
937 977
938 977
939 977
940 977
941 977
942 977
943 977
944 977
945 977
946 977
947 977
948 977
949 977
950 977
951 977
952 977
953 977
954 977
955 977
956 977
957 977
958 977
959 977
960 977
961 977
962 977
963 977
964 977
965 977
966 977
967 977
968 977
969 977
970 977
971 977
972 977
973 977
974 977
975 977
976 977
146 978
909 978
910 978
911 978
912 978
913 978
914 978
915 978
916 978
917 978
918 978
919 978
920 978
921 978
922 978
923 978
924 978
925 978
926 978
927 978
928 978
929 978
930 978
931 978
932 978
933 978
934 978
935 978
936 978
937 978
938 978
939 978
940 978
941 978
942 978
943 978
944 978
945 978
946 978
947 978
948 978
949 978
950 978
951 978
952 978
953 978
954 978
955 978
956 978
957 978
958 978
959 978
960 978
961 978
962 978
963 978
964 978
965 978
966 978
967 978
968 978
969 978
970 978
971 978
972 978
973 978
974 978
975 978
976 978
977 978
146 979
909 979
910 979
911 979
912 979
913 979
914 979
915 979
916 979
917 979
918 979
919 979
920 979
921 979
922 979
923 979
924 979
925 979
926 979
927 979
928 979
929 979
930 979
931 979
932 979
933 979
934 979
935 979
936 979
937 979
938 979
939 979
940 979
941 979
942 979
943 979
944 979
945 979
946 979
947 979
948 979
949 979
950 979
951 979
952 979
953 979
954 979
955 979
956 979
957 979
958 979
959 979
960 979
961 979
962 979
963 979
964 979
965 979
966 979
967 979
968 979
969 979
970 979
971 979
972 979
973 979
974 979
975 979
976 979
977 979
978 979
146 980
909 980
910 980
911 980
912 980
913 980
914 980
915 980
916 980
917 980
918 980
919 980
920 980
921 980
922 980
923 980
924 980
925 980
926 980
927 980
928 980
929 980
930 980
931 980
932 980
933 980
934 980
935 980
936 980
937 980
938 980
939 980
940 980
941 980
942 980
943 980
944 980
945 980
946 980
947 980
948 980
949 980
950 980
951 980
952 980
953 980
954 980
955 980
956 980
957 980
958 980
959 980
960 980
961 980
962 980
963 980
964 980
965 980
966 980
967 980
968 980
969 980
970 980
971 980
972 980
973 980
974 980
975 980
976 980
977 980
978 980
979 980
146 981
909 981
910 981
911 981
912 981
913 981
914 981
915 981
916 981
917 981
918 981
919 981
920 981
921 981
922 981
923 981
924 981
925 981
926 981
927 981
928 981
929 981
930 981
931 981
932 981
933 981
934 981
935 981
936 981
937 981
938 981
939 981
940 981
941 981
942 981
943 981
944 981
945 981
946 981
947 981
948 981
949 981
950 981
951 981
952 981
953 981
954 981
955 981
956 981
957 981
958 981
959 981
960 981
961 981
962 981
963 981
964 981
965 981
966 981
967 981
968 981
969 981
970 981
971 981
972 981
973 981
974 981
975 981
976 981
977 981
978 981
979 981
980 981
146 982
909 982
910 982
911 982
912 982
913 982
914 982
915 982
916 982
917 982
918 982
919 982
920 982
921 982
922 982
923 982
924 982
925 982
926 982
927 982
928 982
929 982
930 982
931 982
932 982
933 982
934 982
935 982
936 982
937 982
938 982
939 982
940 982
941 982
942 982
943 982
944 982
945 982
946 982
947 982
948 982
949 982
950 982
951 982
952 982
953 982
954 982
955 982
956 982
957 982
958 982
959 982
960 982
961 982
962 982
963 982
964 982
965 982
966 982
967 982
968 982
969 982
970 982
971 982
972 982
973 982
974 982
975 982
976 982
977 982
978 982
979 982
980 982
981 982
146 983
909 983
910 983
911 983
912 983
913 983
914 983
915 983
916 983
917 983
918 983
919 983
920 983
921 983
922 983
923 983
924 983
925 983
926 983
927 983
928 983
929 983
930 983
931 983
932 983
933 983
934 983
935 983
936 983
937 983
938 983
939 983
940 983
941 983
942 983
943 983
944 983
945 983
946 983
947 983
948 983
949 983
950 983
951 983
952 983
953 983
954 983
955 983
956 983
957 983
958 983
959 983
960 983
961 983
962 983
963 983
964 983
965 983
966 983
967 983
968 983
969 983
970 983
971 983
972 983
973 983
974 983
975 983
976 983
977 983
978 983
979 983
980 983
981 983
982 983
146 984
909 984
910 984
911 984
912 984
913 984
914 984
915 984
916 984
917 984
918 984
919 984
920 984
921 984
922 984
923 984
924 984
925 984
926 984
927 984
928 984
929 984
930 984
931 984
932 984
933 984
934 984
935 984
936 984
937 984
938 984
939 984
940 984
941 984
942 984
943 984
944 984
945 984
946 984
947 984
948 984
949 984
950 984
951 984
952 984
953 984
954 984
955 984
956 984
957 984
958 984
959 984
960 984
961 984
962 984
963 984
964 984
965 984
966 984
967 984
968 984
969 984
970 984
971 984
972 984
973 984
974 984
975 984
976 984
977 984
978 984
979 984
980 984
981 984
982 984
983 984
146 985
909 985
910 985
911 985
912 985
913 985
914 985
915 985
916 985
917 985
918 985
919 985
920 985
921 985
922 985
923 985
924 985
925 985
926 985
927 985
928 985
929 985
930 985
931 985
932 985
933 985
934 985
935 985
936 985
937 985
938 985
939 985
940 985
941 985
942 985
943 985
944 985
945 985
946 985
947 985
948 985
949 985
950 985
951 985
952 985
953 985
954 985
955 985
956 985
957 985
958 985
959 985
960 985
961 985
962 985
963 985
964 985
965 985
966 985
967 985
968 985
969 985
970 985
971 985
972 985
973 985
974 985
975 985
976 985
977 985
978 985
979 985
980 985
981 985
982 985
983 985
984 985
405 986
405 987
986 987
304 988
304 989
988 989
304 990
988 990
989 990
304 991
988 991
989 991
990 991
304 992
988 992
989 992
990 992
991 992
304 993
988 993
989 993
990 993
991 993
992 993
304 994
988 994
989 994
990 994
991 994
992 994
993 994
304 995
988 995
989 995
990 995
991 995
992 995
993 995
994 995
304 996
988 996
989 996
990 996
991 996
992 996
993 996
994 996
995 996
304 997
988 997
989 997
990 997
991 997
992 997
993 997
994 997
995 997
996 997
304 998
988 998
989 998
990 998
991 998
992 998
993 998
994 998
995 998
996 998
997 998
304 999
988 999
989 999
990 999
991 999
992 999
993 999
994 999
995 999
996 999
997 999
998 999
362 1000
