10660
2 2  0 0  0 1
2 2  0 0  1 0
2 2  0 0  1 1
2 2  0 1  1 0
2 2  0 1  1 1
2 2  1 0  1 1
3 2  0 0  0 1
3 2  0 0  0 2
3 2  0 0  1 0
3 2  0 0  1 1
3 2  0 0  1 2
3 2  0 0  2 0
3 2  0 0  2 1
3 2  0 0  2 2
3 2  0 1  0 2
3 2  0 1  1 0
3 2  0 1  1 1
3 2  0 1  1 2
3 2  0 1  2 0
3 2  0 1  2 1
3 2  0 1  2 2
3 2  0 2  1 0
3 2  0 2  1 1
3 2  0 2  1 2
3 2  0 2  2 0
3 2  0 2  2 1
3 2  0 2  2 2
3 2  1 0  1 1
3 2  1 0  1 2
3 2  1 0  2 0
3 2  1 0  2 1
3 2  1 0  2 2
3 2  1 1  1 2
3 2  1 1  2 0
3 2  1 1  2 1
3 2  1 1  2 2
3 2  1 2  2 0
3 2  1 2  2 1
3 2  1 2  2 2
3 2  2 0  2 1
3 2  2 0  2 2
3 2  2 1  2 2
4 2  0 0  0 1
4 2  0 0  0 2
4 2  0 0  0 3
4 2  0 0  1 0
4 2  0 0  1 1
4 2  0 0  1 2
4 2  0 0  1 3
4 2  0 0  2 0
4 2  0 0  2 1
4 2  0 0  2 2
4 2  0 0  2 3
4 2  0 0  3 0
4 2  0 0  3 1
4 2  0 0  3 2
4 2  0 0  3 3
4 2  0 1  0 2
4 2  0 1  0 3
4 2  0 1  1 0
4 2  0 1  1 1
4 2  0 1  1 2
4 2  0 1  1 3
4 2  0 1  2 0
4 2  0 1  2 1
4 2  0 1  2 2
4 2  0 1  2 3
4 2  0 1  3 0
4 2  0 1  3 1
4 2  0 1  3 2
4 2  0 1  3 3
4 2  0 2  0 3
4 2  0 2  1 0
4 2  0 2  1 1
4 2  0 2  1 2
4 2  0 2  1 3
4 2  0 2  2 0
4 2  0 2  2 1
4 2  0 2  2 2
4 2  0 2  2 3
4 2  0 2  3 0
4 2  0 2  3 1
4 2  0 2  3 2
4 2  0 2  3 3
4 2  0 3  1 0
4 2  0 3  1 1
4 2  0 3  1 2
4 2  0 3  1 3
4 2  0 3  2 0
4 2  0 3  2 1
4 2  0 3  2 2
4 2  0 3  2 3
4 2  0 3  3 0
4 2  0 3  3 1
4 2  0 3  3 2
4 2  0 3  3 3
4 2  1 0  1 1
4 2  1 0  1 2
4 2  1 0  1 3
4 2  1 0  2 0
4 2  1 0  2 1
4 2  1 0  2 2
4 2  1 0  2 3
4 2  1 0  3 0
4 2  1 0  3 1
4 2  1 0  3 2
4 2  1 0  3 3
4 2  1 1  1 2
4 2  1 1  1 3
4 2  1 1  2 0
4 2  1 1  2 1
4 2  1 1  2 2
4 2  1 1  2 3
4 2  1 1  3 0
4 2  1 1  3 1
4 2  1 1  3 2
4 2  1 1  3 3
4 2  1 2  1 3
4 2  1 2  2 0
4 2  1 2  2 1
4 2  1 2  2 2
4 2  1 2  2 3
4 2  1 2  3 0
4 2  1 2  3 1
4 2  1 2  3 2
4 2  1 2  3 3
4 2  1 3  2 0
4 2  1 3  2 1
4 2  1 3  2 2
4 2  1 3  2 3
4 2  1 3  3 0
4 2  1 3  3 1
4 2  1 3  3 2
4 2  1 3  3 3
4 2  2 0  2 1
4 2  2 0  2 2
4 2  2 0  2 3
4 2  2 0  3 0
4 2  2 0  3 1
4 2  2 0  3 2
4 2  2 0  3 3
4 2  2 1  2 2
4 2  2 1  2 3
4 2  2 1  3 0
4 2  2 1  3 1
4 2  2 1  3 2
4 2  2 1  3 3
4 2  2 2  2 3
4 2  2 2  3 0
4 2  2 2  3 1
4 2  2 2  3 2
4 2  2 2  3 3
4 2  2 3  3 0
4 2  2 3  3 1
4 2  2 3  3 2
4 2  2 3  3 3
4 2  3 0  3 1
4 2  3 0  3 2
4 2  3 0  3 3
4 2  3 1  3 2
4 2  3 1  3 3
4 2  3 2  3 3
5 2  0 0  0 1
5 2  0 0  0 2
5 2  0 0  0 3
5 2  0 0  0 4
5 2  0 0  1 0
5 2  0 0  1 1
5 2  0 0  1 2
5 2  0 0  1 3
5 2  0 0  1 4
5 2  0 0  2 0
5 2  0 0  2 1
5 2  0 0  2 2
5 2  0 0  2 3
5 2  0 0  2 4
5 2  0 0  3 0
5 2  0 0  3 1
5 2  0 0  3 2
5 2  0 0  3 3
5 2  0 0  3 4
5 2  0 0  4 0
5 2  0 0  4 1
5 2  0 0  4 2
5 2  0 0  4 3
5 2  0 0  4 4
5 2  0 1  0 2
5 2  0 1  0 3
5 2  0 1  0 4
5 2  0 1  1 0
5 2  0 1  1 1
5 2  0 1  1 2
5 2  0 1  1 3
5 2  0 1  1 4
5 2  0 1  2 0
5 2  0 1  2 1
5 2  0 1  2 2
5 2  0 1  2 3
5 2  0 1  2 4
5 2  0 1  3 0
5 2  0 1  3 1
5 2  0 1  3 2
5 2  0 1  3 3
5 2  0 1  3 4
5 2  0 1  4 0
5 2  0 1  4 1
5 2  0 1  4 2
5 2  0 1  4 3
5 2  0 1  4 4
5 2  0 2  0 3
5 2  0 2  0 4
5 2  0 2  1 0
5 2  0 2  1 1
5 2  0 2  1 2
5 2  0 2  1 3
5 2  0 2  1 4
5 2  0 2  2 0
5 2  0 2  2 1
5 2  0 2  2 2
5 2  0 2  2 3
5 2  0 2  2 4
5 2  0 2  3 0
5 2  0 2  3 1
5 2  0 2  3 2
5 2  0 2  3 3
5 2  0 2  3 4
5 2  0 2  4 0
5 2  0 2  4 1
5 2  0 2  4 2
5 2  0 2  4 3
5 2  0 2  4 4
5 2  0 3  0 4
5 2  0 3  1 0
5 2  0 3  1 1
5 2  0 3  1 2
5 2  0 3  1 3
5 2  0 3  1 4
5 2  0 3  2 0
5 2  0 3  2 1
5 2  0 3  2 2
5 2  0 3  2 3
5 2  0 3  2 4
5 2  0 3  3 0
5 2  0 3  3 1
5 2  0 3  3 2
5 2  0 3  3 3
5 2  0 3  3 4
5 2  0 3  4 0
5 2  0 3  4 1
5 2  0 3  4 2
5 2  0 3  4 3
5 2  0 3  4 4
5 2  0 4  1 0
5 2  0 4  1 1
5 2  0 4  1 2
5 2  0 4  1 3
5 2  0 4  1 4
5 2  0 4  2 0
5 2  0 4  2 1
5 2  0 4  2 2
5 2  0 4  2 3
5 2  0 4  2 4
5 2  0 4  3 0
5 2  0 4  3 1
5 2  0 4  3 2
5 2  0 4  3 3
5 2  0 4  3 4
5 2  0 4  4 0
5 2  0 4  4 1
5 2  0 4  4 2
5 2  0 4  4 3
5 2  0 4  4 4
5 2  1 0  1 1
5 2  1 0  1 2
5 2  1 0  1 3
5 2  1 0  1 4
5 2  1 0  2 0
5 2  1 0  2 1
5 2  1 0  2 2
5 2  1 0  2 3
5 2  1 0  2 4
5 2  1 0  3 0
5 2  1 0  3 1
5 2  1 0  3 2
5 2  1 0  3 3
5 2  1 0  3 4
5 2  1 0  4 0
5 2  1 0  4 1
5 2  1 0  4 2
5 2  1 0  4 3
5 2  1 0  4 4
5 2  1 1  1 2
5 2  1 1  1 3
5 2  1 1  1 4
5 2  1 1  2 0
5 2  1 1  2 1
5 2  1 1  2 2
5 2  1 1  2 3
5 2  1 1  2 4
5 2  1 1  3 0
5 2  1 1  3 1
5 2  1 1  3 2
5 2  1 1  3 3
5 2  1 1  3 4
5 2  1 1  4 0
5 2  1 1  4 1
5 2  1 1  4 2
5 2  1 1  4 3
5 2  1 1  4 4
5 2  1 2  1 3
5 2  1 2  1 4
5 2  1 2  2 0
5 2  1 2  2 1
5 2  1 2  2 2
5 2  1 2  2 3
5 2  1 2  2 4
5 2  1 2  3 0
5 2  1 2  3 1
5 2  1 2  3 2
5 2  1 2  3 3
5 2  1 2  3 4
5 2  1 2  4 0
5 2  1 2  4 1
5 2  1 2  4 2
5 2  1 2  4 3
5 2  1 2  4 4
5 2  1 3  1 4
5 2  1 3  2 0
5 2  1 3  2 1
5 2  1 3  2 2
5 2  1 3  2 3
5 2  1 3  2 4
5 2  1 3  3 0
5 2  1 3  3 1
5 2  1 3  3 2
5 2  1 3  3 3
5 2  1 3  3 4
5 2  1 3  4 0
5 2  1 3  4 1
5 2  1 3  4 2
5 2  1 3  4 3
5 2  1 3  4 4
5 2  1 4  2 0
5 2  1 4  2 1
5 2  1 4  2 2
5 2  1 4  2 3
5 2  1 4  2 4
5 2  1 4  3 0
5 2  1 4  3 1
5 2  1 4  3 2
5 2  1 4  3 3
5 2  1 4  3 4
5 2  1 4  4 0
5 2  1 4  4 1
5 2  1 4  4 2
5 2  1 4  4 3
5 2  1 4  4 4
5 2  2 0  2 1
5 2  2 0  2 2
5 2  2 0  2 3
5 2  2 0  2 4
5 2  2 0  3 0
5 2  2 0  3 1
5 2  2 0  3 2
5 2  2 0  3 3
5 2  2 0  3 4
5 2  2 0  4 0
5 2  2 0  4 1
5 2  2 0  4 2
5 2  2 0  4 3
5 2  2 0  4 4
5 2  2 1  2 2
5 2  2 1  2 3
5 2  2 1  2 4
5 2  2 1  3 0
5 2  2 1  3 1
5 2  2 1  3 2
5 2  2 1  3 3
5 2  2 1  3 4
5 2  2 1  4 0
5 2  2 1  4 1
5 2  2 1  4 2
5 2  2 1  4 3
5 2  2 1  4 4
5 2  2 2  2 3
5 2  2 2  2 4
5 2  2 2  3 0
5 2  2 2  3 1
5 2  2 2  3 2
5 2  2 2  3 3
5 2  2 2  3 4
5 2  2 2  4 0
5 2  2 2  4 1
5 2  2 2  4 2
5 2  2 2  4 3
5 2  2 2  4 4
5 2  2 3  2 4
5 2  2 3  3 0
5 2  2 3  3 1
5 2  2 3  3 2
5 2  2 3  3 3
5 2  2 3  3 4
5 2  2 3  4 0
5 2  2 3  4 1
5 2  2 3  4 2
5 2  2 3  4 3
5 2  2 3  4 4
5 2  2 4  3 0
5 2  2 4  3 1
5 2  2 4  3 2
5 2  2 4  3 3
5 2  2 4  3 4
5 2  2 4  4 0
5 2  2 4  4 1
5 2  2 4  4 2
5 2  2 4  4 3
5 2  2 4  4 4
5 2  3 0  3 1
5 2  3 0  3 2
5 2  3 0  3 3
5 2  3 0  3 4
5 2  3 0  4 0
5 2  3 0  4 1
5 2  3 0  4 2
5 2  3 0  4 3
5 2  3 0  4 4
5 2  3 1  3 2
5 2  3 1  3 3
5 2  3 1  3 4
5 2  3 1  4 0
5 2  3 1  4 1
5 2  3 1  4 2
5 2  3 1  4 3
5 2  3 1  4 4
5 2  3 2  3 3
5 2  3 2  3 4
5 2  3 2  4 0
5 2  3 2  4 1
5 2  3 2  4 2
5 2  3 2  4 3
5 2  3 2  4 4
5 2  3 3  3 4
5 2  3 3  4 0
5 2  3 3  4 1
5 2  3 3  4 2
5 2  3 3  4 3
5 2  3 3  4 4
5 2  3 4  4 0
5 2  3 4  4 1
5 2  3 4  4 2
5 2  3 4  4 3
5 2  3 4  4 4
5 2  4 0  4 1
5 2  4 0  4 2
5 2  4 0  4 3
5 2  4 0  4 4
5 2  4 1  4 2
5 2  4 1  4 3
5 2  4 1  4 4
5 2  4 2  4 3
5 2  4 2  4 4
5 2  4 3  4 4
6 2  0 0  0 1
6 2  0 0  0 2
6 2  0 0  0 3
6 2  0 0  0 4
6 2  0 0  0 5
6 2  0 0  1 0
6 2  0 0  1 1
6 2  0 0  1 2
6 2  0 0  1 3
6 2  0 0  1 4
6 2  0 0  1 5
6 2  0 0  2 0
6 2  0 0  2 1
6 2  0 0  2 2
6 2  0 0  2 3
6 2  0 0  2 4
6 2  0 0  2 5
6 2  0 0  3 0
6 2  0 0  3 1
6 2  0 0  3 2
6 2  0 0  3 3
6 2  0 0  3 4
6 2  0 0  3 5
6 2  0 0  4 0
6 2  0 0  4 1
6 2  0 0  4 2
6 2  0 0  4 3
6 2  0 0  4 4
6 2  0 0  4 5
6 2  0 0  5 0
6 2  0 0  5 1
6 2  0 0  5 2
6 2  0 0  5 3
6 2  0 0  5 4
6 2  0 0  5 5
6 2  0 1  0 2
6 2  0 1  0 3
6 2  0 1  0 4
6 2  0 1  0 5
6 2  0 1  1 0
6 2  0 1  1 1
6 2  0 1  1 2
6 2  0 1  1 3
6 2  0 1  1 4
6 2  0 1  1 5
6 2  0 1  2 0
6 2  0 1  2 1
6 2  0 1  2 2
6 2  0 1  2 3
6 2  0 1  2 4
6 2  0 1  2 5
6 2  0 1  3 0
6 2  0 1  3 1
6 2  0 1  3 2
6 2  0 1  3 3
6 2  0 1  3 4
6 2  0 1  3 5
6 2  0 1  4 0
6 2  0 1  4 1
6 2  0 1  4 2
6 2  0 1  4 3
6 2  0 1  4 4
6 2  0 1  4 5
6 2  0 1  5 0
6 2  0 1  5 1
6 2  0 1  5 2
6 2  0 1  5 3
6 2  0 1  5 4
6 2  0 1  5 5
6 2  0 2  0 3
6 2  0 2  0 4
6 2  0 2  0 5
6 2  0 2  1 0
6 2  0 2  1 1
6 2  0 2  1 2
6 2  0 2  1 3
6 2  0 2  1 4
6 2  0 2  1 5
6 2  0 2  2 0
6 2  0 2  2 1
6 2  0 2  2 2
6 2  0 2  2 3
6 2  0 2  2 4
6 2  0 2  2 5
6 2  0 2  3 0
6 2  0 2  3 1
6 2  0 2  3 2
6 2  0 2  3 3
6 2  0 2  3 4
6 2  0 2  3 5
6 2  0 2  4 0
6 2  0 2  4 1
6 2  0 2  4 2
6 2  0 2  4 3
6 2  0 2  4 4
6 2  0 2  4 5
6 2  0 2  5 0
6 2  0 2  5 1
6 2  0 2  5 2
6 2  0 2  5 3
6 2  0 2  5 4
6 2  0 2  5 5
6 2  0 3  0 4
6 2  0 3  0 5
6 2  0 3  1 0
6 2  0 3  1 1
6 2  0 3  1 2
6 2  0 3  1 3
6 2  0 3  1 4
6 2  0 3  1 5
6 2  0 3  2 0
6 2  0 3  2 1
6 2  0 3  2 2
6 2  0 3  2 3
6 2  0 3  2 4
6 2  0 3  2 5
6 2  0 3  3 0
6 2  0 3  3 1
6 2  0 3  3 2
6 2  0 3  3 3
6 2  0 3  3 4
6 2  0 3  3 5
6 2  0 3  4 0
6 2  0 3  4 1
6 2  0 3  4 2
6 2  0 3  4 3
6 2  0 3  4 4
6 2  0 3  4 5
6 2  0 3  5 0
6 2  0 3  5 1
6 2  0 3  5 2
6 2  0 3  5 3
6 2  0 3  5 4
6 2  0 3  5 5
6 2  0 4  0 5
6 2  0 4  1 0
6 2  0 4  1 1
6 2  0 4  1 2
6 2  0 4  1 3
6 2  0 4  1 4
6 2  0 4  1 5
6 2  0 4  2 0
6 2  0 4  2 1
6 2  0 4  2 2
6 2  0 4  2 3
6 2  0 4  2 4
6 2  0 4  2 5
6 2  0 4  3 0
6 2  0 4  3 1
6 2  0 4  3 2
6 2  0 4  3 3
6 2  0 4  3 4
6 2  0 4  3 5
6 2  0 4  4 0
6 2  0 4  4 1
6 2  0 4  4 2
6 2  0 4  4 3
6 2  0 4  4 4
6 2  0 4  4 5
6 2  0 4  5 0
6 2  0 4  5 1
6 2  0 4  5 2
6 2  0 4  5 3
6 2  0 4  5 4
6 2  0 4  5 5
6 2  0 5  1 0
6 2  0 5  1 1
6 2  0 5  1 2
6 2  0 5  1 3
6 2  0 5  1 4
6 2  0 5  1 5
6 2  0 5  2 0
6 2  0 5  2 1
6 2  0 5  2 2
6 2  0 5  2 3
6 2  0 5  2 4
6 2  0 5  2 5
6 2  0 5  3 0
6 2  0 5  3 1
6 2  0 5  3 2
6 2  0 5  3 3
6 2  0 5  3 4
6 2  0 5  3 5
6 2  0 5  4 0
6 2  0 5  4 1
6 2  0 5  4 2
6 2  0 5  4 3
6 2  0 5  4 4
6 2  0 5  4 5
6 2  0 5  5 0
6 2  0 5  5 1
6 2  0 5  5 2
6 2  0 5  5 3
6 2  0 5  5 4
6 2  0 5  5 5
6 2  1 0  1 1
6 2  1 0  1 2
6 2  1 0  1 3
6 2  1 0  1 4
6 2  1 0  1 5
6 2  1 0  2 0
6 2  1 0  2 1
6 2  1 0  2 2
6 2  1 0  2 3
6 2  1 0  2 4
6 2  1 0  2 5
6 2  1 0  3 0
6 2  1 0  3 1
6 2  1 0  3 2
6 2  1 0  3 3
6 2  1 0  3 4
6 2  1 0  3 5
6 2  1 0  4 0
6 2  1 0  4 1
6 2  1 0  4 2
6 2  1 0  4 3
6 2  1 0  4 4
6 2  1 0  4 5
6 2  1 0  5 0
6 2  1 0  5 1
6 2  1 0  5 2
6 2  1 0  5 3
6 2  1 0  5 4
6 2  1 0  5 5
6 2  1 1  1 2
6 2  1 1  1 3
6 2  1 1  1 4
6 2  1 1  1 5
6 2  1 1  2 0
6 2  1 1  2 1
6 2  1 1  2 2
6 2  1 1  2 3
6 2  1 1  2 4
6 2  1 1  2 5
6 2  1 1  3 0
6 2  1 1  3 1
6 2  1 1  3 2
6 2  1 1  3 3
6 2  1 1  3 4
6 2  1 1  3 5
6 2  1 1  4 0
6 2  1 1  4 1
6 2  1 1  4 2
6 2  1 1  4 3
6 2  1 1  4 4
6 2  1 1  4 5
6 2  1 1  5 0
6 2  1 1  5 1
6 2  1 1  5 2
6 2  1 1  5 3
6 2  1 1  5 4
6 2  1 1  5 5
6 2  1 2  1 3
6 2  1 2  1 4
6 2  1 2  1 5
6 2  1 2  2 0
6 2  1 2  2 1
6 2  1 2  2 2
6 2  1 2  2 3
6 2  1 2  2 4
6 2  1 2  2 5
6 2  1 2  3 0
6 2  1 2  3 1
6 2  1 2  3 2
6 2  1 2  3 3
6 2  1 2  3 4
6 2  1 2  3 5
6 2  1 2  4 0
6 2  1 2  4 1
6 2  1 2  4 2
6 2  1 2  4 3
6 2  1 2  4 4
6 2  1 2  4 5
6 2  1 2  5 0
6 2  1 2  5 1
6 2  1 2  5 2
6 2  1 2  5 3
6 2  1 2  5 4
6 2  1 2  5 5
6 2  1 3  1 4
6 2  1 3  1 5
6 2  1 3  2 0
6 2  1 3  2 1
6 2  1 3  2 2
6 2  1 3  2 3
6 2  1 3  2 4
6 2  1 3  2 5
6 2  1 3  3 0
6 2  1 3  3 1
6 2  1 3  3 2
6 2  1 3  3 3
6 2  1 3  3 4
6 2  1 3  3 5
6 2  1 3  4 0
6 2  1 3  4 1
6 2  1 3  4 2
6 2  1 3  4 3
6 2  1 3  4 4
6 2  1 3  4 5
6 2  1 3  5 0
6 2  1 3  5 1
6 2  1 3  5 2
6 2  1 3  5 3
6 2  1 3  5 4
6 2  1 3  5 5
6 2  1 4  1 5
6 2  1 4  2 0
6 2  1 4  2 1
6 2  1 4  2 2
6 2  1 4  2 3
6 2  1 4  2 4
6 2  1 4  2 5
6 2  1 4  3 0
6 2  1 4  3 1
6 2  1 4  3 2
6 2  1 4  3 3
6 2  1 4  3 4
6 2  1 4  3 5
6 2  1 4  4 0
6 2  1 4  4 1
6 2  1 4  4 2
6 2  1 4  4 3
6 2  1 4  4 4
6 2  1 4  4 5
6 2  1 4  5 0
6 2  1 4  5 1
6 2  1 4  5 2
6 2  1 4  5 3
6 2  1 4  5 4
6 2  1 4  5 5
6 2  1 5  2 0
6 2  1 5  2 1
6 2  1 5  2 2
6 2  1 5  2 3
6 2  1 5  2 4
6 2  1 5  2 5
6 2  1 5  3 0
6 2  1 5  3 1
6 2  1 5  3 2
6 2  1 5  3 3
6 2  1 5  3 4
6 2  1 5  3 5
6 2  1 5  4 0
6 2  1 5  4 1
6 2  1 5  4 2
6 2  1 5  4 3
6 2  1 5  4 4
6 2  1 5  4 5
6 2  1 5  5 0
6 2  1 5  5 1
6 2  1 5  5 2
6 2  1 5  5 3
6 2  1 5  5 4
6 2  1 5  5 5
6 2  2 0  2 1
6 2  2 0  2 2
6 2  2 0  2 3
6 2  2 0  2 4
6 2  2 0  2 5
6 2  2 0  3 0
6 2  2 0  3 1
6 2  2 0  3 2
6 2  2 0  3 3
6 2  2 0  3 4
6 2  2 0  3 5
6 2  2 0  4 0
6 2  2 0  4 1
6 2  2 0  4 2
6 2  2 0  4 3
6 2  2 0  4 4
6 2  2 0  4 5
6 2  2 0  5 0
6 2  2 0  5 1
6 2  2 0  5 2
6 2  2 0  5 3
6 2  2 0  5 4
6 2  2 0  5 5
6 2  2 1  2 2
6 2  2 1  2 3
6 2  2 1  2 4
6 2  2 1  2 5
6 2  2 1  3 0
6 2  2 1  3 1
6 2  2 1  3 2
6 2  2 1  3 3
6 2  2 1  3 4
6 2  2 1  3 5
6 2  2 1  4 0
6 2  2 1  4 1
6 2  2 1  4 2
6 2  2 1  4 3
6 2  2 1  4 4
6 2  2 1  4 5
6 2  2 1  5 0
6 2  2 1  5 1
6 2  2 1  5 2
6 2  2 1  5 3
6 2  2 1  5 4
6 2  2 1  5 5
6 2  2 2  2 3
6 2  2 2  2 4
6 2  2 2  2 5
6 2  2 2  3 0
6 2  2 2  3 1
6 2  2 2  3 2
6 2  2 2  3 3
6 2  2 2  3 4
6 2  2 2  3 5
6 2  2 2  4 0
6 2  2 2  4 1
6 2  2 2  4 2
6 2  2 2  4 3
6 2  2 2  4 4
6 2  2 2  4 5
6 2  2 2  5 0
6 2  2 2  5 1
6 2  2 2  5 2
6 2  2 2  5 3
6 2  2 2  5 4
6 2  2 2  5 5
6 2  2 3  2 4
6 2  2 3  2 5
6 2  2 3  3 0
6 2  2 3  3 1
6 2  2 3  3 2
6 2  2 3  3 3
6 2  2 3  3 4
6 2  2 3  3 5
6 2  2 3  4 0
6 2  2 3  4 1
6 2  2 3  4 2
6 2  2 3  4 3
6 2  2 3  4 4
6 2  2 3  4 5
6 2  2 3  5 0
6 2  2 3  5 1
6 2  2 3  5 2
6 2  2 3  5 3
6 2  2 3  5 4
6 2  2 3  5 5
6 2  2 4  2 5
6 2  2 4  3 0
6 2  2 4  3 1
6 2  2 4  3 2
6 2  2 4  3 3
6 2  2 4  3 4
6 2  2 4  3 5
6 2  2 4  4 0
6 2  2 4  4 1
6 2  2 4  4 2
6 2  2 4  4 3
6 2  2 4  4 4
6 2  2 4  4 5
6 2  2 4  5 0
6 2  2 4  5 1
6 2  2 4  5 2
6 2  2 4  5 3
6 2  2 4  5 4
6 2  2 4  5 5
6 2  2 5  3 0
6 2  2 5  3 1
6 2  2 5  3 2
6 2  2 5  3 3
6 2  2 5  3 4
6 2  2 5  3 5
6 2  2 5  4 0
6 2  2 5  4 1
6 2  2 5  4 2
6 2  2 5  4 3
6 2  2 5  4 4
6 2  2 5  4 5
6 2  2 5  5 0
6 2  2 5  5 1
6 2  2 5  5 2
6 2  2 5  5 3
6 2  2 5  5 4
6 2  2 5  5 5
6 2  3 0  3 1
6 2  3 0  3 2
6 2  3 0  3 3
6 2  3 0  3 4
6 2  3 0  3 5
6 2  3 0  4 0
6 2  3 0  4 1
6 2  3 0  4 2
6 2  3 0  4 3
6 2  3 0  4 4
6 2  3 0  4 5
6 2  3 0  5 0
6 2  3 0  5 1
6 2  3 0  5 2
6 2  3 0  5 3
6 2  3 0  5 4
6 2  3 0  5 5
6 2  3 1  3 2
6 2  3 1  3 3
6 2  3 1  3 4
6 2  3 1  3 5
6 2  3 1  4 0
6 2  3 1  4 1
6 2  3 1  4 2
6 2  3 1  4 3
6 2  3 1  4 4
6 2  3 1  4 5
6 2  3 1  5 0
6 2  3 1  5 1
6 2  3 1  5 2
6 2  3 1  5 3
6 2  3 1  5 4
6 2  3 1  5 5
6 2  3 2  3 3
6 2  3 2  3 4
6 2  3 2  3 5
6 2  3 2  4 0
6 2  3 2  4 1
6 2  3 2  4 2
6 2  3 2  4 3
6 2  3 2  4 4
6 2  3 2  4 5
6 2  3 2  5 0
6 2  3 2  5 1
6 2  3 2  5 2
6 2  3 2  5 3
6 2  3 2  5 4
6 2  3 2  5 5
6 2  3 3  3 4
6 2  3 3  3 5
6 2  3 3  4 0
6 2  3 3  4 1
6 2  3 3  4 2
6 2  3 3  4 3
6 2  3 3  4 4
6 2  3 3  4 5
6 2  3 3  5 0
6 2  3 3  5 1
6 2  3 3  5 2
6 2  3 3  5 3
6 2  3 3  5 4
6 2  3 3  5 5
6 2  3 4  3 5
6 2  3 4  4 0
6 2  3 4  4 1
6 2  3 4  4 2
6 2  3 4  4 3
6 2  3 4  4 4
6 2  3 4  4 5
6 2  3 4  5 0
6 2  3 4  5 1
6 2  3 4  5 2
6 2  3 4  5 3
6 2  3 4  5 4
6 2  3 4  5 5
6 2  3 5  4 0
6 2  3 5  4 1
6 2  3 5  4 2
6 2  3 5  4 3
6 2  3 5  4 4
6 2  3 5  4 5
6 2  3 5  5 0
6 2  3 5  5 1
6 2  3 5  5 2
6 2  3 5  5 3
6 2  3 5  5 4
6 2  3 5  5 5
6 2  4 0  4 1
6 2  4 0  4 2
6 2  4 0  4 3
6 2  4 0  4 4
6 2  4 0  4 5
6 2  4 0  5 0
6 2  4 0  5 1
6 2  4 0  5 2
6 2  4 0  5 3
6 2  4 0  5 4
6 2  4 0  5 5
6 2  4 1  4 2
6 2  4 1  4 3
6 2  4 1  4 4
6 2  4 1  4 5
6 2  4 1  5 0
6 2  4 1  5 1
6 2  4 1  5 2
6 2  4 1  5 3
6 2  4 1  5 4
6 2  4 1  5 5
6 2  4 2  4 3
6 2  4 2  4 4
6 2  4 2  4 5
6 2  4 2  5 0
6 2  4 2  5 1
6 2  4 2  5 2
6 2  4 2  5 3
6 2  4 2  5 4
6 2  4 2  5 5
6 2  4 3  4 4
6 2  4 3  4 5
6 2  4 3  5 0
6 2  4 3  5 1
6 2  4 3  5 2
6 2  4 3  5 3
6 2  4 3  5 4
6 2  4 3  5 5
6 2  4 4  4 5
6 2  4 4  5 0
6 2  4 4  5 1
6 2  4 4  5 2
6 2  4 4  5 3
6 2  4 4  5 4
6 2  4 4  5 5
6 2  4 5  5 0
6 2  4 5  5 1
6 2  4 5  5 2
6 2  4 5  5 3
6 2  4 5  5 4
6 2  4 5  5 5
6 2  5 0  5 1
6 2  5 0  5 2
6 2  5 0  5 3
6 2  5 0  5 4
6 2  5 0  5 5
6 2  5 1  5 2
6 2  5 1  5 3
6 2  5 1  5 4
6 2  5 1  5 5
6 2  5 2  5 3
6 2  5 2  5 4
6 2  5 2  5 5
6 2  5 3  5 4
6 2  5 3  5 5
6 2  5 4  5 5
1000000 2  0 999999  999999 999999
1000000 2  0 999998  999999 999998
1000000 2  0 999997  999999 999997
1000000 2  0 0  0 999999
1000000 2  1 0  1 999999
1000000 2  2 0  2 999999
1000000 2  999999 0  0 0
1000000 2  999999 1  0 1
1000000 2  999999 2  0 2
1000000 2  999999 999999  999999 0
1000000 2  999998 999999  999998 0
1000000 2  999997 999999  999997 0
1000000 2  250000 999999  666666 999999
1000000 2  250001 999999  666667 999999
1000000 2  249999 999999  666665 999999
1000000 2  250000 999998  666666 999998
1000000 2  250002 999999  666668 999999
1000000 2  249998 999999  666664 999999
1000000 2  250000 999997  666666 999997
1000000 2  250001 999998  666667 999998
1000000 2  249999 999998  666665 999998
1000000 2  0 250000  0 666666
1000000 2  1 250000  1 666666
1000000 2  0 250001  0 666667
1000000 2  0 249999  0 666665
1000000 2  2 250000  2 666666
1000000 2  0 250002  0 666668
1000000 2  0 249998  0 666664
1000000 2  1 250001  1 666667
1000000 2  1 249999  1 666665
1000000 2  749999 0  333333 0
1000000 2  750000 0  333334 0
1000000 2  749998 0  333332 0
1000000 2  749999 1  333333 1
1000000 2  750001 0  333335 0
1000000 2  749997 0  333331 0
1000000 2  749999 2  333333 2
1000000 2  750000 1  333334 1
1000000 2  749998 1  333332 1
1000000 2  999999 749999  999999 333333
1000000 2  999998 749999  999998 333333
1000000 2  999999 750000  999999 333334
1000000 2  999999 749998  999999 333332
1000000 2  999997 749999  999997 333333
1000000 2  999999 750001  999999 333335
1000000 2  999999 749997  999999 333331
1000000 2  999998 750000  999998 333334
1000000 2  999998 749998  999998 333332
1000000 2  749999 999999  333333 999999
1000000 2  750000 999999  333334 999999
1000000 2  749998 999999  333332 999999
1000000 2  749999 999998  333333 999998
1000000 2  750001 999999  333335 999999
1000000 2  749997 999999  333331 999999
1000000 2  749999 999997  333333 999997
1000000 2  750000 999998  333334 999998
1000000 2  749998 999998  333332 999998
1000000 2  250000 0  666666 0
1000000 2  250001 0  666667 0
1000000 2  249999 0  666665 0
1000000 2  250000 1  666666 1
1000000 2  250002 0  666668 0
1000000 2  249998 0  666664 0
1000000 2  250000 2  666666 2
1000000 2  250001 1  666667 1
1000000 2  249999 1  666665 1
1000000 2  999999 250000  999999 666666
1000000 2  999998 250000  999998 666666
1000000 2  999999 250001  999999 666667
1000000 2  999999 249999  999999 666665
1000000 2  999997 250000  999997 666666
1000000 2  999999 250002  999999 666668
1000000 2  999999 249998  999999 666664
1000000 2  999998 250001  999998 666667
1000000 2  999998 249999  999998 666665
1000000 2  0 749999  0 333333
1000000 2  1 749999  1 333333
1000000 2  0 750000  0 333334
1000000 2  0 749998  0 333332
1000000 2  2 749999  2 333333
1000000 2  0 750001  0 333335
1000000 2  0 749997  0 333331
1000000 2  1 750000  1 333334
1000000 2  1 749998  1 333332
1000000 2  333333 999999  666666 999999
1000000 2  333334 999999  666667 999999
1000000 2  333332 999999  666665 999999
1000000 2  333333 999998  666666 999998
1000000 2  333335 999999  666668 999999
1000000 2  333331 999999  666664 999999
1000000 2  333333 999997  666666 999997
1000000 2  333334 999998  666667 999998
1000000 2  333332 999998  666665 999998
1000000 2  0 333333  0 666666
1000000 2  1 333333  1 666666
1000000 2  0 333334  0 666667
1000000 2  0 333332  0 666665
1000000 2  2 333333  2 666666
1000000 2  0 333335  0 666668
1000000 2  0 333331  0 666664
1000000 2  1 333334  1 666667
1000000 2  1 333332  1 666665
1000000 2  666666 0  333333 0
1000000 2  666667 0  333334 0
1000000 2  666665 0  333332 0
1000000 2  666666 1  333333 1
1000000 2  666668 0  333335 0
1000000 2  666664 0  333331 0
1000000 2  666666 2  333333 2
1000000 2  666667 1  333334 1
1000000 2  666665 1  333332 1
1000000 2  999999 666666  999999 333333
1000000 2  999998 666666  999998 333333
1000000 2  999999 666667  999999 333334
1000000 2  999999 666665  999999 333332
1000000 2  999997 666666  999997 333333
1000000 2  999999 666668  999999 333335
1000000 2  999999 666664  999999 333331
1000000 2  999998 666667  999998 333334
1000000 2  999998 666665  999998 333332
1000000 2  200000 999999  800000 999999
1000000 2  200001 999999  800001 999999
1000000 2  199999 999999  799999 999999
1000000 2  200000 999998  800000 999998
1000000 2  200002 999999  800002 999999
1000000 2  199998 999999  799998 999999
1000000 2  200000 999997  800000 999997
1000000 2  200001 999998  800001 999998
1000000 2  199999 999998  799999 999998
1000000 2  0 200000  0 800000
1000000 2  1 200000  1 800000
1000000 2  0 200001  0 800001
1000000 2  0 199999  0 799999
1000000 2  2 200000  2 800000
1000000 2  0 200002  0 800002
1000000 2  0 199998  0 799998
1000000 2  1 200001  1 800001
1000000 2  1 199999  1 799999
1000000 2  799999 0  199999 0
1000000 2  800000 0  200000 0
1000000 2  799998 0  199998 0
1000000 2  799999 1  199999 1
1000000 2  800001 0  200001 0
1000000 2  799997 0  199997 0
1000000 2  799999 2  199999 2
1000000 2  800000 1  200000 1
1000000 2  799998 1  199998 1
1000000 2  999999 799999  999999 199999
1000000 2  999998 799999  999998 199999
1000000 2  999999 800000  999999 200000
1000000 2  999999 799998  999999 199998
1000000 2  999997 799999  999997 199999
1000000 2  999999 800001  999999 200001
1000000 2  999999 799997  999999 199997
1000000 2  999998 800000  999998 200000
1000000 2  999998 799998  999998 199998
1000000 2  799997 999999  199997 999999
1000000 2  799999 999997  199999 999997
1000000 2  799998 999998  199998 999998
1000000 2  200002 0  800002 0
1000000 2  200000 2  800000 2
1000000 2  200001 1  800001 1
1000000 2  999997 200000  999997 800000
1000000 2  999999 200002  999999 800002
1000000 2  999998 200001  999998 800001
1000000 2  2 799999  2 199999
1000000 2  0 799997  0 199997
1000000 2  1 799998  1 199998
1000000 2  400000 999999  600000 999999
1000000 2  400001 999999  600001 999999
1000000 2  399999 999999  599999 999999
1000000 2  400000 999998  600000 999998
1000000 2  400002 999999  600002 999999
1000000 2  399998 999999  599998 999999
1000000 2  400000 999997  600000 999997
1000000 2  400001 999998  600001 999998
1000000 2  399999 999998  599999 999998
1000000 2  0 400000  0 600000
1000000 2  1 400000  1 600000
1000000 2  0 400001  0 600001
1000000 2  0 399999  0 599999
1000000 2  2 400000  2 600000
1000000 2  0 400002  0 600002
1000000 2  0 399998  0 599998
1000000 2  1 400001  1 600001
1000000 2  1 399999  1 599999
1000000 2  599999 0  399999 0
1000000 2  600000 0  400000 0
1000000 2  599998 0  399998 0
1000000 2  599999 1  399999 1
1000000 2  600001 0  400001 0
1000000 2  599997 0  399997 0
1000000 2  599999 2  399999 2
1000000 2  600000 1  400000 1
1000000 2  599998 1  399998 1
1000000 2  999999 599999  999999 399999
1000000 2  999998 599999  999998 399999
1000000 2  999999 600000  999999 400000
1000000 2  999999 599998  999999 399998
1000000 2  999997 599999  999997 399999
1000000 2  999999 600001  999999 400001
1000000 2  999999 599997  999999 399997
1000000 2  999998 600000  999998 400000
1000000 2  999998 599998  999998 399998
1000000 2  599997 999999  399997 999999
1000000 2  599999 999997  399999 999997
1000000 2  599998 999998  399998 999998
1000000 2  400002 0  600002 0
1000000 2  400000 2  600000 2
1000000 2  400001 1  600001 1
1000000 2  999997 400000  999997 600000
1000000 2  999999 400002  999999 600002
1000000 2  999998 400001  999998 600001
1000000 2  2 599999  2 399999
1000000 2  0 599997  0 399997
1000000 2  1 599998  1 399998
1000000 2  0 999999  500000 999999
1000000 2  1 999999  500001 999999
1000000 2  0 999998  500000 999998
1000000 2  2 999999  500002 999999
1000000 2  0 999997  500000 999997
1000000 2  1 999998  500001 999998
1000000 2  0 0  0 500000
1000000 2  1 0  1 500000
1000000 2  0 1  0 500001
1000000 2  2 0  2 500000
1000000 2  0 2  0 500002
1000000 2  1 1  1 500001
1000000 2  999999 0  499999 0
1000000 2  999998 0  499998 0
1000000 2  999999 1  499999 1
1000000 2  999997 0  499997 0
1000000 2  999999 2  499999 2
1000000 2  999998 1  499998 1
1000000 2  999999 999999  999999 499999
1000000 2  999998 999999  999998 499999
1000000 2  999999 999998  999999 499998
1000000 2  999997 999999  999997 499999
1000000 2  999999 999997  999999 499997
1000000 2  999998 999998  999998 499998
1000000 2  999999 999999  499999 999999
1000000 2  999998 999999  499998 999999
1000000 2  999999 999998  499999 999998
1000000 2  999997 999999  499997 999999
1000000 2  999999 999997  499999 999997
1000000 2  999998 999998  499998 999998
1000000 2  0 0  500000 0
1000000 2  1 0  500001 0
1000000 2  0 1  500000 1
1000000 2  2 0  500002 0
1000000 2  0 2  500000 2
1000000 2  1 1  500001 1
1000000 2  999999 0  999999 500000
1000000 2  999998 0  999998 500000
1000000 2  999999 1  999999 500001
1000000 2  999997 0  999997 500000
1000000 2  999999 2  999999 500002
1000000 2  999998 1  999998 500001
1000000 2  0 999999  0 499999
1000000 2  1 999999  1 499999
1000000 2  0 999998  0 499998
1000000 2  2 999999  2 499999
1000000 2  0 999997  0 499997
1000000 2  1 999998  1 499998
1000000 2  1 999999  999998 999999
1000000 2  2 999999  999999 999999
1000000 2  0 999999  999997 999999
1000000 2  1 999998  999998 999998
1000000 2  1 999997  999998 999997
1000000 2  2 999998  999999 999998
1000000 2  0 999998  999997 999998
1000000 2  0 1  0 999998
1000000 2  1 1  1 999998
1000000 2  0 2  0 999999
1000000 2  0 0  0 999997
1000000 2  2 1  2 999998
1000000 2  1 2  1 999999
1000000 2  1 0  1 999997
1000000 2  999998 0  1 0
1000000 2  999999 0  2 0
1000000 2  999997 0  0 0
1000000 2  999998 1  1 1
1000000 2  999998 2  1 2
1000000 2  999999 1  2 1
1000000 2  999997 1  0 1
1000000 2  999999 999998  999999 1
1000000 2  999998 999998  999998 1
1000000 2  999999 999999  999999 2
1000000 2  999999 999997  999999 0
1000000 2  999997 999998  999997 1
1000000 2  999998 999999  999998 2
1000000 2  999998 999997  999998 0
1000000 2  250000 999999  999999 999999
1000000 2  249999 999999  999998 999999
1000000 2  250000 999998  999999 999998
1000000 2  249998 999999  999997 999999
1000000 2  250000 999997  999999 999997
1000000 2  249999 999998  999998 999998
1000000 2  0 250000  0 999999
1000000 2  1 250000  1 999999
1000000 2  0 249999  0 999998
1000000 2  2 250000  2 999999
1000000 2  0 249998  0 999997
1000000 2  1 249999  1 999998
1000000 2  749999 0  0 0
1000000 2  750000 0  1 0
1000000 2  749999 1  0 1
1000000 2  750001 0  2 0
1000000 2  749999 2  0 2
1000000 2  750000 1  1 1
1000000 2  999999 749999  999999 0
1000000 2  999998 749999  999998 0
1000000 2  999999 750000  999999 1
1000000 2  999997 749999  999997 0
1000000 2  999999 750001  999999 2
1000000 2  999998 750000  999998 1
1000000 2  749999 999999  0 999999
1000000 2  750000 999999  1 999999
1000000 2  749999 999998  0 999998
1000000 2  750001 999999  2 999999
1000000 2  749999 999997  0 999997
1000000 2  750000 999998  1 999998
1000000 2  250000 0  999999 0
1000000 2  249999 0  999998 0
1000000 2  250000 1  999999 1
1000000 2  249998 0  999997 0
1000000 2  250000 2  999999 2
1000000 2  249999 1  999998 1
1000000 2  999999 250000  999999 999999
1000000 2  999998 250000  999998 999999
1000000 2  999999 249999  999999 999998
1000000 2  999997 250000  999997 999999
1000000 2  999999 249998  999999 999997
1000000 2  999998 249999  999998 999998
1000000 2  0 749999  0 0
1000000 2  1 749999  1 0
1000000 2  0 750000  0 1
1000000 2  2 749999  2 0
1000000 2  0 750001  0 2
1000000 2  1 750000  1 1
1000000 2  125000 999999  874999 999999
1000000 2  125001 999999  875000 999999
1000000 2  124999 999999  874998 999999
1000000 2  125000 999998  874999 999998
1000000 2  125002 999999  875001 999999
1000000 2  124998 999999  874997 999999
1000000 2  125000 999997  874999 999997
1000000 2  125001 999998  875000 999998
1000000 2  124999 999998  874998 999998
1000000 2  0 125000  0 874999
1000000 2  1 125000  1 874999
1000000 2  0 125001  0 875000
1000000 2  0 124999  0 874998
1000000 2  2 125000  2 874999
1000000 2  0 125002  0 875001
1000000 2  0 124998  0 874997
1000000 2  1 125001  1 875000
1000000 2  1 124999  1 874998
1000000 2  874999 0  125000 0
1000000 2  875000 0  125001 0
1000000 2  874998 0  124999 0
1000000 2  874999 1  125000 1
1000000 2  875001 0  125002 0
1000000 2  874997 0  124998 0
1000000 2  874999 2  125000 2
1000000 2  875000 1  125001 1
1000000 2  874998 1  124999 1
1000000 2  999999 874999  999999 125000
1000000 2  999998 874999  999998 125000
1000000 2  999999 875000  999999 125001
1000000 2  999999 874998  999999 124999
1000000 2  999997 874999  999997 125000
1000000 2  999999 875001  999999 125002
1000000 2  999999 874997  999999 124998
1000000 2  999998 875000  999998 125001
1000000 2  999998 874998  999998 124999
1000000 2  333333 999999  999999 999999
1000000 2  333332 999999  999998 999999
1000000 2  333333 999998  999999 999998
1000000 2  333331 999999  999997 999999
1000000 2  333333 999997  999999 999997
1000000 2  333332 999998  999998 999998
1000000 2  0 333333  0 999999
1000000 2  1 333333  1 999999
1000000 2  0 333332  0 999998
1000000 2  2 333333  2 999999
1000000 2  0 333331  0 999997
1000000 2  1 333332  1 999998
1000000 2  666666 0  0 0
1000000 2  666667 0  1 0
1000000 2  666666 1  0 1
1000000 2  666668 0  2 0
1000000 2  666666 2  0 2
1000000 2  666667 1  1 1
1000000 2  999999 666666  999999 0
1000000 2  999998 666666  999998 0
1000000 2  999999 666667  999999 1
1000000 2  999997 666666  999997 0
1000000 2  999999 666668  999999 2
1000000 2  999998 666667  999998 1
1000000 2  666666 999999  0 999999
1000000 2  666667 999999  1 999999
1000000 2  666666 999998  0 999998
1000000 2  666668 999999  2 999999
1000000 2  666666 999997  0 999997
1000000 2  666667 999998  1 999998
1000000 2  333333 0  999999 0
1000000 2  333332 0  999998 0
1000000 2  333333 1  999999 1
1000000 2  333331 0  999997 0
1000000 2  333333 2  999999 2
1000000 2  333332 1  999998 1
1000000 2  999999 333333  999999 999999
1000000 2  999998 333333  999998 999999
1000000 2  999999 333332  999999 999998
1000000 2  999997 333333  999997 999999
1000000 2  999999 333331  999999 999997
1000000 2  999998 333332  999998 999998
1000000 2  0 666666  0 0
1000000 2  1 666666  1 0
1000000 2  0 666667  0 1
1000000 2  2 666666  2 0
1000000 2  0 666668  0 2
1000000 2  1 666667  1 1
1000000 2  250000 250000  750000 750000
1000000 2  250001 250000  750001 750000
1000000 2  249999 250000  749999 750000
1000000 2  250000 250001  750000 750001
1000000 2  250000 249999  750000 749999
1000000 2  250002 250000  750002 750000
1000000 2  249998 250000  749998 750000
1000000 2  250000 250002  750000 750002
1000000 2  250000 249998  750000 749998
1000000 2  250001 250001  750001 750001
1000000 2  250001 249999  750001 749999
1000000 2  249999 250001  749999 750001
1000000 2  249999 249999  749999 749999
1000000 2  749999 250000  249999 750000
1000000 2  750000 250000  250000 750000
1000000 2  749998 250000  249998 750000
1000000 2  749999 250001  249999 750001
1000000 2  749999 249999  249999 749999
1000000 2  750001 250000  250001 750000
1000000 2  749997 250000  249997 750000
1000000 2  749999 250002  249999 750002
1000000 2  749999 249998  249999 749998
1000000 2  750000 250001  250000 750001
1000000 2  750000 249999  250000 749999
1000000 2  749998 250001  249998 750001
1000000 2  749998 249999  249998 749999
1000000 2  749998 749999  249998 249999
1000000 2  749999 749998  249999 249998
1000000 2  749997 749999  249997 249999
1000000 2  749999 749997  249999 249997
1000000 2  749998 749998  249998 249998
1000000 2  250001 749999  750001 249999
1000000 2  250000 749998  750000 249998
1000000 2  250002 749999  750002 249999
1000000 2  250000 749997  750000 249997
1000000 2  250001 749998  750001 249998
1000000 2  300000 300000  700000 700000
1000000 2  300001 300000  700001 700000
1000000 2  299999 300000  699999 700000
1000000 2  300000 300001  700000 700001
1000000 2  300000 299999  700000 699999
1000000 2  300002 300000  700002 700000
1000000 2  299998 300000  699998 700000
1000000 2  300000 300002  700000 700002
1000000 2  300000 299998  700000 699998
1000000 2  300001 300001  700001 700001
1000000 2  300001 299999  700001 699999
1000000 2  299999 300001  699999 700001
1000000 2  299999 299999  699999 699999
1000000 2  699999 300000  299999 700000
1000000 2  700000 300000  300000 700000
1000000 2  699998 300000  299998 700000
1000000 2  699999 300001  299999 700001
1000000 2  699999 299999  299999 699999
1000000 2  700001 300000  300001 700000
1000000 2  699997 300000  299997 700000
1000000 2  699999 300002  299999 700002
1000000 2  699999 299998  299999 699998
1000000 2  700000 300001  300000 700001
1000000 2  700000 299999  300000 699999
1000000 2  699998 300001  299998 700001
1000000 2  699998 299999  299998 699999
1000000 2  699998 699999  299998 299999
1000000 2  699999 699998  299999 299998
1000000 2  699997 699999  299997 299999
1000000 2  699999 699997  299999 299997
1000000 2  699998 699998  299998 299998
1000000 2  300001 699999  700001 299999
1000000 2  300000 699998  700000 299998
1000000 2  300002 699999  700002 299999
1000000 2  300000 699997  700000 299997
1000000 2  300001 699998  700001 299998
1000000 2  166667 166667  833333 833333
1000000 2  166668 166667  833334 833333
1000000 2  166666 166667  833332 833333
1000000 2  166667 166668  833333 833334
1000000 2  166667 166666  833333 833332
1000000 2  166669 166667  833335 833333
1000000 2  166665 166667  833331 833333
1000000 2  166667 166669  833333 833335
1000000 2  166667 166665  833333 833331
1000000 2  166668 166668  833334 833334
1000000 2  166668 166666  833334 833332
1000000 2  166666 166668  833332 833334
1000000 2  166666 166666  833332 833332
1000000 2  833332 166667  166666 833333
1000000 2  833333 166667  166667 833333
1000000 2  833331 166667  166665 833333
1000000 2  833332 166668  166666 833334
1000000 2  833332 166666  166666 833332
1000000 2  833334 166667  166668 833333
1000000 2  833330 166667  166664 833333
1000000 2  833332 166669  166666 833335
1000000 2  833332 166665  166666 833331
1000000 2  833333 166668  166667 833334
1000000 2  833333 166666  166667 833332
1000000 2  833331 166668  166665 833334
1000000 2  833331 166666  166665 833332
1000000 2  833331 833332  166665 166666
1000000 2  833332 833331  166666 166665
1000000 2  833330 833332  166664 166666
1000000 2  833332 833330  166666 166664
1000000 2  833331 833331  166665 166665
1000000 2  166668 833332  833334 166666
1000000 2  166667 833331  833333 166665
1000000 2  166669 833332  833335 166666
1000000 2  166667 833330  833333 166664
1000000 2  166668 833331  833334 166665
1000000 2  375000 375000  625000 625000
1000000 2  375001 375000  625001 625000
1000000 2  374999 375000  624999 625000
1000000 2  375000 375001  625000 625001
1000000 2  375000 374999  625000 624999
1000000 2  375002 375000  625002 625000
1000000 2  374998 375000  624998 625000
1000000 2  375000 375002  625000 625002
1000000 2  375000 374998  625000 624998
1000000 2  375001 375001  625001 625001
1000000 2  375001 374999  625001 624999
1000000 2  374999 375001  624999 625001
1000000 2  374999 374999  624999 624999
1000000 2  624999 375000  374999 625000
1000000 2  625000 375000  375000 625000
1000000 2  624998 375000  374998 625000
1000000 2  624999 375001  374999 625001
1000000 2  624999 374999  374999 624999
1000000 2  625001 375000  375001 625000
1000000 2  624997 375000  374997 625000
1000000 2  624999 375002  374999 625002
1000000 2  624999 374998  374999 624998
1000000 2  625000 375001  375000 625001
1000000 2  625000 374999  375000 624999
1000000 2  624998 375001  374998 625001
1000000 2  624998 374999  374998 624999
1000000 2  624998 624999  374998 374999
1000000 2  624999 624998  374999 374998
1000000 2  624997 624999  374997 374999
1000000 2  624999 624997  374999 374997
1000000 2  624998 624998  374998 374998
1000000 2  375001 624999  625001 374999
1000000 2  375000 624998  625000 374998
1000000 2  375002 624999  625002 374999
1000000 2  375000 624997  625000 374997
1000000 2  375001 624998  625001 374998
1000000 2  250000 300000  750000 700000
1000000 2  250001 300000  750001 700000
1000000 2  249999 300000  749999 700000
1000000 2  250000 300001  750000 700001
1000000 2  250000 299999  750000 699999
1000000 2  250002 300000  750002 700000
1000000 2  249998 300000  749998 700000
1000000 2  250000 300002  750000 700002
1000000 2  250000 299998  750000 699998
1000000 2  250001 300001  750001 700001
1000000 2  250001 299999  750001 699999
1000000 2  249999 300001  749999 700001
1000000 2  249999 299999  749999 699999
1000000 2  699999 250000  299999 750000
1000000 2  700000 250000  300000 750000
1000000 2  699998 250000  299998 750000
1000000 2  699999 250001  299999 750001
1000000 2  699999 249999  299999 749999
1000000 2  700001 250000  300001 750000
1000000 2  699997 250000  299997 750000
1000000 2  699999 250002  299999 750002
1000000 2  699999 249998  299999 749998
1000000 2  700000 250001  300000 750001
1000000 2  700000 249999  300000 749999
1000000 2  699998 250001  299998 750001
1000000 2  699998 249999  299998 749999
1000000 2  749998 699999  249998 299999
1000000 2  749999 699998  249999 299998
1000000 2  749997 699999  249997 299999
1000000 2  749999 699997  249999 299997
1000000 2  749998 699998  249998 299998
1000000 2  300001 749999  700001 249999
1000000 2  300000 749998  700000 249998
1000000 2  300002 749999  700002 249999
1000000 2  300000 749997  700000 249997
1000000 2  300001 749998  700001 249998
1000000 2  749999 300000  249999 700000
1000000 2  750000 300000  250000 700000
1000000 2  749998 300000  249998 700000
1000000 2  749999 300001  249999 700001
1000000 2  749999 299999  249999 699999
1000000 2  750001 300000  250001 700000
1000000 2  749997 300000  249997 700000
1000000 2  749999 300002  249999 700002
1000000 2  749999 299998  249999 699998
1000000 2  750000 300001  250000 700001
1000000 2  750000 299999  250000 699999
1000000 2  749998 300001  249998 700001
1000000 2  749998 299999  249998 699999
1000000 2  250001 699999  750001 299999
1000000 2  250000 699998  750000 299998
1000000 2  250002 699999  750002 299999
1000000 2  250000 699997  750000 299997
1000000 2  250001 699998  750001 299998
1000000 2  300000 250000  700000 750000
1000000 2  300001 250000  700001 750000
1000000 2  299999 250000  699999 750000
1000000 2  300000 250001  700000 750001
1000000 2  300000 249999  700000 749999
1000000 2  300002 250000  700002 750000
1000000 2  299998 250000  699998 750000
1000000 2  300000 250002  700000 750002
1000000 2  300000 249998  700000 749998
1000000 2  300001 250001  700001 750001
1000000 2  300001 249999  700001 749999
1000000 2  299999 250001  699999 750001
1000000 2  299999 249999  699999 749999
1000000 2  699998 749999  299998 249999
1000000 2  699999 749998  299999 249998
1000000 2  699997 749999  299997 249999
1000000 2  699999 749997  299999 249997
1000000 2  699998 749998  299998 249998
1000000 2  166667 300000  833333 700000
1000000 2  166668 300000  833334 700000
1000000 2  166666 300000  833332 700000
1000000 2  166667 300001  833333 700001
1000000 2  166667 299999  833333 699999
1000000 2  166669 300000  833335 700000
1000000 2  166665 300000  833331 700000
1000000 2  166667 300002  833333 700002
1000000 2  166667 299998  833333 699998
1000000 2  166668 300001  833334 700001
1000000 2  166668 299999  833334 699999
1000000 2  166666 300001  833332 700001
1000000 2  166666 299999  833332 699999
1000000 2  699999 166667  299999 833333
1000000 2  700000 166667  300000 833333
1000000 2  699998 166667  299998 833333
1000000 2  699999 166668  299999 833334
1000000 2  699999 166666  299999 833332
1000000 2  700001 166667  300001 833333
1000000 2  699997 166667  299997 833333
1000000 2  699999 166669  299999 833335
1000000 2  699999 166665  299999 833331
1000000 2  700000 166668  300000 833334
1000000 2  700000 166666  300000 833332
1000000 2  699998 166668  299998 833334
1000000 2  699998 166666  299998 833332
1000000 2  833331 699999  166665 299999
1000000 2  833332 699998  166666 299998
1000000 2  833330 699999  166664 299999
1000000 2  833332 699997  166666 299997
1000000 2  833331 699998  166665 299998
1000000 2  300001 833332  700001 166666
1000000 2  300000 833331  700000 166665
1000000 2  300002 833332  700002 166666
1000000 2  300000 833330  700000 166664
1000000 2  300001 833331  700001 166665
1000000 2  833332 300000  166666 700000
1000000 2  833333 300000  166667 700000
1000000 2  833331 300000  166665 700000
1000000 2  833332 300001  166666 700001
1000000 2  833332 299999  166666 699999
1000000 2  833334 300000  166668 700000
1000000 2  833330 300000  166664 700000
1000000 2  833332 300002  166666 700002
1000000 2  833332 299998  166666 699998
1000000 2  833333 300001  166667 700001
1000000 2  833333 299999  166667 699999
1000000 2  833331 300001  166665 700001
1000000 2  833331 299999  166665 699999
1000000 2  166668 699999  833334 299999
1000000 2  166667 699998  833333 299998
1000000 2  166669 699999  833335 299999
1000000 2  166667 699997  833333 299997
1000000 2  166668 699998  833334 299998
1000000 2  300000 166667  700000 833333
1000000 2  300001 166667  700001 833333
1000000 2  299999 166667  699999 833333
1000000 2  300000 166668  700000 833334
1000000 2  300000 166666  700000 833332
1000000 2  300002 166667  700002 833333
1000000 2  299998 166667  699998 833333
1000000 2  300000 166669  700000 833335
1000000 2  300000 166665  700000 833331
1000000 2  300001 166668  700001 833334
1000000 2  300001 166666  700001 833332
1000000 2  299999 166668  699999 833334
1000000 2  299999 166666  699999 833332
1000000 2  699998 833332  299998 166666
1000000 2  699999 833331  299999 166665
1000000 2  699997 833332  299997 166666
1000000 2  699999 833330  299999 166664
1000000 2  699998 833331  299998 166665
1000000 2  100000 375000  900000 625000
1000000 2  100001 375000  900001 625000
1000000 2  99999 375000  899999 625000
1000000 2  100000 375001  900000 625001
1000000 2  100000 374999  900000 624999
1000000 2  100002 375000  900002 625000
1000000 2  99998 375000  899998 625000
1000000 2  100000 375002  900000 625002
1000000 2  100000 374998  900000 624998
1000000 2  100001 375001  900001 625001
1000000 2  100001 374999  900001 624999
1000000 2  99999 375001  899999 625001
1000000 2  99999 374999  899999 624999
1000000 2  624999 100000  374999 900000
1000000 2  625000 100000  375000 900000
1000000 2  624998 100000  374998 900000
1000000 2  624999 100001  374999 900001
1000000 2  624999 99999  374999 899999
1000000 2  625001 100000  375001 900000
1000000 2  624997 100000  374997 900000
1000000 2  624999 100002  374999 900002
1000000 2  624999 99998  374999 899998
1000000 2  625000 100001  375000 900001
1000000 2  625000 99999  375000 899999
1000000 2  624998 100001  374998 900001
1000000 2  624998 99999  374998 899999
1000000 2  899998 624999  99998 374999
1000000 2  899999 624998  99999 374998
1000000 2  899997 624999  99997 374999
1000000 2  899999 624997  99999 374997
1000000 2  899998 624998  99998 374998
1000000 2  375001 899999  625001 99999
1000000 2  375000 899998  625000 99998
1000000 2  375002 899999  625002 99999
1000000 2  375000 899997  625000 99997
1000000 2  375001 899998  625001 99998
1000000 2  899999 375000  99999 625000
1000000 2  900000 375000  100000 625000
1000000 2  899998 375000  99998 625000
1000000 2  899999 375001  99999 625001
1000000 2  899999 374999  99999 624999
1000000 2  900001 375000  100001 625000
1000000 2  899997 375000  99997 625000
1000000 2  899999 375002  99999 625002
1000000 2  899999 374998  99999 624998
1000000 2  900000 375001  100000 625001
1000000 2  900000 374999  100000 624999
1000000 2  899998 375001  99998 625001
1000000 2  899998 374999  99998 624999
1000000 2  100001 624999  900001 374999
1000000 2  100000 624998  900000 374998
1000000 2  100002 624999  900002 374999
1000000 2  100000 624997  900000 374997
1000000 2  100001 624998  900001 374998
1000000 2  375000 100000  625000 900000
1000000 2  375001 100000  625001 900000
1000000 2  374999 100000  624999 900000
1000000 2  375000 100001  625000 900001
1000000 2  375000 99999  625000 899999
1000000 2  375002 100000  625002 900000
1000000 2  374998 100000  624998 900000
1000000 2  375000 100002  625000 900002
1000000 2  375000 99998  625000 899998
1000000 2  375001 100001  625001 900001
1000000 2  375001 99999  625001 899999
1000000 2  374999 100001  624999 900001
1000000 2  374999 99999  624999 899999
1000000 2  624998 899999  374998 99999
1000000 2  624999 899998  374999 99998
1000000 2  624997 899999  374997 99999
1000000 2  624999 899997  374999 99997
1000000 2  624998 899998  374998 99998
1000000 2  166667 250000  833333 750000
1000000 2  166668 250000  833334 750000
1000000 2  166666 250000  833332 750000
1000000 2  166667 250001  833333 750001
1000000 2  166667 249999  833333 749999
1000000 2  166669 250000  833335 750000
1000000 2  166665 250000  833331 750000
1000000 2  166667 250002  833333 750002
1000000 2  166667 249998  833333 749998
1000000 2  166668 250001  833334 750001
1000000 2  166668 249999  833334 749999
1000000 2  166666 250001  833332 750001
1000000 2  166666 249999  833332 749999
1000000 2  749999 166667  249999 833333
1000000 2  750000 166667  250000 833333
1000000 2  749998 166667  249998 833333
1000000 2  749999 166668  249999 833334
1000000 2  749999 166666  249999 833332
1000000 2  750001 166667  250001 833333
1000000 2  749997 166667  249997 833333
1000000 2  749999 166669  249999 833335
1000000 2  749999 166665  249999 833331
1000000 2  750000 166668  250000 833334
1000000 2  750000 166666  250000 833332
1000000 2  749998 166668  249998 833334
1000000 2  749998 166666  249998 833332
1000000 2  833331 749999  166665 249999
1000000 2  833332 749998  166666 249998
1000000 2  833330 749999  166664 249999
1000000 2  833332 749997  166666 249997
1000000 2  833331 749998  166665 249998
1000000 2  250001 833332  750001 166666
1000000 2  250000 833331  750000 166665
1000000 2  250002 833332  750002 166666
1000000 2  250000 833330  750000 166664
1000000 2  250001 833331  750001 166665
1000000 2  833332 250000  166666 750000
1000000 2  833333 250000  166667 750000
1000000 2  833331 250000  166665 750000
1000000 2  833332 250001  166666 750001
1000000 2  833332 249999  166666 749999
1000000 2  833334 250000  166668 750000
1000000 2  833330 250000  166664 750000
1000000 2  833332 250002  166666 750002
1000000 2  833332 249998  166666 749998
1000000 2  833333 250001  166667 750001
1000000 2  833333 249999  166667 749999
1000000 2  833331 250001  166665 750001
1000000 2  833331 249999  166665 749999
1000000 2  166668 749999  833334 249999
1000000 2  166667 749998  833333 249998
1000000 2  166669 749999  833335 249999
1000000 2  166667 749997  833333 249997
1000000 2  166668 749998  833334 249998
1000000 2  250000 166667  750000 833333
1000000 2  250001 166667  750001 833333
1000000 2  249999 166667  749999 833333
1000000 2  250000 166668  750000 833334
1000000 2  250000 166666  750000 833332
1000000 2  250002 166667  750002 833333
1000000 2  249998 166667  749998 833333
1000000 2  250000 166669  750000 833335
1000000 2  250000 166665  750000 833331
1000000 2  250001 166668  750001 833334
1000000 2  250001 166666  750001 833332
1000000 2  249999 166668  749999 833334
1000000 2  249999 166666  749999 833332
1000000 2  749998 833332  249998 166666
1000000 2  749999 833331  249999 166665
1000000 2  749997 833332  249997 166666
1000000 2  749999 833330  249999 166664
1000000 2  749998 833331  249998 166665
1000000 2  100000 300000  900000 700000
1000000 2  100001 300000  900001 700000
1000000 2  99999 300000  899999 700000
1000000 2  100000 300001  900000 700001
1000000 2  100000 299999  900000 699999
1000000 2  100002 300000  900002 700000
1000000 2  99998 300000  899998 700000
1000000 2  100000 300002  900000 700002
1000000 2  100000 299998  900000 699998
1000000 2  100001 300001  900001 700001
1000000 2  100001 299999  900001 699999
1000000 2  99999 300001  899999 700001
1000000 2  99999 299999  899999 699999
1000000 2  699999 100000  299999 900000
1000000 2  700000 100000  300000 900000
1000000 2  699998 100000  299998 900000
1000000 2  699999 100001  299999 900001
1000000 2  699999 99999  299999 899999
1000000 2  700001 100000  300001 900000
1000000 2  699997 100000  299997 900000
1000000 2  699999 100002  299999 900002
1000000 2  699999 99998  299999 899998
1000000 2  700000 100001  300000 900001
1000000 2  700000 99999  300000 899999
1000000 2  699998 100001  299998 900001
1000000 2  699998 99999  299998 899999
1000000 2  899998 699999  99998 299999
1000000 2  899999 699998  99999 299998
1000000 2  899997 699999  99997 299999
1000000 2  899999 699997  99999 299997
1000000 2  899998 699998  99998 299998
1000000 2  300001 899999  700001 99999
1000000 2  300000 899998  700000 99998
1000000 2  300002 899999  700002 99999
1000000 2  300000 899997  700000 99997
1000000 2  300001 899998  700001 99998
1000000 2  899999 300000  99999 700000
1000000 2  900000 300000  100000 700000
1000000 2  899998 300000  99998 700000
1000000 2  899999 300001  99999 700001
1000000 2  899999 299999  99999 699999
1000000 2  900001 300000  100001 700000
1000000 2  899997 300000  99997 700000
1000000 2  899999 300002  99999 700002
1000000 2  899999 299998  99999 699998
1000000 2  900000 300001  100000 700001
1000000 2  900000 299999  100000 699999
1000000 2  899998 300001  99998 700001
1000000 2  899998 299999  99998 699999
1000000 2  100001 699999  900001 299999
1000000 2  100000 699998  900000 299998
1000000 2  100002 699999  900002 299999
1000000 2  100000 699997  900000 299997
1000000 2  100001 699998  900001 299998
1000000 2  300000 100000  700000 900000
1000000 2  300001 100000  700001 900000
1000000 2  299999 100000  699999 900000
1000000 2  300000 100001  700000 900001
1000000 2  300000 99999  700000 899999
1000000 2  300002 100000  700002 900000
1000000 2  299998 100000  699998 900000
1000000 2  300000 100002  700000 900002
1000000 2  300000 99998  700000 899998
1000000 2  300001 100001  700001 900001
1000000 2  300001 99999  700001 899999
1000000 2  299999 100001  699999 900001
1000000 2  299999 99999  699999 899999
1000000 2  699998 899999  299998 99999
1000000 2  699999 899998  299999 99998
1000000 2  699997 899999  299997 99999
1000000 2  699999 899997  299999 99997
1000000 2  699998 899998  299998 99998
1000000 2  250000 999999  500000 749999
1000000 2  250001 999999  500001 749999
1000000 2  249999 999999  499999 749999
1000000 2  250000 999998  500000 749998
1000000 2  250002 999999  500002 749999
1000000 2  249998 999999  499998 749999
1000000 2  250000 999997  500000 749997
1000000 2  250001 999998  500001 749998
1000000 2  249999 999998  499999 749998
1000000 2  0 250000  250000 500000
1000000 2  1 250000  250001 500000
1000000 2  0 250001  250000 500001
1000000 2  0 249999  250000 499999
1000000 2  2 250000  250002 500000
1000000 2  0 250002  250000 500002
1000000 2  0 249998  250000 499998
1000000 2  1 250001  250001 500001
1000000 2  1 249999  250001 499999
1000000 2  749999 0  499999 250000
1000000 2  750000 0  500000 250000
1000000 2  749998 0  499998 250000
1000000 2  749999 1  499999 250001
1000000 2  750001 0  500001 250000
1000000 2  749997 0  499997 250000
1000000 2  749999 2  499999 250002
1000000 2  750000 1  500000 250001
1000000 2  749998 1  499998 250001
1000000 2  999999 749999  749999 499999
1000000 2  999998 749999  749998 499999
1000000 2  999999 750000  749999 500000
1000000 2  999999 749998  749999 499998
1000000 2  999997 749999  749997 499999
1000000 2  999999 750001  749999 500001
1000000 2  999999 749997  749999 499997
1000000 2  999998 750000  749998 500000
1000000 2  999998 749998  749998 499998
1000000 2  749999 999999  499999 749999
1000000 2  750000 999999  500000 749999
1000000 2  749998 999999  499998 749999
1000000 2  749999 999998  499999 749998
1000000 2  750001 999999  500001 749999
1000000 2  749997 999999  499997 749999
1000000 2  749999 999997  499999 749997
1000000 2  750000 999998  500000 749998
1000000 2  749998 999998  499998 749998
1000000 2  250000 0  500000 250000
1000000 2  250001 0  500001 250000
1000000 2  249999 0  499999 250000
1000000 2  250000 1  500000 250001
1000000 2  250002 0  500002 250000
1000000 2  249998 0  499998 250000
1000000 2  250000 2  500000 250002
1000000 2  250001 1  500001 250001
1000000 2  249999 1  499999 250001
1000000 2  999999 250000  749999 500000
1000000 2  999998 250000  749998 500000
1000000 2  999999 250001  749999 500001
1000000 2  999999 249999  749999 499999
1000000 2  999997 250000  749997 500000
1000000 2  999999 250002  749999 500002
1000000 2  999999 249998  749999 499998
1000000 2  999998 250001  749998 500001
1000000 2  999998 249999  749998 499999
1000000 2  0 749999  250000 499999
1000000 2  1 749999  250001 499999
1000000 2  0 750000  250000 500000
1000000 2  0 749998  250000 499998
1000000 2  2 749999  250002 499999
1000000 2  0 750001  250000 500001
1000000 2  0 749997  250000 499997
1000000 2  1 750000  250001 500000
1000000 2  1 749998  250001 499998
1000000 2  0 999999  250000 749999
1000000 2  1 999999  250001 749999
1000000 2  0 999998  250000 749998
1000000 2  2 999999  250002 749999
1000000 2  0 999997  250000 749997
1000000 2  1 999998  250001 749998
1000000 2  0 0  250000 250000
1000000 2  1 0  250001 250000
1000000 2  0 1  250000 250001
1000000 2  2 0  250002 250000
1000000 2  0 2  250000 250002
1000000 2  1 1  250001 250001
1000000 2  999999 0  749999 250000
1000000 2  999998 0  749998 250000
1000000 2  999999 1  749999 250001
1000000 2  999997 0  749997 250000
1000000 2  999999 2  749999 250002
1000000 2  999998 1  749998 250001
1000000 2  999999 999999  749999 749999
1000000 2  999998 999999  749998 749999
1000000 2  999999 999998  749999 749998
1000000 2  999997 999999  749997 749999
1000000 2  999999 999997  749999 749997
1000000 2  999998 999998  749998 749998
1000000 2  0 999999  500000 500000
1000000 2  1 999999  500001 500000
1000000 2  0 999998  500000 499999
1000000 2  2 999999  500002 500000
1000000 2  0 999997  500000 499998
1000000 2  1 999998  500001 499999
1000000 2  0 0  499999 500000
1000000 2  1 0  500000 500000
1000000 2  0 1  499999 500001
1000000 2  2 0  500001 500000
1000000 2  0 2  499999 500002
1000000 2  1 1  500000 500001
1000000 2  999999 0  499999 499999
1000000 2  999998 0  499998 499999
1000000 2  999999 1  499999 500000
1000000 2  999997 0  499997 499999
1000000 2  999999 2  499999 500001
1000000 2  999998 1  499998 500000
1000000 2  999999 999999  500000 499999
1000000 2  999998 999999  499999 499999
1000000 2  999999 999998  500000 499998
1000000 2  999997 999999  499998 499999
1000000 2  999999 999997  500000 499997
1000000 2  999998 999998  499999 499998
1000000 2  999999 999999  499999 500000
1000000 2  999998 999999  499998 500000
1000000 2  999999 999998  499999 499999
1000000 2  999997 999999  499997 500000
1000000 2  999999 999997  499999 499998
1000000 2  999998 999998  499998 499999
1000000 2  0 0  500000 499999
1000000 2  1 0  500001 499999
1000000 2  0 1  500000 500000
1000000 2  2 0  500002 499999
1000000 2  0 2  500000 500001
1000000 2  1 1  500001 500000
1000000 2  999999 0  500000 500000
1000000 2  999998 0  499999 500000
1000000 2  999999 1  500000 500001
1000000 2  999997 0  499998 500000
1000000 2  999999 2  500000 500002
1000000 2  999998 1  499999 500001
1000000 2  0 999999  499999 499999
1000000 2  1 999999  500000 499999
1000000 2  0 999998  499999 499998
1000000 2  2 999999  500001 499999
1000000 2  0 999997  499999 499997
1000000 2  1 999998  500000 499998
1000000 2  333333 999999  666666 666666
1000000 2  333334 999999  666667 666666
1000000 2  333332 999999  666665 666666
1000000 2  333333 999998  666666 666665
1000000 2  333335 999999  666668 666666
1000000 2  333331 999999  666664 666666
1000000 2  333333 999997  666666 666664
1000000 2  333334 999998  666667 666665
1000000 2  333332 999998  666665 666665
1000000 2  0 333333  333333 666666
1000000 2  1 333333  333334 666666
1000000 2  0 333334  333333 666667
1000000 2  0 333332  333333 666665
1000000 2  2 333333  333335 666666
1000000 2  0 333335  333333 666668
1000000 2  0 333331  333333 666664
1000000 2  1 333334  333334 666667
1000000 2  1 333332  333334 666665
1000000 2  666666 0  333333 333333
1000000 2  666667 0  333334 333333
1000000 2  666665 0  333332 333333
1000000 2  666666 1  333333 333334
1000000 2  666668 0  333335 333333
1000000 2  666664 0  333331 333333
1000000 2  666666 2  333333 333335
1000000 2  666667 1  333334 333334
1000000 2  666665 1  333332 333334
1000000 2  999999 666666  666666 333333
1000000 2  999998 666666  666665 333333
1000000 2  999999 666667  666666 333334
1000000 2  999999 666665  666666 333332
1000000 2  999997 666666  666664 333333
1000000 2  999999 666668  666666 333335
1000000 2  999999 666664  666666 333331
1000000 2  999998 666667  666665 333334
1000000 2  999998 666665  666665 333332
1000000 2  666666 999999  333333 666666
1000000 2  666667 999999  333334 666666
1000000 2  666665 999999  333332 666666
1000000 2  666666 999998  333333 666665
1000000 2  666668 999999  333335 666666
1000000 2  666664 999999  333331 666666
1000000 2  666666 999997  333333 666664
1000000 2  666667 999998  333334 666665
1000000 2  666665 999998  333332 666665
1000000 2  333333 0  666666 333333
1000000 2  333334 0  666667 333333
1000000 2  333332 0  666665 333333
1000000 2  333333 1  666666 333334
1000000 2  333335 0  666668 333333
1000000 2  333331 0  666664 333333
1000000 2  333333 2  666666 333335
1000000 2  333334 1  666667 333334
1000000 2  333332 1  666665 333334
1000000 2  999999 333333  666666 666666
1000000 2  999998 333333  666665 666666
1000000 2  999999 333334  666666 666667
1000000 2  999999 333332  666666 666665
1000000 2  999997 333333  666664 666666
1000000 2  999999 333335  666666 666668
1000000 2  999999 333331  666666 666664
1000000 2  999998 333334  666665 666667
1000000 2  999998 333332  666665 666665
1000000 2  0 666666  333333 333333
1000000 2  1 666666  333334 333333
1000000 2  0 666667  333333 333334
1000000 2  0 666665  333333 333332
1000000 2  2 666666  333335 333333
1000000 2  0 666668  333333 333335
1000000 2  0 666664  333333 333331
1000000 2  1 666667  333334 333334
1000000 2  1 666665  333334 333332
1000000 2  200000 999999  600000 599999
1000000 2  200001 999999  600001 599999
1000000 2  199999 999999  599999 599999
1000000 2  200000 999998  600000 599998
1000000 2  200002 999999  600002 599999
1000000 2  199998 999999  599998 599999
1000000 2  200000 999997  600000 599997
1000000 2  200001 999998  600001 599998
1000000 2  199999 999998  599999 599998
1000000 2  0 200000  400000 600000
1000000 2  1 200000  400001 600000
1000000 2  0 200001  400000 600001
1000000 2  0 199999  400000 599999
1000000 2  2 200000  400002 600000
1000000 2  0 200002  400000 600002
1000000 2  0 199998  400000 599998
1000000 2  1 200001  400001 600001
1000000 2  1 199999  400001 599999
1000000 2  799999 0  399999 400000
1000000 2  800000 0  400000 400000
1000000 2  799998 0  399998 400000
1000000 2  799999 1  399999 400001
1000000 2  800001 0  400001 400000
1000000 2  799997 0  399997 400000
1000000 2  799999 2  399999 400002
1000000 2  800000 1  400000 400001
1000000 2  799998 1  399998 400001
1000000 2  999999 799999  599999 399999
1000000 2  999998 799999  599998 399999
1000000 2  999999 800000  599999 400000
1000000 2  999999 799998  599999 399998
1000000 2  999997 799999  599997 399999
1000000 2  999999 800001  599999 400001
1000000 2  999999 799997  599999 399997
1000000 2  999998 800000  599998 400000
1000000 2  999998 799998  599998 399998
1000000 2  799999 999999  399999 599999
1000000 2  800000 999999  400000 599999
1000000 2  799998 999999  399998 599999
1000000 2  799999 999998  399999 599998
1000000 2  800001 999999  400001 599999
1000000 2  799997 999999  399997 599999
1000000 2  799999 999997  399999 599997
1000000 2  800000 999998  400000 599998
1000000 2  799998 999998  399998 599998
1000000 2  200000 0  600000 400000
1000000 2  200001 0  600001 400000
1000000 2  199999 0  599999 400000
1000000 2  200000 1  600000 400001
1000000 2  200002 0  600002 400000
1000000 2  199998 0  599998 400000
1000000 2  200000 2  600000 400002
1000000 2  200001 1  600001 400001
1000000 2  199999 1  599999 400001
1000000 2  999999 200000  599999 600000
1000000 2  999998 200000  599998 600000
1000000 2  999999 200001  599999 600001
1000000 2  999999 199999  599999 599999
1000000 2  999997 200000  599997 600000
1000000 2  999999 200002  599999 600002
1000000 2  999999 199998  599999 599998
1000000 2  999998 200001  599998 600001
1000000 2  999998 199999  599998 599999
1000000 2  0 799999  400000 399999
1000000 2  1 799999  400001 399999
1000000 2  0 800000  400000 400000
1000000 2  0 799998  400000 399998
1000000 2  2 799999  400002 399999
1000000 2  0 800001  400000 400001
1000000 2  0 799997  400000 399997
1000000 2  1 800000  400001 400000
1000000 2  1 799998  400001 399998
1000000 2  250000 999999  666666 599999
1000000 2  250001 999999  666667 599999
1000000 2  249999 999999  666665 599999
1000000 2  250000 999998  666666 599998
1000000 2  250002 999999  666668 599999
1000000 2  249998 999999  666664 599999
1000000 2  250000 999997  666666 599997
1000000 2  250001 999998  666667 599998
1000000 2  249999 999998  666665 599998
1000000 2  0 250000  400000 666666
1000000 2  1 250000  400001 666666
1000000 2  0 250001  400000 666667
1000000 2  0 249999  400000 666665
1000000 2  2 250000  400002 666666
1000000 2  0 250002  400000 666668
1000000 2  0 249998  400000 666664
1000000 2  1 250001  400001 666667
1000000 2  1 249999  400001 666665
1000000 2  749999 0  333333 400000
1000000 2  750000 0  333334 400000
1000000 2  749998 0  333332 400000
1000000 2  749999 1  333333 400001
1000000 2  750001 0  333335 400000
1000000 2  749997 0  333331 400000
1000000 2  749999 2  333333 400002
1000000 2  750000 1  333334 400001
1000000 2  749998 1  333332 400001
1000000 2  999999 749999  599999 333333
1000000 2  999998 749999  599998 333333
1000000 2  999999 750000  599999 333334
1000000 2  999999 749998  599999 333332
1000000 2  999997 749999  599997 333333
1000000 2  999999 750001  599999 333335
1000000 2  999999 749997  599999 333331
1000000 2  999998 750000  599998 333334
1000000 2  999998 749998  599998 333332
1000000 2  749999 999999  333333 599999
1000000 2  750000 999999  333334 599999
1000000 2  749998 999999  333332 599999
1000000 2  749999 999998  333333 599998
1000000 2  750001 999999  333335 599999
1000000 2  749997 999999  333331 599999
1000000 2  749999 999997  333333 599997
1000000 2  750000 999998  333334 599998
1000000 2  749998 999998  333332 599998
1000000 2  250000 0  666666 400000
1000000 2  250001 0  666667 400000
1000000 2  249999 0  666665 400000
1000000 2  250000 1  666666 400001
1000000 2  250002 0  666668 400000
1000000 2  249998 0  666664 400000
1000000 2  250000 2  666666 400002
1000000 2  250001 1  666667 400001
1000000 2  249999 1  666665 400001
1000000 2  999999 250000  599999 666666
1000000 2  999998 250000  599998 666666
1000000 2  999999 250001  599999 666667
1000000 2  999999 249999  599999 666665
1000000 2  999997 250000  599997 666666
1000000 2  999999 250002  599999 666668
1000000 2  999999 249998  599999 666664
1000000 2  999998 250001  599998 666667
1000000 2  999998 249999  599998 666665
1000000 2  0 749999  400000 333333
1000000 2  1 749999  400001 333333
1000000 2  0 750000  400000 333334
1000000 2  0 749998  400000 333332
1000000 2  2 749999  400002 333333
1000000 2  0 750001  400000 333335
1000000 2  0 749997  400000 333331
1000000 2  1 750000  400001 333334
1000000 2  1 749998  400001 333332
1000000 2  125000 999999  250000 874999
1000000 2  125001 999999  250001 874999
1000000 2  124999 999999  249999 874999
1000000 2  125000 999998  250000 874998
1000000 2  125002 999999  250002 874999
1000000 2  124998 999999  249998 874999
1000000 2  125000 999997  250000 874997
1000000 2  125001 999998  250001 874998
1000000 2  124999 999998  249999 874998
1000000 2  0 125000  125000 250000
1000000 2  1 125000  125001 250000
1000000 2  0 125001  125000 250001
1000000 2  0 124999  125000 249999
1000000 2  2 125000  125002 250000
1000000 2  0 125002  125000 250002
1000000 2  0 124998  125000 249998
1000000 2  1 125001  125001 250001
1000000 2  1 124999  125001 249999
1000000 2  874999 0  749999 125000
1000000 2  875000 0  750000 125000
1000000 2  874998 0  749998 125000
1000000 2  874999 1  749999 125001
1000000 2  875001 0  750001 125000
1000000 2  874997 0  749997 125000
1000000 2  874999 2  749999 125002
1000000 2  875000 1  750000 125001
1000000 2  874998 1  749998 125001
1000000 2  999999 874999  874999 749999
1000000 2  999998 874999  874998 749999
1000000 2  999999 875000  874999 750000
1000000 2  999999 874998  874999 749998
1000000 2  999997 874999  874997 749999
1000000 2  999999 875001  874999 750001
1000000 2  999999 874997  874999 749997
1000000 2  999998 875000  874998 750000
1000000 2  999998 874998  874998 749998
1000000 2  874999 999999  749999 874999
1000000 2  875000 999999  750000 874999
1000000 2  874998 999999  749998 874999
1000000 2  874999 999998  749999 874998
1000000 2  875001 999999  750001 874999
1000000 2  874997 999999  749997 874999
1000000 2  874999 999997  749999 874997
1000000 2  875000 999998  750000 874998
1000000 2  874998 999998  749998 874998
1000000 2  125000 0  250000 125000
1000000 2  125001 0  250001 125000
1000000 2  124999 0  249999 125000
1000000 2  125000 1  250000 125001
1000000 2  125002 0  250002 125000
1000000 2  124998 0  249998 125000
1000000 2  125000 2  250000 125002
1000000 2  125001 1  250001 125001
1000000 2  124999 1  249999 125001
1000000 2  999999 125000  874999 250000
1000000 2  999998 125000  874998 250000
1000000 2  999999 125001  874999 250001
1000000 2  999999 124999  874999 249999
1000000 2  999997 125000  874997 250000
1000000 2  999999 125002  874999 250002
1000000 2  999999 124998  874999 249998
1000000 2  999998 125001  874998 250001
1000000 2  999998 124999  874998 249999
1000000 2  0 874999  125000 749999
1000000 2  1 874999  125001 749999
1000000 2  0 875000  125000 750000
1000000 2  0 874998  125000 749998
1000000 2  2 874999  125002 749999
1000000 2  0 875001  125000 750001
1000000 2  0 874997  125000 749997
1000000 2  1 875000  125001 750000
1000000 2  1 874998  125001 749998
1000000 2  0 250000  250000 0
1000000 2  1 250000  250001 0
1000000 2  0 250001  250000 1
1000000 2  2 250000  250002 0
1000000 2  0 250002  250000 2
1000000 2  1 250001  250001 1
1000000 2  749999 0  999999 250000
1000000 2  749998 0  999998 250000
1000000 2  749999 1  999999 250001
1000000 2  749997 0  999997 250000
1000000 2  749999 2  999999 250002
1000000 2  749998 1  999998 250001
1000000 2  999999 749999  749999 999999
1000000 2  999998 749999  749998 999999
1000000 2  999999 749998  749999 999998
1000000 2  999997 749999  749997 999999
1000000 2  999999 749997  749999 999997
1000000 2  999998 749998  749998 999998
1000000 2  250000 999999  0 749999
1000000 2  250001 999999  1 749999
1000000 2  250000 999998  0 749998
1000000 2  250002 999999  2 749999
1000000 2  250000 999997  0 749997
1000000 2  250001 999998  1 749998
1000000 2  0 500000  500000 0
1000000 2  1 500000  500001 0
1000000 2  0 500001  500000 1
1000000 2  2 500000  500002 0
1000000 2  0 500002  500000 2
1000000 2  1 500001  500001 1
1000000 2  499999 0  999999 500000
1000000 2  499998 0  999998 500000
1000000 2  499999 1  999999 500001
1000000 2  499997 0  999997 500000
1000000 2  499999 2  999999 500002
1000000 2  499998 1  999998 500001
1000000 2  999999 499999  499999 999999
1000000 2  999998 499999  499998 999999
1000000 2  999999 499998  499999 999998
1000000 2  999997 499999  499997 999999
1000000 2  999999 499997  499999 999997
1000000 2  999998 499998  499998 999998
1000000 2  500000 999999  0 499999
1000000 2  500001 999999  1 499999
1000000 2  500000 999998  0 499998
1000000 2  500002 999999  2 499999
1000000 2  500000 999997  0 499997
1000000 2  500001 999998  1 499998
1000000 2  333333 999999  999999 666666
1000000 2  333332 999999  999998 666666
1000000 2  333333 999998  999999 666665
1000000 2  333331 999999  999997 666666
1000000 2  333333 999997  999999 666664
1000000 2  333332 999998  999998 666665
1000000 2  0 333333  333333 999999
1000000 2  1 333333  333334 999999
1000000 2  0 333332  333333 999998
1000000 2  2 333333  333335 999999
1000000 2  0 333331  333333 999997
1000000 2  1 333332  333334 999998
1000000 2  666666 0  0 333333
1000000 2  666667 0  1 333333
1000000 2  666666 1  0 333334
1000000 2  666668 0  2 333333
1000000 2  666666 2  0 333335
1000000 2  666667 1  1 333334
1000000 2  999999 666666  666666 0
1000000 2  999998 666666  666665 0
1000000 2  999999 666667  666666 1
1000000 2  999997 666666  666664 0
1000000 2  999999 666668  666666 2
1000000 2  999998 666667  666665 1
1000000 2  666666 999999  0 666666
1000000 2  666667 999999  1 666666
1000000 2  666666 999998  0 666665
1000000 2  666668 999999  2 666666
1000000 2  666666 999997  0 666664
1000000 2  666667 999998  1 666665
1000000 2  333333 0  999999 333333
1000000 2  333332 0  999998 333333
1000000 2  333333 1  999999 333334
1000000 2  333331 0  999997 333333
1000000 2  333333 2  999999 333335
1000000 2  333332 1  999998 333334
1000000 2  999999 333333  666666 999999
1000000 2  999998 333333  666665 999999
1000000 2  999999 333332  666666 999998
1000000 2  999997 333333  666664 999999
1000000 2  999999 333331  666666 999997
1000000 2  999998 333332  666665 999998
1000000 2  0 666666  333333 0
1000000 2  1 666666  333334 0
1000000 2  0 666667  333333 1
1000000 2  2 666666  333335 0
1000000 2  0 666668  333333 2
1000000 2  1 666667  333334 1
1000000 2  0 250000  0 750000
1000000 2  1 250000  1 750000
1000000 2  0 250001  0 750001
1000000 2  0 249999  0 749999
1000000 2  2 250000  2 750000
1000000 2  0 250002  0 750002
1000000 2  0 249998  0 749998
1000000 2  1 250001  1 750001
1000000 2  1 249999  1 749999
1000000 2  749999 0  249999 0
1000000 2  750000 0  250000 0
1000000 2  749998 0  249998 0
1000000 2  749999 1  249999 1
1000000 2  750001 0  250001 0
1000000 2  749997 0  249997 0
1000000 2  749999 2  249999 2
1000000 2  750000 1  250000 1
1000000 2  749998 1  249998 1
1000000 2  999999 749999  999999 249999
1000000 2  999998 749999  999998 249999
1000000 2  999999 750000  999999 250000
1000000 2  999999 749998  999999 249998
1000000 2  999997 749999  999997 249999
1000000 2  999999 750001  999999 250001
1000000 2  999999 749997  999999 249997
1000000 2  999998 750000  999998 250000
1000000 2  999998 749998  999998 249998
1000000 2  250000 999999  750000 999999
1000000 2  250001 999999  750001 999999
1000000 2  249999 999999  749999 999999
1000000 2  250000 999998  750000 999998
1000000 2  250002 999999  750002 999999
1000000 2  249998 999999  749998 999999
1000000 2  250000 999997  750000 999997
1000000 2  250001 999998  750001 999998
1000000 2  249999 999998  749999 999998
1000000 2  999997 250000  999997 750000
1000000 2  999999 250002  999999 750002
1000000 2  999998 250001  999998 750001
1000000 2  2 749999  2 249999
1000000 2  0 749997  0 249997
1000000 2  1 749998  1 249998
1000000 2  250002 0  750002 0
1000000 2  250000 2  750000 2
1000000 2  250001 1  750001 1
1000000 2  749997 999999  249997 999999
1000000 2  749999 999997  249999 999997
1000000 2  749998 999998  249998 999998
1000000 2  0 300000  0 700000
1000000 2  1 300000  1 700000
1000000 2  0 300001  0 700001
1000000 2  0 299999  0 699999
1000000 2  2 300000  2 700000
1000000 2  0 300002  0 700002
1000000 2  0 299998  0 699998
1000000 2  1 300001  1 700001
1000000 2  1 299999  1 699999
1000000 2  699999 0  299999 0
1000000 2  700000 0  300000 0
1000000 2  699998 0  299998 0
1000000 2  699999 1  299999 1
1000000 2  700001 0  300001 0
1000000 2  699997 0  299997 0
1000000 2  699999 2  299999 2
1000000 2  700000 1  300000 1
1000000 2  699998 1  299998 1
1000000 2  999999 699999  999999 299999
1000000 2  999998 699999  999998 299999
1000000 2  999999 700000  999999 300000
1000000 2  999999 699998  999999 299998
1000000 2  999997 699999  999997 299999
1000000 2  999999 700001  999999 300001
1000000 2  999999 699997  999999 299997
1000000 2  999998 700000  999998 300000
1000000 2  999998 699998  999998 299998
1000000 2  300000 999999  700000 999999
1000000 2  300001 999999  700001 999999
1000000 2  299999 999999  699999 999999
1000000 2  300000 999998  700000 999998
1000000 2  300002 999999  700002 999999
1000000 2  299998 999999  699998 999999
1000000 2  300000 999997  700000 999997
1000000 2  300001 999998  700001 999998
1000000 2  299999 999998  699999 999998
1000000 2  999997 300000  999997 700000
1000000 2  999999 300002  999999 700002
1000000 2  999998 300001  999998 700001
1000000 2  2 699999  2 299999
1000000 2  0 699997  0 299997
1000000 2  1 699998  1 299998
1000000 2  300002 0  700002 0
1000000 2  300000 2  700000 2
1000000 2  300001 1  700001 1
1000000 2  699997 999999  299997 999999
1000000 2  699999 999997  299999 999997
1000000 2  699998 999998  299998 999998
1000000 2  0 166667  0 833333
1000000 2  1 166667  1 833333
1000000 2  0 166668  0 833334
1000000 2  0 166666  0 833332
1000000 2  2 166667  2 833333
1000000 2  0 166669  0 833335
1000000 2  0 166665  0 833331
1000000 2  1 166668  1 833334
1000000 2  1 166666  1 833332
1000000 2  833332 0  166666 0
1000000 2  833333 0  166667 0
1000000 2  833331 0  166665 0
1000000 2  833332 1  166666 1
1000000 2  833334 0  166668 0
1000000 2  833330 0  166664 0
1000000 2  833332 2  166666 2
1000000 2  833333 1  166667 1
1000000 2  833331 1  166665 1
1000000 2  999999 833332  999999 166666
1000000 2  999998 833332  999998 166666
1000000 2  999999 833333  999999 166667
1000000 2  999999 833331  999999 166665
1000000 2  999997 833332  999997 166666
1000000 2  999999 833334  999999 166668
1000000 2  999999 833330  999999 166664
1000000 2  999998 833333  999998 166667
1000000 2  999998 833331  999998 166665
1000000 2  166667 999999  833333 999999
1000000 2  166668 999999  833334 999999
1000000 2  166666 999999  833332 999999
1000000 2  166667 999998  833333 999998
1000000 2  166669 999999  833335 999999
1000000 2  166665 999999  833331 999999
1000000 2  166667 999997  833333 999997
1000000 2  166668 999998  833334 999998
1000000 2  166666 999998  833332 999998
1000000 2  999997 166667  999997 833333
1000000 2  999999 166669  999999 833335
1000000 2  999998 166668  999998 833334
1000000 2  2 833332  2 166666
1000000 2  0 833330  0 166664
1000000 2  1 833331  1 166665
1000000 2  166669 0  833335 0
1000000 2  166667 2  833333 2
1000000 2  166668 1  833334 1
1000000 2  833330 999999  166664 999999
1000000 2  833332 999997  166666 999997
1000000 2  833331 999998  166665 999998
1000000 2  500000 250000  500000 750000
1000000 2  500001 250000  500001 750000
1000000 2  499999 250000  499999 750000
1000000 2  500000 250001  500000 750001
1000000 2  500000 249999  500000 749999
1000000 2  500002 250000  500002 750000
1000000 2  499998 250000  499998 750000
1000000 2  500000 250002  500000 750002
1000000 2  500000 249998  500000 749998
1000000 2  500001 250001  500001 750001
1000000 2  500001 249999  500001 749999
1000000 2  499999 250001  499999 750001
1000000 2  499999 249999  499999 749999
1000000 2  749999 500000  249999 500000
1000000 2  750000 500000  250000 500000
1000000 2  749998 500000  249998 500000
1000000 2  749999 500001  249999 500001
1000000 2  749999 499999  249999 499999
1000000 2  750001 500000  250001 500000
1000000 2  749997 500000  249997 500000
1000000 2  749999 500002  249999 500002
1000000 2  749999 499998  249999 499998
1000000 2  750000 500001  250000 500001
1000000 2  750000 499999  250000 499999
1000000 2  749998 500001  249998 500001
1000000 2  749998 499999  249998 499999
1000000 2  499998 749999  499998 249999
1000000 2  499999 749998  499999 249998
1000000 2  499997 749999  499997 249999
1000000 2  499999 749997  499999 249997
1000000 2  499998 749998  499998 249998
1000000 2  250001 499999  750001 499999
1000000 2  250000 499998  750000 499998
1000000 2  250002 499999  750002 499999
1000000 2  250000 499997  750000 499997
1000000 2  250001 499998  750001 499998
1000000 2  499997 250000  499997 750000
1000000 2  499999 250002  499999 750002
1000000 2  499998 250001  499998 750001
1000000 2  500002 749999  500002 249999
1000000 2  500000 749997  500000 249997
1000000 2  500001 749998  500001 249998
1000000 2  250002 500000  750002 500000
1000000 2  250000 500002  750000 500002
1000000 2  250001 500001  750001 500001
1000000 2  749997 499999  249997 499999
1000000 2  749999 499997  249999 499997
1000000 2  749998 499998  249998 499998
1000000 2  500000 300000  500000 700000
1000000 2  500001 300000  500001 700000
1000000 2  499999 300000  499999 700000
1000000 2  500000 300001  500000 700001
1000000 2  500000 299999  500000 699999
1000000 2  500002 300000  500002 700000
1000000 2  499998 300000  499998 700000
1000000 2  500000 300002  500000 700002
1000000 2  500000 299998  500000 699998
1000000 2  500001 300001  500001 700001
1000000 2  500001 299999  500001 699999
1000000 2  499999 300001  499999 700001
1000000 2  499999 299999  499999 699999
1000000 2  699999 500000  299999 500000
1000000 2  700000 500000  300000 500000
1000000 2  699998 500000  299998 500000
1000000 2  699999 500001  299999 500001
1000000 2  699999 499999  299999 499999
1000000 2  700001 500000  300001 500000
1000000 2  699997 500000  299997 500000
1000000 2  699999 500002  299999 500002
1000000 2  699999 499998  299999 499998
1000000 2  700000 500001  300000 500001
1000000 2  700000 499999  300000 499999
1000000 2  699998 500001  299998 500001
1000000 2  699998 499999  299998 499999
1000000 2  499998 699999  499998 299999
1000000 2  499999 699998  499999 299998
1000000 2  499997 699999  499997 299999
1000000 2  499999 699997  499999 299997
1000000 2  499998 699998  499998 299998
1000000 2  300001 499999  700001 499999
1000000 2  300000 499998  700000 499998
1000000 2  300002 499999  700002 499999
1000000 2  300000 499997  700000 499997
1000000 2  300001 499998  700001 499998
1000000 2  499997 300000  499997 700000
1000000 2  499999 300002  499999 700002
1000000 2  499998 300001  499998 700001
1000000 2  500002 699999  500002 299999
1000000 2  500000 699997  500000 299997
1000000 2  500001 699998  500001 299998
1000000 2  300002 500000  700002 500000
1000000 2  300000 500002  700000 500002
1000000 2  300001 500001  700001 500001
1000000 2  699997 499999  299997 499999
1000000 2  699999 499997  299999 499997
1000000 2  699998 499998  299998 499998
1000000 2  500000 375000  500000 625000
1000000 2  500001 375000  500001 625000
1000000 2  499999 375000  499999 625000
1000000 2  500000 375001  500000 625001
1000000 2  500000 374999  500000 624999
1000000 2  500002 375000  500002 625000
1000000 2  499998 375000  499998 625000
1000000 2  500000 375002  500000 625002
1000000 2  500000 374998  500000 624998
1000000 2  500001 375001  500001 625001
1000000 2  500001 374999  500001 624999
1000000 2  499999 375001  499999 625001
1000000 2  499999 374999  499999 624999
1000000 2  624999 500000  374999 500000
1000000 2  625000 500000  375000 500000
1000000 2  624998 500000  374998 500000
1000000 2  624999 500001  374999 500001
1000000 2  624999 499999  374999 499999
1000000 2  625001 500000  375001 500000
1000000 2  624997 500000  374997 500000
1000000 2  624999 500002  374999 500002
1000000 2  624999 499998  374999 499998
1000000 2  625000 500001  375000 500001
1000000 2  625000 499999  375000 499999
1000000 2  624998 500001  374998 500001
1000000 2  624998 499999  374998 499999
1000000 2  499998 624999  499998 374999
1000000 2  499999 624998  499999 374998
1000000 2  499997 624999  499997 374999
1000000 2  499999 624997  499999 374997
1000000 2  499998 624998  499998 374998
1000000 2  375001 499999  625001 499999
1000000 2  375000 499998  625000 499998
1000000 2  375002 499999  625002 499999
1000000 2  375000 499997  625000 499997
1000000 2  375001 499998  625001 499998
1000000 2  499997 375000  499997 625000
1000000 2  499999 375002  499999 625002
1000000 2  499998 375001  499998 625001
1000000 2  500002 624999  500002 374999
1000000 2  500000 624997  500000 374997
1000000 2  500001 624998  500001 374998
1000000 2  375002 500000  625002 500000
1000000 2  375000 500002  625000 500002
1000000 2  375001 500001  625001 500001
1000000 2  624997 499999  374997 499999
1000000 2  624999 499997  374999 499997
1000000 2  624998 499998  374998 499998
1000000 2  250000 250000  250000 750000
1000000 2  250001 250000  250001 750000
1000000 2  249999 250000  249999 750000
1000000 2  250000 250001  250000 750001
1000000 2  250000 249999  250000 749999
1000000 2  250002 250000  250002 750000
1000000 2  249998 250000  249998 750000
1000000 2  250000 250002  250000 750002
1000000 2  250000 249998  250000 749998
1000000 2  250001 250001  250001 750001
1000000 2  250001 249999  250001 749999
1000000 2  249999 250001  249999 750001
1000000 2  249999 249999  249999 749999
1000000 2  749999 250000  249999 250000
1000000 2  750000 250000  250000 250000
1000000 2  749998 250000  249998 250000
1000000 2  749999 250001  249999 250001
1000000 2  749999 249999  249999 249999
1000000 2  750001 250000  250001 250000
1000000 2  749997 250000  249997 250000
1000000 2  749999 250002  249999 250002
1000000 2  749999 249998  249999 249998
1000000 2  750000 250001  250000 250001
1000000 2  750000 249999  250000 249999
1000000 2  749998 250001  249998 250001
1000000 2  749998 249999  249998 249999
1000000 2  749999 749999  749999 249999
1000000 2  750000 749999  750000 249999
1000000 2  749998 749999  749998 249999
1000000 2  749999 750000  749999 250000
1000000 2  749999 749998  749999 249998
1000000 2  750001 749999  750001 249999
1000000 2  749997 749999  749997 249999
1000000 2  749999 750001  749999 250001
1000000 2  749999 749997  749999 249997
1000000 2  750000 750000  750000 250000
1000000 2  750000 749998  750000 249998
1000000 2  749998 750000  749998 250000
1000000 2  749998 749998  749998 249998
1000000 2  250000 749999  750000 749999
1000000 2  250001 749999  750001 749999
1000000 2  249999 749999  749999 749999
1000000 2  250000 750000  750000 750000
1000000 2  250000 749998  750000 749998
1000000 2  250002 749999  750002 749999
1000000 2  249998 749999  749998 749999
1000000 2  250000 750001  750000 750001
1000000 2  250000 749997  750000 749997
1000000 2  250001 750000  750001 750000
1000000 2  250001 749998  750001 749998
1000000 2  249999 750000  749999 750000
1000000 2  249999 749998  749999 749998
1000000 2  750001 250000  750001 750000
1000000 2  749997 250000  749997 750000
1000000 2  749999 250002  749999 750002
1000000 2  750000 250001  750000 750001
1000000 2  749998 250001  749998 750001
1000000 2  250002 749999  250002 249999
1000000 2  249998 749999  249998 249999
1000000 2  250000 749997  250000 249997
1000000 2  250001 749998  250001 249998
1000000 2  249999 749998  249999 249998
1000000 2  250002 250000  750002 250000
1000000 2  250000 250002  750000 250002
1000000 2  250000 249998  750000 249998
1000000 2  250001 250001  750001 250001
1000000 2  250001 249999  750001 249999
1000000 2  749997 749999  249997 749999
1000000 2  749999 750001  249999 750001
1000000 2  749999 749997  249999 749997
1000000 2  749998 750000  249998 750000
1000000 2  749998 749998  249998 749998
1000000 2  250000 166667  250000 833333
1000000 2  250001 166667  250001 833333
1000000 2  249999 166667  249999 833333
1000000 2  250000 166668  250000 833334
1000000 2  250000 166666  250000 833332
1000000 2  250002 166667  250002 833333
1000000 2  249998 166667  249998 833333
1000000 2  250000 166669  250000 833335
1000000 2  250000 166665  250000 833331
1000000 2  250001 166668  250001 833334
1000000 2  250001 166666  250001 833332
1000000 2  249999 166668  249999 833334
1000000 2  249999 166666  249999 833332
1000000 2  833332 250000  166666 250000
1000000 2  833333 250000  166667 250000
1000000 2  833331 250000  166665 250000
1000000 2  833332 250001  166666 250001
1000000 2  833332 249999  166666 249999
1000000 2  833334 250000  166668 250000
1000000 2  833330 250000  166664 250000
1000000 2  833332 250002  166666 250002
1000000 2  833332 249998  166666 249998
1000000 2  833333 250001  166667 250001
1000000 2  833333 249999  166667 249999
1000000 2  833331 250001  166665 250001
1000000 2  833331 249999  166665 249999
1000000 2  749999 833332  749999 166666
1000000 2  750000 833332  750000 166666
1000000 2  749998 833332  749998 166666
1000000 2  749999 833333  749999 166667
1000000 2  749999 833331  749999 166665
1000000 2  750001 833332  750001 166666
1000000 2  749997 833332  749997 166666
1000000 2  749999 833334  749999 166668
1000000 2  749999 833330  749999 166664
1000000 2  750000 833333  750000 166667
1000000 2  750000 833331  750000 166665
1000000 2  749998 833333  749998 166667
1000000 2  749998 833331  749998 166665
1000000 2  166667 749999  833333 749999
1000000 2  166668 749999  833334 749999
1000000 2  166666 749999  833332 749999
1000000 2  166667 750000  833333 750000
1000000 2  166667 749998  833333 749998
1000000 2  166669 749999  833335 749999
1000000 2  166665 749999  833331 749999
1000000 2  166667 750001  833333 750001
1000000 2  166667 749997  833333 749997
1000000 2  166668 750000  833334 750000
1000000 2  166668 749998  833334 749998
1000000 2  166666 750000  833332 750000
1000000 2  166666 749998  833332 749998
1000000 2  750001 166667  750001 833333
1000000 2  749997 166667  749997 833333
1000000 2  749999 166669  749999 833335
1000000 2  750000 166668  750000 833334
1000000 2  749998 166668  749998 833334
1000000 2  250002 833332  250002 166666
1000000 2  249998 833332  249998 166666
1000000 2  250000 833330  250000 166664
1000000 2  250001 833331  250001 166665
1000000 2  249999 833331  249999 166665
1000000 2  166669 250000  833335 250000
1000000 2  166667 250002  833333 250002
1000000 2  166667 249998  833333 249998
1000000 2  166668 250001  833334 250001
1000000 2  166668 249999  833334 249999
1000000 2  833330 749999  166664 749999
1000000 2  833332 750001  166666 750001
1000000 2  833332 749997  166666 749997
1000000 2  833331 750000  166665 750000
1000000 2  833331 749998  166665 749998
1000000 2  333333 100000  333333 900000
1000000 2  333334 100000  333334 900000
1000000 2  333332 100000  333332 900000
1000000 2  333333 100001  333333 900001
1000000 2  333333 99999  333333 899999
1000000 2  333335 100000  333335 900000
1000000 2  333331 100000  333331 900000
1000000 2  333333 100002  333333 900002
1000000 2  333333 99998  333333 899998
1000000 2  333334 100001  333334 900001
1000000 2  333334 99999  333334 899999
1000000 2  333332 100001  333332 900001
1000000 2  333332 99999  333332 899999
1000000 2  899999 333333  99999 333333
1000000 2  900000 333333  100000 333333
1000000 2  899998 333333  99998 333333
1000000 2  899999 333334  99999 333334
1000000 2  899999 333332  99999 333332
1000000 2  900001 333333  100001 333333
1000000 2  899997 333333  99997 333333
1000000 2  899999 333335  99999 333335
1000000 2  899999 333331  99999 333331
1000000 2  900000 333334  100000 333334
1000000 2  900000 333332  100000 333332
1000000 2  899998 333334  99998 333334
1000000 2  899998 333332  99998 333332
1000000 2  666666 899999  666666 99999
1000000 2  666667 899999  666667 99999
1000000 2  666665 899999  666665 99999
1000000 2  666666 900000  666666 100000
1000000 2  666666 899998  666666 99998
1000000 2  666668 899999  666668 99999
1000000 2  666664 899999  666664 99999
1000000 2  666666 900001  666666 100001
1000000 2  666666 899997  666666 99997
1000000 2  666667 900000  666667 100000
1000000 2  666667 899998  666667 99998
1000000 2  666665 900000  666665 100000
1000000 2  666665 899998  666665 99998
1000000 2  100000 666666  900000 666666
1000000 2  100001 666666  900001 666666
1000000 2  99999 666666  899999 666666
1000000 2  100000 666667  900000 666667
1000000 2  100000 666665  900000 666665
1000000 2  100002 666666  900002 666666
1000000 2  99998 666666  899998 666666
1000000 2  100000 666668  900000 666668
1000000 2  100000 666664  900000 666664
1000000 2  100001 666667  900001 666667
1000000 2  100001 666665  900001 666665
1000000 2  99999 666667  899999 666667
1000000 2  99999 666665  899999 666665
1000000 2  666668 100000  666668 900000
1000000 2  666664 100000  666664 900000
1000000 2  666666 100002  666666 900002
1000000 2  666667 100001  666667 900001
1000000 2  666665 100001  666665 900001
1000000 2  333335 899999  333335 99999
1000000 2  333331 899999  333331 99999
1000000 2  333333 899997  333333 99997
1000000 2  333334 899998  333334 99998
1000000 2  333332 899998  333332 99998
1000000 2  100002 333333  900002 333333
1000000 2  100000 333335  900000 333335
1000000 2  100000 333331  900000 333331
1000000 2  100001 333334  900001 333334
1000000 2  100001 333332  900001 333332
1000000 2  899997 666666  99997 666666
1000000 2  899999 666668  99999 666668
1000000 2  899999 666664  99999 666664
1000000 2  899998 666667  99998 666667
1000000 2  899998 666665  99998 666665
1000000 2  800000 375000  800000 625000
1000000 2  800001 375000  800001 625000
1000000 2  799999 375000  799999 625000
1000000 2  800000 375001  800000 625001
1000000 2  800000 374999  800000 624999
1000000 2  800002 375000  800002 625000
1000000 2  799998 375000  799998 625000
1000000 2  800000 375002  800000 625002
1000000 2  800000 374998  800000 624998
1000000 2  800001 375001  800001 625001
1000000 2  800001 374999  800001 624999
1000000 2  799999 375001  799999 625001
1000000 2  799999 374999  799999 624999
1000000 2  624999 800000  374999 800000
1000000 2  625000 800000  375000 800000
1000000 2  624998 800000  374998 800000
1000000 2  624999 800001  374999 800001
1000000 2  624999 799999  374999 799999
1000000 2  625001 800000  375001 800000
1000000 2  624997 800000  374997 800000
1000000 2  624999 800002  374999 800002
1000000 2  624999 799998  374999 799998
1000000 2  625000 800001  375000 800001
1000000 2  625000 799999  375000 799999
1000000 2  624998 800001  374998 800001
1000000 2  624998 799999  374998 799999
1000000 2  199999 624999  199999 374999
1000000 2  200000 624999  200000 374999
1000000 2  199998 624999  199998 374999
1000000 2  199999 625000  199999 375000
1000000 2  199999 624998  199999 374998
1000000 2  200001 624999  200001 374999
1000000 2  199997 624999  199997 374999
1000000 2  199999 625001  199999 375001
1000000 2  199999 624997  199999 374997
1000000 2  200000 625000  200000 375000
1000000 2  200000 624998  200000 374998
1000000 2  199998 625000  199998 375000
1000000 2  199998 624998  199998 374998
1000000 2  375000 199999  625000 199999
1000000 2  375001 199999  625001 199999
1000000 2  374999 199999  624999 199999
1000000 2  375000 200000  625000 200000
1000000 2  375000 199998  625000 199998
1000000 2  375002 199999  625002 199999
1000000 2  374998 199999  624998 199999
1000000 2  375000 200001  625000 200001
1000000 2  375000 199997  625000 199997
1000000 2  375001 200000  625001 200000
1000000 2  375001 199998  625001 199998
1000000 2  374999 200000  624999 200000
1000000 2  374999 199998  624999 199998
1000000 2  200001 375000  200001 625000
1000000 2  199997 375000  199997 625000
1000000 2  199999 375002  199999 625002
1000000 2  200000 375001  200000 625001
1000000 2  199998 375001  199998 625001
1000000 2  800002 624999  800002 374999
1000000 2  799998 624999  799998 374999
1000000 2  800000 624997  800000 374997
1000000 2  800001 624998  800001 374998
1000000 2  799999 624998  799999 374998
1000000 2  375002 800000  625002 800000
1000000 2  375000 800002  625000 800002
1000000 2  375000 799998  625000 799998
1000000 2  375001 800001  625001 800001
1000000 2  375001 799999  625001 799999
1000000 2  624997 199999  374997 199999
1000000 2  624999 200001  374999 200001
1000000 2  624999 199997  374999 199997
1000000 2  624998 200000  374998 200000
1000000 2  624998 199998  374998 199998
1000000 2  500000 0  500000 999999
1000000 2  500001 0  500001 999999
1000000 2  499999 0  499999 999999
1000000 2  500002 0  500002 999999
1000000 2  499998 0  499998 999999
1000000 2  999999 500000  0 500000
1000000 2  999999 500001  0 500001
1000000 2  999999 499999  0 499999
1000000 2  999999 500002  0 500002
1000000 2  999999 499998  0 499998
1000000 2  499997 999999  499997 0
1000000 2  0 499997  999999 499997
1000000 2  500000 0  500000 250000
1000000 2  500001 0  500001 250000
1000000 2  499999 0  499999 250000
1000000 2  500000 1  500000 250001
1000000 2  500002 0  500002 250000
1000000 2  499998 0  499998 250000
1000000 2  500000 2  500000 250002
1000000 2  500001 1  500001 250001
1000000 2  499999 1  499999 250001
1000000 2  999999 500000  749999 500000
1000000 2  999998 500000  749998 500000
1000000 2  999999 500001  749999 500001
1000000 2  999999 499999  749999 499999
1000000 2  999997 500000  749997 500000
1000000 2  999999 500002  749999 500002
1000000 2  999999 499998  749999 499998
1000000 2  999998 500001  749998 500001
1000000 2  999998 499999  749998 499999
1000000 2  499999 999999  499999 749999
1000000 2  500000 999999  500000 749999
1000000 2  499998 999999  499998 749999
1000000 2  499999 999998  499999 749998
1000000 2  500001 999999  500001 749999
1000000 2  499997 999999  499997 749999
1000000 2  499999 999997  499999 749997
1000000 2  500000 999998  500000 749998
1000000 2  499998 999998  499998 749998
1000000 2  0 499999  250000 499999
1000000 2  1 499999  250001 499999
1000000 2  0 500000  250000 500000
1000000 2  0 499998  250000 499998
1000000 2  2 499999  250002 499999
1000000 2  0 500001  250000 500001
1000000 2  0 499997  250000 499997
1000000 2  1 500000  250001 500000
1000000 2  1 499998  250001 499998
1000000 2  499997 0  499997 250000
1000000 2  499999 2  499999 250002
1000000 2  499998 1  499998 250001
1000000 2  500002 999999  500002 749999
1000000 2  500000 999997  500000 749997
1000000 2  500001 999998  500001 749998
1000000 2  2 500000  250002 500000
1000000 2  0 500002  250000 500002
1000000 2  1 500001  250001 500001
1000000 2  999997 499999  749997 499999
1000000 2  999999 499997  749999 499997
1000000 2  999998 499998  749998 499998
1000000 2  500000 0  500000 333333
1000000 2  500001 0  500001 333333
1000000 2  499999 0  499999 333333
1000000 2  500000 1  500000 333334
1000000 2  500002 0  500002 333333
1000000 2  499998 0  499998 333333
1000000 2  500000 2  500000 333335
1000000 2  500001 1  500001 333334
1000000 2  499999 1  499999 333334
1000000 2  999999 500000  666666 500000
1000000 2  999998 500000  666665 500000
1000000 2  999999 500001  666666 500001
1000000 2  999999 499999  666666 499999
1000000 2  999997 500000  666664 500000
1000000 2  999999 500002  666666 500002
1000000 2  999999 499998  666666 499998
1000000 2  999998 500001  666665 500001
1000000 2  999998 499999  666665 499999
1000000 2  499999 999999  499999 666666
1000000 2  500000 999999  500000 666666
1000000 2  499998 999999  499998 666666
1000000 2  499999 999998  499999 666665
1000000 2  500001 999999  500001 666666
1000000 2  499997 999999  499997 666666
1000000 2  499999 999997  499999 666664
1000000 2  500000 999998  500000 666665
1000000 2  499998 999998  499998 666665
1000000 2  0 499999  333333 499999
1000000 2  1 499999  333334 499999
1000000 2  0 500000  333333 500000
1000000 2  0 499998  333333 499998
1000000 2  2 499999  333335 499999
1000000 2  0 500001  333333 500001
1000000 2  0 499997  333333 499997
1000000 2  1 500000  333334 500000
1000000 2  1 499998  333334 499998
1000000 2  499997 0  499997 333333
1000000 2  499999 2  499999 333335
1000000 2  499998 1  499998 333334
1000000 2  500002 999999  500002 666666
1000000 2  500000 999997  500000 666664
1000000 2  500001 999998  500001 666665
1000000 2  2 500000  333335 500000
1000000 2  0 500002  333333 500002
1000000 2  1 500001  333334 500001
1000000 2  999997 499999  666664 499999
1000000 2  999999 499997  666666 499997
1000000 2  999998 499998  666665 499998
1000000 2  500000 1  500000 999998
1000000 2  500001 1  500001 999998
1000000 2  499999 1  499999 999998
1000000 2  500000 2  500000 999999
1000000 2  500000 0  500000 999997
1000000 2  500002 1  500002 999998
1000000 2  499998 1  499998 999998
1000000 2  500001 2  500001 999999
1000000 2  500001 0  500001 999997
1000000 2  499999 2  499999 999999
1000000 2  499999 0  499999 999997
1000000 2  999998 500000  1 500000
1000000 2  999999 500000  2 500000
1000000 2  999997 500000  0 500000
1000000 2  999998 500001  1 500001
1000000 2  999998 499999  1 499999
1000000 2  999998 500002  1 500002
1000000 2  999998 499998  1 499998
1000000 2  999999 500001  2 500001
1000000 2  999999 499999  2 499999
1000000 2  999997 500001  0 500001
1000000 2  999997 499999  0 499999
1000000 2  499997 999998  499997 1
1000000 2  499998 999999  499998 2
1000000 2  499998 999997  499998 0
1000000 2  1 499997  999998 499997
1000000 2  2 499998  999999 499998
1000000 2  0 499998  999997 499998
1000000 2  500000 125000  500000 874999
1000000 2  500001 125000  500001 874999
1000000 2  499999 125000  499999 874999
1000000 2  500000 125001  500000 875000
1000000 2  500000 124999  500000 874998
1000000 2  500002 125000  500002 874999
1000000 2  499998 125000  499998 874999
1000000 2  500000 125002  500000 875001
1000000 2  500000 124998  500000 874997
1000000 2  500001 125001  500001 875000
1000000 2  500001 124999  500001 874998
1000000 2  499999 125001  499999 875000
1000000 2  499999 124999  499999 874998
1000000 2  874999 500000  125000 500000
1000000 2  875000 500000  125001 500000
1000000 2  874998 500000  124999 500000
1000000 2  874999 500001  125000 500001
1000000 2  874999 499999  125000 499999
1000000 2  875001 500000  125002 500000
1000000 2  874997 500000  124998 500000
1000000 2  874999 500002  125000 500002
1000000 2  874999 499998  125000 499998
1000000 2  875000 500001  125001 500001
1000000 2  875000 499999  125001 499999
1000000 2  874998 500001  124999 500001
1000000 2  874998 499999  124999 499999
1000000 2  499997 874999  499997 125000
1000000 2  499999 875001  499999 125002
1000000 2  499999 874997  499999 124998
1000000 2  499998 875000  499998 125001
1000000 2  499998 874998  499998 124999
1000000 2  125002 499999  875001 499999
1000000 2  124998 499999  874997 499999
1000000 2  125000 499997  874999 499997
1000000 2  125001 499998  875000 499998
1000000 2  124999 499998  874998 499998
1000000 2  0 0  999999 999999
1000000 2  999999 0  0 999999
1000000 2  0 0  999998 999999
1000000 2  1 0  999999 999999
1000000 2  999999 0  0 999998
1000000 2  999999 1  0 999999
1000000 2  999999 0  1 999999
1000000 2  999998 0  0 999999
1000000 2  0 0  999999 999998
1000000 2  0 1  999999 999999
1000000 2  0 0  666666 666666
1000000 2  1 0  666667 666666
1000000 2  0 1  666666 666667
1000000 2  2 0  666668 666666
1000000 2  0 2  666666 666668
1000000 2  1 1  666667 666667
1000000 2  999999 0  333333 666666
1000000 2  999998 0  333332 666666
1000000 2  999999 1  333333 666667
1000000 2  999997 0  333331 666666
1000000 2  999999 2  333333 666668
1000000 2  999998 1  333332 666667
1000000 2  999999 999999  333333 333333
1000000 2  999998 999999  333332 333333
1000000 2  999999 999998  333333 333332
1000000 2  999997 999999  333331 333333
1000000 2  999999 999997  333333 333331
1000000 2  999998 999998  333332 333332
1000000 2  0 999999  666666 333333
1000000 2  1 999999  666667 333333
1000000 2  0 999998  666666 333332
1000000 2  2 999999  666668 333333
1000000 2  0 999997  666666 333331
1000000 2  1 999998  666667 333332
1000000 2  250000 250000  749999 749999
1000000 2  250001 250000  750000 749999
1000000 2  249999 250000  749998 749999
1000000 2  250000 250001  749999 750000
1000000 2  250000 249999  749999 749998
1000000 2  250002 250000  750001 749999
1000000 2  249998 250000  749997 749999
1000000 2  250000 250002  749999 750001
1000000 2  250000 249998  749999 749997
1000000 2  250001 250001  750000 750000
1000000 2  250001 249999  750000 749998
1000000 2  249999 250001  749998 750000
1000000 2  249999 249999  749998 749998
1000000 2  749999 250000  250000 749999
1000000 2  750000 250000  250001 749999
1000000 2  749998 250000  249999 749999
1000000 2  749999 250001  250000 750000
1000000 2  749999 249999  250000 749998
1000000 2  750001 250000  250002 749999
1000000 2  749997 250000  249998 749999
1000000 2  749999 250002  250000 750001
1000000 2  749999 249998  250000 749997
1000000 2  750000 250001  250001 750000
1000000 2  750000 249999  250001 749998
1000000 2  749998 250001  249999 750000
1000000 2  749998 249999  249999 749998
1000000 2  200000 200000  799999 799999
1000000 2  200001 200000  800000 799999
1000000 2  199999 200000  799998 799999
1000000 2  200000 200001  799999 800000
1000000 2  200000 199999  799999 799998
1000000 2  200002 200000  800001 799999
1000000 2  199998 200000  799997 799999
1000000 2  200000 200002  799999 800001
1000000 2  200000 199998  799999 799997
1000000 2  200001 200001  800000 800000
1000000 2  200001 199999  800000 799998
1000000 2  199999 200001  799998 800000
1000000 2  199999 199999  799998 799998
1000000 2  799999 200000  200000 799999
1000000 2  800000 200000  200001 799999
1000000 2  799998 200000  199999 799999
1000000 2  799999 200001  200000 800000
1000000 2  799999 199999  200000 799998
1000000 2  800001 200000  200002 799999
1000000 2  799997 200000  199998 799999
1000000 2  799999 200002  200000 800001
1000000 2  799999 199998  200000 799997
1000000 2  800000 200001  200001 800000
1000000 2  800000 199999  200001 799998
1000000 2  799998 200001  199999 800000
1000000 2  799998 199999  199999 799998
1000000 2  125000 125000  874999 874999
1000000 2  125001 125000  875000 874999
1000000 2  124999 125000  874998 874999
1000000 2  125000 125001  874999 875000
1000000 2  125000 124999  874999 874998
1000000 2  125002 125000  875001 874999
1000000 2  124998 125000  874997 874999
1000000 2  125000 125002  874999 875001
1000000 2  125000 124998  874999 874997
1000000 2  125001 125001  875000 875000
1000000 2  125001 124999  875000 874998
1000000 2  124999 125001  874998 875000
1000000 2  124999 124999  874998 874998
1000000 2  874999 125000  125000 874999
1000000 2  875000 125000  125001 874999
1000000 2  874998 125000  124999 874999
1000000 2  874999 125001  125000 875000
1000000 2  874999 124999  125000 874998
1000000 2  875001 125000  125002 874999
1000000 2  874997 125000  124998 874999
1000000 2  874999 125002  125000 875001
1000000 2  874999 124998  125000 874997
1000000 2  875000 125001  125001 875000
1000000 2  875000 124999  125001 874998
1000000 2  874998 125001  124999 875000
1000000 2  874998 124999  124999 874998
1000000 2  333333 333333  666666 666666
1000000 2  333334 333333  666667 666666
1000000 2  333332 333333  666665 666666
1000000 2  333333 333334  666666 666667
1000000 2  333333 333332  666666 666665
1000000 2  333335 333333  666668 666666
1000000 2  333331 333333  666664 666666
1000000 2  333333 333335  666666 666668
1000000 2  333333 333331  666666 666664
1000000 2  333334 333334  666667 666667
1000000 2  333334 333332  666667 666665
1000000 2  333332 333334  666665 666667
1000000 2  333332 333332  666665 666665
1000000 2  666666 333333  333333 666666
1000000 2  666667 333333  333334 666666
1000000 2  666665 333333  333332 666666
1000000 2  666666 333334  333333 666667
1000000 2  666666 333332  333333 666665
1000000 2  666668 333333  333335 666666
1000000 2  666664 333333  333331 666666
1000000 2  666666 333335  333333 666668
1000000 2  666666 333331  333333 666664
1000000 2  666667 333334  333334 666667
1000000 2  666667 333332  333334 666665
1000000 2  666665 333334  333332 666667
1000000 2  666665 333332  333332 666665
1000000 2  250000 0  749999 999999
1000000 2  250001 0  750000 999999
1000000 2  249999 0  749998 999999
1000000 2  250002 0  750001 999999
1000000 2  249998 0  749997 999999
1000000 2  999999 250000  0 749999
1000000 2  999999 250001  0 750000
1000000 2  999999 249999  0 749998
1000000 2  999999 250002  0 750001
1000000 2  999999 249998  0 749997
1000000 2  749999 0  250000 999999
1000000 2  750000 0  250001 999999
1000000 2  749998 0  249999 999999
1000000 2  750001 0  250002 999999
1000000 2  749997 0  249998 999999
1000000 2  0 250000  999999 749999
1000000 2  0 250001  999999 750000
1000000 2  0 249999  999999 749998
1000000 2  0 250002  999999 750001
1000000 2  0 249998  999999 749997
1000000 2  500000 500000  500001 500000
1000000 2  500001 500000  500002 500000
1000000 2  499999 500000  500000 500000
1000000 2  500000 500001  500001 500001
1000000 2  500000 499999  500001 499999
1000000 2  500002 500000  500003 500000
1000000 2  499998 500000  499999 500000
1000000 2  500000 500002  500001 500002
1000000 2  500000 499998  500001 499998
1000000 2  500001 500001  500002 500001
1000000 2  500001 499999  500002 499999
1000000 2  499999 500001  500000 500001
1000000 2  499999 499999  500000 499999
1000000 2  499999 500000  499999 500001
1000000 2  500000 500000  500000 500001
1000000 2  499998 500000  499998 500001
1000000 2  499999 500001  499999 500002
1000000 2  499999 499999  499999 500000
1000000 2  500001 500000  500001 500001
1000000 2  499997 500000  499997 500001
1000000 2  499999 500002  499999 500003
1000000 2  499999 499998  499999 499999
1000000 2  500000 500001  500000 500002
1000000 2  500000 499999  500000 500000
1000000 2  499998 500001  499998 500002
1000000 2  499998 499999  499998 500000
1000000 2  499999 499999  499998 499999
1000000 2  499998 499999  499997 499999
1000000 2  499999 499998  499998 499998
1000000 2  499997 499999  499996 499999
1000000 2  499999 500001  499998 500001
1000000 2  499999 499997  499998 499997
1000000 2  500000 499998  499999 499998
1000000 2  499998 500000  499997 500000
1000000 2  499998 499998  499997 499998
1000000 2  500000 499999  500000 499998
1000000 2  500001 499999  500001 499998
1000000 2  500000 499998  500000 499997
1000000 2  500002 499999  500002 499998
1000000 2  499998 499999  499998 499998
1000000 2  500000 499997  500000 499996
1000000 2  500001 500000  500001 499999
1000000 2  500001 499998  500001 499997
1000000 2  499999 499998  499999 499997
1000000 2  499997 500000  499996 500000
1000000 2  499999 500002  499998 500002
1000000 2  499998 500001  499997 500001
1000000 2  500002 499999  500003 499999
1000000 2  500000 499997  500001 499997
1000000 2  500001 499998  500002 499998
1000000 2  500002 500000  500002 500001
1000000 2  500000 500002  500000 500003
1000000 2  500001 500001  500001 500002
1000000 2  499997 499999  499997 499998
1000000 2  499999 499997  499999 499996
1000000 2  499998 499998  499998 499997
1000000 2  0 500000  1 500000
1000000 2  1 500000  2 500000
1000000 2  0 500001  1 500001
1000000 2  0 499999  1 499999
1000000 2  2 500000  3 500000
1000000 2  0 500002  1 500002
1000000 2  0 499998  1 499998
1000000 2  1 500001  2 500001
1000000 2  1 499999  2 499999
1000000 2  499999 0  499999 1
1000000 2  500000 0  500000 1
1000000 2  499998 0  499998 1
1000000 2  499999 1  499999 2
1000000 2  500001 0  500001 1
1000000 2  499997 0  499997 1
1000000 2  499999 2  499999 3
1000000 2  500000 1  500000 2
1000000 2  499998 1  499998 2
1000000 2  999999 499999  999998 499999
1000000 2  999998 499999  999997 499999
1000000 2  999999 500000  999998 500000
1000000 2  999999 499998  999998 499998
1000000 2  999997 499999  999996 499999
1000000 2  999999 500001  999998 500001
1000000 2  999999 499997  999998 499997
1000000 2  999998 500000  999997 500000
1000000 2  999998 499998  999997 499998
1000000 2  500000 999999  500000 999998
1000000 2  500001 999999  500001 999998
1000000 2  499999 999999  499999 999998
1000000 2  500000 999998  500000 999997
1000000 2  500002 999999  500002 999998
1000000 2  499998 999999  499998 999998
1000000 2  500000 999997  500000 999996
1000000 2  500001 999998  500001 999997
1000000 2  499999 999998  499999 999997
1000000 2  999997 500000  999996 500000
1000000 2  999999 500002  999998 500002
1000000 2  999998 500001  999997 500001
1000000 2  2 499999  3 499999
1000000 2  0 499997  1 499997
1000000 2  1 499998  2 499998
1000000 2  500002 0  500002 1
1000000 2  500000 2  500000 3
1000000 2  500001 1  500001 2
1000000 2  499997 999999  499997 999998
1000000 2  499999 999997  499999 999996
1000000 2  499998 999998  499998 999997
1000000 2  0 500000  0 500001
1000000 2  1 500000  1 500001
1000000 2  0 500001  0 500002
1000000 2  0 499999  0 500000
1000000 2  2 500000  2 500001
1000000 2  0 500002  0 500003
1000000 2  0 499998  0 499999
1000000 2  1 500001  1 500002
1000000 2  1 499999  1 500000
1000000 2  499999 0  499998 0
1000000 2  500000 0  499999 0
1000000 2  499998 0  499997 0
1000000 2  499999 1  499998 1
1000000 2  500001 0  500000 0
1000000 2  499997 0  499996 0
1000000 2  499999 2  499998 2
1000000 2  500000 1  499999 1
1000000 2  499998 1  499997 1
1000000 2  999999 499999  999999 499998
1000000 2  999998 499999  999998 499998
1000000 2  999999 500000  999999 499999
1000000 2  999999 499998  999999 499997
1000000 2  999997 499999  999997 499998
1000000 2  999999 500001  999999 500000
1000000 2  999999 499997  999999 499996
1000000 2  999998 500000  999998 499999
1000000 2  999998 499998  999998 499997
1000000 2  500000 999999  500001 999999
1000000 2  500001 999999  500002 999999
1000000 2  499999 999999  500000 999999
1000000 2  500000 999998  500001 999998
1000000 2  500002 999999  500003 999999
1000000 2  499998 999999  499999 999999
1000000 2  500000 999997  500001 999997
1000000 2  500001 999998  500002 999998
1000000 2  499999 999998  500000 999998
1000000 2  999998 500000  999998 500001
1000000 2  999999 500001  999999 500002
1000000 2  999997 500000  999997 500001
1000000 2  999999 500002  999999 500003
1000000 2  999998 500001  999998 500002
1000000 2  1 499999  1 499998
1000000 2  0 499998  0 499997
1000000 2  2 499999  2 499998
1000000 2  0 499997  0 499996
1000000 2  1 499998  1 499997
1000000 2  500001 0  500002 0
1000000 2  500000 1  500001 1
1000000 2  500002 0  500003 0
1000000 2  500000 2  500001 2
1000000 2  500001 1  500002 1
1000000 2  499998 999999  499997 999999
1000000 2  499999 999998  499998 999998
1000000 2  499997 999999  499996 999999
1000000 2  499999 999997  499998 999997
1000000 2  499998 999998  499997 999998
1000000 2  0 0  1 0
1000000 2  1 0  2 0
1000000 2  0 1  1 1
1000000 2  2 0  3 0
1000000 2  0 2  1 2
1000000 2  1 1  2 1
1000000 2  999999 0  999999 1
1000000 2  999998 0  999998 1
1000000 2  999999 1  999999 2
1000000 2  999997 0  999997 1
1000000 2  999999 2  999999 3
1000000 2  999998 1  999998 2
1000000 2  999999 999999  999998 999999
1000000 2  999998 999999  999997 999999
1000000 2  999999 999998  999998 999998
1000000 2  999997 999999  999996 999999
1000000 2  999999 999997  999998 999997
1000000 2  999998 999998  999997 999998
1000000 2  0 999999  0 999998
1000000 2  1 999999  1 999998
1000000 2  0 999998  0 999997
1000000 2  2 999999  2 999998
1000000 2  0 999997  0 999996
1000000 2  1 999998  1 999997
1000000 2  999999 0  999998 0
1000000 2  999998 0  999997 0
1000000 2  999999 1  999998 1
1000000 2  999997 0  999996 0
1000000 2  999999 2  999998 2
1000000 2  999998 1  999997 1
1000000 2  0 999999  1 999999
1000000 2  1 999999  2 999999
1000000 2  0 999998  1 999998
1000000 2  2 999999  3 999999
1000000 2  0 999997  1 999997
1000000 2  1 999998  2 999998
1000000 2  0 0  0 1
1000000 2  1 0  1 1
1000000 2  0 1  0 2
1000000 2  2 0  2 1
1000000 2  0 2  0 3
1000000 2  1 1  1 2
1000000 2  999999 999999  999999 999998
1000000 2  999998 999999  999998 999998
1000000 2  999999 999998  999999 999997
1000000 2  999997 999999  999997 999998
1000000 2  999999 999997  999999 999996
1000000 2  999998 999998  999998 999997
1000000 2  499999 500000  500001 500000
1000000 2  500000 500000  500002 500000
1000000 2  499998 500000  500000 500000
1000000 2  499999 500001  500001 500001
1000000 2  499999 499999  500001 499999
1000000 2  500001 500000  500003 500000
1000000 2  499997 500000  499999 500000
1000000 2  499999 500002  500001 500002
1000000 2  499999 499998  500001 499998
1000000 2  500000 500001  500002 500001
1000000 2  500000 499999  500002 499999
1000000 2  499998 500001  500000 500001
1000000 2  499998 499999  500000 499999
1000000 2  499999 499999  499999 500001
1000000 2  500000 499999  500000 500001
1000000 2  499998 499999  499998 500001
1000000 2  499999 500000  499999 500002
1000000 2  499999 499998  499999 500000
1000000 2  500001 499999  500001 500001
1000000 2  499997 499999  499997 500001
1000000 2  499999 500001  499999 500003
1000000 2  499999 499997  499999 499999
1000000 2  500000 500000  500000 500002
1000000 2  500000 499998  500000 500000
1000000 2  499998 500000  499998 500002
1000000 2  499998 499998  499998 500000
1000000 2  499999 499999  499997 499999
1000000 2  500000 499998  499998 499998
1000000 2  499998 499999  499996 499999
1000000 2  500000 499997  499998 499997
1000000 2  499999 499998  499997 499998
1000000 2  500001 500000  500001 499998
1000000 2  500000 499999  500000 499997
1000000 2  500002 500000  500002 499998
1000000 2  500000 499998  500000 499996
1000000 2  500001 499999  500001 499997
1000000 2  499998 500000  499996 500000
1000000 2  500000 500002  499998 500002
1000000 2  499999 500001  499997 500001
1000000 2  500001 499999  500003 499999
1000000 2  499999 499997  500001 499997
1000000 2  500000 499998  500002 499998
1000000 2  500002 499999  500002 500001
1000000 2  500000 500001  500000 500003
1000000 2  500001 500000  500001 500002
1000000 2  499997 500000  499997 499998
1000000 2  499999 499998  499999 499996
1000000 2  499998 499999  499998 499997
1000000 2  0 0  2 0
1000000 2  1 0  3 0
1000000 2  0 1  2 1
1000000 2  2 0  4 0
1000000 2  0 2  2 2
1000000 2  1 1  3 1
1000000 2  999999 0  999999 2
1000000 2  999998 0  999998 2
1000000 2  999999 1  999999 3
1000000 2  999997 0  999997 2
1000000 2  999999 2  999999 4
1000000 2  999998 1  999998 3
1000000 2  999999 999999  999997 999999
1000000 2  999998 999999  999996 999999
1000000 2  999999 999998  999997 999998
1000000 2  999997 999999  999995 999999
1000000 2  999999 999997  999997 999997
1000000 2  999998 999998  999996 999998
1000000 2  0 999999  0 999997
1000000 2  1 999999  1 999997
1000000 2  0 999998  0 999996
1000000 2  2 999999  2 999997
1000000 2  0 999997  0 999995
1000000 2  1 999998  1 999996
1000000 2  999999 0  999997 0
1000000 2  999998 0  999996 0
1000000 2  999999 1  999997 1
1000000 2  999997 0  999995 0
1000000 2  999999 2  999997 2
1000000 2  999998 1  999996 1
1000000 2  0 999999  2 999999
1000000 2  1 999999  3 999999
1000000 2  0 999998  2 999998
1000000 2  2 999999  4 999999
1000000 2  0 999997  2 999997
1000000 2  1 999998  3 999998
1000000 2  0 0  0 2
1000000 2  1 0  1 2
1000000 2  0 1  0 3
1000000 2  2 0  2 2
1000000 2  0 2  0 4
1000000 2  1 1  1 3
1000000 2  999999 999999  999999 999997
1000000 2  999998 999999  999998 999997
1000000 2  999999 999998  999999 999996
1000000 2  999997 999999  999997 999997
1000000 2  999999 999997  999999 999995
1000000 2  999998 999998  999998 999996
1000000 2  0 0  1 1
1000000 2  1 0  2 1
1000000 2  0 1  1 2
1000000 2  2 0  3 1
1000000 2  0 2  1 3
1000000 2  1 1  2 2
1000000 2  999999 0  999998 1
1000000 2  999998 0  999997 1
1000000 2  999999 1  999998 2
1000000 2  999997 0  999996 1
1000000 2  999999 2  999998 3
1000000 2  999998 1  999997 2
1000000 2  999999 999999  999998 999998
1000000 2  999998 999999  999997 999998
1000000 2  999999 999998  999998 999997
1000000 2  999997 999999  999996 999998
1000000 2  999999 999997  999998 999996
1000000 2  999998 999998  999997 999997
1000000 2  0 999999  1 999998
1000000 2  1 999999  2 999998
1000000 2  0 999998  1 999997
1000000 2  2 999999  3 999998
1000000 2  0 999997  1 999996
1000000 2  1 999998  2 999997
1000000 2  500000 500000  500001 500001
1000000 2  500001 500000  500002 500001
1000000 2  499999 500000  500000 500001
1000000 2  500000 500001  500001 500002
1000000 2  500000 499999  500001 500000
1000000 2  500002 500000  500003 500001
1000000 2  499998 500000  499999 500001
1000000 2  500000 500002  500001 500003
1000000 2  500000 499998  500001 499999
1000000 2  500001 500001  500002 500002
1000000 2  500001 499999  500002 500000
1000000 2  499999 500001  500000 500002
1000000 2  499999 499999  500000 500000
1000000 2  499999 500000  499998 500001
1000000 2  500000 500000  499999 500001
1000000 2  499998 500000  499997 500001
1000000 2  499999 500001  499998 500002
1000000 2  499999 499999  499998 500000
1000000 2  500001 500000  500000 500001
1000000 2  499997 500000  499996 500001
1000000 2  499999 500002  499998 500003
1000000 2  499999 499998  499998 499999
1000000 2  500000 500001  499999 500002
1000000 2  500000 499999  499999 500000
1000000 2  499998 500001  499997 500002
1000000 2  499998 499999  499997 500000
1000000 2  499999 499999  499998 499998
1000000 2  500000 499999  499999 499998
1000000 2  499998 499999  499997 499998
1000000 2  499999 500000  499998 499999
1000000 2  499999 499998  499998 499997
1000000 2  499997 499999  499996 499998
1000000 2  499999 499997  499998 499996
1000000 2  500000 499998  499999 499997
1000000 2  499998 500000  499997 499999
1000000 2  499998 499998  499997 499997
1000000 2  500000 499999  500001 499998
1000000 2  500001 499999  500002 499998
1000000 2  499999 499999  500000 499998
1000000 2  500000 500000  500001 499999
1000000 2  500000 499998  500001 499997
1000000 2  500002 499999  500003 499998
1000000 2  500000 499997  500001 499996
1000000 2  500001 500000  500002 499999
1000000 2  500001 499998  500002 499997
1000000 2  499999 499998  500000 499997
1000000 2  500002 500000  500004 500000
1000000 2  500000 500002  500002 500002
1000000 2  500001 500001  500003 500001
1000000 2  499997 500000  499997 500002
1000000 2  499999 500002  499999 500004
1000000 2  499998 500001  499998 500003
1000000 2  499997 499999  499995 499999
1000000 2  499999 499997  499997 499997
1000000 2  499998 499998  499996 499998
1000000 2  500002 499999  500002 499997
1000000 2  500000 499997  500000 499995
1000000 2  500001 499998  500001 499996
1000000 2  499997 500000  499995 500000
1000000 2  499999 500002  499997 500002
1000000 2  499998 500001  499996 500001
1000000 2  500002 499999  500004 499999
1000000 2  500000 499997  500002 499997
1000000 2  500001 499998  500003 499998
1000000 2  500002 500000  500002 500002
1000000 2  500000 500002  500000 500004
1000000 2  500001 500001  500001 500003
1000000 2  499997 499999  499997 499997
1000000 2  499999 499997  499999 499995
1000000 2  499998 499998  499998 499996
1000000 2  200000 500000  800000 500000
1000000 2  200001 500000  800001 500000
1000000 2  199999 500000  799999 500000
1000000 2  200000 500001  800000 500001
1000000 2  200000 499999  800000 499999
1000000 2  200002 500000  800002 500000
1000000 2  199998 500000  799998 500000
1000000 2  200000 500002  800000 500002
1000000 2  200000 499998  800000 499998
1000000 2  200001 500001  800001 500001
1000000 2  200001 499999  800001 499999
1000000 2  199999 500001  799999 500001
1000000 2  199999 499999  799999 499999
1000000 2  499999 200000  499999 800000
1000000 2  500000 200000  500000 800000
1000000 2  499998 200000  499998 800000
1000000 2  499999 200001  499999 800001
1000000 2  499999 199999  499999 799999
1000000 2  500001 200000  500001 800000
1000000 2  499997 200000  499997 800000
1000000 2  499999 200002  499999 800002
1000000 2  499999 199998  499999 799998
1000000 2  500000 200001  500000 800001
1000000 2  500000 199999  500000 799999
1000000 2  499998 200001  499998 800001
1000000 2  499998 199999  499998 799999
1000000 2  799998 499999  199998 499999
1000000 2  799999 499998  199999 499998
1000000 2  799997 499999  199997 499999
1000000 2  799999 499997  199999 499997
1000000 2  799998 499998  199998 499998
1000000 2  500001 799999  500001 199999
1000000 2  500000 799998  500000 199998
1000000 2  500002 799999  500002 199999
1000000 2  500000 799997  500000 199997
1000000 2  500001 799998  500001 199998
1000000 2  799997 500000  199997 500000
1000000 2  799999 500002  199999 500002
1000000 2  799998 500001  199998 500001
1000000 2  200002 499999  800002 499999
1000000 2  200000 499997  800000 499997
1000000 2  200001 499998  800001 499998
1000000 2  500002 200000  500002 800000
1000000 2  500000 200002  500000 800002
1000000 2  500001 200001  500001 800001
1000000 2  499997 799999  499997 199999
1000000 2  499999 799997  499999 199997
1000000 2  499998 799998  499998 199998
1000000 2  250000 500000  666666 500000
1000000 2  250001 500000  666667 500000
1000000 2  249999 500000  666665 500000
1000000 2  250000 500001  666666 500001
1000000 2  250000 499999  666666 499999
1000000 2  250002 500000  666668 500000
1000000 2  249998 500000  666664 500000
1000000 2  250000 500002  666666 500002
1000000 2  250000 499998  666666 499998
1000000 2  250001 500001  666667 500001
1000000 2  250001 499999  666667 499999
1000000 2  249999 500001  666665 500001
1000000 2  249999 499999  666665 499999
1000000 2  499999 250000  499999 666666
1000000 2  500000 250000  500000 666666
1000000 2  499998 250000  499998 666666
1000000 2  499999 250001  499999 666667
1000000 2  499999 249999  499999 666665
1000000 2  500001 250000  500001 666666
1000000 2  499997 250000  499997 666666
1000000 2  499999 250002  499999 666668
1000000 2  499999 249998  499999 666664
1000000 2  500000 250001  500000 666667
1000000 2  500000 249999  500000 666665
1000000 2  499998 250001  499998 666667
1000000 2  499998 249999  499998 666665
1000000 2  749999 499999  333333 499999
1000000 2  750000 499999  333334 499999
1000000 2  749998 499999  333332 499999
1000000 2  749999 500000  333333 500000
1000000 2  749999 499998  333333 499998
1000000 2  750001 499999  333335 499999
1000000 2  749997 499999  333331 499999
1000000 2  749999 500001  333333 500001
1000000 2  749999 499997  333333 499997
1000000 2  750000 500000  333334 500000
1000000 2  750000 499998  333334 499998
1000000 2  749998 500000  333332 500000
1000000 2  749998 499998  333332 499998
1000000 2  500000 749999  500000 333333
1000000 2  500001 749999  500001 333333
1000000 2  499999 749999  499999 333333
1000000 2  500000 750000  500000 333334
1000000 2  500000 749998  500000 333332
1000000 2  500002 749999  500002 333333
1000000 2  499998 749999  499998 333333
1000000 2  500000 750001  500000 333335
1000000 2  500000 749997  500000 333331
1000000 2  500001 750000  500001 333334
1000000 2  500001 749998  500001 333332
1000000 2  499999 750000  499999 333334
1000000 2  499999 749998  499999 333332
1000000 2  750001 500000  333335 500000
1000000 2  749997 500000  333331 500000
1000000 2  749999 500002  333333 500002
1000000 2  750000 500001  333334 500001
1000000 2  749998 500001  333332 500001
1000000 2  250002 499999  666668 499999
1000000 2  249998 499999  666664 499999
1000000 2  250000 499997  666666 499997
1000000 2  250001 499998  666667 499998
1000000 2  249999 499998  666665 499998
1000000 2  500002 250000  500002 666666
1000000 2  500000 250002  500000 666668
1000000 2  500000 249998  500000 666664
1000000 2  500001 250001  500001 666667
1000000 2  500001 249999  500001 666665
1000000 2  499997 749999  499997 333333
1000000 2  499999 750001  499999 333335
1000000 2  499999 749997  499999 333331
1000000 2  499998 750000  499998 333334
1000000 2  499998 749998  499998 333332
1000000 2  333333 500000  666666 500000
1000000 2  333334 500000  666667 500000
1000000 2  333332 500000  666665 500000
1000000 2  333333 500001  666666 500001
1000000 2  333333 499999  666666 499999
1000000 2  333335 500000  666668 500000
1000000 2  333331 500000  666664 500000
1000000 2  333333 500002  666666 500002
1000000 2  333333 499998  666666 499998
1000000 2  333334 500001  666667 500001
1000000 2  333334 499999  666667 499999
1000000 2  333332 500001  666665 500001
1000000 2  333332 499999  666665 499999
1000000 2  499999 333333  499999 666666
1000000 2  500000 333333  500000 666666
1000000 2  499998 333333  499998 666666
1000000 2  499999 333334  499999 666667
1000000 2  499999 333332  499999 666665
1000000 2  500001 333333  500001 666666
1000000 2  499997 333333  499997 666666
1000000 2  499999 333335  499999 666668
1000000 2  499999 333331  499999 666664
1000000 2  500000 333334  500000 666667
1000000 2  500000 333332  500000 666665
1000000 2  499998 333334  499998 666667
1000000 2  499998 333332  499998 666665
1000000 2  666668 499999  333335 499999
1000000 2  666664 499999  333331 499999
1000000 2  666666 499997  333333 499997
1000000 2  666667 499998  333334 499998
1000000 2  666665 499998  333332 499998
1000000 2  500002 666666  500002 333333
1000000 2  500000 666668  500000 333335
1000000 2  500000 666664  500000 333331
1000000 2  500001 666667  500001 333334
1000000 2  500001 666665  500001 333332
1000000 2  200000 250000  800000 250000
1000000 2  200001 250000  800001 250000
1000000 2  199999 250000  799999 250000
1000000 2  200000 250001  800000 250001
1000000 2  200000 249999  800000 249999
1000000 2  200002 250000  800002 250000
1000000 2  199998 250000  799998 250000
1000000 2  200000 250002  800000 250002
1000000 2  200000 249998  800000 249998
1000000 2  200001 250001  800001 250001
1000000 2  200001 249999  800001 249999
1000000 2  199999 250001  799999 250001
1000000 2  199999 249999  799999 249999
1000000 2  749999 200000  749999 800000
1000000 2  750000 200000  750000 800000
1000000 2  749998 200000  749998 800000
1000000 2  749999 200001  749999 800001
1000000 2  749999 199999  749999 799999
1000000 2  750001 200000  750001 800000
1000000 2  749997 200000  749997 800000
1000000 2  749999 200002  749999 800002
1000000 2  749999 199998  749999 799998
1000000 2  750000 200001  750000 800001
1000000 2  750000 199999  750000 799999
1000000 2  749998 200001  749998 800001
1000000 2  749998 199999  749998 799999
1000000 2  799999 749999  199999 749999
1000000 2  800000 749999  200000 749999
1000000 2  799998 749999  199998 749999
1000000 2  799999 750000  199999 750000
1000000 2  799999 749998  199999 749998
1000000 2  800001 749999  200001 749999
1000000 2  799997 749999  199997 749999
1000000 2  799999 750001  199999 750001
1000000 2  799999 749997  199999 749997
1000000 2  800000 750000  200000 750000
1000000 2  800000 749998  200000 749998
1000000 2  799998 750000  199998 750000
1000000 2  799998 749998  199998 749998
1000000 2  250000 799999  250000 199999
1000000 2  250001 799999  250001 199999
1000000 2  249999 799999  249999 199999
1000000 2  250000 800000  250000 200000
1000000 2  250000 799998  250000 199998
1000000 2  250002 799999  250002 199999
1000000 2  249998 799999  249998 199999
1000000 2  250000 800001  250000 200001
1000000 2  250000 799997  250000 199997
1000000 2  250001 800000  250001 200000
1000000 2  250001 799998  250001 199998
1000000 2  249999 800000  249999 200000
1000000 2  249999 799998  249999 199998
1000000 2  799997 250000  199997 250000
1000000 2  799999 250002  199999 250002
1000000 2  799999 249998  199999 249998
1000000 2  799998 250001  199998 250001
1000000 2  799998 249999  199998 249999
1000000 2  200002 749999  800002 749999
1000000 2  200000 750001  800000 750001
1000000 2  200000 749997  800000 749997
1000000 2  200001 750000  800001 750000
1000000 2  200001 749998  800001 749998
1000000 2  250002 200000  250002 800000
1000000 2  249998 200000  249998 800000
1000000 2  250000 200002  250000 800002
1000000 2  250001 200001  250001 800001
1000000 2  249999 200001  249999 800001
1000000 2  750001 799999  750001 199999
1000000 2  749997 799999  749997 199999
1000000 2  749999 799997  749999 199997
1000000 2  750000 799998  750000 199998
1000000 2  749998 799998  749998 199998
1000000 2  250000 333333  666666 333333
1000000 2  250001 333333  666667 333333
1000000 2  249999 333333  666665 333333
1000000 2  250000 333334  666666 333334
1000000 2  250000 333332  666666 333332
1000000 2  250002 333333  666668 333333
1000000 2  249998 333333  666664 333333
1000000 2  250000 333335  666666 333335
1000000 2  250000 333331  666666 333331
1000000 2  250001 333334  666667 333334
1000000 2  250001 333332  666667 333332
1000000 2  249999 333334  666665 333334
1000000 2  249999 333332  666665 333332
1000000 2  666666 250000  666666 666666
1000000 2  666667 250000  666667 666666
1000000 2  666665 250000  666665 666666
1000000 2  666666 250001  666666 666667
1000000 2  666666 249999  666666 666665
1000000 2  666668 250000  666668 666666
1000000 2  666664 250000  666664 666666
1000000 2  666666 250002  666666 666668
1000000 2  666666 249998  666666 666664
1000000 2  666667 250001  666667 666667
1000000 2  666667 249999  666667 666665
1000000 2  666665 250001  666665 666667
1000000 2  666665 249999  666665 666665
1000000 2  749999 666666  333333 666666
1000000 2  750000 666666  333334 666666
1000000 2  749998 666666  333332 666666
1000000 2  749999 666667  333333 666667
1000000 2  749999 666665  333333 666665
1000000 2  750001 666666  333335 666666
1000000 2  749997 666666  333331 666666
1000000 2  749999 666668  333333 666668
1000000 2  749999 666664  333333 666664
1000000 2  750000 666667  333334 666667
1000000 2  750000 666665  333334 666665
1000000 2  749998 666667  333332 666667
1000000 2  749998 666665  333332 666665
1000000 2  333333 749999  333333 333333
1000000 2  333334 749999  333334 333333
1000000 2  333332 749999  333332 333333
1000000 2  333333 750000  333333 333334
1000000 2  333333 749998  333333 333332
1000000 2  333335 749999  333335 333333
1000000 2  333331 749999  333331 333333
1000000 2  333333 750001  333333 333335
1000000 2  333333 749997  333333 333331
1000000 2  333334 750000  333334 333334
1000000 2  333334 749998  333334 333332
1000000 2  333332 750000  333332 333334
1000000 2  333332 749998  333332 333332
1000000 2  749999 333333  333333 333333
1000000 2  750000 333333  333334 333333
1000000 2  749998 333333  333332 333333
1000000 2  749999 333334  333333 333334
1000000 2  749999 333332  333333 333332
1000000 2  750001 333333  333335 333333
1000000 2  749997 333333  333331 333333
1000000 2  749999 333335  333333 333335
1000000 2  749999 333331  333333 333331
1000000 2  750000 333334  333334 333334
1000000 2  750000 333332  333334 333332
1000000 2  749998 333334  333332 333334
1000000 2  749998 333332  333332 333332
1000000 2  250000 666666  666666 666666
1000000 2  250001 666666  666667 666666
1000000 2  249999 666666  666665 666666
1000000 2  250000 666667  666666 666667
1000000 2  250000 666665  666666 666665
1000000 2  250002 666666  666668 666666
1000000 2  249998 666666  666664 666666
1000000 2  250000 666668  666666 666668
1000000 2  250000 666664  666666 666664
1000000 2  250001 666667  666667 666667
1000000 2  250001 666665  666667 666665
1000000 2  249999 666667  666665 666667
1000000 2  249999 666665  666665 666665
1000000 2  333333 250000  333333 666666
1000000 2  333334 250000  333334 666666
1000000 2  333332 250000  333332 666666
1000000 2  333333 250001  333333 666667
1000000 2  333333 249999  333333 666665
1000000 2  333335 250000  333335 666666
1000000 2  333331 250000  333331 666666
1000000 2  333333 250002  333333 666668
1000000 2  333333 249998  333333 666664
1000000 2  333334 250001  333334 666667
1000000 2  333334 249999  333334 666665
1000000 2  333332 250001  333332 666667
1000000 2  333332 249999  333332 666665
1000000 2  666666 749999  666666 333333
1000000 2  666667 749999  666667 333333
1000000 2  666665 749999  666665 333333
1000000 2  666666 750000  666666 333334
1000000 2  666666 749998  666666 333332
1000000 2  666668 749999  666668 333333
1000000 2  666664 749999  666664 333333
1000000 2  666666 750001  666666 333335
1000000 2  666666 749997  666666 333331
1000000 2  666667 750000  666667 333334
1000000 2  666667 749998  666667 333332
1000000 2  666665 750000  666665 333334
1000000 2  666665 749998  666665 333332
1000000 2  0 500000  500000 500000
1000000 2  1 500000  500001 500000
1000000 2  0 500001  500000 500001
1000000 2  0 499999  500000 499999
1000000 2  2 500000  500002 500000
1000000 2  0 500002  500000 500002
1000000 2  0 499998  500000 499998
1000000 2  1 500001  500001 500001
1000000 2  1 499999  500001 499999
1000000 2  499999 0  499999 500000
1000000 2  500000 0  500000 500000
1000000 2  499998 0  499998 500000
1000000 2  499999 1  499999 500001
1000000 2  500001 0  500001 500000
1000000 2  499997 0  499997 500000
1000000 2  499999 2  499999 500002
1000000 2  500000 1  500000 500001
1000000 2  499998 1  499998 500001
1000000 2  999999 499999  499999 499999
1000000 2  999998 499999  499998 499999
1000000 2  999999 500000  499999 500000
1000000 2  999999 499998  499999 499998
1000000 2  999997 499999  499997 499999
1000000 2  999999 500001  499999 500001
1000000 2  999999 499997  499999 499997
1000000 2  999998 500000  499998 500000
1000000 2  999998 499998  499998 499998
1000000 2  500000 999999  500000 499999
1000000 2  500001 999999  500001 499999
1000000 2  499999 999999  499999 499999
1000000 2  500000 999998  500000 499998
1000000 2  500002 999999  500002 499999
1000000 2  499998 999999  499998 499999
1000000 2  500000 999997  500000 499997
1000000 2  500001 999998  500001 499998
1000000 2  499999 999998  499999 499998
1000000 2  999997 500000  499997 500000
1000000 2  999999 500002  499999 500002
1000000 2  999998 500001  499998 500001
1000000 2  2 499999  500002 499999
1000000 2  0 499997  500000 499997
1000000 2  1 499998  500001 499998
1000000 2  500002 0  500002 500000
1000000 2  500000 2  500000 500002
1000000 2  500001 1  500001 500001
1000000 2  499997 999999  499997 499999
1000000 2  499999 999997  499999 499997
1000000 2  499998 999998  499998 499998
1000000 2  500000 500000  999999 500000
1000000 2  499999 500000  999998 500000
1000000 2  500000 500001  999999 500001
1000000 2  500000 499999  999999 499999
1000000 2  499998 500000  999997 500000
1000000 2  500000 500002  999999 500002
1000000 2  500000 499998  999999 499998
1000000 2  499999 500001  999998 500001
1000000 2  499999 499999  999998 499999
1000000 2  499999 500000  499999 999999
1000000 2  500000 500000  500000 999999
1000000 2  499998 500000  499998 999999
1000000 2  499999 499999  499999 999998
1000000 2  500001 500000  500001 999999
1000000 2  499997 500000  499997 999999
1000000 2  499999 499998  499999 999997
1000000 2  500000 499999  500000 999998
1000000 2  499998 499999  499998 999998
1000000 2  499999 499999  0 499999
1000000 2  500000 499999  1 499999
1000000 2  499999 500000  0 500000
1000000 2  499999 499998  0 499998
1000000 2  500001 499999  2 499999
1000000 2  499999 500001  0 500001
1000000 2  499999 499997  0 499997
1000000 2  500000 500000  1 500000
1000000 2  500000 499998  1 499998
1000000 2  500000 499999  500000 0
1000000 2  500001 499999  500001 0
1000000 2  499999 499999  499999 0
1000000 2  500000 500000  500000 1
1000000 2  500002 499999  500002 0
1000000 2  499998 499999  499998 0
1000000 2  500000 500001  500000 2
1000000 2  500001 500000  500001 1
1000000 2  499999 500000  499999 1
1000000 2  500001 500000  2 500000
1000000 2  499999 500002  0 500002
1000000 2  500000 500001  1 500001
1000000 2  499998 499999  999997 499999
1000000 2  500000 499997  999999 499997
1000000 2  499999 499998  999998 499998
1000000 2  500002 500000  500002 999999
1000000 2  500000 499998  500000 999997
1000000 2  500001 499999  500001 999998
1000000 2  499997 499999  499997 0
1000000 2  499999 500001  499999 2
1000000 2  499998 500000  499998 1
1000000 2  400000 500000  600000 500000
1000000 2  400001 500000  600001 500000
1000000 2  399999 500000  599999 500000
1000000 2  400000 500001  600000 500001
1000000 2  400000 499999  600000 499999
1000000 2  400002 500000  600002 500000
1000000 2  399998 500000  599998 500000
1000000 2  400000 500002  600000 500002
1000000 2  400000 499998  600000 499998
1000000 2  400001 500001  600001 500001
1000000 2  400001 499999  600001 499999
1000000 2  399999 500001  599999 500001
1000000 2  399999 499999  599999 499999
1000000 2  499999 400000  499999 600000
1000000 2  500000 400000  500000 600000
1000000 2  499998 400000  499998 600000
1000000 2  499999 400001  499999 600001
1000000 2  499999 399999  499999 599999
1000000 2  500001 400000  500001 600000
1000000 2  499997 400000  499997 600000
1000000 2  499999 400002  499999 600002
1000000 2  499999 399998  499999 599998
1000000 2  500000 400001  500000 600001
1000000 2  500000 399999  500000 599999
1000000 2  499998 400001  499998 600001
1000000 2  499998 399999  499998 599999
1000000 2  599998 499999  399998 499999
1000000 2  599999 499998  399999 499998
1000000 2  599997 499999  399997 499999
1000000 2  599999 499997  399999 499997
1000000 2  599998 499998  399998 499998
1000000 2  500001 599999  500001 399999
1000000 2  500000 599998  500000 399998
1000000 2  500002 599999  500002 399999
1000000 2  500000 599997  500000 399997
1000000 2  500001 599998  500001 399998
1000000 2  599997 500000  399997 500000
1000000 2  599999 500002  399999 500002
1000000 2  599998 500001  399998 500001
1000000 2  400002 499999  600002 499999
1000000 2  400000 499997  600000 499997
1000000 2  400001 499998  600001 499998
1000000 2  500002 400000  500002 600000
1000000 2  500000 400002  500000 600002
1000000 2  500001 400001  500001 600001
1000000 2  499997 599999  499997 399999
1000000 2  499999 599997  499999 399997
1000000 2  499998 599998  499998 399998
1000000 2  500000 500000  500004 500000
1000000 2  500001 500000  500005 500000
1000000 2  499999 500000  500003 500000
1000000 2  500000 500001  500004 500001
1000000 2  500000 499999  500004 499999
1000000 2  500002 500000  500006 500000
1000000 2  499998 500000  500002 500000
1000000 2  500000 500002  500004 500002
1000000 2  500000 499998  500004 499998
1000000 2  500001 500001  500005 500001
1000000 2  500001 499999  500005 499999
1000000 2  499999 500001  500003 500001
1000000 2  499999 499999  500003 499999
1000000 2  499999 500000  499999 500004
1000000 2  500000 500000  500000 500004
1000000 2  499998 500000  499998 500004
1000000 2  499999 500001  499999 500005
1000000 2  499999 499999  499999 500003
1000000 2  500001 500000  500001 500004
1000000 2  499997 500000  499997 500004
1000000 2  499999 500002  499999 500006
1000000 2  499999 499998  499999 500002
1000000 2  500000 500001  500000 500005
1000000 2  500000 499999  500000 500003
1000000 2  499998 500001  499998 500005
1000000 2  499998 499999  499998 500003
1000000 2  499999 499999  499995 499999
1000000 2  500000 499999  499996 499999
1000000 2  499998 499999  499994 499999
1000000 2  499999 500000  499995 500000
1000000 2  499999 499998  499995 499998
1000000 2  500001 499999  499997 499999
1000000 2  499997 499999  499993 499999
1000000 2  499999 500001  499995 500001
1000000 2  499999 499997  499995 499997
1000000 2  500000 500000  499996 500000
1000000 2  500000 499998  499996 499998
1000000 2  499998 500000  499994 500000
1000000 2  499998 499998  499994 499998
1000000 2  500000 499999  500000 499995
1000000 2  500001 499999  500001 499995
1000000 2  499999 499999  499999 499995
1000000 2  500000 500000  500000 499996
1000000 2  500000 499998  500000 499994
1000000 2  500002 499999  500002 499995
1000000 2  499998 499999  499998 499995
1000000 2  500000 500001  500000 499997
1000000 2  500000 499997  500000 499993
1000000 2  500001 500000  500001 499996
1000000 2  500001 499998  500001 499994
1000000 2  499999 500000  499999 499996
1000000 2  499999 499998  499999 499994
1000000 2  500001 500000  499997 500000
1000000 2  499997 500000  499993 500000
1000000 2  499999 500002  499995 500002
1000000 2  500000 500001  499996 500001
1000000 2  499998 500001  499994 500001
1000000 2  500002 499999  500006 499999
1000000 2  499998 499999  500002 499999
1000000 2  500000 499997  500004 499997
1000000 2  500001 499998  500005 499998
1000000 2  499999 499998  500003 499998
1000000 2  500002 500000  500002 500004
1000000 2  500000 500002  500000 500006
1000000 2  500000 499998  500000 500002
1000000 2  500001 500001  500001 500005
1000000 2  500001 499999  500001 500003
1000000 2  499997 499999  499997 499995
1000000 2  499999 500001  499999 499997
1000000 2  499999 499997  499999 499993
1000000 2  499998 500000  499998 499996
1000000 2  499998 499998  499998 499994
1000000 2  500000 500000  500008 500000
1000000 2  500001 500000  500009 500000
1000000 2  499999 500000  500007 500000
1000000 2  500000 500001  500008 500001
1000000 2  500000 499999  500008 499999
1000000 2  500002 500000  500010 500000
1000000 2  499998 500000  500006 500000
1000000 2  500000 500002  500008 500002
1000000 2  500000 499998  500008 499998
1000000 2  500001 500001  500009 500001
1000000 2  500001 499999  500009 499999
1000000 2  499999 500001  500007 500001
1000000 2  499999 499999  500007 499999
1000000 2  499999 500000  499999 500008
1000000 2  500000 500000  500000 500008
1000000 2  499998 500000  499998 500008
1000000 2  499999 500001  499999 500009
1000000 2  499999 499999  499999 500007
1000000 2  500001 500000  500001 500008
1000000 2  499997 500000  499997 500008
1000000 2  499999 500002  499999 500010
1000000 2  499999 499998  499999 500006
1000000 2  500000 500001  500000 500009
1000000 2  500000 499999  500000 500007
1000000 2  499998 500001  499998 500009
1000000 2  499998 499999  499998 500007
1000000 2  499999 499999  499991 499999
1000000 2  500000 499999  499992 499999
1000000 2  499998 499999  499990 499999
1000000 2  499999 500000  499991 500000
1000000 2  499999 499998  499991 499998
1000000 2  500001 499999  499993 499999
1000000 2  499997 499999  499989 499999
1000000 2  499999 500001  499991 500001
1000000 2  499999 499997  499991 499997
1000000 2  500000 500000  499992 500000
1000000 2  500000 499998  499992 499998
1000000 2  499998 500000  499990 500000
1000000 2  499998 499998  499990 499998
1000000 2  500000 499999  500000 499991
1000000 2  500001 499999  500001 499991
1000000 2  499999 499999  499999 499991
1000000 2  500000 500000  500000 499992
1000000 2  500000 499998  500000 499990
1000000 2  500002 499999  500002 499991
1000000 2  499998 499999  499998 499991
1000000 2  500000 500001  500000 499993
1000000 2  500000 499997  500000 499989
1000000 2  500001 500000  500001 499992
1000000 2  500001 499998  500001 499990
1000000 2  499999 500000  499999 499992
1000000 2  499999 499998  499999 499990
1000000 2  500001 500000  499993 500000
1000000 2  499997 500000  499989 500000
1000000 2  499999 500002  499991 500002
1000000 2  500000 500001  499992 500001
1000000 2  499998 500001  499990 500001
1000000 2  500002 499999  500010 499999
1000000 2  499998 499999  500006 499999
1000000 2  500000 499997  500008 499997
1000000 2  500001 499998  500009 499998
1000000 2  499999 499998  500007 499998
1000000 2  500002 500000  500002 500008
1000000 2  500000 500002  500000 500010
1000000 2  500000 499998  500000 500006
1000000 2  500001 500001  500001 500009
1000000 2  500001 499999  500001 500007
1000000 2  499997 499999  499997 499991
1000000 2  499999 500001  499999 499993
1000000 2  499999 499997  499999 499989
1000000 2  499998 500000  499998 499992
1000000 2  499998 499998  499998 499990
1000000 2  500000 500000  500016 500000
1000000 2  500001 500000  500017 500000
1000000 2  499999 500000  500015 500000
1000000 2  500000 500001  500016 500001
1000000 2  500000 499999  500016 499999
1000000 2  500002 500000  500018 500000
1000000 2  499998 500000  500014 500000
1000000 2  500000 500002  500016 500002
1000000 2  500000 499998  500016 499998
1000000 2  500001 500001  500017 500001
1000000 2  500001 499999  500017 499999
1000000 2  499999 500001  500015 500001
1000000 2  499999 499999  500015 499999
1000000 2  499999 500000  499999 500016
1000000 2  500000 500000  500000 500016
1000000 2  499998 500000  499998 500016
1000000 2  499999 500001  499999 500017
1000000 2  499999 499999  499999 500015
1000000 2  500001 500000  500001 500016
1000000 2  499997 500000  499997 500016
1000000 2  499999 500002  499999 500018
1000000 2  499999 499998  499999 500014
1000000 2  500000 500001  500000 500017
1000000 2  500000 499999  500000 500015
1000000 2  499998 500001  499998 500017
1000000 2  499998 499999  499998 500015
1000000 2  499999 499999  499983 499999
1000000 2  500000 499999  499984 499999
1000000 2  499998 499999  499982 499999
1000000 2  499999 500000  499983 500000
1000000 2  499999 499998  499983 499998
1000000 2  500001 499999  499985 499999
1000000 2  499997 499999  499981 499999
1000000 2  499999 500001  499983 500001
1000000 2  499999 499997  499983 499997
1000000 2  500000 500000  499984 500000
1000000 2  500000 499998  499984 499998
1000000 2  499998 500000  499982 500000
1000000 2  499998 499998  499982 499998
1000000 2  500000 499999  500000 499983
1000000 2  500001 499999  500001 499983
1000000 2  499999 499999  499999 499983
1000000 2  500000 500000  500000 499984
1000000 2  500000 499998  500000 499982
1000000 2  500002 499999  500002 499983
1000000 2  499998 499999  499998 499983
1000000 2  500000 500001  500000 499985
1000000 2  500000 499997  500000 499981
1000000 2  500001 500000  500001 499984
1000000 2  500001 499998  500001 499982
1000000 2  499999 500000  499999 499984
1000000 2  499999 499998  499999 499982
1000000 2  500001 500000  499985 500000
1000000 2  499997 500000  499981 500000
1000000 2  499999 500002  499983 500002
1000000 2  500000 500001  499984 500001
1000000 2  499998 500001  499982 500001
1000000 2  500002 499999  500018 499999
1000000 2  499998 499999  500014 499999
1000000 2  500000 499997  500016 499997
1000000 2  500001 499998  500017 499998
1000000 2  499999 499998  500015 499998
1000000 2  500002 500000  500002 500016
1000000 2  500000 500002  500000 500018
1000000 2  500000 499998  500000 500014
1000000 2  500001 500001  500001 500017
1000000 2  500001 499999  500001 500015
1000000 2  499997 499999  499997 499983
1000000 2  499999 500001  499999 499985
1000000 2  499999 499997  499999 499981
1000000 2  499998 500000  499998 499984
1000000 2  499998 499998  499998 499982
1000000 2  500000 500000  500032 500000
1000000 2  500001 500000  500033 500000
1000000 2  499999 500000  500031 500000
1000000 2  500000 500001  500032 500001
1000000 2  500000 499999  500032 499999
1000000 2  500002 500000  500034 500000
1000000 2  499998 500000  500030 500000
1000000 2  500000 500002  500032 500002
1000000 2  500000 499998  500032 499998
1000000 2  500001 500001  500033 500001
1000000 2  500001 499999  500033 499999
1000000 2  499999 500001  500031 500001
1000000 2  499999 499999  500031 499999
1000000 2  499999 500000  499999 500032
1000000 2  500000 500000  500000 500032
1000000 2  499998 500000  499998 500032
1000000 2  499999 500001  499999 500033
1000000 2  499999 499999  499999 500031
1000000 2  500001 500000  500001 500032
1000000 2  499997 500000  499997 500032
1000000 2  499999 500002  499999 500034
1000000 2  499999 499998  499999 500030
1000000 2  500000 500001  500000 500033
1000000 2  500000 499999  500000 500031
1000000 2  499998 500001  499998 500033
1000000 2  499998 499999  499998 500031
1000000 2  499999 499999  499967 499999
1000000 2  500000 499999  499968 499999
1000000 2  499998 499999  499966 499999
1000000 2  499999 500000  499967 500000
1000000 2  499999 499998  499967 499998
1000000 2  500001 499999  499969 499999
1000000 2  499997 499999  499965 499999
1000000 2  499999 500001  499967 500001
1000000 2  499999 499997  499967 499997
1000000 2  500000 500000  499968 500000
1000000 2  500000 499998  499968 499998
1000000 2  499998 500000  499966 500000
1000000 2  499998 499998  499966 499998
1000000 2  500000 499999  500000 499967
1000000 2  500001 499999  500001 499967
1000000 2  499999 499999  499999 499967
1000000 2  500000 500000  500000 499968
1000000 2  500000 499998  500000 499966
1000000 2  500002 499999  500002 499967
1000000 2  499998 499999  499998 499967
1000000 2  500000 500001  500000 499969
1000000 2  500000 499997  500000 499965
1000000 2  500001 500000  500001 499968
1000000 2  500001 499998  500001 499966
1000000 2  499999 500000  499999 499968
1000000 2  499999 499998  499999 499966
1000000 2  500001 500000  499969 500000
1000000 2  499997 500000  499965 500000
1000000 2  499999 500002  499967 500002
1000000 2  500000 500001  499968 500001
1000000 2  499998 500001  499966 500001
1000000 2  500002 499999  500034 499999
1000000 2  499998 499999  500030 499999
1000000 2  500000 499997  500032 499997
1000000 2  500001 499998  500033 499998
1000000 2  499999 499998  500031 499998
1000000 2  500002 500000  500002 500032
1000000 2  500000 500002  500000 500034
1000000 2  500000 499998  500000 500030
1000000 2  500001 500001  500001 500033
1000000 2  500001 499999  500001 500031
1000000 2  499997 499999  499997 499967
1000000 2  499999 500001  499999 499969
1000000 2  499999 499997  499999 499965
1000000 2  499998 500000  499998 499968
1000000 2  499998 499998  499998 499966
1000000 2  500000 500000  500064 500000
1000000 2  500001 500000  500065 500000
1000000 2  499999 500000  500063 500000
1000000 2  500000 500001  500064 500001
1000000 2  500000 499999  500064 499999
1000000 2  500002 500000  500066 500000
1000000 2  499998 500000  500062 500000
1000000 2  500000 500002  500064 500002
1000000 2  500000 499998  500064 499998
1000000 2  500001 500001  500065 500001
1000000 2  500001 499999  500065 499999
1000000 2  499999 500001  500063 500001
1000000 2  499999 499999  500063 499999
1000000 2  499999 500000  499999 500064
1000000 2  500000 500000  500000 500064
1000000 2  499998 500000  499998 500064
1000000 2  499999 500001  499999 500065
1000000 2  499999 499999  499999 500063
1000000 2  500001 500000  500001 500064
1000000 2  499997 500000  499997 500064
1000000 2  499999 500002  499999 500066
1000000 2  499999 499998  499999 500062
1000000 2  500000 500001  500000 500065
1000000 2  500000 499999  500000 500063
1000000 2  499998 500001  499998 500065
1000000 2  499998 499999  499998 500063
1000000 2  499999 499999  499935 499999
1000000 2  500000 499999  499936 499999
1000000 2  499998 499999  499934 499999
1000000 2  499999 500000  499935 500000
1000000 2  499999 499998  499935 499998
1000000 2  500001 499999  499937 499999
1000000 2  499997 499999  499933 499999
1000000 2  499999 500001  499935 500001
1000000 2  499999 499997  499935 499997
1000000 2  500000 500000  499936 500000
1000000 2  500000 499998  499936 499998
1000000 2  499998 500000  499934 500000
1000000 2  499998 499998  499934 499998
1000000 2  500000 499999  500000 499935
1000000 2  500001 499999  500001 499935
1000000 2  499999 499999  499999 499935
1000000 2  500000 500000  500000 499936
1000000 2  500000 499998  500000 499934
1000000 2  500002 499999  500002 499935
1000000 2  499998 499999  499998 499935
1000000 2  500000 500001  500000 499937
1000000 2  500000 499997  500000 499933
1000000 2  500001 500000  500001 499936
1000000 2  500001 499998  500001 499934
1000000 2  499999 500000  499999 499936
1000000 2  499999 499998  499999 499934
1000000 2  500001 500000  499937 500000
1000000 2  499997 500000  499933 500000
1000000 2  499999 500002  499935 500002
1000000 2  500000 500001  499936 500001
1000000 2  499998 500001  499934 500001
1000000 2  500002 499999  500066 499999
1000000 2  499998 499999  500062 499999
1000000 2  500000 499997  500064 499997
1000000 2  500001 499998  500065 499998
1000000 2  499999 499998  500063 499998
1000000 2  500002 500000  500002 500064
1000000 2  500000 500002  500000 500066
1000000 2  500000 499998  500000 500062
1000000 2  500001 500001  500001 500065
1000000 2  500001 499999  500001 500063
1000000 2  499997 499999  499997 499935
1000000 2  499999 500001  499999 499937
1000000 2  499999 499997  499999 499933
1000000 2  499998 500000  499998 499936
1000000 2  499998 499998  499998 499934
1000000 2  500000 500000  500128 500000
1000000 2  500001 500000  500129 500000
1000000 2  499999 500000  500127 500000
1000000 2  500000 500001  500128 500001
1000000 2  500000 499999  500128 499999
1000000 2  500002 500000  500130 500000
1000000 2  499998 500000  500126 500000
1000000 2  500000 500002  500128 500002
1000000 2  500000 499998  500128 499998
1000000 2  500001 500001  500129 500001
1000000 2  500001 499999  500129 499999
1000000 2  499999 500001  500127 500001
1000000 2  499999 499999  500127 499999
1000000 2  499999 500000  499999 500128
1000000 2  500000 500000  500000 500128
1000000 2  499998 500000  499998 500128
1000000 2  499999 500001  499999 500129
1000000 2  499999 499999  499999 500127
1000000 2  500001 500000  500001 500128
1000000 2  499997 500000  499997 500128
1000000 2  499999 500002  499999 500130
1000000 2  499999 499998  499999 500126
1000000 2  500000 500001  500000 500129
1000000 2  500000 499999  500000 500127
1000000 2  499998 500001  499998 500129
1000000 2  499998 499999  499998 500127
1000000 2  499999 499999  499871 499999
1000000 2  500000 499999  499872 499999
1000000 2  499998 499999  499870 499999
1000000 2  499999 500000  499871 500000
1000000 2  499999 499998  499871 499998
1000000 2  500001 499999  499873 499999
1000000 2  499997 499999  499869 499999
1000000 2  499999 500001  499871 500001
1000000 2  499999 499997  499871 499997
1000000 2  500000 500000  499872 500000
1000000 2  500000 499998  499872 499998
1000000 2  499998 500000  499870 500000
1000000 2  499998 499998  499870 499998
1000000 2  500000 499999  500000 499871
1000000 2  500001 499999  500001 499871
1000000 2  499999 499999  499999 499871
1000000 2  500000 500000  500000 499872
1000000 2  500000 499998  500000 499870
1000000 2  500002 499999  500002 499871
1000000 2  499998 499999  499998 499871
1000000 2  500000 500001  500000 499873
1000000 2  500000 499997  500000 499869
1000000 2  500001 500000  500001 499872
1000000 2  500001 499998  500001 499870
1000000 2  499999 500000  499999 499872
1000000 2  499999 499998  499999 499870
1000000 2  500001 500000  499873 500000
1000000 2  499997 500000  499869 500000
1000000 2  499999 500002  499871 500002
1000000 2  500000 500001  499872 500001
1000000 2  499998 500001  499870 500001
1000000 2  500002 499999  500130 499999
1000000 2  499998 499999  500126 499999
1000000 2  500000 499997  500128 499997
1000000 2  500001 499998  500129 499998
1000000 2  499999 499998  500127 499998
1000000 2  500002 500000  500002 500128
1000000 2  500000 500002  500000 500130
1000000 2  500000 499998  500000 500126
1000000 2  500001 500001  500001 500129
1000000 2  500001 499999  500001 500127
1000000 2  499997 499999  499997 499871
1000000 2  499999 500001  499999 499873
1000000 2  499999 499997  499999 499869
1000000 2  499998 500000  499998 499872
1000000 2  499998 499998  499998 499870
1000000 2  500000 500000  500256 500000
1000000 2  500001 500000  500257 500000
1000000 2  499999 500000  500255 500000
1000000 2  500000 500001  500256 500001
1000000 2  500000 499999  500256 499999
1000000 2  500002 500000  500258 500000
1000000 2  499998 500000  500254 500000
1000000 2  500000 500002  500256 500002
1000000 2  500000 499998  500256 499998
1000000 2  500001 500001  500257 500001
1000000 2  500001 499999  500257 499999
1000000 2  499999 500001  500255 500001
1000000 2  499999 499999  500255 499999
1000000 2  499999 500000  499999 500256
1000000 2  500000 500000  500000 500256
1000000 2  499998 500000  499998 500256
1000000 2  499999 500001  499999 500257
1000000 2  499999 499999  499999 500255
1000000 2  500001 500000  500001 500256
1000000 2  499997 500000  499997 500256
1000000 2  499999 500002  499999 500258
1000000 2  499999 499998  499999 500254
1000000 2  500000 500001  500000 500257
1000000 2  500000 499999  500000 500255
1000000 2  499998 500001  499998 500257
1000000 2  499998 499999  499998 500255
1000000 2  499999 499999  499743 499999
1000000 2  500000 499999  499744 499999
1000000 2  499998 499999  499742 499999
1000000 2  499999 500000  499743 500000
1000000 2  499999 499998  499743 499998
1000000 2  500001 499999  499745 499999
1000000 2  499997 499999  499741 499999
1000000 2  499999 500001  499743 500001
1000000 2  499999 499997  499743 499997
1000000 2  500000 500000  499744 500000
1000000 2  500000 499998  499744 499998
1000000 2  499998 500000  499742 500000
1000000 2  499998 499998  499742 499998
1000000 2  500000 499999  500000 499743
1000000 2  500001 499999  500001 499743
1000000 2  499999 499999  499999 499743
1000000 2  500000 500000  500000 499744
1000000 2  500000 499998  500000 499742
1000000 2  500002 499999  500002 499743
1000000 2  499998 499999  499998 499743
1000000 2  500000 500001  500000 499745
1000000 2  500000 499997  500000 499741
1000000 2  500001 500000  500001 499744
1000000 2  500001 499998  500001 499742
1000000 2  499999 500000  499999 499744
1000000 2  499999 499998  499999 499742
1000000 2  500001 500000  499745 500000
1000000 2  499997 500000  499741 500000
1000000 2  499999 500002  499743 500002
1000000 2  500000 500001  499744 500001
1000000 2  499998 500001  499742 500001
1000000 2  500002 499999  500258 499999
1000000 2  499998 499999  500254 499999
1000000 2  500000 499997  500256 499997
1000000 2  500001 499998  500257 499998
1000000 2  499999 499998  500255 499998
1000000 2  500002 500000  500002 500256
1000000 2  500000 500002  500000 500258
1000000 2  500000 499998  500000 500254
1000000 2  500001 500001  500001 500257
1000000 2  500001 499999  500001 500255
1000000 2  499997 499999  499997 499743
1000000 2  499999 500001  499999 499745
1000000 2  499999 499997  499999 499741
1000000 2  499998 500000  499998 499744
1000000 2  499998 499998  499998 499742
1000000 2  500000 500000  500512 500000
1000000 2  500001 500000  500513 500000
1000000 2  499999 500000  500511 500000
1000000 2  500000 500001  500512 500001
1000000 2  500000 499999  500512 499999
1000000 2  500002 500000  500514 500000
1000000 2  499998 500000  500510 500000
1000000 2  500000 500002  500512 500002
1000000 2  500000 499998  500512 499998
1000000 2  500001 500001  500513 500001
1000000 2  500001 499999  500513 499999
1000000 2  499999 500001  500511 500001
1000000 2  499999 499999  500511 499999
1000000 2  499999 500000  499999 500512
1000000 2  500000 500000  500000 500512
1000000 2  499998 500000  499998 500512
1000000 2  499999 500001  499999 500513
1000000 2  499999 499999  499999 500511
1000000 2  500001 500000  500001 500512
1000000 2  499997 500000  499997 500512
1000000 2  499999 500002  499999 500514
1000000 2  499999 499998  499999 500510
1000000 2  500000 500001  500000 500513
1000000 2  500000 499999  500000 500511
1000000 2  499998 500001  499998 500513
1000000 2  499998 499999  499998 500511
1000000 2  499999 499999  499487 499999
1000000 2  500000 499999  499488 499999
1000000 2  499998 499999  499486 499999
1000000 2  499999 500000  499487 500000
1000000 2  499999 499998  499487 499998
1000000 2  500001 499999  499489 499999
1000000 2  499997 499999  499485 499999
1000000 2  499999 500001  499487 500001
1000000 2  499999 499997  499487 499997
1000000 2  500000 500000  499488 500000
1000000 2  500000 499998  499488 499998
1000000 2  499998 500000  499486 500000
1000000 2  499998 499998  499486 499998
1000000 2  500000 499999  500000 499487
1000000 2  500001 499999  500001 499487
1000000 2  499999 499999  499999 499487
1000000 2  500000 500000  500000 499488
1000000 2  500000 499998  500000 499486
1000000 2  500002 499999  500002 499487
1000000 2  499998 499999  499998 499487
1000000 2  500000 500001  500000 499489
1000000 2  500000 499997  500000 499485
1000000 2  500001 500000  500001 499488
1000000 2  500001 499998  500001 499486
1000000 2  499999 500000  499999 499488
1000000 2  499999 499998  499999 499486
1000000 2  500001 500000  499489 500000
1000000 2  499997 500000  499485 500000
1000000 2  499999 500002  499487 500002
1000000 2  500000 500001  499488 500001
1000000 2  499998 500001  499486 500001
1000000 2  500002 499999  500514 499999
1000000 2  499998 499999  500510 499999
1000000 2  500000 499997  500512 499997
1000000 2  500001 499998  500513 499998
1000000 2  499999 499998  500511 499998
1000000 2  500002 500000  500002 500512
1000000 2  500000 500002  500000 500514
1000000 2  500000 499998  500000 500510
1000000 2  500001 500001  500001 500513
1000000 2  500001 499999  500001 500511
1000000 2  499997 499999  499997 499487
1000000 2  499999 500001  499999 499489
1000000 2  499999 499997  499999 499485
1000000 2  499998 500000  499998 499488
1000000 2  499998 499998  499998 499486
1000000 2  500000 500000  501024 500000
1000000 2  500001 500000  501025 500000
1000000 2  499999 500000  501023 500000
1000000 2  500000 500001  501024 500001
1000000 2  500000 499999  501024 499999
1000000 2  500002 500000  501026 500000
1000000 2  499998 500000  501022 500000
1000000 2  500000 500002  501024 500002
1000000 2  500000 499998  501024 499998
1000000 2  500001 500001  501025 500001
1000000 2  500001 499999  501025 499999
1000000 2  499999 500001  501023 500001
1000000 2  499999 499999  501023 499999
1000000 2  499999 500000  499999 501024
1000000 2  500000 500000  500000 501024
1000000 2  499998 500000  499998 501024
1000000 2  499999 500001  499999 501025
1000000 2  499999 499999  499999 501023
1000000 2  500001 500000  500001 501024
1000000 2  499997 500000  499997 501024
1000000 2  499999 500002  499999 501026
1000000 2  499999 499998  499999 501022
1000000 2  500000 500001  500000 501025
1000000 2  500000 499999  500000 501023
1000000 2  499998 500001  499998 501025
1000000 2  499998 499999  499998 501023
1000000 2  499999 499999  498975 499999
1000000 2  500000 499999  498976 499999
1000000 2  499998 499999  498974 499999
1000000 2  499999 500000  498975 500000
1000000 2  499999 499998  498975 499998
1000000 2  500001 499999  498977 499999
1000000 2  499997 499999  498973 499999
1000000 2  499999 500001  498975 500001
1000000 2  499999 499997  498975 499997
1000000 2  500000 500000  498976 500000
1000000 2  500000 499998  498976 499998
1000000 2  499998 500000  498974 500000
1000000 2  499998 499998  498974 499998
1000000 2  500000 499999  500000 498975
1000000 2  500001 499999  500001 498975
1000000 2  499999 499999  499999 498975
1000000 2  500000 500000  500000 498976
1000000 2  500000 499998  500000 498974
1000000 2  500002 499999  500002 498975
1000000 2  499998 499999  499998 498975
1000000 2  500000 500001  500000 498977
1000000 2  500000 499997  500000 498973
1000000 2  500001 500000  500001 498976
1000000 2  500001 499998  500001 498974
1000000 2  499999 500000  499999 498976
1000000 2  499999 499998  499999 498974
1000000 2  500001 500000  498977 500000
1000000 2  499997 500000  498973 500000
1000000 2  499999 500002  498975 500002
1000000 2  500000 500001  498976 500001
1000000 2  499998 500001  498974 500001
1000000 2  500002 499999  501026 499999
1000000 2  499998 499999  501022 499999
1000000 2  500000 499997  501024 499997
1000000 2  500001 499998  501025 499998
1000000 2  499999 499998  501023 499998
1000000 2  500002 500000  500002 501024
1000000 2  500000 500002  500000 501026
1000000 2  500000 499998  500000 501022
1000000 2  500001 500001  500001 501025
1000000 2  500001 499999  500001 501023
1000000 2  499997 499999  499997 498975
1000000 2  499999 500001  499999 498977
1000000 2  499999 499997  499999 498973
1000000 2  499998 500000  499998 498976
1000000 2  499998 499998  499998 498974
1000000 2  500000 500000  502048 500000
1000000 2  500001 500000  502049 500000
1000000 2  499999 500000  502047 500000
1000000 2  500000 500001  502048 500001
1000000 2  500000 499999  502048 499999
1000000 2  500002 500000  502050 500000
1000000 2  499998 500000  502046 500000
1000000 2  500000 500002  502048 500002
1000000 2  500000 499998  502048 499998
1000000 2  500001 500001  502049 500001
1000000 2  500001 499999  502049 499999
1000000 2  499999 500001  502047 500001
1000000 2  499999 499999  502047 499999
1000000 2  499999 500000  499999 502048
1000000 2  500000 500000  500000 502048
1000000 2  499998 500000  499998 502048
1000000 2  499999 500001  499999 502049
1000000 2  499999 499999  499999 502047
1000000 2  500001 500000  500001 502048
1000000 2  499997 500000  499997 502048
1000000 2  499999 500002  499999 502050
1000000 2  499999 499998  499999 502046
1000000 2  500000 500001  500000 502049
1000000 2  500000 499999  500000 502047
1000000 2  499998 500001  499998 502049
1000000 2  499998 499999  499998 502047
1000000 2  499999 499999  497951 499999
1000000 2  500000 499999  497952 499999
1000000 2  499998 499999  497950 499999
1000000 2  499999 500000  497951 500000
1000000 2  499999 499998  497951 499998
1000000 2  500001 499999  497953 499999
1000000 2  499997 499999  497949 499999
1000000 2  499999 500001  497951 500001
1000000 2  499999 499997  497951 499997
1000000 2  500000 500000  497952 500000
1000000 2  500000 499998  497952 499998
1000000 2  499998 500000  497950 500000
1000000 2  499998 499998  497950 499998
1000000 2  500000 499999  500000 497951
1000000 2  500001 499999  500001 497951
1000000 2  499999 499999  499999 497951
1000000 2  500000 500000  500000 497952
1000000 2  500000 499998  500000 497950
1000000 2  500002 499999  500002 497951
1000000 2  499998 499999  499998 497951
1000000 2  500000 500001  500000 497953
1000000 2  500000 499997  500000 497949
1000000 2  500001 500000  500001 497952
1000000 2  500001 499998  500001 497950
1000000 2  499999 500000  499999 497952
1000000 2  499999 499998  499999 497950
1000000 2  500001 500000  497953 500000
1000000 2  499997 500000  497949 500000
1000000 2  499999 500002  497951 500002
1000000 2  500000 500001  497952 500001
1000000 2  499998 500001  497950 500001
1000000 2  500002 499999  502050 499999
1000000 2  499998 499999  502046 499999
1000000 2  500000 499997  502048 499997
1000000 2  500001 499998  502049 499998
1000000 2  499999 499998  502047 499998
1000000 2  500002 500000  500002 502048
1000000 2  500000 500002  500000 502050
1000000 2  500000 499998  500000 502046
1000000 2  500001 500001  500001 502049
1000000 2  500001 499999  500001 502047
1000000 2  499997 499999  499997 497951
1000000 2  499999 500001  499999 497953
1000000 2  499999 499997  499999 497949
1000000 2  499998 500000  499998 497952
1000000 2  499998 499998  499998 497950
1000000 2  500000 500000  504096 500000
1000000 2  500001 500000  504097 500000
1000000 2  499999 500000  504095 500000
1000000 2  500000 500001  504096 500001
1000000 2  500000 499999  504096 499999
1000000 2  500002 500000  504098 500000
1000000 2  499998 500000  504094 500000
1000000 2  500000 500002  504096 500002
1000000 2  500000 499998  504096 499998
1000000 2  500001 500001  504097 500001
1000000 2  500001 499999  504097 499999
1000000 2  499999 500001  504095 500001
1000000 2  499999 499999  504095 499999
1000000 2  499999 500000  499999 504096
1000000 2  500000 500000  500000 504096
1000000 2  499998 500000  499998 504096
1000000 2  499999 500001  499999 504097
1000000 2  499999 499999  499999 504095
1000000 2  500001 500000  500001 504096
1000000 2  499997 500000  499997 504096
1000000 2  499999 500002  499999 504098
1000000 2  499999 499998  499999 504094
1000000 2  500000 500001  500000 504097
1000000 2  500000 499999  500000 504095
1000000 2  499998 500001  499998 504097
1000000 2  499998 499999  499998 504095
1000000 2  499999 499999  495903 499999
1000000 2  500000 499999  495904 499999
1000000 2  499998 499999  495902 499999
1000000 2  499999 500000  495903 500000
1000000 2  499999 499998  495903 499998
1000000 2  500001 499999  495905 499999
1000000 2  499997 499999  495901 499999
1000000 2  499999 500001  495903 500001
1000000 2  499999 499997  495903 499997
1000000 2  500000 500000  495904 500000
1000000 2  500000 499998  495904 499998
1000000 2  499998 500000  495902 500000
1000000 2  499998 499998  495902 499998
1000000 2  500000 499999  500000 495903
1000000 2  500001 499999  500001 495903
1000000 2  499999 499999  499999 495903
1000000 2  500000 500000  500000 495904
1000000 2  500000 499998  500000 495902
1000000 2  500002 499999  500002 495903
1000000 2  499998 499999  499998 495903
1000000 2  500000 500001  500000 495905
1000000 2  500000 499997  500000 495901
1000000 2  500001 500000  500001 495904
1000000 2  500001 499998  500001 495902
1000000 2  499999 500000  499999 495904
1000000 2  499999 499998  499999 495902
1000000 2  500001 500000  495905 500000
1000000 2  499997 500000  495901 500000
1000000 2  499999 500002  495903 500002
1000000 2  500000 500001  495904 500001
1000000 2  499998 500001  495902 500001
1000000 2  500002 499999  504098 499999
1000000 2  499998 499999  504094 499999
1000000 2  500000 499997  504096 499997
1000000 2  500001 499998  504097 499998
1000000 2  499999 499998  504095 499998
1000000 2  500002 500000  500002 504096
1000000 2  500000 500002  500000 504098
1000000 2  500000 499998  500000 504094
1000000 2  500001 500001  500001 504097
1000000 2  500001 499999  500001 504095
1000000 2  499997 499999  499997 495903
1000000 2  499999 500001  499999 495905
1000000 2  499999 499997  499999 495901
1000000 2  499998 500000  499998 495904
1000000 2  499998 499998  499998 495902
1000000 2  500000 500000  508192 500000
1000000 2  500001 500000  508193 500000
1000000 2  499999 500000  508191 500000
1000000 2  500000 500001  508192 500001
1000000 2  500000 499999  508192 499999
1000000 2  500002 500000  508194 500000
1000000 2  499998 500000  508190 500000
1000000 2  500000 500002  508192 500002
1000000 2  500000 499998  508192 499998
1000000 2  500001 500001  508193 500001
1000000 2  500001 499999  508193 499999
1000000 2  499999 500001  508191 500001
1000000 2  499999 499999  508191 499999
1000000 2  499999 500000  499999 508192
1000000 2  500000 500000  500000 508192
1000000 2  499998 500000  499998 508192
1000000 2  499999 500001  499999 508193
1000000 2  499999 499999  499999 508191
1000000 2  500001 500000  500001 508192
1000000 2  499997 500000  499997 508192
1000000 2  499999 500002  499999 508194
1000000 2  499999 499998  499999 508190
1000000 2  500000 500001  500000 508193
1000000 2  500000 499999  500000 508191
1000000 2  499998 500001  499998 508193
1000000 2  499998 499999  499998 508191
1000000 2  499999 499999  491807 499999
1000000 2  500000 499999  491808 499999
1000000 2  499998 499999  491806 499999
1000000 2  499999 500000  491807 500000
1000000 2  499999 499998  491807 499998
1000000 2  500001 499999  491809 499999
1000000 2  499997 499999  491805 499999
1000000 2  499999 500001  491807 500001
1000000 2  499999 499997  491807 499997
1000000 2  500000 500000  491808 500000
1000000 2  500000 499998  491808 499998
1000000 2  499998 500000  491806 500000
1000000 2  499998 499998  491806 499998
1000000 2  500000 499999  500000 491807
1000000 2  500001 499999  500001 491807
1000000 2  499999 499999  499999 491807
1000000 2  500000 500000  500000 491808
1000000 2  500000 499998  500000 491806
1000000 2  500002 499999  500002 491807
1000000 2  499998 499999  499998 491807
1000000 2  500000 500001  500000 491809
1000000 2  500000 499997  500000 491805
1000000 2  500001 500000  500001 491808
1000000 2  500001 499998  500001 491806
1000000 2  499999 500000  499999 491808
1000000 2  499999 499998  499999 491806
1000000 2  500001 500000  491809 500000
1000000 2  499997 500000  491805 500000
1000000 2  499999 500002  491807 500002
1000000 2  500000 500001  491808 500001
1000000 2  499998 500001  491806 500001
1000000 2  500002 499999  508194 499999
1000000 2  499998 499999  508190 499999
1000000 2  500000 499997  508192 499997
1000000 2  500001 499998  508193 499998
1000000 2  499999 499998  508191 499998
1000000 2  500002 500000  500002 508192
1000000 2  500000 500002  500000 508194
1000000 2  500000 499998  500000 508190
1000000 2  500001 500001  500001 508193
1000000 2  500001 499999  500001 508191
1000000 2  499997 499999  499997 491807
1000000 2  499999 500001  499999 491809
1000000 2  499999 499997  499999 491805
1000000 2  499998 500000  499998 491808
1000000 2  499998 499998  499998 491806
1000000 2  500000 500000  516384 500000
1000000 2  500001 500000  516385 500000
1000000 2  499999 500000  516383 500000
1000000 2  500000 500001  516384 500001
1000000 2  500000 499999  516384 499999
1000000 2  500002 500000  516386 500000
1000000 2  499998 500000  516382 500000
1000000 2  500000 500002  516384 500002
1000000 2  500000 499998  516384 499998
1000000 2  500001 500001  516385 500001
1000000 2  500001 499999  516385 499999
1000000 2  499999 500001  516383 500001
1000000 2  499999 499999  516383 499999
1000000 2  499999 500000  499999 516384
1000000 2  500000 500000  500000 516384
1000000 2  499998 500000  499998 516384
1000000 2  499999 500001  499999 516385
1000000 2  499999 499999  499999 516383
1000000 2  500001 500000  500001 516384
1000000 2  499997 500000  499997 516384
1000000 2  499999 500002  499999 516386
1000000 2  499999 499998  499999 516382
1000000 2  500000 500001  500000 516385
1000000 2  500000 499999  500000 516383
1000000 2  499998 500001  499998 516385
1000000 2  499998 499999  499998 516383
1000000 2  499999 499999  483615 499999
1000000 2  500000 499999  483616 499999
1000000 2  499998 499999  483614 499999
1000000 2  499999 500000  483615 500000
1000000 2  499999 499998  483615 499998
1000000 2  500001 499999  483617 499999
1000000 2  499997 499999  483613 499999
1000000 2  499999 500001  483615 500001
1000000 2  499999 499997  483615 499997
1000000 2  500000 500000  483616 500000
1000000 2  500000 499998  483616 499998
1000000 2  499998 500000  483614 500000
1000000 2  499998 499998  483614 499998
1000000 2  500000 499999  500000 483615
1000000 2  500001 499999  500001 483615
1000000 2  499999 499999  499999 483615
1000000 2  500000 500000  500000 483616
1000000 2  500000 499998  500000 483614
1000000 2  500002 499999  500002 483615
1000000 2  499998 499999  499998 483615
1000000 2  500000 500001  500000 483617
1000000 2  500000 499997  500000 483613
1000000 2  500001 500000  500001 483616
1000000 2  500001 499998  500001 483614
1000000 2  499999 500000  499999 483616
1000000 2  499999 499998  499999 483614
1000000 2  500001 500000  483617 500000
1000000 2  499997 500000  483613 500000
1000000 2  499999 500002  483615 500002
1000000 2  500000 500001  483616 500001
1000000 2  499998 500001  483614 500001
1000000 2  500002 499999  516386 499999
1000000 2  499998 499999  516382 499999
1000000 2  500000 499997  516384 499997
1000000 2  500001 499998  516385 499998
1000000 2  499999 499998  516383 499998
1000000 2  500002 500000  500002 516384
1000000 2  500000 500002  500000 516386
1000000 2  500000 499998  500000 516382
1000000 2  500001 500001  500001 516385
1000000 2  500001 499999  500001 516383
1000000 2  499997 499999  499997 483615
1000000 2  499999 500001  499999 483617
1000000 2  499999 499997  499999 483613
1000000 2  499998 500000  499998 483616
1000000 2  499998 499998  499998 483614
1000000 2  500000 500000  532768 500000
1000000 2  500001 500000  532769 500000
1000000 2  499999 500000  532767 500000
1000000 2  500000 500001  532768 500001
1000000 2  500000 499999  532768 499999
1000000 2  500002 500000  532770 500000
1000000 2  499998 500000  532766 500000
1000000 2  500000 500002  532768 500002
1000000 2  500000 499998  532768 499998
1000000 2  500001 500001  532769 500001
1000000 2  500001 499999  532769 499999
1000000 2  499999 500001  532767 500001
1000000 2  499999 499999  532767 499999
1000000 2  499999 500000  499999 532768
1000000 2  500000 500000  500000 532768
1000000 2  499998 500000  499998 532768
1000000 2  499999 500001  499999 532769
1000000 2  499999 499999  499999 532767
1000000 2  500001 500000  500001 532768
1000000 2  499997 500000  499997 532768
1000000 2  499999 500002  499999 532770
1000000 2  499999 499998  499999 532766
1000000 2  500000 500001  500000 532769
1000000 2  500000 499999  500000 532767
1000000 2  499998 500001  499998 532769
1000000 2  499998 499999  499998 532767
1000000 2  499999 499999  467231 499999
1000000 2  500000 499999  467232 499999
1000000 2  499998 499999  467230 499999
1000000 2  499999 500000  467231 500000
1000000 2  499999 499998  467231 499998
1000000 2  500001 499999  467233 499999
1000000 2  499997 499999  467229 499999
1000000 2  499999 500001  467231 500001
1000000 2  499999 499997  467231 499997
1000000 2  500000 500000  467232 500000
1000000 2  500000 499998  467232 499998
1000000 2  499998 500000  467230 500000
1000000 2  499998 499998  467230 499998
1000000 2  500000 499999  500000 467231
1000000 2  500001 499999  500001 467231
1000000 2  499999 499999  499999 467231
1000000 2  500000 500000  500000 467232
1000000 2  500000 499998  500000 467230
1000000 2  500002 499999  500002 467231
1000000 2  499998 499999  499998 467231
1000000 2  500000 500001  500000 467233
1000000 2  500000 499997  500000 467229
1000000 2  500001 500000  500001 467232
1000000 2  500001 499998  500001 467230
1000000 2  499999 500000  499999 467232
1000000 2  499999 499998  499999 467230
1000000 2  500001 500000  467233 500000
1000000 2  499997 500000  467229 500000
1000000 2  499999 500002  467231 500002
1000000 2  500000 500001  467232 500001
1000000 2  499998 500001  467230 500001
1000000 2  500002 499999  532770 499999
1000000 2  499998 499999  532766 499999
1000000 2  500000 499997  532768 499997
1000000 2  500001 499998  532769 499998
1000000 2  499999 499998  532767 499998
1000000 2  500002 500000  500002 532768
1000000 2  500000 500002  500000 532770
1000000 2  500000 499998  500000 532766
1000000 2  500001 500001  500001 532769
1000000 2  500001 499999  500001 532767
1000000 2  499997 499999  499997 467231
1000000 2  499999 500001  499999 467233
1000000 2  499999 499997  499999 467229
1000000 2  499998 500000  499998 467232
1000000 2  499998 499998  499998 467230
1000000 2  500000 500000  565536 500000
1000000 2  500001 500000  565537 500000
1000000 2  499999 500000  565535 500000
1000000 2  500000 500001  565536 500001
1000000 2  500000 499999  565536 499999
1000000 2  500002 500000  565538 500000
1000000 2  499998 500000  565534 500000
1000000 2  500000 500002  565536 500002
1000000 2  500000 499998  565536 499998
1000000 2  500001 500001  565537 500001
1000000 2  500001 499999  565537 499999
1000000 2  499999 500001  565535 500001
1000000 2  499999 499999  565535 499999
1000000 2  499999 500000  499999 565536
1000000 2  500000 500000  500000 565536
1000000 2  499998 500000  499998 565536
1000000 2  499999 500001  499999 565537
1000000 2  499999 499999  499999 565535
1000000 2  500001 500000  500001 565536
1000000 2  499997 500000  499997 565536
1000000 2  499999 500002  499999 565538
1000000 2  499999 499998  499999 565534
1000000 2  500000 500001  500000 565537
1000000 2  500000 499999  500000 565535
1000000 2  499998 500001  499998 565537
1000000 2  499998 499999  499998 565535
1000000 2  499999 499999  434463 499999
1000000 2  500000 499999  434464 499999
1000000 2  499998 499999  434462 499999
1000000 2  499999 500000  434463 500000
1000000 2  499999 499998  434463 499998
1000000 2  500001 499999  434465 499999
1000000 2  499997 499999  434461 499999
1000000 2  499999 500001  434463 500001
1000000 2  499999 499997  434463 499997
1000000 2  500000 500000  434464 500000
1000000 2  500000 499998  434464 499998
1000000 2  499998 500000  434462 500000
1000000 2  499998 499998  434462 499998
1000000 2  500000 499999  500000 434463
1000000 2  500001 499999  500001 434463
1000000 2  499999 499999  499999 434463
1000000 2  500000 500000  500000 434464
1000000 2  500000 499998  500000 434462
1000000 2  500002 499999  500002 434463
1000000 2  499998 499999  499998 434463
1000000 2  500000 500001  500000 434465
1000000 2  500000 499997  500000 434461
1000000 2  500001 500000  500001 434464
1000000 2  500001 499998  500001 434462
1000000 2  499999 500000  499999 434464
1000000 2  499999 499998  499999 434462
1000000 2  500001 500000  434465 500000
1000000 2  499997 500000  434461 500000
1000000 2  499999 500002  434463 500002
1000000 2  500000 500001  434464 500001
1000000 2  499998 500001  434462 500001
1000000 2  500002 499999  565538 499999
1000000 2  499998 499999  565534 499999
1000000 2  500000 499997  565536 499997
1000000 2  500001 499998  565537 499998
1000000 2  499999 499998  565535 499998
1000000 2  500002 500000  500002 565536
1000000 2  500000 500002  500000 565538
1000000 2  500000 499998  500000 565534
1000000 2  500001 500001  500001 565537
1000000 2  500001 499999  500001 565535
1000000 2  499997 499999  499997 434463
1000000 2  499999 500001  499999 434465
1000000 2  499999 499997  499999 434461
1000000 2  499998 500000  499998 434464
1000000 2  499998 499998  499998 434462
1000000 2  500000 500000  631072 500000
1000000 2  500001 500000  631073 500000
1000000 2  499999 500000  631071 500000
1000000 2  500000 500001  631072 500001
1000000 2  500000 499999  631072 499999
1000000 2  500002 500000  631074 500000
1000000 2  499998 500000  631070 500000
1000000 2  500000 500002  631072 500002
1000000 2  500000 499998  631072 499998
1000000 2  500001 500001  631073 500001
1000000 2  500001 499999  631073 499999
1000000 2  499999 500001  631071 500001
1000000 2  499999 499999  631071 499999
1000000 2  499999 500000  499999 631072
1000000 2  500000 500000  500000 631072
1000000 2  499998 500000  499998 631072
1000000 2  499999 500001  499999 631073
1000000 2  499999 499999  499999 631071
1000000 2  500001 500000  500001 631072
1000000 2  499997 500000  499997 631072
1000000 2  499999 500002  499999 631074
1000000 2  499999 499998  499999 631070
1000000 2  500000 500001  500000 631073
1000000 2  500000 499999  500000 631071
1000000 2  499998 500001  499998 631073
1000000 2  499998 499999  499998 631071
1000000 2  499999 499999  368927 499999
1000000 2  500000 499999  368928 499999
1000000 2  499998 499999  368926 499999
1000000 2  499999 500000  368927 500000
1000000 2  499999 499998  368927 499998
1000000 2  500001 499999  368929 499999
1000000 2  499997 499999  368925 499999
1000000 2  499999 500001  368927 500001
1000000 2  499999 499997  368927 499997
1000000 2  500000 500000  368928 500000
1000000 2  500000 499998  368928 499998
1000000 2  499998 500000  368926 500000
1000000 2  499998 499998  368926 499998
1000000 2  500000 499999  500000 368927
1000000 2  500001 499999  500001 368927
1000000 2  499999 499999  499999 368927
1000000 2  500000 500000  500000 368928
1000000 2  500000 499998  500000 368926
1000000 2  500002 499999  500002 368927
1000000 2  499998 499999  499998 368927
1000000 2  500000 500001  500000 368929
1000000 2  500000 499997  500000 368925
1000000 2  500001 500000  500001 368928
1000000 2  500001 499998  500001 368926
1000000 2  499999 500000  499999 368928
1000000 2  499999 499998  499999 368926
1000000 2  500001 500000  368929 500000
1000000 2  499997 500000  368925 500000
1000000 2  499999 500002  368927 500002
1000000 2  500000 500001  368928 500001
1000000 2  499998 500001  368926 500001
1000000 2  500002 499999  631074 499999
1000000 2  499998 499999  631070 499999
1000000 2  500000 499997  631072 499997
1000000 2  500001 499998  631073 499998
1000000 2  499999 499998  631071 499998
1000000 2  500002 500000  500002 631072
1000000 2  500000 500002  500000 631074
1000000 2  500000 499998  500000 631070
1000000 2  500001 500001  500001 631073
1000000 2  500001 499999  500001 631071
1000000 2  499997 499999  499997 368927
1000000 2  499999 500001  499999 368929
1000000 2  499999 499997  499999 368925
1000000 2  499998 500000  499998 368928
1000000 2  499998 499998  499998 368926
1000000 2  500000 500000  762144 500000
1000000 2  500001 500000  762145 500000
1000000 2  499999 500000  762143 500000
1000000 2  500000 500001  762144 500001
1000000 2  500000 499999  762144 499999
1000000 2  500002 500000  762146 500000
1000000 2  499998 500000  762142 500000
1000000 2  500000 500002  762144 500002
1000000 2  500000 499998  762144 499998
1000000 2  500001 500001  762145 500001
1000000 2  500001 499999  762145 499999
1000000 2  499999 500001  762143 500001
1000000 2  499999 499999  762143 499999
1000000 2  499999 500000  499999 762144
1000000 2  500000 500000  500000 762144
1000000 2  499998 500000  499998 762144
1000000 2  499999 500001  499999 762145
1000000 2  499999 499999  499999 762143
1000000 2  500001 500000  500001 762144
1000000 2  499997 500000  499997 762144
1000000 2  499999 500002  499999 762146
1000000 2  499999 499998  499999 762142
1000000 2  500000 500001  500000 762145
1000000 2  500000 499999  500000 762143
1000000 2  499998 500001  499998 762145
1000000 2  499998 499999  499998 762143
1000000 2  499999 499999  237855 499999
1000000 2  500000 499999  237856 499999
1000000 2  499998 499999  237854 499999
1000000 2  499999 500000  237855 500000
1000000 2  499999 499998  237855 499998
1000000 2  500001 499999  237857 499999
1000000 2  499997 499999  237853 499999
1000000 2  499999 500001  237855 500001
1000000 2  499999 499997  237855 499997
1000000 2  500000 500000  237856 500000
1000000 2  500000 499998  237856 499998
1000000 2  499998 500000  237854 500000
1000000 2  499998 499998  237854 499998
1000000 2  500000 499999  500000 237855
1000000 2  500001 499999  500001 237855
1000000 2  499999 499999  499999 237855
1000000 2  500000 500000  500000 237856
1000000 2  500000 499998  500000 237854
1000000 2  500002 499999  500002 237855
1000000 2  499998 499999  499998 237855
1000000 2  500000 500001  500000 237857
1000000 2  500000 499997  500000 237853
1000000 2  500001 500000  500001 237856
1000000 2  500001 499998  500001 237854
1000000 2  499999 500000  499999 237856
1000000 2  499999 499998  499999 237854
1000000 2  500001 500000  237857 500000
1000000 2  499997 500000  237853 500000
1000000 2  499999 500002  237855 500002
1000000 2  500000 500001  237856 500001
1000000 2  499998 500001  237854 500001
1000000 2  500002 499999  762146 499999
1000000 2  499998 499999  762142 499999
1000000 2  500000 499997  762144 499997
1000000 2  500001 499998  762145 499998
1000000 2  499999 499998  762143 499998
1000000 2  500002 500000  500002 762144
1000000 2  500000 500002  500000 762146
1000000 2  500000 499998  500000 762142
1000000 2  500001 500001  500001 762145
1000000 2  500001 499999  500001 762143
1000000 2  499997 499999  499997 237855
1000000 2  499999 500001  499999 237857
1000000 2  499999 499997  499999 237853
1000000 2  499998 500000  499998 237856
1000000 2  499998 499998  499998 237854
1000000 2  500000 500000  500003 500000
1000000 2  500001 500000  500004 500000
1000000 2  499999 500000  500002 500000
1000000 2  500000 500001  500003 500001
1000000 2  500000 499999  500003 499999
1000000 2  500002 500000  500005 500000
1000000 2  499998 500000  500001 500000
1000000 2  500000 500002  500003 500002
1000000 2  500000 499998  500003 499998
1000000 2  500001 500001  500004 500001
1000000 2  500001 499999  500004 499999
1000000 2  499999 500001  500002 500001
1000000 2  499999 499999  500002 499999
1000000 2  499999 500000  499999 500003
1000000 2  500000 500000  500000 500003
1000000 2  499998 500000  499998 500003
1000000 2  499999 500001  499999 500004
1000000 2  499999 499999  499999 500002
1000000 2  500001 500000  500001 500003
1000000 2  499997 500000  499997 500003
1000000 2  499999 500002  499999 500005
1000000 2  499999 499998  499999 500001
1000000 2  500000 500001  500000 500004
1000000 2  500000 499999  500000 500002
1000000 2  499998 500001  499998 500004
1000000 2  499998 499999  499998 500002
1000000 2  499999 499999  499996 499999
1000000 2  500000 499999  499997 499999
1000000 2  499998 499999  499995 499999
1000000 2  499999 500000  499996 500000
1000000 2  499999 499998  499996 499998
1000000 2  500001 499999  499998 499999
1000000 2  499997 499999  499994 499999
1000000 2  499999 500001  499996 500001
1000000 2  499999 499997  499996 499997
1000000 2  500000 500000  499997 500000
1000000 2  500000 499998  499997 499998
1000000 2  499998 500000  499995 500000
1000000 2  499998 499998  499995 499998
1000000 2  500000 499999  500000 499996
1000000 2  500001 499999  500001 499996
1000000 2  499999 499999  499999 499996
1000000 2  500000 500000  500000 499997
1000000 2  500000 499998  500000 499995
1000000 2  500002 499999  500002 499996
1000000 2  499998 499999  499998 499996
1000000 2  500000 500001  500000 499998
1000000 2  500000 499997  500000 499994
1000000 2  500001 500000  500001 499997
1000000 2  500001 499998  500001 499995
1000000 2  499999 500000  499999 499997
1000000 2  499999 499998  499999 499995
1000000 2  499997 500000  499994 500000
1000000 2  499999 500002  499996 500002
1000000 2  500000 500001  499997 500001
1000000 2  499998 500001  499995 500001
1000000 2  500002 499999  500005 499999
1000000 2  500000 499997  500003 499997
1000000 2  500001 499998  500004 499998
1000000 2  499999 499998  500002 499998
1000000 2  500002 500000  500002 500003
1000000 2  500000 500002  500000 500005
1000000 2  500001 500001  500001 500004
1000000 2  500001 499999  500001 500002
1000000 2  499997 499999  499997 499996
1000000 2  499999 499997  499999 499994
1000000 2  499998 500000  499998 499997
1000000 2  499998 499998  499998 499995
1000000 2  500000 500000  500005 500000
1000000 2  500001 500000  500006 500000
1000000 2  499999 500000  500004 500000
1000000 2  500000 500001  500005 500001
1000000 2  500000 499999  500005 499999
1000000 2  500002 500000  500007 500000
1000000 2  499998 500000  500003 500000
1000000 2  500000 500002  500005 500002
1000000 2  500000 499998  500005 499998
1000000 2  500001 500001  500006 500001
1000000 2  500001 499999  500006 499999
1000000 2  499999 500001  500004 500001
1000000 2  499999 499999  500004 499999
1000000 2  499999 500000  499999 500005
1000000 2  500000 500000  500000 500005
1000000 2  499998 500000  499998 500005
1000000 2  499999 500001  499999 500006
1000000 2  499999 499999  499999 500004
1000000 2  500001 500000  500001 500005
1000000 2  499997 500000  499997 500005
1000000 2  499999 500002  499999 500007
1000000 2  499999 499998  499999 500003
1000000 2  500000 500001  500000 500006
1000000 2  500000 499999  500000 500004
1000000 2  499998 500001  499998 500006
1000000 2  499998 499999  499998 500004
1000000 2  499999 499999  499994 499999
1000000 2  500000 499999  499995 499999
1000000 2  499998 499999  499993 499999
1000000 2  499999 500000  499994 500000
1000000 2  499999 499998  499994 499998
1000000 2  500001 499999  499996 499999
1000000 2  499997 499999  499992 499999
1000000 2  499999 500001  499994 500001
1000000 2  499999 499997  499994 499997
1000000 2  500000 500000  499995 500000
1000000 2  500000 499998  499995 499998
1000000 2  499998 500000  499993 500000
1000000 2  499998 499998  499993 499998
1000000 2  500000 499999  500000 499994
1000000 2  500001 499999  500001 499994
1000000 2  499999 499999  499999 499994
1000000 2  500000 500000  500000 499995
1000000 2  500000 499998  500000 499993
1000000 2  500002 499999  500002 499994
1000000 2  499998 499999  499998 499994
1000000 2  500000 500001  500000 499996
1000000 2  500000 499997  500000 499992
1000000 2  500001 500000  500001 499995
1000000 2  500001 499998  500001 499993
1000000 2  499999 500000  499999 499995
1000000 2  499999 499998  499999 499993
1000000 2  500001 500000  499996 500000
1000000 2  499997 500000  499992 500000
1000000 2  499999 500002  499994 500002
1000000 2  500000 500001  499995 500001
1000000 2  499998 500001  499993 500001
1000000 2  500002 499999  500007 499999
1000000 2  499998 499999  500003 499999
1000000 2  500000 499997  500005 499997
1000000 2  500001 499998  500006 499998
1000000 2  499999 499998  500004 499998
1000000 2  500002 500000  500002 500005
1000000 2  500000 500002  500000 500007
1000000 2  500000 499998  500000 500003
1000000 2  500001 500001  500001 500006
1000000 2  500001 499999  500001 500004
1000000 2  499997 499999  499997 499994
1000000 2  499999 500001  499999 499996
1000000 2  499999 499997  499999 499992
1000000 2  499998 500000  499998 499995
1000000 2  499998 499998  499998 499993
1000000 2  500000 500000  500009 500000
1000000 2  500001 500000  500010 500000
1000000 2  499999 500000  500008 500000
1000000 2  500000 500001  500009 500001
1000000 2  500000 499999  500009 499999
1000000 2  500002 500000  500011 500000
1000000 2  499998 500000  500007 500000
1000000 2  500000 500002  500009 500002
1000000 2  500000 499998  500009 499998
1000000 2  500001 500001  500010 500001
1000000 2  500001 499999  500010 499999
1000000 2  499999 500001  500008 500001
1000000 2  499999 499999  500008 499999
1000000 2  499999 500000  499999 500009
1000000 2  500000 500000  500000 500009
1000000 2  499998 500000  499998 500009
1000000 2  499999 500001  499999 500010
1000000 2  499999 499999  499999 500008
1000000 2  500001 500000  500001 500009
1000000 2  499997 500000  499997 500009
1000000 2  499999 500002  499999 500011
1000000 2  499999 499998  499999 500007
1000000 2  500000 500001  500000 500010
1000000 2  500000 499999  500000 500008
1000000 2  499998 500001  499998 500010
1000000 2  499998 499999  499998 500008
1000000 2  499999 499999  499990 499999
1000000 2  500000 499999  499991 499999
1000000 2  499998 499999  499989 499999
1000000 2  499999 500000  499990 500000
1000000 2  499999 499998  499990 499998
1000000 2  500001 499999  499992 499999
1000000 2  499997 499999  499988 499999
1000000 2  499999 500001  499990 500001
1000000 2  499999 499997  499990 499997
1000000 2  500000 500000  499991 500000
1000000 2  500000 499998  499991 499998
1000000 2  499998 500000  499989 500000
1000000 2  499998 499998  499989 499998
1000000 2  500000 499999  500000 499990
1000000 2  500001 499999  500001 499990
1000000 2  499999 499999  499999 499990
1000000 2  500000 500000  500000 499991
1000000 2  500000 499998  500000 499989
1000000 2  500002 499999  500002 499990
1000000 2  499998 499999  499998 499990
1000000 2  500000 500001  500000 499992
1000000 2  500000 499997  500000 499988
1000000 2  500001 500000  500001 499991
1000000 2  500001 499998  500001 499989
1000000 2  499999 500000  499999 499991
1000000 2  499999 499998  499999 499989
1000000 2  500001 500000  499992 500000
1000000 2  499997 500000  499988 500000
1000000 2  499999 500002  499990 500002
1000000 2  500000 500001  499991 500001
1000000 2  499998 500001  499989 500001
1000000 2  500002 499999  500011 499999
1000000 2  499998 499999  500007 499999
1000000 2  500000 499997  500009 499997
1000000 2  500001 499998  500010 499998
1000000 2  499999 499998  500008 499998
1000000 2  500002 500000  500002 500009
1000000 2  500000 500002  500000 500011
1000000 2  500000 499998  500000 500007
1000000 2  500001 500001  500001 500010
1000000 2  500001 499999  500001 500008
1000000 2  499997 499999  499997 499990
1000000 2  499999 500001  499999 499992
1000000 2  499999 499997  499999 499988
1000000 2  499998 500000  499998 499991
1000000 2  499998 499998  499998 499989
1000000 2  500000 500000  500017 500000
1000000 2  500001 500000  500018 500000
1000000 2  499999 500000  500016 500000
1000000 2  500000 500001  500017 500001
1000000 2  500000 499999  500017 499999
1000000 2  500002 500000  500019 500000
1000000 2  499998 500000  500015 500000
1000000 2  500000 500002  500017 500002
1000000 2  500000 499998  500017 499998
1000000 2  500001 500001  500018 500001
1000000 2  500001 499999  500018 499999
1000000 2  499999 500001  500016 500001
1000000 2  499999 499999  500016 499999
1000000 2  499999 500000  499999 500017
1000000 2  500000 500000  500000 500017
1000000 2  499998 500000  499998 500017
1000000 2  499999 500001  499999 500018
1000000 2  499999 499999  499999 500016
1000000 2  500001 500000  500001 500017
1000000 2  499997 500000  499997 500017
1000000 2  499999 500002  499999 500019
1000000 2  499999 499998  499999 500015
1000000 2  500000 500001  500000 500018
1000000 2  500000 499999  500000 500016
1000000 2  499998 500001  499998 500018
1000000 2  499998 499999  499998 500016
1000000 2  499999 499999  499982 499999
1000000 2  500000 499999  499983 499999
1000000 2  499998 499999  499981 499999
1000000 2  499999 500000  499982 500000
1000000 2  499999 499998  499982 499998
1000000 2  500001 499999  499984 499999
1000000 2  499997 499999  499980 499999
1000000 2  499999 500001  499982 500001
1000000 2  499999 499997  499982 499997
1000000 2  500000 500000  499983 500000
1000000 2  500000 499998  499983 499998
1000000 2  499998 500000  499981 500000
1000000 2  499998 499998  499981 499998
1000000 2  500000 499999  500000 499982
1000000 2  500001 499999  500001 499982
1000000 2  499999 499999  499999 499982
1000000 2  500000 500000  500000 499983
1000000 2  500000 499998  500000 499981
1000000 2  500002 499999  500002 499982
1000000 2  499998 499999  499998 499982
1000000 2  500000 500001  500000 499984
1000000 2  500000 499997  500000 499980
1000000 2  500001 500000  500001 499983
1000000 2  500001 499998  500001 499981
1000000 2  499999 500000  499999 499983
1000000 2  499999 499998  499999 499981
1000000 2  500001 500000  499984 500000
1000000 2  499997 500000  499980 500000
1000000 2  499999 500002  499982 500002
1000000 2  500000 500001  499983 500001
1000000 2  499998 500001  499981 500001
1000000 2  500002 499999  500019 499999
1000000 2  499998 499999  500015 499999
1000000 2  500000 499997  500017 499997
1000000 2  500001 499998  500018 499998
1000000 2  499999 499998  500016 499998
1000000 2  500002 500000  500002 500017
1000000 2  500000 500002  500000 500019
1000000 2  500000 499998  500000 500015
1000000 2  500001 500001  500001 500018
1000000 2  500001 499999  500001 500016
1000000 2  499997 499999  499997 499982
1000000 2  499999 500001  499999 499984
1000000 2  499999 499997  499999 499980
1000000 2  499998 500000  499998 499983
1000000 2  499998 499998  499998 499981
1000000 2  500000 500000  500033 500000
1000000 2  500001 500000  500034 500000
1000000 2  499999 500000  500032 500000
1000000 2  500000 500001  500033 500001
1000000 2  500000 499999  500033 499999
1000000 2  500002 500000  500035 500000
1000000 2  499998 500000  500031 500000
1000000 2  500000 500002  500033 500002
1000000 2  500000 499998  500033 499998
1000000 2  500001 500001  500034 500001
1000000 2  500001 499999  500034 499999
1000000 2  499999 500001  500032 500001
1000000 2  499999 499999  500032 499999
1000000 2  499999 500000  499999 500033
1000000 2  500000 500000  500000 500033
1000000 2  499998 500000  499998 500033
1000000 2  499999 500001  499999 500034
1000000 2  499999 499999  499999 500032
1000000 2  500001 500000  500001 500033
1000000 2  499997 500000  499997 500033
1000000 2  499999 500002  499999 500035
1000000 2  499999 499998  499999 500031
1000000 2  500000 500001  500000 500034
1000000 2  500000 499999  500000 500032
1000000 2  499998 500001  499998 500034
1000000 2  499998 499999  499998 500032
1000000 2  499999 499999  499966 499999
1000000 2  500000 499999  499967 499999
1000000 2  499998 499999  499965 499999
1000000 2  499999 500000  499966 500000
1000000 2  499999 499998  499966 499998
1000000 2  500001 499999  499968 499999
1000000 2  499997 499999  499964 499999
1000000 2  499999 500001  499966 500001
1000000 2  499999 499997  499966 499997
1000000 2  500000 500000  499967 500000
1000000 2  500000 499998  499967 499998
1000000 2  499998 500000  499965 500000
1000000 2  499998 499998  499965 499998
1000000 2  500000 499999  500000 499966
1000000 2  500001 499999  500001 499966
1000000 2  499999 499999  499999 499966
1000000 2  500000 500000  500000 499967
1000000 2  500000 499998  500000 499965
1000000 2  500002 499999  500002 499966
1000000 2  499998 499999  499998 499966
1000000 2  500000 500001  500000 499968
1000000 2  500000 499997  500000 499964
1000000 2  500001 500000  500001 499967
1000000 2  500001 499998  500001 499965
1000000 2  499999 500000  499999 499967
1000000 2  499999 499998  499999 499965
1000000 2  500001 500000  499968 500000
1000000 2  499997 500000  499964 500000
1000000 2  499999 500002  499966 500002
1000000 2  500000 500001  499967 500001
1000000 2  499998 500001  499965 500001
1000000 2  500002 499999  500035 499999
1000000 2  499998 499999  500031 499999
1000000 2  500000 499997  500033 499997
1000000 2  500001 499998  500034 499998
1000000 2  499999 499998  500032 499998
1000000 2  500002 500000  500002 500033
1000000 2  500000 500002  500000 500035
1000000 2  500000 499998  500000 500031
1000000 2  500001 500001  500001 500034
1000000 2  500001 499999  500001 500032
1000000 2  499997 499999  499997 499966
1000000 2  499999 500001  499999 499968
1000000 2  499999 499997  499999 499964
1000000 2  499998 500000  499998 499967
1000000 2  499998 499998  499998 499965
1000000 2  500000 500000  500065 500000
1000000 2  500001 500000  500066 500000
1000000 2  499999 500000  500064 500000
1000000 2  500000 500001  500065 500001
1000000 2  500000 499999  500065 499999
1000000 2  500002 500000  500067 500000
1000000 2  499998 500000  500063 500000
1000000 2  500000 500002  500065 500002
1000000 2  500000 499998  500065 499998
1000000 2  500001 500001  500066 500001
1000000 2  500001 499999  500066 499999
1000000 2  499999 500001  500064 500001
1000000 2  499999 499999  500064 499999
1000000 2  499999 500000  499999 500065
1000000 2  500000 500000  500000 500065
1000000 2  499998 500000  499998 500065
1000000 2  499999 500001  499999 500066
1000000 2  499999 499999  499999 500064
1000000 2  500001 500000  500001 500065
1000000 2  499997 500000  499997 500065
1000000 2  499999 500002  499999 500067
1000000 2  499999 499998  499999 500063
1000000 2  500000 500001  500000 500066
1000000 2  500000 499999  500000 500064
1000000 2  499998 500001  499998 500066
1000000 2  499998 499999  499998 500064
1000000 2  499999 499999  499934 499999
1000000 2  500000 499999  499935 499999
1000000 2  499998 499999  499933 499999
1000000 2  499999 500000  499934 500000
1000000 2  499999 499998  499934 499998
1000000 2  500001 499999  499936 499999
1000000 2  499997 499999  499932 499999
1000000 2  499999 500001  499934 500001
1000000 2  499999 499997  499934 499997
1000000 2  500000 500000  499935 500000
1000000 2  500000 499998  499935 499998
1000000 2  499998 500000  499933 500000
1000000 2  499998 499998  499933 499998
1000000 2  500000 499999  500000 499934
1000000 2  500001 499999  500001 499934
1000000 2  499999 499999  499999 499934
1000000 2  500000 500000  500000 499935
1000000 2  500000 499998  500000 499933
1000000 2  500002 499999  500002 499934
1000000 2  499998 499999  499998 499934
1000000 2  500000 500001  500000 499936
1000000 2  500000 499997  500000 499932
1000000 2  500001 500000  500001 499935
1000000 2  500001 499998  500001 499933
1000000 2  499999 500000  499999 499935
1000000 2  499999 499998  499999 499933
1000000 2  500001 500000  499936 500000
1000000 2  499997 500000  499932 500000
1000000 2  499999 500002  499934 500002
1000000 2  500000 500001  499935 500001
1000000 2  499998 500001  499933 500001
1000000 2  500002 499999  500067 499999
1000000 2  499998 499999  500063 499999
1000000 2  500000 499997  500065 499997
1000000 2  500001 499998  500066 499998
1000000 2  499999 499998  500064 499998
1000000 2  500002 500000  500002 500065
1000000 2  500000 500002  500000 500067
1000000 2  500000 499998  500000 500063
1000000 2  500001 500001  500001 500066
1000000 2  500001 499999  500001 500064
1000000 2  499997 499999  499997 499934
1000000 2  499999 500001  499999 499936
1000000 2  499999 499997  499999 499932
1000000 2  499998 500000  499998 499935
1000000 2  499998 499998  499998 499933
1000000 2  500000 500000  500129 500000
1000000 2  500001 500000  500130 500000
1000000 2  499999 500000  500128 500000
1000000 2  500000 500001  500129 500001
1000000 2  500000 499999  500129 499999
1000000 2  500002 500000  500131 500000
1000000 2  499998 500000  500127 500000
1000000 2  500000 500002  500129 500002
1000000 2  500000 499998  500129 499998
1000000 2  500001 500001  500130 500001
1000000 2  500001 499999  500130 499999
1000000 2  499999 500001  500128 500001
1000000 2  499999 499999  500128 499999
1000000 2  499999 500000  499999 500129
1000000 2  500000 500000  500000 500129
1000000 2  499998 500000  499998 500129
1000000 2  499999 500001  499999 500130
1000000 2  499999 499999  499999 500128
1000000 2  500001 500000  500001 500129
1000000 2  499997 500000  499997 500129
1000000 2  499999 500002  499999 500131
1000000 2  499999 499998  499999 500127
1000000 2  500000 500001  500000 500130
1000000 2  500000 499999  500000 500128
1000000 2  499998 500001  499998 500130
1000000 2  499998 499999  499998 500128
1000000 2  499999 499999  499870 499999
1000000 2  500000 499999  499871 499999
1000000 2  499998 499999  499869 499999
1000000 2  499999 500000  499870 500000
1000000 2  499999 499998  499870 499998
1000000 2  500001 499999  499872 499999
1000000 2  499997 499999  499868 499999
1000000 2  499999 500001  499870 500001
1000000 2  499999 499997  499870 499997
1000000 2  500000 500000  499871 500000
1000000 2  500000 499998  499871 499998
1000000 2  499998 500000  499869 500000
1000000 2  499998 499998  499869 499998
1000000 2  500000 499999  500000 499870
1000000 2  500001 499999  500001 499870
1000000 2  499999 499999  499999 499870
1000000 2  500000 500000  500000 499871
1000000 2  500000 499998  500000 499869
1000000 2  500002 499999  500002 499870
1000000 2  499998 499999  499998 499870
1000000 2  500000 500001  500000 499872
1000000 2  500000 499997  500000 499868
1000000 2  500001 500000  500001 499871
1000000 2  500001 499998  500001 499869
1000000 2  499999 500000  499999 499871
1000000 2  499999 499998  499999 499869
1000000 2  500001 500000  499872 500000
1000000 2  499997 500000  499868 500000
1000000 2  499999 500002  499870 500002
1000000 2  500000 500001  499871 500001
1000000 2  499998 500001  499869 500001
1000000 2  500002 499999  500131 499999
1000000 2  499998 499999  500127 499999
1000000 2  500000 499997  500129 499997
1000000 2  500001 499998  500130 499998
1000000 2  499999 499998  500128 499998
1000000 2  500002 500000  500002 500129
1000000 2  500000 500002  500000 500131
1000000 2  500000 499998  500000 500127
1000000 2  500001 500001  500001 500130
1000000 2  500001 499999  500001 500128
1000000 2  499997 499999  499997 499870
1000000 2  499999 500001  499999 499872
1000000 2  499999 499997  499999 499868
1000000 2  499998 500000  499998 499871
1000000 2  499998 499998  499998 499869
1000000 2  500000 500000  500257 500000
1000000 2  500001 500000  500258 500000
1000000 2  499999 500000  500256 500000
1000000 2  500000 500001  500257 500001
1000000 2  500000 499999  500257 499999
1000000 2  500002 500000  500259 500000
1000000 2  499998 500000  500255 500000
1000000 2  500000 500002  500257 500002
1000000 2  500000 499998  500257 499998
1000000 2  500001 500001  500258 500001
1000000 2  500001 499999  500258 499999
1000000 2  499999 500001  500256 500001
1000000 2  499999 499999  500256 499999
1000000 2  499999 500000  499999 500257
1000000 2  500000 500000  500000 500257
1000000 2  499998 500000  499998 500257
1000000 2  499999 500001  499999 500258
1000000 2  499999 499999  499999 500256
1000000 2  500001 500000  500001 500257
1000000 2  499997 500000  499997 500257
1000000 2  499999 500002  499999 500259
1000000 2  499999 499998  499999 500255
1000000 2  500000 500001  500000 500258
1000000 2  500000 499999  500000 500256
1000000 2  499998 500001  499998 500258
1000000 2  499998 499999  499998 500256
1000000 2  499999 499999  499742 499999
1000000 2  500000 499999  499743 499999
1000000 2  499998 499999  499741 499999
1000000 2  499999 500000  499742 500000
1000000 2  499999 499998  499742 499998
1000000 2  500001 499999  499744 499999
1000000 2  499997 499999  499740 499999
1000000 2  499999 500001  499742 500001
1000000 2  499999 499997  499742 499997
1000000 2  500000 500000  499743 500000
1000000 2  500000 499998  499743 499998
1000000 2  499998 500000  499741 500000
1000000 2  499998 499998  499741 499998
1000000 2  500000 499999  500000 499742
1000000 2  500001 499999  500001 499742
1000000 2  499999 499999  499999 499742
1000000 2  500000 500000  500000 499743
1000000 2  500000 499998  500000 499741
1000000 2  500002 499999  500002 499742
1000000 2  499998 499999  499998 499742
1000000 2  500000 500001  500000 499744
1000000 2  500000 499997  500000 499740
1000000 2  500001 500000  500001 499743
1000000 2  500001 499998  500001 499741
1000000 2  499999 500000  499999 499743
1000000 2  499999 499998  499999 499741
1000000 2  500001 500000  499744 500000
1000000 2  499997 500000  499740 500000
1000000 2  499999 500002  499742 500002
1000000 2  500000 500001  499743 500001
1000000 2  499998 500001  499741 500001
1000000 2  500002 499999  500259 499999
1000000 2  499998 499999  500255 499999
1000000 2  500000 499997  500257 499997
1000000 2  500001 499998  500258 499998
1000000 2  499999 499998  500256 499998
1000000 2  500002 500000  500002 500257
1000000 2  500000 500002  500000 500259
1000000 2  500000 499998  500000 500255
1000000 2  500001 500001  500001 500258
1000000 2  500001 499999  500001 500256
1000000 2  499997 499999  499997 499742
1000000 2  499999 500001  499999 499744
1000000 2  499999 499997  499999 499740
1000000 2  499998 500000  499998 499743
1000000 2  499998 499998  499998 499741
1000000 2  500000 500000  500513 500000
1000000 2  500001 500000  500514 500000
1000000 2  499999 500000  500512 500000
1000000 2  500000 500001  500513 500001
1000000 2  500000 499999  500513 499999
1000000 2  500002 500000  500515 500000
1000000 2  499998 500000  500511 500000
1000000 2  500000 500002  500513 500002
1000000 2  500000 499998  500513 499998
1000000 2  500001 500001  500514 500001
1000000 2  500001 499999  500514 499999
1000000 2  499999 500001  500512 500001
1000000 2  499999 499999  500512 499999
1000000 2  499999 500000  499999 500513
1000000 2  500000 500000  500000 500513
1000000 2  499998 500000  499998 500513
1000000 2  499999 500001  499999 500514
1000000 2  499999 499999  499999 500512
1000000 2  500001 500000  500001 500513
1000000 2  499997 500000  499997 500513
1000000 2  499999 500002  499999 500515
1000000 2  499999 499998  499999 500511
1000000 2  500000 500001  500000 500514
1000000 2  500000 499999  500000 500512
1000000 2  499998 500001  499998 500514
1000000 2  499998 499999  499998 500512
1000000 2  499999 499999  499486 499999
1000000 2  500000 499999  499487 499999
1000000 2  499998 499999  499485 499999
1000000 2  499999 500000  499486 500000
1000000 2  499999 499998  499486 499998
1000000 2  500001 499999  499488 499999
1000000 2  499997 499999  499484 499999
1000000 2  499999 500001  499486 500001
1000000 2  499999 499997  499486 499997
1000000 2  500000 500000  499487 500000
1000000 2  500000 499998  499487 499998
1000000 2  499998 500000  499485 500000
1000000 2  499998 499998  499485 499998
1000000 2  500000 499999  500000 499486
1000000 2  500001 499999  500001 499486
1000000 2  499999 499999  499999 499486
1000000 2  500000 500000  500000 499487
1000000 2  500000 499998  500000 499485
1000000 2  500002 499999  500002 499486
1000000 2  499998 499999  499998 499486
1000000 2  500000 500001  500000 499488
1000000 2  500000 499997  500000 499484
1000000 2  500001 500000  500001 499487
1000000 2  500001 499998  500001 499485
1000000 2  499999 500000  499999 499487
1000000 2  499999 499998  499999 499485
1000000 2  500001 500000  499488 500000
1000000 2  499997 500000  499484 500000
1000000 2  499999 500002  499486 500002
1000000 2  500000 500001  499487 500001
1000000 2  499998 500001  499485 500001
1000000 2  500002 499999  500515 499999
1000000 2  499998 499999  500511 499999
1000000 2  500000 499997  500513 499997
1000000 2  500001 499998  500514 499998
1000000 2  499999 499998  500512 499998
1000000 2  500002 500000  500002 500513
1000000 2  500000 500002  500000 500515
1000000 2  500000 499998  500000 500511
1000000 2  500001 500001  500001 500514
1000000 2  500001 499999  500001 500512
1000000 2  499997 499999  499997 499486
1000000 2  499999 500001  499999 499488
1000000 2  499999 499997  499999 499484
1000000 2  499998 500000  499998 499487
1000000 2  499998 499998  499998 499485
1000000 2  500000 500000  501025 500000
1000000 2  500001 500000  501026 500000
1000000 2  499999 500000  501024 500000
1000000 2  500000 500001  501025 500001
1000000 2  500000 499999  501025 499999
1000000 2  500002 500000  501027 500000
1000000 2  499998 500000  501023 500000
1000000 2  500000 500002  501025 500002
1000000 2  500000 499998  501025 499998
1000000 2  500001 500001  501026 500001
1000000 2  500001 499999  501026 499999
1000000 2  499999 500001  501024 500001
1000000 2  499999 499999  501024 499999
1000000 2  499999 500000  499999 501025
1000000 2  500000 500000  500000 501025
1000000 2  499998 500000  499998 501025
1000000 2  499999 500001  499999 501026
1000000 2  499999 499999  499999 501024
1000000 2  500001 500000  500001 501025
1000000 2  499997 500000  499997 501025
1000000 2  499999 500002  499999 501027
1000000 2  499999 499998  499999 501023
1000000 2  500000 500001  500000 501026
1000000 2  500000 499999  500000 501024
1000000 2  499998 500001  499998 501026
1000000 2  499998 499999  499998 501024
1000000 2  499999 499999  498974 499999
1000000 2  500000 499999  498975 499999
1000000 2  499998 499999  498973 499999
1000000 2  499999 500000  498974 500000
1000000 2  499999 499998  498974 499998
1000000 2  500001 499999  498976 499999
1000000 2  499997 499999  498972 499999
1000000 2  499999 500001  498974 500001
1000000 2  499999 499997  498974 499997
1000000 2  500000 500000  498975 500000
1000000 2  500000 499998  498975 499998
1000000 2  499998 500000  498973 500000
1000000 2  499998 499998  498973 499998
1000000 2  500000 499999  500000 498974
1000000 2  500001 499999  500001 498974
1000000 2  499999 499999  499999 498974
1000000 2  500000 500000  500000 498975
1000000 2  500000 499998  500000 498973
1000000 2  500002 499999  500002 498974
1000000 2  499998 499999  499998 498974
1000000 2  500000 500001  500000 498976
1000000 2  500000 499997  500000 498972
1000000 2  500001 500000  500001 498975
1000000 2  500001 499998  500001 498973
1000000 2  499999 500000  499999 498975
1000000 2  499999 499998  499999 498973
1000000 2  500001 500000  498976 500000
1000000 2  499997 500000  498972 500000
1000000 2  499999 500002  498974 500002
1000000 2  500000 500001  498975 500001
1000000 2  499998 500001  498973 500001
1000000 2  500002 499999  501027 499999
1000000 2  499998 499999  501023 499999
1000000 2  500000 499997  501025 499997
1000000 2  500001 499998  501026 499998
1000000 2  499999 499998  501024 499998
1000000 2  500002 500000  500002 501025
1000000 2  500000 500002  500000 501027
1000000 2  500000 499998  500000 501023
1000000 2  500001 500001  500001 501026
1000000 2  500001 499999  500001 501024
1000000 2  499997 499999  499997 498974
1000000 2  499999 500001  499999 498976
1000000 2  499999 499997  499999 498972
1000000 2  499998 500000  499998 498975
1000000 2  499998 499998  499998 498973
1000000 2  500000 500000  502049 500000
1000000 2  500001 500000  502050 500000
1000000 2  499999 500000  502048 500000
1000000 2  500000 500001  502049 500001
1000000 2  500000 499999  502049 499999
1000000 2  500002 500000  502051 500000
1000000 2  499998 500000  502047 500000
1000000 2  500000 500002  502049 500002
1000000 2  500000 499998  502049 499998
1000000 2  500001 500001  502050 500001
1000000 2  500001 499999  502050 499999
1000000 2  499999 500001  502048 500001
1000000 2  499999 499999  502048 499999
1000000 2  499999 500000  499999 502049
1000000 2  500000 500000  500000 502049
1000000 2  499998 500000  499998 502049
1000000 2  499999 500001  499999 502050
1000000 2  499999 499999  499999 502048
1000000 2  500001 500000  500001 502049
1000000 2  499997 500000  499997 502049
1000000 2  499999 500002  499999 502051
1000000 2  499999 499998  499999 502047
1000000 2  500000 500001  500000 502050
1000000 2  500000 499999  500000 502048
1000000 2  499998 500001  499998 502050
1000000 2  499998 499999  499998 502048
1000000 2  499999 499999  497950 499999
1000000 2  500000 499999  497951 499999
1000000 2  499998 499999  497949 499999
1000000 2  499999 500000  497950 500000
1000000 2  499999 499998  497950 499998
1000000 2  500001 499999  497952 499999
1000000 2  499997 499999  497948 499999
1000000 2  499999 500001  497950 500001
1000000 2  499999 499997  497950 499997
1000000 2  500000 500000  497951 500000
1000000 2  500000 499998  497951 499998
1000000 2  499998 500000  497949 500000
1000000 2  499998 499998  497949 499998
1000000 2  500000 499999  500000 497950
1000000 2  500001 499999  500001 497950
1000000 2  499999 499999  499999 497950
1000000 2  500000 500000  500000 497951
1000000 2  500000 499998  500000 497949
1000000 2  500002 499999  500002 497950
1000000 2  499998 499999  499998 497950
1000000 2  500000 500001  500000 497952
1000000 2  500000 499997  500000 497948
1000000 2  500001 500000  500001 497951
1000000 2  500001 499998  500001 497949
1000000 2  499999 500000  499999 497951
1000000 2  499999 499998  499999 497949
1000000 2  500001 500000  497952 500000
1000000 2  499997 500000  497948 500000
1000000 2  499999 500002  497950 500002
1000000 2  500000 500001  497951 500001
1000000 2  499998 500001  497949 500001
1000000 2  500002 499999  502051 499999
1000000 2  499998 499999  502047 499999
1000000 2  500000 499997  502049 499997
1000000 2  500001 499998  502050 499998
1000000 2  499999 499998  502048 499998
1000000 2  500002 500000  500002 502049
1000000 2  500000 500002  500000 502051
1000000 2  500000 499998  500000 502047
1000000 2  500001 500001  500001 502050
1000000 2  500001 499999  500001 502048
1000000 2  499997 499999  499997 497950
1000000 2  499999 500001  499999 497952
1000000 2  499999 499997  499999 497948
1000000 2  499998 500000  499998 497951
1000000 2  499998 499998  499998 497949
1000000 2  500000 500000  504097 500000
1000000 2  500001 500000  504098 500000
1000000 2  499999 500000  504096 500000
1000000 2  500000 500001  504097 500001
1000000 2  500000 499999  504097 499999
1000000 2  500002 500000  504099 500000
1000000 2  499998 500000  504095 500000
1000000 2  500000 500002  504097 500002
1000000 2  500000 499998  504097 499998
1000000 2  500001 500001  504098 500001
1000000 2  500001 499999  504098 499999
1000000 2  499999 500001  504096 500001
1000000 2  499999 499999  504096 499999
1000000 2  499999 500000  499999 504097
1000000 2  500000 500000  500000 504097
1000000 2  499998 500000  499998 504097
1000000 2  499999 500001  499999 504098
1000000 2  499999 499999  499999 504096
1000000 2  500001 500000  500001 504097
1000000 2  499997 500000  499997 504097
1000000 2  499999 500002  499999 504099
1000000 2  499999 499998  499999 504095
1000000 2  500000 500001  500000 504098
1000000 2  500000 499999  500000 504096
1000000 2  499998 500001  499998 504098
1000000 2  499998 499999  499998 504096
1000000 2  499999 499999  495902 499999
1000000 2  500000 499999  495903 499999
1000000 2  499998 499999  495901 499999
1000000 2  499999 500000  495902 500000
1000000 2  499999 499998  495902 499998
1000000 2  500001 499999  495904 499999
1000000 2  499997 499999  495900 499999
1000000 2  499999 500001  495902 500001
1000000 2  499999 499997  495902 499997
1000000 2  500000 500000  495903 500000
1000000 2  500000 499998  495903 499998
1000000 2  499998 500000  495901 500000
1000000 2  499998 499998  495901 499998
1000000 2  500000 499999  500000 495902
1000000 2  500001 499999  500001 495902
1000000 2  499999 499999  499999 495902
1000000 2  500000 500000  500000 495903
1000000 2  500000 499998  500000 495901
1000000 2  500002 499999  500002 495902
1000000 2  499998 499999  499998 495902
1000000 2  500000 500001  500000 495904
1000000 2  500000 499997  500000 495900
1000000 2  500001 500000  500001 495903
1000000 2  500001 499998  500001 495901
1000000 2  499999 500000  499999 495903
1000000 2  499999 499998  499999 495901
1000000 2  500001 500000  495904 500000
1000000 2  499997 500000  495900 500000
1000000 2  499999 500002  495902 500002
1000000 2  500000 500001  495903 500001
1000000 2  499998 500001  495901 500001
1000000 2  500002 499999  504099 499999
1000000 2  499998 499999  504095 499999
1000000 2  500000 499997  504097 499997
1000000 2  500001 499998  504098 499998
1000000 2  499999 499998  504096 499998
1000000 2  500002 500000  500002 504097
1000000 2  500000 500002  500000 504099
1000000 2  500000 499998  500000 504095
1000000 2  500001 500001  500001 504098
1000000 2  500001 499999  500001 504096
1000000 2  499997 499999  499997 495902
1000000 2  499999 500001  499999 495904
1000000 2  499999 499997  499999 495900
1000000 2  499998 500000  499998 495903
1000000 2  499998 499998  499998 495901
1000000 2  500000 500000  508193 500000
1000000 2  500001 500000  508194 500000
1000000 2  499999 500000  508192 500000
1000000 2  500000 500001  508193 500001
1000000 2  500000 499999  508193 499999
1000000 2  500002 500000  508195 500000
1000000 2  499998 500000  508191 500000
1000000 2  500000 500002  508193 500002
1000000 2  500000 499998  508193 499998
1000000 2  500001 500001  508194 500001
1000000 2  500001 499999  508194 499999
1000000 2  499999 500001  508192 500001
1000000 2  499999 499999  508192 499999
1000000 2  499999 500000  499999 508193
1000000 2  500000 500000  500000 508193
1000000 2  499998 500000  499998 508193
1000000 2  499999 500001  499999 508194
1000000 2  499999 499999  499999 508192
1000000 2  500001 500000  500001 508193
1000000 2  499997 500000  499997 508193
1000000 2  499999 500002  499999 508195
1000000 2  499999 499998  499999 508191
1000000 2  500000 500001  500000 508194
1000000 2  500000 499999  500000 508192
1000000 2  499998 500001  499998 508194
1000000 2  499998 499999  499998 508192
1000000 2  499999 499999  491806 499999
1000000 2  500000 499999  491807 499999
1000000 2  499998 499999  491805 499999
1000000 2  499999 500000  491806 500000
1000000 2  499999 499998  491806 499998
1000000 2  500001 499999  491808 499999
1000000 2  499997 499999  491804 499999
1000000 2  499999 500001  491806 500001
1000000 2  499999 499997  491806 499997
1000000 2  500000 500000  491807 500000
1000000 2  500000 499998  491807 499998
1000000 2  499998 500000  491805 500000
1000000 2  499998 499998  491805 499998
1000000 2  500000 499999  500000 491806
1000000 2  500001 499999  500001 491806
1000000 2  499999 499999  499999 491806
1000000 2  500000 500000  500000 491807
1000000 2  500000 499998  500000 491805
1000000 2  500002 499999  500002 491806
1000000 2  499998 499999  499998 491806
1000000 2  500000 500001  500000 491808
1000000 2  500000 499997  500000 491804
1000000 2  500001 500000  500001 491807
1000000 2  500001 499998  500001 491805
1000000 2  499999 500000  499999 491807
1000000 2  499999 499998  499999 491805
1000000 2  500001 500000  491808 500000
1000000 2  499997 500000  491804 500000
1000000 2  499999 500002  491806 500002
1000000 2  500000 500001  491807 500001
1000000 2  499998 500001  491805 500001
1000000 2  500002 499999  508195 499999
1000000 2  499998 499999  508191 499999
1000000 2  500000 499997  508193 499997
1000000 2  500001 499998  508194 499998
1000000 2  499999 499998  508192 499998
1000000 2  500002 500000  500002 508193
1000000 2  500000 500002  500000 508195
1000000 2  500000 499998  500000 508191
1000000 2  500001 500001  500001 508194
1000000 2  500001 499999  500001 508192
1000000 2  499997 499999  499997 491806
1000000 2  499999 500001  499999 491808
1000000 2  499999 499997  499999 491804
1000000 2  499998 500000  499998 491807
1000000 2  499998 499998  499998 491805
1000000 2  500000 500000  516385 500000
1000000 2  500001 500000  516386 500000
1000000 2  499999 500000  516384 500000
1000000 2  500000 500001  516385 500001
1000000 2  500000 499999  516385 499999
1000000 2  500002 500000  516387 500000
1000000 2  499998 500000  516383 500000
1000000 2  500000 500002  516385 500002
1000000 2  500000 499998  516385 499998
1000000 2  500001 500001  516386 500001
1000000 2  500001 499999  516386 499999
1000000 2  499999 500001  516384 500001
1000000 2  499999 499999  516384 499999
1000000 2  499999 500000  499999 516385
1000000 2  500000 500000  500000 516385
1000000 2  499998 500000  499998 516385
1000000 2  499999 500001  499999 516386
1000000 2  499999 499999  499999 516384
1000000 2  500001 500000  500001 516385
1000000 2  499997 500000  499997 516385
1000000 2  499999 500002  499999 516387
1000000 2  499999 499998  499999 516383
1000000 2  500000 500001  500000 516386
1000000 2  500000 499999  500000 516384
1000000 2  499998 500001  499998 516386
1000000 2  499998 499999  499998 516384
1000000 2  499999 499999  483614 499999
1000000 2  500000 499999  483615 499999
1000000 2  499998 499999  483613 499999
1000000 2  499999 500000  483614 500000
1000000 2  499999 499998  483614 499998
1000000 2  500001 499999  483616 499999
1000000 2  499997 499999  483612 499999
1000000 2  499999 500001  483614 500001
1000000 2  499999 499997  483614 499997
1000000 2  500000 500000  483615 500000
1000000 2  500000 499998  483615 499998
1000000 2  499998 500000  483613 500000
1000000 2  499998 499998  483613 499998
1000000 2  500000 499999  500000 483614
1000000 2  500001 499999  500001 483614
1000000 2  499999 499999  499999 483614
1000000 2  500000 500000  500000 483615
1000000 2  500000 499998  500000 483613
1000000 2  500002 499999  500002 483614
1000000 2  499998 499999  499998 483614
1000000 2  500000 500001  500000 483616
1000000 2  500000 499997  500000 483612
1000000 2  500001 500000  500001 483615
1000000 2  500001 499998  500001 483613
1000000 2  499999 500000  499999 483615
1000000 2  499999 499998  499999 483613
1000000 2  500001 500000  483616 500000
1000000 2  499997 500000  483612 500000
1000000 2  499999 500002  483614 500002
1000000 2  500000 500001  483615 500001
1000000 2  499998 500001  483613 500001
1000000 2  500002 499999  516387 499999
1000000 2  499998 499999  516383 499999
1000000 2  500000 499997  516385 499997
1000000 2  500001 499998  516386 499998
1000000 2  499999 499998  516384 499998
1000000 2  500002 500000  500002 516385
1000000 2  500000 500002  500000 516387
1000000 2  500000 499998  500000 516383
1000000 2  500001 500001  500001 516386
1000000 2  500001 499999  500001 516384
1000000 2  499997 499999  499997 483614
1000000 2  499999 500001  499999 483616
1000000 2  499999 499997  499999 483612
1000000 2  499998 500000  499998 483615
1000000 2  499998 499998  499998 483613
1000000 2  500000 500000  532769 500000
1000000 2  500001 500000  532770 500000
1000000 2  499999 500000  532768 500000
1000000 2  500000 500001  532769 500001
1000000 2  500000 499999  532769 499999
1000000 2  500002 500000  532771 500000
1000000 2  499998 500000  532767 500000
1000000 2  500000 500002  532769 500002
1000000 2  500000 499998  532769 499998
1000000 2  500001 500001  532770 500001
1000000 2  500001 499999  532770 499999
1000000 2  499999 500001  532768 500001
1000000 2  499999 499999  532768 499999
1000000 2  499999 500000  499999 532769
1000000 2  500000 500000  500000 532769
1000000 2  499998 500000  499998 532769
1000000 2  499999 500001  499999 532770
1000000 2  499999 499999  499999 532768
1000000 2  500001 500000  500001 532769
1000000 2  499997 500000  499997 532769
1000000 2  499999 500002  499999 532771
1000000 2  499999 499998  499999 532767
1000000 2  500000 500001  500000 532770
1000000 2  500000 499999  500000 532768
1000000 2  499998 500001  499998 532770
1000000 2  499998 499999  499998 532768
1000000 2  499999 499999  467230 499999
1000000 2  500000 499999  467231 499999
1000000 2  499998 499999  467229 499999
1000000 2  499999 500000  467230 500000
1000000 2  499999 499998  467230 499998
1000000 2  500001 499999  467232 499999
1000000 2  499997 499999  467228 499999
1000000 2  499999 500001  467230 500001
1000000 2  499999 499997  467230 499997
1000000 2  500000 500000  467231 500000
1000000 2  500000 499998  467231 499998
1000000 2  499998 500000  467229 500000
1000000 2  499998 499998  467229 499998
1000000 2  500000 499999  500000 467230
1000000 2  500001 499999  500001 467230
1000000 2  499999 499999  499999 467230
1000000 2  500000 500000  500000 467231
1000000 2  500000 499998  500000 467229
1000000 2  500002 499999  500002 467230
1000000 2  499998 499999  499998 467230
1000000 2  500000 500001  500000 467232
1000000 2  500000 499997  500000 467228
1000000 2  500001 500000  500001 467231
1000000 2  500001 499998  500001 467229
1000000 2  499999 500000  499999 467231
1000000 2  499999 499998  499999 467229
1000000 2  500001 500000  467232 500000
1000000 2  499997 500000  467228 500000
1000000 2  499999 500002  467230 500002
1000000 2  500000 500001  467231 500001
1000000 2  499998 500001  467229 500001
1000000 2  500002 499999  532771 499999
1000000 2  499998 499999  532767 499999
1000000 2  500000 499997  532769 499997
1000000 2  500001 499998  532770 499998
1000000 2  499999 499998  532768 499998
1000000 2  500002 500000  500002 532769
1000000 2  500000 500002  500000 532771
1000000 2  500000 499998  500000 532767
1000000 2  500001 500001  500001 532770
1000000 2  500001 499999  500001 532768
1000000 2  499997 499999  499997 467230
1000000 2  499999 500001  499999 467232
1000000 2  499999 499997  499999 467228
1000000 2  499998 500000  499998 467231
1000000 2  499998 499998  499998 467229
1000000 2  500000 500000  565537 500000
1000000 2  500001 500000  565538 500000
1000000 2  499999 500000  565536 500000
1000000 2  500000 500001  565537 500001
1000000 2  500000 499999  565537 499999
1000000 2  500002 500000  565539 500000
1000000 2  499998 500000  565535 500000
1000000 2  500000 500002  565537 500002
1000000 2  500000 499998  565537 499998
1000000 2  500001 500001  565538 500001
1000000 2  500001 499999  565538 499999
1000000 2  499999 500001  565536 500001
1000000 2  499999 499999  565536 499999
1000000 2  499999 500000  499999 565537
1000000 2  500000 500000  500000 565537
1000000 2  499998 500000  499998 565537
1000000 2  499999 500001  499999 565538
1000000 2  499999 499999  499999 565536
1000000 2  500001 500000  500001 565537
1000000 2  499997 500000  499997 565537
1000000 2  499999 500002  499999 565539
1000000 2  499999 499998  499999 565535
1000000 2  500000 500001  500000 565538
1000000 2  500000 499999  500000 565536
1000000 2  499998 500001  499998 565538
1000000 2  499998 499999  499998 565536
1000000 2  499999 499999  434462 499999
1000000 2  500000 499999  434463 499999
1000000 2  499998 499999  434461 499999
1000000 2  499999 500000  434462 500000
1000000 2  499999 499998  434462 499998
1000000 2  500001 499999  434464 499999
1000000 2  499997 499999  434460 499999
1000000 2  499999 500001  434462 500001
1000000 2  499999 499997  434462 499997
1000000 2  500000 500000  434463 500000
1000000 2  500000 499998  434463 499998
1000000 2  499998 500000  434461 500000
1000000 2  499998 499998  434461 499998
1000000 2  500000 499999  500000 434462
1000000 2  500001 499999  500001 434462
1000000 2  499999 499999  499999 434462
1000000 2  500000 500000  500000 434463
1000000 2  500000 499998  500000 434461
1000000 2  500002 499999  500002 434462
1000000 2  499998 499999  499998 434462
1000000 2  500000 500001  500000 434464
1000000 2  500000 499997  500000 434460
1000000 2  500001 500000  500001 434463
1000000 2  500001 499998  500001 434461
1000000 2  499999 500000  499999 434463
1000000 2  499999 499998  499999 434461
1000000 2  500001 500000  434464 500000
1000000 2  499997 500000  434460 500000
1000000 2  499999 500002  434462 500002
1000000 2  500000 500001  434463 500001
1000000 2  499998 500001  434461 500001
1000000 2  500002 499999  565539 499999
1000000 2  499998 499999  565535 499999
1000000 2  500000 499997  565537 499997
1000000 2  500001 499998  565538 499998
1000000 2  499999 499998  565536 499998
1000000 2  500002 500000  500002 565537
1000000 2  500000 500002  500000 565539
1000000 2  500000 499998  500000 565535
1000000 2  500001 500001  500001 565538
1000000 2  500001 499999  500001 565536
1000000 2  499997 499999  499997 434462
1000000 2  499999 500001  499999 434464
1000000 2  499999 499997  499999 434460
1000000 2  499998 500000  499998 434463
1000000 2  499998 499998  499998 434461
1000000 2  500000 500000  631073 500000
1000000 2  500001 500000  631074 500000
1000000 2  499999 500000  631072 500000
1000000 2  500000 500001  631073 500001
1000000 2  500000 499999  631073 499999
1000000 2  500002 500000  631075 500000
1000000 2  499998 500000  631071 500000
1000000 2  500000 500002  631073 500002
1000000 2  500000 499998  631073 499998
1000000 2  500001 500001  631074 500001
1000000 2  500001 499999  631074 499999
1000000 2  499999 500001  631072 500001
1000000 2  499999 499999  631072 499999
1000000 2  499999 500000  499999 631073
1000000 2  500000 500000  500000 631073
1000000 2  499998 500000  499998 631073
1000000 2  499999 500001  499999 631074
1000000 2  499999 499999  499999 631072
1000000 2  500001 500000  500001 631073
1000000 2  499997 500000  499997 631073
1000000 2  499999 500002  499999 631075
1000000 2  499999 499998  499999 631071
1000000 2  500000 500001  500000 631074
1000000 2  500000 499999  500000 631072
1000000 2  499998 500001  499998 631074
1000000 2  499998 499999  499998 631072
1000000 2  499999 499999  368926 499999
1000000 2  500000 499999  368927 499999
1000000 2  499998 499999  368925 499999
1000000 2  499999 500000  368926 500000
1000000 2  499999 499998  368926 499998
1000000 2  500001 499999  368928 499999
1000000 2  499997 499999  368924 499999
1000000 2  499999 500001  368926 500001
1000000 2  499999 499997  368926 499997
1000000 2  500000 500000  368927 500000
1000000 2  500000 499998  368927 499998
1000000 2  499998 500000  368925 500000
1000000 2  499998 499998  368925 499998
1000000 2  500000 499999  500000 368926
1000000 2  500001 499999  500001 368926
1000000 2  499999 499999  499999 368926
1000000 2  500000 500000  500000 368927
1000000 2  500000 499998  500000 368925
1000000 2  500002 499999  500002 368926
1000000 2  499998 499999  499998 368926
1000000 2  500000 500001  500000 368928
1000000 2  500000 499997  500000 368924
1000000 2  500001 500000  500001 368927
1000000 2  500001 499998  500001 368925
1000000 2  499999 500000  499999 368927
1000000 2  499999 499998  499999 368925
1000000 2  500001 500000  368928 500000
1000000 2  499997 500000  368924 500000
1000000 2  499999 500002  368926 500002
1000000 2  500000 500001  368927 500001
1000000 2  499998 500001  368925 500001
1000000 2  500002 499999  631075 499999
1000000 2  499998 499999  631071 499999
1000000 2  500000 499997  631073 499997
1000000 2  500001 499998  631074 499998
1000000 2  499999 499998  631072 499998
1000000 2  500002 500000  500002 631073
1000000 2  500000 500002  500000 631075
1000000 2  500000 499998  500000 631071
1000000 2  500001 500001  500001 631074
1000000 2  500001 499999  500001 631072
1000000 2  499997 499999  499997 368926
1000000 2  499999 500001  499999 368928
1000000 2  499999 499997  499999 368924
1000000 2  499998 500000  499998 368927
1000000 2  499998 499998  499998 368925
1000000 2  500000 500000  762145 500000
1000000 2  500001 500000  762146 500000
1000000 2  499999 500000  762144 500000
1000000 2  500000 500001  762145 500001
1000000 2  500000 499999  762145 499999
1000000 2  500002 500000  762147 500000
1000000 2  499998 500000  762143 500000
1000000 2  500000 500002  762145 500002
1000000 2  500000 499998  762145 499998
1000000 2  500001 500001  762146 500001
1000000 2  500001 499999  762146 499999
1000000 2  499999 500001  762144 500001
1000000 2  499999 499999  762144 499999
1000000 2  499999 500000  499999 762145
1000000 2  500000 500000  500000 762145
1000000 2  499998 500000  499998 762145
1000000 2  499999 500001  499999 762146
1000000 2  499999 499999  499999 762144
1000000 2  500001 500000  500001 762145
1000000 2  499997 500000  499997 762145
1000000 2  499999 500002  499999 762147
1000000 2  499999 499998  499999 762143
1000000 2  500000 500001  500000 762146
1000000 2  500000 499999  500000 762144
1000000 2  499998 500001  499998 762146
1000000 2  499998 499999  499998 762144
1000000 2  499999 499999  237854 499999
1000000 2  500000 499999  237855 499999
1000000 2  499998 499999  237853 499999
1000000 2  499999 500000  237854 500000
1000000 2  499999 499998  237854 499998
1000000 2  500001 499999  237856 499999
1000000 2  499997 499999  237852 499999
1000000 2  499999 500001  237854 500001
1000000 2  499999 499997  237854 499997
1000000 2  500000 500000  237855 500000
1000000 2  500000 499998  237855 499998
1000000 2  499998 500000  237853 500000
1000000 2  499998 499998  237853 499998
1000000 2  500000 499999  500000 237854
1000000 2  500001 499999  500001 237854
1000000 2  499999 499999  499999 237854
1000000 2  500000 500000  500000 237855
1000000 2  500000 499998  500000 237853
1000000 2  500002 499999  500002 237854
1000000 2  499998 499999  499998 237854
1000000 2  500000 500001  500000 237856
1000000 2  500000 499997  500000 237852
1000000 2  500001 500000  500001 237855
1000000 2  500001 499998  500001 237853
1000000 2  499999 500000  499999 237855
1000000 2  499999 499998  499999 237853
1000000 2  500001 500000  237856 500000
1000000 2  499997 500000  237852 500000
1000000 2  499999 500002  237854 500002
1000000 2  500000 500001  237855 500001
1000000 2  499998 500001  237853 500001
1000000 2  500002 499999  762147 499999
1000000 2  499998 499999  762143 499999
1000000 2  500000 499997  762145 499997
1000000 2  500001 499998  762146 499998
1000000 2  499999 499998  762144 499998
1000000 2  500002 500000  500002 762145
1000000 2  500000 500002  500000 762147
1000000 2  500000 499998  500000 762143
1000000 2  500001 500001  500001 762146
1000000 2  500001 499999  500001 762144
1000000 2  499997 499999  499997 237854
1000000 2  499999 500001  499999 237856
1000000 2  499999 499997  499999 237852
1000000 2  499998 500000  499998 237855
1000000 2  499998 499998  499998 237853
1000000 2  500000 500000  500007 500000
1000000 2  500001 500000  500008 500000
1000000 2  499999 500000  500006 500000
1000000 2  500000 500001  500007 500001
1000000 2  500000 499999  500007 499999
1000000 2  500002 500000  500009 500000
1000000 2  499998 500000  500005 500000
1000000 2  500000 500002  500007 500002
1000000 2  500000 499998  500007 499998
1000000 2  500001 500001  500008 500001
1000000 2  500001 499999  500008 499999
1000000 2  499999 500001  500006 500001
1000000 2  499999 499999  500006 499999
1000000 2  499999 500000  499999 500007
1000000 2  500000 500000  500000 500007
1000000 2  499998 500000  499998 500007
1000000 2  499999 500001  499999 500008
1000000 2  499999 499999  499999 500006
1000000 2  500001 500000  500001 500007
1000000 2  499997 500000  499997 500007
1000000 2  499999 500002  499999 500009
1000000 2  499999 499998  499999 500005
1000000 2  500000 500001  500000 500008
1000000 2  500000 499999  500000 500006
1000000 2  499998 500001  499998 500008
1000000 2  499998 499999  499998 500006
1000000 2  499999 499999  499992 499999
1000000 2  500000 499999  499993 499999
1000000 2  499998 499999  499991 499999
1000000 2  499999 500000  499992 500000
1000000 2  499999 499998  499992 499998
1000000 2  500001 499999  499994 499999
1000000 2  499997 499999  499990 499999
1000000 2  499999 500001  499992 500001
1000000 2  499999 499997  499992 499997
1000000 2  500000 500000  499993 500000
1000000 2  500000 499998  499993 499998
1000000 2  499998 500000  499991 500000
1000000 2  499998 499998  499991 499998
1000000 2  500000 499999  500000 499992
1000000 2  500001 499999  500001 499992
1000000 2  499999 499999  499999 499992
1000000 2  500000 500000  500000 499993
1000000 2  500000 499998  500000 499991
1000000 2  500002 499999  500002 499992
1000000 2  499998 499999  499998 499992
1000000 2  500000 500001  500000 499994
1000000 2  500000 499997  500000 499990
1000000 2  500001 500000  500001 499993
1000000 2  500001 499998  500001 499991
1000000 2  499999 500000  499999 499993
1000000 2  499999 499998  499999 499991
1000000 2  500001 500000  499994 500000
1000000 2  499997 500000  499990 500000
1000000 2  499999 500002  499992 500002
1000000 2  500000 500001  499993 500001
1000000 2  499998 500001  499991 500001
1000000 2  500002 499999  500009 499999
1000000 2  499998 499999  500005 499999
1000000 2  500000 499997  500007 499997
1000000 2  500001 499998  500008 499998
1000000 2  499999 499998  500006 499998
1000000 2  500002 500000  500002 500007
1000000 2  500000 500002  500000 500009
1000000 2  500000 499998  500000 500005
1000000 2  500001 500001  500001 500008
1000000 2  500001 499999  500001 500006
1000000 2  499997 499999  499997 499992
1000000 2  499999 500001  499999 499994
1000000 2  499999 499997  499999 499990
1000000 2  499998 500000  499998 499993
1000000 2  499998 499998  499998 499991
1000000 2  500000 500000  500015 500000
1000000 2  500001 500000  500016 500000
1000000 2  499999 500000  500014 500000
1000000 2  500000 500001  500015 500001
1000000 2  500000 499999  500015 499999
1000000 2  500002 500000  500017 500000
1000000 2  499998 500000  500013 500000
1000000 2  500000 500002  500015 500002
1000000 2  500000 499998  500015 499998
1000000 2  500001 500001  500016 500001
1000000 2  500001 499999  500016 499999
1000000 2  499999 500001  500014 500001
1000000 2  499999 499999  500014 499999
1000000 2  499999 500000  499999 500015
1000000 2  500000 500000  500000 500015
1000000 2  499998 500000  499998 500015
1000000 2  499999 500001  499999 500016
1000000 2  499999 499999  499999 500014
1000000 2  500001 500000  500001 500015
1000000 2  499997 500000  499997 500015
1000000 2  499999 500002  499999 500017
1000000 2  499999 499998  499999 500013
1000000 2  500000 500001  500000 500016
1000000 2  500000 499999  500000 500014
1000000 2  499998 500001  499998 500016
1000000 2  499998 499999  499998 500014
1000000 2  499999 499999  499984 499999
1000000 2  500000 499999  499985 499999
1000000 2  499998 499999  499983 499999
1000000 2  499999 500000  499984 500000
1000000 2  499999 499998  499984 499998
1000000 2  500001 499999  499986 499999
1000000 2  499997 499999  499982 499999
1000000 2  499999 500001  499984 500001
1000000 2  499999 499997  499984 499997
1000000 2  500000 500000  499985 500000
1000000 2  500000 499998  499985 499998
1000000 2  499998 500000  499983 500000
1000000 2  499998 499998  499983 499998
1000000 2  500000 499999  500000 499984
1000000 2  500001 499999  500001 499984
1000000 2  499999 499999  499999 499984
1000000 2  500000 500000  500000 499985
1000000 2  500000 499998  500000 499983
1000000 2  500002 499999  500002 499984
1000000 2  499998 499999  499998 499984
1000000 2  500000 500001  500000 499986
1000000 2  500000 499997  500000 499982
1000000 2  500001 500000  500001 499985
1000000 2  500001 499998  500001 499983
1000000 2  499999 500000  499999 499985
1000000 2  499999 499998  499999 499983
1000000 2  500001 500000  499986 500000
1000000 2  499997 500000  499982 500000
1000000 2  499999 500002  499984 500002
1000000 2  500000 500001  499985 500001
1000000 2  499998 500001  499983 500001
1000000 2  500002 499999  500017 499999
1000000 2  499998 499999  500013 499999
1000000 2  500000 499997  500015 499997
1000000 2  500001 499998  500016 499998
1000000 2  499999 499998  500014 499998
1000000 2  500002 500000  500002 500015
1000000 2  500000 500002  500000 500017
1000000 2  500000 499998  500000 500013
1000000 2  500001 500001  500001 500016
1000000 2  500001 499999  500001 500014
1000000 2  499997 499999  499997 499984
1000000 2  499999 500001  499999 499986
1000000 2  499999 499997  499999 499982
1000000 2  499998 500000  499998 499985
1000000 2  499998 499998  499998 499983
1000000 2  500000 500000  500031 500000
1000000 2  500001 500000  500032 500000
1000000 2  499999 500000  500030 500000
1000000 2  500000 500001  500031 500001
1000000 2  500000 499999  500031 499999
1000000 2  500002 500000  500033 500000
1000000 2  499998 500000  500029 500000
1000000 2  500000 500002  500031 500002
1000000 2  500000 499998  500031 499998
1000000 2  500001 500001  500032 500001
1000000 2  500001 499999  500032 499999
1000000 2  499999 500001  500030 500001
1000000 2  499999 499999  500030 499999
1000000 2  499999 500000  499999 500031
1000000 2  500000 500000  500000 500031
1000000 2  499998 500000  499998 500031
1000000 2  499999 500001  499999 500032
1000000 2  499999 499999  499999 500030
1000000 2  500001 500000  500001 500031
1000000 2  499997 500000  499997 500031
1000000 2  499999 500002  499999 500033
1000000 2  499999 499998  499999 500029
1000000 2  500000 500001  500000 500032
1000000 2  500000 499999  500000 500030
1000000 2  499998 500001  499998 500032
1000000 2  499998 499999  499998 500030
1000000 2  499999 499999  499968 499999
1000000 2  500000 499999  499969 499999
1000000 2  499998 499999  499967 499999
1000000 2  499999 500000  499968 500000
1000000 2  499999 499998  499968 499998
1000000 2  500001 499999  499970 499999
1000000 2  499997 499999  499966 499999
1000000 2  499999 500001  499968 500001
1000000 2  499999 499997  499968 499997
1000000 2  500000 500000  499969 500000
1000000 2  500000 499998  499969 499998
1000000 2  499998 500000  499967 500000
1000000 2  499998 499998  499967 499998
1000000 2  500000 499999  500000 499968
1000000 2  500001 499999  500001 499968
1000000 2  499999 499999  499999 499968
1000000 2  500000 500000  500000 499969
1000000 2  500000 499998  500000 499967
1000000 2  500002 499999  500002 499968
1000000 2  499998 499999  499998 499968
1000000 2  500000 500001  500000 499970
1000000 2  500000 499997  500000 499966
1000000 2  500001 500000  500001 499969
1000000 2  500001 499998  500001 499967
1000000 2  499999 500000  499999 499969
1000000 2  499999 499998  499999 499967
1000000 2  500001 500000  499970 500000
1000000 2  499997 500000  499966 500000
1000000 2  499999 500002  499968 500002
1000000 2  500000 500001  499969 500001
1000000 2  499998 500001  499967 500001
1000000 2  500002 499999  500033 499999
1000000 2  499998 499999  500029 499999
1000000 2  500000 499997  500031 499997
1000000 2  500001 499998  500032 499998
1000000 2  499999 499998  500030 499998
1000000 2  500002 500000  500002 500031
1000000 2  500000 500002  500000 500033
1000000 2  500000 499998  500000 500029
1000000 2  500001 500001  500001 500032
1000000 2  500001 499999  500001 500030
1000000 2  499997 499999  499997 499968
1000000 2  499999 500001  499999 499970
1000000 2  499999 499997  499999 499966
1000000 2  499998 500000  499998 499969
1000000 2  499998 499998  499998 499967
1000000 2  500000 500000  500063 500000
1000000 2  500001 500000  500064 500000
1000000 2  499999 500000  500062 500000
1000000 2  500000 500001  500063 500001
1000000 2  500000 499999  500063 499999
1000000 2  500002 500000  500065 500000
1000000 2  499998 500000  500061 500000
1000000 2  500000 500002  500063 500002
1000000 2  500000 499998  500063 499998
1000000 2  500001 500001  500064 500001
1000000 2  500001 499999  500064 499999
1000000 2  499999 500001  500062 500001
1000000 2  499999 499999  500062 499999
1000000 2  499999 500000  499999 500063
1000000 2  500000 500000  500000 500063
1000000 2  499998 500000  499998 500063
1000000 2  499999 500001  499999 500064
1000000 2  499999 499999  499999 500062
1000000 2  500001 500000  500001 500063
1000000 2  499997 500000  499997 500063
1000000 2  499999 500002  499999 500065
1000000 2  499999 499998  499999 500061
1000000 2  500000 500001  500000 500064
1000000 2  500000 499999  500000 500062
1000000 2  499998 500001  499998 500064
1000000 2  499998 499999  499998 500062
1000000 2  499999 499999  499936 499999
1000000 2  500000 499999  499937 499999
1000000 2  499998 499999  499935 499999
1000000 2  499999 500000  499936 500000
1000000 2  499999 499998  499936 499998
1000000 2  500001 499999  499938 499999
1000000 2  499997 499999  499934 499999
1000000 2  499999 500001  499936 500001
1000000 2  499999 499997  499936 499997
1000000 2  500000 500000  499937 500000
1000000 2  500000 499998  499937 499998
1000000 2  499998 500000  499935 500000
1000000 2  499998 499998  499935 499998
1000000 2  500000 499999  500000 499936
1000000 2  500001 499999  500001 499936
1000000 2  499999 499999  499999 499936
1000000 2  500000 500000  500000 499937
1000000 2  500000 499998  500000 499935
1000000 2  500002 499999  500002 499936
1000000 2  499998 499999  499998 499936
1000000 2  500000 500001  500000 499938
1000000 2  500000 499997  500000 499934
1000000 2  500001 500000  500001 499937
1000000 2  500001 499998  500001 499935
1000000 2  499999 500000  499999 499937
1000000 2  499999 499998  499999 499935
1000000 2  500001 500000  499938 500000
1000000 2  499997 500000  499934 500000
1000000 2  499999 500002  499936 500002
1000000 2  500000 500001  499937 500001
1000000 2  499998 500001  499935 500001
1000000 2  500002 499999  500065 499999
1000000 2  499998 499999  500061 499999
1000000 2  500000 499997  500063 499997
1000000 2  500001 499998  500064 499998
1000000 2  499999 499998  500062 499998
1000000 2  500002 500000  500002 500063
1000000 2  500000 500002  500000 500065
1000000 2  500000 499998  500000 500061
1000000 2  500001 500001  500001 500064
1000000 2  500001 499999  500001 500062
1000000 2  499997 499999  499997 499936
1000000 2  499999 500001  499999 499938
1000000 2  499999 499997  499999 499934
1000000 2  499998 500000  499998 499937
1000000 2  499998 499998  499998 499935
1000000 2  500000 500000  500127 500000
1000000 2  500001 500000  500128 500000
1000000 2  499999 500000  500126 500000
1000000 2  500000 500001  500127 500001
1000000 2  500000 499999  500127 499999
1000000 2  500002 500000  500129 500000
1000000 2  499998 500000  500125 500000
1000000 2  500000 500002  500127 500002
1000000 2  500000 499998  500127 499998
1000000 2  500001 500001  500128 500001
1000000 2  500001 499999  500128 499999
1000000 2  499999 500001  500126 500001
1000000 2  499999 499999  500126 499999
1000000 2  499999 500000  499999 500127
1000000 2  500000 500000  500000 500127
1000000 2  499998 500000  499998 500127
1000000 2  499999 500001  499999 500128
1000000 2  499999 499999  499999 500126
1000000 2  500001 500000  500001 500127
1000000 2  499997 500000  499997 500127
1000000 2  499999 500002  499999 500129
1000000 2  499999 499998  499999 500125
1000000 2  500000 500001  500000 500128
1000000 2  500000 499999  500000 500126
1000000 2  499998 500001  499998 500128
1000000 2  499998 499999  499998 500126
1000000 2  499999 499999  499872 499999
1000000 2  500000 499999  499873 499999
1000000 2  499998 499999  499871 499999
1000000 2  499999 500000  499872 500000
1000000 2  499999 499998  499872 499998
1000000 2  500001 499999  499874 499999
1000000 2  499997 499999  499870 499999
1000000 2  499999 500001  499872 500001
1000000 2  499999 499997  499872 499997
1000000 2  500000 500000  499873 500000
1000000 2  500000 499998  499873 499998
1000000 2  499998 500000  499871 500000
1000000 2  499998 499998  499871 499998
1000000 2  500000 499999  500000 499872
1000000 2  500001 499999  500001 499872
1000000 2  499999 499999  499999 499872
1000000 2  500000 500000  500000 499873
1000000 2  500000 499998  500000 499871
1000000 2  500002 499999  500002 499872
1000000 2  499998 499999  499998 499872
1000000 2  500000 500001  500000 499874
1000000 2  500000 499997  500000 499870
1000000 2  500001 500000  500001 499873
1000000 2  500001 499998  500001 499871
1000000 2  499999 500000  499999 499873
1000000 2  499999 499998  499999 499871
1000000 2  500001 500000  499874 500000
1000000 2  499997 500000  499870 500000
1000000 2  499999 500002  499872 500002
1000000 2  500000 500001  499873 500001
1000000 2  499998 500001  499871 500001
1000000 2  500002 499999  500129 499999
1000000 2  499998 499999  500125 499999
1000000 2  500000 499997  500127 499997
1000000 2  500001 499998  500128 499998
1000000 2  499999 499998  500126 499998
1000000 2  500002 500000  500002 500127
1000000 2  500000 500002  500000 500129
1000000 2  500000 499998  500000 500125
1000000 2  500001 500001  500001 500128
1000000 2  500001 499999  500001 500126
1000000 2  499997 499999  499997 499872
1000000 2  499999 500001  499999 499874
1000000 2  499999 499997  499999 499870
1000000 2  499998 500000  499998 499873
1000000 2  499998 499998  499998 499871
1000000 2  500000 500000  500255 500000
1000000 2  500001 500000  500256 500000
1000000 2  499999 500000  500254 500000
1000000 2  500000 500001  500255 500001
1000000 2  500000 499999  500255 499999
1000000 2  500002 500000  500257 500000
1000000 2  499998 500000  500253 500000
1000000 2  500000 500002  500255 500002
1000000 2  500000 499998  500255 499998
1000000 2  500001 500001  500256 500001
1000000 2  500001 499999  500256 499999
1000000 2  499999 500001  500254 500001
1000000 2  499999 499999  500254 499999
1000000 2  499999 500000  499999 500255
1000000 2  500000 500000  500000 500255
1000000 2  499998 500000  499998 500255
1000000 2  499999 500001  499999 500256
1000000 2  499999 499999  499999 500254
1000000 2  500001 500000  500001 500255
1000000 2  499997 500000  499997 500255
1000000 2  499999 500002  499999 500257
1000000 2  499999 499998  499999 500253
1000000 2  500000 500001  500000 500256
1000000 2  500000 499999  500000 500254
1000000 2  499998 500001  499998 500256
1000000 2  499998 499999  499998 500254
1000000 2  499999 499999  499744 499999
1000000 2  500000 499999  499745 499999
1000000 2  499998 499999  499743 499999
1000000 2  499999 500000  499744 500000
1000000 2  499999 499998  499744 499998
1000000 2  500001 499999  499746 499999
1000000 2  499997 499999  499742 499999
1000000 2  499999 500001  499744 500001
1000000 2  499999 499997  499744 499997
1000000 2  500000 500000  499745 500000
1000000 2  500000 499998  499745 499998
1000000 2  499998 500000  499743 500000
1000000 2  499998 499998  499743 499998
1000000 2  500000 499999  500000 499744
1000000 2  500001 499999  500001 499744
1000000 2  499999 499999  499999 499744
1000000 2  500000 500000  500000 499745
1000000 2  500000 499998  500000 499743
1000000 2  500002 499999  500002 499744
1000000 2  499998 499999  499998 499744
1000000 2  500000 500001  500000 499746
1000000 2  500000 499997  500000 499742
1000000 2  500001 500000  500001 499745
1000000 2  500001 499998  500001 499743
1000000 2  499999 500000  499999 499745
1000000 2  499999 499998  499999 499743
1000000 2  500001 500000  499746 500000
1000000 2  499997 500000  499742 500000
1000000 2  499999 500002  499744 500002
1000000 2  500000 500001  499745 500001
1000000 2  499998 500001  499743 500001
1000000 2  500002 499999  500257 499999
1000000 2  499998 499999  500253 499999
1000000 2  500000 499997  500255 499997
1000000 2  500001 499998  500256 499998
1000000 2  499999 499998  500254 499998
1000000 2  500002 500000  500002 500255
1000000 2  500000 500002  500000 500257
1000000 2  500000 499998  500000 500253
1000000 2  500001 500001  500001 500256
1000000 2  500001 499999  500001 500254
1000000 2  499997 499999  499997 499744
1000000 2  499999 500001  499999 499746
1000000 2  499999 499997  499999 499742
1000000 2  499998 500000  499998 499745
1000000 2  499998 499998  499998 499743
1000000 2  500000 500000  500511 500000
1000000 2  500001 500000  500512 500000
1000000 2  499999 500000  500510 500000
1000000 2  500000 500001  500511 500001
1000000 2  500000 499999  500511 499999
1000000 2  500002 500000  500513 500000
1000000 2  499998 500000  500509 500000
1000000 2  500000 500002  500511 500002
1000000 2  500000 499998  500511 499998
1000000 2  500001 500001  500512 500001
1000000 2  500001 499999  500512 499999
1000000 2  499999 500001  500510 500001
1000000 2  499999 499999  500510 499999
1000000 2  499999 500000  499999 500511
1000000 2  500000 500000  500000 500511
1000000 2  499998 500000  499998 500511
1000000 2  499999 500001  499999 500512
1000000 2  499999 499999  499999 500510
1000000 2  500001 500000  500001 500511
1000000 2  499997 500000  499997 500511
1000000 2  499999 500002  499999 500513
1000000 2  499999 499998  499999 500509
1000000 2  500000 500001  500000 500512
1000000 2  500000 499999  500000 500510
1000000 2  499998 500001  499998 500512
1000000 2  499998 499999  499998 500510
1000000 2  499999 499999  499488 499999
1000000 2  500000 499999  499489 499999
1000000 2  499998 499999  499487 499999
1000000 2  499999 500000  499488 500000
1000000 2  499999 499998  499488 499998
1000000 2  500001 499999  499490 499999
1000000 2  499997 499999  499486 499999
1000000 2  499999 500001  499488 500001
1000000 2  499999 499997  499488 499997
1000000 2  500000 500000  499489 500000
1000000 2  500000 499998  499489 499998
1000000 2  499998 500000  499487 500000
1000000 2  499998 499998  499487 499998
1000000 2  500000 499999  500000 499488
1000000 2  500001 499999  500001 499488
1000000 2  499999 499999  499999 499488
1000000 2  500000 500000  500000 499489
1000000 2  500000 499998  500000 499487
1000000 2  500002 499999  500002 499488
1000000 2  499998 499999  499998 499488
1000000 2  500000 500001  500000 499490
1000000 2  500000 499997  500000 499486
1000000 2  500001 500000  500001 499489
1000000 2  500001 499998  500001 499487
1000000 2  499999 500000  499999 499489
1000000 2  499999 499998  499999 499487
1000000 2  500001 500000  499490 500000
1000000 2  499997 500000  499486 500000
1000000 2  499999 500002  499488 500002
1000000 2  500000 500001  499489 500001
1000000 2  499998 500001  499487 500001
1000000 2  500002 499999  500513 499999
1000000 2  499998 499999  500509 499999
1000000 2  500000 499997  500511 499997
1000000 2  500001 499998  500512 499998
1000000 2  499999 499998  500510 499998
1000000 2  500002 500000  500002 500511
1000000 2  500000 500002  500000 500513
1000000 2  500000 499998  500000 500509
1000000 2  500001 500001  500001 500512
1000000 2  500001 499999  500001 500510
1000000 2  499997 499999  499997 499488
1000000 2  499999 500001  499999 499490
1000000 2  499999 499997  499999 499486
1000000 2  499998 500000  499998 499489
1000000 2  499998 499998  499998 499487
1000000 2  500000 500000  501023 500000
1000000 2  500001 500000  501024 500000
1000000 2  499999 500000  501022 500000
1000000 2  500000 500001  501023 500001
1000000 2  500000 499999  501023 499999
1000000 2  500002 500000  501025 500000
1000000 2  499998 500000  501021 500000
1000000 2  500000 500002  501023 500002
1000000 2  500000 499998  501023 499998
1000000 2  500001 500001  501024 500001
1000000 2  500001 499999  501024 499999
1000000 2  499999 500001  501022 500001
1000000 2  499999 499999  501022 499999
1000000 2  499999 500000  499999 501023
1000000 2  500000 500000  500000 501023
1000000 2  499998 500000  499998 501023
1000000 2  499999 500001  499999 501024
1000000 2  499999 499999  499999 501022
1000000 2  500001 500000  500001 501023
1000000 2  499997 500000  499997 501023
1000000 2  499999 500002  499999 501025
1000000 2  499999 499998  499999 501021
1000000 2  500000 500001  500000 501024
1000000 2  500000 499999  500000 501022
1000000 2  499998 500001  499998 501024
1000000 2  499998 499999  499998 501022
1000000 2  499999 499999  498976 499999
1000000 2  500000 499999  498977 499999
1000000 2  499998 499999  498975 499999
1000000 2  499999 500000  498976 500000
1000000 2  499999 499998  498976 499998
1000000 2  500001 499999  498978 499999
1000000 2  499997 499999  498974 499999
1000000 2  499999 500001  498976 500001
1000000 2  499999 499997  498976 499997
1000000 2  500000 500000  498977 500000
1000000 2  500000 499998  498977 499998
1000000 2  499998 500000  498975 500000
1000000 2  499998 499998  498975 499998
1000000 2  500000 499999  500000 498976
1000000 2  500001 499999  500001 498976
1000000 2  499999 499999  499999 498976
1000000 2  500000 500000  500000 498977
1000000 2  500000 499998  500000 498975
1000000 2  500002 499999  500002 498976
1000000 2  499998 499999  499998 498976
1000000 2  500000 500001  500000 498978
1000000 2  500000 499997  500000 498974
1000000 2  500001 500000  500001 498977
1000000 2  500001 499998  500001 498975
1000000 2  499999 500000  499999 498977
1000000 2  499999 499998  499999 498975
1000000 2  500001 500000  498978 500000
1000000 2  499997 500000  498974 500000
1000000 2  499999 500002  498976 500002
1000000 2  500000 500001  498977 500001
1000000 2  499998 500001  498975 500001
1000000 2  500002 499999  501025 499999
1000000 2  499998 499999  501021 499999
1000000 2  500000 499997  501023 499997
1000000 2  500001 499998  501024 499998
1000000 2  499999 499998  501022 499998
1000000 2  500002 500000  500002 501023
1000000 2  500000 500002  500000 501025
1000000 2  500000 499998  500000 501021
1000000 2  500001 500001  500001 501024
1000000 2  500001 499999  500001 501022
1000000 2  499997 499999  499997 498976
1000000 2  499999 500001  499999 498978
1000000 2  499999 499997  499999 498974
1000000 2  499998 500000  499998 498977
1000000 2  499998 499998  499998 498975
1000000 2  500000 500000  502047 500000
1000000 2  500001 500000  502048 500000
1000000 2  499999 500000  502046 500000
1000000 2  500000 500001  502047 500001
1000000 2  500000 499999  502047 499999
1000000 2  500002 500000  502049 500000
1000000 2  499998 500000  502045 500000
1000000 2  500000 500002  502047 500002
1000000 2  500000 499998  502047 499998
1000000 2  500001 500001  502048 500001
1000000 2  500001 499999  502048 499999
1000000 2  499999 500001  502046 500001
1000000 2  499999 499999  502046 499999
1000000 2  499999 500000  499999 502047
1000000 2  500000 500000  500000 502047
1000000 2  499998 500000  499998 502047
1000000 2  499999 500001  499999 502048
1000000 2  499999 499999  499999 502046
1000000 2  500001 500000  500001 502047
1000000 2  499997 500000  499997 502047
1000000 2  499999 500002  499999 502049
1000000 2  499999 499998  499999 502045
1000000 2  500000 500001  500000 502048
1000000 2  500000 499999  500000 502046
1000000 2  499998 500001  499998 502048
1000000 2  499998 499999  499998 502046
1000000 2  499999 499999  497952 499999
1000000 2  500000 499999  497953 499999
1000000 2  499998 499999  497951 499999
1000000 2  499999 500000  497952 500000
1000000 2  499999 499998  497952 499998
1000000 2  500001 499999  497954 499999
1000000 2  499997 499999  497950 499999
1000000 2  499999 500001  497952 500001
1000000 2  499999 499997  497952 499997
1000000 2  500000 500000  497953 500000
1000000 2  500000 499998  497953 499998
1000000 2  499998 500000  497951 500000
1000000 2  499998 499998  497951 499998
1000000 2  500000 499999  500000 497952
1000000 2  500001 499999  500001 497952
1000000 2  499999 499999  499999 497952
1000000 2  500000 500000  500000 497953
1000000 2  500000 499998  500000 497951
1000000 2  500002 499999  500002 497952
1000000 2  499998 499999  499998 497952
1000000 2  500000 500001  500000 497954
1000000 2  500000 499997  500000 497950
1000000 2  500001 500000  500001 497953
1000000 2  500001 499998  500001 497951
1000000 2  499999 500000  499999 497953
1000000 2  499999 499998  499999 497951
1000000 2  500001 500000  497954 500000
1000000 2  499997 500000  497950 500000
1000000 2  499999 500002  497952 500002
1000000 2  500000 500001  497953 500001
1000000 2  499998 500001  497951 500001
1000000 2  500002 499999  502049 499999
1000000 2  499998 499999  502045 499999
1000000 2  500000 499997  502047 499997
1000000 2  500001 499998  502048 499998
1000000 2  499999 499998  502046 499998
1000000 2  500002 500000  500002 502047
1000000 2  500000 500002  500000 502049
1000000 2  500000 499998  500000 502045
1000000 2  500001 500001  500001 502048
1000000 2  500001 499999  500001 502046
1000000 2  499997 499999  499997 497952
1000000 2  499999 500001  499999 497954
1000000 2  499999 499997  499999 497950
1000000 2  499998 500000  499998 497953
1000000 2  499998 499998  499998 497951
1000000 2  500000 500000  504095 500000
1000000 2  500001 500000  504096 500000
1000000 2  499999 500000  504094 500000
1000000 2  500000 500001  504095 500001
1000000 2  500000 499999  504095 499999
1000000 2  500002 500000  504097 500000
1000000 2  499998 500000  504093 500000
1000000 2  500000 500002  504095 500002
1000000 2  500000 499998  504095 499998
1000000 2  500001 500001  504096 500001
1000000 2  500001 499999  504096 499999
1000000 2  499999 500001  504094 500001
1000000 2  499999 499999  504094 499999
1000000 2  499999 500000  499999 504095
1000000 2  500000 500000  500000 504095
1000000 2  499998 500000  499998 504095
1000000 2  499999 500001  499999 504096
1000000 2  499999 499999  499999 504094
1000000 2  500001 500000  500001 504095
1000000 2  499997 500000  499997 504095
1000000 2  499999 500002  499999 504097
1000000 2  499999 499998  499999 504093
1000000 2  500000 500001  500000 504096
1000000 2  500000 499999  500000 504094
1000000 2  499998 500001  499998 504096
1000000 2  499998 499999  499998 504094
1000000 2  499999 499999  495904 499999
1000000 2  500000 499999  495905 499999
1000000 2  499998 499999  495903 499999
1000000 2  499999 500000  495904 500000
1000000 2  499999 499998  495904 499998
1000000 2  500001 499999  495906 499999
1000000 2  499997 499999  495902 499999
1000000 2  499999 500001  495904 500001
1000000 2  499999 499997  495904 499997
1000000 2  500000 500000  495905 500000
1000000 2  500000 499998  495905 499998
1000000 2  499998 500000  495903 500000
1000000 2  499998 499998  495903 499998
1000000 2  500000 499999  500000 495904
1000000 2  500001 499999  500001 495904
1000000 2  499999 499999  499999 495904
1000000 2  500000 500000  500000 495905
1000000 2  500000 499998  500000 495903
1000000 2  500002 499999  500002 495904
1000000 2  499998 499999  499998 495904
1000000 2  500000 500001  500000 495906
1000000 2  500000 499997  500000 495902
1000000 2  500001 500000  500001 495905
1000000 2  500001 499998  500001 495903
1000000 2  499999 500000  499999 495905
1000000 2  499999 499998  499999 495903
1000000 2  500001 500000  495906 500000
1000000 2  499997 500000  495902 500000
1000000 2  499999 500002  495904 500002
1000000 2  500000 500001  495905 500001
1000000 2  499998 500001  495903 500001
1000000 2  500002 499999  504097 499999
1000000 2  499998 499999  504093 499999
1000000 2  500000 499997  504095 499997
1000000 2  500001 499998  504096 499998
1000000 2  499999 499998  504094 499998
1000000 2  500002 500000  500002 504095
1000000 2  500000 500002  500000 504097
1000000 2  500000 499998  500000 504093
1000000 2  500001 500001  500001 504096
1000000 2  500001 499999  500001 504094
1000000 2  499997 499999  499997 495904
1000000 2  499999 500001  499999 495906
1000000 2  499999 499997  499999 495902
1000000 2  499998 500000  499998 495905
1000000 2  499998 499998  499998 495903
1000000 2  500000 500000  508191 500000
1000000 2  500001 500000  508192 500000
1000000 2  499999 500000  508190 500000
1000000 2  500000 500001  508191 500001
1000000 2  500000 499999  508191 499999
1000000 2  500002 500000  508193 500000
1000000 2  499998 500000  508189 500000
1000000 2  500000 500002  508191 500002
1000000 2  500000 499998  508191 499998
1000000 2  500001 500001  508192 500001
1000000 2  500001 499999  508192 499999
1000000 2  499999 500001  508190 500001
1000000 2  499999 499999  508190 499999
1000000 2  499999 500000  499999 508191
1000000 2  500000 500000  500000 508191
1000000 2  499998 500000  499998 508191
1000000 2  499999 500001  499999 508192
1000000 2  499999 499999  499999 508190
1000000 2  500001 500000  500001 508191
1000000 2  499997 500000  499997 508191
1000000 2  499999 500002  499999 508193
1000000 2  499999 499998  499999 508189
1000000 2  500000 500001  500000 508192
1000000 2  500000 499999  500000 508190
1000000 2  499998 500001  499998 508192
1000000 2  499998 499999  499998 508190
1000000 2  499999 499999  491808 499999
1000000 2  500000 499999  491809 499999
1000000 2  499998 499999  491807 499999
1000000 2  499999 500000  491808 500000
1000000 2  499999 499998  491808 499998
1000000 2  500001 499999  491810 499999
1000000 2  499997 499999  491806 499999
1000000 2  499999 500001  491808 500001
1000000 2  499999 499997  491808 499997
1000000 2  500000 500000  491809 500000
1000000 2  500000 499998  491809 499998
1000000 2  499998 500000  491807 500000
1000000 2  499998 499998  491807 499998
1000000 2  500000 499999  500000 491808
1000000 2  500001 499999  500001 491808
1000000 2  499999 499999  499999 491808
1000000 2  500000 500000  500000 491809
1000000 2  500000 499998  500000 491807
1000000 2  500002 499999  500002 491808
1000000 2  499998 499999  499998 491808
1000000 2  500000 500001  500000 491810
1000000 2  500000 499997  500000 491806
1000000 2  500001 500000  500001 491809
1000000 2  500001 499998  500001 491807
1000000 2  499999 500000  499999 491809
1000000 2  499999 499998  499999 491807
1000000 2  500001 500000  491810 500000
1000000 2  499997 500000  491806 500000
1000000 2  499999 500002  491808 500002
1000000 2  500000 500001  491809 500001
1000000 2  499998 500001  491807 500001
1000000 2  500002 499999  508193 499999
1000000 2  499998 499999  508189 499999
1000000 2  500000 499997  508191 499997
1000000 2  500001 499998  508192 499998
1000000 2  499999 499998  508190 499998
1000000 2  500002 500000  500002 508191
1000000 2  500000 500002  500000 508193
1000000 2  500000 499998  500000 508189
1000000 2  500001 500001  500001 508192
1000000 2  500001 499999  500001 508190
1000000 2  499997 499999  499997 491808
1000000 2  499999 500001  499999 491810
1000000 2  499999 499997  499999 491806
1000000 2  499998 500000  499998 491809
1000000 2  499998 499998  499998 491807
1000000 2  500000 500000  516383 500000
1000000 2  500001 500000  516384 500000
1000000 2  499999 500000  516382 500000
1000000 2  500000 500001  516383 500001
1000000 2  500000 499999  516383 499999
1000000 2  500002 500000  516385 500000
1000000 2  499998 500000  516381 500000
1000000 2  500000 500002  516383 500002
1000000 2  500000 499998  516383 499998
1000000 2  500001 500001  516384 500001
1000000 2  500001 499999  516384 499999
1000000 2  499999 500001  516382 500001
1000000 2  499999 499999  516382 499999
1000000 2  499999 500000  499999 516383
1000000 2  500000 500000  500000 516383
1000000 2  499998 500000  499998 516383
1000000 2  499999 500001  499999 516384
1000000 2  499999 499999  499999 516382
1000000 2  500001 500000  500001 516383
1000000 2  499997 500000  499997 516383
1000000 2  499999 500002  499999 516385
1000000 2  499999 499998  499999 516381
1000000 2  500000 500001  500000 516384
1000000 2  500000 499999  500000 516382
1000000 2  499998 500001  499998 516384
1000000 2  499998 499999  499998 516382
1000000 2  499999 499999  483616 499999
1000000 2  500000 499999  483617 499999
1000000 2  499998 499999  483615 499999
1000000 2  499999 500000  483616 500000
1000000 2  499999 499998  483616 499998
1000000 2  500001 499999  483618 499999
1000000 2  499997 499999  483614 499999
1000000 2  499999 500001  483616 500001
1000000 2  499999 499997  483616 499997
1000000 2  500000 500000  483617 500000
1000000 2  500000 499998  483617 499998
1000000 2  499998 500000  483615 500000
1000000 2  499998 499998  483615 499998
1000000 2  500000 499999  500000 483616
1000000 2  500001 499999  500001 483616
1000000 2  499999 499999  499999 483616
1000000 2  500000 500000  500000 483617
1000000 2  500000 499998  500000 483615
1000000 2  500002 499999  500002 483616
1000000 2  499998 499999  499998 483616
1000000 2  500000 500001  500000 483618
1000000 2  500000 499997  500000 483614
1000000 2  500001 500000  500001 483617
1000000 2  500001 499998  500001 483615
1000000 2  499999 500000  499999 483617
1000000 2  499999 499998  499999 483615
1000000 2  500001 500000  483618 500000
1000000 2  499997 500000  483614 500000
1000000 2  499999 500002  483616 500002
1000000 2  500000 500001  483617 500001
1000000 2  499998 500001  483615 500001
1000000 2  500002 499999  516385 499999
1000000 2  499998 499999  516381 499999
1000000 2  500000 499997  516383 499997
1000000 2  500001 499998  516384 499998
1000000 2  499999 499998  516382 499998
1000000 2  500002 500000  500002 516383
1000000 2  500000 500002  500000 516385
1000000 2  500000 499998  500000 516381
1000000 2  500001 500001  500001 516384
1000000 2  500001 499999  500001 516382
1000000 2  499997 499999  499997 483616
1000000 2  499999 500001  499999 483618
1000000 2  499999 499997  499999 483614
1000000 2  499998 500000  499998 483617
1000000 2  499998 499998  499998 483615
1000000 2  500000 500000  532767 500000
1000000 2  500001 500000  532768 500000
1000000 2  499999 500000  532766 500000
1000000 2  500000 500001  532767 500001
1000000 2  500000 499999  532767 499999
1000000 2  500002 500000  532769 500000
1000000 2  499998 500000  532765 500000
1000000 2  500000 500002  532767 500002
1000000 2  500000 499998  532767 499998
1000000 2  500001 500001  532768 500001
1000000 2  500001 499999  532768 499999
1000000 2  499999 500001  532766 500001
1000000 2  499999 499999  532766 499999
1000000 2  499999 500000  499999 532767
1000000 2  500000 500000  500000 532767
1000000 2  499998 500000  499998 532767
1000000 2  499999 500001  499999 532768
1000000 2  499999 499999  499999 532766
1000000 2  500001 500000  500001 532767
1000000 2  499997 500000  499997 532767
1000000 2  499999 500002  499999 532769
1000000 2  499999 499998  499999 532765
1000000 2  500000 500001  500000 532768
1000000 2  500000 499999  500000 532766
1000000 2  499998 500001  499998 532768
1000000 2  499998 499999  499998 532766
1000000 2  499999 499999  467232 499999
1000000 2  500000 499999  467233 499999
1000000 2  499998 499999  467231 499999
1000000 2  499999 500000  467232 500000
1000000 2  499999 499998  467232 499998
1000000 2  500001 499999  467234 499999
1000000 2  499997 499999  467230 499999
1000000 2  499999 500001  467232 500001
1000000 2  499999 499997  467232 499997
1000000 2  500000 500000  467233 500000
1000000 2  500000 499998  467233 499998
1000000 2  499998 500000  467231 500000
1000000 2  499998 499998  467231 499998
1000000 2  500000 499999  500000 467232
1000000 2  500001 499999  500001 467232
1000000 2  499999 499999  499999 467232
1000000 2  500000 500000  500000 467233
1000000 2  500000 499998  500000 467231
1000000 2  500002 499999  500002 467232
1000000 2  499998 499999  499998 467232
1000000 2  500000 500001  500000 467234
1000000 2  500000 499997  500000 467230
1000000 2  500001 500000  500001 467233
1000000 2  500001 499998  500001 467231
1000000 2  499999 500000  499999 467233
1000000 2  499999 499998  499999 467231
1000000 2  500001 500000  467234 500000
1000000 2  499997 500000  467230 500000
1000000 2  499999 500002  467232 500002
1000000 2  500000 500001  467233 500001
1000000 2  499998 500001  467231 500001
1000000 2  500002 499999  532769 499999
1000000 2  499998 499999  532765 499999
1000000 2  500000 499997  532767 499997
1000000 2  500001 499998  532768 499998
1000000 2  499999 499998  532766 499998
1000000 2  500002 500000  500002 532767
1000000 2  500000 500002  500000 532769
1000000 2  500000 499998  500000 532765
1000000 2  500001 500001  500001 532768
1000000 2  500001 499999  500001 532766
1000000 2  499997 499999  499997 467232
1000000 2  499999 500001  499999 467234
1000000 2  499999 499997  499999 467230
1000000 2  499998 500000  499998 467233
1000000 2  499998 499998  499998 467231
1000000 2  500000 500000  565535 500000
1000000 2  500001 500000  565536 500000
1000000 2  499999 500000  565534 500000
1000000 2  500000 500001  565535 500001
1000000 2  500000 499999  565535 499999
1000000 2  500002 500000  565537 500000
1000000 2  499998 500000  565533 500000
1000000 2  500000 500002  565535 500002
1000000 2  500000 499998  565535 499998
1000000 2  500001 500001  565536 500001
1000000 2  500001 499999  565536 499999
1000000 2  499999 500001  565534 500001
1000000 2  499999 499999  565534 499999
1000000 2  499999 500000  499999 565535
1000000 2  500000 500000  500000 565535
1000000 2  499998 500000  499998 565535
1000000 2  499999 500001  499999 565536
1000000 2  499999 499999  499999 565534
1000000 2  500001 500000  500001 565535
1000000 2  499997 500000  499997 565535
1000000 2  499999 500002  499999 565537
1000000 2  499999 499998  499999 565533
1000000 2  500000 500001  500000 565536
1000000 2  500000 499999  500000 565534
1000000 2  499998 500001  499998 565536
1000000 2  499998 499999  499998 565534
1000000 2  499999 499999  434464 499999
1000000 2  500000 499999  434465 499999
1000000 2  499998 499999  434463 499999
1000000 2  499999 500000  434464 500000
1000000 2  499999 499998  434464 499998
1000000 2  500001 499999  434466 499999
1000000 2  499997 499999  434462 499999
1000000 2  499999 500001  434464 500001
1000000 2  499999 499997  434464 499997
1000000 2  500000 500000  434465 500000
1000000 2  500000 499998  434465 499998
1000000 2  499998 500000  434463 500000
1000000 2  499998 499998  434463 499998
1000000 2  500000 499999  500000 434464
1000000 2  500001 499999  500001 434464
1000000 2  499999 499999  499999 434464
1000000 2  500000 500000  500000 434465
1000000 2  500000 499998  500000 434463
1000000 2  500002 499999  500002 434464
1000000 2  499998 499999  499998 434464
1000000 2  500000 500001  500000 434466
1000000 2  500000 499997  500000 434462
1000000 2  500001 500000  500001 434465
1000000 2  500001 499998  500001 434463
1000000 2  499999 500000  499999 434465
1000000 2  499999 499998  499999 434463
1000000 2  500001 500000  434466 500000
1000000 2  499997 500000  434462 500000
1000000 2  499999 500002  434464 500002
1000000 2  500000 500001  434465 500001
1000000 2  499998 500001  434463 500001
1000000 2  500002 499999  565537 499999
1000000 2  499998 499999  565533 499999
1000000 2  500000 499997  565535 499997
1000000 2  500001 499998  565536 499998
1000000 2  499999 499998  565534 499998
1000000 2  500002 500000  500002 565535
1000000 2  500000 500002  500000 565537
1000000 2  500000 499998  500000 565533
1000000 2  500001 500001  500001 565536
1000000 2  500001 499999  500001 565534
1000000 2  499997 499999  499997 434464
1000000 2  499999 500001  499999 434466
1000000 2  499999 499997  499999 434462
1000000 2  499998 500000  499998 434465
1000000 2  499998 499998  499998 434463
1000000 2  500000 500000  631071 500000
1000000 2  500001 500000  631072 500000
1000000 2  499999 500000  631070 500000
1000000 2  500000 500001  631071 500001
1000000 2  500000 499999  631071 499999
1000000 2  500002 500000  631073 500000
1000000 2  499998 500000  631069 500000
1000000 2  500000 500002  631071 500002
1000000 2  500000 499998  631071 499998
1000000 2  500001 500001  631072 500001
1000000 2  500001 499999  631072 499999
1000000 2  499999 500001  631070 500001
1000000 2  499999 499999  631070 499999
1000000 2  499999 500000  499999 631071
1000000 2  500000 500000  500000 631071
1000000 2  499998 500000  499998 631071
1000000 2  499999 500001  499999 631072
1000000 2  499999 499999  499999 631070
1000000 2  500001 500000  500001 631071
1000000 2  499997 500000  499997 631071
1000000 2  499999 500002  499999 631073
1000000 2  499999 499998  499999 631069
1000000 2  500000 500001  500000 631072
1000000 2  500000 499999  500000 631070
1000000 2  499998 500001  499998 631072
1000000 2  499998 499999  499998 631070
1000000 2  499999 499999  368928 499999
1000000 2  500000 499999  368929 499999
1000000 2  499998 499999  368927 499999
1000000 2  499999 500000  368928 500000
1000000 2  499999 499998  368928 499998
1000000 2  500001 499999  368930 499999
1000000 2  499997 499999  368926 499999
1000000 2  499999 500001  368928 500001
1000000 2  499999 499997  368928 499997
1000000 2  500000 500000  368929 500000
1000000 2  500000 499998  368929 499998
1000000 2  499998 500000  368927 500000
1000000 2  499998 499998  368927 499998
1000000 2  500000 499999  500000 368928
1000000 2  500001 499999  500001 368928
1000000 2  499999 499999  499999 368928
1000000 2  500000 500000  500000 368929
1000000 2  500000 499998  500000 368927
1000000 2  500002 499999  500002 368928
1000000 2  499998 499999  499998 368928
1000000 2  500000 500001  500000 368930
1000000 2  500000 499997  500000 368926
1000000 2  500001 500000  500001 368929
1000000 2  500001 499998  500001 368927
1000000 2  499999 500000  499999 368929
1000000 2  499999 499998  499999 368927
1000000 2  500001 500000  368930 500000
1000000 2  499997 500000  368926 500000
1000000 2  499999 500002  368928 500002
1000000 2  500000 500001  368929 500001
1000000 2  499998 500001  368927 500001
1000000 2  500002 499999  631073 499999
1000000 2  499998 499999  631069 499999
1000000 2  500000 499997  631071 499997
1000000 2  500001 499998  631072 499998
1000000 2  499999 499998  631070 499998
1000000 2  500002 500000  500002 631071
1000000 2  500000 500002  500000 631073
1000000 2  500000 499998  500000 631069
1000000 2  500001 500001  500001 631072
1000000 2  500001 499999  500001 631070
1000000 2  499997 499999  499997 368928
1000000 2  499999 500001  499999 368930
1000000 2  499999 499997  499999 368926
1000000 2  499998 500000  499998 368929
1000000 2  499998 499998  499998 368927
1000000 2  500000 500000  762143 500000
1000000 2  500001 500000  762144 500000
1000000 2  499999 500000  762142 500000
1000000 2  500000 500001  762143 500001
1000000 2  500000 499999  762143 499999
1000000 2  500002 500000  762145 500000
1000000 2  499998 500000  762141 500000
1000000 2  500000 500002  762143 500002
1000000 2  500000 499998  762143 499998
1000000 2  500001 500001  762144 500001
1000000 2  500001 499999  762144 499999
1000000 2  499999 500001  762142 500001
1000000 2  499999 499999  762142 499999
1000000 2  499999 500000  499999 762143
1000000 2  500000 500000  500000 762143
1000000 2  499998 500000  499998 762143
1000000 2  499999 500001  499999 762144
1000000 2  499999 499999  499999 762142
1000000 2  500001 500000  500001 762143
1000000 2  499997 500000  499997 762143
1000000 2  499999 500002  499999 762145
1000000 2  499999 499998  499999 762141
1000000 2  500000 500001  500000 762144
1000000 2  500000 499999  500000 762142
1000000 2  499998 500001  499998 762144
1000000 2  499998 499999  499998 762142
1000000 2  499999 499999  237856 499999
1000000 2  500000 499999  237857 499999
1000000 2  499998 499999  237855 499999
1000000 2  499999 500000  237856 500000
1000000 2  499999 499998  237856 499998
1000000 2  500001 499999  237858 499999
1000000 2  499997 499999  237854 499999
1000000 2  499999 500001  237856 500001
1000000 2  499999 499997  237856 499997
1000000 2  500000 500000  237857 500000
1000000 2  500000 499998  237857 499998
1000000 2  499998 500000  237855 500000
1000000 2  499998 499998  237855 499998
1000000 2  500000 499999  500000 237856
1000000 2  500001 499999  500001 237856
1000000 2  499999 499999  499999 237856
1000000 2  500000 500000  500000 237857
1000000 2  500000 499998  500000 237855
1000000 2  500002 499999  500002 237856
1000000 2  499998 499999  499998 237856
1000000 2  500000 500001  500000 237858
1000000 2  500000 499997  500000 237854
1000000 2  500001 500000  500001 237857
1000000 2  500001 499998  500001 237855
1000000 2  499999 500000  499999 237857
1000000 2  499999 499998  499999 237855
1000000 2  500001 500000  237858 500000
1000000 2  499997 500000  237854 500000
1000000 2  499999 500002  237856 500002
1000000 2  500000 500001  237857 500001
1000000 2  499998 500001  237855 500001
1000000 2  500002 499999  762145 499999
1000000 2  499998 499999  762141 499999
1000000 2  500000 499997  762143 499997
1000000 2  500001 499998  762144 499998
1000000 2  499999 499998  762142 499998
1000000 2  500002 500000  500002 762143
1000000 2  500000 500002  500000 762145
1000000 2  500000 499998  500000 762141
1000000 2  500001 500001  500001 762144
1000000 2  500001 499999  500001 762142
1000000 2  499997 499999  499997 237856
1000000 2  499999 500001  499999 237858
1000000 2  499999 499997  499999 237854
1000000 2  499998 500000  499998 237857
1000000 2  499998 499998  499998 237855
1000000 2  500000 500000  999998 500000
1000000 2  500001 500000  999999 500000
1000000 2  499999 500000  999997 500000
1000000 2  500000 500001  999998 500001
1000000 2  500000 499999  999998 499999
1000000 2  499998 500000  999996 500000
1000000 2  500000 500002  999998 500002
1000000 2  500000 499998  999998 499998
1000000 2  500001 500001  999999 500001
1000000 2  500001 499999  999999 499999
1000000 2  499999 500001  999997 500001
1000000 2  499999 499999  999997 499999
1000000 2  499999 500000  499999 999998
1000000 2  500000 500000  500000 999998
1000000 2  499998 500000  499998 999998
1000000 2  499999 500001  499999 999999
1000000 2  499999 499999  499999 999997
1000000 2  500001 500000  500001 999998
1000000 2  499997 500000  499997 999998
1000000 2  499999 499998  499999 999996
1000000 2  500000 500001  500000 999999
1000000 2  500000 499999  500000 999997
1000000 2  499998 500001  499998 999999
1000000 2  499998 499999  499998 999997
1000000 2  499999 499999  1 499999
1000000 2  500000 499999  2 499999
1000000 2  499998 499999  0 499999
1000000 2  499999 500000  1 500000
1000000 2  499999 499998  1 499998
1000000 2  500001 499999  3 499999
1000000 2  499999 500001  1 500001
1000000 2  499999 499997  1 499997
1000000 2  500000 500000  2 500000
1000000 2  500000 499998  2 499998
1000000 2  499998 500000  0 500000
1000000 2  499998 499998  0 499998
1000000 2  500000 499999  500000 1
1000000 2  500001 499999  500001 1
1000000 2  499999 499999  499999 1
1000000 2  500000 500000  500000 2
1000000 2  500000 499998  500000 0
1000000 2  500002 499999  500002 1
1000000 2  499998 499999  499998 1
1000000 2  500000 500001  500000 3
1000000 2  500001 500000  500001 2
1000000 2  500001 499998  500001 0
1000000 2  499999 500000  499999 2
1000000 2  499999 499998  499999 0
1000000 2  500001 500000  3 500000
1000000 2  499999 500002  1 500002
1000000 2  500000 500001  2 500001
1000000 2  499998 500001  0 500001
1000000 2  499998 499999  999996 499999
1000000 2  500000 499997  999998 499997
1000000 2  500001 499998  999999 499998
1000000 2  499999 499998  999997 499998
1000000 2  500002 500000  500002 999998
1000000 2  500000 499998  500000 999996
1000000 2  500001 500001  500001 999999
1000000 2  500001 499999  500001 999997
1000000 2  499997 499999  499997 1
1000000 2  499999 500001  499999 3
1000000 2  499998 500000  499998 2
1000000 2  499998 499998  499998 0
1000000 2  500000 500000  999997 500000
1000000 2  500001 500000  999998 500000
1000000 2  499999 500000  999996 500000
1000000 2  500000 500001  999997 500001
1000000 2  500000 499999  999997 499999
1000000 2  500002 500000  999999 500000
1000000 2  499998 500000  999995 500000
1000000 2  500000 500002  999997 500002
1000000 2  500000 499998  999997 499998
1000000 2  500001 500001  999998 500001
1000000 2  500001 499999  999998 499999
1000000 2  499999 500001  999996 500001
1000000 2  499999 499999  999996 499999
1000000 2  499999 500000  499999 999997
1000000 2  500000 500000  500000 999997
1000000 2  499998 500000  499998 999997
1000000 2  499999 500001  499999 999998
1000000 2  499999 499999  499999 999996
1000000 2  500001 500000  500001 999997
1000000 2  499997 500000  499997 999997
1000000 2  499999 500002  499999 999999
1000000 2  499999 499998  499999 999995
1000000 2  500000 500001  500000 999998
1000000 2  500000 499999  500000 999996
1000000 2  499998 500001  499998 999998
1000000 2  499998 499999  499998 999996
1000000 2  499999 499999  2 499999
1000000 2  500000 499999  3 499999
1000000 2  499998 499999  1 499999
1000000 2  499999 500000  2 500000
1000000 2  499999 499998  2 499998
1000000 2  500001 499999  4 499999
1000000 2  499997 499999  0 499999
1000000 2  499999 500001  2 500001
1000000 2  499999 499997  2 499997
1000000 2  500000 500000  3 500000
1000000 2  500000 499998  3 499998
1000000 2  499998 500000  1 500000
1000000 2  499998 499998  1 499998
1000000 2  500000 499999  500000 2
1000000 2  500001 499999  500001 2
1000000 2  499999 499999  499999 2
1000000 2  500000 500000  500000 3
1000000 2  500000 499998  500000 1
1000000 2  500002 499999  500002 2
1000000 2  499998 499999  499998 2
1000000 2  500000 500001  500000 4
1000000 2  500000 499997  500000 0
1000000 2  500001 500000  500001 3
1000000 2  500001 499998  500001 1
1000000 2  499999 500000  499999 3
1000000 2  499999 499998  499999 1
1000000 2  500001 500000  4 500000
1000000 2  499997 500000  0 500000
1000000 2  499999 500002  2 500002
1000000 2  500000 500001  3 500001
1000000 2  499998 500001  1 500001
1000000 2  500002 499999  999999 499999
1000000 2  499998 499999  999995 499999
1000000 2  500000 499997  999997 499997
1000000 2  500001 499998  999998 499998
1000000 2  499999 499998  999996 499998
1000000 2  500002 500000  500002 999997
1000000 2  500000 500002  500000 999999
1000000 2  500000 499998  500000 999995
1000000 2  500001 500001  500001 999998
1000000 2  500001 499999  500001 999996
1000000 2  499997 499999  499997 2
1000000 2  499999 500001  499999 4
1000000 2  499999 499997  499999 0
1000000 2  499998 500000  499998 3
1000000 2  499998 499998  499998 1
1000000 2  500002 500000  3 500000
1000000 2  500000 500002  1 500002
1000000 2  500001 500001  2 500001
1000000 2  499997 500000  499997 1
1000000 2  499999 500002  499999 3
1000000 2  499998 500001  499998 2
1000000 2  499997 499999  999996 499999
1000000 2  499999 499997  999998 499997
1000000 2  499998 499998  999997 499998
1000000 2  500002 499999  500002 999998
1000000 2  500000 499997  500000 999996
1000000 2  500001 499998  500001 999997
1000000 2  499997 500000  999996 500000
1000000 2  499999 500002  999998 500002
1000000 2  499998 500001  999997 500001
1000000 2  500002 499999  3 499999
1000000 2  500000 499997  1 499997
1000000 2  500001 499998  2 499998
1000000 2  500002 500000  500002 1
1000000 2  500000 500002  500000 3
1000000 2  500001 500001  500001 2
1000000 2  499997 499999  499997 999998
1000000 2  499999 499997  499999 999996
1000000 2  499998 499998  499998 999997
1000000 2  500000 500000  999999 999999
1000000 2  499999 500000  999998 999999
1000000 2  500000 499999  999999 999998
1000000 2  499998 500000  999997 999999
1000000 2  500000 499998  999999 999997
1000000 2  499999 499999  999998 999998
1000000 2  499999 500000  0 999999
1000000 2  500000 500000  1 999999
1000000 2  499999 499999  0 999998
1000000 2  500001 500000  2 999999
1000000 2  499999 499998  0 999997
1000000 2  500000 499999  1 999998
1000000 2  499999 499999  0 0
1000000 2  500000 499999  1 0
1000000 2  499999 500000  0 1
1000000 2  500001 499999  2 0
1000000 2  499999 500001  0 2
1000000 2  500000 500000  1 1
1000000 2  500000 499999  999999 0
1000000 2  499999 499999  999998 0
1000000 2  500000 500000  999999 1
1000000 2  499998 499999  999997 0
1000000 2  500000 500001  999999 2
1000000 2  499999 500000  999998 1
1000000 2  500000 500000  0 0
1000000 2  500001 500000  1 0
1000000 2  500000 500001  0 1
1000000 2  500002 500000  2 0
1000000 2  500000 500002  0 2
1000000 2  500001 500001  1 1
1000000 2  499999 500000  999999 0
1000000 2  499998 500000  999998 0
1000000 2  499999 500001  999999 1
1000000 2  499997 500000  999997 0
1000000 2  499999 500002  999999 2
1000000 2  499998 500001  999998 1
1000000 2  499999 499999  999999 999999
1000000 2  499998 499999  999998 999999
1000000 2  499999 499998  999999 999998
1000000 2  499997 499999  999997 999999
1000000 2  499999 499997  999999 999997
1000000 2  499998 499998  999998 999998
1000000 2  500000 499999  0 999999
1000000 2  500001 499999  1 999999
1000000 2  500000 499998  0 999998
1000000 2  500002 499999  2 999999
1000000 2  500000 499997  0 999997
1000000 2  500001 499998  1 999998
1000000 2  250000 250000  999999 0
1000000 2  249999 250000  999998 0
1000000 2  250000 250001  999999 1
1000000 2  249998 250000  999997 0
1000000 2  250000 250002  999999 2
1000000 2  249999 250001  999998 1
1000000 2  749999 250000  999999 999999
1000000 2  749998 250000  999998 999999
1000000 2  749999 249999  999999 999998
1000000 2  749997 250000  999997 999999
1000000 2  749999 249998  999999 999997
1000000 2  749998 249999  999998 999998
1000000 2  749999 749999  0 999999
1000000 2  750000 749999  1 999999
1000000 2  749999 749998  0 999998
1000000 2  750001 749999  2 999999
1000000 2  749999 749997  0 999997
1000000 2  750000 749998  1 999998
1000000 2  250000 749999  0 0
1000000 2  250001 749999  1 0
1000000 2  250000 750000  0 1
1000000 2  250002 749999  2 0
1000000 2  250000 750001  0 2
1000000 2  250001 750000  1 1
1000000 2  749999 250000  0 0
1000000 2  750000 250000  1 0
1000000 2  749999 250001  0 1
1000000 2  750001 250000  2 0
1000000 2  749999 250002  0 2
1000000 2  750000 250001  1 1
1000000 2  250000 749999  999999 999999
1000000 2  249999 749999  999998 999999
1000000 2  250000 749998  999999 999998
1000000 2  249998 749999  999997 999999
1000000 2  250000 749997  999999 999997
1000000 2  249999 749998  999998 999998
1000000 2  250000 250000  0 999999
1000000 2  250001 250000  1 999999
1000000 2  250000 249999  0 999998
1000000 2  250002 250000  2 999999
1000000 2  250000 249998  0 999997
1000000 2  250001 249999  1 999998
1000000 2  749999 749999  999999 0
1000000 2  749998 749999  999998 0
1000000 2  749999 750000  999999 1
1000000 2  749997 749999  999997 0
1000000 2  749999 750001  999999 2
1000000 2  749998 750000  999998 1
1000000 2  250000 250000  999998 0
1000000 2  250001 250000  999999 0
1000000 2  249999 250000  999997 0
1000000 2  250000 250001  999998 1
1000000 2  249998 250000  999996 0
1000000 2  250000 250002  999998 2
1000000 2  250001 250001  999999 1
1000000 2  249999 250001  999997 1
1000000 2  749999 250000  999999 999998
1000000 2  749998 250000  999998 999998
1000000 2  749999 250001  999999 999999
1000000 2  749999 249999  999999 999997
1000000 2  749997 250000  999997 999998
1000000 2  749999 249998  999999 999996
1000000 2  749998 250001  999998 999999
1000000 2  749998 249999  999998 999997
1000000 2  749999 749999  1 999999
1000000 2  750000 749999  2 999999
1000000 2  749998 749999  0 999999
1000000 2  749999 749998  1 999998
1000000 2  750001 749999  3 999999
1000000 2  749999 749997  1 999997
1000000 2  750000 749998  2 999998
1000000 2  749998 749998  0 999998
1000000 2  250000 749999  0 1
1000000 2  250001 749999  1 1
1000000 2  250000 750000  0 2
1000000 2  250000 749998  0 0
1000000 2  250002 749999  2 1
1000000 2  250000 750001  0 3
1000000 2  250001 750000  1 2
1000000 2  250001 749998  1 0
1000000 2  749999 250000  1 0
1000000 2  750000 250000  2 0
1000000 2  749998 250000  0 0
1000000 2  749999 250001  1 1
1000000 2  750001 250000  3 0
1000000 2  749999 250002  1 2
1000000 2  750000 250001  2 1
1000000 2  749998 250001  0 1
1000000 2  250000 749999  999998 999999
1000000 2  250001 749999  999999 999999
1000000 2  249999 749999  999997 999999
1000000 2  250000 749998  999998 999998
1000000 2  249998 749999  999996 999999
1000000 2  250000 749997  999998 999997
1000000 2  250001 749998  999999 999998
1000000 2  249999 749998  999997 999998
1000000 2  250000 250000  0 999998
1000000 2  250001 250000  1 999998
1000000 2  250000 250001  0 999999
1000000 2  250000 249999  0 999997
1000000 2  250002 250000  2 999998
1000000 2  250000 249998  0 999996
1000000 2  250001 250001  1 999999
1000000 2  250001 249999  1 999997
1000000 2  749999 749999  999999 1
1000000 2  749998 749999  999998 1
1000000 2  749999 750000  999999 2
1000000 2  749999 749998  999999 0
1000000 2  749997 749999  999997 1
1000000 2  749999 750001  999999 3
1000000 2  749998 750000  999998 2
1000000 2  749998 749998  999998 0
1000000 2  125000 500000  999999 500000
1000000 2  124999 500000  999998 500000
1000000 2  125000 500001  999999 500001
1000000 2  125000 499999  999999 499999
1000000 2  124998 500000  999997 500000
1000000 2  125000 500002  999999 500002
1000000 2  125000 499998  999999 499998
1000000 2  124999 500001  999998 500001
1000000 2  124999 499999  999998 499999
1000000 2  499999 125000  499999 999999
1000000 2  500000 125000  500000 999999
1000000 2  499998 125000  499998 999999
1000000 2  499999 124999  499999 999998
1000000 2  500001 125000  500001 999999
1000000 2  499997 125000  499997 999999
1000000 2  499999 124998  499999 999997
1000000 2  500000 124999  500000 999998
1000000 2  499998 124999  499998 999998
1000000 2  874999 499999  0 499999
1000000 2  875000 499999  1 499999
1000000 2  874999 500000  0 500000
1000000 2  874999 499998  0 499998
1000000 2  875001 499999  2 499999
1000000 2  874999 500001  0 500001
1000000 2  874999 499997  0 499997
1000000 2  875000 500000  1 500000
1000000 2  875000 499998  1 499998
1000000 2  500000 874999  500000 0
1000000 2  500001 874999  500001 0
1000000 2  499999 874999  499999 0
1000000 2  500000 875000  500000 1
1000000 2  500002 874999  500002 0
1000000 2  499998 874999  499998 0
1000000 2  500000 875001  500000 2
1000000 2  500001 875000  500001 1
1000000 2  499999 875000  499999 1
1000000 2  875001 500000  2 500000
1000000 2  874999 500002  0 500002
1000000 2  875000 500001  1 500001
1000000 2  124998 499999  999997 499999
1000000 2  125000 499997  999999 499997
1000000 2  124999 499998  999998 499998
1000000 2  500002 125000  500002 999999
1000000 2  500000 124998  500000 999997
1000000 2  500001 124999  500001 999998
1000000 2  499997 874999  499997 0
1000000 2  499999 875001  499999 2
1000000 2  499998 875000  499998 1
1000000 2  500000 500000  750000 700000
1000000 2  500001 500000  750001 700000
1000000 2  499999 500000  749999 700000
1000000 2  500000 500001  750000 700001
1000000 2  500000 499999  750000 699999
1000000 2  500002 500000  750002 700000
1000000 2  499998 500000  749998 700000
1000000 2  500000 500002  750000 700002
1000000 2  500000 499998  750000 699998
1000000 2  500001 500001  750001 700001
1000000 2  500001 499999  750001 699999
1000000 2  499999 500001  749999 700001
1000000 2  499999 499999  749999 699999
1000000 2  499999 500000  299999 750000
1000000 2  500000 500000  300000 750000
1000000 2  499998 500000  299998 750000
1000000 2  499999 500001  299999 750001
1000000 2  499999 499999  299999 749999
1000000 2  500001 500000  300001 750000
1000000 2  499997 500000  299997 750000
1000000 2  499999 500002  299999 750002
1000000 2  499999 499998  299999 749998
1000000 2  500000 500001  300000 750001
1000000 2  500000 499999  300000 749999
1000000 2  499998 500001  299998 750001
1000000 2  499998 499999  299998 749999
1000000 2  499999 499999  249999 299999
1000000 2  500000 499999  250000 299999
1000000 2  499998 499999  249998 299999
1000000 2  499999 500000  249999 300000
1000000 2  499999 499998  249999 299998
1000000 2  500001 499999  250001 299999
1000000 2  499997 499999  249997 299999
1000000 2  499999 500001  249999 300001
1000000 2  499999 499997  249999 299997
1000000 2  500000 500000  250000 300000
1000000 2  500000 499998  250000 299998
1000000 2  499998 500000  249998 300000
1000000 2  499998 499998  249998 299998
1000000 2  500000 499999  700000 249999
1000000 2  500001 499999  700001 249999
1000000 2  499999 499999  699999 249999
1000000 2  500000 500000  700000 250000
1000000 2  500000 499998  700000 249998
1000000 2  500002 499999  700002 249999
1000000 2  499998 499999  699998 249999
1000000 2  500000 500001  700000 250001
1000000 2  500000 499997  700000 249997
1000000 2  500001 500000  700001 250000
1000000 2  500001 499998  700001 249998
1000000 2  499999 500000  699999 250000
1000000 2  499999 499998  699999 249998
1000000 2  499999 500000  249999 700000
1000000 2  500000 500000  250000 700000
1000000 2  499998 500000  249998 700000
1000000 2  499999 500001  249999 700001
1000000 2  499999 499999  249999 699999
1000000 2  500001 500000  250001 700000
1000000 2  499997 500000  249997 700000
1000000 2  499999 500002  249999 700002
1000000 2  499999 499998  249999 699998
1000000 2  500000 500001  250000 700001
1000000 2  500000 499999  250000 699999
1000000 2  499998 500001  249998 700001
1000000 2  499998 499999  249998 699999
1000000 2  500000 499999  750000 299999
1000000 2  500001 499999  750001 299999
1000000 2  499999 499999  749999 299999
1000000 2  500000 500000  750000 300000
1000000 2  500000 499998  750000 299998
1000000 2  500002 499999  750002 299999
1000000 2  499998 499999  749998 299999
1000000 2  500000 500001  750000 300001
1000000 2  500000 499997  750000 299997
1000000 2  500001 500000  750001 300000
1000000 2  500001 499998  750001 299998
1000000 2  499999 500000  749999 300000
1000000 2  499999 499998  749999 299998
1000000 2  500000 500000  700000 750000
1000000 2  500001 500000  700001 750000
1000000 2  499999 500000  699999 750000
1000000 2  500000 500001  700000 750001
1000000 2  500000 499999  700000 749999
1000000 2  500002 500000  700002 750000
1000000 2  499998 500000  699998 750000
1000000 2  500000 500002  700000 750002
1000000 2  500000 499998  700000 749998
1000000 2  500001 500001  700001 750001
1000000 2  500001 499999  700001 749999
1000000 2  499999 500001  699999 750001
1000000 2  499999 499999  699999 749999
1000000 2  499999 499999  299999 249999
1000000 2  500000 499999  300000 249999
1000000 2  499998 499999  299998 249999
1000000 2  499999 500000  299999 250000
1000000 2  499999 499998  299999 249998
1000000 2  500001 499999  300001 249999
1000000 2  499997 499999  299997 249999
1000000 2  499999 500001  299999 250001
1000000 2  499999 499997  299999 249997
1000000 2  500000 500000  300000 250000
1000000 2  500000 499998  300000 249998
1000000 2  499998 500000  299998 250000
1000000 2  499998 499998  299998 249998
1000000 2  500000 500000  750000 833333
1000000 2  500001 500000  750001 833333
1000000 2  499999 500000  749999 833333
1000000 2  500000 500001  750000 833334
1000000 2  500000 499999  750000 833332
1000000 2  500002 500000  750002 833333
1000000 2  499998 500000  749998 833333
1000000 2  500000 500002  750000 833335
1000000 2  500000 499998  750000 833331
1000000 2  500001 500001  750001 833334
1000000 2  500001 499999  750001 833332
1000000 2  499999 500001  749999 833334
1000000 2  499999 499999  749999 833332
1000000 2  499999 500000  166666 750000
1000000 2  500000 500000  166667 750000
1000000 2  499998 500000  166665 750000
1000000 2  499999 500001  166666 750001
1000000 2  499999 499999  166666 749999
1000000 2  500001 500000  166668 750000
1000000 2  499997 500000  166664 750000
1000000 2  499999 500002  166666 750002
1000000 2  499999 499998  166666 749998
1000000 2  500000 500001  166667 750001
1000000 2  500000 499999  166667 749999
1000000 2  499998 500001  166665 750001
1000000 2  499998 499999  166665 749999
1000000 2  499999 499999  249999 166666
1000000 2  500000 499999  250000 166666
1000000 2  499998 499999  249998 166666
1000000 2  499999 500000  249999 166667
1000000 2  499999 499998  249999 166665
1000000 2  500001 499999  250001 166666
1000000 2  499997 499999  249997 166666
1000000 2  499999 500001  249999 166668
1000000 2  499999 499997  249999 166664
1000000 2  500000 500000  250000 166667
1000000 2  500000 499998  250000 166665
1000000 2  499998 500000  249998 166667
1000000 2  499998 499998  249998 166665
1000000 2  500000 499999  833333 249999
1000000 2  500001 499999  833334 249999
1000000 2  499999 499999  833332 249999
1000000 2  500000 500000  833333 250000
1000000 2  500000 499998  833333 249998
1000000 2  500002 499999  833335 249999
1000000 2  499998 499999  833331 249999
1000000 2  500000 500001  833333 250001
1000000 2  500000 499997  833333 249997
1000000 2  500001 500000  833334 250000
1000000 2  500001 499998  833334 249998
1000000 2  499999 500000  833332 250000
1000000 2  499999 499998  833332 249998
1000000 2  499999 500000  249999 833333
1000000 2  500000 500000  250000 833333
1000000 2  499998 500000  249998 833333
1000000 2  499999 500001  249999 833334
1000000 2  499999 499999  249999 833332
1000000 2  500001 500000  250001 833333
1000000 2  499997 500000  249997 833333
1000000 2  499999 500002  249999 833335
1000000 2  499999 499998  249999 833331
1000000 2  500000 500001  250000 833334
1000000 2  500000 499999  250000 833332
1000000 2  499998 500001  249998 833334
1000000 2  499998 499999  249998 833332
1000000 2  500000 499999  750000 166666
1000000 2  500001 499999  750001 166666
1000000 2  499999 499999  749999 166666
1000000 2  500000 500000  750000 166667
1000000 2  500000 499998  750000 166665
1000000 2  500002 499999  750002 166666
1000000 2  499998 499999  749998 166666
1000000 2  500000 500001  750000 166668
1000000 2  500000 499997  750000 166664
1000000 2  500001 500000  750001 166667
1000000 2  500001 499998  750001 166665
1000000 2  499999 500000  749999 166667
1000000 2  499999 499998  749999 166665
1000000 2  500000 500000  833333 750000
1000000 2  500001 500000  833334 750000
1000000 2  499999 500000  833332 750000
1000000 2  500000 500001  833333 750001
1000000 2  500000 499999  833333 749999
1000000 2  500002 500000  833335 750000
1000000 2  499998 500000  833331 750000
1000000 2  500000 500002  833333 750002
1000000 2  500000 499998  833333 749998
1000000 2  500001 500001  833334 750001
1000000 2  500001 499999  833334 749999
1000000 2  499999 500001  833332 750001
1000000 2  499999 499999  833332 749999
1000000 2  499999 499999  166666 249999
1000000 2  500000 499999  166667 249999
1000000 2  499998 499999  166665 249999
1000000 2  499999 500000  166666 250000
1000000 2  499999 499998  166666 249998
1000000 2  500001 499999  166668 249999
1000000 2  499997 499999  166664 249999
1000000 2  499999 500001  166666 250001
1000000 2  499999 499997  166666 249997
1000000 2  500000 500000  166667 250000
1000000 2  500000 499998  166667 249998
1000000 2  499998 500000  166665 250000
1000000 2  499998 499998  166665 249998
1000000 2  500000 500000  500001 750000
1000000 2  500001 500000  500002 750000
1000000 2  499999 500000  500000 750000
1000000 2  500000 500001  500001 750001
1000000 2  500000 499999  500001 749999
1000000 2  500002 500000  500003 750000
1000000 2  499998 500000  499999 750000
1000000 2  500000 500002  500001 750002
1000000 2  500000 499998  500001 749998
1000000 2  500001 500001  500002 750001
1000000 2  500001 499999  500002 749999
1000000 2  499999 500001  500000 750001
1000000 2  499999 499999  500000 749999
1000000 2  499999 500000  249999 500001
1000000 2  500000 500000  250000 500001
1000000 2  499998 500000  249998 500001
1000000 2  499999 500001  249999 500002
1000000 2  499999 499999  249999 500000
1000000 2  500001 500000  250001 500001
1000000 2  499997 500000  249997 500001
1000000 2  499999 500002  249999 500003
1000000 2  499999 499998  249999 499999
1000000 2  500000 500001  250000 500002
1000000 2  500000 499999  250000 500000
1000000 2  499998 500001  249998 500002
1000000 2  499998 499999  249998 500000
1000000 2  499999 499999  499998 249999
1000000 2  500000 499999  499999 249999
1000000 2  499998 499999  499997 249999
1000000 2  499999 500000  499998 250000
1000000 2  499999 499998  499998 249998
1000000 2  500001 499999  500000 249999
1000000 2  499997 499999  499996 249999
1000000 2  499999 500001  499998 250001
1000000 2  499999 499997  499998 249997
1000000 2  500000 500000  499999 250000
1000000 2  500000 499998  499999 249998
1000000 2  499998 500000  499997 250000
1000000 2  499998 499998  499997 249998
1000000 2  500000 499999  750000 499998
1000000 2  500001 499999  750001 499998
1000000 2  499999 499999  749999 499998
1000000 2  500000 500000  750000 499999
1000000 2  500000 499998  750000 499997
1000000 2  500002 499999  750002 499998
1000000 2  499998 499999  749998 499998
1000000 2  500000 500001  750000 500000
1000000 2  500000 499997  750000 499996
1000000 2  500001 500000  750001 499999
1000000 2  500001 499998  750001 499997
1000000 2  499999 500000  749999 499999
1000000 2  499999 499998  749999 499997
1000000 2  499999 500000  499998 750000
1000000 2  500000 500000  499999 750000
1000000 2  499998 500000  499997 750000
1000000 2  499999 500001  499998 750001
1000000 2  499999 499999  499998 749999
1000000 2  500001 500000  500000 750000
1000000 2  499997 500000  499996 750000
1000000 2  499999 500002  499998 750002
1000000 2  499999 499998  499998 749998
1000000 2  500000 500001  499999 750001
1000000 2  500000 499999  499999 749999
1000000 2  499998 500001  499997 750001
1000000 2  499998 499999  499997 749999
1000000 2  500000 499999  500001 249999
1000000 2  500001 499999  500002 249999
1000000 2  499999 499999  500000 249999
1000000 2  500000 500000  500001 250000
1000000 2  500000 499998  500001 249998
1000000 2  500002 499999  500003 249999
1000000 2  499998 499999  499999 249999
1000000 2  500000 500001  500001 250001
1000000 2  500000 499997  500001 249997
1000000 2  500001 500000  500002 250000
1000000 2  500001 499998  500002 249998
1000000 2  499999 500000  500000 250000
1000000 2  499999 499998  500000 249998
1000000 2  500000 500000  750000 500001
1000000 2  500001 500000  750001 500001
1000000 2  499999 500000  749999 500001
1000000 2  500000 500001  750000 500002
1000000 2  500000 499999  750000 500000
1000000 2  500002 500000  750002 500001
1000000 2  499998 500000  749998 500001
1000000 2  500000 500002  750000 500003
1000000 2  500000 499998  750000 499999
1000000 2  500001 500001  750001 500002
1000000 2  500001 499999  750001 500000
1000000 2  499999 500001  749999 500002
1000000 2  499999 499999  749999 500000
1000000 2  499999 499999  249999 499998
1000000 2  500000 499999  250000 499998
1000000 2  499998 499999  249998 499998
1000000 2  499999 500000  249999 499999
1000000 2  499999 499998  249999 499997
1000000 2  500001 499999  250001 499998
1000000 2  499997 499999  249997 499998
1000000 2  499999 500001  249999 500000
1000000 2  499999 499997  249999 499996
1000000 2  500000 500000  250000 499999
1000000 2  500000 499998  250000 499997
1000000 2  499998 500000  249998 499999
1000000 2  499998 499998  249998 499997
1000000 2  500000 500000  625000 750000
1000000 2  500001 500000  625001 750000
1000000 2  499999 500000  624999 750000
1000000 2  500000 500001  625000 750001
1000000 2  500000 499999  625000 749999
1000000 2  500002 500000  625002 750000
1000000 2  499998 500000  624998 750000
1000000 2  500000 500002  625000 750002
1000000 2  500000 499998  625000 749998
1000000 2  500001 500001  625001 750001
1000000 2  500001 499999  625001 749999
1000000 2  499999 500001  624999 750001
1000000 2  499999 499999  624999 749999
1000000 2  499999 500000  249999 625000
1000000 2  500000 500000  250000 625000
1000000 2  499998 500000  249998 625000
1000000 2  499999 500001  249999 625001
1000000 2  499999 499999  249999 624999
1000000 2  500001 500000  250001 625000
1000000 2  499997 500000  249997 625000
1000000 2  499999 500002  249999 625002
1000000 2  499999 499998  249999 624998
1000000 2  500000 500001  250000 625001
1000000 2  500000 499999  250000 624999
1000000 2  499998 500001  249998 625001
1000000 2  499998 499999  249998 624999
1000000 2  499999 499999  374999 249999
1000000 2  500000 499999  375000 249999
1000000 2  499998 499999  374998 249999
1000000 2  499999 500000  374999 250000
1000000 2  499999 499998  374999 249998
1000000 2  500001 499999  375001 249999
1000000 2  499997 499999  374997 249999
1000000 2  499999 500001  374999 250001
1000000 2  499999 499997  374999 249997
1000000 2  500000 500000  375000 250000
1000000 2  500000 499998  375000 249998
1000000 2  499998 500000  374998 250000
1000000 2  499998 499998  374998 249998
1000000 2  500000 499999  750000 374999
1000000 2  500001 499999  750001 374999
1000000 2  499999 499999  749999 374999
1000000 2  500000 500000  750000 375000
1000000 2  500000 499998  750000 374998
1000000 2  500002 499999  750002 374999
1000000 2  499998 499999  749998 374999
1000000 2  500000 500001  750000 375001
1000000 2  500000 499997  750000 374997
1000000 2  500001 500000  750001 375000
1000000 2  500001 499998  750001 374998
1000000 2  499999 500000  749999 375000
1000000 2  499999 499998  749999 374998
1000000 2  499999 500000  374999 750000
1000000 2  500000 500000  375000 750000
1000000 2  499998 500000  374998 750000
1000000 2  499999 500001  374999 750001
1000000 2  499999 499999  374999 749999
1000000 2  500001 500000  375001 750000
1000000 2  499997 500000  374997 750000
1000000 2  499999 500002  374999 750002
1000000 2  499999 499998  374999 749998
1000000 2  500000 500001  375000 750001
1000000 2  500000 499999  375000 749999
1000000 2  499998 500001  374998 750001
1000000 2  499998 499999  374998 749999
1000000 2  500000 499999  625000 249999
1000000 2  500001 499999  625001 249999
1000000 2  499999 499999  624999 249999
1000000 2  500000 500000  625000 250000
1000000 2  500000 499998  625000 249998
1000000 2  500002 499999  625002 249999
1000000 2  499998 499999  624998 249999
1000000 2  500000 500001  625000 250001
1000000 2  500000 499997  625000 249997
1000000 2  500001 500000  625001 250000
1000000 2  500001 499998  625001 249998
1000000 2  499999 500000  624999 250000
1000000 2  499999 499998  624999 249998
1000000 2  500000 500000  750000 625000
1000000 2  500001 500000  750001 625000
1000000 2  499999 500000  749999 625000
1000000 2  500000 500001  750000 625001
1000000 2  500000 499999  750000 624999
1000000 2  500002 500000  750002 625000
1000000 2  499998 500000  749998 625000
1000000 2  500000 500002  750000 625002
1000000 2  500000 499998  750000 624998
1000000 2  500001 500001  750001 625001
1000000 2  500001 499999  750001 624999
1000000 2  499999 500001  749999 625001
1000000 2  499999 499999  749999 624999
1000000 2  499999 499999  249999 374999
1000000 2  500000 499999  250000 374999
1000000 2  499998 499999  249998 374999
1000000 2  499999 500000  249999 375000
1000000 2  499999 499998  249999 374998
1000000 2  500001 499999  250001 374999
1000000 2  499997 499999  249997 374999
1000000 2  499999 500001  249999 375001
1000000 2  499999 499997  249999 374997
1000000 2  500000 500000  250000 375000
1000000 2  500000 499998  250000 374998
1000000 2  499998 500000  249998 375000
1000000 2  499998 499998  249998 374998
1000000 2  250000 250000  666666 666666
1000000 2  250001 250000  666667 666666
1000000 2  249999 250000  666665 666666
1000000 2  250000 250001  666666 666667
1000000 2  250000 249999  666666 666665
1000000 2  250002 250000  666668 666666
1000000 2  249998 250000  666664 666666
1000000 2  250000 250002  666666 666668
1000000 2  250000 249998  666666 666664
1000000 2  250001 250001  666667 666667
1000000 2  250001 249999  666667 666665
1000000 2  249999 250001  666665 666667
1000000 2  249999 249999  666665 666665
1000000 2  749999 250000  333333 666666
1000000 2  750000 250000  333334 666666
1000000 2  749998 250000  333332 666666
1000000 2  749999 250001  333333 666667
1000000 2  749999 249999  333333 666665
1000000 2  750001 250000  333335 666666
1000000 2  749997 250000  333331 666666
1000000 2  749999 250002  333333 666668
1000000 2  749999 249998  333333 666664
1000000 2  750000 250001  333334 666667
1000000 2  750000 249999  333334 666665
1000000 2  749998 250001  333332 666667
1000000 2  749998 249999  333332 666665
1000000 2  749999 749999  333333 333333
1000000 2  750000 749999  333334 333333
1000000 2  749998 749999  333332 333333
1000000 2  749999 750000  333333 333334
1000000 2  749999 749998  333333 333332
1000000 2  750001 749999  333335 333333
1000000 2  749997 749999  333331 333333
1000000 2  749999 750001  333333 333335
1000000 2  749999 749997  333333 333331
1000000 2  750000 750000  333334 333334
1000000 2  750000 749998  333334 333332
1000000 2  749998 750000  333332 333334
1000000 2  749998 749998  333332 333332
1000000 2  250000 749999  666666 333333
1000000 2  250001 749999  666667 333333
1000000 2  249999 749999  666665 333333
1000000 2  250000 750000  666666 333334
1000000 2  250000 749998  666666 333332
1000000 2  250002 749999  666668 333333
1000000 2  249998 749999  666664 333333
1000000 2  250000 750001  666666 333335
1000000 2  250000 749997  666666 333331
1000000 2  250001 750000  666667 333334
1000000 2  250001 749998  666667 333332
1000000 2  249999 750000  666665 333334
1000000 2  249999 749998  666665 333332
1000000 2  200000 125000  800000 874999
1000000 2  200001 125000  800001 874999
1000000 2  199999 125000  799999 874999
1000000 2  200000 125001  800000 875000
1000000 2  200000 124999  800000 874998
1000000 2  200002 125000  800002 874999
1000000 2  199998 125000  799998 874999
1000000 2  200000 125002  800000 875001
1000000 2  200000 124998  800000 874997
1000000 2  200001 125001  800001 875000
1000000 2  200001 124999  800001 874998
1000000 2  199999 125001  799999 875000
1000000 2  199999 124999  799999 874998
1000000 2  874999 200000  125000 800000
1000000 2  875000 200000  125001 800000
1000000 2  874998 200000  124999 800000
1000000 2  874999 200001  125000 800001
1000000 2  874999 199999  125000 799999
1000000 2  875001 200000  125002 800000
1000000 2  874997 200000  124998 800000
1000000 2  874999 200002  125000 800002
1000000 2  874999 199998  125000 799998
1000000 2  875000 200001  125001 800001
1000000 2  875000 199999  125001 799999
1000000 2  874998 200001  124999 800001
1000000 2  874998 199999  124999 799999
1000000 2  799997 874999  199997 125000
1000000 2  799999 875001  199999 125002
1000000 2  799999 874997  199999 124998
1000000 2  799998 875000  199998 125001
1000000 2  799998 874998  199998 124999
1000000 2  125002 799999  875001 199999
1000000 2  124998 799999  874997 199999
1000000 2  125000 799997  874999 199997
1000000 2  125001 799998  875000 199998
1000000 2  124999 799998  874998 199998
1000000 2  799999 125000  199999 874999
1000000 2  800000 125000  200000 874999
1000000 2  799998 125000  199998 874999
1000000 2  799999 125001  199999 875000
1000000 2  799999 124999  199999 874998
1000000 2  800001 125000  200001 874999
1000000 2  799997 125000  199997 874999
1000000 2  799999 125002  199999 875001
1000000 2  799999 124998  199999 874997
1000000 2  800000 125001  200000 875000
1000000 2  800000 124999  200000 874998
1000000 2  799998 125001  199998 875000
1000000 2  799998 124999  199998 874998
1000000 2  200002 874999  800002 125000
1000000 2  200000 875001  800000 125002
1000000 2  200000 874997  800000 124998
1000000 2  200001 875000  800001 125001
1000000 2  200001 874998  800001 124999
1000000 2  125000 200000  874999 800000
1000000 2  125001 200000  875000 800000
1000000 2  124999 200000  874998 800000
1000000 2  125000 200001  874999 800001
1000000 2  125000 199999  874999 799999
1000000 2  125002 200000  875001 800000
1000000 2  124998 200000  874997 800000
1000000 2  125000 200002  874999 800002
1000000 2  125000 199998  874999 799998
1000000 2  125001 200001  875000 800001
1000000 2  125001 199999  875000 799999
1000000 2  124999 200001  874998 800001
1000000 2  124999 199999  874998 799999
1000000 2  875001 799999  125002 199999
1000000 2  874997 799999  124998 199999
1000000 2  874999 799997  125000 199997
1000000 2  875000 799998  125001 199998
1000000 2  874998 799998  124999 199998
1000000 2  500000 500000  700000 800000
1000000 2  500001 500000  700001 800000
1000000 2  499999 500000  699999 800000
1000000 2  500000 500001  700000 800001
1000000 2  500000 499999  700000 799999
1000000 2  500002 500000  700002 800000
1000000 2  499998 500000  699998 800000
1000000 2  500000 500002  700000 800002
1000000 2  500000 499998  700000 799998
1000000 2  500001 500001  700001 800001
1000000 2  500001 499999  700001 799999
1000000 2  499999 500001  699999 800001
1000000 2  499999 499999  699999 799999
1000000 2  499999 500000  199999 700000
1000000 2  500000 500000  200000 700000
1000000 2  499998 500000  199998 700000
1000000 2  499999 500001  199999 700001
1000000 2  499999 499999  199999 699999
1000000 2  500001 500000  200001 700000
1000000 2  499997 500000  199997 700000
1000000 2  499999 500002  199999 700002
1000000 2  499999 499998  199999 699998
1000000 2  500000 500001  200000 700001
1000000 2  500000 499999  200000 699999
1000000 2  499998 500001  199998 700001
1000000 2  499998 499999  199998 699999
1000000 2  499999 499999  299999 199999
1000000 2  500000 499999  300000 199999
1000000 2  499998 499999  299998 199999
1000000 2  499999 500000  299999 200000
1000000 2  499999 499998  299999 199998
1000000 2  500001 499999  300001 199999
1000000 2  499997 499999  299997 199999
1000000 2  499999 500001  299999 200001
1000000 2  499999 499997  299999 199997
1000000 2  500000 500000  300000 200000
1000000 2  500000 499998  300000 199998
1000000 2  499998 500000  299998 200000
1000000 2  499998 499998  299998 199998
1000000 2  500000 499999  800000 299999
1000000 2  500001 499999  800001 299999
1000000 2  499999 499999  799999 299999
1000000 2  500000 500000  800000 300000
1000000 2  500000 499998  800000 299998
1000000 2  500002 499999  800002 299999
1000000 2  499998 499999  799998 299999
1000000 2  500000 500001  800000 300001
1000000 2  500000 499997  800000 299997
1000000 2  500001 500000  800001 300000
1000000 2  500001 499998  800001 299998
1000000 2  499999 500000  799999 300000
1000000 2  499999 499998  799999 299998
1000000 2  499999 500000  299999 800000
1000000 2  500000 500000  300000 800000
1000000 2  499998 500000  299998 800000
1000000 2  499999 500001  299999 800001
1000000 2  499999 499999  299999 799999
1000000 2  500001 500000  300001 800000
1000000 2  499997 500000  299997 800000
1000000 2  499999 500002  299999 800002
1000000 2  499999 499998  299999 799998
1000000 2  500000 500001  300000 800001
1000000 2  500000 499999  300000 799999
1000000 2  499998 500001  299998 800001
1000000 2  499998 499999  299998 799999
1000000 2  500000 499999  700000 199999
1000000 2  500001 499999  700001 199999
1000000 2  499999 499999  699999 199999
1000000 2  500000 500000  700000 200000
1000000 2  500000 499998  700000 199998
1000000 2  500002 499999  700002 199999
1000000 2  499998 499999  699998 199999
1000000 2  500000 500001  700000 200001
1000000 2  500000 499997  700000 199997
1000000 2  500001 500000  700001 200000
1000000 2  500001 499998  700001 199998
1000000 2  499999 500000  699999 200000
1000000 2  499999 499998  699999 199998
1000000 2  500000 500000  800000 700000
1000000 2  500001 500000  800001 700000
1000000 2  499999 500000  799999 700000
1000000 2  500000 500001  800000 700001
1000000 2  500000 499999  800000 699999
1000000 2  500002 500000  800002 700000
1000000 2  499998 500000  799998 700000
1000000 2  500000 500002  800000 700002
1000000 2  500000 499998  800000 699998
1000000 2  500001 500001  800001 700001
1000000 2  500001 499999  800001 699999
1000000 2  499999 500001  799999 700001
1000000 2  499999 499999  799999 699999
1000000 2  499999 499999  199999 299999
1000000 2  500000 499999  200000 299999
1000000 2  499998 499999  199998 299999
1000000 2  499999 500000  199999 300000
1000000 2  499999 499998  199999 299998
1000000 2  500001 499999  200001 299999
1000000 2  499997 499999  199997 299999
1000000 2  499999 500001  199999 300001
1000000 2  499999 499997  199999 299997
1000000 2  500000 500000  200000 300000
1000000 2  500000 499998  200000 299998
1000000 2  499998 500000  199998 300000
1000000 2  499998 499998  199998 299998
1000000 2  500000 500000  833333 700000
1000000 2  500001 500000  833334 700000
1000000 2  499999 500000  833332 700000
1000000 2  500000 500001  833333 700001
1000000 2  500000 499999  833333 699999
1000000 2  500002 500000  833335 700000
1000000 2  499998 500000  833331 700000
1000000 2  500000 500002  833333 700002
1000000 2  500000 499998  833333 699998
1000000 2  500001 500001  833334 700001
1000000 2  500001 499999  833334 699999
1000000 2  499999 500001  833332 700001
1000000 2  499999 499999  833332 699999
1000000 2  499999 500000  299999 833333
1000000 2  500000 500000  300000 833333
1000000 2  499998 500000  299998 833333
1000000 2  499999 500001  299999 833334
1000000 2  499999 499999  299999 833332
1000000 2  500001 500000  300001 833333
1000000 2  499997 500000  299997 833333
1000000 2  499999 500002  299999 833335
1000000 2  499999 499998  299999 833331
1000000 2  500000 500001  300000 833334
1000000 2  500000 499999  300000 833332
1000000 2  499998 500001  299998 833334
1000000 2  499998 499999  299998 833332
1000000 2  499999 499999  166666 299999
1000000 2  500000 499999  166667 299999
1000000 2  499998 499999  166665 299999
1000000 2  499999 500000  166666 300000
1000000 2  499999 499998  166666 299998
1000000 2  500001 499999  166668 299999
1000000 2  499997 499999  166664 299999
1000000 2  499999 500001  166666 300001
1000000 2  499999 499997  166666 299997
1000000 2  500000 500000  166667 300000
1000000 2  500000 499998  166667 299998
1000000 2  499998 500000  166665 300000
1000000 2  499998 499998  166665 299998
1000000 2  500000 499999  700000 166666
1000000 2  500001 499999  700001 166666
1000000 2  499999 499999  699999 166666
1000000 2  500000 500000  700000 166667
1000000 2  500000 499998  700000 166665
1000000 2  500002 499999  700002 166666
1000000 2  499998 499999  699998 166666
1000000 2  500000 500001  700000 166668
1000000 2  500000 499997  700000 166664
1000000 2  500001 500000  700001 166667
1000000 2  500001 499998  700001 166665
1000000 2  499999 500000  699999 166667
1000000 2  499999 499998  699999 166665
1000000 2  499999 500000  166666 700000
1000000 2  500000 500000  166667 700000
1000000 2  499998 500000  166665 700000
1000000 2  499999 500001  166666 700001
1000000 2  499999 499999  166666 699999
1000000 2  500001 500000  166668 700000
1000000 2  499997 500000  166664 700000
1000000 2  499999 500002  166666 700002
1000000 2  499999 499998  166666 699998
1000000 2  500000 500001  166667 700001
1000000 2  500000 499999  166667 699999
1000000 2  499998 500001  166665 700001
1000000 2  499998 499999  166665 699999
1000000 2  500000 499999  833333 299999
1000000 2  500001 499999  833334 299999
1000000 2  499999 499999  833332 299999
1000000 2  500000 500000  833333 300000
1000000 2  500000 499998  833333 299998
1000000 2  500002 499999  833335 299999
1000000 2  499998 499999  833331 299999
1000000 2  500000 500001  833333 300001
1000000 2  500000 499997  833333 299997
1000000 2  500001 500000  833334 300000
1000000 2  500001 499998  833334 299998
1000000 2  499999 500000  833332 300000
1000000 2  499999 499998  833332 299998
1000000 2  500000 500000  700000 833333
1000000 2  500001 500000  700001 833333
1000000 2  499999 500000  699999 833333
1000000 2  500000 500001  700000 833334
1000000 2  500000 499999  700000 833332
1000000 2  500002 500000  700002 833333
1000000 2  499998 500000  699998 833333
1000000 2  500000 500002  700000 833335
1000000 2  500000 499998  700000 833331
1000000 2  500001 500001  700001 833334
1000000 2  500001 499999  700001 833332
1000000 2  499999 500001  699999 833334
1000000 2  499999 499999  699999 833332
1000000 2  499999 499999  299999 166666
1000000 2  500000 499999  300000 166666
1000000 2  499998 499999  299998 166666
1000000 2  499999 500000  299999 166667
1000000 2  499999 499998  299999 166665
1000000 2  500001 499999  300001 166666
1000000 2  499997 499999  299997 166666
1000000 2  499999 500001  299999 166668
1000000 2  499999 499997  299999 166664
1000000 2  500000 500000  300000 166667
1000000 2  500000 499998  300000 166665
1000000 2  499998 500000  299998 166667
1000000 2  499998 499998  299998 166665
1000000 2  500000 500000  500002 750000
1000000 2  500001 500000  500003 750000
1000000 2  499999 500000  500001 750000
1000000 2  500000 500001  500002 750001
1000000 2  500000 499999  500002 749999
1000000 2  500002 500000  500004 750000
1000000 2  499998 500000  500000 750000
1000000 2  500000 500002  500002 750002
1000000 2  500000 499998  500002 749998
1000000 2  500001 500001  500003 750001
1000000 2  500001 499999  500003 749999
1000000 2  499999 500001  500001 750001
1000000 2  499999 499999  500001 749999
1000000 2  499999 500000  249999 500002
1000000 2  500000 500000  250000 500002
1000000 2  499998 500000  249998 500002
1000000 2  499999 500001  249999 500003
1000000 2  499999 499999  249999 500001
1000000 2  500001 500000  250001 500002
1000000 2  499997 500000  249997 500002
1000000 2  499999 500002  249999 500004
1000000 2  499999 499998  249999 500000
1000000 2  500000 500001  250000 500003
1000000 2  500000 499999  250000 500001
1000000 2  499998 500001  249998 500003
1000000 2  499998 499999  249998 500001
1000000 2  499999 499999  499997 249999
1000000 2  500000 499999  499998 249999
1000000 2  499998 499999  499996 249999
1000000 2  499999 500000  499997 250000
1000000 2  499999 499998  499997 249998
1000000 2  500001 499999  499999 249999
1000000 2  499997 499999  499995 249999
1000000 2  499999 500001  499997 250001
1000000 2  499999 499997  499997 249997
1000000 2  500000 500000  499998 250000
1000000 2  500000 499998  499998 249998
1000000 2  499998 500000  499996 250000
1000000 2  499998 499998  499996 249998
1000000 2  500000 499999  750000 499997
1000000 2  500001 499999  750001 499997
1000000 2  499999 499999  749999 499997
1000000 2  500000 500000  750000 499998
1000000 2  500000 499998  750000 499996
1000000 2  500002 499999  750002 499997
1000000 2  499998 499999  749998 499997
1000000 2  500000 500001  750000 499999
1000000 2  500000 499997  750000 499995
1000000 2  500001 500000  750001 499998
1000000 2  500001 499998  750001 499996
1000000 2  499999 500000  749999 499998
1000000 2  499999 499998  749999 499996
1000000 2  499999 500000  499997 750000
1000000 2  500000 500000  499998 750000
1000000 2  499998 500000  499996 750000
1000000 2  499999 500001  499997 750001
1000000 2  499999 499999  499997 749999
1000000 2  500001 500000  499999 750000
1000000 2  499997 500000  499995 750000
1000000 2  499999 500002  499997 750002
1000000 2  499999 499998  499997 749998
1000000 2  500000 500001  499998 750001
1000000 2  500000 499999  499998 749999
1000000 2  499998 500001  499996 750001
1000000 2  499998 499999  499996 749999
1000000 2  500000 499999  500002 249999
1000000 2  500001 499999  500003 249999
1000000 2  499999 499999  500001 249999
1000000 2  500000 500000  500002 250000
1000000 2  500000 499998  500002 249998
1000000 2  500002 499999  500004 249999
1000000 2  499998 499999  500000 249999
1000000 2  500000 500001  500002 250001
1000000 2  500000 499997  500002 249997
1000000 2  500001 500000  500003 250000
1000000 2  500001 499998  500003 249998
1000000 2  499999 500000  500001 250000
1000000 2  499999 499998  500001 249998
1000000 2  500000 500000  750000 500002
1000000 2  500001 500000  750001 500002
1000000 2  499999 500000  749999 500002
1000000 2  500000 500001  750000 500003
1000000 2  500000 499999  750000 500001
1000000 2  500002 500000  750002 500002
1000000 2  499998 500000  749998 500002
1000000 2  500000 500002  750000 500004
1000000 2  500000 499998  750000 500000
1000000 2  500001 500001  750001 500003
1000000 2  500001 499999  750001 500001
1000000 2  499999 500001  749999 500003
1000000 2  499999 499999  749999 500001
1000000 2  499999 499999  249999 499997
1000000 2  500000 499999  250000 499997
1000000 2  499998 499999  249998 499997
1000000 2  499999 500000  249999 499998
1000000 2  499999 499998  249999 499996
1000000 2  500001 499999  250001 499997
1000000 2  499997 499999  249997 499997
1000000 2  499999 500001  249999 499999
1000000 2  499999 499997  249999 499995
1000000 2  500000 500000  250000 499998
1000000 2  500000 499998  250000 499996
1000000 2  499998 500000  249998 499998
1000000 2  499998 499998  249998 499996
1000000 2  500000 666666  500001 200000
1000000 2  500001 666666  500002 200000
1000000 2  499999 666666  500000 200000
1000000 2  500000 666667  500001 200001
1000000 2  500000 666665  500001 199999
1000000 2  500002 666666  500003 200000
1000000 2  499998 666666  499999 200000
1000000 2  500000 666668  500001 200002
1000000 2  500000 666664  500001 199998
1000000 2  500001 666667  500002 200001
1000000 2  500001 666665  500002 199999
1000000 2  499999 666667  500000 200001
1000000 2  499999 666665  500000 199999
1000000 2  333333 500000  799999 500001
1000000 2  333334 500000  800000 500001
1000000 2  333332 500000  799998 500001
1000000 2  333333 500001  799999 500002
1000000 2  333333 499999  799999 500000
1000000 2  333335 500000  800001 500001
1000000 2  333331 500000  799997 500001
1000000 2  333333 500002  799999 500003
1000000 2  333333 499998  799999 499999
1000000 2  333334 500001  800000 500002
1000000 2  333334 499999  800000 500000
1000000 2  333332 500001  799998 500002
1000000 2  333332 499999  799998 500000
1000000 2  499999 333333  499998 799999
1000000 2  500000 333333  499999 799999
1000000 2  499998 333333  499997 799999
1000000 2  499999 333334  499998 800000
1000000 2  499999 333332  499998 799998
1000000 2  500001 333333  500000 799999
1000000 2  499997 333333  499996 799999
1000000 2  499999 333335  499998 800001
1000000 2  499999 333331  499998 799997
1000000 2  500000 333334  499999 800000
1000000 2  500000 333332  499999 799998
1000000 2  499998 333334  499997 800000
1000000 2  499998 333332  499997 799998
1000000 2  666666 499999  200000 499998
1000000 2  666667 499999  200001 499998
1000000 2  666665 499999  199999 499998
1000000 2  666666 500000  200000 499999
1000000 2  666666 499998  200000 499997
1000000 2  666668 499999  200002 499998
1000000 2  666664 499999  199998 499998
1000000 2  666666 500001  200000 500000
1000000 2  666666 499997  200000 499996
1000000 2  666667 500000  200001 499999
1000000 2  666667 499998  200001 499997
1000000 2  666665 500000  199999 499999
1000000 2  666665 499998  199999 499997
1000000 2  499999 666666  499998 200000
1000000 2  500000 666666  499999 200000
1000000 2  499998 666666  499997 200000
1000000 2  499999 666667  499998 200001
1000000 2  499999 666665  499998 199999
1000000 2  500001 666666  500000 200000
1000000 2  499997 666666  499996 200000
1000000 2  499999 666668  499998 200002
1000000 2  499999 666664  499998 199998
1000000 2  500000 666667  499999 200001
1000000 2  500000 666665  499999 199999
1000000 2  499998 666667  499997 200001
1000000 2  499998 666665  499997 199999
1000000 2  500000 333333  500001 799999
1000000 2  500001 333333  500002 799999
1000000 2  499999 333333  500000 799999
1000000 2  500000 333334  500001 800000
1000000 2  500000 333332  500001 799998
1000000 2  500002 333333  500003 799999
1000000 2  499998 333333  499999 799999
1000000 2  500000 333335  500001 800001
1000000 2  500000 333331  500001 799997
1000000 2  500001 333334  500002 800000
1000000 2  500001 333332  500002 799998
1000000 2  499999 333334  500000 800000
1000000 2  499999 333332  500000 799998
1000000 2  666666 500000  200000 500001
1000000 2  666667 500000  200001 500001
1000000 2  666665 500000  199999 500001
1000000 2  666666 500001  200000 500002
1000000 2  666666 499999  200000 500000
1000000 2  666668 500000  200002 500001
1000000 2  666664 500000  199998 500001
1000000 2  666666 500002  200000 500003
1000000 2  666666 499998  200000 499999
1000000 2  666667 500001  200001 500002
1000000 2  666667 499999  200001 500000
1000000 2  666665 500001  199999 500002
1000000 2  666665 499999  199999 500000
1000000 2  333333 499999  799999 499998
1000000 2  333334 499999  800000 499998
1000000 2  333332 499999  799998 499998
1000000 2  333333 500000  799999 499999
1000000 2  333333 499998  799999 499997
1000000 2  333335 499999  800001 499998
1000000 2  333331 499999  799997 499998
1000000 2  333333 500001  799999 500000
1000000 2  333333 499997  799999 499996
1000000 2  333334 500000  800000 499999
1000000 2  333334 499998  800000 499997
1000000 2  333332 500000  799998 499999
1000000 2  333332 499998  799998 499997
1000000 2  500002 666666  500001 200000
1000000 2  500000 666668  499999 200002
1000000 2  500000 666664  499999 199998
1000000 2  500001 666667  500000 200001
1000000 2  500001 666665  500000 199999
1000000 2  333335 500000  800001 499999
1000000 2  333331 500000  799997 499999
1000000 2  333333 500002  799999 500001
1000000 2  333334 500001  800000 500000
1000000 2  333332 500001  799998 500000
1000000 2  499997 333333  499998 799999
1000000 2  499999 333335  500000 800001
1000000 2  499999 333331  500000 799997
1000000 2  499998 333334  499999 800000
1000000 2  499998 333332  499999 799998
1000000 2  666668 499999  200002 500000
1000000 2  666664 499999  199998 500000
1000000 2  666666 499997  200000 499998
1000000 2  666667 499998  200001 499999
1000000 2  666665 499998  199999 499999
1000000 2  499997 666666  499998 200000
1000000 2  499999 666668  500000 200002
1000000 2  499999 666664  500000 199998
1000000 2  499998 666667  499999 200001
1000000 2  499998 666665  499999 199999
1000000 2  500002 333333  500001 799999
1000000 2  500000 333335  499999 800001
1000000 2  500000 333331  499999 799997
1000000 2  500001 333334  500000 800000
1000000 2  500001 333332  500000 799998
1000000 2  666668 500000  200002 499999
1000000 2  666664 500000  199998 499999
1000000 2  666666 500002  200000 500001
1000000 2  666667 500001  200001 500000
1000000 2  666665 500001  199999 500000
1000000 2  333335 499999  800001 500000
1000000 2  333331 499999  799997 500000
1000000 2  333333 499997  799999 499998
1000000 2  333334 499998  800000 499999
1000000 2  333332 499998  799998 499999
1000000 2  250000 666666  250001 200000
1000000 2  250001 666666  250002 200000
1000000 2  249999 666666  250000 200000
1000000 2  250000 666667  250001 200001
1000000 2  250000 666665  250001 199999
1000000 2  250002 666666  250003 200000
1000000 2  249998 666666  249999 200000
1000000 2  250000 666668  250001 200002
1000000 2  250000 666664  250001 199998
1000000 2  250001 666667  250002 200001
1000000 2  250001 666665  250002 199999
1000000 2  249999 666667  250000 200001
1000000 2  249999 666665  250000 199999
1000000 2  333333 250000  799999 250001
1000000 2  333334 250000  800000 250001
1000000 2  333332 250000  799998 250001
1000000 2  333333 250001  799999 250002
1000000 2  333333 249999  799999 250000
1000000 2  333335 250000  800001 250001
1000000 2  333331 250000  799997 250001
1000000 2  333333 250002  799999 250003
1000000 2  333333 249998  799999 249999
1000000 2  333334 250001  800000 250002
1000000 2  333334 249999  800000 250000
1000000 2  333332 250001  799998 250002
1000000 2  333332 249999  799998 250000
1000000 2  749999 333333  749998 799999
1000000 2  750000 333333  749999 799999
1000000 2  749998 333333  749997 799999
1000000 2  749999 333334  749998 800000
1000000 2  749999 333332  749998 799998
1000000 2  750001 333333  750000 799999
1000000 2  749997 333333  749996 799999
1000000 2  749999 333335  749998 800001
1000000 2  749999 333331  749998 799997
1000000 2  750000 333334  749999 800000
1000000 2  750000 333332  749999 799998
1000000 2  749998 333334  749997 800000
1000000 2  749998 333332  749997 799998
1000000 2  666666 749999  200000 749998
1000000 2  666667 749999  200001 749998
1000000 2  666665 749999  199999 749998
1000000 2  666666 750000  200000 749999
1000000 2  666666 749998  200000 749997
1000000 2  666668 749999  200002 749998
1000000 2  666664 749999  199998 749998
1000000 2  666666 750001  200000 750000
1000000 2  666666 749997  200000 749996
1000000 2  666667 750000  200001 749999
1000000 2  666667 749998  200001 749997
1000000 2  666665 750000  199999 749999
1000000 2  666665 749998  199999 749997
1000000 2  749999 666666  749998 200000
1000000 2  750000 666666  749999 200000
1000000 2  749998 666666  749997 200000
1000000 2  749999 666667  749998 200001
1000000 2  749999 666665  749998 199999
1000000 2  750001 666666  750000 200000
1000000 2  749997 666666  749996 200000
1000000 2  749999 666668  749998 200002
1000000 2  749999 666664  749998 199998
1000000 2  750000 666667  749999 200001
1000000 2  750000 666665  749999 199999
1000000 2  749998 666667  749997 200001
1000000 2  749998 666665  749997 199999
1000000 2  250000 333333  250001 799999
1000000 2  250001 333333  250002 799999
1000000 2  249999 333333  250000 799999
1000000 2  250000 333334  250001 800000
1000000 2  250000 333332  250001 799998
1000000 2  250002 333333  250003 799999
1000000 2  249998 333333  249999 799999
1000000 2  250000 333335  250001 800001
1000000 2  250000 333331  250001 799997
1000000 2  250001 333334  250002 800000
1000000 2  250001 333332  250002 799998
1000000 2  249999 333334  250000 800000
1000000 2  249999 333332  250000 799998
1000000 2  666666 250000  200000 250001
1000000 2  666667 250000  200001 250001
1000000 2  666665 250000  199999 250001
1000000 2  666666 250001  200000 250002
1000000 2  666666 249999  200000 250000
1000000 2  666668 250000  200002 250001
1000000 2  666664 250000  199998 250001
1000000 2  666666 250002  200000 250003
1000000 2  666666 249998  200000 249999
1000000 2  666667 250001  200001 250002
1000000 2  666667 249999  200001 250000
1000000 2  666665 250001  199999 250002
1000000 2  666665 249999  199999 250000
1000000 2  333333 749999  799999 749998
1000000 2  333334 749999  800000 749998
1000000 2  333332 749999  799998 749998
1000000 2  333333 750000  799999 749999
1000000 2  333333 749998  799999 749997
1000000 2  333335 749999  800001 749998
1000000 2  333331 749999  799997 749998
1000000 2  333333 750001  799999 750000
1000000 2  333333 749997  799999 749996
1000000 2  333334 750000  800000 749999
1000000 2  333334 749998  800000 749997
1000000 2  333332 750000  799998 749999
1000000 2  333332 749998  799998 749997
1000000 2  500000 800000  500001 125000
1000000 2  500001 800000  500002 125000
1000000 2  499999 800000  500000 125000
1000000 2  500000 800001  500001 125001
1000000 2  500000 799999  500001 124999
1000000 2  500002 800000  500003 125000
1000000 2  499998 800000  499999 125000
1000000 2  500000 800002  500001 125002
1000000 2  500000 799998  500001 124998
1000000 2  500001 800001  500002 125001
1000000 2  500001 799999  500002 124999
1000000 2  499999 800001  500000 125001
1000000 2  499999 799999  500000 124999
1000000 2  199999 500000  874999 500001
1000000 2  200000 500000  875000 500001
1000000 2  199998 500000  874998 500001
1000000 2  199999 500001  874999 500002
1000000 2  199999 499999  874999 500000
1000000 2  200001 500000  875001 500001
1000000 2  199997 500000  874997 500001
1000000 2  199999 500002  874999 500003
1000000 2  199999 499998  874999 499999
1000000 2  200000 500001  875000 500002
1000000 2  200000 499999  875000 500000
1000000 2  199998 500001  874998 500002
1000000 2  199998 499999  874998 500000
1000000 2  499999 199999  499998 874999
1000000 2  500000 199999  499999 874999
1000000 2  499998 199999  499997 874999
1000000 2  499999 200000  499998 875000
1000000 2  499999 199998  499998 874998
1000000 2  500001 199999  500000 874999
1000000 2  499997 199999  499996 874999
1000000 2  499999 200001  499998 875001
1000000 2  499999 199997  499998 874997
1000000 2  500000 200000  499999 875000
1000000 2  500000 199998  499999 874998
1000000 2  499998 200000  499997 875000
1000000 2  499998 199998  499997 874998
1000000 2  800000 499999  125000 499998
1000000 2  800001 499999  125001 499998
1000000 2  799999 499999  124999 499998
1000000 2  800000 500000  125000 499999
1000000 2  800000 499998  125000 499997
1000000 2  800002 499999  125002 499998
1000000 2  799998 499999  124998 499998
1000000 2  800000 500001  125000 500000
1000000 2  800000 499997  125000 499996
1000000 2  800001 500000  125001 499999
1000000 2  800001 499998  125001 499997
1000000 2  799999 500000  124999 499999
1000000 2  799999 499998  124999 499997
1000000 2  499999 800000  499998 125000
1000000 2  500000 800000  499999 125000
1000000 2  499998 800000  499997 125000
1000000 2  499999 800001  499998 125001
1000000 2  499999 799999  499998 124999
1000000 2  500001 800000  500000 125000
1000000 2  499997 800000  499996 125000
1000000 2  499999 800002  499998 125002
1000000 2  499999 799998  499998 124998
1000000 2  500000 800001  499999 125001
1000000 2  500000 799999  499999 124999
1000000 2  499998 800001  499997 125001
1000000 2  499998 799999  499997 124999
1000000 2  500000 199999  500001 874999
1000000 2  500001 199999  500002 874999
1000000 2  499999 199999  500000 874999
1000000 2  500000 200000  500001 875000
1000000 2  500000 199998  500001 874998
1000000 2  500002 199999  500003 874999
1000000 2  499998 199999  499999 874999
1000000 2  500000 200001  500001 875001
1000000 2  500000 199997  500001 874997
1000000 2  500001 200000  500002 875000
1000000 2  500001 199998  500002 874998
1000000 2  499999 200000  500000 875000
1000000 2  499999 199998  500000 874998
1000000 2  800000 500000  125000 500001
1000000 2  800001 500000  125001 500001
1000000 2  799999 500000  124999 500001
1000000 2  800000 500001  125000 500002
1000000 2  800000 499999  125000 500000
1000000 2  800002 500000  125002 500001
1000000 2  799998 500000  124998 500001
1000000 2  800000 500002  125000 500003
1000000 2  800000 499998  125000 499999
1000000 2  800001 500001  125001 500002
1000000 2  800001 499999  125001 500000
1000000 2  799999 500001  124999 500002
1000000 2  799999 499999  124999 500000
1000000 2  199999 499999  874999 499998
1000000 2  200000 499999  875000 499998
1000000 2  199998 499999  874998 499998
1000000 2  199999 500000  874999 499999
1000000 2  199999 499998  874999 499997
1000000 2  200001 499999  875001 499998
1000000 2  199997 499999  874997 499998
1000000 2  199999 500001  874999 500000
1000000 2  199999 499997  874999 499996
1000000 2  200000 500000  875000 499999
1000000 2  200000 499998  875000 499997
1000000 2  199998 500000  874998 499999
1000000 2  199998 499998  874998 499997
1000000 2  500000 800000  500002 125000
1000000 2  500001 800000  500003 125000
1000000 2  499999 800000  500001 125000
1000000 2  500000 800001  500002 125001
1000000 2  500000 799999  500002 124999
1000000 2  500002 800000  500004 125000
1000000 2  499998 800000  500000 125000
1000000 2  500000 800002  500002 125002
1000000 2  500000 799998  500002 124998
1000000 2  500001 800001  500003 125001
1000000 2  500001 799999  500003 124999
1000000 2  499999 800001  500001 125001
1000000 2  499999 799999  500001 124999
1000000 2  199999 500000  874999 500002
1000000 2  200000 500000  875000 500002
1000000 2  199998 500000  874998 500002
1000000 2  199999 500001  874999 500003
1000000 2  199999 499999  874999 500001
1000000 2  200001 500000  875001 500002
1000000 2  199997 500000  874997 500002
1000000 2  199999 500002  874999 500004
1000000 2  199999 499998  874999 500000
1000000 2  200000 500001  875000 500003
1000000 2  200000 499999  875000 500001
1000000 2  199998 500001  874998 500003
1000000 2  199998 499999  874998 500001
1000000 2  499999 199999  499997 874999
1000000 2  500000 199999  499998 874999
1000000 2  499998 199999  499996 874999
1000000 2  499999 200000  499997 875000
1000000 2  499999 199998  499997 874998
1000000 2  500001 199999  499999 874999
1000000 2  499997 199999  499995 874999
1000000 2  499999 200001  499997 875001
1000000 2  499999 199997  499997 874997
1000000 2  500000 200000  499998 875000
1000000 2  500000 199998  499998 874998
1000000 2  499998 200000  499996 875000
1000000 2  499998 199998  499996 874998
1000000 2  800000 499999  125000 499997
1000000 2  800001 499999  125001 499997
1000000 2  799999 499999  124999 499997
1000000 2  800000 500000  125000 499998
1000000 2  800000 499998  125000 499996
1000000 2  800002 499999  125002 499997
1000000 2  799998 499999  124998 499997
1000000 2  800000 500001  125000 499999
1000000 2  800000 499997  125000 499995
1000000 2  800001 500000  125001 499998
1000000 2  800001 499998  125001 499996
1000000 2  799999 500000  124999 499998
1000000 2  799999 499998  124999 499996
1000000 2  499999 800000  499997 125000
1000000 2  500000 800000  499998 125000
1000000 2  499998 800000  499996 125000
1000000 2  499999 800001  499997 125001
1000000 2  499999 799999  499997 124999
1000000 2  500001 800000  499999 125000
1000000 2  499997 800000  499995 125000
1000000 2  499999 800002  499997 125002
1000000 2  499999 799998  499997 124998
1000000 2  500000 800001  499998 125001
1000000 2  500000 799999  499998 124999
1000000 2  499998 800001  499996 125001
1000000 2  499998 799999  499996 124999
1000000 2  500000 199999  500002 874999
1000000 2  500001 199999  500003 874999
1000000 2  499999 199999  500001 874999
1000000 2  500000 200000  500002 875000
1000000 2  500000 199998  500002 874998
1000000 2  500002 199999  500004 874999
1000000 2  499998 199999  500000 874999
1000000 2  500000 200001  500002 875001
1000000 2  500000 199997  500002 874997
1000000 2  500001 200000  500003 875000
1000000 2  500001 199998  500003 874998
1000000 2  499999 200000  500001 875000
1000000 2  499999 199998  500001 874998
1000000 2  800000 500000  125000 500002
1000000 2  800001 500000  125001 500002
1000000 2  799999 500000  124999 500002
1000000 2  800000 500001  125000 500003
1000000 2  800000 499999  125000 500001
1000000 2  800002 500000  125002 500002
1000000 2  799998 500000  124998 500002
1000000 2  800000 500002  125000 500004
1000000 2  800000 499998  125000 500000
1000000 2  800001 500001  125001 500003
1000000 2  800001 499999  125001 500001
1000000 2  799999 500001  124999 500003
1000000 2  799999 499999  124999 500001
1000000 2  199999 499999  874999 499997
1000000 2  200000 499999  875000 499997
1000000 2  199998 499999  874998 499997
1000000 2  199999 500000  874999 499998
1000000 2  199999 499998  874999 499996
1000000 2  200001 499999  875001 499997
1000000 2  199997 499999  874997 499997
1000000 2  199999 500001  874999 499999
1000000 2  199999 499997  874999 499995
1000000 2  200000 500000  875000 499998
1000000 2  200000 499998  875000 499996
1000000 2  199998 500000  874998 499998
1000000 2  199998 499998  874998 499996
1000000 2  250000 800000  250001 200000
1000000 2  250001 800000  250002 200000
1000000 2  249999 800000  250000 200000
1000000 2  250000 800001  250001 200001
1000000 2  250000 799999  250001 199999
1000000 2  250002 800000  250003 200000
1000000 2  249998 800000  249999 200000
1000000 2  250000 800002  250001 200002
1000000 2  250000 799998  250001 199998
1000000 2  250001 800001  250002 200001
1000000 2  250001 799999  250002 199999
1000000 2  249999 800001  250000 200001
1000000 2  249999 799999  250000 199999
1000000 2  199999 250000  799999 250001
1000000 2  200000 250000  800000 250001
1000000 2  199998 250000  799998 250001
1000000 2  199999 250001  799999 250002
1000000 2  199999 249999  799999 250000
1000000 2  200001 250000  800001 250001
1000000 2  199997 250000  799997 250001
1000000 2  199999 250002  799999 250003
1000000 2  199999 249998  799999 249999
1000000 2  200000 250001  800000 250002
1000000 2  200000 249999  800000 250000
1000000 2  199998 250001  799998 250002
1000000 2  199998 249999  799998 250000
1000000 2  749999 199999  749998 799999
1000000 2  750000 199999  749999 799999
1000000 2  749998 199999  749997 799999
1000000 2  749999 200000  749998 800000
1000000 2  749999 199998  749998 799998
1000000 2  750001 199999  750000 799999
1000000 2  749997 199999  749996 799999
1000000 2  749999 200001  749998 800001
1000000 2  749999 199997  749998 799997
1000000 2  750000 200000  749999 800000
1000000 2  750000 199998  749999 799998
1000000 2  749998 200000  749997 800000
1000000 2  749998 199998  749997 799998
1000000 2  800000 749999  200000 749998
1000000 2  800001 749999  200001 749998
1000000 2  799999 749999  199999 749998
1000000 2  800000 750000  200000 749999
1000000 2  800000 749998  200000 749997
1000000 2  800002 749999  200002 749998
1000000 2  799998 749999  199998 749998
1000000 2  800000 750001  200000 750000
1000000 2  800000 749997  200000 749996
1000000 2  800001 750000  200001 749999
1000000 2  800001 749998  200001 749997
1000000 2  799999 750000  199999 749999
1000000 2  799999 749998  199999 749997
1000000 2  749999 800000  749998 200000
1000000 2  750000 800000  749999 200000
1000000 2  749998 800000  749997 200000
1000000 2  749999 800001  749998 200001
1000000 2  749999 799999  749998 199999
1000000 2  750001 800000  750000 200000
1000000 2  749997 800000  749996 200000
1000000 2  749999 800002  749998 200002
1000000 2  749999 799998  749998 199998
1000000 2  750000 800001  749999 200001
1000000 2  750000 799999  749999 199999
1000000 2  749998 800001  749997 200001
1000000 2  749998 799999  749997 199999
1000000 2  250000 199999  250001 799999
1000000 2  250001 199999  250002 799999
1000000 2  249999 199999  250000 799999
1000000 2  250000 200000  250001 800000
1000000 2  250000 199998  250001 799998
1000000 2  250002 199999  250003 799999
1000000 2  249998 199999  249999 799999
1000000 2  250000 200001  250001 800001
1000000 2  250000 199997  250001 799997
1000000 2  250001 200000  250002 800000
1000000 2  250001 199998  250002 799998
1000000 2  249999 200000  250000 800000
1000000 2  249999 199998  250000 799998
1000000 2  800000 250000  200000 250001
1000000 2  800001 250000  200001 250001
1000000 2  799999 250000  199999 250001
1000000 2  800000 250001  200000 250002
1000000 2  800000 249999  200000 250000
1000000 2  800002 250000  200002 250001
1000000 2  799998 250000  199998 250001
1000000 2  800000 250002  200000 250003
1000000 2  800000 249998  200000 249999
1000000 2  800001 250001  200001 250002
1000000 2  800001 249999  200001 250000
1000000 2  799999 250001  199999 250002
1000000 2  799999 249999  199999 250000
1000000 2  199999 749999  799999 749998
1000000 2  200000 749999  800000 749998
1000000 2  199998 749999  799998 749998
1000000 2  199999 750000  799999 749999
1000000 2  199999 749998  799999 749997
1000000 2  200001 749999  800001 749998
1000000 2  199997 749999  799997 749998
1000000 2  199999 750001  799999 750000
1000000 2  199999 749997  799999 749996
1000000 2  200000 750000  800000 749999
1000000 2  200000 749998  800000 749997
1000000 2  199998 750000  799998 749999
1000000 2  199998 749998  799998 749997
1000000 2  333333 666666  333334 333333
1000000 2  333334 666666  333335 333333
1000000 2  333332 666666  333333 333333
1000000 2  333333 666667  333334 333334
1000000 2  333333 666665  333334 333332
1000000 2  333335 666666  333336 333333
1000000 2  333331 666666  333332 333333
1000000 2  333333 666668  333334 333335
1000000 2  333333 666664  333334 333331
1000000 2  333334 666667  333335 333334
1000000 2  333334 666665  333335 333332
1000000 2  333332 666667  333333 333334
1000000 2  333332 666665  333333 333332
1000000 2  333333 333333  666666 333334
1000000 2  333334 333333  666667 333334
1000000 2  333332 333333  666665 333334
1000000 2  333333 333334  666666 333335
1000000 2  333333 333332  666666 333333
1000000 2  333335 333333  666668 333334
1000000 2  333331 333333  666664 333334
1000000 2  333333 333335  666666 333336
1000000 2  333333 333331  666666 333332
1000000 2  333334 333334  666667 333335
1000000 2  333334 333332  666667 333333
1000000 2  333332 333334  666665 333335
1000000 2  333332 333332  666665 333333
1000000 2  666666 333333  666665 666666
1000000 2  666667 333333  666666 666666
1000000 2  666665 333333  666664 666666
1000000 2  666666 333334  666665 666667
1000000 2  666666 333332  666665 666665
1000000 2  666668 333333  666667 666666
1000000 2  666664 333333  666663 666666
1000000 2  666666 333335  666665 666668
1000000 2  666666 333331  666665 666664
1000000 2  666667 333334  666666 666667
1000000 2  666667 333332  666666 666665
1000000 2  666665 333334  666664 666667
1000000 2  666665 333332  666664 666665
1000000 2  666666 666666  333333 666665
1000000 2  666667 666666  333334 666665
1000000 2  666665 666666  333332 666665
1000000 2  666666 666667  333333 666666
1000000 2  666666 666665  333333 666664
1000000 2  666668 666666  333335 666665
1000000 2  666664 666666  333331 666665
1000000 2  666666 666668  333333 666667
1000000 2  666666 666664  333333 666663
1000000 2  666667 666667  333334 666666
1000000 2  666667 666665  333334 666664
1000000 2  666665 666667  333332 666666
1000000 2  666665 666665  333332 666664
1000000 2  666666 666666  666665 333333
1000000 2  666667 666666  666666 333333
1000000 2  666665 666666  666664 333333
1000000 2  666666 666667  666665 333334
1000000 2  666666 666665  666665 333332
1000000 2  666668 666666  666667 333333
1000000 2  666664 666666  666663 333333
1000000 2  666666 666668  666665 333335
1000000 2  666666 666664  666665 333331
1000000 2  666667 666667  666666 333334
1000000 2  666667 666665  666666 333332
1000000 2  666665 666667  666664 333334
1000000 2  666665 666665  666664 333332
1000000 2  333333 333333  333334 666666
1000000 2  333334 333333  333335 666666
1000000 2  333332 333333  333333 666666
1000000 2  333333 333334  333334 666667
1000000 2  333333 333332  333334 666665
1000000 2  333335 333333  333336 666666
1000000 2  333331 333333  333332 666666
1000000 2  333333 333335  333334 666668
1000000 2  333333 333331  333334 666664
1000000 2  333334 333334  333335 666667
1000000 2  333334 333332  333335 666665
1000000 2  333332 333334  333333 666667
1000000 2  333332 333332  333333 666665
1000000 2  666666 333333  333333 333334
1000000 2  666667 333333  333334 333334
1000000 2  666665 333333  333332 333334
1000000 2  666666 333334  333333 333335
1000000 2  666666 333332  333333 333333
1000000 2  666668 333333  333335 333334
1000000 2  666664 333333  333331 333334
1000000 2  666666 333335  333333 333336
1000000 2  666666 333331  333333 333332
1000000 2  666667 333334  333334 333335
1000000 2  666667 333332  333334 333333
1000000 2  666665 333334  333332 333335
1000000 2  666665 333332  333332 333333
1000000 2  333333 666666  666666 666665
1000000 2  333334 666666  666667 666665
1000000 2  333332 666666  666665 666665
1000000 2  333333 666667  666666 666666
1000000 2  333333 666665  666666 666664
1000000 2  333335 666666  666668 666665
1000000 2  333331 666666  666664 666665
1000000 2  333333 666668  666666 666667
1000000 2  333333 666664  666666 666663
1000000 2  333334 666667  666667 666666
1000000 2  333334 666665  666667 666664
1000000 2  333332 666667  666665 666666
1000000 2  333332 666665  666665 666664
1000000 2  500000 874999  500001 125000
1000000 2  500001 874999  500002 125000
1000000 2  499999 874999  500000 125000
1000000 2  500000 875000  500001 125001
1000000 2  500000 874998  500001 124999
1000000 2  500002 874999  500003 125000
1000000 2  499998 874999  499999 125000
1000000 2  500000 875001  500001 125002
1000000 2  500000 874997  500001 124998
1000000 2  500001 875000  500002 125001
1000000 2  500001 874998  500002 124999
1000000 2  499999 875000  500000 125001
1000000 2  499999 874998  500000 124999
1000000 2  125000 500000  874999 500001
1000000 2  125001 500000  875000 500001
1000000 2  124999 500000  874998 500001
1000000 2  125000 500001  874999 500002
1000000 2  125000 499999  874999 500000
1000000 2  125002 500000  875001 500001
1000000 2  124998 500000  874997 500001
1000000 2  125000 500002  874999 500003
1000000 2  125000 499998  874999 499999
1000000 2  125001 500001  875000 500002
1000000 2  125001 499999  875000 500000
1000000 2  124999 500001  874998 500002
1000000 2  124999 499999  874998 500000
1000000 2  499998 125000  499997 874999
1000000 2  499999 125001  499998 875000
1000000 2  499999 124999  499998 874998
1000000 2  499997 125000  499996 874999
1000000 2  499999 125002  499998 875001
1000000 2  499999 124998  499998 874997
1000000 2  499998 125001  499997 875000
1000000 2  499998 124999  499997 874998
1000000 2  875000 499999  125001 499998
1000000 2  874998 499999  124999 499998
1000000 2  874999 499998  125000 499997
1000000 2  875001 499999  125002 499998
1000000 2  874997 499999  124998 499998
1000000 2  874999 499997  125000 499996
1000000 2  875000 499998  125001 499997
1000000 2  874998 499998  124999 499997
1000000 2  499999 874999  499998 125000
1000000 2  500000 874999  499999 125000
1000000 2  499998 874999  499997 125000
1000000 2  499999 875000  499998 125001
1000000 2  499999 874998  499998 124999
1000000 2  500001 874999  500000 125000
1000000 2  499997 874999  499996 125000
1000000 2  499999 875001  499998 125002
1000000 2  499999 874997  499998 124998
1000000 2  500000 875000  499999 125001
1000000 2  500000 874998  499999 124999
1000000 2  499998 875000  499997 125001
1000000 2  499998 874998  499997 124999
1000000 2  500001 125000  500002 874999
1000000 2  500000 125001  500001 875000
1000000 2  500000 124999  500001 874998
1000000 2  500002 125000  500003 874999
1000000 2  500000 125002  500001 875001
1000000 2  500000 124998  500001 874997
1000000 2  500001 125001  500002 875000
1000000 2  500001 124999  500002 874998
1000000 2  874999 500000  125000 500001
1000000 2  875000 500000  125001 500001
1000000 2  874998 500000  124999 500001
1000000 2  874999 500001  125000 500002
1000000 2  874999 499999  125000 500000
1000000 2  875001 500000  125002 500001
1000000 2  874997 500000  124998 500001
1000000 2  874999 500002  125000 500003
1000000 2  874999 499998  125000 499999
1000000 2  875000 500001  125001 500002
1000000 2  875000 499999  125001 500000
1000000 2  874998 500001  124999 500002
1000000 2  874998 499999  124999 500000
1000000 2  125001 499999  875000 499998
1000000 2  124999 499999  874998 499998
1000000 2  125000 499998  874999 499997
1000000 2  125002 499999  875001 499998
1000000 2  124998 499999  874997 499998
1000000 2  125000 499997  874999 499996
1000000 2  125001 499998  875000 499997
1000000 2  124999 499998  874998 499997
1000000 2  250000 874999  249999 125000
1000000 2  250001 874999  250000 125000
1000000 2  249999 874999  249998 125000
1000000 2  250000 875000  249999 125001
1000000 2  250000 874998  249999 124999
1000000 2  250002 874999  250001 125000
1000000 2  249998 874999  249997 125000
1000000 2  250000 875001  249999 125002
1000000 2  250000 874997  249999 124998
1000000 2  250001 875000  250000 125001
1000000 2  250001 874998  250000 124999
1000000 2  249999 875000  249998 125001
1000000 2  249999 874998  249998 124999
1000000 2  125000 250000  874999 249999
1000000 2  125001 250000  875000 249999
1000000 2  124999 250000  874998 249999
1000000 2  125000 250001  874999 250000
1000000 2  125000 249999  874999 249998
1000000 2  125002 250000  875001 249999
1000000 2  124998 250000  874997 249999
1000000 2  125000 250002  874999 250001
1000000 2  125000 249998  874999 249997
1000000 2  125001 250001  875000 250000
1000000 2  125001 249999  875000 249998
1000000 2  124999 250001  874998 250000
1000000 2  124999 249999  874998 249998
1000000 2  749999 125000  750000 874999
1000000 2  750000 125000  750001 874999
1000000 2  749998 125000  749999 874999
1000000 2  749999 125001  750000 875000
1000000 2  749999 124999  750000 874998
1000000 2  750001 125000  750002 874999
1000000 2  749997 125000  749998 874999
1000000 2  749999 125002  750000 875001
1000000 2  749999 124998  750000 874997
1000000 2  750000 125001  750001 875000
1000000 2  750000 124999  750001 874998
1000000 2  749998 125001  749999 875000
1000000 2  749998 124999  749999 874998
1000000 2  874999 749999  125000 750000
1000000 2  875000 749999  125001 750000
1000000 2  874998 749999  124999 750000
1000000 2  874999 750000  125000 750001
1000000 2  874999 749998  125000 749999
1000000 2  875001 749999  125002 750000
1000000 2  874997 749999  124998 750000
1000000 2  874999 750001  125000 750002
1000000 2  874999 749997  125000 749998
1000000 2  875000 750000  125001 750001
1000000 2  875000 749998  125001 749999
1000000 2  874998 750000  124999 750001
1000000 2  874998 749998  124999 749999
1000000 2  749999 874999  750000 125000
1000000 2  750000 874999  750001 125000
1000000 2  749998 874999  749999 125000
1000000 2  749999 875000  750000 125001
1000000 2  749999 874998  750000 124999
1000000 2  750001 874999  750002 125000
1000000 2  749997 874999  749998 125000
1000000 2  749999 875001  750000 125002
1000000 2  749999 874997  750000 124998
1000000 2  750000 875000  750001 125001
1000000 2  750000 874998  750001 124999
1000000 2  749998 875000  749999 125001
1000000 2  749998 874998  749999 124999
1000000 2  250000 125000  249999 874999
1000000 2  250001 125000  250000 874999
1000000 2  249999 125000  249998 874999
1000000 2  250000 125001  249999 875000
1000000 2  250000 124999  249999 874998
1000000 2  250002 125000  250001 874999
1000000 2  249998 125000  249997 874999
1000000 2  250000 125002  249999 875001
1000000 2  250000 124998  249999 874997
1000000 2  250001 125001  250000 875000
1000000 2  250001 124999  250000 874998
1000000 2  249999 125001  249998 875000
1000000 2  249999 124999  249998 874998
1000000 2  874999 250000  125000 249999
1000000 2  875000 250000  125001 249999
1000000 2  874998 250000  124999 249999
1000000 2  874999 250001  125000 250000
1000000 2  874999 249999  125000 249998
1000000 2  875001 250000  125002 249999
1000000 2  874997 250000  124998 249999
1000000 2  874999 250002  125000 250001
1000000 2  874999 249998  125000 249997
1000000 2  875000 250001  125001 250000
1000000 2  875000 249999  125001 249998
1000000 2  874998 250001  124999 250000
1000000 2  874998 249999  124999 249998
1000000 2  125000 749999  874999 750000
1000000 2  125001 749999  875000 750000
1000000 2  124999 749999  874998 750000
1000000 2  125000 750000  874999 750001
1000000 2  125000 749998  874999 749999
1000000 2  125002 749999  875001 750000
1000000 2  124998 749999  874997 750000
1000000 2  125000 750001  874999 750002
1000000 2  125000 749997  874999 749998
1000000 2  125001 750000  875000 750001
1000000 2  125001 749998  875000 749999
1000000 2  124999 750000  874998 750001
1000000 2  124999 749998  874998 749999
1000000 2  666668 666666  666669 333333
1000000 2  666666 666668  666667 333335
1000000 2  666666 666664  666667 333331
1000000 2  666667 666667  666668 333334
1000000 2  666667 666665  666668 333332
1000000 2  333335 666666  666668 666667
1000000 2  333331 666666  666664 666667
1000000 2  333333 666668  666666 666669
1000000 2  333334 666667  666667 666668
1000000 2  333332 666667  666665 666668
1000000 2  333331 333333  333330 666666
1000000 2  333333 333335  333332 666668
1000000 2  333333 333331  333332 666664
1000000 2  333332 333334  333331 666667
1000000 2  333332 333332  333331 666665
1000000 2  666668 333333  333335 333332
1000000 2  666664 333333  333331 333332
1000000 2  666666 333331  333333 333330
1000000 2  666667 333332  333334 333331
1000000 2  666665 333332  333332 333331
1000000 2  333331 666666  333330 333333
1000000 2  333333 666668  333332 333335
1000000 2  333333 666664  333332 333331
1000000 2  333332 666667  333331 333334
1000000 2  333332 666665  333331 333332
1000000 2  666668 333333  666669 666666
1000000 2  666666 333335  666667 666668
1000000 2  666666 333331  666667 666664
1000000 2  666667 333334  666668 666667
1000000 2  666667 333332  666668 666665
1000000 2  666668 666666  333335 666667
1000000 2  666664 666666  333331 666667
1000000 2  666666 666668  333333 666669
1000000 2  666667 666667  333334 666668
1000000 2  666665 666667  333332 666668
1000000 2  333335 333333  666668 333332
1000000 2  333331 333333  666664 333332
1000000 2  333333 333331  666666 333330
1000000 2  333334 333332  666667 333331
1000000 2  333332 333332  666665 333331
1000000 2  500000 800000  500001 250000
1000000 2  500001 800000  500002 250000
1000000 2  499999 800000  500000 250000
1000000 2  500000 800001  500001 250001
1000000 2  500000 799999  500001 249999
1000000 2  500002 800000  500003 250000
1000000 2  499998 800000  499999 250000
1000000 2  500000 800002  500001 250002
1000000 2  500000 799998  500001 249998
1000000 2  500001 800001  500002 250001
1000000 2  500001 799999  500002 249999
1000000 2  499999 800001  500000 250001
1000000 2  499999 799999  500000 249999
1000000 2  199999 500000  749999 500001
1000000 2  200000 500000  750000 500001
1000000 2  199998 500000  749998 500001
1000000 2  199999 500001  749999 500002
1000000 2  199999 499999  749999 500000
1000000 2  200001 500000  750001 500001
1000000 2  199997 500000  749997 500001
1000000 2  199999 500002  749999 500003
1000000 2  199999 499998  749999 499999
1000000 2  200000 500001  750000 500002
1000000 2  200000 499999  750000 500000
1000000 2  199998 500001  749998 500002
1000000 2  199998 499999  749998 500000
1000000 2  499999 199999  499998 749999
1000000 2  500000 199999  499999 749999
1000000 2  499998 199999  499997 749999
1000000 2  499999 200000  499998 750000
1000000 2  499999 199998  499998 749998
1000000 2  500001 199999  500000 749999
1000000 2  499997 199999  499996 749999
1000000 2  499999 200001  499998 750001
1000000 2  499999 199997  499998 749997
1000000 2  500000 200000  499999 750000
1000000 2  500000 199998  499999 749998
1000000 2  499998 200000  499997 750000
1000000 2  499998 199998  499997 749998
1000000 2  800000 499999  250000 499998
1000000 2  800001 499999  250001 499998
1000000 2  799999 499999  249999 499998
1000000 2  800000 500000  250000 499999
1000000 2  800000 499998  250000 499997
1000000 2  800002 499999  250002 499998
1000000 2  799998 499999  249998 499998
1000000 2  800000 500001  250000 500000
1000000 2  800000 499997  250000 499996
1000000 2  800001 500000  250001 499999
1000000 2  800001 499998  250001 499997
1000000 2  799999 500000  249999 499999
1000000 2  799999 499998  249999 499997
1000000 2  499999 800000  499998 250000
1000000 2  500000 800000  499999 250000
1000000 2  499998 800000  499997 250000
1000000 2  499999 800001  499998 250001
1000000 2  499999 799999  499998 249999
1000000 2  500001 800000  500000 250000
1000000 2  499997 800000  499996 250000
1000000 2  499999 800002  499998 250002
1000000 2  499999 799998  499998 249998
1000000 2  500000 800001  499999 250001
1000000 2  500000 799999  499999 249999
1000000 2  499998 800001  499997 250001
1000000 2  499998 799999  499997 249999
1000000 2  500000 199999  500001 749999
1000000 2  500001 199999  500002 749999
1000000 2  499999 199999  500000 749999
1000000 2  500000 200000  500001 750000
1000000 2  500000 199998  500001 749998
1000000 2  500002 199999  500003 749999
1000000 2  499998 199999  499999 749999
1000000 2  500000 200001  500001 750001
1000000 2  500000 199997  500001 749997
1000000 2  500001 200000  500002 750000
1000000 2  500001 199998  500002 749998
1000000 2  499999 200000  500000 750000
1000000 2  499999 199998  500000 749998
1000000 2  800000 500000  250000 500001
1000000 2  800001 500000  250001 500001
1000000 2  799999 500000  249999 500001
1000000 2  800000 500001  250000 500002
1000000 2  800000 499999  250000 500000
1000000 2  800002 500000  250002 500001
1000000 2  799998 500000  249998 500001
1000000 2  800000 500002  250000 500003
1000000 2  800000 499998  250000 499999
1000000 2  800001 500001  250001 500002
1000000 2  800001 499999  250001 500000
1000000 2  799999 500001  249999 500002
1000000 2  799999 499999  249999 500000
1000000 2  199999 499999  749999 499998
1000000 2  200000 499999  750000 499998
1000000 2  199998 499999  749998 499998
1000000 2  199999 500000  749999 499999
1000000 2  199999 499998  749999 499997
1000000 2  200001 499999  750001 499998
1000000 2  199997 499999  749997 499998
1000000 2  199999 500001  749999 500000
1000000 2  199999 499997  749999 499996
1000000 2  200000 500000  750000 499999
1000000 2  200000 499998  750000 499997
1000000 2  199998 500000  749998 499999
1000000 2  199998 499998  749998 499997
1000000 2  500002 800000  500001 250000
1000000 2  500000 800002  499999 250002
1000000 2  500000 799998  499999 249998
1000000 2  500001 800001  500000 250001
1000000 2  500001 799999  500000 249999
1000000 2  200001 500000  750001 499999
1000000 2  199997 500000  749997 499999
1000000 2  199999 500002  749999 500001
1000000 2  200000 500001  750000 500000
1000000 2  199998 500001  749998 500000
1000000 2  499997 199999  499998 749999
1000000 2  499999 200001  500000 750001
1000000 2  499999 199997  500000 749997
1000000 2  499998 200000  499999 750000
1000000 2  499998 199998  499999 749998
1000000 2  800002 499999  250002 500000
1000000 2  799998 499999  249998 500000
1000000 2  800000 499997  250000 499998
1000000 2  800001 499998  250001 499999
1000000 2  799999 499998  249999 499999
1000000 2  499997 800000  499998 250000
1000000 2  499999 800002  500000 250002
1000000 2  499999 799998  500000 249998
1000000 2  499998 800001  499999 250001
1000000 2  499998 799999  499999 249999
1000000 2  500002 199999  500001 749999
1000000 2  500000 200001  499999 750001
1000000 2  500000 199997  499999 749997
1000000 2  500001 200000  500000 750000
1000000 2  500001 199998  500000 749998
1000000 2  800002 500000  250002 499999
1000000 2  799998 500000  249998 499999
1000000 2  800000 500002  250000 500001
1000000 2  800001 500001  250001 500000
1000000 2  799999 500001  249999 500000
1000000 2  200001 499999  750001 500000
1000000 2  199997 499999  749997 500000
1000000 2  199999 499997  749999 499998
1000000 2  200000 499998  750000 499999
1000000 2  199998 499998  749998 499999
1000000 2  166667 166667  500000 500000
1000000 2  166668 166667  500001 500000
1000000 2  166666 166667  499999 500000
1000000 2  166667 166668  500000 500001
1000000 2  166667 166666  500000 499999
1000000 2  166669 166667  500002 500000
1000000 2  166665 166667  499998 500000
1000000 2  166667 166669  500000 500002
1000000 2  166667 166665  500000 499998
1000000 2  166668 166668  500001 500001
1000000 2  166668 166666  500001 499999
1000000 2  166666 166668  499999 500001
1000000 2  166666 166666  499999 499999
1000000 2  833332 166667  499999 500000
1000000 2  833333 166667  500000 500000
1000000 2  833331 166667  499998 500000
1000000 2  833332 166668  499999 500001
1000000 2  833332 166666  499999 499999
1000000 2  833334 166667  500001 500000
1000000 2  833330 166667  499997 500000
1000000 2  833332 166669  499999 500002
1000000 2  833332 166665  499999 499998
1000000 2  833333 166668  500000 500001
1000000 2  833333 166666  500000 499999
1000000 2  833331 166668  499998 500001
1000000 2  833331 166666  499998 499999
1000000 2  833332 833332  499999 499999
1000000 2  833333 833332  500000 499999
1000000 2  833331 833332  499998 499999
1000000 2  833332 833333  499999 500000
1000000 2  833332 833331  499999 499998
1000000 2  833334 833332  500001 499999
1000000 2  833330 833332  499997 499999
1000000 2  833332 833334  499999 500001
1000000 2  833332 833330  499999 499997
1000000 2  833333 833333  500000 500000
1000000 2  833333 833331  500000 499998
1000000 2  833331 833333  499998 500000
1000000 2  833331 833331  499998 499998
1000000 2  166667 833332  500000 499999
1000000 2  166668 833332  500001 499999
1000000 2  166666 833332  499999 499999
1000000 2  166667 833333  500000 500000
1000000 2  166667 833331  500000 499998
1000000 2  166669 833332  500002 499999
1000000 2  166665 833332  499998 499999
1000000 2  166667 833334  500000 500001
1000000 2  166667 833330  500000 499997
1000000 2  166668 833333  500001 500000
1000000 2  166668 833331  500001 499998
1000000 2  166666 833333  499999 500000
1000000 2  166666 833331  499999 499998
1000000 2  500001 500000  833334 833333
1000000 2  500000 500001  833333 833334
1000000 2  500002 500000  833335 833333
1000000 2  500000 500002  833333 833335
1000000 2  500001 500001  833334 833334
1000000 2  499998 500000  166665 833333
1000000 2  499999 500001  166666 833334
1000000 2  499997 500000  166664 833333
1000000 2  499999 500002  166666 833335
1000000 2  499998 500001  166665 833334
1000000 2  499998 499999  166665 166666
1000000 2  499999 499998  166666 166665
1000000 2  499997 499999  166664 166666
1000000 2  499999 499997  166666 166664
1000000 2  499998 499998  166665 166665
1000000 2  500001 499999  833334 166666
1000000 2  500000 499998  833333 166665
1000000 2  500002 499999  833335 166666
1000000 2  500000 499997  833333 166664
1000000 2  500001 499998  833334 166665
1000000 2  250000 250000  700000 700000
1000000 2  250001 250000  700001 700000
1000000 2  249999 250000  699999 700000
1000000 2  250000 250001  700000 700001
1000000 2  250000 249999  700000 699999
1000000 2  250002 250000  700002 700000
1000000 2  249998 250000  699998 700000
1000000 2  250000 250002  700000 700002
1000000 2  250000 249998  700000 699998
1000000 2  250001 250001  700001 700001
1000000 2  250001 249999  700001 699999
1000000 2  249999 250001  699999 700001
1000000 2  249999 249999  699999 699999
1000000 2  749999 250000  299999 700000
1000000 2  750000 250000  300000 700000
1000000 2  749998 250000  299998 700000
1000000 2  749999 250001  299999 700001
1000000 2  749999 249999  299999 699999
1000000 2  750001 250000  300001 700000
1000000 2  749997 250000  299997 700000
1000000 2  749999 250002  299999 700002
1000000 2  749999 249998  299999 699998
1000000 2  750000 250001  300000 700001
1000000 2  750000 249999  300000 699999
1000000 2  749998 250001  299998 700001
1000000 2  749998 249999  299998 699999
1000000 2  749999 749999  299999 299999
1000000 2  750000 749999  300000 299999
1000000 2  749998 749999  299998 299999
1000000 2  749999 750000  299999 300000
1000000 2  749999 749998  299999 299998
1000000 2  750001 749999  300001 299999
1000000 2  749997 749999  299997 299999
1000000 2  749999 750001  299999 300001
1000000 2  749999 749997  299999 299997
1000000 2  750000 750000  300000 300000
1000000 2  750000 749998  300000 299998
1000000 2  749998 750000  299998 300000
1000000 2  749998 749998  299998 299998
1000000 2  250000 749999  700000 299999
1000000 2  250001 749999  700001 299999
1000000 2  249999 749999  699999 299999
1000000 2  250000 750000  700000 300000
1000000 2  250000 749998  700000 299998
1000000 2  250002 749999  700002 299999
1000000 2  249998 749999  699998 299999
1000000 2  250000 750001  700000 300001
1000000 2  250000 749997  700000 299997
1000000 2  250001 750000  700001 300000
1000000 2  250001 749998  700001 299998
1000000 2  249999 750000  699999 300000
1000000 2  249999 749998  699999 299998
1000000 2  166667 250000  750000 833333
1000000 2  166668 250000  750001 833333
1000000 2  166666 250000  749999 833333
1000000 2  166667 250001  750000 833334
1000000 2  166667 249999  750000 833332
1000000 2  166669 250000  750002 833333
1000000 2  166665 250000  749998 833333
1000000 2  166667 250002  750000 833335
1000000 2  166667 249998  750000 833331
1000000 2  166668 250001  750001 833334
1000000 2  166668 249999  750001 833332
1000000 2  166666 250001  749999 833334
1000000 2  166666 249999  749999 833332
1000000 2  749999 166667  166666 750000
1000000 2  750000 166667  166667 750000
1000000 2  749998 166667  166665 750000
1000000 2  749999 166668  166666 750001
1000000 2  749999 166666  166666 749999
1000000 2  750001 166667  166668 750000
1000000 2  749997 166667  166664 750000
1000000 2  749999 166669  166666 750002
1000000 2  749999 166665  166666 749998
1000000 2  750000 166668  166667 750001
1000000 2  750000 166666  166667 749999
1000000 2  749998 166668  166665 750001
1000000 2  749998 166666  166665 749999
1000000 2  833332 749999  249999 166666
1000000 2  833333 749999  250000 166666
1000000 2  833331 749999  249998 166666
1000000 2  833332 750000  249999 166667
1000000 2  833332 749998  249999 166665
1000000 2  833334 749999  250001 166666
1000000 2  833330 749999  249997 166666
1000000 2  833332 750001  249999 166668
1000000 2  833332 749997  249999 166664
1000000 2  833333 750000  250000 166667
1000000 2  833333 749998  250000 166665
1000000 2  833331 750000  249998 166667
1000000 2  833331 749998  249998 166665
1000000 2  250000 833332  833333 249999
1000000 2  250001 833332  833334 249999
1000000 2  249999 833332  833332 249999
1000000 2  250000 833333  833333 250000
1000000 2  250000 833331  833333 249998
1000000 2  250002 833332  833335 249999
1000000 2  249998 833332  833331 249999
1000000 2  250000 833334  833333 250001
1000000 2  250000 833330  833333 249997
1000000 2  250001 833333  833334 250000
1000000 2  250001 833331  833334 249998
1000000 2  249999 833333  833332 250000
1000000 2  249999 833331  833332 249998
1000000 2  833331 250000  249998 833333
1000000 2  833332 250001  249999 833334
1000000 2  833330 250000  249997 833333
1000000 2  833332 250002  249999 833335
1000000 2  833331 250001  249998 833334
1000000 2  166668 749999  750001 166666
1000000 2  166667 749998  750000 166665
1000000 2  166669 749999  750002 166666
1000000 2  166667 749997  750000 166664
1000000 2  166668 749998  750001 166665
1000000 2  250001 166667  833334 750000
1000000 2  250000 166668  833333 750001
1000000 2  250002 166667  833335 750000
1000000 2  250000 166669  833333 750002
1000000 2  250001 166668  833334 750001
1000000 2  749998 833332  166665 249999
1000000 2  749999 833331  166666 249998
1000000 2  749997 833332  166664 249999
1000000 2  749999 833330  166666 249997
1000000 2  749998 833331  166665 249998
1000000 2  250000 125000  749999 874999
1000000 2  250001 125000  750000 874999
1000000 2  249999 125000  749998 874999
1000000 2  250000 125001  749999 875000
1000000 2  250000 124999  749999 874998
1000000 2  250002 125000  750001 874999
1000000 2  249998 125000  749997 874999
1000000 2  250000 125002  749999 875001
1000000 2  250000 124998  749999 874997
1000000 2  250001 125001  750000 875000
1000000 2  250001 124999  750000 874998
1000000 2  249999 125001  749998 875000
1000000 2  249999 124999  749998 874998
1000000 2  874999 250000  125000 749999
1000000 2  875000 250000  125001 749999
1000000 2  874998 250000  124999 749999
1000000 2  874999 250001  125000 750000
1000000 2  874999 249999  125000 749998
1000000 2  875001 250000  125002 749999
1000000 2  874997 250000  124998 749999
1000000 2  874999 250002  125000 750001
1000000 2  874999 249998  125000 749997
1000000 2  875000 250001  125001 750000
1000000 2  875000 249999  125001 749998
1000000 2  874998 250001  124999 750000
1000000 2  874998 249999  124999 749998
1000000 2  749999 125000  250000 874999
1000000 2  750000 125000  250001 874999
1000000 2  749998 125000  249999 874999
1000000 2  749999 125001  250000 875000
1000000 2  749999 124999  250000 874998
1000000 2  750001 125000  250002 874999
1000000 2  749997 125000  249998 874999
1000000 2  749999 125002  250000 875001
1000000 2  749999 124998  250000 874997
1000000 2  750000 125001  250001 875000
1000000 2  750000 124999  250001 874998
1000000 2  749998 125001  249999 875000
1000000 2  749998 124999  249999 874998
1000000 2  125000 250000  874999 749999
1000000 2  125001 250000  875000 749999
1000000 2  124999 250000  874998 749999
1000000 2  125000 250001  874999 750000
1000000 2  125000 249999  874999 749998
1000000 2  125002 250000  875001 749999
1000000 2  124998 250000  874997 749999
1000000 2  125000 250002  874999 750001
1000000 2  125000 249998  874999 749997
1000000 2  125001 250001  875000 750000
1000000 2  125001 249999  875000 749998
1000000 2  124999 250001  874998 750000
1000000 2  124999 249999  874998 749998
1000000 2  200000 250000  800000 749999
1000000 2  200001 250000  800001 749999
1000000 2  199999 250000  799999 749999
1000000 2  200000 250001  800000 750000
1000000 2  200000 249999  800000 749998
1000000 2  200002 250000  800002 749999
1000000 2  199998 250000  799998 749999
1000000 2  200000 250002  800000 750001
1000000 2  200000 249998  800000 749997
1000000 2  200001 250001  800001 750000
1000000 2  200001 249999  800001 749998
1000000 2  199999 250001  799999 750000
1000000 2  199999 249999  799999 749998
1000000 2  749999 200000  250000 800000
1000000 2  750000 200000  250001 800000
1000000 2  749998 200000  249999 800000
1000000 2  749999 200001  250000 800001
1000000 2  749999 199999  250000 799999
1000000 2  750001 200000  250002 800000
1000000 2  749997 200000  249998 800000
1000000 2  749999 200002  250000 800002
1000000 2  749999 199998  250000 799998
1000000 2  750000 200001  250001 800001
1000000 2  750000 199999  250001 799999
1000000 2  749998 200001  249999 800001
1000000 2  749998 199999  249999 799999
1000000 2  799997 749999  199997 250000
1000000 2  799999 750001  199999 250002
1000000 2  799999 749997  199999 249998
1000000 2  799998 750000  199998 250001
1000000 2  799998 749998  199998 249999
1000000 2  250002 799999  750001 199999
1000000 2  249998 799999  749997 199999
1000000 2  250000 799997  749999 199997
1000000 2  250001 799998  750000 199998
1000000 2  249999 799998  749998 199998
1000000 2  799999 250000  199999 749999
1000000 2  800000 250000  200000 749999
1000000 2  799998 250000  199998 749999
1000000 2  799999 250001  199999 750000
1000000 2  799999 249999  199999 749998
1000000 2  800001 250000  200001 749999
1000000 2  799997 250000  199997 749999
1000000 2  799999 250002  199999 750001
1000000 2  799999 249998  199999 749997
1000000 2  800000 250001  200000 750000
1000000 2  800000 249999  200000 749998
1000000 2  799998 250001  199998 750000
1000000 2  799998 249999  199998 749998
1000000 2  200002 749999  800002 250000
1000000 2  200000 750001  800000 250002
1000000 2  200000 749997  800000 249998
1000000 2  200001 750000  800001 250001
1000000 2  200001 749998  800001 249999
1000000 2  250000 200000  749999 800000
1000000 2  250001 200000  750000 800000
1000000 2  249999 200000  749998 800000
1000000 2  250000 200001  749999 800001
1000000 2  250000 199999  749999 799999
1000000 2  250002 200000  750001 800000
1000000 2  249998 200000  749997 800000
1000000 2  250000 200002  749999 800002
1000000 2  250000 199998  749999 799998
1000000 2  250001 200001  750000 800001
1000000 2  250001 199999  750000 799999
1000000 2  249999 200001  749998 800001
1000000 2  249999 199999  749998 799999
1000000 2  750001 799999  250002 199999
1000000 2  749997 799999  249998 199999
1000000 2  749999 799997  250000 199997
1000000 2  750000 799998  250001 199998
1000000 2  749998 799998  249999 199998
1000000 2  250000 200000  749999 799999
1000000 2  250001 200000  750000 799999
1000000 2  249999 200000  749998 799999
1000000 2  250000 200001  749999 800000
1000000 2  250000 199999  749999 799998
1000000 2  250002 200000  750001 799999
1000000 2  249998 200000  749997 799999
1000000 2  250000 200002  749999 800001
1000000 2  250000 199998  749999 799997
1000000 2  250001 200001  750000 800000
1000000 2  250001 199999  750000 799998
1000000 2  249999 200001  749998 800000
1000000 2  249999 199999  749998 799998
1000000 2  799999 250000  200000 749999
1000000 2  800000 250000  200001 749999
1000000 2  799998 250000  199999 749999
1000000 2  799999 250001  200000 750000
1000000 2  799999 249999  200000 749998
1000000 2  800001 250000  200002 749999
1000000 2  799997 250000  199998 749999
1000000 2  799999 250002  200000 750001
1000000 2  799999 249998  200000 749997
1000000 2  800000 250001  200001 750000
1000000 2  800000 249999  200001 749998
1000000 2  799998 250001  199999 750000
1000000 2  799998 249999  199999 749998
1000000 2  749999 200000  250000 799999
1000000 2  750000 200000  250001 799999
1000000 2  749998 200000  249999 799999
1000000 2  749999 200001  250000 800000
1000000 2  749999 199999  250000 799998
1000000 2  750001 200000  250002 799999
1000000 2  749997 200000  249998 799999
1000000 2  749999 200002  250000 800001
1000000 2  749999 199998  250000 799997
1000000 2  750000 200001  250001 800000
1000000 2  750000 199999  250001 799998
1000000 2  749998 200001  249999 800000
1000000 2  749998 199999  249999 799998
1000000 2  200000 250000  799999 749999
1000000 2  200001 250000  800000 749999
1000000 2  199999 250000  799998 749999
1000000 2  200000 250001  799999 750000
1000000 2  200000 249999  799999 749998
1000000 2  200002 250000  800001 749999
1000000 2  199998 250000  799997 749999
1000000 2  200000 250002  799999 750001
1000000 2  200000 249998  799999 749997
1000000 2  200001 250001  800000 750000
1000000 2  200001 249999  800000 749998
1000000 2  199999 250001  799998 750000
1000000 2  199999 249999  799998 749998
1000000 2  100000 100000  900000 900000
1000000 2  100001 100000  900001 900000
1000000 2  99999 100000  899999 900000
1000000 2  100000 100001  900000 900001
1000000 2  100000 99999  900000 899999
1000000 2  100002 100000  900002 900000
1000000 2  99998 100000  899998 900000
1000000 2  100000 100002  900000 900002
1000000 2  100000 99998  900000 899998
1000000 2  100001 100001  900001 900001
1000000 2  100001 99999  900001 899999
1000000 2  99999 100001  899999 900001
1000000 2  99999 99999  899999 899999
1000000 2  899999 100000  99999 900000
1000000 2  900000 100000  100000 900000
1000000 2  899998 100000  99998 900000
1000000 2  899999 100001  99999 900001
1000000 2  899999 99999  99999 899999
1000000 2  900001 100000  100001 900000
1000000 2  899997 100000  99997 900000
1000000 2  899999 100002  99999 900002
1000000 2  899999 99998  99999 899998
1000000 2  900000 100001  100000 900001
1000000 2  900000 99999  100000 899999
1000000 2  899998 100001  99998 900001
1000000 2  899998 99999  99998 899999
1000000 2  899998 899999  99998 99999
1000000 2  899999 899998  99999 99998
1000000 2  899997 899999  99997 99999
1000000 2  899999 899997  99999 99997
1000000 2  899998 899998  99998 99998
1000000 2  100001 899999  900001 99999
1000000 2  100000 899998  900000 99998
1000000 2  100002 899999  900002 99999
1000000 2  100000 899997  900000 99997
1000000 2  100001 899998  900001 99998
